month,opening_inventory_t,demand_total_t,demand_critical_t,reserved_by_source,requested_order_by_source,pipeline,planned_arrival_by_source,gross_delivery_by_source,gross_delivery_t,losses_t,net_delivery_t,accepted_delivery_t,overflow_t,available_inventory_t,served_critical_t,served_noncritical_t,shortage_critical_t,shortage_noncritical_t,closing_inventory_t,active_storage_id,active_storage_capacity_t,active_loss_rate,active_investments,holding_cost_mln,fixed_opex_mln,violations
2035-01,52.525,8.333333333333334,6.666666666666667,"{""A"": 100.0, ""B"": 60.0, ""C"": 0, ""D"": 0, ""E"": 30.0}","{""A"": 7.5, ""B"": 2.5}","[{""actual_arrival_month"": ""2036-01"", ""actual_delivery_share"": 1.0, ""availability_share"": 1.0, ""feasible_t"": 7.5, ""gross_delivery_t"": 7.5, ""order_month"": ""2035-01"", ""planned_arrival_month"": ""2036-01"", ""requested_t"": 7.5, ""shipment_id"": ""S0001"", ""source_id"": ""A"", ""source_name"": ""Earth-Core"", ""unfulfilled_request_t"": 0.0}, {""actual_arrival_month"": ""2035-05"", ""actual_delivery_share"": 1.0, ""availability_share"": 1.0, ""feasible_t"": 2.5, ""gross_delivery_t"": 2.5, ""order_month"": ""2035-01"", ""planned_arrival_month"": ""2035-05"", ""requested_t"": 2.5, ""shipment_id"": ""S0073"", ""source_id"": ""B"", ""source_name"": ""Earth-Flex"", ""unfulfilled_request_t"": 0.0}]",{},{},0,0.0,0.0,0.0,0.0,52.525,6.666666666666667,1.666666666666667,0.0,0.0,44.19166666666667,BASE,70.0,0.045,[],2.9015,0.0,[]
2035-02,44.19166666666667,8.333333333333334,6.666666666666667,"{""A"": 100.0, ""B"": 60.0, ""C"": 0, ""D"": 0, ""E"": 30.0}","{""A"": 7.5, ""B"": 2.5}","[{""actual_arrival_month"": ""2036-01"", ""actual_delivery_share"": 1.0, ""availability_share"": 1.0, ""feasible_t"": 7.5, ""gross_delivery_t"": 7.5, ""order_month"": ""2035-01"", ""planned_arrival_month"": ""2036-01"", ""requested_t"": 7.5, ""shipment_id"": ""S0001"", ""source_id"": ""A"", ""source_name"": ""Earth-Core"", ""unfulfilled_request_t"": 0.0}, {""actual_arrival_month"": ""2036-02"", ""actual_delivery_share"": 1.0, ""availability_share"": 1.0, ""feasible_t"": 7.5, ""gross_delivery_t"": 7.5, ""order_month"": ""2035-02"", ""planned_arrival_month"": ""2036-02"", ""requested_t"": 7.5, ""shipment_id"": ""S0002"", ""source_id"": ""A"", ""source_name"": ""Earth-Core"", ""unfulfilled_request_t"": 0.0}, {""actual_arrival_month"": ""2035-05"", ""actual_delivery_share"": 1.0, ""availability_share"": 1.0, ""feasible_t"": 2.5, ""gross_delivery_t"": 2.5, ""order_month"": ""2035-01"", ""planned_arrival_month"": ""2035-05"", ""requested_t"": 2.5, ""shipment_id"": ""S0073"", ""source_id"": ""B"", ""source_name"": ""Earth-Flex"", ""unfulfilled_request_t"": 0.0}, {""actual_arrival_month"": ""2035-06"", ""actual_delivery_share"": 1.0, ""availability_share"": 1.0, ""feasible_t"": 2.5, ""gross_delivery_t"": 2.5, ""order_month"": ""2035-02"", ""planned_arrival_month"": ""2035-06"", ""requested_t"": 2.5, ""shipment_id"": ""S0074"", ""source_id"": ""B"", ""source_name"": ""Earth-Flex"", ""unfulfilled_request_t"": 0.0}]",{},{},0,0.0,0.0,0.0,0.0,44.19166666666667,6.666666666666667,1.666666666666667,0.0,0.0,35.85833333333334,BASE,70.0,0.045,[],2.4015,0.0,[]
2035-03,35.85833333333334,8.333333333333334,6.666666666666667,"{""A"": 100.0, ""B"": 60.0, ""C"": 0, ""D"": 0, ""E"": 30.0}","{""A"": 7.5, ""B"": 2.5}","[{""actual_arrival_month"": ""2036-01"", ""actual_delivery_share"": 1.0, ""availability_share"": 1.0, ""feasible_t"": 7.5, ""gross_delivery_t"": 7.5, ""order_month"": ""2035-01"", ""planned_arrival_month"": ""2036-01"", ""requested_t"": 7.5, ""shipment_id"": ""S0001"", ""source_id"": ""A"", ""source_name"": ""Earth-Core"", ""unfulfilled_request_t"": 0.0}, {""actual_arrival_month"": ""2036-02"", ""actual_delivery_share"": 1.0, ""availability_share"": 1.0, ""feasible_t"": 7.5, ""gross_delivery_t"": 7.5, ""order_month"": ""2035-02"", ""planned_arrival_month"": ""2036-02"", ""requested_t"": 7.5, ""shipment_id"": ""S0002"", ""source_id"": ""A"", ""source_name"": ""Earth-Core"", ""unfulfilled_request_t"": 0.0}, {""actual_arrival_month"": ""2036-03"", ""actual_delivery_share"": 1.0, ""availability_share"": 1.0, ""feasible_t"": 7.5, ""gross_delivery_t"": 7.5, ""order_month"": ""2035-03"", ""planned_arrival_month"": ""2036-03"", ""requested_t"": 7.5, ""shipment_id"": ""S0003"", ""source_id"": ""A"", ""source_name"": ""Earth-Core"", ""unfulfilled_request_t"": 0.0}, {""actual_arrival_month"": ""2035-05"", ""actual_delivery_share"": 1.0, ""availability_share"": 1.0, ""feasible_t"": 2.5, ""gross_delivery_t"": 2.5, ""order_month"": ""2035-01"", ""planned_arrival_month"": ""2035-05"", ""requested_t"": 2.5, ""shipment_id"": ""S0073"", ""source_id"": ""B"", ""source_name"": ""Earth-Flex"", ""unfulfilled_request_t"": 0.0}, {""actual_arrival_month"": ""2035-06"", ""actual_delivery_share"": 1.0, ""availability_share"": 1.0, ""feasible_t"": 2.5, ""gross_delivery_t"": 2.5, ""order_month"": ""2035-02"", ""planned_arrival_month"": ""2035-06"", ""requested_t"": 2.5, ""shipment_id"": ""S0074"", ""source_id"": ""B"", ""source_name"": ""Earth-Flex"", ""unfulfilled_request_t"": 0.0}, {""actual_arrival_month"": ""2035-07"", ""actual_delivery_share"": 1.0, ""availability_share"": 1.0, ""feasible_t"": 2.5, ""gross_delivery_t"": 2.5, ""order_month"": ""2035-03"", ""planned_arrival_month"": ""2035-07"", ""requested_t"": 2.5, ""shipment_id"": ""S0075"", ""source_id"": ""B"", ""source_name"": ""Earth-Flex"", ""unfulfilled_request_t"": 0.0}]",{},{},0,0.0,0.0,0.0,0.0,35.85833333333334,6.666666666666667,1.666666666666667,0.0,0.0,27.525000000000006,BASE,70.0,0.045,[],1.9015000000000004,0.0,[]
2035-04,27.525000000000006,8.333333333333334,6.666666666666667,"{""A"": 100.0, ""B"": 60.0, ""C"": 0, ""D"": 0, ""E"": 30.0}","{""A"": 7.5, ""B"": 2.5}","[{""actual_arrival_month"": ""2036-01"", ""actual_delivery_share"": 1.0, ""availability_share"": 1.0, ""feasible_t"": 7.5, ""gross_delivery_t"": 7.5, ""order_month"": ""2035-01"", ""planned_arrival_month"": ""2036-01"", ""requested_t"": 7.5, ""shipment_id"": ""S0001"", ""source_id"": ""A"", ""source_name"": ""Earth-Core"", ""unfulfilled_request_t"": 0.0}, {""actual_arrival_month"": ""2036-02"", ""actual_delivery_share"": 1.0, ""availability_share"": 1.0, ""feasible_t"": 7.5, ""gross_delivery_t"": 7.5, ""order_month"": ""2035-02"", ""planned_arrival_month"": ""2036-02"", ""requested_t"": 7.5, ""shipment_id"": ""S0002"", ""source_id"": ""A"", ""source_name"": ""Earth-Core"", ""unfulfilled_request_t"": 0.0}, {""actual_arrival_month"": ""2036-03"", ""actual_delivery_share"": 1.0, ""availability_share"": 1.0, ""feasible_t"": 7.5, ""gross_delivery_t"": 7.5, ""order_month"": ""2035-03"", ""planned_arrival_month"": ""2036-03"", ""requested_t"": 7.5, ""shipment_id"": ""S0003"", ""source_id"": ""A"", ""source_name"": ""Earth-Core"", ""unfulfilled_request_t"": 0.0}, {""actual_arrival_month"": ""2036-04"", ""actual_delivery_share"": 1.0, ""availability_share"": 1.0, ""feasible_t"": 7.5, ""gross_delivery_t"": 7.5, ""order_month"": ""2035-04"", ""planned_arrival_month"": ""2036-04"", ""requested_t"": 7.5, ""shipment_id"": ""S0004"", ""source_id"": ""A"", ""source_name"": ""Earth-Core"", ""unfulfilled_request_t"": 0.0}, {""actual_arrival_month"": ""2035-05"", ""actual_delivery_share"": 1.0, ""availability_share"": 1.0, ""feasible_t"": 2.5, ""gross_delivery_t"": 2.5, ""order_month"": ""2035-01"", ""planned_arrival_month"": ""2035-05"", ""requested_t"": 2.5, ""shipment_id"": ""S0073"", ""source_id"": ""B"", ""source_name"": ""Earth-Flex"", ""unfulfilled_request_t"": 0.0}, {""actual_arrival_month"": ""2035-06"", ""actual_delivery_share"": 1.0, ""availability_share"": 1.0, ""feasible_t"": 2.5, ""gross_delivery_t"": 2.5, ""order_month"": ""2035-02"", ""planned_arrival_month"": ""2035-06"", ""requested_t"": 2.5, ""shipment_id"": ""S0074"", ""source_id"": ""B"", ""source_name"": ""Earth-Flex"", ""unfulfilled_request_t"": 0.0}, {""actual_arrival_month"": ""2035-07"", ""actual_delivery_share"": 1.0, ""availability_share"": 1.0, ""feasible_t"": 2.5, ""gross_delivery_t"": 2.5, ""order_month"": ""2035-03"", ""planned_arrival_month"": ""2035-07"", ""requested_t"": 2.5, ""shipment_id"": ""S0075"", ""source_id"": ""B"", ""source_name"": ""Earth-Flex"", ""unfulfilled_request_t"": 0.0}, {""actual_arrival_month"": ""2035-08"", ""actual_delivery_share"": 1.0, ""availability_share"": 1.0, ""feasible_t"": 2.5, ""gross_delivery_t"": 2.5, ""order_month"": ""2035-04"", ""planned_arrival_month"": ""2035-08"", ""requested_t"": 2.5, ""shipment_id"": ""S0076"", ""source_id"": ""B"", ""source_name"": ""Earth-Flex"", ""unfulfilled_request_t"": 0.0}]",{},{},0,0.0,0.0,0.0,0.0,27.525000000000006,6.666666666666667,1.666666666666667,0.0,0.0,19.19166666666667,BASE,70.0,0.045,[],1.4015000000000002,0.0,[]
2035-05,19.19166666666667,8.333333333333334,6.666666666666667,"{""A"": 100.0, ""B"": 60.0, ""C"": 0, ""D"": 0, ""E"": 30.0}","{""A"": 7.5, ""B"": 2.5}","[{""actual_arrival_month"": ""2036-01"", ""actual_delivery_share"": 1.0, ""availability_share"": 1.0, ""feasible_t"": 7.5, ""gross_delivery_t"": 7.5, ""order_month"": ""2035-01"", ""planned_arrival_month"": ""2036-01"", ""requested_t"": 7.5, ""shipment_id"": ""S0001"", ""source_id"": ""A"", ""source_name"": ""Earth-Core"", ""unfulfilled_request_t"": 0.0}, {""actual_arrival_month"": ""2036-02"", ""actual_delivery_share"": 1.0, ""availability_share"": 1.0, ""feasible_t"": 7.5, ""gross_delivery_t"": 7.5, ""order_month"": ""2035-02"", ""planned_arrival_month"": ""2036-02"", ""requested_t"": 7.5, ""shipment_id"": ""S0002"", ""source_id"": ""A"", ""source_name"": ""Earth-Core"", ""unfulfilled_request_t"": 0.0}, {""actual_arrival_month"": ""2036-03"", ""actual_delivery_share"": 1.0, ""availability_share"": 1.0, ""feasible_t"": 7.5, ""gross_delivery_t"": 7.5, ""order_month"": ""2035-03"", ""planned_arrival_month"": ""2036-03"", ""requested_t"": 7.5, ""shipment_id"": ""S0003"", ""source_id"": ""A"", ""source_name"": ""Earth-Core"", ""unfulfilled_request_t"": 0.0}, {""actual_arrival_month"": ""2036-04"", ""actual_delivery_share"": 1.0, ""availability_share"": 1.0, ""feasible_t"": 7.5, ""gross_delivery_t"": 7.5, ""order_month"": ""2035-04"", ""planned_arrival_month"": ""2036-04"", ""requested_t"": 7.5, ""shipment_id"": ""S0004"", ""source_id"": ""A"", ""source_name"": ""Earth-Core"", ""unfulfilled_request_t"": 0.0}, {""actual_arrival_month"": ""2036-05"", ""actual_delivery_share"": 1.0, ""availability_share"": 1.0, ""feasible_t"": 7.5, ""gross_delivery_t"": 7.5, ""order_month"": ""2035-05"", ""planned_arrival_month"": ""2036-05"", ""requested_t"": 7.5, ""shipment_id"": ""S0005"", ""source_id"": ""A"", ""source_name"": ""Earth-Core"", ""unfulfilled_request_t"": 0.0}, {""actual_arrival_month"": ""2035-06"", ""actual_delivery_share"": 1.0, ""availability_share"": 1.0, ""feasible_t"": 2.5, ""gross_delivery_t"": 2.5, ""order_month"": ""2035-02"", ""planned_arrival_month"": ""2035-06"", ""requested_t"": 2.5, ""shipment_id"": ""S0074"", ""source_id"": ""B"", ""source_name"": ""Earth-Flex"", ""unfulfilled_request_t"": 0.0}, {""actual_arrival_month"": ""2035-07"", ""actual_delivery_share"": 1.0, ""availability_share"": 1.0, ""feasible_t"": 2.5, ""gross_delivery_t"": 2.5, ""order_month"": ""2035-03"", ""planned_arrival_month"": ""2035-07"", ""requested_t"": 2.5, ""shipment_id"": ""S0075"", ""source_id"": ""B"", ""source_name"": ""Earth-Flex"", ""unfulfilled_request_t"": 0.0}, {""actual_arrival_month"": ""2035-08"", ""actual_delivery_share"": 1.0, ""availability_share"": 1.0, ""feasible_t"": 2.5, ""gross_delivery_t"": 2.5, ""order_month"": ""2035-04"", ""planned_arrival_month"": ""2035-08"", ""requested_t"": 2.5, ""shipment_id"": ""S0076"", ""source_id"": ""B"", ""source_name"": ""Earth-Flex"", ""unfulfilled_request_t"": 0.0}, {""actual_arrival_month"": ""2035-09"", ""actual_delivery_share"": 1.0, ""availability_share"": 1.0, ""feasible_t"": 2.5, ""gross_delivery_t"": 2.5, ""order_month"": ""2035-05"", ""planned_arrival_month"": ""2035-09"", ""requested_t"": 2.5, ""shipment_id"": ""S0077"", ""source_id"": ""B"", ""source_name"": ""Earth-Flex"", ""unfulfilled_request_t"": 0.0}]","{""B"": 2.5}","{""B"": 2.5}",2.5,0.11249999999999999,2.3875,2.3875,0.0,21.57916666666667,6.666666666666667,1.666666666666667,0.0,0.0,13.245833333333334,BASE,70.0,0.045,[],0.973125,0.0,[]
2035-06,13.245833333333334,8.333333333333334,6.666666666666667,"{""A"": 100.0, ""B"": 60.0, ""C"": 0, ""D"": 0, ""E"": 30.0}","{""A"": 7.5, ""B"": 2.5}","[{""actual_arrival_month"": ""2036-01"", ""actual_delivery_share"": 1.0, ""availability_share"": 1.0, ""feasible_t"": 7.5, ""gross_delivery_t"": 7.5, ""order_month"": ""2035-01"", ""planned_arrival_month"": ""2036-01"", ""requested_t"": 7.5, ""shipment_id"": ""S0001"", ""source_id"": ""A"", ""source_name"": ""Earth-Core"", ""unfulfilled_request_t"": 0.0}, {""actual_arrival_month"": ""2036-02"", ""actual_delivery_share"": 1.0, ""availability_share"": 1.0, ""feasible_t"": 7.5, ""gross_delivery_t"": 7.5, ""order_month"": ""2035-02"", ""planned_arrival_month"": ""2036-02"", ""requested_t"": 7.5, ""shipment_id"": ""S0002"", ""source_id"": ""A"", ""source_name"": ""Earth-Core"", ""unfulfilled_request_t"": 0.0}, {""actual_arrival_month"": ""2036-03"", ""actual_delivery_share"": 1.0, ""availability_share"": 1.0, ""feasible_t"": 7.5, ""gross_delivery_t"": 7.5, ""order_month"": ""2035-03"", ""planned_arrival_month"": ""2036-03"", ""requested_t"": 7.5, ""shipment_id"": ""S0003"", ""source_id"": ""A"", ""source_name"": ""Earth-Core"", ""unfulfilled_request_t"": 0.0}, {""actual_arrival_month"": ""2036-04"", ""actual_delivery_share"": 1.0, ""availability_share"": 1.0, ""feasible_t"": 7.5, ""gross_delivery_t"": 7.5, ""order_month"": ""2035-04"", ""planned_arrival_month"": ""2036-04"", ""requested_t"": 7.5, ""shipment_id"": ""S0004"", ""source_id"": ""A"", ""source_name"": ""Earth-Core"", ""unfulfilled_request_t"": 0.0}, {""actual_arrival_month"": ""2036-05"", ""actual_delivery_share"": 1.0, ""availability_share"": 1.0, ""feasible_t"": 7.5, ""gross_delivery_t"": 7.5, ""order_month"": ""2035-05"", ""planned_arrival_month"": ""2036-05"", ""requested_t"": 7.5, ""shipment_id"": ""S0005"", ""source_id"": ""A"", ""source_name"": ""Earth-Core"", ""unfulfilled_request_t"": 0.0}, {""actual_arrival_month"": ""2036-06"", ""actual_delivery_share"": 1.0, ""availability_share"": 1.0, ""feasible_t"": 7.5, ""gross_delivery_t"": 7.5, ""order_month"": ""2035-06"", ""planned_arrival_month"": ""2036-06"", ""requested_t"": 7.5, ""shipment_id"": ""S0006"", ""source_id"": ""A"", ""source_name"": ""Earth-Core"", ""unfulfilled_request_t"": 0.0}, {""actual_arrival_month"": ""2035-07"", ""actual_delivery_share"": 1.0, ""availability_share"": 1.0, ""feasible_t"": 2.5, ""gross_delivery_t"": 2.5, ""order_month"": ""2035-03"", ""planned_arrival_month"": ""2035-07"", ""requested_t"": 2.5, ""shipment_id"": ""S0075"", ""source_id"": ""B"", ""source_name"": ""Earth-Flex"", ""unfulfilled_request_t"": 0.0}, {""actual_arrival_month"": ""2035-08"", ""actual_delivery_share"": 1.0, ""availability_share"": 1.0, ""feasible_t"": 2.5, ""gross_delivery_t"": 2.5, ""order_month"": ""2035-04"", ""planned_arrival_month"": ""2035-08"", ""requested_t"": 2.5, ""shipment_id"": ""S0076"", ""source_id"": ""B"", ""source_name"": ""Earth-Flex"", ""unfulfilled_request_t"": 0.0}, {""actual_arrival_month"": ""2035-09"", ""actual_delivery_share"": 1.0, ""availability_share"": 1.0, ""feasible_t"": 2.5, ""gross_delivery_t"": 2.5, ""order_month"": ""2035-05"", ""planned_arrival_month"": ""2035-09"", ""requested_t"": 2.5, ""shipment_id"": ""S0077"", ""source_id"": ""B"", ""source_name"": ""Earth-Flex"", ""unfulfilled_request_t"": 0.0}, {""actual_arrival_month"": ""2035-10"", ""actual_delivery_share"": 1.0, ""availability_share"": 1.0, ""feasible_t"": 2.5, ""gross_delivery_t"": 2.5, ""order_month"": ""2035-06"", ""planned_arrival_month"": ""2035-10"", ""requested_t"": 2.5, ""shipment_id"": ""S0078"", ""source_id"": ""B"", ""source_name"": ""Earth-Flex"", ""unfulfilled_request_t"": 0.0}]","{""B"": 2.5}","{""B"": 2.5}",2.5,0.11249999999999999,2.3875,2.3875,0.0,15.633333333333333,6.666666666666667,1.666666666666667,0.0,0.0,7.299999999999998,BASE,70.0,0.045,[],0.6163749999999999,0.0,[]
2035-07,7.299999999999998,8.333333333333334,6.666666666666667,"{""A"": 100.0, ""B"": 60.0, ""C"": 0, ""D"": 0, ""E"": 30.0}","{""A"": 7.5, ""B"": 2.5}","[{""actual_arrival_month"": ""2036-01"", ""actual_delivery_share"": 1.0, ""availability_share"": 1.0, ""feasible_t"": 7.5, ""gross_delivery_t"": 7.5, ""order_month"": ""2035-01"", ""planned_arrival_month"": ""2036-01"", ""requested_t"": 7.5, ""shipment_id"": ""S0001"", ""source_id"": ""A"", ""source_name"": ""Earth-Core"", ""unfulfilled_request_t"": 0.0}, {""actual_arrival_month"": ""2036-02"", ""actual_delivery_share"": 1.0, ""availability_share"": 1.0, ""feasible_t"": 7.5, ""gross_delivery_t"": 7.5, ""order_month"": ""2035-02"", ""planned_arrival_month"": ""2036-02"", ""requested_t"": 7.5, ""shipment_id"": ""S0002"", ""source_id"": ""A"", ""source_name"": ""Earth-Core"", ""unfulfilled_request_t"": 0.0}, {""actual_arrival_month"": ""2036-03"", ""actual_delivery_share"": 1.0, ""availability_share"": 1.0, ""feasible_t"": 7.5, ""gross_delivery_t"": 7.5, ""order_month"": ""2035-03"", ""planned_arrival_month"": ""2036-03"", ""requested_t"": 7.5, ""shipment_id"": ""S0003"", ""source_id"": ""A"", ""source_name"": ""Earth-Core"", ""unfulfilled_request_t"": 0.0}, {""actual_arrival_month"": ""2036-04"", ""actual_delivery_share"": 1.0, ""availability_share"": 1.0, ""feasible_t"": 7.5, ""gross_delivery_t"": 7.5, ""order_month"": ""2035-04"", ""planned_arrival_month"": ""2036-04"", ""requested_t"": 7.5, ""shipment_id"": ""S0004"", ""source_id"": ""A"", ""source_name"": ""Earth-Core"", ""unfulfilled_request_t"": 0.0}, {""actual_arrival_month"": ""2036-05"", ""actual_delivery_share"": 1.0, ""availability_share"": 1.0, ""feasible_t"": 7.5, ""gross_delivery_t"": 7.5, ""order_month"": ""2035-05"", ""planned_arrival_month"": ""2036-05"", ""requested_t"": 7.5, ""shipment_id"": ""S0005"", ""source_id"": ""A"", ""source_name"": ""Earth-Core"", ""unfulfilled_request_t"": 0.0}, {""actual_arrival_month"": ""2036-06"", ""actual_delivery_share"": 1.0, ""availability_share"": 1.0, ""feasible_t"": 7.5, ""gross_delivery_t"": 7.5, ""order_month"": ""2035-06"", ""planned_arrival_month"": ""2036-06"", ""requested_t"": 7.5, ""shipment_id"": ""S0006"", ""source_id"": ""A"", ""source_name"": ""Earth-Core"", ""unfulfilled_request_t"": 0.0}, {""actual_arrival_month"": ""2036-07"", ""actual_delivery_share"": 1.0, ""availability_share"": 1.0, ""feasible_t"": 7.5, ""gross_delivery_t"": 7.5, ""order_month"": ""2035-07"", ""planned_arrival_month"": ""2036-07"", ""requested_t"": 7.5, ""shipment_id"": ""S0007"", ""source_id"": ""A"", ""source_name"": ""Earth-Core"", ""unfulfilled_request_t"": 0.0}, {""actual_arrival_month"": ""2035-08"", ""actual_delivery_share"": 1.0, ""availability_share"": 1.0, ""feasible_t"": 2.5, ""gross_delivery_t"": 2.5, ""order_month"": ""2035-04"", ""planned_arrival_month"": ""2035-08"", ""requested_t"": 2.5, ""shipment_id"": ""S0076"", ""source_id"": ""B"", ""source_name"": ""Earth-Flex"", ""unfulfilled_request_t"": 0.0}, {""actual_arrival_month"": ""2035-09"", ""actual_delivery_share"": 1.0, ""availability_share"": 1.0, ""feasible_t"": 2.5, ""gross_delivery_t"": 2.5, ""order_month"": ""2035-05"", ""planned_arrival_month"": ""2035-09"", ""requested_t"": 2.5, ""shipment_id"": ""S0077"", ""source_id"": ""B"", ""source_name"": ""Earth-Flex"", ""unfulfilled_request_t"": 0.0}, {""actual_arrival_month"": ""2035-10"", ""actual_delivery_share"": 1.0, ""availability_share"": 1.0, ""feasible_t"": 2.5, ""gross_delivery_t"": 2.5, ""order_month"": ""2035-06"", ""planned_arrival_month"": ""2035-10"", ""requested_t"": 2.5, ""shipment_id"": ""S0078"", ""source_id"": ""B"", ""source_name"": ""Earth-Flex"", ""unfulfilled_request_t"": 0.0}, {""actual_arrival_month"": ""2035-11"", ""actual_delivery_share"": 1.0, ""availability_share"": 1.0, ""feasible_t"": 2.5, ""gross_delivery_t"": 2.5, ""order_month"": ""2035-07"", ""planned_arrival_month"": ""2035-11"", ""requested_t"": 2.5, ""shipment_id"": ""S0079"", ""source_id"": ""B"", ""source_name"": ""Earth-Flex"", ""unfulfilled_request_t"": 0.0}]","{""B"": 2.5}","{""B"": 2.5}",2.5,0.11249999999999999,2.3875,2.3875,0.0,9.687499999999998,6.666666666666667,1.666666666666667,0.0,0.0,1.3541666666666643,BASE,70.0,0.045,[],0.25962499999999983,0.0,[]
2035-08,1.3541666666666643,8.333333333333334,6.666666666666667,"{""A"": 100.0, ""B"": 60.0, ""C"": 0, ""D"": 0, ""E"": 30.0}","{""A"": 7.5, ""B"": 2.5}","[{""actual_arrival_month"": ""2036-01"", ""actual_delivery_share"": 1.0, ""availability_share"": 1.0, ""feasible_t"": 7.5, ""gross_delivery_t"": 7.5, ""order_month"": ""2035-01"", ""planned_arrival_month"": ""2036-01"", ""requested_t"": 7.5, ""shipment_id"": ""S0001"", ""source_id"": ""A"", ""source_name"": ""Earth-Core"", ""unfulfilled_request_t"": 0.0}, {""actual_arrival_month"": ""2036-02"", ""actual_delivery_share"": 1.0, ""availability_share"": 1.0, ""feasible_t"": 7.5, ""gross_delivery_t"": 7.5, ""order_month"": ""2035-02"", ""planned_arrival_month"": ""2036-02"", ""requested_t"": 7.5, ""shipment_id"": ""S0002"", ""source_id"": ""A"", ""source_name"": ""Earth-Core"", ""unfulfilled_request_t"": 0.0}, {""actual_arrival_month"": ""2036-03"", ""actual_delivery_share"": 1.0, ""availability_share"": 1.0, ""feasible_t"": 7.5, ""gross_delivery_t"": 7.5, ""order_month"": ""2035-03"", ""planned_arrival_month"": ""2036-03"", ""requested_t"": 7.5, ""shipment_id"": ""S0003"", ""source_id"": ""A"", ""source_name"": ""Earth-Core"", ""unfulfilled_request_t"": 0.0}, {""actual_arrival_month"": ""2036-04"", ""actual_delivery_share"": 1.0, ""availability_share"": 1.0, ""feasible_t"": 7.5, ""gross_delivery_t"": 7.5, ""order_month"": ""2035-04"", ""planned_arrival_month"": ""2036-04"", ""requested_t"": 7.5, ""shipment_id"": ""S0004"", ""source_id"": ""A"", ""source_name"": ""Earth-Core"", ""unfulfilled_request_t"": 0.0}, {""actual_arrival_month"": ""2036-05"", ""actual_delivery_share"": 1.0, ""availability_share"": 1.0, ""feasible_t"": 7.5, ""gross_delivery_t"": 7.5, ""order_month"": ""2035-05"", ""planned_arrival_month"": ""2036-05"", ""requested_t"": 7.5, ""shipment_id"": ""S0005"", ""source_id"": ""A"", ""source_name"": ""Earth-Core"", ""unfulfilled_request_t"": 0.0}, {""actual_arrival_month"": ""2036-06"", ""actual_delivery_share"": 1.0, ""availability_share"": 1.0, ""feasible_t"": 7.5, ""gross_delivery_t"": 7.5, ""order_month"": ""2035-06"", ""planned_arrival_month"": ""2036-06"", ""requested_t"": 7.5, ""shipment_id"": ""S0006"", ""source_id"": ""A"", ""source_name"": ""Earth-Core"", ""unfulfilled_request_t"": 0.0}, {""actual_arrival_month"": ""2036-07"", ""actual_delivery_share"": 1.0, ""availability_share"": 1.0, ""feasible_t"": 7.5, ""gross_delivery_t"": 7.5, ""order_month"": ""2035-07"", ""planned_arrival_month"": ""2036-07"", ""requested_t"": 7.5, ""shipment_id"": ""S0007"", ""source_id"": ""A"", ""source_name"": ""Earth-Core"", ""unfulfilled_request_t"": 0.0}, {""actual_arrival_month"": ""2036-08"", ""actual_delivery_share"": 1.0, ""availability_share"": 1.0, ""feasible_t"": 7.5, ""gross_delivery_t"": 7.5, ""order_month"": ""2035-08"", ""planned_arrival_month"": ""2036-08"", ""requested_t"": 7.5, ""shipment_id"": ""S0008"", ""source_id"": ""A"", ""source_name"": ""Earth-Core"", ""unfulfilled_request_t"": 0.0}, {""actual_arrival_month"": ""2035-09"", ""actual_delivery_share"": 1.0, ""availability_share"": 1.0, ""feasible_t"": 2.5, ""gross_delivery_t"": 2.5, ""order_month"": ""2035-05"", ""planned_arrival_month"": ""2035-09"", ""requested_t"": 2.5, ""shipment_id"": ""S0077"", ""source_id"": ""B"", ""source_name"": ""Earth-Flex"", ""unfulfilled_request_t"": 0.0}, {""actual_arrival_month"": ""2035-10"", ""actual_delivery_share"": 1.0, ""availability_share"": 1.0, ""feasible_t"": 2.5, ""gross_delivery_t"": 2.5, ""order_month"": ""2035-06"", ""planned_arrival_month"": ""2035-10"", ""requested_t"": 2.5, ""shipment_id"": ""S0078"", ""source_id"": ""B"", ""source_name"": ""Earth-Flex"", ""unfulfilled_request_t"": 0.0}, {""actual_arrival_month"": ""2035-11"", ""actual_delivery_share"": 1.0, ""availability_share"": 1.0, ""feasible_t"": 2.5, ""gross_delivery_t"": 2.5, ""order_month"": ""2035-07"", ""planned_arrival_month"": ""2035-11"", ""requested_t"": 2.5, ""shipment_id"": ""S0079"", ""source_id"": ""B"", ""source_name"": ""Earth-Flex"", ""unfulfilled_request_t"": 0.0}, {""actual_arrival_month"": ""2035-12"", ""actual_delivery_share"": 1.0, ""availability_share"": 1.0, ""feasible_t"": 2.5, ""gross_delivery_t"": 2.5, ""order_month"": ""2035-08"", ""planned_arrival_month"": ""2035-12"", ""requested_t"": 2.5, ""shipment_id"": ""S0080"", ""source_id"": ""B"", ""source_name"": ""Earth-Flex"", ""unfulfilled_request_t"": 0.0}]","{""B"": 2.5}","{""B"": 2.5}",2.5,0.11249999999999999,2.3875,2.3875,0.0,3.7416666666666645,3.7416666666666645,0.0,2.9250000000000025,1.666666666666667,0.0,BASE,70.0,0.045,[],0.04062499999999993,0.0,[]
2035-09,0.0,8.333333333333334,6.666666666666667,"{""A"": 100.0, ""B"": 60.0, ""C"": 0, ""D"": 0, ""E"": 30.0}","{""A"": 7.5, ""B"": 2.5}","[{""actual_arrival_month"": ""2036-01"", ""actual_delivery_share"": 1.0, ""availability_share"": 1.0, ""feasible_t"": 7.5, ""gross_delivery_t"": 7.5, ""order_month"": ""2035-01"", ""planned_arrival_month"": ""2036-01"", ""requested_t"": 7.5, ""shipment_id"": ""S0001"", ""source_id"": ""A"", ""source_name"": ""Earth-Core"", ""unfulfilled_request_t"": 0.0}, {""actual_arrival_month"": ""2036-02"", ""actual_delivery_share"": 1.0, ""availability_share"": 1.0, ""feasible_t"": 7.5, ""gross_delivery_t"": 7.5, ""order_month"": ""2035-02"", ""planned_arrival_month"": ""2036-02"", ""requested_t"": 7.5, ""shipment_id"": ""S0002"", ""source_id"": ""A"", ""source_name"": ""Earth-Core"", ""unfulfilled_request_t"": 0.0}, {""actual_arrival_month"": ""2036-03"", ""actual_delivery_share"": 1.0, ""availability_share"": 1.0, ""feasible_t"": 7.5, ""gross_delivery_t"": 7.5, ""order_month"": ""2035-03"", ""planned_arrival_month"": ""2036-03"", ""requested_t"": 7.5, ""shipment_id"": ""S0003"", ""source_id"": ""A"", ""source_name"": ""Earth-Core"", ""unfulfilled_request_t"": 0.0}, {""actual_arrival_month"": ""2036-04"", ""actual_delivery_share"": 1.0, ""availability_share"": 1.0, ""feasible_t"": 7.5, ""gross_delivery_t"": 7.5, ""order_month"": ""2035-04"", ""planned_arrival_month"": ""2036-04"", ""requested_t"": 7.5, ""shipment_id"": ""S0004"", ""source_id"": ""A"", ""source_name"": ""Earth-Core"", ""unfulfilled_request_t"": 0.0}, {""actual_arrival_month"": ""2036-05"", ""actual_delivery_share"": 1.0, ""availability_share"": 1.0, ""feasible_t"": 7.5, ""gross_delivery_t"": 7.5, ""order_month"": ""2035-05"", ""planned_arrival_month"": ""2036-05"", ""requested_t"": 7.5, ""shipment_id"": ""S0005"", ""source_id"": ""A"", ""source_name"": ""Earth-Core"", ""unfulfilled_request_t"": 0.0}, {""actual_arrival_month"": ""2036-06"", ""actual_delivery_share"": 1.0, ""availability_share"": 1.0, ""feasible_t"": 7.5, ""gross_delivery_t"": 7.5, ""order_month"": ""2035-06"", ""planned_arrival_month"": ""2036-06"", ""requested_t"": 7.5, ""shipment_id"": ""S0006"", ""source_id"": ""A"", ""source_name"": ""Earth-Core"", ""unfulfilled_request_t"": 0.0}, {""actual_arrival_month"": ""2036-07"", ""actual_delivery_share"": 1.0, ""availability_share"": 1.0, ""feasible_t"": 7.5, ""gross_delivery_t"": 7.5, ""order_month"": ""2035-07"", ""planned_arrival_month"": ""2036-07"", ""requested_t"": 7.5, ""shipment_id"": ""S0007"", ""source_id"": ""A"", ""source_name"": ""Earth-Core"", ""unfulfilled_request_t"": 0.0}, {""actual_arrival_month"": ""2036-08"", ""actual_delivery_share"": 1.0, ""availability_share"": 1.0, ""feasible_t"": 7.5, ""gross_delivery_t"": 7.5, ""order_month"": ""2035-08"", ""planned_arrival_month"": ""2036-08"", ""requested_t"": 7.5, ""shipment_id"": ""S0008"", ""source_id"": ""A"", ""source_name"": ""Earth-Core"", ""unfulfilled_request_t"": 0.0}, {""actual_arrival_month"": ""2036-09"", ""actual_delivery_share"": 1.0, ""availability_share"": 1.0, ""feasible_t"": 7.5, ""gross_delivery_t"": 7.5, ""order_month"": ""2035-09"", ""planned_arrival_month"": ""2036-09"", ""requested_t"": 7.5, ""shipment_id"": ""S0009"", ""source_id"": ""A"", ""source_name"": ""Earth-Core"", ""unfulfilled_request_t"": 0.0}, {""actual_arrival_month"": ""2035-10"", ""actual_delivery_share"": 1.0, ""availability_share"": 1.0, ""feasible_t"": 2.5, ""gross_delivery_t"": 2.5, ""order_month"": ""2035-06"", ""planned_arrival_month"": ""2035-10"", ""requested_t"": 2.5, ""shipment_id"": ""S0078"", ""source_id"": ""B"", ""source_name"": ""Earth-Flex"", ""unfulfilled_request_t"": 0.0}, {""actual_arrival_month"": ""2035-11"", ""actual_delivery_share"": 1.0, ""availability_share"": 1.0, ""feasible_t"": 2.5, ""gross_delivery_t"": 2.5, ""order_month"": ""2035-07"", ""planned_arrival_month"": ""2035-11"", ""requested_t"": 2.5, ""shipment_id"": ""S0079"", ""source_id"": ""B"", ""source_name"": ""Earth-Flex"", ""unfulfilled_request_t"": 0.0}, {""actual_arrival_month"": ""2035-12"", ""actual_delivery_share"": 1.0, ""availability_share"": 1.0, ""feasible_t"": 2.5, ""gross_delivery_t"": 2.5, ""order_month"": ""2035-08"", ""planned_arrival_month"": ""2035-12"", ""requested_t"": 2.5, ""shipment_id"": ""S0080"", ""source_id"": ""B"", ""source_name"": ""Earth-Flex"", ""unfulfilled_request_t"": 0.0}, {""actual_arrival_month"": ""2036-01"", ""actual_delivery_share"": 1.0, ""availability_share"": 1.0, ""feasible_t"": 2.5, ""gross_delivery_t"": 2.5, ""order_month"": ""2035-09"", ""planned_arrival_month"": ""2036-01"", ""requested_t"": 2.5, ""shipment_id"": ""S0081"", ""source_id"": ""B"", ""source_name"": ""Earth-Flex"", ""unfulfilled_request_t"": 0.0}]","{""B"": 2.5}","{""B"": 2.5}",2.5,0.11249999999999999,2.3875,2.3875,0.0,2.3875,2.3875,0.0,4.279166666666667,1.666666666666667,0.0,BASE,70.0,0.045,[],0.0,0.0,[]
2035-10,0.0,8.333333333333334,6.666666666666667,"{""A"": 100.0, ""B"": 60.0, ""C"": 0, ""D"": 0, ""E"": 30.0}","{""A"": 7.5, ""B"": 2.5}","[{""actual_arrival_month"": ""2036-01"", ""actual_delivery_share"": 1.0, ""availability_share"": 1.0, ""feasible_t"": 7.5, ""gross_delivery_t"": 7.5, ""order_month"": ""2035-01"", ""planned_arrival_month"": ""2036-01"", ""requested_t"": 7.5, ""shipment_id"": ""S0001"", ""source_id"": ""A"", ""source_name"": ""Earth-Core"", ""unfulfilled_request_t"": 0.0}, {""actual_arrival_month"": ""2036-02"", ""actual_delivery_share"": 1.0, ""availability_share"": 1.0, ""feasible_t"": 7.5, ""gross_delivery_t"": 7.5, ""order_month"": ""2035-02"", ""planned_arrival_month"": ""2036-02"", ""requested_t"": 7.5, ""shipment_id"": ""S0002"", ""source_id"": ""A"", ""source_name"": ""Earth-Core"", ""unfulfilled_request_t"": 0.0}, {""actual_arrival_month"": ""2036-03"", ""actual_delivery_share"": 1.0, ""availability_share"": 1.0, ""feasible_t"": 7.5, ""gross_delivery_t"": 7.5, ""order_month"": ""2035-03"", ""planned_arrival_month"": ""2036-03"", ""requested_t"": 7.5, ""shipment_id"": ""S0003"", ""source_id"": ""A"", ""source_name"": ""Earth-Core"", ""unfulfilled_request_t"": 0.0}, {""actual_arrival_month"": ""2036-04"", ""actual_delivery_share"": 1.0, ""availability_share"": 1.0, ""feasible_t"": 7.5, ""gross_delivery_t"": 7.5, ""order_month"": ""2035-04"", ""planned_arrival_month"": ""2036-04"", ""requested_t"": 7.5, ""shipment_id"": ""S0004"", ""source_id"": ""A"", ""source_name"": ""Earth-Core"", ""unfulfilled_request_t"": 0.0}, {""actual_arrival_month"": ""2036-05"", ""actual_delivery_share"": 1.0, ""availability_share"": 1.0, ""feasible_t"": 7.5, ""gross_delivery_t"": 7.5, ""order_month"": ""2035-05"", ""planned_arrival_month"": ""2036-05"", ""requested_t"": 7.5, ""shipment_id"": ""S0005"", ""source_id"": ""A"", ""source_name"": ""Earth-Core"", ""unfulfilled_request_t"": 0.0}, {""actual_arrival_month"": ""2036-06"", ""actual_delivery_share"": 1.0, ""availability_share"": 1.0, ""feasible_t"": 7.5, ""gross_delivery_t"": 7.5, ""order_month"": ""2035-06"", ""planned_arrival_month"": ""2036-06"", ""requested_t"": 7.5, ""shipment_id"": ""S0006"", ""source_id"": ""A"", ""source_name"": ""Earth-Core"", ""unfulfilled_request_t"": 0.0}, {""actual_arrival_month"": ""2036-07"", ""actual_delivery_share"": 1.0, ""availability_share"": 1.0, ""feasible_t"": 7.5, ""gross_delivery_t"": 7.5, ""order_month"": ""2035-07"", ""planned_arrival_month"": ""2036-07"", ""requested_t"": 7.5, ""shipment_id"": ""S0007"", ""source_id"": ""A"", ""source_name"": ""Earth-Core"", ""unfulfilled_request_t"": 0.0}, {""actual_arrival_month"": ""2036-08"", ""actual_delivery_share"": 1.0, ""availability_share"": 1.0, ""feasible_t"": 7.5, ""gross_delivery_t"": 7.5, ""order_month"": ""2035-08"", ""planned_arrival_month"": ""2036-08"", ""requested_t"": 7.5, ""shipment_id"": ""S0008"", ""source_id"": ""A"", ""source_name"": ""Earth-Core"", ""unfulfilled_request_t"": 0.0}, {""actual_arrival_month"": ""2036-09"", ""actual_delivery_share"": 1.0, ""availability_share"": 1.0, ""feasible_t"": 7.5, ""gross_delivery_t"": 7.5, ""order_month"": ""2035-09"", ""planned_arrival_month"": ""2036-09"", ""requested_t"": 7.5, ""shipment_id"": ""S0009"", ""source_id"": ""A"", ""source_name"": ""Earth-Core"", ""unfulfilled_request_t"": 0.0}, {""actual_arrival_month"": ""2036-10"", ""actual_delivery_share"": 1.0, ""availability_share"": 1.0, ""feasible_t"": 7.5, ""gross_delivery_t"": 7.5, ""order_month"": ""2035-10"", ""planned_arrival_month"": ""2036-10"", ""requested_t"": 7.5, ""shipment_id"": ""S0010"", ""source_id"": ""A"", ""source_name"": ""Earth-Core"", ""unfulfilled_request_t"": 0.0}, {""actual_arrival_month"": ""2035-11"", ""actual_delivery_share"": 1.0, ""availability_share"": 1.0, ""feasible_t"": 2.5, ""gross_delivery_t"": 2.5, ""order_month"": ""2035-07"", ""planned_arrival_month"": ""2035-11"", ""requested_t"": 2.5, ""shipment_id"": ""S0079"", ""source_id"": ""B"", ""source_name"": ""Earth-Flex"", ""unfulfilled_request_t"": 0.0}, {""actual_arrival_month"": ""2035-12"", ""actual_delivery_share"": 1.0, ""availability_share"": 1.0, ""feasible_t"": 2.5, ""gross_delivery_t"": 2.5, ""order_month"": ""2035-08"", ""planned_arrival_month"": ""2035-12"", ""requested_t"": 2.5, ""shipment_id"": ""S0080"", ""source_id"": ""B"", ""source_name"": ""Earth-Flex"", ""unfulfilled_request_t"": 0.0}, {""actual_arrival_month"": ""2036-01"", ""actual_delivery_share"": 1.0, ""availability_share"": 1.0, ""feasible_t"": 2.5, ""gross_delivery_t"": 2.5, ""order_month"": ""2035-09"", ""planned_arrival_month"": ""2036-01"", ""requested_t"": 2.5, ""shipment_id"": ""S0081"", ""source_id"": ""B"", ""source_name"": ""Earth-Flex"", ""unfulfilled_request_t"": 0.0}, {""actual_arrival_month"": ""2036-02"", ""actual_delivery_share"": 1.0, ""availability_share"": 1.0, ""feasible_t"": 2.5, ""gross_delivery_t"": 2.5, ""order_month"": ""2035-10"", ""planned_arrival_month"": ""2036-02"", ""requested_t"": 2.5, ""shipment_id"": ""S0082"", ""source_id"": ""B"", ""source_name"": ""Earth-Flex"", ""unfulfilled_request_t"": 0.0}]","{""B"": 2.5}","{""B"": 2.5}",2.5,0.11249999999999999,2.3875,2.3875,0.0,2.3875,2.3875,0.0,4.279166666666667,1.666666666666667,0.0,BASE,70.0,0.045,[],0.0,0.0,[]
2035-11,0.0,8.333333333333334,6.666666666666667,"{""A"": 100.0, ""B"": 60.0, ""C"": 0, ""D"": 0, ""E"": 30.0}","{""A"": 7.5, ""B"": 2.5}","[{""actual_arrival_month"": ""2036-01"", ""actual_delivery_share"": 1.0, ""availability_share"": 1.0, ""feasible_t"": 7.5, ""gross_delivery_t"": 7.5, ""order_month"": ""2035-01"", ""planned_arrival_month"": ""2036-01"", ""requested_t"": 7.5, ""shipment_id"": ""S0001"", ""source_id"": ""A"", ""source_name"": ""Earth-Core"", ""unfulfilled_request_t"": 0.0}, {""actual_arrival_month"": ""2036-02"", ""actual_delivery_share"": 1.0, ""availability_share"": 1.0, ""feasible_t"": 7.5, ""gross_delivery_t"": 7.5, ""order_month"": ""2035-02"", ""planned_arrival_month"": ""2036-02"", ""requested_t"": 7.5, ""shipment_id"": ""S0002"", ""source_id"": ""A"", ""source_name"": ""Earth-Core"", ""unfulfilled_request_t"": 0.0}, {""actual_arrival_month"": ""2036-03"", ""actual_delivery_share"": 1.0, ""availability_share"": 1.0, ""feasible_t"": 7.5, ""gross_delivery_t"": 7.5, ""order_month"": ""2035-03"", ""planned_arrival_month"": ""2036-03"", ""requested_t"": 7.5, ""shipment_id"": ""S0003"", ""source_id"": ""A"", ""source_name"": ""Earth-Core"", ""unfulfilled_request_t"": 0.0}, {""actual_arrival_month"": ""2036-04"", ""actual_delivery_share"": 1.0, ""availability_share"": 1.0, ""feasible_t"": 7.5, ""gross_delivery_t"": 7.5, ""order_month"": ""2035-04"", ""planned_arrival_month"": ""2036-04"", ""requested_t"": 7.5, ""shipment_id"": ""S0004"", ""source_id"": ""A"", ""source_name"": ""Earth-Core"", ""unfulfilled_request_t"": 0.0}, {""actual_arrival_month"": ""2036-05"", ""actual_delivery_share"": 1.0, ""availability_share"": 1.0, ""feasible_t"": 7.5, ""gross_delivery_t"": 7.5, ""order_month"": ""2035-05"", ""planned_arrival_month"": ""2036-05"", ""requested_t"": 7.5, ""shipment_id"": ""S0005"", ""source_id"": ""A"", ""source_name"": ""Earth-Core"", ""unfulfilled_request_t"": 0.0}, {""actual_arrival_month"": ""2036-06"", ""actual_delivery_share"": 1.0, ""availability_share"": 1.0, ""feasible_t"": 7.5, ""gross_delivery_t"": 7.5, ""order_month"": ""2035-06"", ""planned_arrival_month"": ""2036-06"", ""requested_t"": 7.5, ""shipment_id"": ""S0006"", ""source_id"": ""A"", ""source_name"": ""Earth-Core"", ""unfulfilled_request_t"": 0.0}, {""actual_arrival_month"": ""2036-07"", ""actual_delivery_share"": 1.0, ""availability_share"": 1.0, ""feasible_t"": 7.5, ""gross_delivery_t"": 7.5, ""order_month"": ""2035-07"", ""planned_arrival_month"": ""2036-07"", ""requested_t"": 7.5, ""shipment_id"": ""S0007"", ""source_id"": ""A"", ""source_name"": ""Earth-Core"", ""unfulfilled_request_t"": 0.0}, {""actual_arrival_month"": ""2036-08"", ""actual_delivery_share"": 1.0, ""availability_share"": 1.0, ""feasible_t"": 7.5, ""gross_delivery_t"": 7.5, ""order_month"": ""2035-08"", ""planned_arrival_month"": ""2036-08"", ""requested_t"": 7.5, ""shipment_id"": ""S0008"", ""source_id"": ""A"", ""source_name"": ""Earth-Core"", ""unfulfilled_request_t"": 0.0}, {""actual_arrival_month"": ""2036-09"", ""actual_delivery_share"": 1.0, ""availability_share"": 1.0, ""feasible_t"": 7.5, ""gross_delivery_t"": 7.5, ""order_month"": ""2035-09"", ""planned_arrival_month"": ""2036-09"", ""requested_t"": 7.5, ""shipment_id"": ""S0009"", ""source_id"": ""A"", ""source_name"": ""Earth-Core"", ""unfulfilled_request_t"": 0.0}, {""actual_arrival_month"": ""2036-10"", ""actual_delivery_share"": 1.0, ""availability_share"": 1.0, ""feasible_t"": 7.5, ""gross_delivery_t"": 7.5, ""order_month"": ""2035-10"", ""planned_arrival_month"": ""2036-10"", ""requested_t"": 7.5, ""shipment_id"": ""S0010"", ""source_id"": ""A"", ""source_name"": ""Earth-Core"", ""unfulfilled_request_t"": 0.0}, {""actual_arrival_month"": ""2036-11"", ""actual_delivery_share"": 1.0, ""availability_share"": 1.0, ""feasible_t"": 7.5, ""gross_delivery_t"": 7.5, ""order_month"": ""2035-11"", ""planned_arrival_month"": ""2036-11"", ""requested_t"": 7.5, ""shipment_id"": ""S0011"", ""source_id"": ""A"", ""source_name"": ""Earth-Core"", ""unfulfilled_request_t"": 0.0}, {""actual_arrival_month"": ""2035-12"", ""actual_delivery_share"": 1.0, ""availability_share"": 1.0, ""feasible_t"": 2.5, ""gross_delivery_t"": 2.5, ""order_month"": ""2035-08"", ""planned_arrival_month"": ""2035-12"", ""requested_t"": 2.5, ""shipment_id"": ""S0080"", ""source_id"": ""B"", ""source_name"": ""Earth-Flex"", ""unfulfilled_request_t"": 0.0}, {""actual_arrival_month"": ""2036-01"", ""actual_delivery_share"": 1.0, ""availability_share"": 1.0, ""feasible_t"": 2.5, ""gross_delivery_t"": 2.5, ""order_month"": ""2035-09"", ""planned_arrival_month"": ""2036-01"", ""requested_t"": 2.5, ""shipment_id"": ""S0081"", ""source_id"": ""B"", ""source_name"": ""Earth-Flex"", ""unfulfilled_request_t"": 0.0}, {""actual_arrival_month"": ""2036-02"", ""actual_delivery_share"": 1.0, ""availability_share"": 1.0, ""feasible_t"": 2.5, ""gross_delivery_t"": 2.5, ""order_month"": ""2035-10"", ""planned_arrival_month"": ""2036-02"", ""requested_t"": 2.5, ""shipment_id"": ""S0082"", ""source_id"": ""B"", ""source_name"": ""Earth-Flex"", ""unfulfilled_request_t"": 0.0}, {""actual_arrival_month"": ""2036-03"", ""actual_delivery_share"": 1.0, ""availability_share"": 1.0, ""feasible_t"": 2.5, ""gross_delivery_t"": 2.5, ""order_month"": ""2035-11"", ""planned_arrival_month"": ""2036-03"", ""requested_t"": 2.5, ""shipment_id"": ""S0083"", ""source_id"": ""B"", ""source_name"": ""Earth-Flex"", ""unfulfilled_request_t"": 0.0}]","{""B"": 2.5}","{""B"": 2.5}",2.5,0.11249999999999999,2.3875,2.3875,0.0,2.3875,2.3875,0.0,4.279166666666667,1.666666666666667,0.0,BASE,70.0,0.045,[],0.0,0.0,[]
2035-12,0.0,8.333333333333334,6.666666666666667,"{""A"": 100.0, ""B"": 60.0, ""C"": 0, ""D"": 0, ""E"": 30.0}","{""A"": 7.5, ""B"": 2.5}","[{""actual_arrival_month"": ""2036-01"", ""actual_delivery_share"": 1.0, ""availability_share"": 1.0, ""feasible_t"": 7.5, ""gross_delivery_t"": 7.5, ""order_month"": ""2035-01"", ""planned_arrival_month"": ""2036-01"", ""requested_t"": 7.5, ""shipment_id"": ""S0001"", ""source_id"": ""A"", ""source_name"": ""Earth-Core"", ""unfulfilled_request_t"": 0.0}, {""actual_arrival_month"": ""2036-02"", ""actual_delivery_share"": 1.0, ""availability_share"": 1.0, ""feasible_t"": 7.5, ""gross_delivery_t"": 7.5, ""order_month"": ""2035-02"", ""planned_arrival_month"": ""2036-02"", ""requested_t"": 7.5, ""shipment_id"": ""S0002"", ""source_id"": ""A"", ""source_name"": ""Earth-Core"", ""unfulfilled_request_t"": 0.0}, {""actual_arrival_month"": ""2036-03"", ""actual_delivery_share"": 1.0, ""availability_share"": 1.0, ""feasible_t"": 7.5, ""gross_delivery_t"": 7.5, ""order_month"": ""2035-03"", ""planned_arrival_month"": ""2036-03"", ""requested_t"": 7.5, ""shipment_id"": ""S0003"", ""source_id"": ""A"", ""source_name"": ""Earth-Core"", ""unfulfilled_request_t"": 0.0}, {""actual_arrival_month"": ""2036-04"", ""actual_delivery_share"": 1.0, ""availability_share"": 1.0, ""feasible_t"": 7.5, ""gross_delivery_t"": 7.5, ""order_month"": ""2035-04"", ""planned_arrival_month"": ""2036-04"", ""requested_t"": 7.5, ""shipment_id"": ""S0004"", ""source_id"": ""A"", ""source_name"": ""Earth-Core"", ""unfulfilled_request_t"": 0.0}, {""actual_arrival_month"": ""2036-05"", ""actual_delivery_share"": 1.0, ""availability_share"": 1.0, ""feasible_t"": 7.5, ""gross_delivery_t"": 7.5, ""order_month"": ""2035-05"", ""planned_arrival_month"": ""2036-05"", ""requested_t"": 7.5, ""shipment_id"": ""S0005"", ""source_id"": ""A"", ""source_name"": ""Earth-Core"", ""unfulfilled_request_t"": 0.0}, {""actual_arrival_month"": ""2036-06"", ""actual_delivery_share"": 1.0, ""availability_share"": 1.0, ""feasible_t"": 7.5, ""gross_delivery_t"": 7.5, ""order_month"": ""2035-06"", ""planned_arrival_month"": ""2036-06"", ""requested_t"": 7.5, ""shipment_id"": ""S0006"", ""source_id"": ""A"", ""source_name"": ""Earth-Core"", ""unfulfilled_request_t"": 0.0}, {""actual_arrival_month"": ""2036-07"", ""actual_delivery_share"": 1.0, ""availability_share"": 1.0, ""feasible_t"": 7.5, ""gross_delivery_t"": 7.5, ""order_month"": ""2035-07"", ""planned_arrival_month"": ""2036-07"", ""requested_t"": 7.5, ""shipment_id"": ""S0007"", ""source_id"": ""A"", ""source_name"": ""Earth-Core"", ""unfulfilled_request_t"": 0.0}, {""actual_arrival_month"": ""2036-08"", ""actual_delivery_share"": 1.0, ""availability_share"": 1.0, ""feasible_t"": 7.5, ""gross_delivery_t"": 7.5, ""order_month"": ""2035-08"", ""planned_arrival_month"": ""2036-08"", ""requested_t"": 7.5, ""shipment_id"": ""S0008"", ""source_id"": ""A"", ""source_name"": ""Earth-Core"", ""unfulfilled_request_t"": 0.0}, {""actual_arrival_month"": ""2036-09"", ""actual_delivery_share"": 1.0, ""availability_share"": 1.0, ""feasible_t"": 7.5, ""gross_delivery_t"": 7.5, ""order_month"": ""2035-09"", ""planned_arrival_month"": ""2036-09"", ""requested_t"": 7.5, ""shipment_id"": ""S0009"", ""source_id"": ""A"", ""source_name"": ""Earth-Core"", ""unfulfilled_request_t"": 0.0}, {""actual_arrival_month"": ""2036-10"", ""actual_delivery_share"": 1.0, ""availability_share"": 1.0, ""feasible_t"": 7.5, ""gross_delivery_t"": 7.5, ""order_month"": ""2035-10"", ""planned_arrival_month"": ""2036-10"", ""requested_t"": 7.5, ""shipment_id"": ""S0010"", ""source_id"": ""A"", ""source_name"": ""Earth-Core"", ""unfulfilled_request_t"": 0.0}, {""actual_arrival_month"": ""2036-11"", ""actual_delivery_share"": 1.0, ""availability_share"": 1.0, ""feasible_t"": 7.5, ""gross_delivery_t"": 7.5, ""order_month"": ""2035-11"", ""planned_arrival_month"": ""2036-11"", ""requested_t"": 7.5, ""shipment_id"": ""S0011"", ""source_id"": ""A"", ""source_name"": ""Earth-Core"", ""unfulfilled_request_t"": 0.0}, {""actual_arrival_month"": ""2036-12"", ""actual_delivery_share"": 1.0, ""availability_share"": 1.0, ""feasible_t"": 7.5, ""gross_delivery_t"": 7.5, ""order_month"": ""2035-12"", ""planned_arrival_month"": ""2036-12"", ""requested_t"": 7.5, ""shipment_id"": ""S0012"", ""source_id"": ""A"", ""source_name"": ""Earth-Core"", ""unfulfilled_request_t"": 0.0}, {""actual_arrival_month"": ""2036-01"", ""actual_delivery_share"": 1.0, ""availability_share"": 1.0, ""feasible_t"": 2.5, ""gross_delivery_t"": 2.5, ""order_month"": ""2035-09"", ""planned_arrival_month"": ""2036-01"", ""requested_t"": 2.5, ""shipment_id"": ""S0081"", ""source_id"": ""B"", ""source_name"": ""Earth-Flex"", ""unfulfilled_request_t"": 0.0}, {""actual_arrival_month"": ""2036-02"", ""actual_delivery_share"": 1.0, ""availability_share"": 1.0, ""feasible_t"": 2.5, ""gross_delivery_t"": 2.5, ""order_month"": ""2035-10"", ""planned_arrival_month"": ""2036-02"", ""requested_t"": 2.5, ""shipment_id"": ""S0082"", ""source_id"": ""B"", ""source_name"": ""Earth-Flex"", ""unfulfilled_request_t"": 0.0}, {""actual_arrival_month"": ""2036-03"", ""actual_delivery_share"": 1.0, ""availability_share"": 1.0, ""feasible_t"": 2.5, ""gross_delivery_t"": 2.5, ""order_month"": ""2035-11"", ""planned_arrival_month"": ""2036-03"", ""requested_t"": 2.5, ""shipment_id"": ""S0083"", ""source_id"": ""B"", ""source_name"": ""Earth-Flex"", ""unfulfilled_request_t"": 0.0}, {""actual_arrival_month"": ""2036-04"", ""actual_delivery_share"": 1.0, ""availability_share"": 1.0, ""feasible_t"": 2.5, ""gross_delivery_t"": 2.5, ""order_month"": ""2035-12"", ""planned_arrival_month"": ""2036-04"", ""requested_t"": 2.5, ""shipment_id"": ""S0084"", ""source_id"": ""B"", ""source_name"": ""Earth-Flex"", ""unfulfilled_request_t"": 0.0}]","{""B"": 2.5}","{""B"": 2.5}",2.5,0.11249999999999999,2.3875,2.3875,0.0,2.3875,2.3875,0.0,4.279166666666667,1.666666666666667,0.0,BASE,70.0,0.045,[],0.0,0.0,[]
2036-01,0.0,11.666666666666666,8.75,"{""A"": 130.0, ""B"": 60.0, ""C"": 0, ""D"": 0, ""E"": 30.0}","{""A"": 10.0, ""B"": 2.5}","[{""actual_arrival_month"": ""2036-02"", ""actual_delivery_share"": 1.0, ""availability_share"": 1.0, ""feasible_t"": 7.5, ""gross_delivery_t"": 7.5, ""order_month"": ""2035-02"", ""planned_arrival_month"": ""2036-02"", ""requested_t"": 7.5, ""shipment_id"": ""S0002"", ""source_id"": ""A"", ""source_name"": ""Earth-Core"", ""unfulfilled_request_t"": 0.0}, {""actual_arrival_month"": ""2036-03"", ""actual_delivery_share"": 1.0, ""availability_share"": 1.0, ""feasible_t"": 7.5, ""gross_delivery_t"": 7.5, ""order_month"": ""2035-03"", ""planned_arrival_month"": ""2036-03"", ""requested_t"": 7.5, ""shipment_id"": ""S0003"", ""source_id"": ""A"", ""source_name"": ""Earth-Core"", ""unfulfilled_request_t"": 0.0}, {""actual_arrival_month"": ""2036-04"", ""actual_delivery_share"": 1.0, ""availability_share"": 1.0, ""feasible_t"": 7.5, ""gross_delivery_t"": 7.5, ""order_month"": ""2035-04"", ""planned_arrival_month"": ""2036-04"", ""requested_t"": 7.5, ""shipment_id"": ""S0004"", ""source_id"": ""A"", ""source_name"": ""Earth-Core"", ""unfulfilled_request_t"": 0.0}, {""actual_arrival_month"": ""2036-05"", ""actual_delivery_share"": 1.0, ""availability_share"": 1.0, ""feasible_t"": 7.5, ""gross_delivery_t"": 7.5, ""order_month"": ""2035-05"", ""planned_arrival_month"": ""2036-05"", ""requested_t"": 7.5, ""shipment_id"": ""S0005"", ""source_id"": ""A"", ""source_name"": ""Earth-Core"", ""unfulfilled_request_t"": 0.0}, {""actual_arrival_month"": ""2036-06"", ""actual_delivery_share"": 1.0, ""availability_share"": 1.0, ""feasible_t"": 7.5, ""gross_delivery_t"": 7.5, ""order_month"": ""2035-06"", ""planned_arrival_month"": ""2036-06"", ""requested_t"": 7.5, ""shipment_id"": ""S0006"", ""source_id"": ""A"", ""source_name"": ""Earth-Core"", ""unfulfilled_request_t"": 0.0}, {""actual_arrival_month"": ""2036-07"", ""actual_delivery_share"": 1.0, ""availability_share"": 1.0, ""feasible_t"": 7.5, ""gross_delivery_t"": 7.5, ""order_month"": ""2035-07"", ""planned_arrival_month"": ""2036-07"", ""requested_t"": 7.5, ""shipment_id"": ""S0007"", ""source_id"": ""A"", ""source_name"": ""Earth-Core"", ""unfulfilled_request_t"": 0.0}, {""actual_arrival_month"": ""2036-08"", ""actual_delivery_share"": 1.0, ""availability_share"": 1.0, ""feasible_t"": 7.5, ""gross_delivery_t"": 7.5, ""order_month"": ""2035-08"", ""planned_arrival_month"": ""2036-08"", ""requested_t"": 7.5, ""shipment_id"": ""S0008"", ""source_id"": ""A"", ""source_name"": ""Earth-Core"", ""unfulfilled_request_t"": 0.0}, {""actual_arrival_month"": ""2036-09"", ""actual_delivery_share"": 1.0, ""availability_share"": 1.0, ""feasible_t"": 7.5, ""gross_delivery_t"": 7.5, ""order_month"": ""2035-09"", ""planned_arrival_month"": ""2036-09"", ""requested_t"": 7.5, ""shipment_id"": ""S0009"", ""source_id"": ""A"", ""source_name"": ""Earth-Core"", ""unfulfilled_request_t"": 0.0}, {""actual_arrival_month"": ""2036-10"", ""actual_delivery_share"": 1.0, ""availability_share"": 1.0, ""feasible_t"": 7.5, ""gross_delivery_t"": 7.5, ""order_month"": ""2035-10"", ""planned_arrival_month"": ""2036-10"", ""requested_t"": 7.5, ""shipment_id"": ""S0010"", ""source_id"": ""A"", ""source_name"": ""Earth-Core"", ""unfulfilled_request_t"": 0.0}, {""actual_arrival_month"": ""2036-11"", ""actual_delivery_share"": 1.0, ""availability_share"": 1.0, ""feasible_t"": 7.5, ""gross_delivery_t"": 7.5, ""order_month"": ""2035-11"", ""planned_arrival_month"": ""2036-11"", ""requested_t"": 7.5, ""shipment_id"": ""S0011"", ""source_id"": ""A"", ""source_name"": ""Earth-Core"", ""unfulfilled_request_t"": 0.0}, {""actual_arrival_month"": ""2036-12"", ""actual_delivery_share"": 1.0, ""availability_share"": 1.0, ""feasible_t"": 7.5, ""gross_delivery_t"": 7.5, ""order_month"": ""2035-12"", ""planned_arrival_month"": ""2036-12"", ""requested_t"": 7.5, ""shipment_id"": ""S0012"", ""source_id"": ""A"", ""source_name"": ""Earth-Core"", ""unfulfilled_request_t"": 0.0}, {""actual_arrival_month"": ""2037-01"", ""actual_delivery_share"": 1.0, ""availability_share"": 1.0, ""feasible_t"": 10.0, ""gross_delivery_t"": 10.0, ""order_month"": ""2036-01"", ""planned_arrival_month"": ""2037-01"", ""requested_t"": 10.0, ""shipment_id"": ""S0013"", ""source_id"": ""A"", ""source_name"": ""Earth-Core"", ""unfulfilled_request_t"": 0.0}, {""actual_arrival_month"": ""2036-02"", ""actual_delivery_share"": 1.0, ""availability_share"": 1.0, ""feasible_t"": 2.5, ""gross_delivery_t"": 2.5, ""order_month"": ""2035-10"", ""planned_arrival_month"": ""2036-02"", ""requested_t"": 2.5, ""shipment_id"": ""S0082"", ""source_id"": ""B"", ""source_name"": ""Earth-Flex"", ""unfulfilled_request_t"": 0.0}, {""actual_arrival_month"": ""2036-03"", ""actual_delivery_share"": 1.0, ""availability_share"": 1.0, ""feasible_t"": 2.5, ""gross_delivery_t"": 2.5, ""order_month"": ""2035-11"", ""planned_arrival_month"": ""2036-03"", ""requested_t"": 2.5, ""shipment_id"": ""S0083"", ""source_id"": ""B"", ""source_name"": ""Earth-Flex"", ""unfulfilled_request_t"": 0.0}, {""actual_arrival_month"": ""2036-04"", ""actual_delivery_share"": 1.0, ""availability_share"": 1.0, ""feasible_t"": 2.5, ""gross_delivery_t"": 2.5, ""order_month"": ""2035-12"", ""planned_arrival_month"": ""2036-04"", ""requested_t"": 2.5, ""shipment_id"": ""S0084"", ""source_id"": ""B"", ""source_name"": ""Earth-Flex"", ""unfulfilled_request_t"": 0.0}, {""actual_arrival_month"": ""2036-05"", ""actual_delivery_share"": 1.0, ""availability_share"": 1.0, ""feasible_t"": 2.5, ""gross_delivery_t"": 2.5, ""order_month"": ""2036-01"", ""planned_arrival_month"": ""2036-05"", ""requested_t"": 2.5, ""shipment_id"": ""S0085"", ""source_id"": ""B"", ""source_name"": ""Earth-Flex"", ""unfulfilled_request_t"": 0.0}]","{""A"": 7.5, ""B"": 2.5}","{""A"": 7.5, ""B"": 2.5}",10.0,0.12,9.88,9.88,0.0,9.88,8.75,1.1300000000000008,0.0,1.7866666666666653,0.0,ZBO,120.0,0.012,"[""ZBO""]",0.0,1.0,"[""RESERVE_45D""]"
2036-02,0.0,11.666666666666666,8.75,"{""A"": 130.0, ""B"": 60.0, ""C"": 0, ""D"": 0, ""E"": 30.0}","{""A"": 10.0, ""B"": 2.5}","[{""actual_arrival_month"": ""2036-03"", ""actual_delivery_share"": 1.0, ""availability_share"": 1.0, ""feasible_t"": 7.5, ""gross_delivery_t"": 7.5, ""order_month"": ""2035-03"", ""planned_arrival_month"": ""2036-03"", ""requested_t"": 7.5, ""shipment_id"": ""S0003"", ""source_id"": ""A"", ""source_name"": ""Earth-Core"", ""unfulfilled_request_t"": 0.0}, {""actual_arrival_month"": ""2036-04"", ""actual_delivery_share"": 1.0, ""availability_share"": 1.0, ""feasible_t"": 7.5, ""gross_delivery_t"": 7.5, ""order_month"": ""2035-04"", ""planned_arrival_month"": ""2036-04"", ""requested_t"": 7.5, ""shipment_id"": ""S0004"", ""source_id"": ""A"", ""source_name"": ""Earth-Core"", ""unfulfilled_request_t"": 0.0}, {""actual_arrival_month"": ""2036-05"", ""actual_delivery_share"": 1.0, ""availability_share"": 1.0, ""feasible_t"": 7.5, ""gross_delivery_t"": 7.5, ""order_month"": ""2035-05"", ""planned_arrival_month"": ""2036-05"", ""requested_t"": 7.5, ""shipment_id"": ""S0005"", ""source_id"": ""A"", ""source_name"": ""Earth-Core"", ""unfulfilled_request_t"": 0.0}, {""actual_arrival_month"": ""2036-06"", ""actual_delivery_share"": 1.0, ""availability_share"": 1.0, ""feasible_t"": 7.5, ""gross_delivery_t"": 7.5, ""order_month"": ""2035-06"", ""planned_arrival_month"": ""2036-06"", ""requested_t"": 7.5, ""shipment_id"": ""S0006"", ""source_id"": ""A"", ""source_name"": ""Earth-Core"", ""unfulfilled_request_t"": 0.0}, {""actual_arrival_month"": ""2036-07"", ""actual_delivery_share"": 1.0, ""availability_share"": 1.0, ""feasible_t"": 7.5, ""gross_delivery_t"": 7.5, ""order_month"": ""2035-07"", ""planned_arrival_month"": ""2036-07"", ""requested_t"": 7.5, ""shipment_id"": ""S0007"", ""source_id"": ""A"", ""source_name"": ""Earth-Core"", ""unfulfilled_request_t"": 0.0}, {""actual_arrival_month"": ""2036-08"", ""actual_delivery_share"": 1.0, ""availability_share"": 1.0, ""feasible_t"": 7.5, ""gross_delivery_t"": 7.5, ""order_month"": ""2035-08"", ""planned_arrival_month"": ""2036-08"", ""requested_t"": 7.5, ""shipment_id"": ""S0008"", ""source_id"": ""A"", ""source_name"": ""Earth-Core"", ""unfulfilled_request_t"": 0.0}, {""actual_arrival_month"": ""2036-09"", ""actual_delivery_share"": 1.0, ""availability_share"": 1.0, ""feasible_t"": 7.5, ""gross_delivery_t"": 7.5, ""order_month"": ""2035-09"", ""planned_arrival_month"": ""2036-09"", ""requested_t"": 7.5, ""shipment_id"": ""S0009"", ""source_id"": ""A"", ""source_name"": ""Earth-Core"", ""unfulfilled_request_t"": 0.0}, {""actual_arrival_month"": ""2036-10"", ""actual_delivery_share"": 1.0, ""availability_share"": 1.0, ""feasible_t"": 7.5, ""gross_delivery_t"": 7.5, ""order_month"": ""2035-10"", ""planned_arrival_month"": ""2036-10"", ""requested_t"": 7.5, ""shipment_id"": ""S0010"", ""source_id"": ""A"", ""source_name"": ""Earth-Core"", ""unfulfilled_request_t"": 0.0}, {""actual_arrival_month"": ""2036-11"", ""actual_delivery_share"": 1.0, ""availability_share"": 1.0, ""feasible_t"": 7.5, ""gross_delivery_t"": 7.5, ""order_month"": ""2035-11"", ""planned_arrival_month"": ""2036-11"", ""requested_t"": 7.5, ""shipment_id"": ""S0011"", ""source_id"": ""A"", ""source_name"": ""Earth-Core"", ""unfulfilled_request_t"": 0.0}, {""actual_arrival_month"": ""2036-12"", ""actual_delivery_share"": 1.0, ""availability_share"": 1.0, ""feasible_t"": 7.5, ""gross_delivery_t"": 7.5, ""order_month"": ""2035-12"", ""planned_arrival_month"": ""2036-12"", ""requested_t"": 7.5, ""shipment_id"": ""S0012"", ""source_id"": ""A"", ""source_name"": ""Earth-Core"", ""unfulfilled_request_t"": 0.0}, {""actual_arrival_month"": ""2037-01"", ""actual_delivery_share"": 1.0, ""availability_share"": 1.0, ""feasible_t"": 10.0, ""gross_delivery_t"": 10.0, ""order_month"": ""2036-01"", ""planned_arrival_month"": ""2037-01"", ""requested_t"": 10.0, ""shipment_id"": ""S0013"", ""source_id"": ""A"", ""source_name"": ""Earth-Core"", ""unfulfilled_request_t"": 0.0}, {""actual_arrival_month"": ""2037-02"", ""actual_delivery_share"": 1.0, ""availability_share"": 1.0, ""feasible_t"": 10.0, ""gross_delivery_t"": 10.0, ""order_month"": ""2036-02"", ""planned_arrival_month"": ""2037-02"", ""requested_t"": 10.0, ""shipment_id"": ""S0014"", ""source_id"": ""A"", ""source_name"": ""Earth-Core"", ""unfulfilled_request_t"": 0.0}, {""actual_arrival_month"": ""2036-03"", ""actual_delivery_share"": 1.0, ""availability_share"": 1.0, ""feasible_t"": 2.5, ""gross_delivery_t"": 2.5, ""order_month"": ""2035-11"", ""planned_arrival_month"": ""2036-03"", ""requested_t"": 2.5, ""shipment_id"": ""S0083"", ""source_id"": ""B"", ""source_name"": ""Earth-Flex"", ""unfulfilled_request_t"": 0.0}, {""actual_arrival_month"": ""2036-04"", ""actual_delivery_share"": 1.0, ""availability_share"": 1.0, ""feasible_t"": 2.5, ""gross_delivery_t"": 2.5, ""order_month"": ""2035-12"", ""planned_arrival_month"": ""2036-04"", ""requested_t"": 2.5, ""shipment_id"": ""S0084"", ""source_id"": ""B"", ""source_name"": ""Earth-Flex"", ""unfulfilled_request_t"": 0.0}, {""actual_arrival_month"": ""2036-05"", ""actual_delivery_share"": 1.0, ""availability_share"": 1.0, ""feasible_t"": 2.5, ""gross_delivery_t"": 2.5, ""order_month"": ""2036-01"", ""planned_arrival_month"": ""2036-05"", ""requested_t"": 2.5, ""shipment_id"": ""S0085"", ""source_id"": ""B"", ""source_name"": ""Earth-Flex"", ""unfulfilled_request_t"": 0.0}, {""actual_arrival_month"": ""2036-06"", ""actual_delivery_share"": 1.0, ""availability_share"": 1.0, ""feasible_t"": 2.5, ""gross_delivery_t"": 2.5, ""order_month"": ""2036-02"", ""planned_arrival_month"": ""2036-06"", ""requested_t"": 2.5, ""shipment_id"": ""S0086"", ""source_id"": ""B"", ""source_name"": ""Earth-Flex"", ""unfulfilled_request_t"": 0.0}]","{""A"": 7.5, ""B"": 2.5}","{""A"": 7.5, ""B"": 2.5}",10.0,0.12,9.88,9.88,0.0,9.88,8.75,1.1300000000000008,0.0,1.7866666666666653,0.0,ZBO,120.0,0.012,"[""ZBO""]",0.0,1.0,[]
2036-03,0.0,11.666666666666666,8.75,"{""A"": 130.0, ""B"": 60.0, ""C"": 0, ""D"": 0, ""E"": 30.0}","{""A"": 10.0, ""B"": 2.5}","[{""actual_arrival_month"": ""2036-04"", ""actual_delivery_share"": 1.0, ""availability_share"": 1.0, ""feasible_t"": 7.5, ""gross_delivery_t"": 7.5, ""order_month"": ""2035-04"", ""planned_arrival_month"": ""2036-04"", ""requested_t"": 7.5, ""shipment_id"": ""S0004"", ""source_id"": ""A"", ""source_name"": ""Earth-Core"", ""unfulfilled_request_t"": 0.0}, {""actual_arrival_month"": ""2036-05"", ""actual_delivery_share"": 1.0, ""availability_share"": 1.0, ""feasible_t"": 7.5, ""gross_delivery_t"": 7.5, ""order_month"": ""2035-05"", ""planned_arrival_month"": ""2036-05"", ""requested_t"": 7.5, ""shipment_id"": ""S0005"", ""source_id"": ""A"", ""source_name"": ""Earth-Core"", ""unfulfilled_request_t"": 0.0}, {""actual_arrival_month"": ""2036-06"", ""actual_delivery_share"": 1.0, ""availability_share"": 1.0, ""feasible_t"": 7.5, ""gross_delivery_t"": 7.5, ""order_month"": ""2035-06"", ""planned_arrival_month"": ""2036-06"", ""requested_t"": 7.5, ""shipment_id"": ""S0006"", ""source_id"": ""A"", ""source_name"": ""Earth-Core"", ""unfulfilled_request_t"": 0.0}, {""actual_arrival_month"": ""2036-07"", ""actual_delivery_share"": 1.0, ""availability_share"": 1.0, ""feasible_t"": 7.5, ""gross_delivery_t"": 7.5, ""order_month"": ""2035-07"", ""planned_arrival_month"": ""2036-07"", ""requested_t"": 7.5, ""shipment_id"": ""S0007"", ""source_id"": ""A"", ""source_name"": ""Earth-Core"", ""unfulfilled_request_t"": 0.0}, {""actual_arrival_month"": ""2036-08"", ""actual_delivery_share"": 1.0, ""availability_share"": 1.0, ""feasible_t"": 7.5, ""gross_delivery_t"": 7.5, ""order_month"": ""2035-08"", ""planned_arrival_month"": ""2036-08"", ""requested_t"": 7.5, ""shipment_id"": ""S0008"", ""source_id"": ""A"", ""source_name"": ""Earth-Core"", ""unfulfilled_request_t"": 0.0}, {""actual_arrival_month"": ""2036-09"", ""actual_delivery_share"": 1.0, ""availability_share"": 1.0, ""feasible_t"": 7.5, ""gross_delivery_t"": 7.5, ""order_month"": ""2035-09"", ""planned_arrival_month"": ""2036-09"", ""requested_t"": 7.5, ""shipment_id"": ""S0009"", ""source_id"": ""A"", ""source_name"": ""Earth-Core"", ""unfulfilled_request_t"": 0.0}, {""actual_arrival_month"": ""2036-10"", ""actual_delivery_share"": 1.0, ""availability_share"": 1.0, ""feasible_t"": 7.5, ""gross_delivery_t"": 7.5, ""order_month"": ""2035-10"", ""planned_arrival_month"": ""2036-10"", ""requested_t"": 7.5, ""shipment_id"": ""S0010"", ""source_id"": ""A"", ""source_name"": ""Earth-Core"", ""unfulfilled_request_t"": 0.0}, {""actual_arrival_month"": ""2036-11"", ""actual_delivery_share"": 1.0, ""availability_share"": 1.0, ""feasible_t"": 7.5, ""gross_delivery_t"": 7.5, ""order_month"": ""2035-11"", ""planned_arrival_month"": ""2036-11"", ""requested_t"": 7.5, ""shipment_id"": ""S0011"", ""source_id"": ""A"", ""source_name"": ""Earth-Core"", ""unfulfilled_request_t"": 0.0}, {""actual_arrival_month"": ""2036-12"", ""actual_delivery_share"": 1.0, ""availability_share"": 1.0, ""feasible_t"": 7.5, ""gross_delivery_t"": 7.5, ""order_month"": ""2035-12"", ""planned_arrival_month"": ""2036-12"", ""requested_t"": 7.5, ""shipment_id"": ""S0012"", ""source_id"": ""A"", ""source_name"": ""Earth-Core"", ""unfulfilled_request_t"": 0.0}, {""actual_arrival_month"": ""2037-01"", ""actual_delivery_share"": 1.0, ""availability_share"": 1.0, ""feasible_t"": 10.0, ""gross_delivery_t"": 10.0, ""order_month"": ""2036-01"", ""planned_arrival_month"": ""2037-01"", ""requested_t"": 10.0, ""shipment_id"": ""S0013"", ""source_id"": ""A"", ""source_name"": ""Earth-Core"", ""unfulfilled_request_t"": 0.0}, {""actual_arrival_month"": ""2037-02"", ""actual_delivery_share"": 1.0, ""availability_share"": 1.0, ""feasible_t"": 10.0, ""gross_delivery_t"": 10.0, ""order_month"": ""2036-02"", ""planned_arrival_month"": ""2037-02"", ""requested_t"": 10.0, ""shipment_id"": ""S0014"", ""source_id"": ""A"", ""source_name"": ""Earth-Core"", ""unfulfilled_request_t"": 0.0}, {""actual_arrival_month"": ""2037-03"", ""actual_delivery_share"": 1.0, ""availability_share"": 1.0, ""feasible_t"": 10.0, ""gross_delivery_t"": 10.0, ""order_month"": ""2036-03"", ""planned_arrival_month"": ""2037-03"", ""requested_t"": 10.0, ""shipment_id"": ""S0015"", ""source_id"": ""A"", ""source_name"": ""Earth-Core"", ""unfulfilled_request_t"": 0.0}, {""actual_arrival_month"": ""2036-04"", ""actual_delivery_share"": 1.0, ""availability_share"": 1.0, ""feasible_t"": 2.5, ""gross_delivery_t"": 2.5, ""order_month"": ""2035-12"", ""planned_arrival_month"": ""2036-04"", ""requested_t"": 2.5, ""shipment_id"": ""S0084"", ""source_id"": ""B"", ""source_name"": ""Earth-Flex"", ""unfulfilled_request_t"": 0.0}, {""actual_arrival_month"": ""2036-05"", ""actual_delivery_share"": 1.0, ""availability_share"": 1.0, ""feasible_t"": 2.5, ""gross_delivery_t"": 2.5, ""order_month"": ""2036-01"", ""planned_arrival_month"": ""2036-05"", ""requested_t"": 2.5, ""shipment_id"": ""S0085"", ""source_id"": ""B"", ""source_name"": ""Earth-Flex"", ""unfulfilled_request_t"": 0.0}, {""actual_arrival_month"": ""2036-06"", ""actual_delivery_share"": 1.0, ""availability_share"": 1.0, ""feasible_t"": 2.5, ""gross_delivery_t"": 2.5, ""order_month"": ""2036-02"", ""planned_arrival_month"": ""2036-06"", ""requested_t"": 2.5, ""shipment_id"": ""S0086"", ""source_id"": ""B"", ""source_name"": ""Earth-Flex"", ""unfulfilled_request_t"": 0.0}, {""actual_arrival_month"": ""2036-07"", ""actual_delivery_share"": 1.0, ""availability_share"": 1.0, ""feasible_t"": 2.5, ""gross_delivery_t"": 2.5, ""order_month"": ""2036-03"", ""planned_arrival_month"": ""2036-07"", ""requested_t"": 2.5, ""shipment_id"": ""S0087"", ""source_id"": ""B"", ""source_name"": ""Earth-Flex"", ""unfulfilled_request_t"": 0.0}]","{""A"": 7.5, ""B"": 2.5}","{""A"": 7.5, ""B"": 2.5}",10.0,0.12,9.88,9.88,0.0,9.88,8.75,1.1300000000000008,0.0,1.7866666666666653,0.0,ZBO,120.0,0.012,"[""ZBO""]",0.0,1.0,[]
2036-04,0.0,11.666666666666666,8.75,"{""A"": 130.0, ""B"": 60.0, ""C"": 0, ""D"": 0, ""E"": 30.0}","{""A"": 10.0, ""B"": 2.5}","[{""actual_arrival_month"": ""2036-05"", ""actual_delivery_share"": 1.0, ""availability_share"": 1.0, ""feasible_t"": 7.5, ""gross_delivery_t"": 7.5, ""order_month"": ""2035-05"", ""planned_arrival_month"": ""2036-05"", ""requested_t"": 7.5, ""shipment_id"": ""S0005"", ""source_id"": ""A"", ""source_name"": ""Earth-Core"", ""unfulfilled_request_t"": 0.0}, {""actual_arrival_month"": ""2036-06"", ""actual_delivery_share"": 1.0, ""availability_share"": 1.0, ""feasible_t"": 7.5, ""gross_delivery_t"": 7.5, ""order_month"": ""2035-06"", ""planned_arrival_month"": ""2036-06"", ""requested_t"": 7.5, ""shipment_id"": ""S0006"", ""source_id"": ""A"", ""source_name"": ""Earth-Core"", ""unfulfilled_request_t"": 0.0}, {""actual_arrival_month"": ""2036-07"", ""actual_delivery_share"": 1.0, ""availability_share"": 1.0, ""feasible_t"": 7.5, ""gross_delivery_t"": 7.5, ""order_month"": ""2035-07"", ""planned_arrival_month"": ""2036-07"", ""requested_t"": 7.5, ""shipment_id"": ""S0007"", ""source_id"": ""A"", ""source_name"": ""Earth-Core"", ""unfulfilled_request_t"": 0.0}, {""actual_arrival_month"": ""2036-08"", ""actual_delivery_share"": 1.0, ""availability_share"": 1.0, ""feasible_t"": 7.5, ""gross_delivery_t"": 7.5, ""order_month"": ""2035-08"", ""planned_arrival_month"": ""2036-08"", ""requested_t"": 7.5, ""shipment_id"": ""S0008"", ""source_id"": ""A"", ""source_name"": ""Earth-Core"", ""unfulfilled_request_t"": 0.0}, {""actual_arrival_month"": ""2036-09"", ""actual_delivery_share"": 1.0, ""availability_share"": 1.0, ""feasible_t"": 7.5, ""gross_delivery_t"": 7.5, ""order_month"": ""2035-09"", ""planned_arrival_month"": ""2036-09"", ""requested_t"": 7.5, ""shipment_id"": ""S0009"", ""source_id"": ""A"", ""source_name"": ""Earth-Core"", ""unfulfilled_request_t"": 0.0}, {""actual_arrival_month"": ""2036-10"", ""actual_delivery_share"": 1.0, ""availability_share"": 1.0, ""feasible_t"": 7.5, ""gross_delivery_t"": 7.5, ""order_month"": ""2035-10"", ""planned_arrival_month"": ""2036-10"", ""requested_t"": 7.5, ""shipment_id"": ""S0010"", ""source_id"": ""A"", ""source_name"": ""Earth-Core"", ""unfulfilled_request_t"": 0.0}, {""actual_arrival_month"": ""2036-11"", ""actual_delivery_share"": 1.0, ""availability_share"": 1.0, ""feasible_t"": 7.5, ""gross_delivery_t"": 7.5, ""order_month"": ""2035-11"", ""planned_arrival_month"": ""2036-11"", ""requested_t"": 7.5, ""shipment_id"": ""S0011"", ""source_id"": ""A"", ""source_name"": ""Earth-Core"", ""unfulfilled_request_t"": 0.0}, {""actual_arrival_month"": ""2036-12"", ""actual_delivery_share"": 1.0, ""availability_share"": 1.0, ""feasible_t"": 7.5, ""gross_delivery_t"": 7.5, ""order_month"": ""2035-12"", ""planned_arrival_month"": ""2036-12"", ""requested_t"": 7.5, ""shipment_id"": ""S0012"", ""source_id"": ""A"", ""source_name"": ""Earth-Core"", ""unfulfilled_request_t"": 0.0}, {""actual_arrival_month"": ""2037-01"", ""actual_delivery_share"": 1.0, ""availability_share"": 1.0, ""feasible_t"": 10.0, ""gross_delivery_t"": 10.0, ""order_month"": ""2036-01"", ""planned_arrival_month"": ""2037-01"", ""requested_t"": 10.0, ""shipment_id"": ""S0013"", ""source_id"": ""A"", ""source_name"": ""Earth-Core"", ""unfulfilled_request_t"": 0.0}, {""actual_arrival_month"": ""2037-02"", ""actual_delivery_share"": 1.0, ""availability_share"": 1.0, ""feasible_t"": 10.0, ""gross_delivery_t"": 10.0, ""order_month"": ""2036-02"", ""planned_arrival_month"": ""2037-02"", ""requested_t"": 10.0, ""shipment_id"": ""S0014"", ""source_id"": ""A"", ""source_name"": ""Earth-Core"", ""unfulfilled_request_t"": 0.0}, {""actual_arrival_month"": ""2037-03"", ""actual_delivery_share"": 1.0, ""availability_share"": 1.0, ""feasible_t"": 10.0, ""gross_delivery_t"": 10.0, ""order_month"": ""2036-03"", ""planned_arrival_month"": ""2037-03"", ""requested_t"": 10.0, ""shipment_id"": ""S0015"", ""source_id"": ""A"", ""source_name"": ""Earth-Core"", ""unfulfilled_request_t"": 0.0}, {""actual_arrival_month"": ""2037-04"", ""actual_delivery_share"": 1.0, ""availability_share"": 1.0, ""feasible_t"": 10.0, ""gross_delivery_t"": 10.0, ""order_month"": ""2036-04"", ""planned_arrival_month"": ""2037-04"", ""requested_t"": 10.0, ""shipment_id"": ""S0016"", ""source_id"": ""A"", ""source_name"": ""Earth-Core"", ""unfulfilled_request_t"": 0.0}, {""actual_arrival_month"": ""2036-05"", ""actual_delivery_share"": 1.0, ""availability_share"": 1.0, ""feasible_t"": 2.5, ""gross_delivery_t"": 2.5, ""order_month"": ""2036-01"", ""planned_arrival_month"": ""2036-05"", ""requested_t"": 2.5, ""shipment_id"": ""S0085"", ""source_id"": ""B"", ""source_name"": ""Earth-Flex"", ""unfulfilled_request_t"": 0.0}, {""actual_arrival_month"": ""2036-06"", ""actual_delivery_share"": 1.0, ""availability_share"": 1.0, ""feasible_t"": 2.5, ""gross_delivery_t"": 2.5, ""order_month"": ""2036-02"", ""planned_arrival_month"": ""2036-06"", ""requested_t"": 2.5, ""shipment_id"": ""S0086"", ""source_id"": ""B"", ""source_name"": ""Earth-Flex"", ""unfulfilled_request_t"": 0.0}, {""actual_arrival_month"": ""2036-07"", ""actual_delivery_share"": 1.0, ""availability_share"": 1.0, ""feasible_t"": 2.5, ""gross_delivery_t"": 2.5, ""order_month"": ""2036-03"", ""planned_arrival_month"": ""2036-07"", ""requested_t"": 2.5, ""shipment_id"": ""S0087"", ""source_id"": ""B"", ""source_name"": ""Earth-Flex"", ""unfulfilled_request_t"": 0.0}, {""actual_arrival_month"": ""2036-08"", ""actual_delivery_share"": 1.0, ""availability_share"": 1.0, ""feasible_t"": 2.5, ""gross_delivery_t"": 2.5, ""order_month"": ""2036-04"", ""planned_arrival_month"": ""2036-08"", ""requested_t"": 2.5, ""shipment_id"": ""S0088"", ""source_id"": ""B"", ""source_name"": ""Earth-Flex"", ""unfulfilled_request_t"": 0.0}]","{""A"": 7.5, ""B"": 2.5}","{""A"": 7.5, ""B"": 2.5}",10.0,0.12,9.88,9.88,0.0,9.88,8.75,1.1300000000000008,0.0,1.7866666666666653,0.0,ZBO,120.0,0.012,"[""ZBO""]",0.0,1.0,[]
2036-05,0.0,11.666666666666666,8.75,"{""A"": 130.0, ""B"": 60.0, ""C"": 0, ""D"": 0, ""E"": 30.0}","{""A"": 10.0, ""B"": 2.5}","[{""actual_arrival_month"": ""2036-06"", ""actual_delivery_share"": 1.0, ""availability_share"": 1.0, ""feasible_t"": 7.5, ""gross_delivery_t"": 7.5, ""order_month"": ""2035-06"", ""planned_arrival_month"": ""2036-06"", ""requested_t"": 7.5, ""shipment_id"": ""S0006"", ""source_id"": ""A"", ""source_name"": ""Earth-Core"", ""unfulfilled_request_t"": 0.0}, {""actual_arrival_month"": ""2036-07"", ""actual_delivery_share"": 1.0, ""availability_share"": 1.0, ""feasible_t"": 7.5, ""gross_delivery_t"": 7.5, ""order_month"": ""2035-07"", ""planned_arrival_month"": ""2036-07"", ""requested_t"": 7.5, ""shipment_id"": ""S0007"", ""source_id"": ""A"", ""source_name"": ""Earth-Core"", ""unfulfilled_request_t"": 0.0}, {""actual_arrival_month"": ""2036-08"", ""actual_delivery_share"": 1.0, ""availability_share"": 1.0, ""feasible_t"": 7.5, ""gross_delivery_t"": 7.5, ""order_month"": ""2035-08"", ""planned_arrival_month"": ""2036-08"", ""requested_t"": 7.5, ""shipment_id"": ""S0008"", ""source_id"": ""A"", ""source_name"": ""Earth-Core"", ""unfulfilled_request_t"": 0.0}, {""actual_arrival_month"": ""2036-09"", ""actual_delivery_share"": 1.0, ""availability_share"": 1.0, ""feasible_t"": 7.5, ""gross_delivery_t"": 7.5, ""order_month"": ""2035-09"", ""planned_arrival_month"": ""2036-09"", ""requested_t"": 7.5, ""shipment_id"": ""S0009"", ""source_id"": ""A"", ""source_name"": ""Earth-Core"", ""unfulfilled_request_t"": 0.0}, {""actual_arrival_month"": ""2036-10"", ""actual_delivery_share"": 1.0, ""availability_share"": 1.0, ""feasible_t"": 7.5, ""gross_delivery_t"": 7.5, ""order_month"": ""2035-10"", ""planned_arrival_month"": ""2036-10"", ""requested_t"": 7.5, ""shipment_id"": ""S0010"", ""source_id"": ""A"", ""source_name"": ""Earth-Core"", ""unfulfilled_request_t"": 0.0}, {""actual_arrival_month"": ""2036-11"", ""actual_delivery_share"": 1.0, ""availability_share"": 1.0, ""feasible_t"": 7.5, ""gross_delivery_t"": 7.5, ""order_month"": ""2035-11"", ""planned_arrival_month"": ""2036-11"", ""requested_t"": 7.5, ""shipment_id"": ""S0011"", ""source_id"": ""A"", ""source_name"": ""Earth-Core"", ""unfulfilled_request_t"": 0.0}, {""actual_arrival_month"": ""2036-12"", ""actual_delivery_share"": 1.0, ""availability_share"": 1.0, ""feasible_t"": 7.5, ""gross_delivery_t"": 7.5, ""order_month"": ""2035-12"", ""planned_arrival_month"": ""2036-12"", ""requested_t"": 7.5, ""shipment_id"": ""S0012"", ""source_id"": ""A"", ""source_name"": ""Earth-Core"", ""unfulfilled_request_t"": 0.0}, {""actual_arrival_month"": ""2037-01"", ""actual_delivery_share"": 1.0, ""availability_share"": 1.0, ""feasible_t"": 10.0, ""gross_delivery_t"": 10.0, ""order_month"": ""2036-01"", ""planned_arrival_month"": ""2037-01"", ""requested_t"": 10.0, ""shipment_id"": ""S0013"", ""source_id"": ""A"", ""source_name"": ""Earth-Core"", ""unfulfilled_request_t"": 0.0}, {""actual_arrival_month"": ""2037-02"", ""actual_delivery_share"": 1.0, ""availability_share"": 1.0, ""feasible_t"": 10.0, ""gross_delivery_t"": 10.0, ""order_month"": ""2036-02"", ""planned_arrival_month"": ""2037-02"", ""requested_t"": 10.0, ""shipment_id"": ""S0014"", ""source_id"": ""A"", ""source_name"": ""Earth-Core"", ""unfulfilled_request_t"": 0.0}, {""actual_arrival_month"": ""2037-03"", ""actual_delivery_share"": 1.0, ""availability_share"": 1.0, ""feasible_t"": 10.0, ""gross_delivery_t"": 10.0, ""order_month"": ""2036-03"", ""planned_arrival_month"": ""2037-03"", ""requested_t"": 10.0, ""shipment_id"": ""S0015"", ""source_id"": ""A"", ""source_name"": ""Earth-Core"", ""unfulfilled_request_t"": 0.0}, {""actual_arrival_month"": ""2037-04"", ""actual_delivery_share"": 1.0, ""availability_share"": 1.0, ""feasible_t"": 10.0, ""gross_delivery_t"": 10.0, ""order_month"": ""2036-04"", ""planned_arrival_month"": ""2037-04"", ""requested_t"": 10.0, ""shipment_id"": ""S0016"", ""source_id"": ""A"", ""source_name"": ""Earth-Core"", ""unfulfilled_request_t"": 0.0}, {""actual_arrival_month"": ""2037-05"", ""actual_delivery_share"": 1.0, ""availability_share"": 1.0, ""feasible_t"": 10.0, ""gross_delivery_t"": 10.0, ""order_month"": ""2036-05"", ""planned_arrival_month"": ""2037-05"", ""requested_t"": 10.0, ""shipment_id"": ""S0017"", ""source_id"": ""A"", ""source_name"": ""Earth-Core"", ""unfulfilled_request_t"": 0.0}, {""actual_arrival_month"": ""2036-06"", ""actual_delivery_share"": 1.0, ""availability_share"": 1.0, ""feasible_t"": 2.5, ""gross_delivery_t"": 2.5, ""order_month"": ""2036-02"", ""planned_arrival_month"": ""2036-06"", ""requested_t"": 2.5, ""shipment_id"": ""S0086"", ""source_id"": ""B"", ""source_name"": ""Earth-Flex"", ""unfulfilled_request_t"": 0.0}, {""actual_arrival_month"": ""2036-07"", ""actual_delivery_share"": 1.0, ""availability_share"": 1.0, ""feasible_t"": 2.5, ""gross_delivery_t"": 2.5, ""order_month"": ""2036-03"", ""planned_arrival_month"": ""2036-07"", ""requested_t"": 2.5, ""shipment_id"": ""S0087"", ""source_id"": ""B"", ""source_name"": ""Earth-Flex"", ""unfulfilled_request_t"": 0.0}, {""actual_arrival_month"": ""2036-08"", ""actual_delivery_share"": 1.0, ""availability_share"": 1.0, ""feasible_t"": 2.5, ""gross_delivery_t"": 2.5, ""order_month"": ""2036-04"", ""planned_arrival_month"": ""2036-08"", ""requested_t"": 2.5, ""shipment_id"": ""S0088"", ""source_id"": ""B"", ""source_name"": ""Earth-Flex"", ""unfulfilled_request_t"": 0.0}, {""actual_arrival_month"": ""2036-09"", ""actual_delivery_share"": 1.0, ""availability_share"": 1.0, ""feasible_t"": 2.5, ""gross_delivery_t"": 2.5, ""order_month"": ""2036-05"", ""planned_arrival_month"": ""2036-09"", ""requested_t"": 2.5, ""shipment_id"": ""S0089"", ""source_id"": ""B"", ""source_name"": ""Earth-Flex"", ""unfulfilled_request_t"": 0.0}]","{""A"": 7.5, ""B"": 2.5}","{""A"": 7.5, ""B"": 2.5}",10.0,0.12,9.88,9.88,0.0,9.88,8.75,1.1300000000000008,0.0,1.7866666666666653,0.0,ZBO,120.0,0.012,"[""ZBO""]",0.0,1.0,[]
2036-06,0.0,11.666666666666666,8.75,"{""A"": 130.0, ""B"": 60.0, ""C"": 0, ""D"": 0, ""E"": 30.0}","{""A"": 10.0, ""B"": 2.5}","[{""actual_arrival_month"": ""2036-07"", ""actual_delivery_share"": 1.0, ""availability_share"": 1.0, ""feasible_t"": 7.5, ""gross_delivery_t"": 7.5, ""order_month"": ""2035-07"", ""planned_arrival_month"": ""2036-07"", ""requested_t"": 7.5, ""shipment_id"": ""S0007"", ""source_id"": ""A"", ""source_name"": ""Earth-Core"", ""unfulfilled_request_t"": 0.0}, {""actual_arrival_month"": ""2036-08"", ""actual_delivery_share"": 1.0, ""availability_share"": 1.0, ""feasible_t"": 7.5, ""gross_delivery_t"": 7.5, ""order_month"": ""2035-08"", ""planned_arrival_month"": ""2036-08"", ""requested_t"": 7.5, ""shipment_id"": ""S0008"", ""source_id"": ""A"", ""source_name"": ""Earth-Core"", ""unfulfilled_request_t"": 0.0}, {""actual_arrival_month"": ""2036-09"", ""actual_delivery_share"": 1.0, ""availability_share"": 1.0, ""feasible_t"": 7.5, ""gross_delivery_t"": 7.5, ""order_month"": ""2035-09"", ""planned_arrival_month"": ""2036-09"", ""requested_t"": 7.5, ""shipment_id"": ""S0009"", ""source_id"": ""A"", ""source_name"": ""Earth-Core"", ""unfulfilled_request_t"": 0.0}, {""actual_arrival_month"": ""2036-10"", ""actual_delivery_share"": 1.0, ""availability_share"": 1.0, ""feasible_t"": 7.5, ""gross_delivery_t"": 7.5, ""order_month"": ""2035-10"", ""planned_arrival_month"": ""2036-10"", ""requested_t"": 7.5, ""shipment_id"": ""S0010"", ""source_id"": ""A"", ""source_name"": ""Earth-Core"", ""unfulfilled_request_t"": 0.0}, {""actual_arrival_month"": ""2036-11"", ""actual_delivery_share"": 1.0, ""availability_share"": 1.0, ""feasible_t"": 7.5, ""gross_delivery_t"": 7.5, ""order_month"": ""2035-11"", ""planned_arrival_month"": ""2036-11"", ""requested_t"": 7.5, ""shipment_id"": ""S0011"", ""source_id"": ""A"", ""source_name"": ""Earth-Core"", ""unfulfilled_request_t"": 0.0}, {""actual_arrival_month"": ""2036-12"", ""actual_delivery_share"": 1.0, ""availability_share"": 1.0, ""feasible_t"": 7.5, ""gross_delivery_t"": 7.5, ""order_month"": ""2035-12"", ""planned_arrival_month"": ""2036-12"", ""requested_t"": 7.5, ""shipment_id"": ""S0012"", ""source_id"": ""A"", ""source_name"": ""Earth-Core"", ""unfulfilled_request_t"": 0.0}, {""actual_arrival_month"": ""2037-01"", ""actual_delivery_share"": 1.0, ""availability_share"": 1.0, ""feasible_t"": 10.0, ""gross_delivery_t"": 10.0, ""order_month"": ""2036-01"", ""planned_arrival_month"": ""2037-01"", ""requested_t"": 10.0, ""shipment_id"": ""S0013"", ""source_id"": ""A"", ""source_name"": ""Earth-Core"", ""unfulfilled_request_t"": 0.0}, {""actual_arrival_month"": ""2037-02"", ""actual_delivery_share"": 1.0, ""availability_share"": 1.0, ""feasible_t"": 10.0, ""gross_delivery_t"": 10.0, ""order_month"": ""2036-02"", ""planned_arrival_month"": ""2037-02"", ""requested_t"": 10.0, ""shipment_id"": ""S0014"", ""source_id"": ""A"", ""source_name"": ""Earth-Core"", ""unfulfilled_request_t"": 0.0}, {""actual_arrival_month"": ""2037-03"", ""actual_delivery_share"": 1.0, ""availability_share"": 1.0, ""feasible_t"": 10.0, ""gross_delivery_t"": 10.0, ""order_month"": ""2036-03"", ""planned_arrival_month"": ""2037-03"", ""requested_t"": 10.0, ""shipment_id"": ""S0015"", ""source_id"": ""A"", ""source_name"": ""Earth-Core"", ""unfulfilled_request_t"": 0.0}, {""actual_arrival_month"": ""2037-04"", ""actual_delivery_share"": 1.0, ""availability_share"": 1.0, ""feasible_t"": 10.0, ""gross_delivery_t"": 10.0, ""order_month"": ""2036-04"", ""planned_arrival_month"": ""2037-04"", ""requested_t"": 10.0, ""shipment_id"": ""S0016"", ""source_id"": ""A"", ""source_name"": ""Earth-Core"", ""unfulfilled_request_t"": 0.0}, {""actual_arrival_month"": ""2037-05"", ""actual_delivery_share"": 1.0, ""availability_share"": 1.0, ""feasible_t"": 10.0, ""gross_delivery_t"": 10.0, ""order_month"": ""2036-05"", ""planned_arrival_month"": ""2037-05"", ""requested_t"": 10.0, ""shipment_id"": ""S0017"", ""source_id"": ""A"", ""source_name"": ""Earth-Core"", ""unfulfilled_request_t"": 0.0}, {""actual_arrival_month"": ""2037-06"", ""actual_delivery_share"": 1.0, ""availability_share"": 1.0, ""feasible_t"": 10.0, ""gross_delivery_t"": 10.0, ""order_month"": ""2036-06"", ""planned_arrival_month"": ""2037-06"", ""requested_t"": 10.0, ""shipment_id"": ""S0018"", ""source_id"": ""A"", ""source_name"": ""Earth-Core"", ""unfulfilled_request_t"": 0.0}, {""actual_arrival_month"": ""2036-07"", ""actual_delivery_share"": 1.0, ""availability_share"": 1.0, ""feasible_t"": 2.5, ""gross_delivery_t"": 2.5, ""order_month"": ""2036-03"", ""planned_arrival_month"": ""2036-07"", ""requested_t"": 2.5, ""shipment_id"": ""S0087"", ""source_id"": ""B"", ""source_name"": ""Earth-Flex"", ""unfulfilled_request_t"": 0.0}, {""actual_arrival_month"": ""2036-08"", ""actual_delivery_share"": 1.0, ""availability_share"": 1.0, ""feasible_t"": 2.5, ""gross_delivery_t"": 2.5, ""order_month"": ""2036-04"", ""planned_arrival_month"": ""2036-08"", ""requested_t"": 2.5, ""shipment_id"": ""S0088"", ""source_id"": ""B"", ""source_name"": ""Earth-Flex"", ""unfulfilled_request_t"": 0.0}, {""actual_arrival_month"": ""2036-09"", ""actual_delivery_share"": 1.0, ""availability_share"": 1.0, ""feasible_t"": 2.5, ""gross_delivery_t"": 2.5, ""order_month"": ""2036-05"", ""planned_arrival_month"": ""2036-09"", ""requested_t"": 2.5, ""shipment_id"": ""S0089"", ""source_id"": ""B"", ""source_name"": ""Earth-Flex"", ""unfulfilled_request_t"": 0.0}, {""actual_arrival_month"": ""2036-10"", ""actual_delivery_share"": 1.0, ""availability_share"": 1.0, ""feasible_t"": 2.5, ""gross_delivery_t"": 2.5, ""order_month"": ""2036-06"", ""planned_arrival_month"": ""2036-10"", ""requested_t"": 2.5, ""shipment_id"": ""S0090"", ""source_id"": ""B"", ""source_name"": ""Earth-Flex"", ""unfulfilled_request_t"": 0.0}]","{""A"": 7.5, ""B"": 2.5}","{""A"": 7.5, ""B"": 2.5}",10.0,0.12,9.88,9.88,0.0,9.88,8.75,1.1300000000000008,0.0,1.7866666666666653,0.0,ZBO,120.0,0.012,"[""ZBO""]",0.0,1.0,[]
2036-07,0.0,11.666666666666666,8.75,"{""A"": 130.0, ""B"": 60.0, ""C"": 0, ""D"": 0, ""E"": 30.0}","{""A"": 10.0, ""B"": 2.5}","[{""actual_arrival_month"": ""2036-08"", ""actual_delivery_share"": 1.0, ""availability_share"": 1.0, ""feasible_t"": 7.5, ""gross_delivery_t"": 7.5, ""order_month"": ""2035-08"", ""planned_arrival_month"": ""2036-08"", ""requested_t"": 7.5, ""shipment_id"": ""S0008"", ""source_id"": ""A"", ""source_name"": ""Earth-Core"", ""unfulfilled_request_t"": 0.0}, {""actual_arrival_month"": ""2036-09"", ""actual_delivery_share"": 1.0, ""availability_share"": 1.0, ""feasible_t"": 7.5, ""gross_delivery_t"": 7.5, ""order_month"": ""2035-09"", ""planned_arrival_month"": ""2036-09"", ""requested_t"": 7.5, ""shipment_id"": ""S0009"", ""source_id"": ""A"", ""source_name"": ""Earth-Core"", ""unfulfilled_request_t"": 0.0}, {""actual_arrival_month"": ""2036-10"", ""actual_delivery_share"": 1.0, ""availability_share"": 1.0, ""feasible_t"": 7.5, ""gross_delivery_t"": 7.5, ""order_month"": ""2035-10"", ""planned_arrival_month"": ""2036-10"", ""requested_t"": 7.5, ""shipment_id"": ""S0010"", ""source_id"": ""A"", ""source_name"": ""Earth-Core"", ""unfulfilled_request_t"": 0.0}, {""actual_arrival_month"": ""2036-11"", ""actual_delivery_share"": 1.0, ""availability_share"": 1.0, ""feasible_t"": 7.5, ""gross_delivery_t"": 7.5, ""order_month"": ""2035-11"", ""planned_arrival_month"": ""2036-11"", ""requested_t"": 7.5, ""shipment_id"": ""S0011"", ""source_id"": ""A"", ""source_name"": ""Earth-Core"", ""unfulfilled_request_t"": 0.0}, {""actual_arrival_month"": ""2036-12"", ""actual_delivery_share"": 1.0, ""availability_share"": 1.0, ""feasible_t"": 7.5, ""gross_delivery_t"": 7.5, ""order_month"": ""2035-12"", ""planned_arrival_month"": ""2036-12"", ""requested_t"": 7.5, ""shipment_id"": ""S0012"", ""source_id"": ""A"", ""source_name"": ""Earth-Core"", ""unfulfilled_request_t"": 0.0}, {""actual_arrival_month"": ""2037-01"", ""actual_delivery_share"": 1.0, ""availability_share"": 1.0, ""feasible_t"": 10.0, ""gross_delivery_t"": 10.0, ""order_month"": ""2036-01"", ""planned_arrival_month"": ""2037-01"", ""requested_t"": 10.0, ""shipment_id"": ""S0013"", ""source_id"": ""A"", ""source_name"": ""Earth-Core"", ""unfulfilled_request_t"": 0.0}, {""actual_arrival_month"": ""2037-02"", ""actual_delivery_share"": 1.0, ""availability_share"": 1.0, ""feasible_t"": 10.0, ""gross_delivery_t"": 10.0, ""order_month"": ""2036-02"", ""planned_arrival_month"": ""2037-02"", ""requested_t"": 10.0, ""shipment_id"": ""S0014"", ""source_id"": ""A"", ""source_name"": ""Earth-Core"", ""unfulfilled_request_t"": 0.0}, {""actual_arrival_month"": ""2037-03"", ""actual_delivery_share"": 1.0, ""availability_share"": 1.0, ""feasible_t"": 10.0, ""gross_delivery_t"": 10.0, ""order_month"": ""2036-03"", ""planned_arrival_month"": ""2037-03"", ""requested_t"": 10.0, ""shipment_id"": ""S0015"", ""source_id"": ""A"", ""source_name"": ""Earth-Core"", ""unfulfilled_request_t"": 0.0}, {""actual_arrival_month"": ""2037-04"", ""actual_delivery_share"": 1.0, ""availability_share"": 1.0, ""feasible_t"": 10.0, ""gross_delivery_t"": 10.0, ""order_month"": ""2036-04"", ""planned_arrival_month"": ""2037-04"", ""requested_t"": 10.0, ""shipment_id"": ""S0016"", ""source_id"": ""A"", ""source_name"": ""Earth-Core"", ""unfulfilled_request_t"": 0.0}, {""actual_arrival_month"": ""2037-05"", ""actual_delivery_share"": 1.0, ""availability_share"": 1.0, ""feasible_t"": 10.0, ""gross_delivery_t"": 10.0, ""order_month"": ""2036-05"", ""planned_arrival_month"": ""2037-05"", ""requested_t"": 10.0, ""shipment_id"": ""S0017"", ""source_id"": ""A"", ""source_name"": ""Earth-Core"", ""unfulfilled_request_t"": 0.0}, {""actual_arrival_month"": ""2037-06"", ""actual_delivery_share"": 1.0, ""availability_share"": 1.0, ""feasible_t"": 10.0, ""gross_delivery_t"": 10.0, ""order_month"": ""2036-06"", ""planned_arrival_month"": ""2037-06"", ""requested_t"": 10.0, ""shipment_id"": ""S0018"", ""source_id"": ""A"", ""source_name"": ""Earth-Core"", ""unfulfilled_request_t"": 0.0}, {""actual_arrival_month"": ""2037-07"", ""actual_delivery_share"": 1.0, ""availability_share"": 1.0, ""feasible_t"": 10.0, ""gross_delivery_t"": 10.0, ""order_month"": ""2036-07"", ""planned_arrival_month"": ""2037-07"", ""requested_t"": 10.0, ""shipment_id"": ""S0019"", ""source_id"": ""A"", ""source_name"": ""Earth-Core"", ""unfulfilled_request_t"": 0.0}, {""actual_arrival_month"": ""2036-08"", ""actual_delivery_share"": 1.0, ""availability_share"": 1.0, ""feasible_t"": 2.5, ""gross_delivery_t"": 2.5, ""order_month"": ""2036-04"", ""planned_arrival_month"": ""2036-08"", ""requested_t"": 2.5, ""shipment_id"": ""S0088"", ""source_id"": ""B"", ""source_name"": ""Earth-Flex"", ""unfulfilled_request_t"": 0.0}, {""actual_arrival_month"": ""2036-09"", ""actual_delivery_share"": 1.0, ""availability_share"": 1.0, ""feasible_t"": 2.5, ""gross_delivery_t"": 2.5, ""order_month"": ""2036-05"", ""planned_arrival_month"": ""2036-09"", ""requested_t"": 2.5, ""shipment_id"": ""S0089"", ""source_id"": ""B"", ""source_name"": ""Earth-Flex"", ""unfulfilled_request_t"": 0.0}, {""actual_arrival_month"": ""2036-10"", ""actual_delivery_share"": 1.0, ""availability_share"": 1.0, ""feasible_t"": 2.5, ""gross_delivery_t"": 2.5, ""order_month"": ""2036-06"", ""planned_arrival_month"": ""2036-10"", ""requested_t"": 2.5, ""shipment_id"": ""S0090"", ""source_id"": ""B"", ""source_name"": ""Earth-Flex"", ""unfulfilled_request_t"": 0.0}, {""actual_arrival_month"": ""2036-11"", ""actual_delivery_share"": 1.0, ""availability_share"": 1.0, ""feasible_t"": 2.5, ""gross_delivery_t"": 2.5, ""order_month"": ""2036-07"", ""planned_arrival_month"": ""2036-11"", ""requested_t"": 2.5, ""shipment_id"": ""S0091"", ""source_id"": ""B"", ""source_name"": ""Earth-Flex"", ""unfulfilled_request_t"": 0.0}]","{""A"": 7.5, ""B"": 2.5}","{""A"": 7.5, ""B"": 2.5}",10.0,0.12,9.88,9.88,0.0,9.88,8.75,1.1300000000000008,0.0,1.7866666666666653,0.0,ZBO,120.0,0.012,"[""ZBO""]",0.0,1.0,[]
2036-08,0.0,11.666666666666666,8.75,"{""A"": 130.0, ""B"": 60.0, ""C"": 0, ""D"": 0, ""E"": 30.0}","{""A"": 10.0, ""B"": 2.5}","[{""actual_arrival_month"": ""2036-09"", ""actual_delivery_share"": 1.0, ""availability_share"": 1.0, ""feasible_t"": 7.5, ""gross_delivery_t"": 7.5, ""order_month"": ""2035-09"", ""planned_arrival_month"": ""2036-09"", ""requested_t"": 7.5, ""shipment_id"": ""S0009"", ""source_id"": ""A"", ""source_name"": ""Earth-Core"", ""unfulfilled_request_t"": 0.0}, {""actual_arrival_month"": ""2036-10"", ""actual_delivery_share"": 1.0, ""availability_share"": 1.0, ""feasible_t"": 7.5, ""gross_delivery_t"": 7.5, ""order_month"": ""2035-10"", ""planned_arrival_month"": ""2036-10"", ""requested_t"": 7.5, ""shipment_id"": ""S0010"", ""source_id"": ""A"", ""source_name"": ""Earth-Core"", ""unfulfilled_request_t"": 0.0}, {""actual_arrival_month"": ""2036-11"", ""actual_delivery_share"": 1.0, ""availability_share"": 1.0, ""feasible_t"": 7.5, ""gross_delivery_t"": 7.5, ""order_month"": ""2035-11"", ""planned_arrival_month"": ""2036-11"", ""requested_t"": 7.5, ""shipment_id"": ""S0011"", ""source_id"": ""A"", ""source_name"": ""Earth-Core"", ""unfulfilled_request_t"": 0.0}, {""actual_arrival_month"": ""2036-12"", ""actual_delivery_share"": 1.0, ""availability_share"": 1.0, ""feasible_t"": 7.5, ""gross_delivery_t"": 7.5, ""order_month"": ""2035-12"", ""planned_arrival_month"": ""2036-12"", ""requested_t"": 7.5, ""shipment_id"": ""S0012"", ""source_id"": ""A"", ""source_name"": ""Earth-Core"", ""unfulfilled_request_t"": 0.0}, {""actual_arrival_month"": ""2037-01"", ""actual_delivery_share"": 1.0, ""availability_share"": 1.0, ""feasible_t"": 10.0, ""gross_delivery_t"": 10.0, ""order_month"": ""2036-01"", ""planned_arrival_month"": ""2037-01"", ""requested_t"": 10.0, ""shipment_id"": ""S0013"", ""source_id"": ""A"", ""source_name"": ""Earth-Core"", ""unfulfilled_request_t"": 0.0}, {""actual_arrival_month"": ""2037-02"", ""actual_delivery_share"": 1.0, ""availability_share"": 1.0, ""feasible_t"": 10.0, ""gross_delivery_t"": 10.0, ""order_month"": ""2036-02"", ""planned_arrival_month"": ""2037-02"", ""requested_t"": 10.0, ""shipment_id"": ""S0014"", ""source_id"": ""A"", ""source_name"": ""Earth-Core"", ""unfulfilled_request_t"": 0.0}, {""actual_arrival_month"": ""2037-03"", ""actual_delivery_share"": 1.0, ""availability_share"": 1.0, ""feasible_t"": 10.0, ""gross_delivery_t"": 10.0, ""order_month"": ""2036-03"", ""planned_arrival_month"": ""2037-03"", ""requested_t"": 10.0, ""shipment_id"": ""S0015"", ""source_id"": ""A"", ""source_name"": ""Earth-Core"", ""unfulfilled_request_t"": 0.0}, {""actual_arrival_month"": ""2037-04"", ""actual_delivery_share"": 1.0, ""availability_share"": 1.0, ""feasible_t"": 10.0, ""gross_delivery_t"": 10.0, ""order_month"": ""2036-04"", ""planned_arrival_month"": ""2037-04"", ""requested_t"": 10.0, ""shipment_id"": ""S0016"", ""source_id"": ""A"", ""source_name"": ""Earth-Core"", ""unfulfilled_request_t"": 0.0}, {""actual_arrival_month"": ""2037-05"", ""actual_delivery_share"": 1.0, ""availability_share"": 1.0, ""feasible_t"": 10.0, ""gross_delivery_t"": 10.0, ""order_month"": ""2036-05"", ""planned_arrival_month"": ""2037-05"", ""requested_t"": 10.0, ""shipment_id"": ""S0017"", ""source_id"": ""A"", ""source_name"": ""Earth-Core"", ""unfulfilled_request_t"": 0.0}, {""actual_arrival_month"": ""2037-06"", ""actual_delivery_share"": 1.0, ""availability_share"": 1.0, ""feasible_t"": 10.0, ""gross_delivery_t"": 10.0, ""order_month"": ""2036-06"", ""planned_arrival_month"": ""2037-06"", ""requested_t"": 10.0, ""shipment_id"": ""S0018"", ""source_id"": ""A"", ""source_name"": ""Earth-Core"", ""unfulfilled_request_t"": 0.0}, {""actual_arrival_month"": ""2037-07"", ""actual_delivery_share"": 1.0, ""availability_share"": 1.0, ""feasible_t"": 10.0, ""gross_delivery_t"": 10.0, ""order_month"": ""2036-07"", ""planned_arrival_month"": ""2037-07"", ""requested_t"": 10.0, ""shipment_id"": ""S0019"", ""source_id"": ""A"", ""source_name"": ""Earth-Core"", ""unfulfilled_request_t"": 0.0}, {""actual_arrival_month"": ""2037-08"", ""actual_delivery_share"": 1.0, ""availability_share"": 1.0, ""feasible_t"": 10.0, ""gross_delivery_t"": 10.0, ""order_month"": ""2036-08"", ""planned_arrival_month"": ""2037-08"", ""requested_t"": 10.0, ""shipment_id"": ""S0020"", ""source_id"": ""A"", ""source_name"": ""Earth-Core"", ""unfulfilled_request_t"": 0.0}, {""actual_arrival_month"": ""2036-09"", ""actual_delivery_share"": 1.0, ""availability_share"": 1.0, ""feasible_t"": 2.5, ""gross_delivery_t"": 2.5, ""order_month"": ""2036-05"", ""planned_arrival_month"": ""2036-09"", ""requested_t"": 2.5, ""shipment_id"": ""S0089"", ""source_id"": ""B"", ""source_name"": ""Earth-Flex"", ""unfulfilled_request_t"": 0.0}, {""actual_arrival_month"": ""2036-10"", ""actual_delivery_share"": 1.0, ""availability_share"": 1.0, ""feasible_t"": 2.5, ""gross_delivery_t"": 2.5, ""order_month"": ""2036-06"", ""planned_arrival_month"": ""2036-10"", ""requested_t"": 2.5, ""shipment_id"": ""S0090"", ""source_id"": ""B"", ""source_name"": ""Earth-Flex"", ""unfulfilled_request_t"": 0.0}, {""actual_arrival_month"": ""2036-11"", ""actual_delivery_share"": 1.0, ""availability_share"": 1.0, ""feasible_t"": 2.5, ""gross_delivery_t"": 2.5, ""order_month"": ""2036-07"", ""planned_arrival_month"": ""2036-11"", ""requested_t"": 2.5, ""shipment_id"": ""S0091"", ""source_id"": ""B"", ""source_name"": ""Earth-Flex"", ""unfulfilled_request_t"": 0.0}, {""actual_arrival_month"": ""2036-12"", ""actual_delivery_share"": 1.0, ""availability_share"": 1.0, ""feasible_t"": 2.5, ""gross_delivery_t"": 2.5, ""order_month"": ""2036-08"", ""planned_arrival_month"": ""2036-12"", ""requested_t"": 2.5, ""shipment_id"": ""S0092"", ""source_id"": ""B"", ""source_name"": ""Earth-Flex"", ""unfulfilled_request_t"": 0.0}]","{""A"": 7.5, ""B"": 2.5}","{""A"": 7.5, ""B"": 2.5}",10.0,0.12,9.88,9.88,0.0,9.88,8.75,1.1300000000000008,0.0,1.7866666666666653,0.0,ZBO,120.0,0.012,"[""ZBO""]",0.0,1.0,[]
2036-09,0.0,11.666666666666666,8.75,"{""A"": 130.0, ""B"": 60.0, ""C"": 0, ""D"": 0, ""E"": 30.0}","{""A"": 10.0, ""B"": 2.5}","[{""actual_arrival_month"": ""2036-10"", ""actual_delivery_share"": 1.0, ""availability_share"": 1.0, ""feasible_t"": 7.5, ""gross_delivery_t"": 7.5, ""order_month"": ""2035-10"", ""planned_arrival_month"": ""2036-10"", ""requested_t"": 7.5, ""shipment_id"": ""S0010"", ""source_id"": ""A"", ""source_name"": ""Earth-Core"", ""unfulfilled_request_t"": 0.0}, {""actual_arrival_month"": ""2036-11"", ""actual_delivery_share"": 1.0, ""availability_share"": 1.0, ""feasible_t"": 7.5, ""gross_delivery_t"": 7.5, ""order_month"": ""2035-11"", ""planned_arrival_month"": ""2036-11"", ""requested_t"": 7.5, ""shipment_id"": ""S0011"", ""source_id"": ""A"", ""source_name"": ""Earth-Core"", ""unfulfilled_request_t"": 0.0}, {""actual_arrival_month"": ""2036-12"", ""actual_delivery_share"": 1.0, ""availability_share"": 1.0, ""feasible_t"": 7.5, ""gross_delivery_t"": 7.5, ""order_month"": ""2035-12"", ""planned_arrival_month"": ""2036-12"", ""requested_t"": 7.5, ""shipment_id"": ""S0012"", ""source_id"": ""A"", ""source_name"": ""Earth-Core"", ""unfulfilled_request_t"": 0.0}, {""actual_arrival_month"": ""2037-01"", ""actual_delivery_share"": 1.0, ""availability_share"": 1.0, ""feasible_t"": 10.0, ""gross_delivery_t"": 10.0, ""order_month"": ""2036-01"", ""planned_arrival_month"": ""2037-01"", ""requested_t"": 10.0, ""shipment_id"": ""S0013"", ""source_id"": ""A"", ""source_name"": ""Earth-Core"", ""unfulfilled_request_t"": 0.0}, {""actual_arrival_month"": ""2037-02"", ""actual_delivery_share"": 1.0, ""availability_share"": 1.0, ""feasible_t"": 10.0, ""gross_delivery_t"": 10.0, ""order_month"": ""2036-02"", ""planned_arrival_month"": ""2037-02"", ""requested_t"": 10.0, ""shipment_id"": ""S0014"", ""source_id"": ""A"", ""source_name"": ""Earth-Core"", ""unfulfilled_request_t"": 0.0}, {""actual_arrival_month"": ""2037-03"", ""actual_delivery_share"": 1.0, ""availability_share"": 1.0, ""feasible_t"": 10.0, ""gross_delivery_t"": 10.0, ""order_month"": ""2036-03"", ""planned_arrival_month"": ""2037-03"", ""requested_t"": 10.0, ""shipment_id"": ""S0015"", ""source_id"": ""A"", ""source_name"": ""Earth-Core"", ""unfulfilled_request_t"": 0.0}, {""actual_arrival_month"": ""2037-04"", ""actual_delivery_share"": 1.0, ""availability_share"": 1.0, ""feasible_t"": 10.0, ""gross_delivery_t"": 10.0, ""order_month"": ""2036-04"", ""planned_arrival_month"": ""2037-04"", ""requested_t"": 10.0, ""shipment_id"": ""S0016"", ""source_id"": ""A"", ""source_name"": ""Earth-Core"", ""unfulfilled_request_t"": 0.0}, {""actual_arrival_month"": ""2037-05"", ""actual_delivery_share"": 1.0, ""availability_share"": 1.0, ""feasible_t"": 10.0, ""gross_delivery_t"": 10.0, ""order_month"": ""2036-05"", ""planned_arrival_month"": ""2037-05"", ""requested_t"": 10.0, ""shipment_id"": ""S0017"", ""source_id"": ""A"", ""source_name"": ""Earth-Core"", ""unfulfilled_request_t"": 0.0}, {""actual_arrival_month"": ""2037-06"", ""actual_delivery_share"": 1.0, ""availability_share"": 1.0, ""feasible_t"": 10.0, ""gross_delivery_t"": 10.0, ""order_month"": ""2036-06"", ""planned_arrival_month"": ""2037-06"", ""requested_t"": 10.0, ""shipment_id"": ""S0018"", ""source_id"": ""A"", ""source_name"": ""Earth-Core"", ""unfulfilled_request_t"": 0.0}, {""actual_arrival_month"": ""2037-07"", ""actual_delivery_share"": 1.0, ""availability_share"": 1.0, ""feasible_t"": 10.0, ""gross_delivery_t"": 10.0, ""order_month"": ""2036-07"", ""planned_arrival_month"": ""2037-07"", ""requested_t"": 10.0, ""shipment_id"": ""S0019"", ""source_id"": ""A"", ""source_name"": ""Earth-Core"", ""unfulfilled_request_t"": 0.0}, {""actual_arrival_month"": ""2037-08"", ""actual_delivery_share"": 1.0, ""availability_share"": 1.0, ""feasible_t"": 10.0, ""gross_delivery_t"": 10.0, ""order_month"": ""2036-08"", ""planned_arrival_month"": ""2037-08"", ""requested_t"": 10.0, ""shipment_id"": ""S0020"", ""source_id"": ""A"", ""source_name"": ""Earth-Core"", ""unfulfilled_request_t"": 0.0}, {""actual_arrival_month"": ""2037-09"", ""actual_delivery_share"": 1.0, ""availability_share"": 1.0, ""feasible_t"": 10.0, ""gross_delivery_t"": 10.0, ""order_month"": ""2036-09"", ""planned_arrival_month"": ""2037-09"", ""requested_t"": 10.0, ""shipment_id"": ""S0021"", ""source_id"": ""A"", ""source_name"": ""Earth-Core"", ""unfulfilled_request_t"": 0.0}, {""actual_arrival_month"": ""2036-10"", ""actual_delivery_share"": 1.0, ""availability_share"": 1.0, ""feasible_t"": 2.5, ""gross_delivery_t"": 2.5, ""order_month"": ""2036-06"", ""planned_arrival_month"": ""2036-10"", ""requested_t"": 2.5, ""shipment_id"": ""S0090"", ""source_id"": ""B"", ""source_name"": ""Earth-Flex"", ""unfulfilled_request_t"": 0.0}, {""actual_arrival_month"": ""2036-11"", ""actual_delivery_share"": 1.0, ""availability_share"": 1.0, ""feasible_t"": 2.5, ""gross_delivery_t"": 2.5, ""order_month"": ""2036-07"", ""planned_arrival_month"": ""2036-11"", ""requested_t"": 2.5, ""shipment_id"": ""S0091"", ""source_id"": ""B"", ""source_name"": ""Earth-Flex"", ""unfulfilled_request_t"": 0.0}, {""actual_arrival_month"": ""2036-12"", ""actual_delivery_share"": 1.0, ""availability_share"": 1.0, ""feasible_t"": 2.5, ""gross_delivery_t"": 2.5, ""order_month"": ""2036-08"", ""planned_arrival_month"": ""2036-12"", ""requested_t"": 2.5, ""shipment_id"": ""S0092"", ""source_id"": ""B"", ""source_name"": ""Earth-Flex"", ""unfulfilled_request_t"": 0.0}, {""actual_arrival_month"": ""2037-01"", ""actual_delivery_share"": 1.0, ""availability_share"": 1.0, ""feasible_t"": 2.5, ""gross_delivery_t"": 2.5, ""order_month"": ""2036-09"", ""planned_arrival_month"": ""2037-01"", ""requested_t"": 2.5, ""shipment_id"": ""S0093"", ""source_id"": ""B"", ""source_name"": ""Earth-Flex"", ""unfulfilled_request_t"": 0.0}]","{""A"": 7.5, ""B"": 2.5}","{""A"": 7.5, ""B"": 2.5}",10.0,0.12,9.88,9.88,0.0,9.88,8.75,1.1300000000000008,0.0,1.7866666666666653,0.0,ZBO,120.0,0.012,"[""ZBO""]",0.0,1.0,[]
2036-10,0.0,11.666666666666666,8.75,"{""A"": 130.0, ""B"": 60.0, ""C"": 0, ""D"": 0, ""E"": 30.0}","{""A"": 10.0, ""B"": 2.5}","[{""actual_arrival_month"": ""2036-11"", ""actual_delivery_share"": 1.0, ""availability_share"": 1.0, ""feasible_t"": 7.5, ""gross_delivery_t"": 7.5, ""order_month"": ""2035-11"", ""planned_arrival_month"": ""2036-11"", ""requested_t"": 7.5, ""shipment_id"": ""S0011"", ""source_id"": ""A"", ""source_name"": ""Earth-Core"", ""unfulfilled_request_t"": 0.0}, {""actual_arrival_month"": ""2036-12"", ""actual_delivery_share"": 1.0, ""availability_share"": 1.0, ""feasible_t"": 7.5, ""gross_delivery_t"": 7.5, ""order_month"": ""2035-12"", ""planned_arrival_month"": ""2036-12"", ""requested_t"": 7.5, ""shipment_id"": ""S0012"", ""source_id"": ""A"", ""source_name"": ""Earth-Core"", ""unfulfilled_request_t"": 0.0}, {""actual_arrival_month"": ""2037-01"", ""actual_delivery_share"": 1.0, ""availability_share"": 1.0, ""feasible_t"": 10.0, ""gross_delivery_t"": 10.0, ""order_month"": ""2036-01"", ""planned_arrival_month"": ""2037-01"", ""requested_t"": 10.0, ""shipment_id"": ""S0013"", ""source_id"": ""A"", ""source_name"": ""Earth-Core"", ""unfulfilled_request_t"": 0.0}, {""actual_arrival_month"": ""2037-02"", ""actual_delivery_share"": 1.0, ""availability_share"": 1.0, ""feasible_t"": 10.0, ""gross_delivery_t"": 10.0, ""order_month"": ""2036-02"", ""planned_arrival_month"": ""2037-02"", ""requested_t"": 10.0, ""shipment_id"": ""S0014"", ""source_id"": ""A"", ""source_name"": ""Earth-Core"", ""unfulfilled_request_t"": 0.0}, {""actual_arrival_month"": ""2037-03"", ""actual_delivery_share"": 1.0, ""availability_share"": 1.0, ""feasible_t"": 10.0, ""gross_delivery_t"": 10.0, ""order_month"": ""2036-03"", ""planned_arrival_month"": ""2037-03"", ""requested_t"": 10.0, ""shipment_id"": ""S0015"", ""source_id"": ""A"", ""source_name"": ""Earth-Core"", ""unfulfilled_request_t"": 0.0}, {""actual_arrival_month"": ""2037-04"", ""actual_delivery_share"": 1.0, ""availability_share"": 1.0, ""feasible_t"": 10.0, ""gross_delivery_t"": 10.0, ""order_month"": ""2036-04"", ""planned_arrival_month"": ""2037-04"", ""requested_t"": 10.0, ""shipment_id"": ""S0016"", ""source_id"": ""A"", ""source_name"": ""Earth-Core"", ""unfulfilled_request_t"": 0.0}, {""actual_arrival_month"": ""2037-05"", ""actual_delivery_share"": 1.0, ""availability_share"": 1.0, ""feasible_t"": 10.0, ""gross_delivery_t"": 10.0, ""order_month"": ""2036-05"", ""planned_arrival_month"": ""2037-05"", ""requested_t"": 10.0, ""shipment_id"": ""S0017"", ""source_id"": ""A"", ""source_name"": ""Earth-Core"", ""unfulfilled_request_t"": 0.0}, {""actual_arrival_month"": ""2037-06"", ""actual_delivery_share"": 1.0, ""availability_share"": 1.0, ""feasible_t"": 10.0, ""gross_delivery_t"": 10.0, ""order_month"": ""2036-06"", ""planned_arrival_month"": ""2037-06"", ""requested_t"": 10.0, ""shipment_id"": ""S0018"", ""source_id"": ""A"", ""source_name"": ""Earth-Core"", ""unfulfilled_request_t"": 0.0}, {""actual_arrival_month"": ""2037-07"", ""actual_delivery_share"": 1.0, ""availability_share"": 1.0, ""feasible_t"": 10.0, ""gross_delivery_t"": 10.0, ""order_month"": ""2036-07"", ""planned_arrival_month"": ""2037-07"", ""requested_t"": 10.0, ""shipment_id"": ""S0019"", ""source_id"": ""A"", ""source_name"": ""Earth-Core"", ""unfulfilled_request_t"": 0.0}, {""actual_arrival_month"": ""2037-08"", ""actual_delivery_share"": 1.0, ""availability_share"": 1.0, ""feasible_t"": 10.0, ""gross_delivery_t"": 10.0, ""order_month"": ""2036-08"", ""planned_arrival_month"": ""2037-08"", ""requested_t"": 10.0, ""shipment_id"": ""S0020"", ""source_id"": ""A"", ""source_name"": ""Earth-Core"", ""unfulfilled_request_t"": 0.0}, {""actual_arrival_month"": ""2037-09"", ""actual_delivery_share"": 1.0, ""availability_share"": 1.0, ""feasible_t"": 10.0, ""gross_delivery_t"": 10.0, ""order_month"": ""2036-09"", ""planned_arrival_month"": ""2037-09"", ""requested_t"": 10.0, ""shipment_id"": ""S0021"", ""source_id"": ""A"", ""source_name"": ""Earth-Core"", ""unfulfilled_request_t"": 0.0}, {""actual_arrival_month"": ""2037-10"", ""actual_delivery_share"": 1.0, ""availability_share"": 1.0, ""feasible_t"": 10.0, ""gross_delivery_t"": 10.0, ""order_month"": ""2036-10"", ""planned_arrival_month"": ""2037-10"", ""requested_t"": 10.0, ""shipment_id"": ""S0022"", ""source_id"": ""A"", ""source_name"": ""Earth-Core"", ""unfulfilled_request_t"": 0.0}, {""actual_arrival_month"": ""2036-11"", ""actual_delivery_share"": 1.0, ""availability_share"": 1.0, ""feasible_t"": 2.5, ""gross_delivery_t"": 2.5, ""order_month"": ""2036-07"", ""planned_arrival_month"": ""2036-11"", ""requested_t"": 2.5, ""shipment_id"": ""S0091"", ""source_id"": ""B"", ""source_name"": ""Earth-Flex"", ""unfulfilled_request_t"": 0.0}, {""actual_arrival_month"": ""2036-12"", ""actual_delivery_share"": 1.0, ""availability_share"": 1.0, ""feasible_t"": 2.5, ""gross_delivery_t"": 2.5, ""order_month"": ""2036-08"", ""planned_arrival_month"": ""2036-12"", ""requested_t"": 2.5, ""shipment_id"": ""S0092"", ""source_id"": ""B"", ""source_name"": ""Earth-Flex"", ""unfulfilled_request_t"": 0.0}, {""actual_arrival_month"": ""2037-01"", ""actual_delivery_share"": 1.0, ""availability_share"": 1.0, ""feasible_t"": 2.5, ""gross_delivery_t"": 2.5, ""order_month"": ""2036-09"", ""planned_arrival_month"": ""2037-01"", ""requested_t"": 2.5, ""shipment_id"": ""S0093"", ""source_id"": ""B"", ""source_name"": ""Earth-Flex"", ""unfulfilled_request_t"": 0.0}, {""actual_arrival_month"": ""2037-02"", ""actual_delivery_share"": 1.0, ""availability_share"": 1.0, ""feasible_t"": 2.5, ""gross_delivery_t"": 2.5, ""order_month"": ""2036-10"", ""planned_arrival_month"": ""2037-02"", ""requested_t"": 2.5, ""shipment_id"": ""S0094"", ""source_id"": ""B"", ""source_name"": ""Earth-Flex"", ""unfulfilled_request_t"": 0.0}]","{""A"": 7.5, ""B"": 2.5}","{""A"": 7.5, ""B"": 2.5}",10.0,0.12,9.88,9.88,0.0,9.88,8.75,1.1300000000000008,0.0,1.7866666666666653,0.0,ZBO,120.0,0.012,"[""ZBO""]",0.0,1.0,[]
2036-11,0.0,11.666666666666666,8.75,"{""A"": 130.0, ""B"": 60.0, ""C"": 0, ""D"": 0, ""E"": 30.0}","{""A"": 10.0, ""B"": 2.5}","[{""actual_arrival_month"": ""2036-12"", ""actual_delivery_share"": 1.0, ""availability_share"": 1.0, ""feasible_t"": 7.5, ""gross_delivery_t"": 7.5, ""order_month"": ""2035-12"", ""planned_arrival_month"": ""2036-12"", ""requested_t"": 7.5, ""shipment_id"": ""S0012"", ""source_id"": ""A"", ""source_name"": ""Earth-Core"", ""unfulfilled_request_t"": 0.0}, {""actual_arrival_month"": ""2037-01"", ""actual_delivery_share"": 1.0, ""availability_share"": 1.0, ""feasible_t"": 10.0, ""gross_delivery_t"": 10.0, ""order_month"": ""2036-01"", ""planned_arrival_month"": ""2037-01"", ""requested_t"": 10.0, ""shipment_id"": ""S0013"", ""source_id"": ""A"", ""source_name"": ""Earth-Core"", ""unfulfilled_request_t"": 0.0}, {""actual_arrival_month"": ""2037-02"", ""actual_delivery_share"": 1.0, ""availability_share"": 1.0, ""feasible_t"": 10.0, ""gross_delivery_t"": 10.0, ""order_month"": ""2036-02"", ""planned_arrival_month"": ""2037-02"", ""requested_t"": 10.0, ""shipment_id"": ""S0014"", ""source_id"": ""A"", ""source_name"": ""Earth-Core"", ""unfulfilled_request_t"": 0.0}, {""actual_arrival_month"": ""2037-03"", ""actual_delivery_share"": 1.0, ""availability_share"": 1.0, ""feasible_t"": 10.0, ""gross_delivery_t"": 10.0, ""order_month"": ""2036-03"", ""planned_arrival_month"": ""2037-03"", ""requested_t"": 10.0, ""shipment_id"": ""S0015"", ""source_id"": ""A"", ""source_name"": ""Earth-Core"", ""unfulfilled_request_t"": 0.0}, {""actual_arrival_month"": ""2037-04"", ""actual_delivery_share"": 1.0, ""availability_share"": 1.0, ""feasible_t"": 10.0, ""gross_delivery_t"": 10.0, ""order_month"": ""2036-04"", ""planned_arrival_month"": ""2037-04"", ""requested_t"": 10.0, ""shipment_id"": ""S0016"", ""source_id"": ""A"", ""source_name"": ""Earth-Core"", ""unfulfilled_request_t"": 0.0}, {""actual_arrival_month"": ""2037-05"", ""actual_delivery_share"": 1.0, ""availability_share"": 1.0, ""feasible_t"": 10.0, ""gross_delivery_t"": 10.0, ""order_month"": ""2036-05"", ""planned_arrival_month"": ""2037-05"", ""requested_t"": 10.0, ""shipment_id"": ""S0017"", ""source_id"": ""A"", ""source_name"": ""Earth-Core"", ""unfulfilled_request_t"": 0.0}, {""actual_arrival_month"": ""2037-06"", ""actual_delivery_share"": 1.0, ""availability_share"": 1.0, ""feasible_t"": 10.0, ""gross_delivery_t"": 10.0, ""order_month"": ""2036-06"", ""planned_arrival_month"": ""2037-06"", ""requested_t"": 10.0, ""shipment_id"": ""S0018"", ""source_id"": ""A"", ""source_name"": ""Earth-Core"", ""unfulfilled_request_t"": 0.0}, {""actual_arrival_month"": ""2037-07"", ""actual_delivery_share"": 1.0, ""availability_share"": 1.0, ""feasible_t"": 10.0, ""gross_delivery_t"": 10.0, ""order_month"": ""2036-07"", ""planned_arrival_month"": ""2037-07"", ""requested_t"": 10.0, ""shipment_id"": ""S0019"", ""source_id"": ""A"", ""source_name"": ""Earth-Core"", ""unfulfilled_request_t"": 0.0}, {""actual_arrival_month"": ""2037-08"", ""actual_delivery_share"": 1.0, ""availability_share"": 1.0, ""feasible_t"": 10.0, ""gross_delivery_t"": 10.0, ""order_month"": ""2036-08"", ""planned_arrival_month"": ""2037-08"", ""requested_t"": 10.0, ""shipment_id"": ""S0020"", ""source_id"": ""A"", ""source_name"": ""Earth-Core"", ""unfulfilled_request_t"": 0.0}, {""actual_arrival_month"": ""2037-09"", ""actual_delivery_share"": 1.0, ""availability_share"": 1.0, ""feasible_t"": 10.0, ""gross_delivery_t"": 10.0, ""order_month"": ""2036-09"", ""planned_arrival_month"": ""2037-09"", ""requested_t"": 10.0, ""shipment_id"": ""S0021"", ""source_id"": ""A"", ""source_name"": ""Earth-Core"", ""unfulfilled_request_t"": 0.0}, {""actual_arrival_month"": ""2037-10"", ""actual_delivery_share"": 1.0, ""availability_share"": 1.0, ""feasible_t"": 10.0, ""gross_delivery_t"": 10.0, ""order_month"": ""2036-10"", ""planned_arrival_month"": ""2037-10"", ""requested_t"": 10.0, ""shipment_id"": ""S0022"", ""source_id"": ""A"", ""source_name"": ""Earth-Core"", ""unfulfilled_request_t"": 0.0}, {""actual_arrival_month"": ""2037-11"", ""actual_delivery_share"": 1.0, ""availability_share"": 1.0, ""feasible_t"": 10.0, ""gross_delivery_t"": 10.0, ""order_month"": ""2036-11"", ""planned_arrival_month"": ""2037-11"", ""requested_t"": 10.0, ""shipment_id"": ""S0023"", ""source_id"": ""A"", ""source_name"": ""Earth-Core"", ""unfulfilled_request_t"": 0.0}, {""actual_arrival_month"": ""2036-12"", ""actual_delivery_share"": 1.0, ""availability_share"": 1.0, ""feasible_t"": 2.5, ""gross_delivery_t"": 2.5, ""order_month"": ""2036-08"", ""planned_arrival_month"": ""2036-12"", ""requested_t"": 2.5, ""shipment_id"": ""S0092"", ""source_id"": ""B"", ""source_name"": ""Earth-Flex"", ""unfulfilled_request_t"": 0.0}, {""actual_arrival_month"": ""2037-01"", ""actual_delivery_share"": 1.0, ""availability_share"": 1.0, ""feasible_t"": 2.5, ""gross_delivery_t"": 2.5, ""order_month"": ""2036-09"", ""planned_arrival_month"": ""2037-01"", ""requested_t"": 2.5, ""shipment_id"": ""S0093"", ""source_id"": ""B"", ""source_name"": ""Earth-Flex"", ""unfulfilled_request_t"": 0.0}, {""actual_arrival_month"": ""2037-02"", ""actual_delivery_share"": 1.0, ""availability_share"": 1.0, ""feasible_t"": 2.5, ""gross_delivery_t"": 2.5, ""order_month"": ""2036-10"", ""planned_arrival_month"": ""2037-02"", ""requested_t"": 2.5, ""shipment_id"": ""S0094"", ""source_id"": ""B"", ""source_name"": ""Earth-Flex"", ""unfulfilled_request_t"": 0.0}, {""actual_arrival_month"": ""2037-03"", ""actual_delivery_share"": 1.0, ""availability_share"": 1.0, ""feasible_t"": 2.5, ""gross_delivery_t"": 2.5, ""order_month"": ""2036-11"", ""planned_arrival_month"": ""2037-03"", ""requested_t"": 2.5, ""shipment_id"": ""S0095"", ""source_id"": ""B"", ""source_name"": ""Earth-Flex"", ""unfulfilled_request_t"": 0.0}]","{""A"": 7.5, ""B"": 2.5}","{""A"": 7.5, ""B"": 2.5}",10.0,0.12,9.88,9.88,0.0,9.88,8.75,1.1300000000000008,0.0,1.7866666666666653,0.0,ZBO,120.0,0.012,"[""ZBO""]",0.0,1.0,[]
2036-12,0.0,11.666666666666666,8.75,"{""A"": 130.0, ""B"": 60.0, ""C"": 0, ""D"": 0, ""E"": 30.0}","{""A"": 10.0, ""B"": 2.5}","[{""actual_arrival_month"": ""2037-01"", ""actual_delivery_share"": 1.0, ""availability_share"": 1.0, ""feasible_t"": 10.0, ""gross_delivery_t"": 10.0, ""order_month"": ""2036-01"", ""planned_arrival_month"": ""2037-01"", ""requested_t"": 10.0, ""shipment_id"": ""S0013"", ""source_id"": ""A"", ""source_name"": ""Earth-Core"", ""unfulfilled_request_t"": 0.0}, {""actual_arrival_month"": ""2037-02"", ""actual_delivery_share"": 1.0, ""availability_share"": 1.0, ""feasible_t"": 10.0, ""gross_delivery_t"": 10.0, ""order_month"": ""2036-02"", ""planned_arrival_month"": ""2037-02"", ""requested_t"": 10.0, ""shipment_id"": ""S0014"", ""source_id"": ""A"", ""source_name"": ""Earth-Core"", ""unfulfilled_request_t"": 0.0}, {""actual_arrival_month"": ""2037-03"", ""actual_delivery_share"": 1.0, ""availability_share"": 1.0, ""feasible_t"": 10.0, ""gross_delivery_t"": 10.0, ""order_month"": ""2036-03"", ""planned_arrival_month"": ""2037-03"", ""requested_t"": 10.0, ""shipment_id"": ""S0015"", ""source_id"": ""A"", ""source_name"": ""Earth-Core"", ""unfulfilled_request_t"": 0.0}, {""actual_arrival_month"": ""2037-04"", ""actual_delivery_share"": 1.0, ""availability_share"": 1.0, ""feasible_t"": 10.0, ""gross_delivery_t"": 10.0, ""order_month"": ""2036-04"", ""planned_arrival_month"": ""2037-04"", ""requested_t"": 10.0, ""shipment_id"": ""S0016"", ""source_id"": ""A"", ""source_name"": ""Earth-Core"", ""unfulfilled_request_t"": 0.0}, {""actual_arrival_month"": ""2037-05"", ""actual_delivery_share"": 1.0, ""availability_share"": 1.0, ""feasible_t"": 10.0, ""gross_delivery_t"": 10.0, ""order_month"": ""2036-05"", ""planned_arrival_month"": ""2037-05"", ""requested_t"": 10.0, ""shipment_id"": ""S0017"", ""source_id"": ""A"", ""source_name"": ""Earth-Core"", ""unfulfilled_request_t"": 0.0}, {""actual_arrival_month"": ""2037-06"", ""actual_delivery_share"": 1.0, ""availability_share"": 1.0, ""feasible_t"": 10.0, ""gross_delivery_t"": 10.0, ""order_month"": ""2036-06"", ""planned_arrival_month"": ""2037-06"", ""requested_t"": 10.0, ""shipment_id"": ""S0018"", ""source_id"": ""A"", ""source_name"": ""Earth-Core"", ""unfulfilled_request_t"": 0.0}, {""actual_arrival_month"": ""2037-07"", ""actual_delivery_share"": 1.0, ""availability_share"": 1.0, ""feasible_t"": 10.0, ""gross_delivery_t"": 10.0, ""order_month"": ""2036-07"", ""planned_arrival_month"": ""2037-07"", ""requested_t"": 10.0, ""shipment_id"": ""S0019"", ""source_id"": ""A"", ""source_name"": ""Earth-Core"", ""unfulfilled_request_t"": 0.0}, {""actual_arrival_month"": ""2037-08"", ""actual_delivery_share"": 1.0, ""availability_share"": 1.0, ""feasible_t"": 10.0, ""gross_delivery_t"": 10.0, ""order_month"": ""2036-08"", ""planned_arrival_month"": ""2037-08"", ""requested_t"": 10.0, ""shipment_id"": ""S0020"", ""source_id"": ""A"", ""source_name"": ""Earth-Core"", ""unfulfilled_request_t"": 0.0}, {""actual_arrival_month"": ""2037-09"", ""actual_delivery_share"": 1.0, ""availability_share"": 1.0, ""feasible_t"": 10.0, ""gross_delivery_t"": 10.0, ""order_month"": ""2036-09"", ""planned_arrival_month"": ""2037-09"", ""requested_t"": 10.0, ""shipment_id"": ""S0021"", ""source_id"": ""A"", ""source_name"": ""Earth-Core"", ""unfulfilled_request_t"": 0.0}, {""actual_arrival_month"": ""2037-10"", ""actual_delivery_share"": 1.0, ""availability_share"": 1.0, ""feasible_t"": 10.0, ""gross_delivery_t"": 10.0, ""order_month"": ""2036-10"", ""planned_arrival_month"": ""2037-10"", ""requested_t"": 10.0, ""shipment_id"": ""S0022"", ""source_id"": ""A"", ""source_name"": ""Earth-Core"", ""unfulfilled_request_t"": 0.0}, {""actual_arrival_month"": ""2037-11"", ""actual_delivery_share"": 1.0, ""availability_share"": 1.0, ""feasible_t"": 10.0, ""gross_delivery_t"": 10.0, ""order_month"": ""2036-11"", ""planned_arrival_month"": ""2037-11"", ""requested_t"": 10.0, ""shipment_id"": ""S0023"", ""source_id"": ""A"", ""source_name"": ""Earth-Core"", ""unfulfilled_request_t"": 0.0}, {""actual_arrival_month"": ""2037-12"", ""actual_delivery_share"": 1.0, ""availability_share"": 1.0, ""feasible_t"": 10.0, ""gross_delivery_t"": 10.0, ""order_month"": ""2036-12"", ""planned_arrival_month"": ""2037-12"", ""requested_t"": 10.0, ""shipment_id"": ""S0024"", ""source_id"": ""A"", ""source_name"": ""Earth-Core"", ""unfulfilled_request_t"": 0.0}, {""actual_arrival_month"": ""2037-01"", ""actual_delivery_share"": 1.0, ""availability_share"": 1.0, ""feasible_t"": 2.5, ""gross_delivery_t"": 2.5, ""order_month"": ""2036-09"", ""planned_arrival_month"": ""2037-01"", ""requested_t"": 2.5, ""shipment_id"": ""S0093"", ""source_id"": ""B"", ""source_name"": ""Earth-Flex"", ""unfulfilled_request_t"": 0.0}, {""actual_arrival_month"": ""2037-02"", ""actual_delivery_share"": 1.0, ""availability_share"": 1.0, ""feasible_t"": 2.5, ""gross_delivery_t"": 2.5, ""order_month"": ""2036-10"", ""planned_arrival_month"": ""2037-02"", ""requested_t"": 2.5, ""shipment_id"": ""S0094"", ""source_id"": ""B"", ""source_name"": ""Earth-Flex"", ""unfulfilled_request_t"": 0.0}, {""actual_arrival_month"": ""2037-03"", ""actual_delivery_share"": 1.0, ""availability_share"": 1.0, ""feasible_t"": 2.5, ""gross_delivery_t"": 2.5, ""order_month"": ""2036-11"", ""planned_arrival_month"": ""2037-03"", ""requested_t"": 2.5, ""shipment_id"": ""S0095"", ""source_id"": ""B"", ""source_name"": ""Earth-Flex"", ""unfulfilled_request_t"": 0.0}, {""actual_arrival_month"": ""2037-04"", ""actual_delivery_share"": 1.0, ""availability_share"": 1.0, ""feasible_t"": 2.5, ""gross_delivery_t"": 2.5, ""order_month"": ""2036-12"", ""planned_arrival_month"": ""2037-04"", ""requested_t"": 2.5, ""shipment_id"": ""S0096"", ""source_id"": ""B"", ""source_name"": ""Earth-Flex"", ""unfulfilled_request_t"": 0.0}]","{""A"": 7.5, ""B"": 2.5}","{""A"": 7.5, ""B"": 2.5}",10.0,0.12,9.88,9.88,0.0,9.88,8.75,1.1300000000000008,0.0,1.7866666666666653,0.0,ZBO,120.0,0.012,"[""ZBO""]",0.0,1.0,[]
2037-01,0.0,15.833333333333334,11.25,"{""A"": 150.0, ""B"": 60.0, ""C"": 50.0, ""D"": 0, ""E"": 35.0}","{""A"": 11.666666666666666, ""B"": 2.9166666666666665, ""C"": 2.5}","[{""actual_arrival_month"": ""2037-02"", ""actual_delivery_share"": 1.0, ""availability_share"": 1.0, ""feasible_t"": 10.0, ""gross_delivery_t"": 10.0, ""order_month"": ""2036-02"", ""planned_arrival_month"": ""2037-02"", ""requested_t"": 10.0, ""shipment_id"": ""S0014"", ""source_id"": ""A"", ""source_name"": ""Earth-Core"", ""unfulfilled_request_t"": 0.0}, {""actual_arrival_month"": ""2037-03"", ""actual_delivery_share"": 1.0, ""availability_share"": 1.0, ""feasible_t"": 10.0, ""gross_delivery_t"": 10.0, ""order_month"": ""2036-03"", ""planned_arrival_month"": ""2037-03"", ""requested_t"": 10.0, ""shipment_id"": ""S0015"", ""source_id"": ""A"", ""source_name"": ""Earth-Core"", ""unfulfilled_request_t"": 0.0}, {""actual_arrival_month"": ""2037-04"", ""actual_delivery_share"": 1.0, ""availability_share"": 1.0, ""feasible_t"": 10.0, ""gross_delivery_t"": 10.0, ""order_month"": ""2036-04"", ""planned_arrival_month"": ""2037-04"", ""requested_t"": 10.0, ""shipment_id"": ""S0016"", ""source_id"": ""A"", ""source_name"": ""Earth-Core"", ""unfulfilled_request_t"": 0.0}, {""actual_arrival_month"": ""2037-05"", ""actual_delivery_share"": 1.0, ""availability_share"": 1.0, ""feasible_t"": 10.0, ""gross_delivery_t"": 10.0, ""order_month"": ""2036-05"", ""planned_arrival_month"": ""2037-05"", ""requested_t"": 10.0, ""shipment_id"": ""S0017"", ""source_id"": ""A"", ""source_name"": ""Earth-Core"", ""unfulfilled_request_t"": 0.0}, {""actual_arrival_month"": ""2037-06"", ""actual_delivery_share"": 1.0, ""availability_share"": 1.0, ""feasible_t"": 10.0, ""gross_delivery_t"": 10.0, ""order_month"": ""2036-06"", ""planned_arrival_month"": ""2037-06"", ""requested_t"": 10.0, ""shipment_id"": ""S0018"", ""source_id"": ""A"", ""source_name"": ""Earth-Core"", ""unfulfilled_request_t"": 0.0}, {""actual_arrival_month"": ""2037-07"", ""actual_delivery_share"": 1.0, ""availability_share"": 1.0, ""feasible_t"": 10.0, ""gross_delivery_t"": 10.0, ""order_month"": ""2036-07"", ""planned_arrival_month"": ""2037-07"", ""requested_t"": 10.0, ""shipment_id"": ""S0019"", ""source_id"": ""A"", ""source_name"": ""Earth-Core"", ""unfulfilled_request_t"": 0.0}, {""actual_arrival_month"": ""2037-08"", ""actual_delivery_share"": 1.0, ""availability_share"": 1.0, ""feasible_t"": 10.0, ""gross_delivery_t"": 10.0, ""order_month"": ""2036-08"", ""planned_arrival_month"": ""2037-08"", ""requested_t"": 10.0, ""shipment_id"": ""S0020"", ""source_id"": ""A"", ""source_name"": ""Earth-Core"", ""unfulfilled_request_t"": 0.0}, {""actual_arrival_month"": ""2037-09"", ""actual_delivery_share"": 1.0, ""availability_share"": 1.0, ""feasible_t"": 10.0, ""gross_delivery_t"": 10.0, ""order_month"": ""2036-09"", ""planned_arrival_month"": ""2037-09"", ""requested_t"": 10.0, ""shipment_id"": ""S0021"", ""source_id"": ""A"", ""source_name"": ""Earth-Core"", ""unfulfilled_request_t"": 0.0}, {""actual_arrival_month"": ""2037-10"", ""actual_delivery_share"": 1.0, ""availability_share"": 1.0, ""feasible_t"": 10.0, ""gross_delivery_t"": 10.0, ""order_month"": ""2036-10"", ""planned_arrival_month"": ""2037-10"", ""requested_t"": 10.0, ""shipment_id"": ""S0022"", ""source_id"": ""A"", ""source_name"": ""Earth-Core"", ""unfulfilled_request_t"": 0.0}, {""actual_arrival_month"": ""2037-11"", ""actual_delivery_share"": 1.0, ""availability_share"": 1.0, ""feasible_t"": 10.0, ""gross_delivery_t"": 10.0, ""order_month"": ""2036-11"", ""planned_arrival_month"": ""2037-11"", ""requested_t"": 10.0, ""shipment_id"": ""S0023"", ""source_id"": ""A"", ""source_name"": ""Earth-Core"", ""unfulfilled_request_t"": 0.0}, {""actual_arrival_month"": ""2037-12"", ""actual_delivery_share"": 1.0, ""availability_share"": 1.0, ""feasible_t"": 10.0, ""gross_delivery_t"": 10.0, ""order_month"": ""2036-12"", ""planned_arrival_month"": ""2037-12"", ""requested_t"": 10.0, ""shipment_id"": ""S0024"", ""source_id"": ""A"", ""source_name"": ""Earth-Core"", ""unfulfilled_request_t"": 0.0}, {""actual_arrival_month"": ""2038-01"", ""actual_delivery_share"": 1.0, ""availability_share"": 1.0, ""feasible_t"": 11.666666666666666, ""gross_delivery_t"": 11.666666666666666, ""order_month"": ""2037-01"", ""planned_arrival_month"": ""2038-01"", ""requested_t"": 11.666666666666666, ""shipment_id"": ""S0025"", ""source_id"": ""A"", ""source_name"": ""Earth-Core"", ""unfulfilled_request_t"": 0.0}, {""actual_arrival_month"": ""2037-02"", ""actual_delivery_share"": 1.0, ""availability_share"": 1.0, ""feasible_t"": 2.5, ""gross_delivery_t"": 2.5, ""order_month"": ""2036-10"", ""planned_arrival_month"": ""2037-02"", ""requested_t"": 2.5, ""shipment_id"": ""S0094"", ""source_id"": ""B"", ""source_name"": ""Earth-Flex"", ""unfulfilled_request_t"": 0.0}, {""actual_arrival_month"": ""2037-03"", ""actual_delivery_share"": 1.0, ""availability_share"": 1.0, ""feasible_t"": 2.5, ""gross_delivery_t"": 2.5, ""order_month"": ""2036-11"", ""planned_arrival_month"": ""2037-03"", ""requested_t"": 2.5, ""shipment_id"": ""S0095"", ""source_id"": ""B"", ""source_name"": ""Earth-Flex"", ""unfulfilled_request_t"": 0.0}, {""actual_arrival_month"": ""2037-04"", ""actual_delivery_share"": 1.0, ""availability_share"": 1.0, ""feasible_t"": 2.5, ""gross_delivery_t"": 2.5, ""order_month"": ""2036-12"", ""planned_arrival_month"": ""2037-04"", ""requested_t"": 2.5, ""shipment_id"": ""S0096"", ""source_id"": ""B"", ""source_name"": ""Earth-Flex"", ""unfulfilled_request_t"": 0.0}, {""actual_arrival_month"": ""2037-05"", ""actual_delivery_share"": 1.0, ""availability_share"": 1.0, ""feasible_t"": 2.9166666666666665, ""gross_delivery_t"": 2.9166666666666665, ""order_month"": ""2037-01"", ""planned_arrival_month"": ""2037-05"", ""requested_t"": 2.9166666666666665, ""shipment_id"": ""S0097"", ""source_id"": ""B"", ""source_name"": ""Earth-Flex"", ""unfulfilled_request_t"": 0.0}]","{""A"": 10.0, ""B"": 2.5, ""C"": 0.0}","{""A"": 10.0, ""B"": 2.5, ""C"": 0.0}",12.5,0.15,12.35,12.35,0.0,12.35,11.25,1.0999999999999996,0.0,3.4833333333333343,0.0,ZBO,120.0,0.012,"[""ZBO""]",0.0,1.0,"[""RESERVE_45D""]"
2037-02,0.0,15.833333333333334,11.25,"{""A"": 150.0, ""B"": 60.0, ""C"": 50.0, ""D"": 0, ""E"": 35.0}","{""A"": 11.666666666666666, ""B"": 2.9166666666666665, ""C"": 2.5}","[{""actual_arrival_month"": ""2037-03"", ""actual_delivery_share"": 1.0, ""availability_share"": 1.0, ""feasible_t"": 10.0, ""gross_delivery_t"": 10.0, ""order_month"": ""2036-03"", ""planned_arrival_month"": ""2037-03"", ""requested_t"": 10.0, ""shipment_id"": ""S0015"", ""source_id"": ""A"", ""source_name"": ""Earth-Core"", ""unfulfilled_request_t"": 0.0}, {""actual_arrival_month"": ""2037-04"", ""actual_delivery_share"": 1.0, ""availability_share"": 1.0, ""feasible_t"": 10.0, ""gross_delivery_t"": 10.0, ""order_month"": ""2036-04"", ""planned_arrival_month"": ""2037-04"", ""requested_t"": 10.0, ""shipment_id"": ""S0016"", ""source_id"": ""A"", ""source_name"": ""Earth-Core"", ""unfulfilled_request_t"": 0.0}, {""actual_arrival_month"": ""2037-05"", ""actual_delivery_share"": 1.0, ""availability_share"": 1.0, ""feasible_t"": 10.0, ""gross_delivery_t"": 10.0, ""order_month"": ""2036-05"", ""planned_arrival_month"": ""2037-05"", ""requested_t"": 10.0, ""shipment_id"": ""S0017"", ""source_id"": ""A"", ""source_name"": ""Earth-Core"", ""unfulfilled_request_t"": 0.0}, {""actual_arrival_month"": ""2037-06"", ""actual_delivery_share"": 1.0, ""availability_share"": 1.0, ""feasible_t"": 10.0, ""gross_delivery_t"": 10.0, ""order_month"": ""2036-06"", ""planned_arrival_month"": ""2037-06"", ""requested_t"": 10.0, ""shipment_id"": ""S0018"", ""source_id"": ""A"", ""source_name"": ""Earth-Core"", ""unfulfilled_request_t"": 0.0}, {""actual_arrival_month"": ""2037-07"", ""actual_delivery_share"": 1.0, ""availability_share"": 1.0, ""feasible_t"": 10.0, ""gross_delivery_t"": 10.0, ""order_month"": ""2036-07"", ""planned_arrival_month"": ""2037-07"", ""requested_t"": 10.0, ""shipment_id"": ""S0019"", ""source_id"": ""A"", ""source_name"": ""Earth-Core"", ""unfulfilled_request_t"": 0.0}, {""actual_arrival_month"": ""2037-08"", ""actual_delivery_share"": 1.0, ""availability_share"": 1.0, ""feasible_t"": 10.0, ""gross_delivery_t"": 10.0, ""order_month"": ""2036-08"", ""planned_arrival_month"": ""2037-08"", ""requested_t"": 10.0, ""shipment_id"": ""S0020"", ""source_id"": ""A"", ""source_name"": ""Earth-Core"", ""unfulfilled_request_t"": 0.0}, {""actual_arrival_month"": ""2037-09"", ""actual_delivery_share"": 1.0, ""availability_share"": 1.0, ""feasible_t"": 10.0, ""gross_delivery_t"": 10.0, ""order_month"": ""2036-09"", ""planned_arrival_month"": ""2037-09"", ""requested_t"": 10.0, ""shipment_id"": ""S0021"", ""source_id"": ""A"", ""source_name"": ""Earth-Core"", ""unfulfilled_request_t"": 0.0}, {""actual_arrival_month"": ""2037-10"", ""actual_delivery_share"": 1.0, ""availability_share"": 1.0, ""feasible_t"": 10.0, ""gross_delivery_t"": 10.0, ""order_month"": ""2036-10"", ""planned_arrival_month"": ""2037-10"", ""requested_t"": 10.0, ""shipment_id"": ""S0022"", ""source_id"": ""A"", ""source_name"": ""Earth-Core"", ""unfulfilled_request_t"": 0.0}, {""actual_arrival_month"": ""2037-11"", ""actual_delivery_share"": 1.0, ""availability_share"": 1.0, ""feasible_t"": 10.0, ""gross_delivery_t"": 10.0, ""order_month"": ""2036-11"", ""planned_arrival_month"": ""2037-11"", ""requested_t"": 10.0, ""shipment_id"": ""S0023"", ""source_id"": ""A"", ""source_name"": ""Earth-Core"", ""unfulfilled_request_t"": 0.0}, {""actual_arrival_month"": ""2037-12"", ""actual_delivery_share"": 1.0, ""availability_share"": 1.0, ""feasible_t"": 10.0, ""gross_delivery_t"": 10.0, ""order_month"": ""2036-12"", ""planned_arrival_month"": ""2037-12"", ""requested_t"": 10.0, ""shipment_id"": ""S0024"", ""source_id"": ""A"", ""source_name"": ""Earth-Core"", ""unfulfilled_request_t"": 0.0}, {""actual_arrival_month"": ""2038-01"", ""actual_delivery_share"": 1.0, ""availability_share"": 1.0, ""feasible_t"": 11.666666666666666, ""gross_delivery_t"": 11.666666666666666, ""order_month"": ""2037-01"", ""planned_arrival_month"": ""2038-01"", ""requested_t"": 11.666666666666666, ""shipment_id"": ""S0025"", ""source_id"": ""A"", ""source_name"": ""Earth-Core"", ""unfulfilled_request_t"": 0.0}, {""actual_arrival_month"": ""2038-02"", ""actual_delivery_share"": 1.0, ""availability_share"": 1.0, ""feasible_t"": 11.666666666666666, ""gross_delivery_t"": 11.666666666666666, ""order_month"": ""2037-02"", ""planned_arrival_month"": ""2038-02"", ""requested_t"": 11.666666666666666, ""shipment_id"": ""S0026"", ""source_id"": ""A"", ""source_name"": ""Earth-Core"", ""unfulfilled_request_t"": 0.0}, {""actual_arrival_month"": ""2037-03"", ""actual_delivery_share"": 1.0, ""availability_share"": 1.0, ""feasible_t"": 2.5, ""gross_delivery_t"": 2.5, ""order_month"": ""2036-11"", ""planned_arrival_month"": ""2037-03"", ""requested_t"": 2.5, ""shipment_id"": ""S0095"", ""source_id"": ""B"", ""source_name"": ""Earth-Flex"", ""unfulfilled_request_t"": 0.0}, {""actual_arrival_month"": ""2037-04"", ""actual_delivery_share"": 1.0, ""availability_share"": 1.0, ""feasible_t"": 2.5, ""gross_delivery_t"": 2.5, ""order_month"": ""2036-12"", ""planned_arrival_month"": ""2037-04"", ""requested_t"": 2.5, ""shipment_id"": ""S0096"", ""source_id"": ""B"", ""source_name"": ""Earth-Flex"", ""unfulfilled_request_t"": 0.0}, {""actual_arrival_month"": ""2037-05"", ""actual_delivery_share"": 1.0, ""availability_share"": 1.0, ""feasible_t"": 2.9166666666666665, ""gross_delivery_t"": 2.9166666666666665, ""order_month"": ""2037-01"", ""planned_arrival_month"": ""2037-05"", ""requested_t"": 2.9166666666666665, ""shipment_id"": ""S0097"", ""source_id"": ""B"", ""source_name"": ""Earth-Flex"", ""unfulfilled_request_t"": 0.0}, {""actual_arrival_month"": ""2037-06"", ""actual_delivery_share"": 1.0, ""availability_share"": 1.0, ""feasible_t"": 2.9166666666666665, ""gross_delivery_t"": 2.9166666666666665, ""order_month"": ""2037-02"", ""planned_arrival_month"": ""2037-06"", ""requested_t"": 2.9166666666666665, ""shipment_id"": ""S0098"", ""source_id"": ""B"", ""source_name"": ""Earth-Flex"", ""unfulfilled_request_t"": 0.0}]","{""A"": 10.0, ""B"": 2.5, ""C"": 2.5}","{""A"": 10.0, ""B"": 2.5, ""C"": 2.5}",15.0,0.18,14.82,14.82,0.0,14.82,11.25,3.5700000000000003,0.0,1.0133333333333336,0.0,ZBO,120.0,0.012,"[""ZBO"", ""EARTH_NEW""]",0.0,1.0,[]
2037-03,0.0,15.833333333333334,11.25,"{""A"": 150.0, ""B"": 60.0, ""C"": 50.0, ""D"": 0, ""E"": 35.0}","{""A"": 11.666666666666666, ""B"": 2.9166666666666665, ""C"": 2.5}","[{""actual_arrival_month"": ""2037-04"", ""actual_delivery_share"": 1.0, ""availability_share"": 1.0, ""feasible_t"": 10.0, ""gross_delivery_t"": 10.0, ""order_month"": ""2036-04"", ""planned_arrival_month"": ""2037-04"", ""requested_t"": 10.0, ""shipment_id"": ""S0016"", ""source_id"": ""A"", ""source_name"": ""Earth-Core"", ""unfulfilled_request_t"": 0.0}, {""actual_arrival_month"": ""2037-05"", ""actual_delivery_share"": 1.0, ""availability_share"": 1.0, ""feasible_t"": 10.0, ""gross_delivery_t"": 10.0, ""order_month"": ""2036-05"", ""planned_arrival_month"": ""2037-05"", ""requested_t"": 10.0, ""shipment_id"": ""S0017"", ""source_id"": ""A"", ""source_name"": ""Earth-Core"", ""unfulfilled_request_t"": 0.0}, {""actual_arrival_month"": ""2037-06"", ""actual_delivery_share"": 1.0, ""availability_share"": 1.0, ""feasible_t"": 10.0, ""gross_delivery_t"": 10.0, ""order_month"": ""2036-06"", ""planned_arrival_month"": ""2037-06"", ""requested_t"": 10.0, ""shipment_id"": ""S0018"", ""source_id"": ""A"", ""source_name"": ""Earth-Core"", ""unfulfilled_request_t"": 0.0}, {""actual_arrival_month"": ""2037-07"", ""actual_delivery_share"": 1.0, ""availability_share"": 1.0, ""feasible_t"": 10.0, ""gross_delivery_t"": 10.0, ""order_month"": ""2036-07"", ""planned_arrival_month"": ""2037-07"", ""requested_t"": 10.0, ""shipment_id"": ""S0019"", ""source_id"": ""A"", ""source_name"": ""Earth-Core"", ""unfulfilled_request_t"": 0.0}, {""actual_arrival_month"": ""2037-08"", ""actual_delivery_share"": 1.0, ""availability_share"": 1.0, ""feasible_t"": 10.0, ""gross_delivery_t"": 10.0, ""order_month"": ""2036-08"", ""planned_arrival_month"": ""2037-08"", ""requested_t"": 10.0, ""shipment_id"": ""S0020"", ""source_id"": ""A"", ""source_name"": ""Earth-Core"", ""unfulfilled_request_t"": 0.0}, {""actual_arrival_month"": ""2037-09"", ""actual_delivery_share"": 1.0, ""availability_share"": 1.0, ""feasible_t"": 10.0, ""gross_delivery_t"": 10.0, ""order_month"": ""2036-09"", ""planned_arrival_month"": ""2037-09"", ""requested_t"": 10.0, ""shipment_id"": ""S0021"", ""source_id"": ""A"", ""source_name"": ""Earth-Core"", ""unfulfilled_request_t"": 0.0}, {""actual_arrival_month"": ""2037-10"", ""actual_delivery_share"": 1.0, ""availability_share"": 1.0, ""feasible_t"": 10.0, ""gross_delivery_t"": 10.0, ""order_month"": ""2036-10"", ""planned_arrival_month"": ""2037-10"", ""requested_t"": 10.0, ""shipment_id"": ""S0022"", ""source_id"": ""A"", ""source_name"": ""Earth-Core"", ""unfulfilled_request_t"": 0.0}, {""actual_arrival_month"": ""2037-11"", ""actual_delivery_share"": 1.0, ""availability_share"": 1.0, ""feasible_t"": 10.0, ""gross_delivery_t"": 10.0, ""order_month"": ""2036-11"", ""planned_arrival_month"": ""2037-11"", ""requested_t"": 10.0, ""shipment_id"": ""S0023"", ""source_id"": ""A"", ""source_name"": ""Earth-Core"", ""unfulfilled_request_t"": 0.0}, {""actual_arrival_month"": ""2037-12"", ""actual_delivery_share"": 1.0, ""availability_share"": 1.0, ""feasible_t"": 10.0, ""gross_delivery_t"": 10.0, ""order_month"": ""2036-12"", ""planned_arrival_month"": ""2037-12"", ""requested_t"": 10.0, ""shipment_id"": ""S0024"", ""source_id"": ""A"", ""source_name"": ""Earth-Core"", ""unfulfilled_request_t"": 0.0}, {""actual_arrival_month"": ""2038-01"", ""actual_delivery_share"": 1.0, ""availability_share"": 1.0, ""feasible_t"": 11.666666666666666, ""gross_delivery_t"": 11.666666666666666, ""order_month"": ""2037-01"", ""planned_arrival_month"": ""2038-01"", ""requested_t"": 11.666666666666666, ""shipment_id"": ""S0025"", ""source_id"": ""A"", ""source_name"": ""Earth-Core"", ""unfulfilled_request_t"": 0.0}, {""actual_arrival_month"": ""2038-02"", ""actual_delivery_share"": 1.0, ""availability_share"": 1.0, ""feasible_t"": 11.666666666666666, ""gross_delivery_t"": 11.666666666666666, ""order_month"": ""2037-02"", ""planned_arrival_month"": ""2038-02"", ""requested_t"": 11.666666666666666, ""shipment_id"": ""S0026"", ""source_id"": ""A"", ""source_name"": ""Earth-Core"", ""unfulfilled_request_t"": 0.0}, {""actual_arrival_month"": ""2038-03"", ""actual_delivery_share"": 1.0, ""availability_share"": 1.0, ""feasible_t"": 11.666666666666666, ""gross_delivery_t"": 11.666666666666666, ""order_month"": ""2037-03"", ""planned_arrival_month"": ""2038-03"", ""requested_t"": 11.666666666666666, ""shipment_id"": ""S0027"", ""source_id"": ""A"", ""source_name"": ""Earth-Core"", ""unfulfilled_request_t"": 0.0}, {""actual_arrival_month"": ""2037-04"", ""actual_delivery_share"": 1.0, ""availability_share"": 1.0, ""feasible_t"": 2.5, ""gross_delivery_t"": 2.5, ""order_month"": ""2036-12"", ""planned_arrival_month"": ""2037-04"", ""requested_t"": 2.5, ""shipment_id"": ""S0096"", ""source_id"": ""B"", ""source_name"": ""Earth-Flex"", ""unfulfilled_request_t"": 0.0}, {""actual_arrival_month"": ""2037-05"", ""actual_delivery_share"": 1.0, ""availability_share"": 1.0, ""feasible_t"": 2.9166666666666665, ""gross_delivery_t"": 2.9166666666666665, ""order_month"": ""2037-01"", ""planned_arrival_month"": ""2037-05"", ""requested_t"": 2.9166666666666665, ""shipment_id"": ""S0097"", ""source_id"": ""B"", ""source_name"": ""Earth-Flex"", ""unfulfilled_request_t"": 0.0}, {""actual_arrival_month"": ""2037-06"", ""actual_delivery_share"": 1.0, ""availability_share"": 1.0, ""feasible_t"": 2.9166666666666665, ""gross_delivery_t"": 2.9166666666666665, ""order_month"": ""2037-02"", ""planned_arrival_month"": ""2037-06"", ""requested_t"": 2.9166666666666665, ""shipment_id"": ""S0098"", ""source_id"": ""B"", ""source_name"": ""Earth-Flex"", ""unfulfilled_request_t"": 0.0}, {""actual_arrival_month"": ""2037-07"", ""actual_delivery_share"": 1.0, ""availability_share"": 1.0, ""feasible_t"": 2.9166666666666665, ""gross_delivery_t"": 2.9166666666666665, ""order_month"": ""2037-03"", ""planned_arrival_month"": ""2037-07"", ""requested_t"": 2.9166666666666665, ""shipment_id"": ""S0099"", ""source_id"": ""B"", ""source_name"": ""Earth-Flex"", ""unfulfilled_request_t"": 0.0}]","{""A"": 10.0, ""B"": 2.5, ""C"": 2.5}","{""A"": 10.0, ""B"": 2.5, ""C"": 2.5}",15.0,0.18,14.82,14.82,0.0,14.82,11.25,3.5700000000000003,0.0,1.0133333333333336,0.0,ZBO,120.0,0.012,"[""ZBO"", ""EARTH_NEW""]",0.0,1.0,[]
2037-04,0.0,15.833333333333334,11.25,"{""A"": 150.0, ""B"": 60.0, ""C"": 50.0, ""D"": 0, ""E"": 35.0}","{""A"": 11.666666666666666, ""B"": 2.9166666666666665, ""C"": 2.5}","[{""actual_arrival_month"": ""2037-05"", ""actual_delivery_share"": 1.0, ""availability_share"": 1.0, ""feasible_t"": 10.0, ""gross_delivery_t"": 10.0, ""order_month"": ""2036-05"", ""planned_arrival_month"": ""2037-05"", ""requested_t"": 10.0, ""shipment_id"": ""S0017"", ""source_id"": ""A"", ""source_name"": ""Earth-Core"", ""unfulfilled_request_t"": 0.0}, {""actual_arrival_month"": ""2037-06"", ""actual_delivery_share"": 1.0, ""availability_share"": 1.0, ""feasible_t"": 10.0, ""gross_delivery_t"": 10.0, ""order_month"": ""2036-06"", ""planned_arrival_month"": ""2037-06"", ""requested_t"": 10.0, ""shipment_id"": ""S0018"", ""source_id"": ""A"", ""source_name"": ""Earth-Core"", ""unfulfilled_request_t"": 0.0}, {""actual_arrival_month"": ""2037-07"", ""actual_delivery_share"": 1.0, ""availability_share"": 1.0, ""feasible_t"": 10.0, ""gross_delivery_t"": 10.0, ""order_month"": ""2036-07"", ""planned_arrival_month"": ""2037-07"", ""requested_t"": 10.0, ""shipment_id"": ""S0019"", ""source_id"": ""A"", ""source_name"": ""Earth-Core"", ""unfulfilled_request_t"": 0.0}, {""actual_arrival_month"": ""2037-08"", ""actual_delivery_share"": 1.0, ""availability_share"": 1.0, ""feasible_t"": 10.0, ""gross_delivery_t"": 10.0, ""order_month"": ""2036-08"", ""planned_arrival_month"": ""2037-08"", ""requested_t"": 10.0, ""shipment_id"": ""S0020"", ""source_id"": ""A"", ""source_name"": ""Earth-Core"", ""unfulfilled_request_t"": 0.0}, {""actual_arrival_month"": ""2037-09"", ""actual_delivery_share"": 1.0, ""availability_share"": 1.0, ""feasible_t"": 10.0, ""gross_delivery_t"": 10.0, ""order_month"": ""2036-09"", ""planned_arrival_month"": ""2037-09"", ""requested_t"": 10.0, ""shipment_id"": ""S0021"", ""source_id"": ""A"", ""source_name"": ""Earth-Core"", ""unfulfilled_request_t"": 0.0}, {""actual_arrival_month"": ""2037-10"", ""actual_delivery_share"": 1.0, ""availability_share"": 1.0, ""feasible_t"": 10.0, ""gross_delivery_t"": 10.0, ""order_month"": ""2036-10"", ""planned_arrival_month"": ""2037-10"", ""requested_t"": 10.0, ""shipment_id"": ""S0022"", ""source_id"": ""A"", ""source_name"": ""Earth-Core"", ""unfulfilled_request_t"": 0.0}, {""actual_arrival_month"": ""2037-11"", ""actual_delivery_share"": 1.0, ""availability_share"": 1.0, ""feasible_t"": 10.0, ""gross_delivery_t"": 10.0, ""order_month"": ""2036-11"", ""planned_arrival_month"": ""2037-11"", ""requested_t"": 10.0, ""shipment_id"": ""S0023"", ""source_id"": ""A"", ""source_name"": ""Earth-Core"", ""unfulfilled_request_t"": 0.0}, {""actual_arrival_month"": ""2037-12"", ""actual_delivery_share"": 1.0, ""availability_share"": 1.0, ""feasible_t"": 10.0, ""gross_delivery_t"": 10.0, ""order_month"": ""2036-12"", ""planned_arrival_month"": ""2037-12"", ""requested_t"": 10.0, ""shipment_id"": ""S0024"", ""source_id"": ""A"", ""source_name"": ""Earth-Core"", ""unfulfilled_request_t"": 0.0}, {""actual_arrival_month"": ""2038-01"", ""actual_delivery_share"": 1.0, ""availability_share"": 1.0, ""feasible_t"": 11.666666666666666, ""gross_delivery_t"": 11.666666666666666, ""order_month"": ""2037-01"", ""planned_arrival_month"": ""2038-01"", ""requested_t"": 11.666666666666666, ""shipment_id"": ""S0025"", ""source_id"": ""A"", ""source_name"": ""Earth-Core"", ""unfulfilled_request_t"": 0.0}, {""actual_arrival_month"": ""2038-02"", ""actual_delivery_share"": 1.0, ""availability_share"": 1.0, ""feasible_t"": 11.666666666666666, ""gross_delivery_t"": 11.666666666666666, ""order_month"": ""2037-02"", ""planned_arrival_month"": ""2038-02"", ""requested_t"": 11.666666666666666, ""shipment_id"": ""S0026"", ""source_id"": ""A"", ""source_name"": ""Earth-Core"", ""unfulfilled_request_t"": 0.0}, {""actual_arrival_month"": ""2038-03"", ""actual_delivery_share"": 1.0, ""availability_share"": 1.0, ""feasible_t"": 11.666666666666666, ""gross_delivery_t"": 11.666666666666666, ""order_month"": ""2037-03"", ""planned_arrival_month"": ""2038-03"", ""requested_t"": 11.666666666666666, ""shipment_id"": ""S0027"", ""source_id"": ""A"", ""source_name"": ""Earth-Core"", ""unfulfilled_request_t"": 0.0}, {""actual_arrival_month"": ""2038-04"", ""actual_delivery_share"": 1.0, ""availability_share"": 1.0, ""feasible_t"": 11.666666666666666, ""gross_delivery_t"": 11.666666666666666, ""order_month"": ""2037-04"", ""planned_arrival_month"": ""2038-04"", ""requested_t"": 11.666666666666666, ""shipment_id"": ""S0028"", ""source_id"": ""A"", ""source_name"": ""Earth-Core"", ""unfulfilled_request_t"": 0.0}, {""actual_arrival_month"": ""2037-05"", ""actual_delivery_share"": 1.0, ""availability_share"": 1.0, ""feasible_t"": 2.9166666666666665, ""gross_delivery_t"": 2.9166666666666665, ""order_month"": ""2037-01"", ""planned_arrival_month"": ""2037-05"", ""requested_t"": 2.9166666666666665, ""shipment_id"": ""S0097"", ""source_id"": ""B"", ""source_name"": ""Earth-Flex"", ""unfulfilled_request_t"": 0.0}, {""actual_arrival_month"": ""2037-06"", ""actual_delivery_share"": 1.0, ""availability_share"": 1.0, ""feasible_t"": 2.9166666666666665, ""gross_delivery_t"": 2.9166666666666665, ""order_month"": ""2037-02"", ""planned_arrival_month"": ""2037-06"", ""requested_t"": 2.9166666666666665, ""shipment_id"": ""S0098"", ""source_id"": ""B"", ""source_name"": ""Earth-Flex"", ""unfulfilled_request_t"": 0.0}, {""actual_arrival_month"": ""2037-07"", ""actual_delivery_share"": 1.0, ""availability_share"": 1.0, ""feasible_t"": 2.9166666666666665, ""gross_delivery_t"": 2.9166666666666665, ""order_month"": ""2037-03"", ""planned_arrival_month"": ""2037-07"", ""requested_t"": 2.9166666666666665, ""shipment_id"": ""S0099"", ""source_id"": ""B"", ""source_name"": ""Earth-Flex"", ""unfulfilled_request_t"": 0.0}, {""actual_arrival_month"": ""2037-08"", ""actual_delivery_share"": 1.0, ""availability_share"": 1.0, ""feasible_t"": 2.9166666666666665, ""gross_delivery_t"": 2.9166666666666665, ""order_month"": ""2037-04"", ""planned_arrival_month"": ""2037-08"", ""requested_t"": 2.9166666666666665, ""shipment_id"": ""S0100"", ""source_id"": ""B"", ""source_name"": ""Earth-Flex"", ""unfulfilled_request_t"": 0.0}]","{""A"": 10.0, ""B"": 2.5, ""C"": 2.5}","{""A"": 10.0, ""B"": 2.5, ""C"": 2.5}",15.0,0.18,14.82,14.82,0.0,14.82,11.25,3.5700000000000003,0.0,1.0133333333333336,0.0,ZBO,120.0,0.012,"[""ZBO"", ""EARTH_NEW""]",0.0,1.0,[]
2037-05,0.0,15.833333333333334,11.25,"{""A"": 150.0, ""B"": 60.0, ""C"": 50.0, ""D"": 0, ""E"": 35.0}","{""A"": 11.666666666666666, ""B"": 2.9166666666666665, ""C"": 2.5}","[{""actual_arrival_month"": ""2037-06"", ""actual_delivery_share"": 1.0, ""availability_share"": 1.0, ""feasible_t"": 10.0, ""gross_delivery_t"": 10.0, ""order_month"": ""2036-06"", ""planned_arrival_month"": ""2037-06"", ""requested_t"": 10.0, ""shipment_id"": ""S0018"", ""source_id"": ""A"", ""source_name"": ""Earth-Core"", ""unfulfilled_request_t"": 0.0}, {""actual_arrival_month"": ""2037-07"", ""actual_delivery_share"": 1.0, ""availability_share"": 1.0, ""feasible_t"": 10.0, ""gross_delivery_t"": 10.0, ""order_month"": ""2036-07"", ""planned_arrival_month"": ""2037-07"", ""requested_t"": 10.0, ""shipment_id"": ""S0019"", ""source_id"": ""A"", ""source_name"": ""Earth-Core"", ""unfulfilled_request_t"": 0.0}, {""actual_arrival_month"": ""2037-08"", ""actual_delivery_share"": 1.0, ""availability_share"": 1.0, ""feasible_t"": 10.0, ""gross_delivery_t"": 10.0, ""order_month"": ""2036-08"", ""planned_arrival_month"": ""2037-08"", ""requested_t"": 10.0, ""shipment_id"": ""S0020"", ""source_id"": ""A"", ""source_name"": ""Earth-Core"", ""unfulfilled_request_t"": 0.0}, {""actual_arrival_month"": ""2037-09"", ""actual_delivery_share"": 1.0, ""availability_share"": 1.0, ""feasible_t"": 10.0, ""gross_delivery_t"": 10.0, ""order_month"": ""2036-09"", ""planned_arrival_month"": ""2037-09"", ""requested_t"": 10.0, ""shipment_id"": ""S0021"", ""source_id"": ""A"", ""source_name"": ""Earth-Core"", ""unfulfilled_request_t"": 0.0}, {""actual_arrival_month"": ""2037-10"", ""actual_delivery_share"": 1.0, ""availability_share"": 1.0, ""feasible_t"": 10.0, ""gross_delivery_t"": 10.0, ""order_month"": ""2036-10"", ""planned_arrival_month"": ""2037-10"", ""requested_t"": 10.0, ""shipment_id"": ""S0022"", ""source_id"": ""A"", ""source_name"": ""Earth-Core"", ""unfulfilled_request_t"": 0.0}, {""actual_arrival_month"": ""2037-11"", ""actual_delivery_share"": 1.0, ""availability_share"": 1.0, ""feasible_t"": 10.0, ""gross_delivery_t"": 10.0, ""order_month"": ""2036-11"", ""planned_arrival_month"": ""2037-11"", ""requested_t"": 10.0, ""shipment_id"": ""S0023"", ""source_id"": ""A"", ""source_name"": ""Earth-Core"", ""unfulfilled_request_t"": 0.0}, {""actual_arrival_month"": ""2037-12"", ""actual_delivery_share"": 1.0, ""availability_share"": 1.0, ""feasible_t"": 10.0, ""gross_delivery_t"": 10.0, ""order_month"": ""2036-12"", ""planned_arrival_month"": ""2037-12"", ""requested_t"": 10.0, ""shipment_id"": ""S0024"", ""source_id"": ""A"", ""source_name"": ""Earth-Core"", ""unfulfilled_request_t"": 0.0}, {""actual_arrival_month"": ""2038-01"", ""actual_delivery_share"": 1.0, ""availability_share"": 1.0, ""feasible_t"": 11.666666666666666, ""gross_delivery_t"": 11.666666666666666, ""order_month"": ""2037-01"", ""planned_arrival_month"": ""2038-01"", ""requested_t"": 11.666666666666666, ""shipment_id"": ""S0025"", ""source_id"": ""A"", ""source_name"": ""Earth-Core"", ""unfulfilled_request_t"": 0.0}, {""actual_arrival_month"": ""2038-02"", ""actual_delivery_share"": 1.0, ""availability_share"": 1.0, ""feasible_t"": 11.666666666666666, ""gross_delivery_t"": 11.666666666666666, ""order_month"": ""2037-02"", ""planned_arrival_month"": ""2038-02"", ""requested_t"": 11.666666666666666, ""shipment_id"": ""S0026"", ""source_id"": ""A"", ""source_name"": ""Earth-Core"", ""unfulfilled_request_t"": 0.0}, {""actual_arrival_month"": ""2038-03"", ""actual_delivery_share"": 1.0, ""availability_share"": 1.0, ""feasible_t"": 11.666666666666666, ""gross_delivery_t"": 11.666666666666666, ""order_month"": ""2037-03"", ""planned_arrival_month"": ""2038-03"", ""requested_t"": 11.666666666666666, ""shipment_id"": ""S0027"", ""source_id"": ""A"", ""source_name"": ""Earth-Core"", ""unfulfilled_request_t"": 0.0}, {""actual_arrival_month"": ""2038-04"", ""actual_delivery_share"": 1.0, ""availability_share"": 1.0, ""feasible_t"": 11.666666666666666, ""gross_delivery_t"": 11.666666666666666, ""order_month"": ""2037-04"", ""planned_arrival_month"": ""2038-04"", ""requested_t"": 11.666666666666666, ""shipment_id"": ""S0028"", ""source_id"": ""A"", ""source_name"": ""Earth-Core"", ""unfulfilled_request_t"": 0.0}, {""actual_arrival_month"": ""2038-05"", ""actual_delivery_share"": 1.0, ""availability_share"": 1.0, ""feasible_t"": 11.666666666666666, ""gross_delivery_t"": 11.666666666666666, ""order_month"": ""2037-05"", ""planned_arrival_month"": ""2038-05"", ""requested_t"": 11.666666666666666, ""shipment_id"": ""S0029"", ""source_id"": ""A"", ""source_name"": ""Earth-Core"", ""unfulfilled_request_t"": 0.0}, {""actual_arrival_month"": ""2037-06"", ""actual_delivery_share"": 1.0, ""availability_share"": 1.0, ""feasible_t"": 2.9166666666666665, ""gross_delivery_t"": 2.9166666666666665, ""order_month"": ""2037-02"", ""planned_arrival_month"": ""2037-06"", ""requested_t"": 2.9166666666666665, ""shipment_id"": ""S0098"", ""source_id"": ""B"", ""source_name"": ""Earth-Flex"", ""unfulfilled_request_t"": 0.0}, {""actual_arrival_month"": ""2037-07"", ""actual_delivery_share"": 1.0, ""availability_share"": 1.0, ""feasible_t"": 2.9166666666666665, ""gross_delivery_t"": 2.9166666666666665, ""order_month"": ""2037-03"", ""planned_arrival_month"": ""2037-07"", ""requested_t"": 2.9166666666666665, ""shipment_id"": ""S0099"", ""source_id"": ""B"", ""source_name"": ""Earth-Flex"", ""unfulfilled_request_t"": 0.0}, {""actual_arrival_month"": ""2037-08"", ""actual_delivery_share"": 1.0, ""availability_share"": 1.0, ""feasible_t"": 2.9166666666666665, ""gross_delivery_t"": 2.9166666666666665, ""order_month"": ""2037-04"", ""planned_arrival_month"": ""2037-08"", ""requested_t"": 2.9166666666666665, ""shipment_id"": ""S0100"", ""source_id"": ""B"", ""source_name"": ""Earth-Flex"", ""unfulfilled_request_t"": 0.0}, {""actual_arrival_month"": ""2037-09"", ""actual_delivery_share"": 1.0, ""availability_share"": 1.0, ""feasible_t"": 2.9166666666666665, ""gross_delivery_t"": 2.9166666666666665, ""order_month"": ""2037-05"", ""planned_arrival_month"": ""2037-09"", ""requested_t"": 2.9166666666666665, ""shipment_id"": ""S0101"", ""source_id"": ""B"", ""source_name"": ""Earth-Flex"", ""unfulfilled_request_t"": 0.0}]","{""A"": 10.0, ""B"": 2.9166666666666665, ""C"": 2.5}","{""A"": 10.0, ""B"": 2.9166666666666665, ""C"": 2.5}",15.416666666666666,0.185,15.231666666666666,15.231666666666666,0.0,15.231666666666666,11.25,3.9816666666666656,0.0,0.6016666666666683,0.0,ZBO,120.0,0.012,"[""ZBO"", ""EARTH_NEW""]",0.0,1.0,[]
2037-06,0.0,15.833333333333334,11.25,"{""A"": 150.0, ""B"": 60.0, ""C"": 50.0, ""D"": 0, ""E"": 35.0}","{""A"": 11.666666666666666, ""B"": 2.9166666666666665, ""C"": 2.5}","[{""actual_arrival_month"": ""2037-07"", ""actual_delivery_share"": 1.0, ""availability_share"": 1.0, ""feasible_t"": 10.0, ""gross_delivery_t"": 10.0, ""order_month"": ""2036-07"", ""planned_arrival_month"": ""2037-07"", ""requested_t"": 10.0, ""shipment_id"": ""S0019"", ""source_id"": ""A"", ""source_name"": ""Earth-Core"", ""unfulfilled_request_t"": 0.0}, {""actual_arrival_month"": ""2037-08"", ""actual_delivery_share"": 1.0, ""availability_share"": 1.0, ""feasible_t"": 10.0, ""gross_delivery_t"": 10.0, ""order_month"": ""2036-08"", ""planned_arrival_month"": ""2037-08"", ""requested_t"": 10.0, ""shipment_id"": ""S0020"", ""source_id"": ""A"", ""source_name"": ""Earth-Core"", ""unfulfilled_request_t"": 0.0}, {""actual_arrival_month"": ""2037-09"", ""actual_delivery_share"": 1.0, ""availability_share"": 1.0, ""feasible_t"": 10.0, ""gross_delivery_t"": 10.0, ""order_month"": ""2036-09"", ""planned_arrival_month"": ""2037-09"", ""requested_t"": 10.0, ""shipment_id"": ""S0021"", ""source_id"": ""A"", ""source_name"": ""Earth-Core"", ""unfulfilled_request_t"": 0.0}, {""actual_arrival_month"": ""2037-10"", ""actual_delivery_share"": 1.0, ""availability_share"": 1.0, ""feasible_t"": 10.0, ""gross_delivery_t"": 10.0, ""order_month"": ""2036-10"", ""planned_arrival_month"": ""2037-10"", ""requested_t"": 10.0, ""shipment_id"": ""S0022"", ""source_id"": ""A"", ""source_name"": ""Earth-Core"", ""unfulfilled_request_t"": 0.0}, {""actual_arrival_month"": ""2037-11"", ""actual_delivery_share"": 1.0, ""availability_share"": 1.0, ""feasible_t"": 10.0, ""gross_delivery_t"": 10.0, ""order_month"": ""2036-11"", ""planned_arrival_month"": ""2037-11"", ""requested_t"": 10.0, ""shipment_id"": ""S0023"", ""source_id"": ""A"", ""source_name"": ""Earth-Core"", ""unfulfilled_request_t"": 0.0}, {""actual_arrival_month"": ""2037-12"", ""actual_delivery_share"": 1.0, ""availability_share"": 1.0, ""feasible_t"": 10.0, ""gross_delivery_t"": 10.0, ""order_month"": ""2036-12"", ""planned_arrival_month"": ""2037-12"", ""requested_t"": 10.0, ""shipment_id"": ""S0024"", ""source_id"": ""A"", ""source_name"": ""Earth-Core"", ""unfulfilled_request_t"": 0.0}, {""actual_arrival_month"": ""2038-01"", ""actual_delivery_share"": 1.0, ""availability_share"": 1.0, ""feasible_t"": 11.666666666666666, ""gross_delivery_t"": 11.666666666666666, ""order_month"": ""2037-01"", ""planned_arrival_month"": ""2038-01"", ""requested_t"": 11.666666666666666, ""shipment_id"": ""S0025"", ""source_id"": ""A"", ""source_name"": ""Earth-Core"", ""unfulfilled_request_t"": 0.0}, {""actual_arrival_month"": ""2038-02"", ""actual_delivery_share"": 1.0, ""availability_share"": 1.0, ""feasible_t"": 11.666666666666666, ""gross_delivery_t"": 11.666666666666666, ""order_month"": ""2037-02"", ""planned_arrival_month"": ""2038-02"", ""requested_t"": 11.666666666666666, ""shipment_id"": ""S0026"", ""source_id"": ""A"", ""source_name"": ""Earth-Core"", ""unfulfilled_request_t"": 0.0}, {""actual_arrival_month"": ""2038-03"", ""actual_delivery_share"": 1.0, ""availability_share"": 1.0, ""feasible_t"": 11.666666666666666, ""gross_delivery_t"": 11.666666666666666, ""order_month"": ""2037-03"", ""planned_arrival_month"": ""2038-03"", ""requested_t"": 11.666666666666666, ""shipment_id"": ""S0027"", ""source_id"": ""A"", ""source_name"": ""Earth-Core"", ""unfulfilled_request_t"": 0.0}, {""actual_arrival_month"": ""2038-04"", ""actual_delivery_share"": 1.0, ""availability_share"": 1.0, ""feasible_t"": 11.666666666666666, ""gross_delivery_t"": 11.666666666666666, ""order_month"": ""2037-04"", ""planned_arrival_month"": ""2038-04"", ""requested_t"": 11.666666666666666, ""shipment_id"": ""S0028"", ""source_id"": ""A"", ""source_name"": ""Earth-Core"", ""unfulfilled_request_t"": 0.0}, {""actual_arrival_month"": ""2038-05"", ""actual_delivery_share"": 1.0, ""availability_share"": 1.0, ""feasible_t"": 11.666666666666666, ""gross_delivery_t"": 11.666666666666666, ""order_month"": ""2037-05"", ""planned_arrival_month"": ""2038-05"", ""requested_t"": 11.666666666666666, ""shipment_id"": ""S0029"", ""source_id"": ""A"", ""source_name"": ""Earth-Core"", ""unfulfilled_request_t"": 0.0}, {""actual_arrival_month"": ""2038-06"", ""actual_delivery_share"": 1.0, ""availability_share"": 1.0, ""feasible_t"": 11.666666666666666, ""gross_delivery_t"": 11.666666666666666, ""order_month"": ""2037-06"", ""planned_arrival_month"": ""2038-06"", ""requested_t"": 11.666666666666666, ""shipment_id"": ""S0030"", ""source_id"": ""A"", ""source_name"": ""Earth-Core"", ""unfulfilled_request_t"": 0.0}, {""actual_arrival_month"": ""2037-07"", ""actual_delivery_share"": 1.0, ""availability_share"": 1.0, ""feasible_t"": 2.9166666666666665, ""gross_delivery_t"": 2.9166666666666665, ""order_month"": ""2037-03"", ""planned_arrival_month"": ""2037-07"", ""requested_t"": 2.9166666666666665, ""shipment_id"": ""S0099"", ""source_id"": ""B"", ""source_name"": ""Earth-Flex"", ""unfulfilled_request_t"": 0.0}, {""actual_arrival_month"": ""2037-08"", ""actual_delivery_share"": 1.0, ""availability_share"": 1.0, ""feasible_t"": 2.9166666666666665, ""gross_delivery_t"": 2.9166666666666665, ""order_month"": ""2037-04"", ""planned_arrival_month"": ""2037-08"", ""requested_t"": 2.9166666666666665, ""shipment_id"": ""S0100"", ""source_id"": ""B"", ""source_name"": ""Earth-Flex"", ""unfulfilled_request_t"": 0.0}, {""actual_arrival_month"": ""2037-09"", ""actual_delivery_share"": 1.0, ""availability_share"": 1.0, ""feasible_t"": 2.9166666666666665, ""gross_delivery_t"": 2.9166666666666665, ""order_month"": ""2037-05"", ""planned_arrival_month"": ""2037-09"", ""requested_t"": 2.9166666666666665, ""shipment_id"": ""S0101"", ""source_id"": ""B"", ""source_name"": ""Earth-Flex"", ""unfulfilled_request_t"": 0.0}, {""actual_arrival_month"": ""2037-10"", ""actual_delivery_share"": 1.0, ""availability_share"": 1.0, ""feasible_t"": 2.9166666666666665, ""gross_delivery_t"": 2.9166666666666665, ""order_month"": ""2037-06"", ""planned_arrival_month"": ""2037-10"", ""requested_t"": 2.9166666666666665, ""shipment_id"": ""S0102"", ""source_id"": ""B"", ""source_name"": ""Earth-Flex"", ""unfulfilled_request_t"": 0.0}]","{""A"": 10.0, ""B"": 2.9166666666666665, ""C"": 2.5}","{""A"": 10.0, ""B"": 2.9166666666666665, ""C"": 2.5}",15.416666666666666,0.185,15.231666666666666,15.231666666666666,0.0,15.231666666666666,11.25,3.9816666666666656,0.0,0.6016666666666683,0.0,ZBO,120.0,0.012,"[""ZBO"", ""EARTH_NEW""]",0.0,1.0,[]
2037-07,0.0,15.833333333333334,11.25,"{""A"": 150.0, ""B"": 60.0, ""C"": 50.0, ""D"": 0, ""E"": 35.0}","{""A"": 11.666666666666666, ""B"": 2.9166666666666665, ""C"": 2.5}","[{""actual_arrival_month"": ""2037-08"", ""actual_delivery_share"": 1.0, ""availability_share"": 1.0, ""feasible_t"": 10.0, ""gross_delivery_t"": 10.0, ""order_month"": ""2036-08"", ""planned_arrival_month"": ""2037-08"", ""requested_t"": 10.0, ""shipment_id"": ""S0020"", ""source_id"": ""A"", ""source_name"": ""Earth-Core"", ""unfulfilled_request_t"": 0.0}, {""actual_arrival_month"": ""2037-09"", ""actual_delivery_share"": 1.0, ""availability_share"": 1.0, ""feasible_t"": 10.0, ""gross_delivery_t"": 10.0, ""order_month"": ""2036-09"", ""planned_arrival_month"": ""2037-09"", ""requested_t"": 10.0, ""shipment_id"": ""S0021"", ""source_id"": ""A"", ""source_name"": ""Earth-Core"", ""unfulfilled_request_t"": 0.0}, {""actual_arrival_month"": ""2037-10"", ""actual_delivery_share"": 1.0, ""availability_share"": 1.0, ""feasible_t"": 10.0, ""gross_delivery_t"": 10.0, ""order_month"": ""2036-10"", ""planned_arrival_month"": ""2037-10"", ""requested_t"": 10.0, ""shipment_id"": ""S0022"", ""source_id"": ""A"", ""source_name"": ""Earth-Core"", ""unfulfilled_request_t"": 0.0}, {""actual_arrival_month"": ""2037-11"", ""actual_delivery_share"": 1.0, ""availability_share"": 1.0, ""feasible_t"": 10.0, ""gross_delivery_t"": 10.0, ""order_month"": ""2036-11"", ""planned_arrival_month"": ""2037-11"", ""requested_t"": 10.0, ""shipment_id"": ""S0023"", ""source_id"": ""A"", ""source_name"": ""Earth-Core"", ""unfulfilled_request_t"": 0.0}, {""actual_arrival_month"": ""2037-12"", ""actual_delivery_share"": 1.0, ""availability_share"": 1.0, ""feasible_t"": 10.0, ""gross_delivery_t"": 10.0, ""order_month"": ""2036-12"", ""planned_arrival_month"": ""2037-12"", ""requested_t"": 10.0, ""shipment_id"": ""S0024"", ""source_id"": ""A"", ""source_name"": ""Earth-Core"", ""unfulfilled_request_t"": 0.0}, {""actual_arrival_month"": ""2038-01"", ""actual_delivery_share"": 1.0, ""availability_share"": 1.0, ""feasible_t"": 11.666666666666666, ""gross_delivery_t"": 11.666666666666666, ""order_month"": ""2037-01"", ""planned_arrival_month"": ""2038-01"", ""requested_t"": 11.666666666666666, ""shipment_id"": ""S0025"", ""source_id"": ""A"", ""source_name"": ""Earth-Core"", ""unfulfilled_request_t"": 0.0}, {""actual_arrival_month"": ""2038-02"", ""actual_delivery_share"": 1.0, ""availability_share"": 1.0, ""feasible_t"": 11.666666666666666, ""gross_delivery_t"": 11.666666666666666, ""order_month"": ""2037-02"", ""planned_arrival_month"": ""2038-02"", ""requested_t"": 11.666666666666666, ""shipment_id"": ""S0026"", ""source_id"": ""A"", ""source_name"": ""Earth-Core"", ""unfulfilled_request_t"": 0.0}, {""actual_arrival_month"": ""2038-03"", ""actual_delivery_share"": 1.0, ""availability_share"": 1.0, ""feasible_t"": 11.666666666666666, ""gross_delivery_t"": 11.666666666666666, ""order_month"": ""2037-03"", ""planned_arrival_month"": ""2038-03"", ""requested_t"": 11.666666666666666, ""shipment_id"": ""S0027"", ""source_id"": ""A"", ""source_name"": ""Earth-Core"", ""unfulfilled_request_t"": 0.0}, {""actual_arrival_month"": ""2038-04"", ""actual_delivery_share"": 1.0, ""availability_share"": 1.0, ""feasible_t"": 11.666666666666666, ""gross_delivery_t"": 11.666666666666666, ""order_month"": ""2037-04"", ""planned_arrival_month"": ""2038-04"", ""requested_t"": 11.666666666666666, ""shipment_id"": ""S0028"", ""source_id"": ""A"", ""source_name"": ""Earth-Core"", ""unfulfilled_request_t"": 0.0}, {""actual_arrival_month"": ""2038-05"", ""actual_delivery_share"": 1.0, ""availability_share"": 1.0, ""feasible_t"": 11.666666666666666, ""gross_delivery_t"": 11.666666666666666, ""order_month"": ""2037-05"", ""planned_arrival_month"": ""2038-05"", ""requested_t"": 11.666666666666666, ""shipment_id"": ""S0029"", ""source_id"": ""A"", ""source_name"": ""Earth-Core"", ""unfulfilled_request_t"": 0.0}, {""actual_arrival_month"": ""2038-06"", ""actual_delivery_share"": 1.0, ""availability_share"": 1.0, ""feasible_t"": 11.666666666666666, ""gross_delivery_t"": 11.666666666666666, ""order_month"": ""2037-06"", ""planned_arrival_month"": ""2038-06"", ""requested_t"": 11.666666666666666, ""shipment_id"": ""S0030"", ""source_id"": ""A"", ""source_name"": ""Earth-Core"", ""unfulfilled_request_t"": 0.0}, {""actual_arrival_month"": ""2038-07"", ""actual_delivery_share"": 1.0, ""availability_share"": 1.0, ""feasible_t"": 11.666666666666666, ""gross_delivery_t"": 11.666666666666666, ""order_month"": ""2037-07"", ""planned_arrival_month"": ""2038-07"", ""requested_t"": 11.666666666666666, ""shipment_id"": ""S0031"", ""source_id"": ""A"", ""source_name"": ""Earth-Core"", ""unfulfilled_request_t"": 0.0}, {""actual_arrival_month"": ""2037-08"", ""actual_delivery_share"": 1.0, ""availability_share"": 1.0, ""feasible_t"": 2.9166666666666665, ""gross_delivery_t"": 2.9166666666666665, ""order_month"": ""2037-04"", ""planned_arrival_month"": ""2037-08"", ""requested_t"": 2.9166666666666665, ""shipment_id"": ""S0100"", ""source_id"": ""B"", ""source_name"": ""Earth-Flex"", ""unfulfilled_request_t"": 0.0}, {""actual_arrival_month"": ""2037-09"", ""actual_delivery_share"": 1.0, ""availability_share"": 1.0, ""feasible_t"": 2.9166666666666665, ""gross_delivery_t"": 2.9166666666666665, ""order_month"": ""2037-05"", ""planned_arrival_month"": ""2037-09"", ""requested_t"": 2.9166666666666665, ""shipment_id"": ""S0101"", ""source_id"": ""B"", ""source_name"": ""Earth-Flex"", ""unfulfilled_request_t"": 0.0}, {""actual_arrival_month"": ""2037-10"", ""actual_delivery_share"": 1.0, ""availability_share"": 1.0, ""feasible_t"": 2.9166666666666665, ""gross_delivery_t"": 2.9166666666666665, ""order_month"": ""2037-06"", ""planned_arrival_month"": ""2037-10"", ""requested_t"": 2.9166666666666665, ""shipment_id"": ""S0102"", ""source_id"": ""B"", ""source_name"": ""Earth-Flex"", ""unfulfilled_request_t"": 0.0}, {""actual_arrival_month"": ""2037-11"", ""actual_delivery_share"": 1.0, ""availability_share"": 1.0, ""feasible_t"": 2.9166666666666665, ""gross_delivery_t"": 2.9166666666666665, ""order_month"": ""2037-07"", ""planned_arrival_month"": ""2037-11"", ""requested_t"": 2.9166666666666665, ""shipment_id"": ""S0103"", ""source_id"": ""B"", ""source_name"": ""Earth-Flex"", ""unfulfilled_request_t"": 0.0}]","{""A"": 10.0, ""B"": 2.9166666666666665, ""C"": 2.5}","{""A"": 10.0, ""B"": 2.9166666666666665, ""C"": 2.5}",15.416666666666666,0.185,15.231666666666666,15.231666666666666,0.0,15.231666666666666,11.25,3.9816666666666656,0.0,0.6016666666666683,0.0,ZBO,120.0,0.012,"[""ZBO"", ""EARTH_NEW""]",0.0,1.0,[]
2037-08,0.0,15.833333333333334,11.25,"{""A"": 150.0, ""B"": 60.0, ""C"": 50.0, ""D"": 0, ""E"": 35.0}","{""A"": 11.666666666666666, ""B"": 2.9166666666666665, ""C"": 2.5}","[{""actual_arrival_month"": ""2037-09"", ""actual_delivery_share"": 1.0, ""availability_share"": 1.0, ""feasible_t"": 10.0, ""gross_delivery_t"": 10.0, ""order_month"": ""2036-09"", ""planned_arrival_month"": ""2037-09"", ""requested_t"": 10.0, ""shipment_id"": ""S0021"", ""source_id"": ""A"", ""source_name"": ""Earth-Core"", ""unfulfilled_request_t"": 0.0}, {""actual_arrival_month"": ""2037-10"", ""actual_delivery_share"": 1.0, ""availability_share"": 1.0, ""feasible_t"": 10.0, ""gross_delivery_t"": 10.0, ""order_month"": ""2036-10"", ""planned_arrival_month"": ""2037-10"", ""requested_t"": 10.0, ""shipment_id"": ""S0022"", ""source_id"": ""A"", ""source_name"": ""Earth-Core"", ""unfulfilled_request_t"": 0.0}, {""actual_arrival_month"": ""2037-11"", ""actual_delivery_share"": 1.0, ""availability_share"": 1.0, ""feasible_t"": 10.0, ""gross_delivery_t"": 10.0, ""order_month"": ""2036-11"", ""planned_arrival_month"": ""2037-11"", ""requested_t"": 10.0, ""shipment_id"": ""S0023"", ""source_id"": ""A"", ""source_name"": ""Earth-Core"", ""unfulfilled_request_t"": 0.0}, {""actual_arrival_month"": ""2037-12"", ""actual_delivery_share"": 1.0, ""availability_share"": 1.0, ""feasible_t"": 10.0, ""gross_delivery_t"": 10.0, ""order_month"": ""2036-12"", ""planned_arrival_month"": ""2037-12"", ""requested_t"": 10.0, ""shipment_id"": ""S0024"", ""source_id"": ""A"", ""source_name"": ""Earth-Core"", ""unfulfilled_request_t"": 0.0}, {""actual_arrival_month"": ""2038-01"", ""actual_delivery_share"": 1.0, ""availability_share"": 1.0, ""feasible_t"": 11.666666666666666, ""gross_delivery_t"": 11.666666666666666, ""order_month"": ""2037-01"", ""planned_arrival_month"": ""2038-01"", ""requested_t"": 11.666666666666666, ""shipment_id"": ""S0025"", ""source_id"": ""A"", ""source_name"": ""Earth-Core"", ""unfulfilled_request_t"": 0.0}, {""actual_arrival_month"": ""2038-02"", ""actual_delivery_share"": 1.0, ""availability_share"": 1.0, ""feasible_t"": 11.666666666666666, ""gross_delivery_t"": 11.666666666666666, ""order_month"": ""2037-02"", ""planned_arrival_month"": ""2038-02"", ""requested_t"": 11.666666666666666, ""shipment_id"": ""S0026"", ""source_id"": ""A"", ""source_name"": ""Earth-Core"", ""unfulfilled_request_t"": 0.0}, {""actual_arrival_month"": ""2038-03"", ""actual_delivery_share"": 1.0, ""availability_share"": 1.0, ""feasible_t"": 11.666666666666666, ""gross_delivery_t"": 11.666666666666666, ""order_month"": ""2037-03"", ""planned_arrival_month"": ""2038-03"", ""requested_t"": 11.666666666666666, ""shipment_id"": ""S0027"", ""source_id"": ""A"", ""source_name"": ""Earth-Core"", ""unfulfilled_request_t"": 0.0}, {""actual_arrival_month"": ""2038-04"", ""actual_delivery_share"": 1.0, ""availability_share"": 1.0, ""feasible_t"": 11.666666666666666, ""gross_delivery_t"": 11.666666666666666, ""order_month"": ""2037-04"", ""planned_arrival_month"": ""2038-04"", ""requested_t"": 11.666666666666666, ""shipment_id"": ""S0028"", ""source_id"": ""A"", ""source_name"": ""Earth-Core"", ""unfulfilled_request_t"": 0.0}, {""actual_arrival_month"": ""2038-05"", ""actual_delivery_share"": 1.0, ""availability_share"": 1.0, ""feasible_t"": 11.666666666666666, ""gross_delivery_t"": 11.666666666666666, ""order_month"": ""2037-05"", ""planned_arrival_month"": ""2038-05"", ""requested_t"": 11.666666666666666, ""shipment_id"": ""S0029"", ""source_id"": ""A"", ""source_name"": ""Earth-Core"", ""unfulfilled_request_t"": 0.0}, {""actual_arrival_month"": ""2038-06"", ""actual_delivery_share"": 1.0, ""availability_share"": 1.0, ""feasible_t"": 11.666666666666666, ""gross_delivery_t"": 11.666666666666666, ""order_month"": ""2037-06"", ""planned_arrival_month"": ""2038-06"", ""requested_t"": 11.666666666666666, ""shipment_id"": ""S0030"", ""source_id"": ""A"", ""source_name"": ""Earth-Core"", ""unfulfilled_request_t"": 0.0}, {""actual_arrival_month"": ""2038-07"", ""actual_delivery_share"": 1.0, ""availability_share"": 1.0, ""feasible_t"": 11.666666666666666, ""gross_delivery_t"": 11.666666666666666, ""order_month"": ""2037-07"", ""planned_arrival_month"": ""2038-07"", ""requested_t"": 11.666666666666666, ""shipment_id"": ""S0031"", ""source_id"": ""A"", ""source_name"": ""Earth-Core"", ""unfulfilled_request_t"": 0.0}, {""actual_arrival_month"": ""2038-08"", ""actual_delivery_share"": 1.0, ""availability_share"": 1.0, ""feasible_t"": 11.666666666666666, ""gross_delivery_t"": 11.666666666666666, ""order_month"": ""2037-08"", ""planned_arrival_month"": ""2038-08"", ""requested_t"": 11.666666666666666, ""shipment_id"": ""S0032"", ""source_id"": ""A"", ""source_name"": ""Earth-Core"", ""unfulfilled_request_t"": 0.0}, {""actual_arrival_month"": ""2037-09"", ""actual_delivery_share"": 1.0, ""availability_share"": 1.0, ""feasible_t"": 2.9166666666666665, ""gross_delivery_t"": 2.9166666666666665, ""order_month"": ""2037-05"", ""planned_arrival_month"": ""2037-09"", ""requested_t"": 2.9166666666666665, ""shipment_id"": ""S0101"", ""source_id"": ""B"", ""source_name"": ""Earth-Flex"", ""unfulfilled_request_t"": 0.0}, {""actual_arrival_month"": ""2037-10"", ""actual_delivery_share"": 1.0, ""availability_share"": 1.0, ""feasible_t"": 2.9166666666666665, ""gross_delivery_t"": 2.9166666666666665, ""order_month"": ""2037-06"", ""planned_arrival_month"": ""2037-10"", ""requested_t"": 2.9166666666666665, ""shipment_id"": ""S0102"", ""source_id"": ""B"", ""source_name"": ""Earth-Flex"", ""unfulfilled_request_t"": 0.0}, {""actual_arrival_month"": ""2037-11"", ""actual_delivery_share"": 1.0, ""availability_share"": 1.0, ""feasible_t"": 2.9166666666666665, ""gross_delivery_t"": 2.9166666666666665, ""order_month"": ""2037-07"", ""planned_arrival_month"": ""2037-11"", ""requested_t"": 2.9166666666666665, ""shipment_id"": ""S0103"", ""source_id"": ""B"", ""source_name"": ""Earth-Flex"", ""unfulfilled_request_t"": 0.0}, {""actual_arrival_month"": ""2037-12"", ""actual_delivery_share"": 1.0, ""availability_share"": 1.0, ""feasible_t"": 2.9166666666666665, ""gross_delivery_t"": 2.9166666666666665, ""order_month"": ""2037-08"", ""planned_arrival_month"": ""2037-12"", ""requested_t"": 2.9166666666666665, ""shipment_id"": ""S0104"", ""source_id"": ""B"", ""source_name"": ""Earth-Flex"", ""unfulfilled_request_t"": 0.0}]","{""A"": 10.0, ""B"": 2.9166666666666665, ""C"": 2.5}","{""A"": 10.0, ""B"": 2.9166666666666665, ""C"": 2.5}",15.416666666666666,0.185,15.231666666666666,15.231666666666666,0.0,15.231666666666666,11.25,3.9816666666666656,0.0,0.6016666666666683,0.0,ZBO,120.0,0.012,"[""ZBO"", ""EARTH_NEW""]",0.0,1.0,[]
2037-09,0.0,15.833333333333334,11.25,"{""A"": 150.0, ""B"": 60.0, ""C"": 50.0, ""D"": 0, ""E"": 35.0}","{""A"": 11.666666666666666, ""B"": 2.9166666666666665, ""C"": 2.5}","[{""actual_arrival_month"": ""2037-10"", ""actual_delivery_share"": 1.0, ""availability_share"": 1.0, ""feasible_t"": 10.0, ""gross_delivery_t"": 10.0, ""order_month"": ""2036-10"", ""planned_arrival_month"": ""2037-10"", ""requested_t"": 10.0, ""shipment_id"": ""S0022"", ""source_id"": ""A"", ""source_name"": ""Earth-Core"", ""unfulfilled_request_t"": 0.0}, {""actual_arrival_month"": ""2037-11"", ""actual_delivery_share"": 1.0, ""availability_share"": 1.0, ""feasible_t"": 10.0, ""gross_delivery_t"": 10.0, ""order_month"": ""2036-11"", ""planned_arrival_month"": ""2037-11"", ""requested_t"": 10.0, ""shipment_id"": ""S0023"", ""source_id"": ""A"", ""source_name"": ""Earth-Core"", ""unfulfilled_request_t"": 0.0}, {""actual_arrival_month"": ""2037-12"", ""actual_delivery_share"": 1.0, ""availability_share"": 1.0, ""feasible_t"": 10.0, ""gross_delivery_t"": 10.0, ""order_month"": ""2036-12"", ""planned_arrival_month"": ""2037-12"", ""requested_t"": 10.0, ""shipment_id"": ""S0024"", ""source_id"": ""A"", ""source_name"": ""Earth-Core"", ""unfulfilled_request_t"": 0.0}, {""actual_arrival_month"": ""2038-01"", ""actual_delivery_share"": 1.0, ""availability_share"": 1.0, ""feasible_t"": 11.666666666666666, ""gross_delivery_t"": 11.666666666666666, ""order_month"": ""2037-01"", ""planned_arrival_month"": ""2038-01"", ""requested_t"": 11.666666666666666, ""shipment_id"": ""S0025"", ""source_id"": ""A"", ""source_name"": ""Earth-Core"", ""unfulfilled_request_t"": 0.0}, {""actual_arrival_month"": ""2038-02"", ""actual_delivery_share"": 1.0, ""availability_share"": 1.0, ""feasible_t"": 11.666666666666666, ""gross_delivery_t"": 11.666666666666666, ""order_month"": ""2037-02"", ""planned_arrival_month"": ""2038-02"", ""requested_t"": 11.666666666666666, ""shipment_id"": ""S0026"", ""source_id"": ""A"", ""source_name"": ""Earth-Core"", ""unfulfilled_request_t"": 0.0}, {""actual_arrival_month"": ""2038-03"", ""actual_delivery_share"": 1.0, ""availability_share"": 1.0, ""feasible_t"": 11.666666666666666, ""gross_delivery_t"": 11.666666666666666, ""order_month"": ""2037-03"", ""planned_arrival_month"": ""2038-03"", ""requested_t"": 11.666666666666666, ""shipment_id"": ""S0027"", ""source_id"": ""A"", ""source_name"": ""Earth-Core"", ""unfulfilled_request_t"": 0.0}, {""actual_arrival_month"": ""2038-04"", ""actual_delivery_share"": 1.0, ""availability_share"": 1.0, ""feasible_t"": 11.666666666666666, ""gross_delivery_t"": 11.666666666666666, ""order_month"": ""2037-04"", ""planned_arrival_month"": ""2038-04"", ""requested_t"": 11.666666666666666, ""shipment_id"": ""S0028"", ""source_id"": ""A"", ""source_name"": ""Earth-Core"", ""unfulfilled_request_t"": 0.0}, {""actual_arrival_month"": ""2038-05"", ""actual_delivery_share"": 1.0, ""availability_share"": 1.0, ""feasible_t"": 11.666666666666666, ""gross_delivery_t"": 11.666666666666666, ""order_month"": ""2037-05"", ""planned_arrival_month"": ""2038-05"", ""requested_t"": 11.666666666666666, ""shipment_id"": ""S0029"", ""source_id"": ""A"", ""source_name"": ""Earth-Core"", ""unfulfilled_request_t"": 0.0}, {""actual_arrival_month"": ""2038-06"", ""actual_delivery_share"": 1.0, ""availability_share"": 1.0, ""feasible_t"": 11.666666666666666, ""gross_delivery_t"": 11.666666666666666, ""order_month"": ""2037-06"", ""planned_arrival_month"": ""2038-06"", ""requested_t"": 11.666666666666666, ""shipment_id"": ""S0030"", ""source_id"": ""A"", ""source_name"": ""Earth-Core"", ""unfulfilled_request_t"": 0.0}, {""actual_arrival_month"": ""2038-07"", ""actual_delivery_share"": 1.0, ""availability_share"": 1.0, ""feasible_t"": 11.666666666666666, ""gross_delivery_t"": 11.666666666666666, ""order_month"": ""2037-07"", ""planned_arrival_month"": ""2038-07"", ""requested_t"": 11.666666666666666, ""shipment_id"": ""S0031"", ""source_id"": ""A"", ""source_name"": ""Earth-Core"", ""unfulfilled_request_t"": 0.0}, {""actual_arrival_month"": ""2038-08"", ""actual_delivery_share"": 1.0, ""availability_share"": 1.0, ""feasible_t"": 11.666666666666666, ""gross_delivery_t"": 11.666666666666666, ""order_month"": ""2037-08"", ""planned_arrival_month"": ""2038-08"", ""requested_t"": 11.666666666666666, ""shipment_id"": ""S0032"", ""source_id"": ""A"", ""source_name"": ""Earth-Core"", ""unfulfilled_request_t"": 0.0}, {""actual_arrival_month"": ""2038-09"", ""actual_delivery_share"": 1.0, ""availability_share"": 1.0, ""feasible_t"": 11.666666666666666, ""gross_delivery_t"": 11.666666666666666, ""order_month"": ""2037-09"", ""planned_arrival_month"": ""2038-09"", ""requested_t"": 11.666666666666666, ""shipment_id"": ""S0033"", ""source_id"": ""A"", ""source_name"": ""Earth-Core"", ""unfulfilled_request_t"": 0.0}, {""actual_arrival_month"": ""2037-10"", ""actual_delivery_share"": 1.0, ""availability_share"": 1.0, ""feasible_t"": 2.9166666666666665, ""gross_delivery_t"": 2.9166666666666665, ""order_month"": ""2037-06"", ""planned_arrival_month"": ""2037-10"", ""requested_t"": 2.9166666666666665, ""shipment_id"": ""S0102"", ""source_id"": ""B"", ""source_name"": ""Earth-Flex"", ""unfulfilled_request_t"": 0.0}, {""actual_arrival_month"": ""2037-11"", ""actual_delivery_share"": 1.0, ""availability_share"": 1.0, ""feasible_t"": 2.9166666666666665, ""gross_delivery_t"": 2.9166666666666665, ""order_month"": ""2037-07"", ""planned_arrival_month"": ""2037-11"", ""requested_t"": 2.9166666666666665, ""shipment_id"": ""S0103"", ""source_id"": ""B"", ""source_name"": ""Earth-Flex"", ""unfulfilled_request_t"": 0.0}, {""actual_arrival_month"": ""2037-12"", ""actual_delivery_share"": 1.0, ""availability_share"": 1.0, ""feasible_t"": 2.9166666666666665, ""gross_delivery_t"": 2.9166666666666665, ""order_month"": ""2037-08"", ""planned_arrival_month"": ""2037-12"", ""requested_t"": 2.9166666666666665, ""shipment_id"": ""S0104"", ""source_id"": ""B"", ""source_name"": ""Earth-Flex"", ""unfulfilled_request_t"": 0.0}, {""actual_arrival_month"": ""2038-01"", ""actual_delivery_share"": 1.0, ""availability_share"": 1.0, ""feasible_t"": 2.9166666666666665, ""gross_delivery_t"": 2.9166666666666665, ""order_month"": ""2037-09"", ""planned_arrival_month"": ""2038-01"", ""requested_t"": 2.9166666666666665, ""shipment_id"": ""S0105"", ""source_id"": ""B"", ""source_name"": ""Earth-Flex"", ""unfulfilled_request_t"": 0.0}]","{""A"": 10.0, ""B"": 2.9166666666666665, ""C"": 2.5}","{""A"": 10.0, ""B"": 2.9166666666666665, ""C"": 2.5}",15.416666666666666,0.185,15.231666666666666,15.231666666666666,0.0,15.231666666666666,11.25,3.9816666666666656,0.0,0.6016666666666683,0.0,ZBO,120.0,0.012,"[""ZBO"", ""EARTH_NEW""]",0.0,1.0,[]
2037-10,0.0,15.833333333333334,11.25,"{""A"": 150.0, ""B"": 60.0, ""C"": 50.0, ""D"": 0, ""E"": 35.0}","{""A"": 11.666666666666666, ""B"": 2.9166666666666665, ""C"": 2.5}","[{""actual_arrival_month"": ""2037-11"", ""actual_delivery_share"": 1.0, ""availability_share"": 1.0, ""feasible_t"": 10.0, ""gross_delivery_t"": 10.0, ""order_month"": ""2036-11"", ""planned_arrival_month"": ""2037-11"", ""requested_t"": 10.0, ""shipment_id"": ""S0023"", ""source_id"": ""A"", ""source_name"": ""Earth-Core"", ""unfulfilled_request_t"": 0.0}, {""actual_arrival_month"": ""2037-12"", ""actual_delivery_share"": 1.0, ""availability_share"": 1.0, ""feasible_t"": 10.0, ""gross_delivery_t"": 10.0, ""order_month"": ""2036-12"", ""planned_arrival_month"": ""2037-12"", ""requested_t"": 10.0, ""shipment_id"": ""S0024"", ""source_id"": ""A"", ""source_name"": ""Earth-Core"", ""unfulfilled_request_t"": 0.0}, {""actual_arrival_month"": ""2038-01"", ""actual_delivery_share"": 1.0, ""availability_share"": 1.0, ""feasible_t"": 11.666666666666666, ""gross_delivery_t"": 11.666666666666666, ""order_month"": ""2037-01"", ""planned_arrival_month"": ""2038-01"", ""requested_t"": 11.666666666666666, ""shipment_id"": ""S0025"", ""source_id"": ""A"", ""source_name"": ""Earth-Core"", ""unfulfilled_request_t"": 0.0}, {""actual_arrival_month"": ""2038-02"", ""actual_delivery_share"": 1.0, ""availability_share"": 1.0, ""feasible_t"": 11.666666666666666, ""gross_delivery_t"": 11.666666666666666, ""order_month"": ""2037-02"", ""planned_arrival_month"": ""2038-02"", ""requested_t"": 11.666666666666666, ""shipment_id"": ""S0026"", ""source_id"": ""A"", ""source_name"": ""Earth-Core"", ""unfulfilled_request_t"": 0.0}, {""actual_arrival_month"": ""2038-03"", ""actual_delivery_share"": 1.0, ""availability_share"": 1.0, ""feasible_t"": 11.666666666666666, ""gross_delivery_t"": 11.666666666666666, ""order_month"": ""2037-03"", ""planned_arrival_month"": ""2038-03"", ""requested_t"": 11.666666666666666, ""shipment_id"": ""S0027"", ""source_id"": ""A"", ""source_name"": ""Earth-Core"", ""unfulfilled_request_t"": 0.0}, {""actual_arrival_month"": ""2038-04"", ""actual_delivery_share"": 1.0, ""availability_share"": 1.0, ""feasible_t"": 11.666666666666666, ""gross_delivery_t"": 11.666666666666666, ""order_month"": ""2037-04"", ""planned_arrival_month"": ""2038-04"", ""requested_t"": 11.666666666666666, ""shipment_id"": ""S0028"", ""source_id"": ""A"", ""source_name"": ""Earth-Core"", ""unfulfilled_request_t"": 0.0}, {""actual_arrival_month"": ""2038-05"", ""actual_delivery_share"": 1.0, ""availability_share"": 1.0, ""feasible_t"": 11.666666666666666, ""gross_delivery_t"": 11.666666666666666, ""order_month"": ""2037-05"", ""planned_arrival_month"": ""2038-05"", ""requested_t"": 11.666666666666666, ""shipment_id"": ""S0029"", ""source_id"": ""A"", ""source_name"": ""Earth-Core"", ""unfulfilled_request_t"": 0.0}, {""actual_arrival_month"": ""2038-06"", ""actual_delivery_share"": 1.0, ""availability_share"": 1.0, ""feasible_t"": 11.666666666666666, ""gross_delivery_t"": 11.666666666666666, ""order_month"": ""2037-06"", ""planned_arrival_month"": ""2038-06"", ""requested_t"": 11.666666666666666, ""shipment_id"": ""S0030"", ""source_id"": ""A"", ""source_name"": ""Earth-Core"", ""unfulfilled_request_t"": 0.0}, {""actual_arrival_month"": ""2038-07"", ""actual_delivery_share"": 1.0, ""availability_share"": 1.0, ""feasible_t"": 11.666666666666666, ""gross_delivery_t"": 11.666666666666666, ""order_month"": ""2037-07"", ""planned_arrival_month"": ""2038-07"", ""requested_t"": 11.666666666666666, ""shipment_id"": ""S0031"", ""source_id"": ""A"", ""source_name"": ""Earth-Core"", ""unfulfilled_request_t"": 0.0}, {""actual_arrival_month"": ""2038-08"", ""actual_delivery_share"": 1.0, ""availability_share"": 1.0, ""feasible_t"": 11.666666666666666, ""gross_delivery_t"": 11.666666666666666, ""order_month"": ""2037-08"", ""planned_arrival_month"": ""2038-08"", ""requested_t"": 11.666666666666666, ""shipment_id"": ""S0032"", ""source_id"": ""A"", ""source_name"": ""Earth-Core"", ""unfulfilled_request_t"": 0.0}, {""actual_arrival_month"": ""2038-09"", ""actual_delivery_share"": 1.0, ""availability_share"": 1.0, ""feasible_t"": 11.666666666666666, ""gross_delivery_t"": 11.666666666666666, ""order_month"": ""2037-09"", ""planned_arrival_month"": ""2038-09"", ""requested_t"": 11.666666666666666, ""shipment_id"": ""S0033"", ""source_id"": ""A"", ""source_name"": ""Earth-Core"", ""unfulfilled_request_t"": 0.0}, {""actual_arrival_month"": ""2038-10"", ""actual_delivery_share"": 1.0, ""availability_share"": 1.0, ""feasible_t"": 11.666666666666666, ""gross_delivery_t"": 11.666666666666666, ""order_month"": ""2037-10"", ""planned_arrival_month"": ""2038-10"", ""requested_t"": 11.666666666666666, ""shipment_id"": ""S0034"", ""source_id"": ""A"", ""source_name"": ""Earth-Core"", ""unfulfilled_request_t"": 0.0}, {""actual_arrival_month"": ""2037-11"", ""actual_delivery_share"": 1.0, ""availability_share"": 1.0, ""feasible_t"": 2.9166666666666665, ""gross_delivery_t"": 2.9166666666666665, ""order_month"": ""2037-07"", ""planned_arrival_month"": ""2037-11"", ""requested_t"": 2.9166666666666665, ""shipment_id"": ""S0103"", ""source_id"": ""B"", ""source_name"": ""Earth-Flex"", ""unfulfilled_request_t"": 0.0}, {""actual_arrival_month"": ""2037-12"", ""actual_delivery_share"": 1.0, ""availability_share"": 1.0, ""feasible_t"": 2.9166666666666665, ""gross_delivery_t"": 2.9166666666666665, ""order_month"": ""2037-08"", ""planned_arrival_month"": ""2037-12"", ""requested_t"": 2.9166666666666665, ""shipment_id"": ""S0104"", ""source_id"": ""B"", ""source_name"": ""Earth-Flex"", ""unfulfilled_request_t"": 0.0}, {""actual_arrival_month"": ""2038-01"", ""actual_delivery_share"": 1.0, ""availability_share"": 1.0, ""feasible_t"": 2.9166666666666665, ""gross_delivery_t"": 2.9166666666666665, ""order_month"": ""2037-09"", ""planned_arrival_month"": ""2038-01"", ""requested_t"": 2.9166666666666665, ""shipment_id"": ""S0105"", ""source_id"": ""B"", ""source_name"": ""Earth-Flex"", ""unfulfilled_request_t"": 0.0}, {""actual_arrival_month"": ""2038-02"", ""actual_delivery_share"": 1.0, ""availability_share"": 1.0, ""feasible_t"": 2.9166666666666665, ""gross_delivery_t"": 2.9166666666666665, ""order_month"": ""2037-10"", ""planned_arrival_month"": ""2038-02"", ""requested_t"": 2.9166666666666665, ""shipment_id"": ""S0106"", ""source_id"": ""B"", ""source_name"": ""Earth-Flex"", ""unfulfilled_request_t"": 0.0}]","{""A"": 10.0, ""B"": 2.9166666666666665, ""C"": 2.5}","{""A"": 10.0, ""B"": 2.9166666666666665, ""C"": 2.5}",15.416666666666666,0.185,15.231666666666666,15.231666666666666,0.0,15.231666666666666,11.25,3.9816666666666656,0.0,0.6016666666666683,0.0,ZBO,120.0,0.012,"[""ZBO"", ""EARTH_NEW""]",0.0,1.0,[]
2037-11,0.0,15.833333333333334,11.25,"{""A"": 150.0, ""B"": 60.0, ""C"": 50.0, ""D"": 0, ""E"": 35.0}","{""A"": 11.666666666666666, ""B"": 2.9166666666666665, ""C"": 2.5}","[{""actual_arrival_month"": ""2037-12"", ""actual_delivery_share"": 1.0, ""availability_share"": 1.0, ""feasible_t"": 10.0, ""gross_delivery_t"": 10.0, ""order_month"": ""2036-12"", ""planned_arrival_month"": ""2037-12"", ""requested_t"": 10.0, ""shipment_id"": ""S0024"", ""source_id"": ""A"", ""source_name"": ""Earth-Core"", ""unfulfilled_request_t"": 0.0}, {""actual_arrival_month"": ""2038-01"", ""actual_delivery_share"": 1.0, ""availability_share"": 1.0, ""feasible_t"": 11.666666666666666, ""gross_delivery_t"": 11.666666666666666, ""order_month"": ""2037-01"", ""planned_arrival_month"": ""2038-01"", ""requested_t"": 11.666666666666666, ""shipment_id"": ""S0025"", ""source_id"": ""A"", ""source_name"": ""Earth-Core"", ""unfulfilled_request_t"": 0.0}, {""actual_arrival_month"": ""2038-02"", ""actual_delivery_share"": 1.0, ""availability_share"": 1.0, ""feasible_t"": 11.666666666666666, ""gross_delivery_t"": 11.666666666666666, ""order_month"": ""2037-02"", ""planned_arrival_month"": ""2038-02"", ""requested_t"": 11.666666666666666, ""shipment_id"": ""S0026"", ""source_id"": ""A"", ""source_name"": ""Earth-Core"", ""unfulfilled_request_t"": 0.0}, {""actual_arrival_month"": ""2038-03"", ""actual_delivery_share"": 1.0, ""availability_share"": 1.0, ""feasible_t"": 11.666666666666666, ""gross_delivery_t"": 11.666666666666666, ""order_month"": ""2037-03"", ""planned_arrival_month"": ""2038-03"", ""requested_t"": 11.666666666666666, ""shipment_id"": ""S0027"", ""source_id"": ""A"", ""source_name"": ""Earth-Core"", ""unfulfilled_request_t"": 0.0}, {""actual_arrival_month"": ""2038-04"", ""actual_delivery_share"": 1.0, ""availability_share"": 1.0, ""feasible_t"": 11.666666666666666, ""gross_delivery_t"": 11.666666666666666, ""order_month"": ""2037-04"", ""planned_arrival_month"": ""2038-04"", ""requested_t"": 11.666666666666666, ""shipment_id"": ""S0028"", ""source_id"": ""A"", ""source_name"": ""Earth-Core"", ""unfulfilled_request_t"": 0.0}, {""actual_arrival_month"": ""2038-05"", ""actual_delivery_share"": 1.0, ""availability_share"": 1.0, ""feasible_t"": 11.666666666666666, ""gross_delivery_t"": 11.666666666666666, ""order_month"": ""2037-05"", ""planned_arrival_month"": ""2038-05"", ""requested_t"": 11.666666666666666, ""shipment_id"": ""S0029"", ""source_id"": ""A"", ""source_name"": ""Earth-Core"", ""unfulfilled_request_t"": 0.0}, {""actual_arrival_month"": ""2038-06"", ""actual_delivery_share"": 1.0, ""availability_share"": 1.0, ""feasible_t"": 11.666666666666666, ""gross_delivery_t"": 11.666666666666666, ""order_month"": ""2037-06"", ""planned_arrival_month"": ""2038-06"", ""requested_t"": 11.666666666666666, ""shipment_id"": ""S0030"", ""source_id"": ""A"", ""source_name"": ""Earth-Core"", ""unfulfilled_request_t"": 0.0}, {""actual_arrival_month"": ""2038-07"", ""actual_delivery_share"": 1.0, ""availability_share"": 1.0, ""feasible_t"": 11.666666666666666, ""gross_delivery_t"": 11.666666666666666, ""order_month"": ""2037-07"", ""planned_arrival_month"": ""2038-07"", ""requested_t"": 11.666666666666666, ""shipment_id"": ""S0031"", ""source_id"": ""A"", ""source_name"": ""Earth-Core"", ""unfulfilled_request_t"": 0.0}, {""actual_arrival_month"": ""2038-08"", ""actual_delivery_share"": 1.0, ""availability_share"": 1.0, ""feasible_t"": 11.666666666666666, ""gross_delivery_t"": 11.666666666666666, ""order_month"": ""2037-08"", ""planned_arrival_month"": ""2038-08"", ""requested_t"": 11.666666666666666, ""shipment_id"": ""S0032"", ""source_id"": ""A"", ""source_name"": ""Earth-Core"", ""unfulfilled_request_t"": 0.0}, {""actual_arrival_month"": ""2038-09"", ""actual_delivery_share"": 1.0, ""availability_share"": 1.0, ""feasible_t"": 11.666666666666666, ""gross_delivery_t"": 11.666666666666666, ""order_month"": ""2037-09"", ""planned_arrival_month"": ""2038-09"", ""requested_t"": 11.666666666666666, ""shipment_id"": ""S0033"", ""source_id"": ""A"", ""source_name"": ""Earth-Core"", ""unfulfilled_request_t"": 0.0}, {""actual_arrival_month"": ""2038-10"", ""actual_delivery_share"": 1.0, ""availability_share"": 1.0, ""feasible_t"": 11.666666666666666, ""gross_delivery_t"": 11.666666666666666, ""order_month"": ""2037-10"", ""planned_arrival_month"": ""2038-10"", ""requested_t"": 11.666666666666666, ""shipment_id"": ""S0034"", ""source_id"": ""A"", ""source_name"": ""Earth-Core"", ""unfulfilled_request_t"": 0.0}, {""actual_arrival_month"": ""2038-11"", ""actual_delivery_share"": 1.0, ""availability_share"": 1.0, ""feasible_t"": 11.666666666666666, ""gross_delivery_t"": 11.666666666666666, ""order_month"": ""2037-11"", ""planned_arrival_month"": ""2038-11"", ""requested_t"": 11.666666666666666, ""shipment_id"": ""S0035"", ""source_id"": ""A"", ""source_name"": ""Earth-Core"", ""unfulfilled_request_t"": 0.0}, {""actual_arrival_month"": ""2037-12"", ""actual_delivery_share"": 1.0, ""availability_share"": 1.0, ""feasible_t"": 2.9166666666666665, ""gross_delivery_t"": 2.9166666666666665, ""order_month"": ""2037-08"", ""planned_arrival_month"": ""2037-12"", ""requested_t"": 2.9166666666666665, ""shipment_id"": ""S0104"", ""source_id"": ""B"", ""source_name"": ""Earth-Flex"", ""unfulfilled_request_t"": 0.0}, {""actual_arrival_month"": ""2038-01"", ""actual_delivery_share"": 1.0, ""availability_share"": 1.0, ""feasible_t"": 2.9166666666666665, ""gross_delivery_t"": 2.9166666666666665, ""order_month"": ""2037-09"", ""planned_arrival_month"": ""2038-01"", ""requested_t"": 2.9166666666666665, ""shipment_id"": ""S0105"", ""source_id"": ""B"", ""source_name"": ""Earth-Flex"", ""unfulfilled_request_t"": 0.0}, {""actual_arrival_month"": ""2038-02"", ""actual_delivery_share"": 1.0, ""availability_share"": 1.0, ""feasible_t"": 2.9166666666666665, ""gross_delivery_t"": 2.9166666666666665, ""order_month"": ""2037-10"", ""planned_arrival_month"": ""2038-02"", ""requested_t"": 2.9166666666666665, ""shipment_id"": ""S0106"", ""source_id"": ""B"", ""source_name"": ""Earth-Flex"", ""unfulfilled_request_t"": 0.0}, {""actual_arrival_month"": ""2038-03"", ""actual_delivery_share"": 1.0, ""availability_share"": 1.0, ""feasible_t"": 2.9166666666666665, ""gross_delivery_t"": 2.9166666666666665, ""order_month"": ""2037-11"", ""planned_arrival_month"": ""2038-03"", ""requested_t"": 2.9166666666666665, ""shipment_id"": ""S0107"", ""source_id"": ""B"", ""source_name"": ""Earth-Flex"", ""unfulfilled_request_t"": 0.0}]","{""A"": 10.0, ""B"": 2.9166666666666665, ""C"": 2.5}","{""A"": 10.0, ""B"": 2.9166666666666665, ""C"": 2.5}",15.416666666666666,0.185,15.231666666666666,15.231666666666666,0.0,15.231666666666666,11.25,3.9816666666666656,0.0,0.6016666666666683,0.0,ZBO,120.0,0.012,"[""ZBO"", ""EARTH_NEW""]",0.0,1.0,[]
2037-12,0.0,15.833333333333334,11.25,"{""A"": 150.0, ""B"": 60.0, ""C"": 50.0, ""D"": 0, ""E"": 35.0}","{""A"": 11.666666666666666, ""B"": 2.9166666666666665, ""C"": 2.5}","[{""actual_arrival_month"": ""2038-01"", ""actual_delivery_share"": 1.0, ""availability_share"": 1.0, ""feasible_t"": 11.666666666666666, ""gross_delivery_t"": 11.666666666666666, ""order_month"": ""2037-01"", ""planned_arrival_month"": ""2038-01"", ""requested_t"": 11.666666666666666, ""shipment_id"": ""S0025"", ""source_id"": ""A"", ""source_name"": ""Earth-Core"", ""unfulfilled_request_t"": 0.0}, {""actual_arrival_month"": ""2038-02"", ""actual_delivery_share"": 1.0, ""availability_share"": 1.0, ""feasible_t"": 11.666666666666666, ""gross_delivery_t"": 11.666666666666666, ""order_month"": ""2037-02"", ""planned_arrival_month"": ""2038-02"", ""requested_t"": 11.666666666666666, ""shipment_id"": ""S0026"", ""source_id"": ""A"", ""source_name"": ""Earth-Core"", ""unfulfilled_request_t"": 0.0}, {""actual_arrival_month"": ""2038-03"", ""actual_delivery_share"": 1.0, ""availability_share"": 1.0, ""feasible_t"": 11.666666666666666, ""gross_delivery_t"": 11.666666666666666, ""order_month"": ""2037-03"", ""planned_arrival_month"": ""2038-03"", ""requested_t"": 11.666666666666666, ""shipment_id"": ""S0027"", ""source_id"": ""A"", ""source_name"": ""Earth-Core"", ""unfulfilled_request_t"": 0.0}, {""actual_arrival_month"": ""2038-04"", ""actual_delivery_share"": 1.0, ""availability_share"": 1.0, ""feasible_t"": 11.666666666666666, ""gross_delivery_t"": 11.666666666666666, ""order_month"": ""2037-04"", ""planned_arrival_month"": ""2038-04"", ""requested_t"": 11.666666666666666, ""shipment_id"": ""S0028"", ""source_id"": ""A"", ""source_name"": ""Earth-Core"", ""unfulfilled_request_t"": 0.0}, {""actual_arrival_month"": ""2038-05"", ""actual_delivery_share"": 1.0, ""availability_share"": 1.0, ""feasible_t"": 11.666666666666666, ""gross_delivery_t"": 11.666666666666666, ""order_month"": ""2037-05"", ""planned_arrival_month"": ""2038-05"", ""requested_t"": 11.666666666666666, ""shipment_id"": ""S0029"", ""source_id"": ""A"", ""source_name"": ""Earth-Core"", ""unfulfilled_request_t"": 0.0}, {""actual_arrival_month"": ""2038-06"", ""actual_delivery_share"": 1.0, ""availability_share"": 1.0, ""feasible_t"": 11.666666666666666, ""gross_delivery_t"": 11.666666666666666, ""order_month"": ""2037-06"", ""planned_arrival_month"": ""2038-06"", ""requested_t"": 11.666666666666666, ""shipment_id"": ""S0030"", ""source_id"": ""A"", ""source_name"": ""Earth-Core"", ""unfulfilled_request_t"": 0.0}, {""actual_arrival_month"": ""2038-07"", ""actual_delivery_share"": 1.0, ""availability_share"": 1.0, ""feasible_t"": 11.666666666666666, ""gross_delivery_t"": 11.666666666666666, ""order_month"": ""2037-07"", ""planned_arrival_month"": ""2038-07"", ""requested_t"": 11.666666666666666, ""shipment_id"": ""S0031"", ""source_id"": ""A"", ""source_name"": ""Earth-Core"", ""unfulfilled_request_t"": 0.0}, {""actual_arrival_month"": ""2038-08"", ""actual_delivery_share"": 1.0, ""availability_share"": 1.0, ""feasible_t"": 11.666666666666666, ""gross_delivery_t"": 11.666666666666666, ""order_month"": ""2037-08"", ""planned_arrival_month"": ""2038-08"", ""requested_t"": 11.666666666666666, ""shipment_id"": ""S0032"", ""source_id"": ""A"", ""source_name"": ""Earth-Core"", ""unfulfilled_request_t"": 0.0}, {""actual_arrival_month"": ""2038-09"", ""actual_delivery_share"": 1.0, ""availability_share"": 1.0, ""feasible_t"": 11.666666666666666, ""gross_delivery_t"": 11.666666666666666, ""order_month"": ""2037-09"", ""planned_arrival_month"": ""2038-09"", ""requested_t"": 11.666666666666666, ""shipment_id"": ""S0033"", ""source_id"": ""A"", ""source_name"": ""Earth-Core"", ""unfulfilled_request_t"": 0.0}, {""actual_arrival_month"": ""2038-10"", ""actual_delivery_share"": 1.0, ""availability_share"": 1.0, ""feasible_t"": 11.666666666666666, ""gross_delivery_t"": 11.666666666666666, ""order_month"": ""2037-10"", ""planned_arrival_month"": ""2038-10"", ""requested_t"": 11.666666666666666, ""shipment_id"": ""S0034"", ""source_id"": ""A"", ""source_name"": ""Earth-Core"", ""unfulfilled_request_t"": 0.0}, {""actual_arrival_month"": ""2038-11"", ""actual_delivery_share"": 1.0, ""availability_share"": 1.0, ""feasible_t"": 11.666666666666666, ""gross_delivery_t"": 11.666666666666666, ""order_month"": ""2037-11"", ""planned_arrival_month"": ""2038-11"", ""requested_t"": 11.666666666666666, ""shipment_id"": ""S0035"", ""source_id"": ""A"", ""source_name"": ""Earth-Core"", ""unfulfilled_request_t"": 0.0}, {""actual_arrival_month"": ""2038-12"", ""actual_delivery_share"": 1.0, ""availability_share"": 1.0, ""feasible_t"": 11.666666666666666, ""gross_delivery_t"": 11.666666666666666, ""order_month"": ""2037-12"", ""planned_arrival_month"": ""2038-12"", ""requested_t"": 11.666666666666666, ""shipment_id"": ""S0036"", ""source_id"": ""A"", ""source_name"": ""Earth-Core"", ""unfulfilled_request_t"": 0.0}, {""actual_arrival_month"": ""2038-01"", ""actual_delivery_share"": 1.0, ""availability_share"": 1.0, ""feasible_t"": 2.9166666666666665, ""gross_delivery_t"": 2.9166666666666665, ""order_month"": ""2037-09"", ""planned_arrival_month"": ""2038-01"", ""requested_t"": 2.9166666666666665, ""shipment_id"": ""S0105"", ""source_id"": ""B"", ""source_name"": ""Earth-Flex"", ""unfulfilled_request_t"": 0.0}, {""actual_arrival_month"": ""2038-02"", ""actual_delivery_share"": 1.0, ""availability_share"": 1.0, ""feasible_t"": 2.9166666666666665, ""gross_delivery_t"": 2.9166666666666665, ""order_month"": ""2037-10"", ""planned_arrival_month"": ""2038-02"", ""requested_t"": 2.9166666666666665, ""shipment_id"": ""S0106"", ""source_id"": ""B"", ""source_name"": ""Earth-Flex"", ""unfulfilled_request_t"": 0.0}, {""actual_arrival_month"": ""2038-03"", ""actual_delivery_share"": 1.0, ""availability_share"": 1.0, ""feasible_t"": 2.9166666666666665, ""gross_delivery_t"": 2.9166666666666665, ""order_month"": ""2037-11"", ""planned_arrival_month"": ""2038-03"", ""requested_t"": 2.9166666666666665, ""shipment_id"": ""S0107"", ""source_id"": ""B"", ""source_name"": ""Earth-Flex"", ""unfulfilled_request_t"": 0.0}, {""actual_arrival_month"": ""2038-04"", ""actual_delivery_share"": 1.0, ""availability_share"": 1.0, ""feasible_t"": 2.9166666666666665, ""gross_delivery_t"": 2.9166666666666665, ""order_month"": ""2037-12"", ""planned_arrival_month"": ""2038-04"", ""requested_t"": 2.9166666666666665, ""shipment_id"": ""S0108"", ""source_id"": ""B"", ""source_name"": ""Earth-Flex"", ""unfulfilled_request_t"": 0.0}]","{""A"": 10.0, ""B"": 2.9166666666666665, ""C"": 2.5}","{""A"": 10.0, ""B"": 2.9166666666666665, ""C"": 2.5}",15.416666666666666,0.185,15.231666666666666,15.231666666666666,0.0,15.231666666666666,11.25,3.9816666666666656,0.0,0.6016666666666683,0.0,ZBO,120.0,0.012,"[""ZBO"", ""EARTH_NEW""]",0.0,1.0,[]
2038-01,0.0,23.958333333333332,16.291666666666664,"{""A"": 155.0, ""B"": 65.0, ""C"": 70.0, ""D"": 50.0, ""E"": 40.0}","{""A"": 12.083333333333334, ""B"": 3.3333333333333335, ""C"": 4.166666666666667, ""D"": 4.166666666666667}","[{""actual_arrival_month"": ""2038-02"", ""actual_delivery_share"": 1.0, ""availability_share"": 1.0, ""feasible_t"": 11.666666666666666, ""gross_delivery_t"": 11.666666666666666, ""order_month"": ""2037-02"", ""planned_arrival_month"": ""2038-02"", ""requested_t"": 11.666666666666666, ""shipment_id"": ""S0026"", ""source_id"": ""A"", ""source_name"": ""Earth-Core"", ""unfulfilled_request_t"": 0.0}, {""actual_arrival_month"": ""2038-03"", ""actual_delivery_share"": 1.0, ""availability_share"": 1.0, ""feasible_t"": 11.666666666666666, ""gross_delivery_t"": 11.666666666666666, ""order_month"": ""2037-03"", ""planned_arrival_month"": ""2038-03"", ""requested_t"": 11.666666666666666, ""shipment_id"": ""S0027"", ""source_id"": ""A"", ""source_name"": ""Earth-Core"", ""unfulfilled_request_t"": 0.0}, {""actual_arrival_month"": ""2038-04"", ""actual_delivery_share"": 1.0, ""availability_share"": 1.0, ""feasible_t"": 11.666666666666666, ""gross_delivery_t"": 11.666666666666666, ""order_month"": ""2037-04"", ""planned_arrival_month"": ""2038-04"", ""requested_t"": 11.666666666666666, ""shipment_id"": ""S0028"", ""source_id"": ""A"", ""source_name"": ""Earth-Core"", ""unfulfilled_request_t"": 0.0}, {""actual_arrival_month"": ""2038-05"", ""actual_delivery_share"": 1.0, ""availability_share"": 1.0, ""feasible_t"": 11.666666666666666, ""gross_delivery_t"": 11.666666666666666, ""order_month"": ""2037-05"", ""planned_arrival_month"": ""2038-05"", ""requested_t"": 11.666666666666666, ""shipment_id"": ""S0029"", ""source_id"": ""A"", ""source_name"": ""Earth-Core"", ""unfulfilled_request_t"": 0.0}, {""actual_arrival_month"": ""2038-06"", ""actual_delivery_share"": 1.0, ""availability_share"": 1.0, ""feasible_t"": 11.666666666666666, ""gross_delivery_t"": 11.666666666666666, ""order_month"": ""2037-06"", ""planned_arrival_month"": ""2038-06"", ""requested_t"": 11.666666666666666, ""shipment_id"": ""S0030"", ""source_id"": ""A"", ""source_name"": ""Earth-Core"", ""unfulfilled_request_t"": 0.0}, {""actual_arrival_month"": ""2038-07"", ""actual_delivery_share"": 1.0, ""availability_share"": 1.0, ""feasible_t"": 11.666666666666666, ""gross_delivery_t"": 11.666666666666666, ""order_month"": ""2037-07"", ""planned_arrival_month"": ""2038-07"", ""requested_t"": 11.666666666666666, ""shipment_id"": ""S0031"", ""source_id"": ""A"", ""source_name"": ""Earth-Core"", ""unfulfilled_request_t"": 0.0}, {""actual_arrival_month"": ""2038-08"", ""actual_delivery_share"": 1.0, ""availability_share"": 1.0, ""feasible_t"": 11.666666666666666, ""gross_delivery_t"": 11.666666666666666, ""order_month"": ""2037-08"", ""planned_arrival_month"": ""2038-08"", ""requested_t"": 11.666666666666666, ""shipment_id"": ""S0032"", ""source_id"": ""A"", ""source_name"": ""Earth-Core"", ""unfulfilled_request_t"": 0.0}, {""actual_arrival_month"": ""2038-09"", ""actual_delivery_share"": 1.0, ""availability_share"": 1.0, ""feasible_t"": 11.666666666666666, ""gross_delivery_t"": 11.666666666666666, ""order_month"": ""2037-09"", ""planned_arrival_month"": ""2038-09"", ""requested_t"": 11.666666666666666, ""shipment_id"": ""S0033"", ""source_id"": ""A"", ""source_name"": ""Earth-Core"", ""unfulfilled_request_t"": 0.0}, {""actual_arrival_month"": ""2038-10"", ""actual_delivery_share"": 1.0, ""availability_share"": 1.0, ""feasible_t"": 11.666666666666666, ""gross_delivery_t"": 11.666666666666666, ""order_month"": ""2037-10"", ""planned_arrival_month"": ""2038-10"", ""requested_t"": 11.666666666666666, ""shipment_id"": ""S0034"", ""source_id"": ""A"", ""source_name"": ""Earth-Core"", ""unfulfilled_request_t"": 0.0}, {""actual_arrival_month"": ""2038-11"", ""actual_delivery_share"": 1.0, ""availability_share"": 1.0, ""feasible_t"": 11.666666666666666, ""gross_delivery_t"": 11.666666666666666, ""order_month"": ""2037-11"", ""planned_arrival_month"": ""2038-11"", ""requested_t"": 11.666666666666666, ""shipment_id"": ""S0035"", ""source_id"": ""A"", ""source_name"": ""Earth-Core"", ""unfulfilled_request_t"": 0.0}, {""actual_arrival_month"": ""2038-12"", ""actual_delivery_share"": 1.0, ""availability_share"": 1.0, ""feasible_t"": 11.666666666666666, ""gross_delivery_t"": 11.666666666666666, ""order_month"": ""2037-12"", ""planned_arrival_month"": ""2038-12"", ""requested_t"": 11.666666666666666, ""shipment_id"": ""S0036"", ""source_id"": ""A"", ""source_name"": ""Earth-Core"", ""unfulfilled_request_t"": 0.0}, {""actual_arrival_month"": ""2039-01"", ""actual_delivery_share"": 1.0, ""availability_share"": 1.0, ""feasible_t"": 12.083333333333334, ""gross_delivery_t"": 12.083333333333334, ""order_month"": ""2038-01"", ""planned_arrival_month"": ""2039-01"", ""requested_t"": 12.083333333333334, ""shipment_id"": ""S0037"", ""source_id"": ""A"", ""source_name"": ""Earth-Core"", ""unfulfilled_request_t"": 0.0}, {""actual_arrival_month"": ""2038-02"", ""actual_delivery_share"": 1.0, ""availability_share"": 1.0, ""feasible_t"": 2.9166666666666665, ""gross_delivery_t"": 2.9166666666666665, ""order_month"": ""2037-10"", ""planned_arrival_month"": ""2038-02"", ""requested_t"": 2.9166666666666665, ""shipment_id"": ""S0106"", ""source_id"": ""B"", ""source_name"": ""Earth-Flex"", ""unfulfilled_request_t"": 0.0}, {""actual_arrival_month"": ""2038-03"", ""actual_delivery_share"": 1.0, ""availability_share"": 1.0, ""feasible_t"": 2.9166666666666665, ""gross_delivery_t"": 2.9166666666666665, ""order_month"": ""2037-11"", ""planned_arrival_month"": ""2038-03"", ""requested_t"": 2.9166666666666665, ""shipment_id"": ""S0107"", ""source_id"": ""B"", ""source_name"": ""Earth-Flex"", ""unfulfilled_request_t"": 0.0}, {""actual_arrival_month"": ""2038-04"", ""actual_delivery_share"": 1.0, ""availability_share"": 1.0, ""feasible_t"": 2.9166666666666665, ""gross_delivery_t"": 2.9166666666666665, ""order_month"": ""2037-12"", ""planned_arrival_month"": ""2038-04"", ""requested_t"": 2.9166666666666665, ""shipment_id"": ""S0108"", ""source_id"": ""B"", ""source_name"": ""Earth-Flex"", ""unfulfilled_request_t"": 0.0}, {""actual_arrival_month"": ""2038-05"", ""actual_delivery_share"": 1.0, ""availability_share"": 1.0, ""feasible_t"": 3.3333333333333335, ""gross_delivery_t"": 3.3333333333333335, ""order_month"": ""2038-01"", ""planned_arrival_month"": ""2038-05"", ""requested_t"": 3.3333333333333335, ""shipment_id"": ""S0109"", ""source_id"": ""B"", ""source_name"": ""Earth-Flex"", ""unfulfilled_request_t"": 0.0}, {""actual_arrival_month"": ""2038-03"", ""actual_delivery_share"": 0.55, ""availability_share"": 1.0, ""feasible_t"": 4.166666666666667, ""gross_delivery_t"": 2.291666666666667, ""order_month"": ""2038-01"", ""planned_arrival_month"": ""2038-03"", ""requested_t"": 4.166666666666667, ""shipment_id"": ""S0193"", ""source_id"": ""D"", ""source_name"": ""Lunar-ISRU"", ""unfulfilled_request_t"": 0.0}]","{""A"": 11.666666666666666, ""B"": 2.9166666666666665, ""C"": 4.166666666666667}","{""A"": 11.666666666666666, ""B"": 2.9166666666666665, ""C"": 4.166666666666667}",18.75,0.225,18.525,18.525,0.0,18.525,16.291666666666664,2.2333333333333343,0.0,5.433333333333334,0.0,ZBO,120.0,0.012,"[""ZBO"", ""EARTH_NEW"", ""LUNAR_ISRU""]",0.0,6.833333333333333,"[""RESERVE_45D""]"
2038-02,0.0,23.958333333333332,16.291666666666664,"{""A"": 155.0, ""B"": 65.0, ""C"": 70.0, ""D"": 50.0, ""E"": 40.0}","{""A"": 12.083333333333334, ""B"": 3.3333333333333335, ""C"": 4.166666666666667, ""D"": 4.166666666666667}","[{""actual_arrival_month"": ""2038-03"", ""actual_delivery_share"": 1.0, ""availability_share"": 1.0, ""feasible_t"": 11.666666666666666, ""gross_delivery_t"": 11.666666666666666, ""order_month"": ""2037-03"", ""planned_arrival_month"": ""2038-03"", ""requested_t"": 11.666666666666666, ""shipment_id"": ""S0027"", ""source_id"": ""A"", ""source_name"": ""Earth-Core"", ""unfulfilled_request_t"": 0.0}, {""actual_arrival_month"": ""2038-04"", ""actual_delivery_share"": 1.0, ""availability_share"": 1.0, ""feasible_t"": 11.666666666666666, ""gross_delivery_t"": 11.666666666666666, ""order_month"": ""2037-04"", ""planned_arrival_month"": ""2038-04"", ""requested_t"": 11.666666666666666, ""shipment_id"": ""S0028"", ""source_id"": ""A"", ""source_name"": ""Earth-Core"", ""unfulfilled_request_t"": 0.0}, {""actual_arrival_month"": ""2038-05"", ""actual_delivery_share"": 1.0, ""availability_share"": 1.0, ""feasible_t"": 11.666666666666666, ""gross_delivery_t"": 11.666666666666666, ""order_month"": ""2037-05"", ""planned_arrival_month"": ""2038-05"", ""requested_t"": 11.666666666666666, ""shipment_id"": ""S0029"", ""source_id"": ""A"", ""source_name"": ""Earth-Core"", ""unfulfilled_request_t"": 0.0}, {""actual_arrival_month"": ""2038-06"", ""actual_delivery_share"": 1.0, ""availability_share"": 1.0, ""feasible_t"": 11.666666666666666, ""gross_delivery_t"": 11.666666666666666, ""order_month"": ""2037-06"", ""planned_arrival_month"": ""2038-06"", ""requested_t"": 11.666666666666666, ""shipment_id"": ""S0030"", ""source_id"": ""A"", ""source_name"": ""Earth-Core"", ""unfulfilled_request_t"": 0.0}, {""actual_arrival_month"": ""2038-07"", ""actual_delivery_share"": 1.0, ""availability_share"": 1.0, ""feasible_t"": 11.666666666666666, ""gross_delivery_t"": 11.666666666666666, ""order_month"": ""2037-07"", ""planned_arrival_month"": ""2038-07"", ""requested_t"": 11.666666666666666, ""shipment_id"": ""S0031"", ""source_id"": ""A"", ""source_name"": ""Earth-Core"", ""unfulfilled_request_t"": 0.0}, {""actual_arrival_month"": ""2038-08"", ""actual_delivery_share"": 1.0, ""availability_share"": 1.0, ""feasible_t"": 11.666666666666666, ""gross_delivery_t"": 11.666666666666666, ""order_month"": ""2037-08"", ""planned_arrival_month"": ""2038-08"", ""requested_t"": 11.666666666666666, ""shipment_id"": ""S0032"", ""source_id"": ""A"", ""source_name"": ""Earth-Core"", ""unfulfilled_request_t"": 0.0}, {""actual_arrival_month"": ""2038-09"", ""actual_delivery_share"": 1.0, ""availability_share"": 1.0, ""feasible_t"": 11.666666666666666, ""gross_delivery_t"": 11.666666666666666, ""order_month"": ""2037-09"", ""planned_arrival_month"": ""2038-09"", ""requested_t"": 11.666666666666666, ""shipment_id"": ""S0033"", ""source_id"": ""A"", ""source_name"": ""Earth-Core"", ""unfulfilled_request_t"": 0.0}, {""actual_arrival_month"": ""2038-10"", ""actual_delivery_share"": 1.0, ""availability_share"": 1.0, ""feasible_t"": 11.666666666666666, ""gross_delivery_t"": 11.666666666666666, ""order_month"": ""2037-10"", ""planned_arrival_month"": ""2038-10"", ""requested_t"": 11.666666666666666, ""shipment_id"": ""S0034"", ""source_id"": ""A"", ""source_name"": ""Earth-Core"", ""unfulfilled_request_t"": 0.0}, {""actual_arrival_month"": ""2038-11"", ""actual_delivery_share"": 1.0, ""availability_share"": 1.0, ""feasible_t"": 11.666666666666666, ""gross_delivery_t"": 11.666666666666666, ""order_month"": ""2037-11"", ""planned_arrival_month"": ""2038-11"", ""requested_t"": 11.666666666666666, ""shipment_id"": ""S0035"", ""source_id"": ""A"", ""source_name"": ""Earth-Core"", ""unfulfilled_request_t"": 0.0}, {""actual_arrival_month"": ""2038-12"", ""actual_delivery_share"": 1.0, ""availability_share"": 1.0, ""feasible_t"": 11.666666666666666, ""gross_delivery_t"": 11.666666666666666, ""order_month"": ""2037-12"", ""planned_arrival_month"": ""2038-12"", ""requested_t"": 11.666666666666666, ""shipment_id"": ""S0036"", ""source_id"": ""A"", ""source_name"": ""Earth-Core"", ""unfulfilled_request_t"": 0.0}, {""actual_arrival_month"": ""2039-01"", ""actual_delivery_share"": 1.0, ""availability_share"": 1.0, ""feasible_t"": 12.083333333333334, ""gross_delivery_t"": 12.083333333333334, ""order_month"": ""2038-01"", ""planned_arrival_month"": ""2039-01"", ""requested_t"": 12.083333333333334, ""shipment_id"": ""S0037"", ""source_id"": ""A"", ""source_name"": ""Earth-Core"", ""unfulfilled_request_t"": 0.0}, {""actual_arrival_month"": ""2039-02"", ""actual_delivery_share"": 1.0, ""availability_share"": 1.0, ""feasible_t"": 12.083333333333334, ""gross_delivery_t"": 12.083333333333334, ""order_month"": ""2038-02"", ""planned_arrival_month"": ""2039-02"", ""requested_t"": 12.083333333333334, ""shipment_id"": ""S0038"", ""source_id"": ""A"", ""source_name"": ""Earth-Core"", ""unfulfilled_request_t"": 0.0}, {""actual_arrival_month"": ""2038-03"", ""actual_delivery_share"": 1.0, ""availability_share"": 1.0, ""feasible_t"": 2.9166666666666665, ""gross_delivery_t"": 2.9166666666666665, ""order_month"": ""2037-11"", ""planned_arrival_month"": ""2038-03"", ""requested_t"": 2.9166666666666665, ""shipment_id"": ""S0107"", ""source_id"": ""B"", ""source_name"": ""Earth-Flex"", ""unfulfilled_request_t"": 0.0}, {""actual_arrival_month"": ""2038-04"", ""actual_delivery_share"": 1.0, ""availability_share"": 1.0, ""feasible_t"": 2.9166666666666665, ""gross_delivery_t"": 2.9166666666666665, ""order_month"": ""2037-12"", ""planned_arrival_month"": ""2038-04"", ""requested_t"": 2.9166666666666665, ""shipment_id"": ""S0108"", ""source_id"": ""B"", ""source_name"": ""Earth-Flex"", ""unfulfilled_request_t"": 0.0}, {""actual_arrival_month"": ""2038-05"", ""actual_delivery_share"": 1.0, ""availability_share"": 1.0, ""feasible_t"": 3.3333333333333335, ""gross_delivery_t"": 3.3333333333333335, ""order_month"": ""2038-01"", ""planned_arrival_month"": ""2038-05"", ""requested_t"": 3.3333333333333335, ""shipment_id"": ""S0109"", ""source_id"": ""B"", ""source_name"": ""Earth-Flex"", ""unfulfilled_request_t"": 0.0}, {""actual_arrival_month"": ""2038-06"", ""actual_delivery_share"": 1.0, ""availability_share"": 1.0, ""feasible_t"": 3.3333333333333335, ""gross_delivery_t"": 3.3333333333333335, ""order_month"": ""2038-02"", ""planned_arrival_month"": ""2038-06"", ""requested_t"": 3.3333333333333335, ""shipment_id"": ""S0110"", ""source_id"": ""B"", ""source_name"": ""Earth-Flex"", ""unfulfilled_request_t"": 0.0}, {""actual_arrival_month"": ""2038-03"", ""actual_delivery_share"": 0.55, ""availability_share"": 1.0, ""feasible_t"": 4.166666666666667, ""gross_delivery_t"": 2.291666666666667, ""order_month"": ""2038-01"", ""planned_arrival_month"": ""2038-03"", ""requested_t"": 4.166666666666667, ""shipment_id"": ""S0193"", ""source_id"": ""D"", ""source_name"": ""Lunar-ISRU"", ""unfulfilled_request_t"": 0.0}, {""actual_arrival_month"": ""2038-04"", ""actual_delivery_share"": 0.55, ""availability_share"": 1.0, ""feasible_t"": 4.166666666666667, ""gross_delivery_t"": 2.291666666666667, ""order_month"": ""2038-02"", ""planned_arrival_month"": ""2038-04"", ""requested_t"": 4.166666666666667, ""shipment_id"": ""S0194"", ""source_id"": ""D"", ""source_name"": ""Lunar-ISRU"", ""unfulfilled_request_t"": 0.0}]","{""A"": 11.666666666666666, ""B"": 2.9166666666666665, ""C"": 4.166666666666667}","{""A"": 11.666666666666666, ""B"": 2.9166666666666665, ""C"": 4.166666666666667}",18.75,0.225,18.525,18.525,0.0,18.525,16.291666666666664,2.2333333333333343,0.0,5.433333333333334,0.0,ZBO,120.0,0.012,"[""ZBO"", ""EARTH_NEW"", ""LUNAR_ISRU""]",0.0,6.833333333333333,[]
2038-03,0.0,23.958333333333332,16.291666666666664,"{""A"": 155.0, ""B"": 65.0, ""C"": 70.0, ""D"": 50.0, ""E"": 40.0}","{""A"": 12.083333333333334, ""B"": 3.3333333333333335, ""C"": 4.166666666666667, ""D"": 4.166666666666667}","[{""actual_arrival_month"": ""2038-04"", ""actual_delivery_share"": 1.0, ""availability_share"": 1.0, ""feasible_t"": 11.666666666666666, ""gross_delivery_t"": 11.666666666666666, ""order_month"": ""2037-04"", ""planned_arrival_month"": ""2038-04"", ""requested_t"": 11.666666666666666, ""shipment_id"": ""S0028"", ""source_id"": ""A"", ""source_name"": ""Earth-Core"", ""unfulfilled_request_t"": 0.0}, {""actual_arrival_month"": ""2038-05"", ""actual_delivery_share"": 1.0, ""availability_share"": 1.0, ""feasible_t"": 11.666666666666666, ""gross_delivery_t"": 11.666666666666666, ""order_month"": ""2037-05"", ""planned_arrival_month"": ""2038-05"", ""requested_t"": 11.666666666666666, ""shipment_id"": ""S0029"", ""source_id"": ""A"", ""source_name"": ""Earth-Core"", ""unfulfilled_request_t"": 0.0}, {""actual_arrival_month"": ""2038-06"", ""actual_delivery_share"": 1.0, ""availability_share"": 1.0, ""feasible_t"": 11.666666666666666, ""gross_delivery_t"": 11.666666666666666, ""order_month"": ""2037-06"", ""planned_arrival_month"": ""2038-06"", ""requested_t"": 11.666666666666666, ""shipment_id"": ""S0030"", ""source_id"": ""A"", ""source_name"": ""Earth-Core"", ""unfulfilled_request_t"": 0.0}, {""actual_arrival_month"": ""2038-07"", ""actual_delivery_share"": 1.0, ""availability_share"": 1.0, ""feasible_t"": 11.666666666666666, ""gross_delivery_t"": 11.666666666666666, ""order_month"": ""2037-07"", ""planned_arrival_month"": ""2038-07"", ""requested_t"": 11.666666666666666, ""shipment_id"": ""S0031"", ""source_id"": ""A"", ""source_name"": ""Earth-Core"", ""unfulfilled_request_t"": 0.0}, {""actual_arrival_month"": ""2038-08"", ""actual_delivery_share"": 1.0, ""availability_share"": 1.0, ""feasible_t"": 11.666666666666666, ""gross_delivery_t"": 11.666666666666666, ""order_month"": ""2037-08"", ""planned_arrival_month"": ""2038-08"", ""requested_t"": 11.666666666666666, ""shipment_id"": ""S0032"", ""source_id"": ""A"", ""source_name"": ""Earth-Core"", ""unfulfilled_request_t"": 0.0}, {""actual_arrival_month"": ""2038-09"", ""actual_delivery_share"": 1.0, ""availability_share"": 1.0, ""feasible_t"": 11.666666666666666, ""gross_delivery_t"": 11.666666666666666, ""order_month"": ""2037-09"", ""planned_arrival_month"": ""2038-09"", ""requested_t"": 11.666666666666666, ""shipment_id"": ""S0033"", ""source_id"": ""A"", ""source_name"": ""Earth-Core"", ""unfulfilled_request_t"": 0.0}, {""actual_arrival_month"": ""2038-10"", ""actual_delivery_share"": 1.0, ""availability_share"": 1.0, ""feasible_t"": 11.666666666666666, ""gross_delivery_t"": 11.666666666666666, ""order_month"": ""2037-10"", ""planned_arrival_month"": ""2038-10"", ""requested_t"": 11.666666666666666, ""shipment_id"": ""S0034"", ""source_id"": ""A"", ""source_name"": ""Earth-Core"", ""unfulfilled_request_t"": 0.0}, {""actual_arrival_month"": ""2038-11"", ""actual_delivery_share"": 1.0, ""availability_share"": 1.0, ""feasible_t"": 11.666666666666666, ""gross_delivery_t"": 11.666666666666666, ""order_month"": ""2037-11"", ""planned_arrival_month"": ""2038-11"", ""requested_t"": 11.666666666666666, ""shipment_id"": ""S0035"", ""source_id"": ""A"", ""source_name"": ""Earth-Core"", ""unfulfilled_request_t"": 0.0}, {""actual_arrival_month"": ""2038-12"", ""actual_delivery_share"": 1.0, ""availability_share"": 1.0, ""feasible_t"": 11.666666666666666, ""gross_delivery_t"": 11.666666666666666, ""order_month"": ""2037-12"", ""planned_arrival_month"": ""2038-12"", ""requested_t"": 11.666666666666666, ""shipment_id"": ""S0036"", ""source_id"": ""A"", ""source_name"": ""Earth-Core"", ""unfulfilled_request_t"": 0.0}, {""actual_arrival_month"": ""2039-01"", ""actual_delivery_share"": 1.0, ""availability_share"": 1.0, ""feasible_t"": 12.083333333333334, ""gross_delivery_t"": 12.083333333333334, ""order_month"": ""2038-01"", ""planned_arrival_month"": ""2039-01"", ""requested_t"": 12.083333333333334, ""shipment_id"": ""S0037"", ""source_id"": ""A"", ""source_name"": ""Earth-Core"", ""unfulfilled_request_t"": 0.0}, {""actual_arrival_month"": ""2039-02"", ""actual_delivery_share"": 1.0, ""availability_share"": 1.0, ""feasible_t"": 12.083333333333334, ""gross_delivery_t"": 12.083333333333334, ""order_month"": ""2038-02"", ""planned_arrival_month"": ""2039-02"", ""requested_t"": 12.083333333333334, ""shipment_id"": ""S0038"", ""source_id"": ""A"", ""source_name"": ""Earth-Core"", ""unfulfilled_request_t"": 0.0}, {""actual_arrival_month"": ""2039-03"", ""actual_delivery_share"": 1.0, ""availability_share"": 1.0, ""feasible_t"": 12.083333333333334, ""gross_delivery_t"": 12.083333333333334, ""order_month"": ""2038-03"", ""planned_arrival_month"": ""2039-03"", ""requested_t"": 12.083333333333334, ""shipment_id"": ""S0039"", ""source_id"": ""A"", ""source_name"": ""Earth-Core"", ""unfulfilled_request_t"": 0.0}, {""actual_arrival_month"": ""2038-04"", ""actual_delivery_share"": 1.0, ""availability_share"": 1.0, ""feasible_t"": 2.9166666666666665, ""gross_delivery_t"": 2.9166666666666665, ""order_month"": ""2037-12"", ""planned_arrival_month"": ""2038-04"", ""requested_t"": 2.9166666666666665, ""shipment_id"": ""S0108"", ""source_id"": ""B"", ""source_name"": ""Earth-Flex"", ""unfulfilled_request_t"": 0.0}, {""actual_arrival_month"": ""2038-05"", ""actual_delivery_share"": 1.0, ""availability_share"": 1.0, ""feasible_t"": 3.3333333333333335, ""gross_delivery_t"": 3.3333333333333335, ""order_month"": ""2038-01"", ""planned_arrival_month"": ""2038-05"", ""requested_t"": 3.3333333333333335, ""shipment_id"": ""S0109"", ""source_id"": ""B"", ""source_name"": ""Earth-Flex"", ""unfulfilled_request_t"": 0.0}, {""actual_arrival_month"": ""2038-06"", ""actual_delivery_share"": 1.0, ""availability_share"": 1.0, ""feasible_t"": 3.3333333333333335, ""gross_delivery_t"": 3.3333333333333335, ""order_month"": ""2038-02"", ""planned_arrival_month"": ""2038-06"", ""requested_t"": 3.3333333333333335, ""shipment_id"": ""S0110"", ""source_id"": ""B"", ""source_name"": ""Earth-Flex"", ""unfulfilled_request_t"": 0.0}, {""actual_arrival_month"": ""2038-07"", ""actual_delivery_share"": 1.0, ""availability_share"": 1.0, ""feasible_t"": 3.3333333333333335, ""gross_delivery_t"": 3.3333333333333335, ""order_month"": ""2038-03"", ""planned_arrival_month"": ""2038-07"", ""requested_t"": 3.3333333333333335, ""shipment_id"": ""S0111"", ""source_id"": ""B"", ""source_name"": ""Earth-Flex"", ""unfulfilled_request_t"": 0.0}, {""actual_arrival_month"": ""2038-04"", ""actual_delivery_share"": 0.55, ""availability_share"": 1.0, ""feasible_t"": 4.166666666666667, ""gross_delivery_t"": 2.291666666666667, ""order_month"": ""2038-02"", ""planned_arrival_month"": ""2038-04"", ""requested_t"": 4.166666666666667, ""shipment_id"": ""S0194"", ""source_id"": ""D"", ""source_name"": ""Lunar-ISRU"", ""unfulfilled_request_t"": 0.0}, {""actual_arrival_month"": ""2038-05"", ""actual_delivery_share"": 0.55, ""availability_share"": 1.0, ""feasible_t"": 4.166666666666667, ""gross_delivery_t"": 2.291666666666667, ""order_month"": ""2038-03"", ""planned_arrival_month"": ""2038-05"", ""requested_t"": 4.166666666666667, ""shipment_id"": ""S0195"", ""source_id"": ""D"", ""source_name"": ""Lunar-ISRU"", ""unfulfilled_request_t"": 0.0}]","{""A"": 11.666666666666666, ""B"": 2.9166666666666665, ""C"": 4.166666666666667, ""D"": 4.166666666666667}","{""A"": 11.666666666666666, ""B"": 2.9166666666666665, ""C"": 4.166666666666667, ""D"": 2.291666666666667}",21.041666666666668,0.2525,20.789166666666667,20.789166666666667,0.0,20.789166666666667,16.291666666666664,4.497500000000002,0.0,3.1691666666666656,0.0,ZBO,120.0,0.012,"[""ZBO"", ""EARTH_NEW"", ""LUNAR_ISRU""]",0.0,6.833333333333333,[]
2038-04,0.0,23.958333333333332,16.291666666666664,"{""A"": 155.0, ""B"": 65.0, ""C"": 70.0, ""D"": 50.0, ""E"": 40.0}","{""A"": 12.083333333333334, ""B"": 3.3333333333333335, ""C"": 4.166666666666667, ""D"": 4.166666666666667}","[{""actual_arrival_month"": ""2038-05"", ""actual_delivery_share"": 1.0, ""availability_share"": 1.0, ""feasible_t"": 11.666666666666666, ""gross_delivery_t"": 11.666666666666666, ""order_month"": ""2037-05"", ""planned_arrival_month"": ""2038-05"", ""requested_t"": 11.666666666666666, ""shipment_id"": ""S0029"", ""source_id"": ""A"", ""source_name"": ""Earth-Core"", ""unfulfilled_request_t"": 0.0}, {""actual_arrival_month"": ""2038-06"", ""actual_delivery_share"": 1.0, ""availability_share"": 1.0, ""feasible_t"": 11.666666666666666, ""gross_delivery_t"": 11.666666666666666, ""order_month"": ""2037-06"", ""planned_arrival_month"": ""2038-06"", ""requested_t"": 11.666666666666666, ""shipment_id"": ""S0030"", ""source_id"": ""A"", ""source_name"": ""Earth-Core"", ""unfulfilled_request_t"": 0.0}, {""actual_arrival_month"": ""2038-07"", ""actual_delivery_share"": 1.0, ""availability_share"": 1.0, ""feasible_t"": 11.666666666666666, ""gross_delivery_t"": 11.666666666666666, ""order_month"": ""2037-07"", ""planned_arrival_month"": ""2038-07"", ""requested_t"": 11.666666666666666, ""shipment_id"": ""S0031"", ""source_id"": ""A"", ""source_name"": ""Earth-Core"", ""unfulfilled_request_t"": 0.0}, {""actual_arrival_month"": ""2038-08"", ""actual_delivery_share"": 1.0, ""availability_share"": 1.0, ""feasible_t"": 11.666666666666666, ""gross_delivery_t"": 11.666666666666666, ""order_month"": ""2037-08"", ""planned_arrival_month"": ""2038-08"", ""requested_t"": 11.666666666666666, ""shipment_id"": ""S0032"", ""source_id"": ""A"", ""source_name"": ""Earth-Core"", ""unfulfilled_request_t"": 0.0}, {""actual_arrival_month"": ""2038-09"", ""actual_delivery_share"": 1.0, ""availability_share"": 1.0, ""feasible_t"": 11.666666666666666, ""gross_delivery_t"": 11.666666666666666, ""order_month"": ""2037-09"", ""planned_arrival_month"": ""2038-09"", ""requested_t"": 11.666666666666666, ""shipment_id"": ""S0033"", ""source_id"": ""A"", ""source_name"": ""Earth-Core"", ""unfulfilled_request_t"": 0.0}, {""actual_arrival_month"": ""2038-10"", ""actual_delivery_share"": 1.0, ""availability_share"": 1.0, ""feasible_t"": 11.666666666666666, ""gross_delivery_t"": 11.666666666666666, ""order_month"": ""2037-10"", ""planned_arrival_month"": ""2038-10"", ""requested_t"": 11.666666666666666, ""shipment_id"": ""S0034"", ""source_id"": ""A"", ""source_name"": ""Earth-Core"", ""unfulfilled_request_t"": 0.0}, {""actual_arrival_month"": ""2038-11"", ""actual_delivery_share"": 1.0, ""availability_share"": 1.0, ""feasible_t"": 11.666666666666666, ""gross_delivery_t"": 11.666666666666666, ""order_month"": ""2037-11"", ""planned_arrival_month"": ""2038-11"", ""requested_t"": 11.666666666666666, ""shipment_id"": ""S0035"", ""source_id"": ""A"", ""source_name"": ""Earth-Core"", ""unfulfilled_request_t"": 0.0}, {""actual_arrival_month"": ""2038-12"", ""actual_delivery_share"": 1.0, ""availability_share"": 1.0, ""feasible_t"": 11.666666666666666, ""gross_delivery_t"": 11.666666666666666, ""order_month"": ""2037-12"", ""planned_arrival_month"": ""2038-12"", ""requested_t"": 11.666666666666666, ""shipment_id"": ""S0036"", ""source_id"": ""A"", ""source_name"": ""Earth-Core"", ""unfulfilled_request_t"": 0.0}, {""actual_arrival_month"": ""2039-01"", ""actual_delivery_share"": 1.0, ""availability_share"": 1.0, ""feasible_t"": 12.083333333333334, ""gross_delivery_t"": 12.083333333333334, ""order_month"": ""2038-01"", ""planned_arrival_month"": ""2039-01"", ""requested_t"": 12.083333333333334, ""shipment_id"": ""S0037"", ""source_id"": ""A"", ""source_name"": ""Earth-Core"", ""unfulfilled_request_t"": 0.0}, {""actual_arrival_month"": ""2039-02"", ""actual_delivery_share"": 1.0, ""availability_share"": 1.0, ""feasible_t"": 12.083333333333334, ""gross_delivery_t"": 12.083333333333334, ""order_month"": ""2038-02"", ""planned_arrival_month"": ""2039-02"", ""requested_t"": 12.083333333333334, ""shipment_id"": ""S0038"", ""source_id"": ""A"", ""source_name"": ""Earth-Core"", ""unfulfilled_request_t"": 0.0}, {""actual_arrival_month"": ""2039-03"", ""actual_delivery_share"": 1.0, ""availability_share"": 1.0, ""feasible_t"": 12.083333333333334, ""gross_delivery_t"": 12.083333333333334, ""order_month"": ""2038-03"", ""planned_arrival_month"": ""2039-03"", ""requested_t"": 12.083333333333334, ""shipment_id"": ""S0039"", ""source_id"": ""A"", ""source_name"": ""Earth-Core"", ""unfulfilled_request_t"": 0.0}, {""actual_arrival_month"": ""2039-04"", ""actual_delivery_share"": 1.0, ""availability_share"": 1.0, ""feasible_t"": 12.083333333333334, ""gross_delivery_t"": 12.083333333333334, ""order_month"": ""2038-04"", ""planned_arrival_month"": ""2039-04"", ""requested_t"": 12.083333333333334, ""shipment_id"": ""S0040"", ""source_id"": ""A"", ""source_name"": ""Earth-Core"", ""unfulfilled_request_t"": 0.0}, {""actual_arrival_month"": ""2038-05"", ""actual_delivery_share"": 1.0, ""availability_share"": 1.0, ""feasible_t"": 3.3333333333333335, ""gross_delivery_t"": 3.3333333333333335, ""order_month"": ""2038-01"", ""planned_arrival_month"": ""2038-05"", ""requested_t"": 3.3333333333333335, ""shipment_id"": ""S0109"", ""source_id"": ""B"", ""source_name"": ""Earth-Flex"", ""unfulfilled_request_t"": 0.0}, {""actual_arrival_month"": ""2038-06"", ""actual_delivery_share"": 1.0, ""availability_share"": 1.0, ""feasible_t"": 3.3333333333333335, ""gross_delivery_t"": 3.3333333333333335, ""order_month"": ""2038-02"", ""planned_arrival_month"": ""2038-06"", ""requested_t"": 3.3333333333333335, ""shipment_id"": ""S0110"", ""source_id"": ""B"", ""source_name"": ""Earth-Flex"", ""unfulfilled_request_t"": 0.0}, {""actual_arrival_month"": ""2038-07"", ""actual_delivery_share"": 1.0, ""availability_share"": 1.0, ""feasible_t"": 3.3333333333333335, ""gross_delivery_t"": 3.3333333333333335, ""order_month"": ""2038-03"", ""planned_arrival_month"": ""2038-07"", ""requested_t"": 3.3333333333333335, ""shipment_id"": ""S0111"", ""source_id"": ""B"", ""source_name"": ""Earth-Flex"", ""unfulfilled_request_t"": 0.0}, {""actual_arrival_month"": ""2038-08"", ""actual_delivery_share"": 1.0, ""availability_share"": 1.0, ""feasible_t"": 3.3333333333333335, ""gross_delivery_t"": 3.3333333333333335, ""order_month"": ""2038-04"", ""planned_arrival_month"": ""2038-08"", ""requested_t"": 3.3333333333333335, ""shipment_id"": ""S0112"", ""source_id"": ""B"", ""source_name"": ""Earth-Flex"", ""unfulfilled_request_t"": 0.0}, {""actual_arrival_month"": ""2038-05"", ""actual_delivery_share"": 0.55, ""availability_share"": 1.0, ""feasible_t"": 4.166666666666667, ""gross_delivery_t"": 2.291666666666667, ""order_month"": ""2038-03"", ""planned_arrival_month"": ""2038-05"", ""requested_t"": 4.166666666666667, ""shipment_id"": ""S0195"", ""source_id"": ""D"", ""source_name"": ""Lunar-ISRU"", ""unfulfilled_request_t"": 0.0}, {""actual_arrival_month"": ""2038-06"", ""actual_delivery_share"": 0.55, ""availability_share"": 1.0, ""feasible_t"": 4.166666666666667, ""gross_delivery_t"": 2.291666666666667, ""order_month"": ""2038-04"", ""planned_arrival_month"": ""2038-06"", ""requested_t"": 4.166666666666667, ""shipment_id"": ""S0196"", ""source_id"": ""D"", ""source_name"": ""Lunar-ISRU"", ""unfulfilled_request_t"": 0.0}]","{""A"": 11.666666666666666, ""B"": 2.9166666666666665, ""C"": 4.166666666666667, ""D"": 4.166666666666667}","{""A"": 11.666666666666666, ""B"": 2.9166666666666665, ""C"": 4.166666666666667, ""D"": 2.291666666666667}",21.041666666666668,0.2525,20.789166666666667,20.789166666666667,0.0,20.789166666666667,16.291666666666664,4.497500000000002,0.0,3.1691666666666656,0.0,ZBO,120.0,0.012,"[""ZBO"", ""EARTH_NEW"", ""LUNAR_ISRU""]",0.0,6.833333333333333,[]
2038-05,0.0,23.958333333333332,16.291666666666664,"{""A"": 155.0, ""B"": 65.0, ""C"": 70.0, ""D"": 50.0, ""E"": 40.0}","{""A"": 12.083333333333334, ""B"": 3.3333333333333335, ""C"": 4.166666666666667, ""D"": 4.166666666666667}","[{""actual_arrival_month"": ""2038-06"", ""actual_delivery_share"": 1.0, ""availability_share"": 1.0, ""feasible_t"": 11.666666666666666, ""gross_delivery_t"": 11.666666666666666, ""order_month"": ""2037-06"", ""planned_arrival_month"": ""2038-06"", ""requested_t"": 11.666666666666666, ""shipment_id"": ""S0030"", ""source_id"": ""A"", ""source_name"": ""Earth-Core"", ""unfulfilled_request_t"": 0.0}, {""actual_arrival_month"": ""2038-07"", ""actual_delivery_share"": 1.0, ""availability_share"": 1.0, ""feasible_t"": 11.666666666666666, ""gross_delivery_t"": 11.666666666666666, ""order_month"": ""2037-07"", ""planned_arrival_month"": ""2038-07"", ""requested_t"": 11.666666666666666, ""shipment_id"": ""S0031"", ""source_id"": ""A"", ""source_name"": ""Earth-Core"", ""unfulfilled_request_t"": 0.0}, {""actual_arrival_month"": ""2038-08"", ""actual_delivery_share"": 1.0, ""availability_share"": 1.0, ""feasible_t"": 11.666666666666666, ""gross_delivery_t"": 11.666666666666666, ""order_month"": ""2037-08"", ""planned_arrival_month"": ""2038-08"", ""requested_t"": 11.666666666666666, ""shipment_id"": ""S0032"", ""source_id"": ""A"", ""source_name"": ""Earth-Core"", ""unfulfilled_request_t"": 0.0}, {""actual_arrival_month"": ""2038-09"", ""actual_delivery_share"": 1.0, ""availability_share"": 1.0, ""feasible_t"": 11.666666666666666, ""gross_delivery_t"": 11.666666666666666, ""order_month"": ""2037-09"", ""planned_arrival_month"": ""2038-09"", ""requested_t"": 11.666666666666666, ""shipment_id"": ""S0033"", ""source_id"": ""A"", ""source_name"": ""Earth-Core"", ""unfulfilled_request_t"": 0.0}, {""actual_arrival_month"": ""2038-10"", ""actual_delivery_share"": 1.0, ""availability_share"": 1.0, ""feasible_t"": 11.666666666666666, ""gross_delivery_t"": 11.666666666666666, ""order_month"": ""2037-10"", ""planned_arrival_month"": ""2038-10"", ""requested_t"": 11.666666666666666, ""shipment_id"": ""S0034"", ""source_id"": ""A"", ""source_name"": ""Earth-Core"", ""unfulfilled_request_t"": 0.0}, {""actual_arrival_month"": ""2038-11"", ""actual_delivery_share"": 1.0, ""availability_share"": 1.0, ""feasible_t"": 11.666666666666666, ""gross_delivery_t"": 11.666666666666666, ""order_month"": ""2037-11"", ""planned_arrival_month"": ""2038-11"", ""requested_t"": 11.666666666666666, ""shipment_id"": ""S0035"", ""source_id"": ""A"", ""source_name"": ""Earth-Core"", ""unfulfilled_request_t"": 0.0}, {""actual_arrival_month"": ""2038-12"", ""actual_delivery_share"": 1.0, ""availability_share"": 1.0, ""feasible_t"": 11.666666666666666, ""gross_delivery_t"": 11.666666666666666, ""order_month"": ""2037-12"", ""planned_arrival_month"": ""2038-12"", ""requested_t"": 11.666666666666666, ""shipment_id"": ""S0036"", ""source_id"": ""A"", ""source_name"": ""Earth-Core"", ""unfulfilled_request_t"": 0.0}, {""actual_arrival_month"": ""2039-01"", ""actual_delivery_share"": 1.0, ""availability_share"": 1.0, ""feasible_t"": 12.083333333333334, ""gross_delivery_t"": 12.083333333333334, ""order_month"": ""2038-01"", ""planned_arrival_month"": ""2039-01"", ""requested_t"": 12.083333333333334, ""shipment_id"": ""S0037"", ""source_id"": ""A"", ""source_name"": ""Earth-Core"", ""unfulfilled_request_t"": 0.0}, {""actual_arrival_month"": ""2039-02"", ""actual_delivery_share"": 1.0, ""availability_share"": 1.0, ""feasible_t"": 12.083333333333334, ""gross_delivery_t"": 12.083333333333334, ""order_month"": ""2038-02"", ""planned_arrival_month"": ""2039-02"", ""requested_t"": 12.083333333333334, ""shipment_id"": ""S0038"", ""source_id"": ""A"", ""source_name"": ""Earth-Core"", ""unfulfilled_request_t"": 0.0}, {""actual_arrival_month"": ""2039-03"", ""actual_delivery_share"": 1.0, ""availability_share"": 1.0, ""feasible_t"": 12.083333333333334, ""gross_delivery_t"": 12.083333333333334, ""order_month"": ""2038-03"", ""planned_arrival_month"": ""2039-03"", ""requested_t"": 12.083333333333334, ""shipment_id"": ""S0039"", ""source_id"": ""A"", ""source_name"": ""Earth-Core"", ""unfulfilled_request_t"": 0.0}, {""actual_arrival_month"": ""2039-04"", ""actual_delivery_share"": 1.0, ""availability_share"": 1.0, ""feasible_t"": 12.083333333333334, ""gross_delivery_t"": 12.083333333333334, ""order_month"": ""2038-04"", ""planned_arrival_month"": ""2039-04"", ""requested_t"": 12.083333333333334, ""shipment_id"": ""S0040"", ""source_id"": ""A"", ""source_name"": ""Earth-Core"", ""unfulfilled_request_t"": 0.0}, {""actual_arrival_month"": ""2039-05"", ""actual_delivery_share"": 1.0, ""availability_share"": 1.0, ""feasible_t"": 12.083333333333334, ""gross_delivery_t"": 12.083333333333334, ""order_month"": ""2038-05"", ""planned_arrival_month"": ""2039-05"", ""requested_t"": 12.083333333333334, ""shipment_id"": ""S0041"", ""source_id"": ""A"", ""source_name"": ""Earth-Core"", ""unfulfilled_request_t"": 0.0}, {""actual_arrival_month"": ""2038-06"", ""actual_delivery_share"": 1.0, ""availability_share"": 1.0, ""feasible_t"": 3.3333333333333335, ""gross_delivery_t"": 3.3333333333333335, ""order_month"": ""2038-02"", ""planned_arrival_month"": ""2038-06"", ""requested_t"": 3.3333333333333335, ""shipment_id"": ""S0110"", ""source_id"": ""B"", ""source_name"": ""Earth-Flex"", ""unfulfilled_request_t"": 0.0}, {""actual_arrival_month"": ""2038-07"", ""actual_delivery_share"": 1.0, ""availability_share"": 1.0, ""feasible_t"": 3.3333333333333335, ""gross_delivery_t"": 3.3333333333333335, ""order_month"": ""2038-03"", ""planned_arrival_month"": ""2038-07"", ""requested_t"": 3.3333333333333335, ""shipment_id"": ""S0111"", ""source_id"": ""B"", ""source_name"": ""Earth-Flex"", ""unfulfilled_request_t"": 0.0}, {""actual_arrival_month"": ""2038-08"", ""actual_delivery_share"": 1.0, ""availability_share"": 1.0, ""feasible_t"": 3.3333333333333335, ""gross_delivery_t"": 3.3333333333333335, ""order_month"": ""2038-04"", ""planned_arrival_month"": ""2038-08"", ""requested_t"": 3.3333333333333335, ""shipment_id"": ""S0112"", ""source_id"": ""B"", ""source_name"": ""Earth-Flex"", ""unfulfilled_request_t"": 0.0}, {""actual_arrival_month"": ""2038-09"", ""actual_delivery_share"": 1.0, ""availability_share"": 1.0, ""feasible_t"": 3.3333333333333335, ""gross_delivery_t"": 3.3333333333333335, ""order_month"": ""2038-05"", ""planned_arrival_month"": ""2038-09"", ""requested_t"": 3.3333333333333335, ""shipment_id"": ""S0113"", ""source_id"": ""B"", ""source_name"": ""Earth-Flex"", ""unfulfilled_request_t"": 0.0}, {""actual_arrival_month"": ""2038-06"", ""actual_delivery_share"": 0.55, ""availability_share"": 1.0, ""feasible_t"": 4.166666666666667, ""gross_delivery_t"": 2.291666666666667, ""order_month"": ""2038-04"", ""planned_arrival_month"": ""2038-06"", ""requested_t"": 4.166666666666667, ""shipment_id"": ""S0196"", ""source_id"": ""D"", ""source_name"": ""Lunar-ISRU"", ""unfulfilled_request_t"": 0.0}, {""actual_arrival_month"": ""2038-07"", ""actual_delivery_share"": 0.55, ""availability_share"": 1.0, ""feasible_t"": 4.166666666666667, ""gross_delivery_t"": 2.291666666666667, ""order_month"": ""2038-05"", ""planned_arrival_month"": ""2038-07"", ""requested_t"": 4.166666666666667, ""shipment_id"": ""S0197"", ""source_id"": ""D"", ""source_name"": ""Lunar-ISRU"", ""unfulfilled_request_t"": 0.0}]","{""A"": 11.666666666666666, ""B"": 3.3333333333333335, ""C"": 4.166666666666667, ""D"": 4.166666666666667}","{""A"": 11.666666666666666, ""B"": 3.3333333333333335, ""C"": 4.166666666666667, ""D"": 2.291666666666667}",21.458333333333336,0.2575,21.200833333333335,21.200833333333335,0.0,21.200833333333335,16.291666666666664,4.909166666666671,0.0,2.7574999999999967,0.0,ZBO,120.0,0.012,"[""ZBO"", ""EARTH_NEW"", ""LUNAR_ISRU""]",0.0,6.833333333333333,[]
2038-06,0.0,23.958333333333332,16.291666666666664,"{""A"": 155.0, ""B"": 65.0, ""C"": 70.0, ""D"": 50.0, ""E"": 40.0}","{""A"": 12.083333333333334, ""B"": 3.3333333333333335, ""C"": 4.166666666666667, ""D"": 4.166666666666667}","[{""actual_arrival_month"": ""2038-07"", ""actual_delivery_share"": 1.0, ""availability_share"": 1.0, ""feasible_t"": 11.666666666666666, ""gross_delivery_t"": 11.666666666666666, ""order_month"": ""2037-07"", ""planned_arrival_month"": ""2038-07"", ""requested_t"": 11.666666666666666, ""shipment_id"": ""S0031"", ""source_id"": ""A"", ""source_name"": ""Earth-Core"", ""unfulfilled_request_t"": 0.0}, {""actual_arrival_month"": ""2038-08"", ""actual_delivery_share"": 1.0, ""availability_share"": 1.0, ""feasible_t"": 11.666666666666666, ""gross_delivery_t"": 11.666666666666666, ""order_month"": ""2037-08"", ""planned_arrival_month"": ""2038-08"", ""requested_t"": 11.666666666666666, ""shipment_id"": ""S0032"", ""source_id"": ""A"", ""source_name"": ""Earth-Core"", ""unfulfilled_request_t"": 0.0}, {""actual_arrival_month"": ""2038-09"", ""actual_delivery_share"": 1.0, ""availability_share"": 1.0, ""feasible_t"": 11.666666666666666, ""gross_delivery_t"": 11.666666666666666, ""order_month"": ""2037-09"", ""planned_arrival_month"": ""2038-09"", ""requested_t"": 11.666666666666666, ""shipment_id"": ""S0033"", ""source_id"": ""A"", ""source_name"": ""Earth-Core"", ""unfulfilled_request_t"": 0.0}, {""actual_arrival_month"": ""2038-10"", ""actual_delivery_share"": 1.0, ""availability_share"": 1.0, ""feasible_t"": 11.666666666666666, ""gross_delivery_t"": 11.666666666666666, ""order_month"": ""2037-10"", ""planned_arrival_month"": ""2038-10"", ""requested_t"": 11.666666666666666, ""shipment_id"": ""S0034"", ""source_id"": ""A"", ""source_name"": ""Earth-Core"", ""unfulfilled_request_t"": 0.0}, {""actual_arrival_month"": ""2038-11"", ""actual_delivery_share"": 1.0, ""availability_share"": 1.0, ""feasible_t"": 11.666666666666666, ""gross_delivery_t"": 11.666666666666666, ""order_month"": ""2037-11"", ""planned_arrival_month"": ""2038-11"", ""requested_t"": 11.666666666666666, ""shipment_id"": ""S0035"", ""source_id"": ""A"", ""source_name"": ""Earth-Core"", ""unfulfilled_request_t"": 0.0}, {""actual_arrival_month"": ""2038-12"", ""actual_delivery_share"": 1.0, ""availability_share"": 1.0, ""feasible_t"": 11.666666666666666, ""gross_delivery_t"": 11.666666666666666, ""order_month"": ""2037-12"", ""planned_arrival_month"": ""2038-12"", ""requested_t"": 11.666666666666666, ""shipment_id"": ""S0036"", ""source_id"": ""A"", ""source_name"": ""Earth-Core"", ""unfulfilled_request_t"": 0.0}, {""actual_arrival_month"": ""2039-01"", ""actual_delivery_share"": 1.0, ""availability_share"": 1.0, ""feasible_t"": 12.083333333333334, ""gross_delivery_t"": 12.083333333333334, ""order_month"": ""2038-01"", ""planned_arrival_month"": ""2039-01"", ""requested_t"": 12.083333333333334, ""shipment_id"": ""S0037"", ""source_id"": ""A"", ""source_name"": ""Earth-Core"", ""unfulfilled_request_t"": 0.0}, {""actual_arrival_month"": ""2039-02"", ""actual_delivery_share"": 1.0, ""availability_share"": 1.0, ""feasible_t"": 12.083333333333334, ""gross_delivery_t"": 12.083333333333334, ""order_month"": ""2038-02"", ""planned_arrival_month"": ""2039-02"", ""requested_t"": 12.083333333333334, ""shipment_id"": ""S0038"", ""source_id"": ""A"", ""source_name"": ""Earth-Core"", ""unfulfilled_request_t"": 0.0}, {""actual_arrival_month"": ""2039-03"", ""actual_delivery_share"": 1.0, ""availability_share"": 1.0, ""feasible_t"": 12.083333333333334, ""gross_delivery_t"": 12.083333333333334, ""order_month"": ""2038-03"", ""planned_arrival_month"": ""2039-03"", ""requested_t"": 12.083333333333334, ""shipment_id"": ""S0039"", ""source_id"": ""A"", ""source_name"": ""Earth-Core"", ""unfulfilled_request_t"": 0.0}, {""actual_arrival_month"": ""2039-04"", ""actual_delivery_share"": 1.0, ""availability_share"": 1.0, ""feasible_t"": 12.083333333333334, ""gross_delivery_t"": 12.083333333333334, ""order_month"": ""2038-04"", ""planned_arrival_month"": ""2039-04"", ""requested_t"": 12.083333333333334, ""shipment_id"": ""S0040"", ""source_id"": ""A"", ""source_name"": ""Earth-Core"", ""unfulfilled_request_t"": 0.0}, {""actual_arrival_month"": ""2039-05"", ""actual_delivery_share"": 1.0, ""availability_share"": 1.0, ""feasible_t"": 12.083333333333334, ""gross_delivery_t"": 12.083333333333334, ""order_month"": ""2038-05"", ""planned_arrival_month"": ""2039-05"", ""requested_t"": 12.083333333333334, ""shipment_id"": ""S0041"", ""source_id"": ""A"", ""source_name"": ""Earth-Core"", ""unfulfilled_request_t"": 0.0}, {""actual_arrival_month"": ""2039-06"", ""actual_delivery_share"": 1.0, ""availability_share"": 1.0, ""feasible_t"": 12.083333333333334, ""gross_delivery_t"": 12.083333333333334, ""order_month"": ""2038-06"", ""planned_arrival_month"": ""2039-06"", ""requested_t"": 12.083333333333334, ""shipment_id"": ""S0042"", ""source_id"": ""A"", ""source_name"": ""Earth-Core"", ""unfulfilled_request_t"": 0.0}, {""actual_arrival_month"": ""2038-07"", ""actual_delivery_share"": 1.0, ""availability_share"": 1.0, ""feasible_t"": 3.3333333333333335, ""gross_delivery_t"": 3.3333333333333335, ""order_month"": ""2038-03"", ""planned_arrival_month"": ""2038-07"", ""requested_t"": 3.3333333333333335, ""shipment_id"": ""S0111"", ""source_id"": ""B"", ""source_name"": ""Earth-Flex"", ""unfulfilled_request_t"": 0.0}, {""actual_arrival_month"": ""2038-08"", ""actual_delivery_share"": 1.0, ""availability_share"": 1.0, ""feasible_t"": 3.3333333333333335, ""gross_delivery_t"": 3.3333333333333335, ""order_month"": ""2038-04"", ""planned_arrival_month"": ""2038-08"", ""requested_t"": 3.3333333333333335, ""shipment_id"": ""S0112"", ""source_id"": ""B"", ""source_name"": ""Earth-Flex"", ""unfulfilled_request_t"": 0.0}, {""actual_arrival_month"": ""2038-09"", ""actual_delivery_share"": 1.0, ""availability_share"": 1.0, ""feasible_t"": 3.3333333333333335, ""gross_delivery_t"": 3.3333333333333335, ""order_month"": ""2038-05"", ""planned_arrival_month"": ""2038-09"", ""requested_t"": 3.3333333333333335, ""shipment_id"": ""S0113"", ""source_id"": ""B"", ""source_name"": ""Earth-Flex"", ""unfulfilled_request_t"": 0.0}, {""actual_arrival_month"": ""2038-10"", ""actual_delivery_share"": 1.0, ""availability_share"": 1.0, ""feasible_t"": 3.3333333333333335, ""gross_delivery_t"": 3.3333333333333335, ""order_month"": ""2038-06"", ""planned_arrival_month"": ""2038-10"", ""requested_t"": 3.3333333333333335, ""shipment_id"": ""S0114"", ""source_id"": ""B"", ""source_name"": ""Earth-Flex"", ""unfulfilled_request_t"": 0.0}, {""actual_arrival_month"": ""2038-07"", ""actual_delivery_share"": 0.55, ""availability_share"": 1.0, ""feasible_t"": 4.166666666666667, ""gross_delivery_t"": 2.291666666666667, ""order_month"": ""2038-05"", ""planned_arrival_month"": ""2038-07"", ""requested_t"": 4.166666666666667, ""shipment_id"": ""S0197"", ""source_id"": ""D"", ""source_name"": ""Lunar-ISRU"", ""unfulfilled_request_t"": 0.0}, {""actual_arrival_month"": ""2038-08"", ""actual_delivery_share"": 0.55, ""availability_share"": 1.0, ""feasible_t"": 4.166666666666667, ""gross_delivery_t"": 2.291666666666667, ""order_month"": ""2038-06"", ""planned_arrival_month"": ""2038-08"", ""requested_t"": 4.166666666666667, ""shipment_id"": ""S0198"", ""source_id"": ""D"", ""source_name"": ""Lunar-ISRU"", ""unfulfilled_request_t"": 0.0}]","{""A"": 11.666666666666666, ""B"": 3.3333333333333335, ""C"": 4.166666666666667, ""D"": 4.166666666666667}","{""A"": 11.666666666666666, ""B"": 3.3333333333333335, ""C"": 4.166666666666667, ""D"": 2.291666666666667}",21.458333333333336,0.2575,21.200833333333335,21.200833333333335,0.0,21.200833333333335,16.291666666666664,4.909166666666671,0.0,2.7574999999999967,0.0,ZBO,120.0,0.012,"[""ZBO"", ""EARTH_NEW"", ""LUNAR_ISRU""]",0.0,6.833333333333333,[]
2038-07,0.0,23.958333333333332,16.291666666666664,"{""A"": 155.0, ""B"": 65.0, ""C"": 70.0, ""D"": 50.0, ""E"": 40.0}","{""A"": 12.083333333333334, ""B"": 3.3333333333333335, ""C"": 4.166666666666667, ""D"": 4.166666666666667}","[{""actual_arrival_month"": ""2038-08"", ""actual_delivery_share"": 1.0, ""availability_share"": 1.0, ""feasible_t"": 11.666666666666666, ""gross_delivery_t"": 11.666666666666666, ""order_month"": ""2037-08"", ""planned_arrival_month"": ""2038-08"", ""requested_t"": 11.666666666666666, ""shipment_id"": ""S0032"", ""source_id"": ""A"", ""source_name"": ""Earth-Core"", ""unfulfilled_request_t"": 0.0}, {""actual_arrival_month"": ""2038-09"", ""actual_delivery_share"": 1.0, ""availability_share"": 1.0, ""feasible_t"": 11.666666666666666, ""gross_delivery_t"": 11.666666666666666, ""order_month"": ""2037-09"", ""planned_arrival_month"": ""2038-09"", ""requested_t"": 11.666666666666666, ""shipment_id"": ""S0033"", ""source_id"": ""A"", ""source_name"": ""Earth-Core"", ""unfulfilled_request_t"": 0.0}, {""actual_arrival_month"": ""2038-10"", ""actual_delivery_share"": 1.0, ""availability_share"": 1.0, ""feasible_t"": 11.666666666666666, ""gross_delivery_t"": 11.666666666666666, ""order_month"": ""2037-10"", ""planned_arrival_month"": ""2038-10"", ""requested_t"": 11.666666666666666, ""shipment_id"": ""S0034"", ""source_id"": ""A"", ""source_name"": ""Earth-Core"", ""unfulfilled_request_t"": 0.0}, {""actual_arrival_month"": ""2038-11"", ""actual_delivery_share"": 1.0, ""availability_share"": 1.0, ""feasible_t"": 11.666666666666666, ""gross_delivery_t"": 11.666666666666666, ""order_month"": ""2037-11"", ""planned_arrival_month"": ""2038-11"", ""requested_t"": 11.666666666666666, ""shipment_id"": ""S0035"", ""source_id"": ""A"", ""source_name"": ""Earth-Core"", ""unfulfilled_request_t"": 0.0}, {""actual_arrival_month"": ""2038-12"", ""actual_delivery_share"": 1.0, ""availability_share"": 1.0, ""feasible_t"": 11.666666666666666, ""gross_delivery_t"": 11.666666666666666, ""order_month"": ""2037-12"", ""planned_arrival_month"": ""2038-12"", ""requested_t"": 11.666666666666666, ""shipment_id"": ""S0036"", ""source_id"": ""A"", ""source_name"": ""Earth-Core"", ""unfulfilled_request_t"": 0.0}, {""actual_arrival_month"": ""2039-01"", ""actual_delivery_share"": 1.0, ""availability_share"": 1.0, ""feasible_t"": 12.083333333333334, ""gross_delivery_t"": 12.083333333333334, ""order_month"": ""2038-01"", ""planned_arrival_month"": ""2039-01"", ""requested_t"": 12.083333333333334, ""shipment_id"": ""S0037"", ""source_id"": ""A"", ""source_name"": ""Earth-Core"", ""unfulfilled_request_t"": 0.0}, {""actual_arrival_month"": ""2039-02"", ""actual_delivery_share"": 1.0, ""availability_share"": 1.0, ""feasible_t"": 12.083333333333334, ""gross_delivery_t"": 12.083333333333334, ""order_month"": ""2038-02"", ""planned_arrival_month"": ""2039-02"", ""requested_t"": 12.083333333333334, ""shipment_id"": ""S0038"", ""source_id"": ""A"", ""source_name"": ""Earth-Core"", ""unfulfilled_request_t"": 0.0}, {""actual_arrival_month"": ""2039-03"", ""actual_delivery_share"": 1.0, ""availability_share"": 1.0, ""feasible_t"": 12.083333333333334, ""gross_delivery_t"": 12.083333333333334, ""order_month"": ""2038-03"", ""planned_arrival_month"": ""2039-03"", ""requested_t"": 12.083333333333334, ""shipment_id"": ""S0039"", ""source_id"": ""A"", ""source_name"": ""Earth-Core"", ""unfulfilled_request_t"": 0.0}, {""actual_arrival_month"": ""2039-04"", ""actual_delivery_share"": 1.0, ""availability_share"": 1.0, ""feasible_t"": 12.083333333333334, ""gross_delivery_t"": 12.083333333333334, ""order_month"": ""2038-04"", ""planned_arrival_month"": ""2039-04"", ""requested_t"": 12.083333333333334, ""shipment_id"": ""S0040"", ""source_id"": ""A"", ""source_name"": ""Earth-Core"", ""unfulfilled_request_t"": 0.0}, {""actual_arrival_month"": ""2039-05"", ""actual_delivery_share"": 1.0, ""availability_share"": 1.0, ""feasible_t"": 12.083333333333334, ""gross_delivery_t"": 12.083333333333334, ""order_month"": ""2038-05"", ""planned_arrival_month"": ""2039-05"", ""requested_t"": 12.083333333333334, ""shipment_id"": ""S0041"", ""source_id"": ""A"", ""source_name"": ""Earth-Core"", ""unfulfilled_request_t"": 0.0}, {""actual_arrival_month"": ""2039-06"", ""actual_delivery_share"": 1.0, ""availability_share"": 1.0, ""feasible_t"": 12.083333333333334, ""gross_delivery_t"": 12.083333333333334, ""order_month"": ""2038-06"", ""planned_arrival_month"": ""2039-06"", ""requested_t"": 12.083333333333334, ""shipment_id"": ""S0042"", ""source_id"": ""A"", ""source_name"": ""Earth-Core"", ""unfulfilled_request_t"": 0.0}, {""actual_arrival_month"": ""2039-07"", ""actual_delivery_share"": 1.0, ""availability_share"": 1.0, ""feasible_t"": 12.083333333333334, ""gross_delivery_t"": 12.083333333333334, ""order_month"": ""2038-07"", ""planned_arrival_month"": ""2039-07"", ""requested_t"": 12.083333333333334, ""shipment_id"": ""S0043"", ""source_id"": ""A"", ""source_name"": ""Earth-Core"", ""unfulfilled_request_t"": 0.0}, {""actual_arrival_month"": ""2038-08"", ""actual_delivery_share"": 1.0, ""availability_share"": 1.0, ""feasible_t"": 3.3333333333333335, ""gross_delivery_t"": 3.3333333333333335, ""order_month"": ""2038-04"", ""planned_arrival_month"": ""2038-08"", ""requested_t"": 3.3333333333333335, ""shipment_id"": ""S0112"", ""source_id"": ""B"", ""source_name"": ""Earth-Flex"", ""unfulfilled_request_t"": 0.0}, {""actual_arrival_month"": ""2038-09"", ""actual_delivery_share"": 1.0, ""availability_share"": 1.0, ""feasible_t"": 3.3333333333333335, ""gross_delivery_t"": 3.3333333333333335, ""order_month"": ""2038-05"", ""planned_arrival_month"": ""2038-09"", ""requested_t"": 3.3333333333333335, ""shipment_id"": ""S0113"", ""source_id"": ""B"", ""source_name"": ""Earth-Flex"", ""unfulfilled_request_t"": 0.0}, {""actual_arrival_month"": ""2038-10"", ""actual_delivery_share"": 1.0, ""availability_share"": 1.0, ""feasible_t"": 3.3333333333333335, ""gross_delivery_t"": 3.3333333333333335, ""order_month"": ""2038-06"", ""planned_arrival_month"": ""2038-10"", ""requested_t"": 3.3333333333333335, ""shipment_id"": ""S0114"", ""source_id"": ""B"", ""source_name"": ""Earth-Flex"", ""unfulfilled_request_t"": 0.0}, {""actual_arrival_month"": ""2038-11"", ""actual_delivery_share"": 1.0, ""availability_share"": 1.0, ""feasible_t"": 3.3333333333333335, ""gross_delivery_t"": 3.3333333333333335, ""order_month"": ""2038-07"", ""planned_arrival_month"": ""2038-11"", ""requested_t"": 3.3333333333333335, ""shipment_id"": ""S0115"", ""source_id"": ""B"", ""source_name"": ""Earth-Flex"", ""unfulfilled_request_t"": 0.0}, {""actual_arrival_month"": ""2038-08"", ""actual_delivery_share"": 0.55, ""availability_share"": 1.0, ""feasible_t"": 4.166666666666667, ""gross_delivery_t"": 2.291666666666667, ""order_month"": ""2038-06"", ""planned_arrival_month"": ""2038-08"", ""requested_t"": 4.166666666666667, ""shipment_id"": ""S0198"", ""source_id"": ""D"", ""source_name"": ""Lunar-ISRU"", ""unfulfilled_request_t"": 0.0}, {""actual_arrival_month"": ""2038-09"", ""actual_delivery_share"": 0.55, ""availability_share"": 1.0, ""feasible_t"": 4.166666666666667, ""gross_delivery_t"": 2.291666666666667, ""order_month"": ""2038-07"", ""planned_arrival_month"": ""2038-09"", ""requested_t"": 4.166666666666667, ""shipment_id"": ""S0199"", ""source_id"": ""D"", ""source_name"": ""Lunar-ISRU"", ""unfulfilled_request_t"": 0.0}]","{""A"": 11.666666666666666, ""B"": 3.3333333333333335, ""C"": 4.166666666666667, ""D"": 4.166666666666667}","{""A"": 11.666666666666666, ""B"": 3.3333333333333335, ""C"": 4.166666666666667, ""D"": 2.291666666666667}",21.458333333333336,0.2575,21.200833333333335,21.200833333333335,0.0,21.200833333333335,16.291666666666664,4.909166666666671,0.0,2.7574999999999967,0.0,ZBO,120.0,0.012,"[""ZBO"", ""EARTH_NEW"", ""LUNAR_ISRU""]",0.0,6.833333333333333,[]
2038-08,0.0,23.958333333333332,16.291666666666664,"{""A"": 155.0, ""B"": 65.0, ""C"": 70.0, ""D"": 50.0, ""E"": 40.0}","{""A"": 12.083333333333334, ""B"": 3.3333333333333335, ""C"": 4.166666666666667, ""D"": 4.166666666666667}","[{""actual_arrival_month"": ""2038-09"", ""actual_delivery_share"": 1.0, ""availability_share"": 1.0, ""feasible_t"": 11.666666666666666, ""gross_delivery_t"": 11.666666666666666, ""order_month"": ""2037-09"", ""planned_arrival_month"": ""2038-09"", ""requested_t"": 11.666666666666666, ""shipment_id"": ""S0033"", ""source_id"": ""A"", ""source_name"": ""Earth-Core"", ""unfulfilled_request_t"": 0.0}, {""actual_arrival_month"": ""2038-10"", ""actual_delivery_share"": 1.0, ""availability_share"": 1.0, ""feasible_t"": 11.666666666666666, ""gross_delivery_t"": 11.666666666666666, ""order_month"": ""2037-10"", ""planned_arrival_month"": ""2038-10"", ""requested_t"": 11.666666666666666, ""shipment_id"": ""S0034"", ""source_id"": ""A"", ""source_name"": ""Earth-Core"", ""unfulfilled_request_t"": 0.0}, {""actual_arrival_month"": ""2038-11"", ""actual_delivery_share"": 1.0, ""availability_share"": 1.0, ""feasible_t"": 11.666666666666666, ""gross_delivery_t"": 11.666666666666666, ""order_month"": ""2037-11"", ""planned_arrival_month"": ""2038-11"", ""requested_t"": 11.666666666666666, ""shipment_id"": ""S0035"", ""source_id"": ""A"", ""source_name"": ""Earth-Core"", ""unfulfilled_request_t"": 0.0}, {""actual_arrival_month"": ""2038-12"", ""actual_delivery_share"": 1.0, ""availability_share"": 1.0, ""feasible_t"": 11.666666666666666, ""gross_delivery_t"": 11.666666666666666, ""order_month"": ""2037-12"", ""planned_arrival_month"": ""2038-12"", ""requested_t"": 11.666666666666666, ""shipment_id"": ""S0036"", ""source_id"": ""A"", ""source_name"": ""Earth-Core"", ""unfulfilled_request_t"": 0.0}, {""actual_arrival_month"": ""2039-01"", ""actual_delivery_share"": 1.0, ""availability_share"": 1.0, ""feasible_t"": 12.083333333333334, ""gross_delivery_t"": 12.083333333333334, ""order_month"": ""2038-01"", ""planned_arrival_month"": ""2039-01"", ""requested_t"": 12.083333333333334, ""shipment_id"": ""S0037"", ""source_id"": ""A"", ""source_name"": ""Earth-Core"", ""unfulfilled_request_t"": 0.0}, {""actual_arrival_month"": ""2039-02"", ""actual_delivery_share"": 1.0, ""availability_share"": 1.0, ""feasible_t"": 12.083333333333334, ""gross_delivery_t"": 12.083333333333334, ""order_month"": ""2038-02"", ""planned_arrival_month"": ""2039-02"", ""requested_t"": 12.083333333333334, ""shipment_id"": ""S0038"", ""source_id"": ""A"", ""source_name"": ""Earth-Core"", ""unfulfilled_request_t"": 0.0}, {""actual_arrival_month"": ""2039-03"", ""actual_delivery_share"": 1.0, ""availability_share"": 1.0, ""feasible_t"": 12.083333333333334, ""gross_delivery_t"": 12.083333333333334, ""order_month"": ""2038-03"", ""planned_arrival_month"": ""2039-03"", ""requested_t"": 12.083333333333334, ""shipment_id"": ""S0039"", ""source_id"": ""A"", ""source_name"": ""Earth-Core"", ""unfulfilled_request_t"": 0.0}, {""actual_arrival_month"": ""2039-04"", ""actual_delivery_share"": 1.0, ""availability_share"": 1.0, ""feasible_t"": 12.083333333333334, ""gross_delivery_t"": 12.083333333333334, ""order_month"": ""2038-04"", ""planned_arrival_month"": ""2039-04"", ""requested_t"": 12.083333333333334, ""shipment_id"": ""S0040"", ""source_id"": ""A"", ""source_name"": ""Earth-Core"", ""unfulfilled_request_t"": 0.0}, {""actual_arrival_month"": ""2039-05"", ""actual_delivery_share"": 1.0, ""availability_share"": 1.0, ""feasible_t"": 12.083333333333334, ""gross_delivery_t"": 12.083333333333334, ""order_month"": ""2038-05"", ""planned_arrival_month"": ""2039-05"", ""requested_t"": 12.083333333333334, ""shipment_id"": ""S0041"", ""source_id"": ""A"", ""source_name"": ""Earth-Core"", ""unfulfilled_request_t"": 0.0}, {""actual_arrival_month"": ""2039-06"", ""actual_delivery_share"": 1.0, ""availability_share"": 1.0, ""feasible_t"": 12.083333333333334, ""gross_delivery_t"": 12.083333333333334, ""order_month"": ""2038-06"", ""planned_arrival_month"": ""2039-06"", ""requested_t"": 12.083333333333334, ""shipment_id"": ""S0042"", ""source_id"": ""A"", ""source_name"": ""Earth-Core"", ""unfulfilled_request_t"": 0.0}, {""actual_arrival_month"": ""2039-07"", ""actual_delivery_share"": 1.0, ""availability_share"": 1.0, ""feasible_t"": 12.083333333333334, ""gross_delivery_t"": 12.083333333333334, ""order_month"": ""2038-07"", ""planned_arrival_month"": ""2039-07"", ""requested_t"": 12.083333333333334, ""shipment_id"": ""S0043"", ""source_id"": ""A"", ""source_name"": ""Earth-Core"", ""unfulfilled_request_t"": 0.0}, {""actual_arrival_month"": ""2039-08"", ""actual_delivery_share"": 1.0, ""availability_share"": 1.0, ""feasible_t"": 12.083333333333334, ""gross_delivery_t"": 12.083333333333334, ""order_month"": ""2038-08"", ""planned_arrival_month"": ""2039-08"", ""requested_t"": 12.083333333333334, ""shipment_id"": ""S0044"", ""source_id"": ""A"", ""source_name"": ""Earth-Core"", ""unfulfilled_request_t"": 0.0}, {""actual_arrival_month"": ""2038-09"", ""actual_delivery_share"": 1.0, ""availability_share"": 1.0, ""feasible_t"": 3.3333333333333335, ""gross_delivery_t"": 3.3333333333333335, ""order_month"": ""2038-05"", ""planned_arrival_month"": ""2038-09"", ""requested_t"": 3.3333333333333335, ""shipment_id"": ""S0113"", ""source_id"": ""B"", ""source_name"": ""Earth-Flex"", ""unfulfilled_request_t"": 0.0}, {""actual_arrival_month"": ""2038-10"", ""actual_delivery_share"": 1.0, ""availability_share"": 1.0, ""feasible_t"": 3.3333333333333335, ""gross_delivery_t"": 3.3333333333333335, ""order_month"": ""2038-06"", ""planned_arrival_month"": ""2038-10"", ""requested_t"": 3.3333333333333335, ""shipment_id"": ""S0114"", ""source_id"": ""B"", ""source_name"": ""Earth-Flex"", ""unfulfilled_request_t"": 0.0}, {""actual_arrival_month"": ""2038-11"", ""actual_delivery_share"": 1.0, ""availability_share"": 1.0, ""feasible_t"": 3.3333333333333335, ""gross_delivery_t"": 3.3333333333333335, ""order_month"": ""2038-07"", ""planned_arrival_month"": ""2038-11"", ""requested_t"": 3.3333333333333335, ""shipment_id"": ""S0115"", ""source_id"": ""B"", ""source_name"": ""Earth-Flex"", ""unfulfilled_request_t"": 0.0}, {""actual_arrival_month"": ""2038-12"", ""actual_delivery_share"": 1.0, ""availability_share"": 1.0, ""feasible_t"": 3.3333333333333335, ""gross_delivery_t"": 3.3333333333333335, ""order_month"": ""2038-08"", ""planned_arrival_month"": ""2038-12"", ""requested_t"": 3.3333333333333335, ""shipment_id"": ""S0116"", ""source_id"": ""B"", ""source_name"": ""Earth-Flex"", ""unfulfilled_request_t"": 0.0}, {""actual_arrival_month"": ""2038-09"", ""actual_delivery_share"": 0.55, ""availability_share"": 1.0, ""feasible_t"": 4.166666666666667, ""gross_delivery_t"": 2.291666666666667, ""order_month"": ""2038-07"", ""planned_arrival_month"": ""2038-09"", ""requested_t"": 4.166666666666667, ""shipment_id"": ""S0199"", ""source_id"": ""D"", ""source_name"": ""Lunar-ISRU"", ""unfulfilled_request_t"": 0.0}, {""actual_arrival_month"": ""2038-10"", ""actual_delivery_share"": 0.55, ""availability_share"": 1.0, ""feasible_t"": 4.166666666666667, ""gross_delivery_t"": 2.291666666666667, ""order_month"": ""2038-08"", ""planned_arrival_month"": ""2038-10"", ""requested_t"": 4.166666666666667, ""shipment_id"": ""S0200"", ""source_id"": ""D"", ""source_name"": ""Lunar-ISRU"", ""unfulfilled_request_t"": 0.0}]","{""A"": 11.666666666666666, ""B"": 3.3333333333333335, ""C"": 4.166666666666667, ""D"": 4.166666666666667}","{""A"": 11.666666666666666, ""B"": 3.3333333333333335, ""C"": 4.166666666666667, ""D"": 2.291666666666667}",21.458333333333336,0.2575,21.200833333333335,21.200833333333335,0.0,21.200833333333335,16.291666666666664,4.909166666666671,0.0,2.7574999999999967,0.0,ZBO,120.0,0.012,"[""ZBO"", ""EARTH_NEW"", ""LUNAR_ISRU""]",0.0,6.833333333333333,[]
2038-09,0.0,23.958333333333332,16.291666666666664,"{""A"": 155.0, ""B"": 65.0, ""C"": 70.0, ""D"": 50.0, ""E"": 40.0}","{""A"": 12.083333333333334, ""B"": 3.3333333333333335, ""C"": 4.166666666666667, ""D"": 4.166666666666667}","[{""actual_arrival_month"": ""2038-10"", ""actual_delivery_share"": 1.0, ""availability_share"": 1.0, ""feasible_t"": 11.666666666666666, ""gross_delivery_t"": 11.666666666666666, ""order_month"": ""2037-10"", ""planned_arrival_month"": ""2038-10"", ""requested_t"": 11.666666666666666, ""shipment_id"": ""S0034"", ""source_id"": ""A"", ""source_name"": ""Earth-Core"", ""unfulfilled_request_t"": 0.0}, {""actual_arrival_month"": ""2038-11"", ""actual_delivery_share"": 1.0, ""availability_share"": 1.0, ""feasible_t"": 11.666666666666666, ""gross_delivery_t"": 11.666666666666666, ""order_month"": ""2037-11"", ""planned_arrival_month"": ""2038-11"", ""requested_t"": 11.666666666666666, ""shipment_id"": ""S0035"", ""source_id"": ""A"", ""source_name"": ""Earth-Core"", ""unfulfilled_request_t"": 0.0}, {""actual_arrival_month"": ""2038-12"", ""actual_delivery_share"": 1.0, ""availability_share"": 1.0, ""feasible_t"": 11.666666666666666, ""gross_delivery_t"": 11.666666666666666, ""order_month"": ""2037-12"", ""planned_arrival_month"": ""2038-12"", ""requested_t"": 11.666666666666666, ""shipment_id"": ""S0036"", ""source_id"": ""A"", ""source_name"": ""Earth-Core"", ""unfulfilled_request_t"": 0.0}, {""actual_arrival_month"": ""2039-01"", ""actual_delivery_share"": 1.0, ""availability_share"": 1.0, ""feasible_t"": 12.083333333333334, ""gross_delivery_t"": 12.083333333333334, ""order_month"": ""2038-01"", ""planned_arrival_month"": ""2039-01"", ""requested_t"": 12.083333333333334, ""shipment_id"": ""S0037"", ""source_id"": ""A"", ""source_name"": ""Earth-Core"", ""unfulfilled_request_t"": 0.0}, {""actual_arrival_month"": ""2039-02"", ""actual_delivery_share"": 1.0, ""availability_share"": 1.0, ""feasible_t"": 12.083333333333334, ""gross_delivery_t"": 12.083333333333334, ""order_month"": ""2038-02"", ""planned_arrival_month"": ""2039-02"", ""requested_t"": 12.083333333333334, ""shipment_id"": ""S0038"", ""source_id"": ""A"", ""source_name"": ""Earth-Core"", ""unfulfilled_request_t"": 0.0}, {""actual_arrival_month"": ""2039-03"", ""actual_delivery_share"": 1.0, ""availability_share"": 1.0, ""feasible_t"": 12.083333333333334, ""gross_delivery_t"": 12.083333333333334, ""order_month"": ""2038-03"", ""planned_arrival_month"": ""2039-03"", ""requested_t"": 12.083333333333334, ""shipment_id"": ""S0039"", ""source_id"": ""A"", ""source_name"": ""Earth-Core"", ""unfulfilled_request_t"": 0.0}, {""actual_arrival_month"": ""2039-04"", ""actual_delivery_share"": 1.0, ""availability_share"": 1.0, ""feasible_t"": 12.083333333333334, ""gross_delivery_t"": 12.083333333333334, ""order_month"": ""2038-04"", ""planned_arrival_month"": ""2039-04"", ""requested_t"": 12.083333333333334, ""shipment_id"": ""S0040"", ""source_id"": ""A"", ""source_name"": ""Earth-Core"", ""unfulfilled_request_t"": 0.0}, {""actual_arrival_month"": ""2039-05"", ""actual_delivery_share"": 1.0, ""availability_share"": 1.0, ""feasible_t"": 12.083333333333334, ""gross_delivery_t"": 12.083333333333334, ""order_month"": ""2038-05"", ""planned_arrival_month"": ""2039-05"", ""requested_t"": 12.083333333333334, ""shipment_id"": ""S0041"", ""source_id"": ""A"", ""source_name"": ""Earth-Core"", ""unfulfilled_request_t"": 0.0}, {""actual_arrival_month"": ""2039-06"", ""actual_delivery_share"": 1.0, ""availability_share"": 1.0, ""feasible_t"": 12.083333333333334, ""gross_delivery_t"": 12.083333333333334, ""order_month"": ""2038-06"", ""planned_arrival_month"": ""2039-06"", ""requested_t"": 12.083333333333334, ""shipment_id"": ""S0042"", ""source_id"": ""A"", ""source_name"": ""Earth-Core"", ""unfulfilled_request_t"": 0.0}, {""actual_arrival_month"": ""2039-07"", ""actual_delivery_share"": 1.0, ""availability_share"": 1.0, ""feasible_t"": 12.083333333333334, ""gross_delivery_t"": 12.083333333333334, ""order_month"": ""2038-07"", ""planned_arrival_month"": ""2039-07"", ""requested_t"": 12.083333333333334, ""shipment_id"": ""S0043"", ""source_id"": ""A"", ""source_name"": ""Earth-Core"", ""unfulfilled_request_t"": 0.0}, {""actual_arrival_month"": ""2039-08"", ""actual_delivery_share"": 1.0, ""availability_share"": 1.0, ""feasible_t"": 12.083333333333334, ""gross_delivery_t"": 12.083333333333334, ""order_month"": ""2038-08"", ""planned_arrival_month"": ""2039-08"", ""requested_t"": 12.083333333333334, ""shipment_id"": ""S0044"", ""source_id"": ""A"", ""source_name"": ""Earth-Core"", ""unfulfilled_request_t"": 0.0}, {""actual_arrival_month"": ""2039-09"", ""actual_delivery_share"": 1.0, ""availability_share"": 1.0, ""feasible_t"": 12.083333333333334, ""gross_delivery_t"": 12.083333333333334, ""order_month"": ""2038-09"", ""planned_arrival_month"": ""2039-09"", ""requested_t"": 12.083333333333334, ""shipment_id"": ""S0045"", ""source_id"": ""A"", ""source_name"": ""Earth-Core"", ""unfulfilled_request_t"": 0.0}, {""actual_arrival_month"": ""2038-10"", ""actual_delivery_share"": 1.0, ""availability_share"": 1.0, ""feasible_t"": 3.3333333333333335, ""gross_delivery_t"": 3.3333333333333335, ""order_month"": ""2038-06"", ""planned_arrival_month"": ""2038-10"", ""requested_t"": 3.3333333333333335, ""shipment_id"": ""S0114"", ""source_id"": ""B"", ""source_name"": ""Earth-Flex"", ""unfulfilled_request_t"": 0.0}, {""actual_arrival_month"": ""2038-11"", ""actual_delivery_share"": 1.0, ""availability_share"": 1.0, ""feasible_t"": 3.3333333333333335, ""gross_delivery_t"": 3.3333333333333335, ""order_month"": ""2038-07"", ""planned_arrival_month"": ""2038-11"", ""requested_t"": 3.3333333333333335, ""shipment_id"": ""S0115"", ""source_id"": ""B"", ""source_name"": ""Earth-Flex"", ""unfulfilled_request_t"": 0.0}, {""actual_arrival_month"": ""2038-12"", ""actual_delivery_share"": 1.0, ""availability_share"": 1.0, ""feasible_t"": 3.3333333333333335, ""gross_delivery_t"": 3.3333333333333335, ""order_month"": ""2038-08"", ""planned_arrival_month"": ""2038-12"", ""requested_t"": 3.3333333333333335, ""shipment_id"": ""S0116"", ""source_id"": ""B"", ""source_name"": ""Earth-Flex"", ""unfulfilled_request_t"": 0.0}, {""actual_arrival_month"": ""2039-01"", ""actual_delivery_share"": 1.0, ""availability_share"": 1.0, ""feasible_t"": 3.3333333333333335, ""gross_delivery_t"": 3.3333333333333335, ""order_month"": ""2038-09"", ""planned_arrival_month"": ""2039-01"", ""requested_t"": 3.3333333333333335, ""shipment_id"": ""S0117"", ""source_id"": ""B"", ""source_name"": ""Earth-Flex"", ""unfulfilled_request_t"": 0.0}, {""actual_arrival_month"": ""2038-10"", ""actual_delivery_share"": 0.55, ""availability_share"": 1.0, ""feasible_t"": 4.166666666666667, ""gross_delivery_t"": 2.291666666666667, ""order_month"": ""2038-08"", ""planned_arrival_month"": ""2038-10"", ""requested_t"": 4.166666666666667, ""shipment_id"": ""S0200"", ""source_id"": ""D"", ""source_name"": ""Lunar-ISRU"", ""unfulfilled_request_t"": 0.0}, {""actual_arrival_month"": ""2038-11"", ""actual_delivery_share"": 0.55, ""availability_share"": 1.0, ""feasible_t"": 4.166666666666667, ""gross_delivery_t"": 2.291666666666667, ""order_month"": ""2038-09"", ""planned_arrival_month"": ""2038-11"", ""requested_t"": 4.166666666666667, ""shipment_id"": ""S0201"", ""source_id"": ""D"", ""source_name"": ""Lunar-ISRU"", ""unfulfilled_request_t"": 0.0}]","{""A"": 11.666666666666666, ""B"": 3.3333333333333335, ""C"": 4.166666666666667, ""D"": 4.166666666666667}","{""A"": 11.666666666666666, ""B"": 3.3333333333333335, ""C"": 4.166666666666667, ""D"": 2.291666666666667}",21.458333333333336,0.2575,21.200833333333335,21.200833333333335,0.0,21.200833333333335,16.291666666666664,4.909166666666671,0.0,2.7574999999999967,0.0,ZBO,120.0,0.012,"[""ZBO"", ""EARTH_NEW"", ""LUNAR_ISRU""]",0.0,6.833333333333333,[]
2038-10,0.0,23.958333333333332,16.291666666666664,"{""A"": 155.0, ""B"": 65.0, ""C"": 70.0, ""D"": 50.0, ""E"": 40.0}","{""A"": 12.083333333333334, ""B"": 3.3333333333333335, ""C"": 4.166666666666667, ""D"": 4.166666666666667}","[{""actual_arrival_month"": ""2038-11"", ""actual_delivery_share"": 1.0, ""availability_share"": 1.0, ""feasible_t"": 11.666666666666666, ""gross_delivery_t"": 11.666666666666666, ""order_month"": ""2037-11"", ""planned_arrival_month"": ""2038-11"", ""requested_t"": 11.666666666666666, ""shipment_id"": ""S0035"", ""source_id"": ""A"", ""source_name"": ""Earth-Core"", ""unfulfilled_request_t"": 0.0}, {""actual_arrival_month"": ""2038-12"", ""actual_delivery_share"": 1.0, ""availability_share"": 1.0, ""feasible_t"": 11.666666666666666, ""gross_delivery_t"": 11.666666666666666, ""order_month"": ""2037-12"", ""planned_arrival_month"": ""2038-12"", ""requested_t"": 11.666666666666666, ""shipment_id"": ""S0036"", ""source_id"": ""A"", ""source_name"": ""Earth-Core"", ""unfulfilled_request_t"": 0.0}, {""actual_arrival_month"": ""2039-01"", ""actual_delivery_share"": 1.0, ""availability_share"": 1.0, ""feasible_t"": 12.083333333333334, ""gross_delivery_t"": 12.083333333333334, ""order_month"": ""2038-01"", ""planned_arrival_month"": ""2039-01"", ""requested_t"": 12.083333333333334, ""shipment_id"": ""S0037"", ""source_id"": ""A"", ""source_name"": ""Earth-Core"", ""unfulfilled_request_t"": 0.0}, {""actual_arrival_month"": ""2039-02"", ""actual_delivery_share"": 1.0, ""availability_share"": 1.0, ""feasible_t"": 12.083333333333334, ""gross_delivery_t"": 12.083333333333334, ""order_month"": ""2038-02"", ""planned_arrival_month"": ""2039-02"", ""requested_t"": 12.083333333333334, ""shipment_id"": ""S0038"", ""source_id"": ""A"", ""source_name"": ""Earth-Core"", ""unfulfilled_request_t"": 0.0}, {""actual_arrival_month"": ""2039-03"", ""actual_delivery_share"": 1.0, ""availability_share"": 1.0, ""feasible_t"": 12.083333333333334, ""gross_delivery_t"": 12.083333333333334, ""order_month"": ""2038-03"", ""planned_arrival_month"": ""2039-03"", ""requested_t"": 12.083333333333334, ""shipment_id"": ""S0039"", ""source_id"": ""A"", ""source_name"": ""Earth-Core"", ""unfulfilled_request_t"": 0.0}, {""actual_arrival_month"": ""2039-04"", ""actual_delivery_share"": 1.0, ""availability_share"": 1.0, ""feasible_t"": 12.083333333333334, ""gross_delivery_t"": 12.083333333333334, ""order_month"": ""2038-04"", ""planned_arrival_month"": ""2039-04"", ""requested_t"": 12.083333333333334, ""shipment_id"": ""S0040"", ""source_id"": ""A"", ""source_name"": ""Earth-Core"", ""unfulfilled_request_t"": 0.0}, {""actual_arrival_month"": ""2039-05"", ""actual_delivery_share"": 1.0, ""availability_share"": 1.0, ""feasible_t"": 12.083333333333334, ""gross_delivery_t"": 12.083333333333334, ""order_month"": ""2038-05"", ""planned_arrival_month"": ""2039-05"", ""requested_t"": 12.083333333333334, ""shipment_id"": ""S0041"", ""source_id"": ""A"", ""source_name"": ""Earth-Core"", ""unfulfilled_request_t"": 0.0}, {""actual_arrival_month"": ""2039-06"", ""actual_delivery_share"": 1.0, ""availability_share"": 1.0, ""feasible_t"": 12.083333333333334, ""gross_delivery_t"": 12.083333333333334, ""order_month"": ""2038-06"", ""planned_arrival_month"": ""2039-06"", ""requested_t"": 12.083333333333334, ""shipment_id"": ""S0042"", ""source_id"": ""A"", ""source_name"": ""Earth-Core"", ""unfulfilled_request_t"": 0.0}, {""actual_arrival_month"": ""2039-07"", ""actual_delivery_share"": 1.0, ""availability_share"": 1.0, ""feasible_t"": 12.083333333333334, ""gross_delivery_t"": 12.083333333333334, ""order_month"": ""2038-07"", ""planned_arrival_month"": ""2039-07"", ""requested_t"": 12.083333333333334, ""shipment_id"": ""S0043"", ""source_id"": ""A"", ""source_name"": ""Earth-Core"", ""unfulfilled_request_t"": 0.0}, {""actual_arrival_month"": ""2039-08"", ""actual_delivery_share"": 1.0, ""availability_share"": 1.0, ""feasible_t"": 12.083333333333334, ""gross_delivery_t"": 12.083333333333334, ""order_month"": ""2038-08"", ""planned_arrival_month"": ""2039-08"", ""requested_t"": 12.083333333333334, ""shipment_id"": ""S0044"", ""source_id"": ""A"", ""source_name"": ""Earth-Core"", ""unfulfilled_request_t"": 0.0}, {""actual_arrival_month"": ""2039-09"", ""actual_delivery_share"": 1.0, ""availability_share"": 1.0, ""feasible_t"": 12.083333333333334, ""gross_delivery_t"": 12.083333333333334, ""order_month"": ""2038-09"", ""planned_arrival_month"": ""2039-09"", ""requested_t"": 12.083333333333334, ""shipment_id"": ""S0045"", ""source_id"": ""A"", ""source_name"": ""Earth-Core"", ""unfulfilled_request_t"": 0.0}, {""actual_arrival_month"": ""2039-10"", ""actual_delivery_share"": 1.0, ""availability_share"": 1.0, ""feasible_t"": 12.083333333333334, ""gross_delivery_t"": 12.083333333333334, ""order_month"": ""2038-10"", ""planned_arrival_month"": ""2039-10"", ""requested_t"": 12.083333333333334, ""shipment_id"": ""S0046"", ""source_id"": ""A"", ""source_name"": ""Earth-Core"", ""unfulfilled_request_t"": 0.0}, {""actual_arrival_month"": ""2038-11"", ""actual_delivery_share"": 1.0, ""availability_share"": 1.0, ""feasible_t"": 3.3333333333333335, ""gross_delivery_t"": 3.3333333333333335, ""order_month"": ""2038-07"", ""planned_arrival_month"": ""2038-11"", ""requested_t"": 3.3333333333333335, ""shipment_id"": ""S0115"", ""source_id"": ""B"", ""source_name"": ""Earth-Flex"", ""unfulfilled_request_t"": 0.0}, {""actual_arrival_month"": ""2038-12"", ""actual_delivery_share"": 1.0, ""availability_share"": 1.0, ""feasible_t"": 3.3333333333333335, ""gross_delivery_t"": 3.3333333333333335, ""order_month"": ""2038-08"", ""planned_arrival_month"": ""2038-12"", ""requested_t"": 3.3333333333333335, ""shipment_id"": ""S0116"", ""source_id"": ""B"", ""source_name"": ""Earth-Flex"", ""unfulfilled_request_t"": 0.0}, {""actual_arrival_month"": ""2039-01"", ""actual_delivery_share"": 1.0, ""availability_share"": 1.0, ""feasible_t"": 3.3333333333333335, ""gross_delivery_t"": 3.3333333333333335, ""order_month"": ""2038-09"", ""planned_arrival_month"": ""2039-01"", ""requested_t"": 3.3333333333333335, ""shipment_id"": ""S0117"", ""source_id"": ""B"", ""source_name"": ""Earth-Flex"", ""unfulfilled_request_t"": 0.0}, {""actual_arrival_month"": ""2039-02"", ""actual_delivery_share"": 1.0, ""availability_share"": 1.0, ""feasible_t"": 3.3333333333333335, ""gross_delivery_t"": 3.3333333333333335, ""order_month"": ""2038-10"", ""planned_arrival_month"": ""2039-02"", ""requested_t"": 3.3333333333333335, ""shipment_id"": ""S0118"", ""source_id"": ""B"", ""source_name"": ""Earth-Flex"", ""unfulfilled_request_t"": 0.0}, {""actual_arrival_month"": ""2038-11"", ""actual_delivery_share"": 0.55, ""availability_share"": 1.0, ""feasible_t"": 4.166666666666667, ""gross_delivery_t"": 2.291666666666667, ""order_month"": ""2038-09"", ""planned_arrival_month"": ""2038-11"", ""requested_t"": 4.166666666666667, ""shipment_id"": ""S0201"", ""source_id"": ""D"", ""source_name"": ""Lunar-ISRU"", ""unfulfilled_request_t"": 0.0}, {""actual_arrival_month"": ""2038-12"", ""actual_delivery_share"": 0.55, ""availability_share"": 1.0, ""feasible_t"": 4.166666666666667, ""gross_delivery_t"": 2.291666666666667, ""order_month"": ""2038-10"", ""planned_arrival_month"": ""2038-12"", ""requested_t"": 4.166666666666667, ""shipment_id"": ""S0202"", ""source_id"": ""D"", ""source_name"": ""Lunar-ISRU"", ""unfulfilled_request_t"": 0.0}]","{""A"": 11.666666666666666, ""B"": 3.3333333333333335, ""C"": 4.166666666666667, ""D"": 4.166666666666667}","{""A"": 11.666666666666666, ""B"": 3.3333333333333335, ""C"": 4.166666666666667, ""D"": 2.291666666666667}",21.458333333333336,0.2575,21.200833333333335,21.200833333333335,0.0,21.200833333333335,16.291666666666664,4.909166666666671,0.0,2.7574999999999967,0.0,ZBO,120.0,0.012,"[""ZBO"", ""EARTH_NEW"", ""LUNAR_ISRU""]",0.0,6.833333333333333,[]
2038-11,0.0,23.958333333333332,16.291666666666664,"{""A"": 155.0, ""B"": 65.0, ""C"": 70.0, ""D"": 50.0, ""E"": 40.0}","{""A"": 12.083333333333334, ""B"": 3.3333333333333335, ""C"": 4.166666666666667, ""D"": 4.166666666666667}","[{""actual_arrival_month"": ""2038-12"", ""actual_delivery_share"": 1.0, ""availability_share"": 1.0, ""feasible_t"": 11.666666666666666, ""gross_delivery_t"": 11.666666666666666, ""order_month"": ""2037-12"", ""planned_arrival_month"": ""2038-12"", ""requested_t"": 11.666666666666666, ""shipment_id"": ""S0036"", ""source_id"": ""A"", ""source_name"": ""Earth-Core"", ""unfulfilled_request_t"": 0.0}, {""actual_arrival_month"": ""2039-01"", ""actual_delivery_share"": 1.0, ""availability_share"": 1.0, ""feasible_t"": 12.083333333333334, ""gross_delivery_t"": 12.083333333333334, ""order_month"": ""2038-01"", ""planned_arrival_month"": ""2039-01"", ""requested_t"": 12.083333333333334, ""shipment_id"": ""S0037"", ""source_id"": ""A"", ""source_name"": ""Earth-Core"", ""unfulfilled_request_t"": 0.0}, {""actual_arrival_month"": ""2039-02"", ""actual_delivery_share"": 1.0, ""availability_share"": 1.0, ""feasible_t"": 12.083333333333334, ""gross_delivery_t"": 12.083333333333334, ""order_month"": ""2038-02"", ""planned_arrival_month"": ""2039-02"", ""requested_t"": 12.083333333333334, ""shipment_id"": ""S0038"", ""source_id"": ""A"", ""source_name"": ""Earth-Core"", ""unfulfilled_request_t"": 0.0}, {""actual_arrival_month"": ""2039-03"", ""actual_delivery_share"": 1.0, ""availability_share"": 1.0, ""feasible_t"": 12.083333333333334, ""gross_delivery_t"": 12.083333333333334, ""order_month"": ""2038-03"", ""planned_arrival_month"": ""2039-03"", ""requested_t"": 12.083333333333334, ""shipment_id"": ""S0039"", ""source_id"": ""A"", ""source_name"": ""Earth-Core"", ""unfulfilled_request_t"": 0.0}, {""actual_arrival_month"": ""2039-04"", ""actual_delivery_share"": 1.0, ""availability_share"": 1.0, ""feasible_t"": 12.083333333333334, ""gross_delivery_t"": 12.083333333333334, ""order_month"": ""2038-04"", ""planned_arrival_month"": ""2039-04"", ""requested_t"": 12.083333333333334, ""shipment_id"": ""S0040"", ""source_id"": ""A"", ""source_name"": ""Earth-Core"", ""unfulfilled_request_t"": 0.0}, {""actual_arrival_month"": ""2039-05"", ""actual_delivery_share"": 1.0, ""availability_share"": 1.0, ""feasible_t"": 12.083333333333334, ""gross_delivery_t"": 12.083333333333334, ""order_month"": ""2038-05"", ""planned_arrival_month"": ""2039-05"", ""requested_t"": 12.083333333333334, ""shipment_id"": ""S0041"", ""source_id"": ""A"", ""source_name"": ""Earth-Core"", ""unfulfilled_request_t"": 0.0}, {""actual_arrival_month"": ""2039-06"", ""actual_delivery_share"": 1.0, ""availability_share"": 1.0, ""feasible_t"": 12.083333333333334, ""gross_delivery_t"": 12.083333333333334, ""order_month"": ""2038-06"", ""planned_arrival_month"": ""2039-06"", ""requested_t"": 12.083333333333334, ""shipment_id"": ""S0042"", ""source_id"": ""A"", ""source_name"": ""Earth-Core"", ""unfulfilled_request_t"": 0.0}, {""actual_arrival_month"": ""2039-07"", ""actual_delivery_share"": 1.0, ""availability_share"": 1.0, ""feasible_t"": 12.083333333333334, ""gross_delivery_t"": 12.083333333333334, ""order_month"": ""2038-07"", ""planned_arrival_month"": ""2039-07"", ""requested_t"": 12.083333333333334, ""shipment_id"": ""S0043"", ""source_id"": ""A"", ""source_name"": ""Earth-Core"", ""unfulfilled_request_t"": 0.0}, {""actual_arrival_month"": ""2039-08"", ""actual_delivery_share"": 1.0, ""availability_share"": 1.0, ""feasible_t"": 12.083333333333334, ""gross_delivery_t"": 12.083333333333334, ""order_month"": ""2038-08"", ""planned_arrival_month"": ""2039-08"", ""requested_t"": 12.083333333333334, ""shipment_id"": ""S0044"", ""source_id"": ""A"", ""source_name"": ""Earth-Core"", ""unfulfilled_request_t"": 0.0}, {""actual_arrival_month"": ""2039-09"", ""actual_delivery_share"": 1.0, ""availability_share"": 1.0, ""feasible_t"": 12.083333333333334, ""gross_delivery_t"": 12.083333333333334, ""order_month"": ""2038-09"", ""planned_arrival_month"": ""2039-09"", ""requested_t"": 12.083333333333334, ""shipment_id"": ""S0045"", ""source_id"": ""A"", ""source_name"": ""Earth-Core"", ""unfulfilled_request_t"": 0.0}, {""actual_arrival_month"": ""2039-10"", ""actual_delivery_share"": 1.0, ""availability_share"": 1.0, ""feasible_t"": 12.083333333333334, ""gross_delivery_t"": 12.083333333333334, ""order_month"": ""2038-10"", ""planned_arrival_month"": ""2039-10"", ""requested_t"": 12.083333333333334, ""shipment_id"": ""S0046"", ""source_id"": ""A"", ""source_name"": ""Earth-Core"", ""unfulfilled_request_t"": 0.0}, {""actual_arrival_month"": ""2039-11"", ""actual_delivery_share"": 1.0, ""availability_share"": 1.0, ""feasible_t"": 12.083333333333334, ""gross_delivery_t"": 12.083333333333334, ""order_month"": ""2038-11"", ""planned_arrival_month"": ""2039-11"", ""requested_t"": 12.083333333333334, ""shipment_id"": ""S0047"", ""source_id"": ""A"", ""source_name"": ""Earth-Core"", ""unfulfilled_request_t"": 0.0}, {""actual_arrival_month"": ""2038-12"", ""actual_delivery_share"": 1.0, ""availability_share"": 1.0, ""feasible_t"": 3.3333333333333335, ""gross_delivery_t"": 3.3333333333333335, ""order_month"": ""2038-08"", ""planned_arrival_month"": ""2038-12"", ""requested_t"": 3.3333333333333335, ""shipment_id"": ""S0116"", ""source_id"": ""B"", ""source_name"": ""Earth-Flex"", ""unfulfilled_request_t"": 0.0}, {""actual_arrival_month"": ""2039-01"", ""actual_delivery_share"": 1.0, ""availability_share"": 1.0, ""feasible_t"": 3.3333333333333335, ""gross_delivery_t"": 3.3333333333333335, ""order_month"": ""2038-09"", ""planned_arrival_month"": ""2039-01"", ""requested_t"": 3.3333333333333335, ""shipment_id"": ""S0117"", ""source_id"": ""B"", ""source_name"": ""Earth-Flex"", ""unfulfilled_request_t"": 0.0}, {""actual_arrival_month"": ""2039-02"", ""actual_delivery_share"": 1.0, ""availability_share"": 1.0, ""feasible_t"": 3.3333333333333335, ""gross_delivery_t"": 3.3333333333333335, ""order_month"": ""2038-10"", ""planned_arrival_month"": ""2039-02"", ""requested_t"": 3.3333333333333335, ""shipment_id"": ""S0118"", ""source_id"": ""B"", ""source_name"": ""Earth-Flex"", ""unfulfilled_request_t"": 0.0}, {""actual_arrival_month"": ""2039-03"", ""actual_delivery_share"": 1.0, ""availability_share"": 1.0, ""feasible_t"": 3.3333333333333335, ""gross_delivery_t"": 3.3333333333333335, ""order_month"": ""2038-11"", ""planned_arrival_month"": ""2039-03"", ""requested_t"": 3.3333333333333335, ""shipment_id"": ""S0119"", ""source_id"": ""B"", ""source_name"": ""Earth-Flex"", ""unfulfilled_request_t"": 0.0}, {""actual_arrival_month"": ""2038-12"", ""actual_delivery_share"": 0.55, ""availability_share"": 1.0, ""feasible_t"": 4.166666666666667, ""gross_delivery_t"": 2.291666666666667, ""order_month"": ""2038-10"", ""planned_arrival_month"": ""2038-12"", ""requested_t"": 4.166666666666667, ""shipment_id"": ""S0202"", ""source_id"": ""D"", ""source_name"": ""Lunar-ISRU"", ""unfulfilled_request_t"": 0.0}, {""actual_arrival_month"": ""2039-01"", ""actual_delivery_share"": 0.75, ""availability_share"": 1.0, ""feasible_t"": 4.166666666666667, ""gross_delivery_t"": 3.125, ""order_month"": ""2038-11"", ""planned_arrival_month"": ""2039-01"", ""requested_t"": 4.166666666666667, ""shipment_id"": ""S0203"", ""source_id"": ""D"", ""source_name"": ""Lunar-ISRU"", ""unfulfilled_request_t"": 0.0}]","{""A"": 11.666666666666666, ""B"": 3.3333333333333335, ""C"": 4.166666666666667, ""D"": 4.166666666666667}","{""A"": 11.666666666666666, ""B"": 3.3333333333333335, ""C"": 4.166666666666667, ""D"": 2.291666666666667}",21.458333333333336,0.2575,21.200833333333335,21.200833333333335,0.0,21.200833333333335,16.291666666666664,4.909166666666671,0.0,2.7574999999999967,0.0,ZBO,120.0,0.012,"[""ZBO"", ""EARTH_NEW"", ""LUNAR_ISRU""]",0.0,6.833333333333333,[]
2038-12,0.0,23.958333333333332,16.291666666666664,"{""A"": 155.0, ""B"": 65.0, ""C"": 70.0, ""D"": 50.0, ""E"": 40.0}","{""A"": 12.083333333333334, ""B"": 3.3333333333333335, ""C"": 4.166666666666667, ""D"": 4.166666666666667}","[{""actual_arrival_month"": ""2039-01"", ""actual_delivery_share"": 1.0, ""availability_share"": 1.0, ""feasible_t"": 12.083333333333334, ""gross_delivery_t"": 12.083333333333334, ""order_month"": ""2038-01"", ""planned_arrival_month"": ""2039-01"", ""requested_t"": 12.083333333333334, ""shipment_id"": ""S0037"", ""source_id"": ""A"", ""source_name"": ""Earth-Core"", ""unfulfilled_request_t"": 0.0}, {""actual_arrival_month"": ""2039-02"", ""actual_delivery_share"": 1.0, ""availability_share"": 1.0, ""feasible_t"": 12.083333333333334, ""gross_delivery_t"": 12.083333333333334, ""order_month"": ""2038-02"", ""planned_arrival_month"": ""2039-02"", ""requested_t"": 12.083333333333334, ""shipment_id"": ""S0038"", ""source_id"": ""A"", ""source_name"": ""Earth-Core"", ""unfulfilled_request_t"": 0.0}, {""actual_arrival_month"": ""2039-03"", ""actual_delivery_share"": 1.0, ""availability_share"": 1.0, ""feasible_t"": 12.083333333333334, ""gross_delivery_t"": 12.083333333333334, ""order_month"": ""2038-03"", ""planned_arrival_month"": ""2039-03"", ""requested_t"": 12.083333333333334, ""shipment_id"": ""S0039"", ""source_id"": ""A"", ""source_name"": ""Earth-Core"", ""unfulfilled_request_t"": 0.0}, {""actual_arrival_month"": ""2039-04"", ""actual_delivery_share"": 1.0, ""availability_share"": 1.0, ""feasible_t"": 12.083333333333334, ""gross_delivery_t"": 12.083333333333334, ""order_month"": ""2038-04"", ""planned_arrival_month"": ""2039-04"", ""requested_t"": 12.083333333333334, ""shipment_id"": ""S0040"", ""source_id"": ""A"", ""source_name"": ""Earth-Core"", ""unfulfilled_request_t"": 0.0}, {""actual_arrival_month"": ""2039-05"", ""actual_delivery_share"": 1.0, ""availability_share"": 1.0, ""feasible_t"": 12.083333333333334, ""gross_delivery_t"": 12.083333333333334, ""order_month"": ""2038-05"", ""planned_arrival_month"": ""2039-05"", ""requested_t"": 12.083333333333334, ""shipment_id"": ""S0041"", ""source_id"": ""A"", ""source_name"": ""Earth-Core"", ""unfulfilled_request_t"": 0.0}, {""actual_arrival_month"": ""2039-06"", ""actual_delivery_share"": 1.0, ""availability_share"": 1.0, ""feasible_t"": 12.083333333333334, ""gross_delivery_t"": 12.083333333333334, ""order_month"": ""2038-06"", ""planned_arrival_month"": ""2039-06"", ""requested_t"": 12.083333333333334, ""shipment_id"": ""S0042"", ""source_id"": ""A"", ""source_name"": ""Earth-Core"", ""unfulfilled_request_t"": 0.0}, {""actual_arrival_month"": ""2039-07"", ""actual_delivery_share"": 1.0, ""availability_share"": 1.0, ""feasible_t"": 12.083333333333334, ""gross_delivery_t"": 12.083333333333334, ""order_month"": ""2038-07"", ""planned_arrival_month"": ""2039-07"", ""requested_t"": 12.083333333333334, ""shipment_id"": ""S0043"", ""source_id"": ""A"", ""source_name"": ""Earth-Core"", ""unfulfilled_request_t"": 0.0}, {""actual_arrival_month"": ""2039-08"", ""actual_delivery_share"": 1.0, ""availability_share"": 1.0, ""feasible_t"": 12.083333333333334, ""gross_delivery_t"": 12.083333333333334, ""order_month"": ""2038-08"", ""planned_arrival_month"": ""2039-08"", ""requested_t"": 12.083333333333334, ""shipment_id"": ""S0044"", ""source_id"": ""A"", ""source_name"": ""Earth-Core"", ""unfulfilled_request_t"": 0.0}, {""actual_arrival_month"": ""2039-09"", ""actual_delivery_share"": 1.0, ""availability_share"": 1.0, ""feasible_t"": 12.083333333333334, ""gross_delivery_t"": 12.083333333333334, ""order_month"": ""2038-09"", ""planned_arrival_month"": ""2039-09"", ""requested_t"": 12.083333333333334, ""shipment_id"": ""S0045"", ""source_id"": ""A"", ""source_name"": ""Earth-Core"", ""unfulfilled_request_t"": 0.0}, {""actual_arrival_month"": ""2039-10"", ""actual_delivery_share"": 1.0, ""availability_share"": 1.0, ""feasible_t"": 12.083333333333334, ""gross_delivery_t"": 12.083333333333334, ""order_month"": ""2038-10"", ""planned_arrival_month"": ""2039-10"", ""requested_t"": 12.083333333333334, ""shipment_id"": ""S0046"", ""source_id"": ""A"", ""source_name"": ""Earth-Core"", ""unfulfilled_request_t"": 0.0}, {""actual_arrival_month"": ""2039-11"", ""actual_delivery_share"": 1.0, ""availability_share"": 1.0, ""feasible_t"": 12.083333333333334, ""gross_delivery_t"": 12.083333333333334, ""order_month"": ""2038-11"", ""planned_arrival_month"": ""2039-11"", ""requested_t"": 12.083333333333334, ""shipment_id"": ""S0047"", ""source_id"": ""A"", ""source_name"": ""Earth-Core"", ""unfulfilled_request_t"": 0.0}, {""actual_arrival_month"": ""2039-12"", ""actual_delivery_share"": 1.0, ""availability_share"": 1.0, ""feasible_t"": 12.083333333333334, ""gross_delivery_t"": 12.083333333333334, ""order_month"": ""2038-12"", ""planned_arrival_month"": ""2039-12"", ""requested_t"": 12.083333333333334, ""shipment_id"": ""S0048"", ""source_id"": ""A"", ""source_name"": ""Earth-Core"", ""unfulfilled_request_t"": 0.0}, {""actual_arrival_month"": ""2039-01"", ""actual_delivery_share"": 1.0, ""availability_share"": 1.0, ""feasible_t"": 3.3333333333333335, ""gross_delivery_t"": 3.3333333333333335, ""order_month"": ""2038-09"", ""planned_arrival_month"": ""2039-01"", ""requested_t"": 3.3333333333333335, ""shipment_id"": ""S0117"", ""source_id"": ""B"", ""source_name"": ""Earth-Flex"", ""unfulfilled_request_t"": 0.0}, {""actual_arrival_month"": ""2039-02"", ""actual_delivery_share"": 1.0, ""availability_share"": 1.0, ""feasible_t"": 3.3333333333333335, ""gross_delivery_t"": 3.3333333333333335, ""order_month"": ""2038-10"", ""planned_arrival_month"": ""2039-02"", ""requested_t"": 3.3333333333333335, ""shipment_id"": ""S0118"", ""source_id"": ""B"", ""source_name"": ""Earth-Flex"", ""unfulfilled_request_t"": 0.0}, {""actual_arrival_month"": ""2039-03"", ""actual_delivery_share"": 1.0, ""availability_share"": 1.0, ""feasible_t"": 3.3333333333333335, ""gross_delivery_t"": 3.3333333333333335, ""order_month"": ""2038-11"", ""planned_arrival_month"": ""2039-03"", ""requested_t"": 3.3333333333333335, ""shipment_id"": ""S0119"", ""source_id"": ""B"", ""source_name"": ""Earth-Flex"", ""unfulfilled_request_t"": 0.0}, {""actual_arrival_month"": ""2039-04"", ""actual_delivery_share"": 1.0, ""availability_share"": 1.0, ""feasible_t"": 3.3333333333333335, ""gross_delivery_t"": 3.3333333333333335, ""order_month"": ""2038-12"", ""planned_arrival_month"": ""2039-04"", ""requested_t"": 3.3333333333333335, ""shipment_id"": ""S0120"", ""source_id"": ""B"", ""source_name"": ""Earth-Flex"", ""unfulfilled_request_t"": 0.0}, {""actual_arrival_month"": ""2039-01"", ""actual_delivery_share"": 0.75, ""availability_share"": 1.0, ""feasible_t"": 4.166666666666667, ""gross_delivery_t"": 3.125, ""order_month"": ""2038-11"", ""planned_arrival_month"": ""2039-01"", ""requested_t"": 4.166666666666667, ""shipment_id"": ""S0203"", ""source_id"": ""D"", ""source_name"": ""Lunar-ISRU"", ""unfulfilled_request_t"": 0.0}, {""actual_arrival_month"": ""2039-02"", ""actual_delivery_share"": 0.75, ""availability_share"": 1.0, ""feasible_t"": 4.166666666666667, ""gross_delivery_t"": 3.125, ""order_month"": ""2038-12"", ""planned_arrival_month"": ""2039-02"", ""requested_t"": 4.166666666666667, ""shipment_id"": ""S0204"", ""source_id"": ""D"", ""source_name"": ""Lunar-ISRU"", ""unfulfilled_request_t"": 0.0}]","{""A"": 11.666666666666666, ""B"": 3.3333333333333335, ""C"": 4.166666666666667, ""D"": 4.166666666666667}","{""A"": 11.666666666666666, ""B"": 3.3333333333333335, ""C"": 4.166666666666667, ""D"": 2.291666666666667}",21.458333333333336,0.2575,21.200833333333335,21.200833333333335,0.0,21.200833333333335,16.291666666666664,4.909166666666671,0.0,2.7574999999999967,0.0,ZBO,120.0,0.012,"[""ZBO"", ""EARTH_NEW"", ""LUNAR_ISRU""]",0.0,6.833333333333333,[]
2039-01,0.0,30.666666666666668,20.124999999999996,"{""A"": 160.0, ""B"": 70.0, ""C"": 80.0, ""D"": 90.0, ""E"": 45.0}","{""A"": 12.5, ""B"": 3.75, ""C"": 5.0, ""D"": 7.5}","[{""actual_arrival_month"": ""2039-02"", ""actual_delivery_share"": 1.0, ""availability_share"": 1.0, ""feasible_t"": 12.083333333333334, ""gross_delivery_t"": 12.083333333333334, ""order_month"": ""2038-02"", ""planned_arrival_month"": ""2039-02"", ""requested_t"": 12.083333333333334, ""shipment_id"": ""S0038"", ""source_id"": ""A"", ""source_name"": ""Earth-Core"", ""unfulfilled_request_t"": 0.0}, {""actual_arrival_month"": ""2039-03"", ""actual_delivery_share"": 1.0, ""availability_share"": 1.0, ""feasible_t"": 12.083333333333334, ""gross_delivery_t"": 12.083333333333334, ""order_month"": ""2038-03"", ""planned_arrival_month"": ""2039-03"", ""requested_t"": 12.083333333333334, ""shipment_id"": ""S0039"", ""source_id"": ""A"", ""source_name"": ""Earth-Core"", ""unfulfilled_request_t"": 0.0}, {""actual_arrival_month"": ""2039-04"", ""actual_delivery_share"": 1.0, ""availability_share"": 1.0, ""feasible_t"": 12.083333333333334, ""gross_delivery_t"": 12.083333333333334, ""order_month"": ""2038-04"", ""planned_arrival_month"": ""2039-04"", ""requested_t"": 12.083333333333334, ""shipment_id"": ""S0040"", ""source_id"": ""A"", ""source_name"": ""Earth-Core"", ""unfulfilled_request_t"": 0.0}, {""actual_arrival_month"": ""2039-05"", ""actual_delivery_share"": 1.0, ""availability_share"": 1.0, ""feasible_t"": 12.083333333333334, ""gross_delivery_t"": 12.083333333333334, ""order_month"": ""2038-05"", ""planned_arrival_month"": ""2039-05"", ""requested_t"": 12.083333333333334, ""shipment_id"": ""S0041"", ""source_id"": ""A"", ""source_name"": ""Earth-Core"", ""unfulfilled_request_t"": 0.0}, {""actual_arrival_month"": ""2039-06"", ""actual_delivery_share"": 1.0, ""availability_share"": 1.0, ""feasible_t"": 12.083333333333334, ""gross_delivery_t"": 12.083333333333334, ""order_month"": ""2038-06"", ""planned_arrival_month"": ""2039-06"", ""requested_t"": 12.083333333333334, ""shipment_id"": ""S0042"", ""source_id"": ""A"", ""source_name"": ""Earth-Core"", ""unfulfilled_request_t"": 0.0}, {""actual_arrival_month"": ""2039-07"", ""actual_delivery_share"": 1.0, ""availability_share"": 1.0, ""feasible_t"": 12.083333333333334, ""gross_delivery_t"": 12.083333333333334, ""order_month"": ""2038-07"", ""planned_arrival_month"": ""2039-07"", ""requested_t"": 12.083333333333334, ""shipment_id"": ""S0043"", ""source_id"": ""A"", ""source_name"": ""Earth-Core"", ""unfulfilled_request_t"": 0.0}, {""actual_arrival_month"": ""2039-08"", ""actual_delivery_share"": 1.0, ""availability_share"": 1.0, ""feasible_t"": 12.083333333333334, ""gross_delivery_t"": 12.083333333333334, ""order_month"": ""2038-08"", ""planned_arrival_month"": ""2039-08"", ""requested_t"": 12.083333333333334, ""shipment_id"": ""S0044"", ""source_id"": ""A"", ""source_name"": ""Earth-Core"", ""unfulfilled_request_t"": 0.0}, {""actual_arrival_month"": ""2039-09"", ""actual_delivery_share"": 1.0, ""availability_share"": 1.0, ""feasible_t"": 12.083333333333334, ""gross_delivery_t"": 12.083333333333334, ""order_month"": ""2038-09"", ""planned_arrival_month"": ""2039-09"", ""requested_t"": 12.083333333333334, ""shipment_id"": ""S0045"", ""source_id"": ""A"", ""source_name"": ""Earth-Core"", ""unfulfilled_request_t"": 0.0}, {""actual_arrival_month"": ""2039-10"", ""actual_delivery_share"": 1.0, ""availability_share"": 1.0, ""feasible_t"": 12.083333333333334, ""gross_delivery_t"": 12.083333333333334, ""order_month"": ""2038-10"", ""planned_arrival_month"": ""2039-10"", ""requested_t"": 12.083333333333334, ""shipment_id"": ""S0046"", ""source_id"": ""A"", ""source_name"": ""Earth-Core"", ""unfulfilled_request_t"": 0.0}, {""actual_arrival_month"": ""2039-11"", ""actual_delivery_share"": 1.0, ""availability_share"": 1.0, ""feasible_t"": 12.083333333333334, ""gross_delivery_t"": 12.083333333333334, ""order_month"": ""2038-11"", ""planned_arrival_month"": ""2039-11"", ""requested_t"": 12.083333333333334, ""shipment_id"": ""S0047"", ""source_id"": ""A"", ""source_name"": ""Earth-Core"", ""unfulfilled_request_t"": 0.0}, {""actual_arrival_month"": ""2039-12"", ""actual_delivery_share"": 1.0, ""availability_share"": 1.0, ""feasible_t"": 12.083333333333334, ""gross_delivery_t"": 12.083333333333334, ""order_month"": ""2038-12"", ""planned_arrival_month"": ""2039-12"", ""requested_t"": 12.083333333333334, ""shipment_id"": ""S0048"", ""source_id"": ""A"", ""source_name"": ""Earth-Core"", ""unfulfilled_request_t"": 0.0}, {""actual_arrival_month"": ""2040-01"", ""actual_delivery_share"": 1.0, ""availability_share"": 1.0, ""feasible_t"": 12.5, ""gross_delivery_t"": 12.5, ""order_month"": ""2039-01"", ""planned_arrival_month"": ""2040-01"", ""requested_t"": 12.5, ""shipment_id"": ""S0049"", ""source_id"": ""A"", ""source_name"": ""Earth-Core"", ""unfulfilled_request_t"": 0.0}, {""actual_arrival_month"": ""2039-02"", ""actual_delivery_share"": 1.0, ""availability_share"": 1.0, ""feasible_t"": 3.3333333333333335, ""gross_delivery_t"": 3.3333333333333335, ""order_month"": ""2038-10"", ""planned_arrival_month"": ""2039-02"", ""requested_t"": 3.3333333333333335, ""shipment_id"": ""S0118"", ""source_id"": ""B"", ""source_name"": ""Earth-Flex"", ""unfulfilled_request_t"": 0.0}, {""actual_arrival_month"": ""2039-03"", ""actual_delivery_share"": 1.0, ""availability_share"": 1.0, ""feasible_t"": 3.3333333333333335, ""gross_delivery_t"": 3.3333333333333335, ""order_month"": ""2038-11"", ""planned_arrival_month"": ""2039-03"", ""requested_t"": 3.3333333333333335, ""shipment_id"": ""S0119"", ""source_id"": ""B"", ""source_name"": ""Earth-Flex"", ""unfulfilled_request_t"": 0.0}, {""actual_arrival_month"": ""2039-04"", ""actual_delivery_share"": 1.0, ""availability_share"": 1.0, ""feasible_t"": 3.3333333333333335, ""gross_delivery_t"": 3.3333333333333335, ""order_month"": ""2038-12"", ""planned_arrival_month"": ""2039-04"", ""requested_t"": 3.3333333333333335, ""shipment_id"": ""S0120"", ""source_id"": ""B"", ""source_name"": ""Earth-Flex"", ""unfulfilled_request_t"": 0.0}, {""actual_arrival_month"": ""2039-05"", ""actual_delivery_share"": 1.0, ""availability_share"": 1.0, ""feasible_t"": 3.75, ""gross_delivery_t"": 3.75, ""order_month"": ""2039-01"", ""planned_arrival_month"": ""2039-05"", ""requested_t"": 3.75, ""shipment_id"": ""S0121"", ""source_id"": ""B"", ""source_name"": ""Earth-Flex"", ""unfulfilled_request_t"": 0.0}, {""actual_arrival_month"": ""2039-02"", ""actual_delivery_share"": 0.75, ""availability_share"": 1.0, ""feasible_t"": 4.166666666666667, ""gross_delivery_t"": 3.125, ""order_month"": ""2038-12"", ""planned_arrival_month"": ""2039-02"", ""requested_t"": 4.166666666666667, ""shipment_id"": ""S0204"", ""source_id"": ""D"", ""source_name"": ""Lunar-ISRU"", ""unfulfilled_request_t"": 0.0}, {""actual_arrival_month"": ""2039-03"", ""actual_delivery_share"": 0.75, ""availability_share"": 1.0, ""feasible_t"": 7.5, ""gross_delivery_t"": 5.625, ""order_month"": ""2039-01"", ""planned_arrival_month"": ""2039-03"", ""requested_t"": 7.5, ""shipment_id"": ""S0205"", ""source_id"": ""D"", ""source_name"": ""Lunar-ISRU"", ""unfulfilled_request_t"": 0.0}]","{""A"": 12.083333333333334, ""B"": 3.3333333333333335, ""C"": 5.0, ""D"": 4.166666666666667}","{""A"": 12.083333333333334, ""B"": 3.3333333333333335, ""C"": 5.0, ""D"": 3.125}",23.541666666666668,0.28250000000000003,23.25916666666667,23.25916666666667,0.0,23.25916666666667,20.124999999999996,3.1341666666666725,0.0,7.407499999999999,0.0,ZBO,120.0,0.012,"[""ZBO"", ""EARTH_NEW"", ""LUNAR_ISRU""]",0.0,6.833333333333333,"[""RESERVE_45D""]"
2039-02,0.0,30.666666666666668,20.124999999999996,"{""A"": 160.0, ""B"": 70.0, ""C"": 80.0, ""D"": 90.0, ""E"": 45.0}","{""A"": 12.5, ""B"": 3.75, ""C"": 5.0, ""D"": 7.5}","[{""actual_arrival_month"": ""2039-03"", ""actual_delivery_share"": 1.0, ""availability_share"": 1.0, ""feasible_t"": 12.083333333333334, ""gross_delivery_t"": 12.083333333333334, ""order_month"": ""2038-03"", ""planned_arrival_month"": ""2039-03"", ""requested_t"": 12.083333333333334, ""shipment_id"": ""S0039"", ""source_id"": ""A"", ""source_name"": ""Earth-Core"", ""unfulfilled_request_t"": 0.0}, {""actual_arrival_month"": ""2039-04"", ""actual_delivery_share"": 1.0, ""availability_share"": 1.0, ""feasible_t"": 12.083333333333334, ""gross_delivery_t"": 12.083333333333334, ""order_month"": ""2038-04"", ""planned_arrival_month"": ""2039-04"", ""requested_t"": 12.083333333333334, ""shipment_id"": ""S0040"", ""source_id"": ""A"", ""source_name"": ""Earth-Core"", ""unfulfilled_request_t"": 0.0}, {""actual_arrival_month"": ""2039-05"", ""actual_delivery_share"": 1.0, ""availability_share"": 1.0, ""feasible_t"": 12.083333333333334, ""gross_delivery_t"": 12.083333333333334, ""order_month"": ""2038-05"", ""planned_arrival_month"": ""2039-05"", ""requested_t"": 12.083333333333334, ""shipment_id"": ""S0041"", ""source_id"": ""A"", ""source_name"": ""Earth-Core"", ""unfulfilled_request_t"": 0.0}, {""actual_arrival_month"": ""2039-06"", ""actual_delivery_share"": 1.0, ""availability_share"": 1.0, ""feasible_t"": 12.083333333333334, ""gross_delivery_t"": 12.083333333333334, ""order_month"": ""2038-06"", ""planned_arrival_month"": ""2039-06"", ""requested_t"": 12.083333333333334, ""shipment_id"": ""S0042"", ""source_id"": ""A"", ""source_name"": ""Earth-Core"", ""unfulfilled_request_t"": 0.0}, {""actual_arrival_month"": ""2039-07"", ""actual_delivery_share"": 1.0, ""availability_share"": 1.0, ""feasible_t"": 12.083333333333334, ""gross_delivery_t"": 12.083333333333334, ""order_month"": ""2038-07"", ""planned_arrival_month"": ""2039-07"", ""requested_t"": 12.083333333333334, ""shipment_id"": ""S0043"", ""source_id"": ""A"", ""source_name"": ""Earth-Core"", ""unfulfilled_request_t"": 0.0}, {""actual_arrival_month"": ""2039-08"", ""actual_delivery_share"": 1.0, ""availability_share"": 1.0, ""feasible_t"": 12.083333333333334, ""gross_delivery_t"": 12.083333333333334, ""order_month"": ""2038-08"", ""planned_arrival_month"": ""2039-08"", ""requested_t"": 12.083333333333334, ""shipment_id"": ""S0044"", ""source_id"": ""A"", ""source_name"": ""Earth-Core"", ""unfulfilled_request_t"": 0.0}, {""actual_arrival_month"": ""2039-09"", ""actual_delivery_share"": 1.0, ""availability_share"": 1.0, ""feasible_t"": 12.083333333333334, ""gross_delivery_t"": 12.083333333333334, ""order_month"": ""2038-09"", ""planned_arrival_month"": ""2039-09"", ""requested_t"": 12.083333333333334, ""shipment_id"": ""S0045"", ""source_id"": ""A"", ""source_name"": ""Earth-Core"", ""unfulfilled_request_t"": 0.0}, {""actual_arrival_month"": ""2039-10"", ""actual_delivery_share"": 1.0, ""availability_share"": 1.0, ""feasible_t"": 12.083333333333334, ""gross_delivery_t"": 12.083333333333334, ""order_month"": ""2038-10"", ""planned_arrival_month"": ""2039-10"", ""requested_t"": 12.083333333333334, ""shipment_id"": ""S0046"", ""source_id"": ""A"", ""source_name"": ""Earth-Core"", ""unfulfilled_request_t"": 0.0}, {""actual_arrival_month"": ""2039-11"", ""actual_delivery_share"": 1.0, ""availability_share"": 1.0, ""feasible_t"": 12.083333333333334, ""gross_delivery_t"": 12.083333333333334, ""order_month"": ""2038-11"", ""planned_arrival_month"": ""2039-11"", ""requested_t"": 12.083333333333334, ""shipment_id"": ""S0047"", ""source_id"": ""A"", ""source_name"": ""Earth-Core"", ""unfulfilled_request_t"": 0.0}, {""actual_arrival_month"": ""2039-12"", ""actual_delivery_share"": 1.0, ""availability_share"": 1.0, ""feasible_t"": 12.083333333333334, ""gross_delivery_t"": 12.083333333333334, ""order_month"": ""2038-12"", ""planned_arrival_month"": ""2039-12"", ""requested_t"": 12.083333333333334, ""shipment_id"": ""S0048"", ""source_id"": ""A"", ""source_name"": ""Earth-Core"", ""unfulfilled_request_t"": 0.0}, {""actual_arrival_month"": ""2040-01"", ""actual_delivery_share"": 1.0, ""availability_share"": 1.0, ""feasible_t"": 12.5, ""gross_delivery_t"": 12.5, ""order_month"": ""2039-01"", ""planned_arrival_month"": ""2040-01"", ""requested_t"": 12.5, ""shipment_id"": ""S0049"", ""source_id"": ""A"", ""source_name"": ""Earth-Core"", ""unfulfilled_request_t"": 0.0}, {""actual_arrival_month"": ""2040-02"", ""actual_delivery_share"": 1.0, ""availability_share"": 1.0, ""feasible_t"": 12.5, ""gross_delivery_t"": 12.5, ""order_month"": ""2039-02"", ""planned_arrival_month"": ""2040-02"", ""requested_t"": 12.5, ""shipment_id"": ""S0050"", ""source_id"": ""A"", ""source_name"": ""Earth-Core"", ""unfulfilled_request_t"": 0.0}, {""actual_arrival_month"": ""2039-03"", ""actual_delivery_share"": 1.0, ""availability_share"": 1.0, ""feasible_t"": 3.3333333333333335, ""gross_delivery_t"": 3.3333333333333335, ""order_month"": ""2038-11"", ""planned_arrival_month"": ""2039-03"", ""requested_t"": 3.3333333333333335, ""shipment_id"": ""S0119"", ""source_id"": ""B"", ""source_name"": ""Earth-Flex"", ""unfulfilled_request_t"": 0.0}, {""actual_arrival_month"": ""2039-04"", ""actual_delivery_share"": 1.0, ""availability_share"": 1.0, ""feasible_t"": 3.3333333333333335, ""gross_delivery_t"": 3.3333333333333335, ""order_month"": ""2038-12"", ""planned_arrival_month"": ""2039-04"", ""requested_t"": 3.3333333333333335, ""shipment_id"": ""S0120"", ""source_id"": ""B"", ""source_name"": ""Earth-Flex"", ""unfulfilled_request_t"": 0.0}, {""actual_arrival_month"": ""2039-05"", ""actual_delivery_share"": 1.0, ""availability_share"": 1.0, ""feasible_t"": 3.75, ""gross_delivery_t"": 3.75, ""order_month"": ""2039-01"", ""planned_arrival_month"": ""2039-05"", ""requested_t"": 3.75, ""shipment_id"": ""S0121"", ""source_id"": ""B"", ""source_name"": ""Earth-Flex"", ""unfulfilled_request_t"": 0.0}, {""actual_arrival_month"": ""2039-06"", ""actual_delivery_share"": 1.0, ""availability_share"": 1.0, ""feasible_t"": 3.75, ""gross_delivery_t"": 3.75, ""order_month"": ""2039-02"", ""planned_arrival_month"": ""2039-06"", ""requested_t"": 3.75, ""shipment_id"": ""S0122"", ""source_id"": ""B"", ""source_name"": ""Earth-Flex"", ""unfulfilled_request_t"": 0.0}, {""actual_arrival_month"": ""2039-03"", ""actual_delivery_share"": 0.75, ""availability_share"": 1.0, ""feasible_t"": 7.5, ""gross_delivery_t"": 5.625, ""order_month"": ""2039-01"", ""planned_arrival_month"": ""2039-03"", ""requested_t"": 7.5, ""shipment_id"": ""S0205"", ""source_id"": ""D"", ""source_name"": ""Lunar-ISRU"", ""unfulfilled_request_t"": 0.0}, {""actual_arrival_month"": ""2039-04"", ""actual_delivery_share"": 0.75, ""availability_share"": 1.0, ""feasible_t"": 7.5, ""gross_delivery_t"": 5.625, ""order_month"": ""2039-02"", ""planned_arrival_month"": ""2039-04"", ""requested_t"": 7.5, ""shipment_id"": ""S0206"", ""source_id"": ""D"", ""source_name"": ""Lunar-ISRU"", ""unfulfilled_request_t"": 0.0}]","{""A"": 12.083333333333334, ""B"": 3.3333333333333335, ""C"": 5.0, ""D"": 4.166666666666667}","{""A"": 12.083333333333334, ""B"": 3.3333333333333335, ""C"": 5.0, ""D"": 3.125}",23.541666666666668,0.28250000000000003,23.25916666666667,23.25916666666667,0.0,23.25916666666667,20.124999999999996,3.1341666666666725,0.0,7.407499999999999,0.0,ZBO,120.0,0.012,"[""ZBO"", ""EARTH_NEW"", ""LUNAR_ISRU""]",0.0,6.833333333333333,[]
2039-03,0.0,30.666666666666668,20.124999999999996,"{""A"": 160.0, ""B"": 70.0, ""C"": 80.0, ""D"": 90.0, ""E"": 45.0}","{""A"": 12.5, ""B"": 3.75, ""C"": 5.0, ""D"": 7.5}","[{""actual_arrival_month"": ""2039-04"", ""actual_delivery_share"": 1.0, ""availability_share"": 1.0, ""feasible_t"": 12.083333333333334, ""gross_delivery_t"": 12.083333333333334, ""order_month"": ""2038-04"", ""planned_arrival_month"": ""2039-04"", ""requested_t"": 12.083333333333334, ""shipment_id"": ""S0040"", ""source_id"": ""A"", ""source_name"": ""Earth-Core"", ""unfulfilled_request_t"": 0.0}, {""actual_arrival_month"": ""2039-05"", ""actual_delivery_share"": 1.0, ""availability_share"": 1.0, ""feasible_t"": 12.083333333333334, ""gross_delivery_t"": 12.083333333333334, ""order_month"": ""2038-05"", ""planned_arrival_month"": ""2039-05"", ""requested_t"": 12.083333333333334, ""shipment_id"": ""S0041"", ""source_id"": ""A"", ""source_name"": ""Earth-Core"", ""unfulfilled_request_t"": 0.0}, {""actual_arrival_month"": ""2039-06"", ""actual_delivery_share"": 1.0, ""availability_share"": 1.0, ""feasible_t"": 12.083333333333334, ""gross_delivery_t"": 12.083333333333334, ""order_month"": ""2038-06"", ""planned_arrival_month"": ""2039-06"", ""requested_t"": 12.083333333333334, ""shipment_id"": ""S0042"", ""source_id"": ""A"", ""source_name"": ""Earth-Core"", ""unfulfilled_request_t"": 0.0}, {""actual_arrival_month"": ""2039-07"", ""actual_delivery_share"": 1.0, ""availability_share"": 1.0, ""feasible_t"": 12.083333333333334, ""gross_delivery_t"": 12.083333333333334, ""order_month"": ""2038-07"", ""planned_arrival_month"": ""2039-07"", ""requested_t"": 12.083333333333334, ""shipment_id"": ""S0043"", ""source_id"": ""A"", ""source_name"": ""Earth-Core"", ""unfulfilled_request_t"": 0.0}, {""actual_arrival_month"": ""2039-08"", ""actual_delivery_share"": 1.0, ""availability_share"": 1.0, ""feasible_t"": 12.083333333333334, ""gross_delivery_t"": 12.083333333333334, ""order_month"": ""2038-08"", ""planned_arrival_month"": ""2039-08"", ""requested_t"": 12.083333333333334, ""shipment_id"": ""S0044"", ""source_id"": ""A"", ""source_name"": ""Earth-Core"", ""unfulfilled_request_t"": 0.0}, {""actual_arrival_month"": ""2039-09"", ""actual_delivery_share"": 1.0, ""availability_share"": 1.0, ""feasible_t"": 12.083333333333334, ""gross_delivery_t"": 12.083333333333334, ""order_month"": ""2038-09"", ""planned_arrival_month"": ""2039-09"", ""requested_t"": 12.083333333333334, ""shipment_id"": ""S0045"", ""source_id"": ""A"", ""source_name"": ""Earth-Core"", ""unfulfilled_request_t"": 0.0}, {""actual_arrival_month"": ""2039-10"", ""actual_delivery_share"": 1.0, ""availability_share"": 1.0, ""feasible_t"": 12.083333333333334, ""gross_delivery_t"": 12.083333333333334, ""order_month"": ""2038-10"", ""planned_arrival_month"": ""2039-10"", ""requested_t"": 12.083333333333334, ""shipment_id"": ""S0046"", ""source_id"": ""A"", ""source_name"": ""Earth-Core"", ""unfulfilled_request_t"": 0.0}, {""actual_arrival_month"": ""2039-11"", ""actual_delivery_share"": 1.0, ""availability_share"": 1.0, ""feasible_t"": 12.083333333333334, ""gross_delivery_t"": 12.083333333333334, ""order_month"": ""2038-11"", ""planned_arrival_month"": ""2039-11"", ""requested_t"": 12.083333333333334, ""shipment_id"": ""S0047"", ""source_id"": ""A"", ""source_name"": ""Earth-Core"", ""unfulfilled_request_t"": 0.0}, {""actual_arrival_month"": ""2039-12"", ""actual_delivery_share"": 1.0, ""availability_share"": 1.0, ""feasible_t"": 12.083333333333334, ""gross_delivery_t"": 12.083333333333334, ""order_month"": ""2038-12"", ""planned_arrival_month"": ""2039-12"", ""requested_t"": 12.083333333333334, ""shipment_id"": ""S0048"", ""source_id"": ""A"", ""source_name"": ""Earth-Core"", ""unfulfilled_request_t"": 0.0}, {""actual_arrival_month"": ""2040-01"", ""actual_delivery_share"": 1.0, ""availability_share"": 1.0, ""feasible_t"": 12.5, ""gross_delivery_t"": 12.5, ""order_month"": ""2039-01"", ""planned_arrival_month"": ""2040-01"", ""requested_t"": 12.5, ""shipment_id"": ""S0049"", ""source_id"": ""A"", ""source_name"": ""Earth-Core"", ""unfulfilled_request_t"": 0.0}, {""actual_arrival_month"": ""2040-02"", ""actual_delivery_share"": 1.0, ""availability_share"": 1.0, ""feasible_t"": 12.5, ""gross_delivery_t"": 12.5, ""order_month"": ""2039-02"", ""planned_arrival_month"": ""2040-02"", ""requested_t"": 12.5, ""shipment_id"": ""S0050"", ""source_id"": ""A"", ""source_name"": ""Earth-Core"", ""unfulfilled_request_t"": 0.0}, {""actual_arrival_month"": ""2040-03"", ""actual_delivery_share"": 1.0, ""availability_share"": 1.0, ""feasible_t"": 12.5, ""gross_delivery_t"": 12.5, ""order_month"": ""2039-03"", ""planned_arrival_month"": ""2040-03"", ""requested_t"": 12.5, ""shipment_id"": ""S0051"", ""source_id"": ""A"", ""source_name"": ""Earth-Core"", ""unfulfilled_request_t"": 0.0}, {""actual_arrival_month"": ""2039-04"", ""actual_delivery_share"": 1.0, ""availability_share"": 1.0, ""feasible_t"": 3.3333333333333335, ""gross_delivery_t"": 3.3333333333333335, ""order_month"": ""2038-12"", ""planned_arrival_month"": ""2039-04"", ""requested_t"": 3.3333333333333335, ""shipment_id"": ""S0120"", ""source_id"": ""B"", ""source_name"": ""Earth-Flex"", ""unfulfilled_request_t"": 0.0}, {""actual_arrival_month"": ""2039-05"", ""actual_delivery_share"": 1.0, ""availability_share"": 1.0, ""feasible_t"": 3.75, ""gross_delivery_t"": 3.75, ""order_month"": ""2039-01"", ""planned_arrival_month"": ""2039-05"", ""requested_t"": 3.75, ""shipment_id"": ""S0121"", ""source_id"": ""B"", ""source_name"": ""Earth-Flex"", ""unfulfilled_request_t"": 0.0}, {""actual_arrival_month"": ""2039-06"", ""actual_delivery_share"": 1.0, ""availability_share"": 1.0, ""feasible_t"": 3.75, ""gross_delivery_t"": 3.75, ""order_month"": ""2039-02"", ""planned_arrival_month"": ""2039-06"", ""requested_t"": 3.75, ""shipment_id"": ""S0122"", ""source_id"": ""B"", ""source_name"": ""Earth-Flex"", ""unfulfilled_request_t"": 0.0}, {""actual_arrival_month"": ""2039-07"", ""actual_delivery_share"": 1.0, ""availability_share"": 1.0, ""feasible_t"": 3.75, ""gross_delivery_t"": 3.75, ""order_month"": ""2039-03"", ""planned_arrival_month"": ""2039-07"", ""requested_t"": 3.75, ""shipment_id"": ""S0123"", ""source_id"": ""B"", ""source_name"": ""Earth-Flex"", ""unfulfilled_request_t"": 0.0}, {""actual_arrival_month"": ""2039-04"", ""actual_delivery_share"": 0.75, ""availability_share"": 1.0, ""feasible_t"": 7.5, ""gross_delivery_t"": 5.625, ""order_month"": ""2039-02"", ""planned_arrival_month"": ""2039-04"", ""requested_t"": 7.5, ""shipment_id"": ""S0206"", ""source_id"": ""D"", ""source_name"": ""Lunar-ISRU"", ""unfulfilled_request_t"": 0.0}, {""actual_arrival_month"": ""2039-05"", ""actual_delivery_share"": 0.75, ""availability_share"": 1.0, ""feasible_t"": 7.5, ""gross_delivery_t"": 5.625, ""order_month"": ""2039-03"", ""planned_arrival_month"": ""2039-05"", ""requested_t"": 7.5, ""shipment_id"": ""S0207"", ""source_id"": ""D"", ""source_name"": ""Lunar-ISRU"", ""unfulfilled_request_t"": 0.0}]","{""A"": 12.083333333333334, ""B"": 3.3333333333333335, ""C"": 5.0, ""D"": 7.5}","{""A"": 12.083333333333334, ""B"": 3.3333333333333335, ""C"": 5.0, ""D"": 5.625}",26.041666666666668,0.3125,25.729166666666668,25.729166666666668,0.0,25.729166666666668,20.124999999999996,5.604166666666671,0.0,4.9375,0.0,ZBO,120.0,0.012,"[""ZBO"", ""EARTH_NEW"", ""LUNAR_ISRU""]",0.0,6.833333333333333,[]
2039-04,0.0,30.666666666666668,20.124999999999996,"{""A"": 160.0, ""B"": 70.0, ""C"": 80.0, ""D"": 90.0, ""E"": 45.0}","{""A"": 12.5, ""B"": 3.75, ""C"": 5.0, ""D"": 7.5}","[{""actual_arrival_month"": ""2039-05"", ""actual_delivery_share"": 1.0, ""availability_share"": 1.0, ""feasible_t"": 12.083333333333334, ""gross_delivery_t"": 12.083333333333334, ""order_month"": ""2038-05"", ""planned_arrival_month"": ""2039-05"", ""requested_t"": 12.083333333333334, ""shipment_id"": ""S0041"", ""source_id"": ""A"", ""source_name"": ""Earth-Core"", ""unfulfilled_request_t"": 0.0}, {""actual_arrival_month"": ""2039-06"", ""actual_delivery_share"": 1.0, ""availability_share"": 1.0, ""feasible_t"": 12.083333333333334, ""gross_delivery_t"": 12.083333333333334, ""order_month"": ""2038-06"", ""planned_arrival_month"": ""2039-06"", ""requested_t"": 12.083333333333334, ""shipment_id"": ""S0042"", ""source_id"": ""A"", ""source_name"": ""Earth-Core"", ""unfulfilled_request_t"": 0.0}, {""actual_arrival_month"": ""2039-07"", ""actual_delivery_share"": 1.0, ""availability_share"": 1.0, ""feasible_t"": 12.083333333333334, ""gross_delivery_t"": 12.083333333333334, ""order_month"": ""2038-07"", ""planned_arrival_month"": ""2039-07"", ""requested_t"": 12.083333333333334, ""shipment_id"": ""S0043"", ""source_id"": ""A"", ""source_name"": ""Earth-Core"", ""unfulfilled_request_t"": 0.0}, {""actual_arrival_month"": ""2039-08"", ""actual_delivery_share"": 1.0, ""availability_share"": 1.0, ""feasible_t"": 12.083333333333334, ""gross_delivery_t"": 12.083333333333334, ""order_month"": ""2038-08"", ""planned_arrival_month"": ""2039-08"", ""requested_t"": 12.083333333333334, ""shipment_id"": ""S0044"", ""source_id"": ""A"", ""source_name"": ""Earth-Core"", ""unfulfilled_request_t"": 0.0}, {""actual_arrival_month"": ""2039-09"", ""actual_delivery_share"": 1.0, ""availability_share"": 1.0, ""feasible_t"": 12.083333333333334, ""gross_delivery_t"": 12.083333333333334, ""order_month"": ""2038-09"", ""planned_arrival_month"": ""2039-09"", ""requested_t"": 12.083333333333334, ""shipment_id"": ""S0045"", ""source_id"": ""A"", ""source_name"": ""Earth-Core"", ""unfulfilled_request_t"": 0.0}, {""actual_arrival_month"": ""2039-10"", ""actual_delivery_share"": 1.0, ""availability_share"": 1.0, ""feasible_t"": 12.083333333333334, ""gross_delivery_t"": 12.083333333333334, ""order_month"": ""2038-10"", ""planned_arrival_month"": ""2039-10"", ""requested_t"": 12.083333333333334, ""shipment_id"": ""S0046"", ""source_id"": ""A"", ""source_name"": ""Earth-Core"", ""unfulfilled_request_t"": 0.0}, {""actual_arrival_month"": ""2039-11"", ""actual_delivery_share"": 1.0, ""availability_share"": 1.0, ""feasible_t"": 12.083333333333334, ""gross_delivery_t"": 12.083333333333334, ""order_month"": ""2038-11"", ""planned_arrival_month"": ""2039-11"", ""requested_t"": 12.083333333333334, ""shipment_id"": ""S0047"", ""source_id"": ""A"", ""source_name"": ""Earth-Core"", ""unfulfilled_request_t"": 0.0}, {""actual_arrival_month"": ""2039-12"", ""actual_delivery_share"": 1.0, ""availability_share"": 1.0, ""feasible_t"": 12.083333333333334, ""gross_delivery_t"": 12.083333333333334, ""order_month"": ""2038-12"", ""planned_arrival_month"": ""2039-12"", ""requested_t"": 12.083333333333334, ""shipment_id"": ""S0048"", ""source_id"": ""A"", ""source_name"": ""Earth-Core"", ""unfulfilled_request_t"": 0.0}, {""actual_arrival_month"": ""2040-01"", ""actual_delivery_share"": 1.0, ""availability_share"": 1.0, ""feasible_t"": 12.5, ""gross_delivery_t"": 12.5, ""order_month"": ""2039-01"", ""planned_arrival_month"": ""2040-01"", ""requested_t"": 12.5, ""shipment_id"": ""S0049"", ""source_id"": ""A"", ""source_name"": ""Earth-Core"", ""unfulfilled_request_t"": 0.0}, {""actual_arrival_month"": ""2040-02"", ""actual_delivery_share"": 1.0, ""availability_share"": 1.0, ""feasible_t"": 12.5, ""gross_delivery_t"": 12.5, ""order_month"": ""2039-02"", ""planned_arrival_month"": ""2040-02"", ""requested_t"": 12.5, ""shipment_id"": ""S0050"", ""source_id"": ""A"", ""source_name"": ""Earth-Core"", ""unfulfilled_request_t"": 0.0}, {""actual_arrival_month"": ""2040-03"", ""actual_delivery_share"": 1.0, ""availability_share"": 1.0, ""feasible_t"": 12.5, ""gross_delivery_t"": 12.5, ""order_month"": ""2039-03"", ""planned_arrival_month"": ""2040-03"", ""requested_t"": 12.5, ""shipment_id"": ""S0051"", ""source_id"": ""A"", ""source_name"": ""Earth-Core"", ""unfulfilled_request_t"": 0.0}, {""actual_arrival_month"": ""2040-04"", ""actual_delivery_share"": 1.0, ""availability_share"": 1.0, ""feasible_t"": 12.5, ""gross_delivery_t"": 12.5, ""order_month"": ""2039-04"", ""planned_arrival_month"": ""2040-04"", ""requested_t"": 12.5, ""shipment_id"": ""S0052"", ""source_id"": ""A"", ""source_name"": ""Earth-Core"", ""unfulfilled_request_t"": 0.0}, {""actual_arrival_month"": ""2039-05"", ""actual_delivery_share"": 1.0, ""availability_share"": 1.0, ""feasible_t"": 3.75, ""gross_delivery_t"": 3.75, ""order_month"": ""2039-01"", ""planned_arrival_month"": ""2039-05"", ""requested_t"": 3.75, ""shipment_id"": ""S0121"", ""source_id"": ""B"", ""source_name"": ""Earth-Flex"", ""unfulfilled_request_t"": 0.0}, {""actual_arrival_month"": ""2039-06"", ""actual_delivery_share"": 1.0, ""availability_share"": 1.0, ""feasible_t"": 3.75, ""gross_delivery_t"": 3.75, ""order_month"": ""2039-02"", ""planned_arrival_month"": ""2039-06"", ""requested_t"": 3.75, ""shipment_id"": ""S0122"", ""source_id"": ""B"", ""source_name"": ""Earth-Flex"", ""unfulfilled_request_t"": 0.0}, {""actual_arrival_month"": ""2039-07"", ""actual_delivery_share"": 1.0, ""availability_share"": 1.0, ""feasible_t"": 3.75, ""gross_delivery_t"": 3.75, ""order_month"": ""2039-03"", ""planned_arrival_month"": ""2039-07"", ""requested_t"": 3.75, ""shipment_id"": ""S0123"", ""source_id"": ""B"", ""source_name"": ""Earth-Flex"", ""unfulfilled_request_t"": 0.0}, {""actual_arrival_month"": ""2039-08"", ""actual_delivery_share"": 1.0, ""availability_share"": 1.0, ""feasible_t"": 3.75, ""gross_delivery_t"": 3.75, ""order_month"": ""2039-04"", ""planned_arrival_month"": ""2039-08"", ""requested_t"": 3.75, ""shipment_id"": ""S0124"", ""source_id"": ""B"", ""source_name"": ""Earth-Flex"", ""unfulfilled_request_t"": 0.0}, {""actual_arrival_month"": ""2039-05"", ""actual_delivery_share"": 0.75, ""availability_share"": 1.0, ""feasible_t"": 7.5, ""gross_delivery_t"": 5.625, ""order_month"": ""2039-03"", ""planned_arrival_month"": ""2039-05"", ""requested_t"": 7.5, ""shipment_id"": ""S0207"", ""source_id"": ""D"", ""source_name"": ""Lunar-ISRU"", ""unfulfilled_request_t"": 0.0}, {""actual_arrival_month"": ""2039-06"", ""actual_delivery_share"": 0.75, ""availability_share"": 1.0, ""feasible_t"": 7.5, ""gross_delivery_t"": 5.625, ""order_month"": ""2039-04"", ""planned_arrival_month"": ""2039-06"", ""requested_t"": 7.5, ""shipment_id"": ""S0208"", ""source_id"": ""D"", ""source_name"": ""Lunar-ISRU"", ""unfulfilled_request_t"": 0.0}]","{""A"": 12.083333333333334, ""B"": 3.3333333333333335, ""C"": 5.0, ""D"": 7.5}","{""A"": 12.083333333333334, ""B"": 3.3333333333333335, ""C"": 5.0, ""D"": 5.625}",26.041666666666668,0.3125,25.729166666666668,25.729166666666668,0.0,25.729166666666668,20.124999999999996,5.604166666666671,0.0,4.9375,0.0,ZBO,120.0,0.012,"[""ZBO"", ""EARTH_NEW"", ""LUNAR_ISRU""]",0.0,6.833333333333333,[]
2039-05,0.0,30.666666666666668,20.124999999999996,"{""A"": 160.0, ""B"": 70.0, ""C"": 80.0, ""D"": 90.0, ""E"": 45.0}","{""A"": 12.5, ""B"": 3.75, ""C"": 5.0, ""D"": 7.5}","[{""actual_arrival_month"": ""2039-06"", ""actual_delivery_share"": 1.0, ""availability_share"": 1.0, ""feasible_t"": 12.083333333333334, ""gross_delivery_t"": 12.083333333333334, ""order_month"": ""2038-06"", ""planned_arrival_month"": ""2039-06"", ""requested_t"": 12.083333333333334, ""shipment_id"": ""S0042"", ""source_id"": ""A"", ""source_name"": ""Earth-Core"", ""unfulfilled_request_t"": 0.0}, {""actual_arrival_month"": ""2039-07"", ""actual_delivery_share"": 1.0, ""availability_share"": 1.0, ""feasible_t"": 12.083333333333334, ""gross_delivery_t"": 12.083333333333334, ""order_month"": ""2038-07"", ""planned_arrival_month"": ""2039-07"", ""requested_t"": 12.083333333333334, ""shipment_id"": ""S0043"", ""source_id"": ""A"", ""source_name"": ""Earth-Core"", ""unfulfilled_request_t"": 0.0}, {""actual_arrival_month"": ""2039-08"", ""actual_delivery_share"": 1.0, ""availability_share"": 1.0, ""feasible_t"": 12.083333333333334, ""gross_delivery_t"": 12.083333333333334, ""order_month"": ""2038-08"", ""planned_arrival_month"": ""2039-08"", ""requested_t"": 12.083333333333334, ""shipment_id"": ""S0044"", ""source_id"": ""A"", ""source_name"": ""Earth-Core"", ""unfulfilled_request_t"": 0.0}, {""actual_arrival_month"": ""2039-09"", ""actual_delivery_share"": 1.0, ""availability_share"": 1.0, ""feasible_t"": 12.083333333333334, ""gross_delivery_t"": 12.083333333333334, ""order_month"": ""2038-09"", ""planned_arrival_month"": ""2039-09"", ""requested_t"": 12.083333333333334, ""shipment_id"": ""S0045"", ""source_id"": ""A"", ""source_name"": ""Earth-Core"", ""unfulfilled_request_t"": 0.0}, {""actual_arrival_month"": ""2039-10"", ""actual_delivery_share"": 1.0, ""availability_share"": 1.0, ""feasible_t"": 12.083333333333334, ""gross_delivery_t"": 12.083333333333334, ""order_month"": ""2038-10"", ""planned_arrival_month"": ""2039-10"", ""requested_t"": 12.083333333333334, ""shipment_id"": ""S0046"", ""source_id"": ""A"", ""source_name"": ""Earth-Core"", ""unfulfilled_request_t"": 0.0}, {""actual_arrival_month"": ""2039-11"", ""actual_delivery_share"": 1.0, ""availability_share"": 1.0, ""feasible_t"": 12.083333333333334, ""gross_delivery_t"": 12.083333333333334, ""order_month"": ""2038-11"", ""planned_arrival_month"": ""2039-11"", ""requested_t"": 12.083333333333334, ""shipment_id"": ""S0047"", ""source_id"": ""A"", ""source_name"": ""Earth-Core"", ""unfulfilled_request_t"": 0.0}, {""actual_arrival_month"": ""2039-12"", ""actual_delivery_share"": 1.0, ""availability_share"": 1.0, ""feasible_t"": 12.083333333333334, ""gross_delivery_t"": 12.083333333333334, ""order_month"": ""2038-12"", ""planned_arrival_month"": ""2039-12"", ""requested_t"": 12.083333333333334, ""shipment_id"": ""S0048"", ""source_id"": ""A"", ""source_name"": ""Earth-Core"", ""unfulfilled_request_t"": 0.0}, {""actual_arrival_month"": ""2040-01"", ""actual_delivery_share"": 1.0, ""availability_share"": 1.0, ""feasible_t"": 12.5, ""gross_delivery_t"": 12.5, ""order_month"": ""2039-01"", ""planned_arrival_month"": ""2040-01"", ""requested_t"": 12.5, ""shipment_id"": ""S0049"", ""source_id"": ""A"", ""source_name"": ""Earth-Core"", ""unfulfilled_request_t"": 0.0}, {""actual_arrival_month"": ""2040-02"", ""actual_delivery_share"": 1.0, ""availability_share"": 1.0, ""feasible_t"": 12.5, ""gross_delivery_t"": 12.5, ""order_month"": ""2039-02"", ""planned_arrival_month"": ""2040-02"", ""requested_t"": 12.5, ""shipment_id"": ""S0050"", ""source_id"": ""A"", ""source_name"": ""Earth-Core"", ""unfulfilled_request_t"": 0.0}, {""actual_arrival_month"": ""2040-03"", ""actual_delivery_share"": 1.0, ""availability_share"": 1.0, ""feasible_t"": 12.5, ""gross_delivery_t"": 12.5, ""order_month"": ""2039-03"", ""planned_arrival_month"": ""2040-03"", ""requested_t"": 12.5, ""shipment_id"": ""S0051"", ""source_id"": ""A"", ""source_name"": ""Earth-Core"", ""unfulfilled_request_t"": 0.0}, {""actual_arrival_month"": ""2040-04"", ""actual_delivery_share"": 1.0, ""availability_share"": 1.0, ""feasible_t"": 12.5, ""gross_delivery_t"": 12.5, ""order_month"": ""2039-04"", ""planned_arrival_month"": ""2040-04"", ""requested_t"": 12.5, ""shipment_id"": ""S0052"", ""source_id"": ""A"", ""source_name"": ""Earth-Core"", ""unfulfilled_request_t"": 0.0}, {""actual_arrival_month"": ""2040-05"", ""actual_delivery_share"": 1.0, ""availability_share"": 1.0, ""feasible_t"": 12.5, ""gross_delivery_t"": 12.5, ""order_month"": ""2039-05"", ""planned_arrival_month"": ""2040-05"", ""requested_t"": 12.5, ""shipment_id"": ""S0053"", ""source_id"": ""A"", ""source_name"": ""Earth-Core"", ""unfulfilled_request_t"": 0.0}, {""actual_arrival_month"": ""2039-06"", ""actual_delivery_share"": 1.0, ""availability_share"": 1.0, ""feasible_t"": 3.75, ""gross_delivery_t"": 3.75, ""order_month"": ""2039-02"", ""planned_arrival_month"": ""2039-06"", ""requested_t"": 3.75, ""shipment_id"": ""S0122"", ""source_id"": ""B"", ""source_name"": ""Earth-Flex"", ""unfulfilled_request_t"": 0.0}, {""actual_arrival_month"": ""2039-07"", ""actual_delivery_share"": 1.0, ""availability_share"": 1.0, ""feasible_t"": 3.75, ""gross_delivery_t"": 3.75, ""order_month"": ""2039-03"", ""planned_arrival_month"": ""2039-07"", ""requested_t"": 3.75, ""shipment_id"": ""S0123"", ""source_id"": ""B"", ""source_name"": ""Earth-Flex"", ""unfulfilled_request_t"": 0.0}, {""actual_arrival_month"": ""2039-08"", ""actual_delivery_share"": 1.0, ""availability_share"": 1.0, ""feasible_t"": 3.75, ""gross_delivery_t"": 3.75, ""order_month"": ""2039-04"", ""planned_arrival_month"": ""2039-08"", ""requested_t"": 3.75, ""shipment_id"": ""S0124"", ""source_id"": ""B"", ""source_name"": ""Earth-Flex"", ""unfulfilled_request_t"": 0.0}, {""actual_arrival_month"": ""2039-09"", ""actual_delivery_share"": 1.0, ""availability_share"": 1.0, ""feasible_t"": 3.75, ""gross_delivery_t"": 3.75, ""order_month"": ""2039-05"", ""planned_arrival_month"": ""2039-09"", ""requested_t"": 3.75, ""shipment_id"": ""S0125"", ""source_id"": ""B"", ""source_name"": ""Earth-Flex"", ""unfulfilled_request_t"": 0.0}, {""actual_arrival_month"": ""2039-06"", ""actual_delivery_share"": 0.75, ""availability_share"": 1.0, ""feasible_t"": 7.5, ""gross_delivery_t"": 5.625, ""order_month"": ""2039-04"", ""planned_arrival_month"": ""2039-06"", ""requested_t"": 7.5, ""shipment_id"": ""S0208"", ""source_id"": ""D"", ""source_name"": ""Lunar-ISRU"", ""unfulfilled_request_t"": 0.0}, {""actual_arrival_month"": ""2039-07"", ""actual_delivery_share"": 0.75, ""availability_share"": 1.0, ""feasible_t"": 7.5, ""gross_delivery_t"": 5.625, ""order_month"": ""2039-05"", ""planned_arrival_month"": ""2039-07"", ""requested_t"": 7.5, ""shipment_id"": ""S0209"", ""source_id"": ""D"", ""source_name"": ""Lunar-ISRU"", ""unfulfilled_request_t"": 0.0}]","{""A"": 12.083333333333334, ""B"": 3.75, ""C"": 5.0, ""D"": 7.5}","{""A"": 12.083333333333334, ""B"": 3.75, ""C"": 5.0, ""D"": 5.625}",26.458333333333336,0.31750000000000006,26.140833333333337,26.140833333333337,0.0,26.140833333333337,20.124999999999996,6.01583333333334,0.0,4.525833333333331,0.0,ZBO,120.0,0.012,"[""ZBO"", ""EARTH_NEW"", ""LUNAR_ISRU""]",0.0,6.833333333333333,[]
2039-06,0.0,30.666666666666668,20.124999999999996,"{""A"": 160.0, ""B"": 70.0, ""C"": 80.0, ""D"": 90.0, ""E"": 45.0}","{""A"": 12.5, ""B"": 3.75, ""C"": 5.0, ""D"": 7.5}","[{""actual_arrival_month"": ""2039-07"", ""actual_delivery_share"": 1.0, ""availability_share"": 1.0, ""feasible_t"": 12.083333333333334, ""gross_delivery_t"": 12.083333333333334, ""order_month"": ""2038-07"", ""planned_arrival_month"": ""2039-07"", ""requested_t"": 12.083333333333334, ""shipment_id"": ""S0043"", ""source_id"": ""A"", ""source_name"": ""Earth-Core"", ""unfulfilled_request_t"": 0.0}, {""actual_arrival_month"": ""2039-08"", ""actual_delivery_share"": 1.0, ""availability_share"": 1.0, ""feasible_t"": 12.083333333333334, ""gross_delivery_t"": 12.083333333333334, ""order_month"": ""2038-08"", ""planned_arrival_month"": ""2039-08"", ""requested_t"": 12.083333333333334, ""shipment_id"": ""S0044"", ""source_id"": ""A"", ""source_name"": ""Earth-Core"", ""unfulfilled_request_t"": 0.0}, {""actual_arrival_month"": ""2039-09"", ""actual_delivery_share"": 1.0, ""availability_share"": 1.0, ""feasible_t"": 12.083333333333334, ""gross_delivery_t"": 12.083333333333334, ""order_month"": ""2038-09"", ""planned_arrival_month"": ""2039-09"", ""requested_t"": 12.083333333333334, ""shipment_id"": ""S0045"", ""source_id"": ""A"", ""source_name"": ""Earth-Core"", ""unfulfilled_request_t"": 0.0}, {""actual_arrival_month"": ""2039-10"", ""actual_delivery_share"": 1.0, ""availability_share"": 1.0, ""feasible_t"": 12.083333333333334, ""gross_delivery_t"": 12.083333333333334, ""order_month"": ""2038-10"", ""planned_arrival_month"": ""2039-10"", ""requested_t"": 12.083333333333334, ""shipment_id"": ""S0046"", ""source_id"": ""A"", ""source_name"": ""Earth-Core"", ""unfulfilled_request_t"": 0.0}, {""actual_arrival_month"": ""2039-11"", ""actual_delivery_share"": 1.0, ""availability_share"": 1.0, ""feasible_t"": 12.083333333333334, ""gross_delivery_t"": 12.083333333333334, ""order_month"": ""2038-11"", ""planned_arrival_month"": ""2039-11"", ""requested_t"": 12.083333333333334, ""shipment_id"": ""S0047"", ""source_id"": ""A"", ""source_name"": ""Earth-Core"", ""unfulfilled_request_t"": 0.0}, {""actual_arrival_month"": ""2039-12"", ""actual_delivery_share"": 1.0, ""availability_share"": 1.0, ""feasible_t"": 12.083333333333334, ""gross_delivery_t"": 12.083333333333334, ""order_month"": ""2038-12"", ""planned_arrival_month"": ""2039-12"", ""requested_t"": 12.083333333333334, ""shipment_id"": ""S0048"", ""source_id"": ""A"", ""source_name"": ""Earth-Core"", ""unfulfilled_request_t"": 0.0}, {""actual_arrival_month"": ""2040-01"", ""actual_delivery_share"": 1.0, ""availability_share"": 1.0, ""feasible_t"": 12.5, ""gross_delivery_t"": 12.5, ""order_month"": ""2039-01"", ""planned_arrival_month"": ""2040-01"", ""requested_t"": 12.5, ""shipment_id"": ""S0049"", ""source_id"": ""A"", ""source_name"": ""Earth-Core"", ""unfulfilled_request_t"": 0.0}, {""actual_arrival_month"": ""2040-02"", ""actual_delivery_share"": 1.0, ""availability_share"": 1.0, ""feasible_t"": 12.5, ""gross_delivery_t"": 12.5, ""order_month"": ""2039-02"", ""planned_arrival_month"": ""2040-02"", ""requested_t"": 12.5, ""shipment_id"": ""S0050"", ""source_id"": ""A"", ""source_name"": ""Earth-Core"", ""unfulfilled_request_t"": 0.0}, {""actual_arrival_month"": ""2040-03"", ""actual_delivery_share"": 1.0, ""availability_share"": 1.0, ""feasible_t"": 12.5, ""gross_delivery_t"": 12.5, ""order_month"": ""2039-03"", ""planned_arrival_month"": ""2040-03"", ""requested_t"": 12.5, ""shipment_id"": ""S0051"", ""source_id"": ""A"", ""source_name"": ""Earth-Core"", ""unfulfilled_request_t"": 0.0}, {""actual_arrival_month"": ""2040-04"", ""actual_delivery_share"": 1.0, ""availability_share"": 1.0, ""feasible_t"": 12.5, ""gross_delivery_t"": 12.5, ""order_month"": ""2039-04"", ""planned_arrival_month"": ""2040-04"", ""requested_t"": 12.5, ""shipment_id"": ""S0052"", ""source_id"": ""A"", ""source_name"": ""Earth-Core"", ""unfulfilled_request_t"": 0.0}, {""actual_arrival_month"": ""2040-05"", ""actual_delivery_share"": 1.0, ""availability_share"": 1.0, ""feasible_t"": 12.5, ""gross_delivery_t"": 12.5, ""order_month"": ""2039-05"", ""planned_arrival_month"": ""2040-05"", ""requested_t"": 12.5, ""shipment_id"": ""S0053"", ""source_id"": ""A"", ""source_name"": ""Earth-Core"", ""unfulfilled_request_t"": 0.0}, {""actual_arrival_month"": ""2040-06"", ""actual_delivery_share"": 1.0, ""availability_share"": 1.0, ""feasible_t"": 12.5, ""gross_delivery_t"": 12.5, ""order_month"": ""2039-06"", ""planned_arrival_month"": ""2040-06"", ""requested_t"": 12.5, ""shipment_id"": ""S0054"", ""source_id"": ""A"", ""source_name"": ""Earth-Core"", ""unfulfilled_request_t"": 0.0}, {""actual_arrival_month"": ""2039-07"", ""actual_delivery_share"": 1.0, ""availability_share"": 1.0, ""feasible_t"": 3.75, ""gross_delivery_t"": 3.75, ""order_month"": ""2039-03"", ""planned_arrival_month"": ""2039-07"", ""requested_t"": 3.75, ""shipment_id"": ""S0123"", ""source_id"": ""B"", ""source_name"": ""Earth-Flex"", ""unfulfilled_request_t"": 0.0}, {""actual_arrival_month"": ""2039-08"", ""actual_delivery_share"": 1.0, ""availability_share"": 1.0, ""feasible_t"": 3.75, ""gross_delivery_t"": 3.75, ""order_month"": ""2039-04"", ""planned_arrival_month"": ""2039-08"", ""requested_t"": 3.75, ""shipment_id"": ""S0124"", ""source_id"": ""B"", ""source_name"": ""Earth-Flex"", ""unfulfilled_request_t"": 0.0}, {""actual_arrival_month"": ""2039-09"", ""actual_delivery_share"": 1.0, ""availability_share"": 1.0, ""feasible_t"": 3.75, ""gross_delivery_t"": 3.75, ""order_month"": ""2039-05"", ""planned_arrival_month"": ""2039-09"", ""requested_t"": 3.75, ""shipment_id"": ""S0125"", ""source_id"": ""B"", ""source_name"": ""Earth-Flex"", ""unfulfilled_request_t"": 0.0}, {""actual_arrival_month"": ""2039-10"", ""actual_delivery_share"": 1.0, ""availability_share"": 1.0, ""feasible_t"": 3.75, ""gross_delivery_t"": 3.75, ""order_month"": ""2039-06"", ""planned_arrival_month"": ""2039-10"", ""requested_t"": 3.75, ""shipment_id"": ""S0126"", ""source_id"": ""B"", ""source_name"": ""Earth-Flex"", ""unfulfilled_request_t"": 0.0}, {""actual_arrival_month"": ""2039-07"", ""actual_delivery_share"": 0.75, ""availability_share"": 1.0, ""feasible_t"": 7.5, ""gross_delivery_t"": 5.625, ""order_month"": ""2039-05"", ""planned_arrival_month"": ""2039-07"", ""requested_t"": 7.5, ""shipment_id"": ""S0209"", ""source_id"": ""D"", ""source_name"": ""Lunar-ISRU"", ""unfulfilled_request_t"": 0.0}, {""actual_arrival_month"": ""2039-08"", ""actual_delivery_share"": 0.75, ""availability_share"": 1.0, ""feasible_t"": 7.5, ""gross_delivery_t"": 5.625, ""order_month"": ""2039-06"", ""planned_arrival_month"": ""2039-08"", ""requested_t"": 7.5, ""shipment_id"": ""S0210"", ""source_id"": ""D"", ""source_name"": ""Lunar-ISRU"", ""unfulfilled_request_t"": 0.0}]","{""A"": 12.083333333333334, ""B"": 3.75, ""C"": 5.0, ""D"": 7.5}","{""A"": 12.083333333333334, ""B"": 3.75, ""C"": 5.0, ""D"": 5.625}",26.458333333333336,0.31750000000000006,26.140833333333337,26.140833333333337,0.0,26.140833333333337,20.124999999999996,6.01583333333334,0.0,4.525833333333331,0.0,ZBO,120.0,0.012,"[""ZBO"", ""EARTH_NEW"", ""LUNAR_ISRU""]",0.0,6.833333333333333,[]
2039-07,0.0,30.666666666666668,20.124999999999996,"{""A"": 160.0, ""B"": 70.0, ""C"": 80.0, ""D"": 90.0, ""E"": 45.0}","{""A"": 12.5, ""B"": 3.75, ""C"": 5.0, ""D"": 7.5}","[{""actual_arrival_month"": ""2039-08"", ""actual_delivery_share"": 1.0, ""availability_share"": 1.0, ""feasible_t"": 12.083333333333334, ""gross_delivery_t"": 12.083333333333334, ""order_month"": ""2038-08"", ""planned_arrival_month"": ""2039-08"", ""requested_t"": 12.083333333333334, ""shipment_id"": ""S0044"", ""source_id"": ""A"", ""source_name"": ""Earth-Core"", ""unfulfilled_request_t"": 0.0}, {""actual_arrival_month"": ""2039-09"", ""actual_delivery_share"": 1.0, ""availability_share"": 1.0, ""feasible_t"": 12.083333333333334, ""gross_delivery_t"": 12.083333333333334, ""order_month"": ""2038-09"", ""planned_arrival_month"": ""2039-09"", ""requested_t"": 12.083333333333334, ""shipment_id"": ""S0045"", ""source_id"": ""A"", ""source_name"": ""Earth-Core"", ""unfulfilled_request_t"": 0.0}, {""actual_arrival_month"": ""2039-10"", ""actual_delivery_share"": 1.0, ""availability_share"": 1.0, ""feasible_t"": 12.083333333333334, ""gross_delivery_t"": 12.083333333333334, ""order_month"": ""2038-10"", ""planned_arrival_month"": ""2039-10"", ""requested_t"": 12.083333333333334, ""shipment_id"": ""S0046"", ""source_id"": ""A"", ""source_name"": ""Earth-Core"", ""unfulfilled_request_t"": 0.0}, {""actual_arrival_month"": ""2039-11"", ""actual_delivery_share"": 1.0, ""availability_share"": 1.0, ""feasible_t"": 12.083333333333334, ""gross_delivery_t"": 12.083333333333334, ""order_month"": ""2038-11"", ""planned_arrival_month"": ""2039-11"", ""requested_t"": 12.083333333333334, ""shipment_id"": ""S0047"", ""source_id"": ""A"", ""source_name"": ""Earth-Core"", ""unfulfilled_request_t"": 0.0}, {""actual_arrival_month"": ""2039-12"", ""actual_delivery_share"": 1.0, ""availability_share"": 1.0, ""feasible_t"": 12.083333333333334, ""gross_delivery_t"": 12.083333333333334, ""order_month"": ""2038-12"", ""planned_arrival_month"": ""2039-12"", ""requested_t"": 12.083333333333334, ""shipment_id"": ""S0048"", ""source_id"": ""A"", ""source_name"": ""Earth-Core"", ""unfulfilled_request_t"": 0.0}, {""actual_arrival_month"": ""2040-01"", ""actual_delivery_share"": 1.0, ""availability_share"": 1.0, ""feasible_t"": 12.5, ""gross_delivery_t"": 12.5, ""order_month"": ""2039-01"", ""planned_arrival_month"": ""2040-01"", ""requested_t"": 12.5, ""shipment_id"": ""S0049"", ""source_id"": ""A"", ""source_name"": ""Earth-Core"", ""unfulfilled_request_t"": 0.0}, {""actual_arrival_month"": ""2040-02"", ""actual_delivery_share"": 1.0, ""availability_share"": 1.0, ""feasible_t"": 12.5, ""gross_delivery_t"": 12.5, ""order_month"": ""2039-02"", ""planned_arrival_month"": ""2040-02"", ""requested_t"": 12.5, ""shipment_id"": ""S0050"", ""source_id"": ""A"", ""source_name"": ""Earth-Core"", ""unfulfilled_request_t"": 0.0}, {""actual_arrival_month"": ""2040-03"", ""actual_delivery_share"": 1.0, ""availability_share"": 1.0, ""feasible_t"": 12.5, ""gross_delivery_t"": 12.5, ""order_month"": ""2039-03"", ""planned_arrival_month"": ""2040-03"", ""requested_t"": 12.5, ""shipment_id"": ""S0051"", ""source_id"": ""A"", ""source_name"": ""Earth-Core"", ""unfulfilled_request_t"": 0.0}, {""actual_arrival_month"": ""2040-04"", ""actual_delivery_share"": 1.0, ""availability_share"": 1.0, ""feasible_t"": 12.5, ""gross_delivery_t"": 12.5, ""order_month"": ""2039-04"", ""planned_arrival_month"": ""2040-04"", ""requested_t"": 12.5, ""shipment_id"": ""S0052"", ""source_id"": ""A"", ""source_name"": ""Earth-Core"", ""unfulfilled_request_t"": 0.0}, {""actual_arrival_month"": ""2040-05"", ""actual_delivery_share"": 1.0, ""availability_share"": 1.0, ""feasible_t"": 12.5, ""gross_delivery_t"": 12.5, ""order_month"": ""2039-05"", ""planned_arrival_month"": ""2040-05"", ""requested_t"": 12.5, ""shipment_id"": ""S0053"", ""source_id"": ""A"", ""source_name"": ""Earth-Core"", ""unfulfilled_request_t"": 0.0}, {""actual_arrival_month"": ""2040-06"", ""actual_delivery_share"": 1.0, ""availability_share"": 1.0, ""feasible_t"": 12.5, ""gross_delivery_t"": 12.5, ""order_month"": ""2039-06"", ""planned_arrival_month"": ""2040-06"", ""requested_t"": 12.5, ""shipment_id"": ""S0054"", ""source_id"": ""A"", ""source_name"": ""Earth-Core"", ""unfulfilled_request_t"": 0.0}, {""actual_arrival_month"": ""2040-07"", ""actual_delivery_share"": 1.0, ""availability_share"": 1.0, ""feasible_t"": 12.5, ""gross_delivery_t"": 12.5, ""order_month"": ""2039-07"", ""planned_arrival_month"": ""2040-07"", ""requested_t"": 12.5, ""shipment_id"": ""S0055"", ""source_id"": ""A"", ""source_name"": ""Earth-Core"", ""unfulfilled_request_t"": 0.0}, {""actual_arrival_month"": ""2039-08"", ""actual_delivery_share"": 1.0, ""availability_share"": 1.0, ""feasible_t"": 3.75, ""gross_delivery_t"": 3.75, ""order_month"": ""2039-04"", ""planned_arrival_month"": ""2039-08"", ""requested_t"": 3.75, ""shipment_id"": ""S0124"", ""source_id"": ""B"", ""source_name"": ""Earth-Flex"", ""unfulfilled_request_t"": 0.0}, {""actual_arrival_month"": ""2039-09"", ""actual_delivery_share"": 1.0, ""availability_share"": 1.0, ""feasible_t"": 3.75, ""gross_delivery_t"": 3.75, ""order_month"": ""2039-05"", ""planned_arrival_month"": ""2039-09"", ""requested_t"": 3.75, ""shipment_id"": ""S0125"", ""source_id"": ""B"", ""source_name"": ""Earth-Flex"", ""unfulfilled_request_t"": 0.0}, {""actual_arrival_month"": ""2039-10"", ""actual_delivery_share"": 1.0, ""availability_share"": 1.0, ""feasible_t"": 3.75, ""gross_delivery_t"": 3.75, ""order_month"": ""2039-06"", ""planned_arrival_month"": ""2039-10"", ""requested_t"": 3.75, ""shipment_id"": ""S0126"", ""source_id"": ""B"", ""source_name"": ""Earth-Flex"", ""unfulfilled_request_t"": 0.0}, {""actual_arrival_month"": ""2039-11"", ""actual_delivery_share"": 1.0, ""availability_share"": 1.0, ""feasible_t"": 3.75, ""gross_delivery_t"": 3.75, ""order_month"": ""2039-07"", ""planned_arrival_month"": ""2039-11"", ""requested_t"": 3.75, ""shipment_id"": ""S0127"", ""source_id"": ""B"", ""source_name"": ""Earth-Flex"", ""unfulfilled_request_t"": 0.0}, {""actual_arrival_month"": ""2039-08"", ""actual_delivery_share"": 0.75, ""availability_share"": 1.0, ""feasible_t"": 7.5, ""gross_delivery_t"": 5.625, ""order_month"": ""2039-06"", ""planned_arrival_month"": ""2039-08"", ""requested_t"": 7.5, ""shipment_id"": ""S0210"", ""source_id"": ""D"", ""source_name"": ""Lunar-ISRU"", ""unfulfilled_request_t"": 0.0}, {""actual_arrival_month"": ""2039-09"", ""actual_delivery_share"": 0.75, ""availability_share"": 1.0, ""feasible_t"": 7.5, ""gross_delivery_t"": 5.625, ""order_month"": ""2039-07"", ""planned_arrival_month"": ""2039-09"", ""requested_t"": 7.5, ""shipment_id"": ""S0211"", ""source_id"": ""D"", ""source_name"": ""Lunar-ISRU"", ""unfulfilled_request_t"": 0.0}]","{""A"": 12.083333333333334, ""B"": 3.75, ""C"": 5.0, ""D"": 7.5}","{""A"": 12.083333333333334, ""B"": 3.75, ""C"": 5.0, ""D"": 5.625}",26.458333333333336,0.31750000000000006,26.140833333333337,26.140833333333337,0.0,26.140833333333337,20.124999999999996,6.01583333333334,0.0,4.525833333333331,0.0,ZBO,120.0,0.012,"[""ZBO"", ""EARTH_NEW"", ""LUNAR_ISRU""]",0.0,6.833333333333333,[]
2039-08,0.0,30.666666666666668,20.124999999999996,"{""A"": 160.0, ""B"": 70.0, ""C"": 80.0, ""D"": 90.0, ""E"": 45.0}","{""A"": 12.5, ""B"": 3.75, ""C"": 5.0, ""D"": 7.5}","[{""actual_arrival_month"": ""2039-09"", ""actual_delivery_share"": 1.0, ""availability_share"": 1.0, ""feasible_t"": 12.083333333333334, ""gross_delivery_t"": 12.083333333333334, ""order_month"": ""2038-09"", ""planned_arrival_month"": ""2039-09"", ""requested_t"": 12.083333333333334, ""shipment_id"": ""S0045"", ""source_id"": ""A"", ""source_name"": ""Earth-Core"", ""unfulfilled_request_t"": 0.0}, {""actual_arrival_month"": ""2039-10"", ""actual_delivery_share"": 1.0, ""availability_share"": 1.0, ""feasible_t"": 12.083333333333334, ""gross_delivery_t"": 12.083333333333334, ""order_month"": ""2038-10"", ""planned_arrival_month"": ""2039-10"", ""requested_t"": 12.083333333333334, ""shipment_id"": ""S0046"", ""source_id"": ""A"", ""source_name"": ""Earth-Core"", ""unfulfilled_request_t"": 0.0}, {""actual_arrival_month"": ""2039-11"", ""actual_delivery_share"": 1.0, ""availability_share"": 1.0, ""feasible_t"": 12.083333333333334, ""gross_delivery_t"": 12.083333333333334, ""order_month"": ""2038-11"", ""planned_arrival_month"": ""2039-11"", ""requested_t"": 12.083333333333334, ""shipment_id"": ""S0047"", ""source_id"": ""A"", ""source_name"": ""Earth-Core"", ""unfulfilled_request_t"": 0.0}, {""actual_arrival_month"": ""2039-12"", ""actual_delivery_share"": 1.0, ""availability_share"": 1.0, ""feasible_t"": 12.083333333333334, ""gross_delivery_t"": 12.083333333333334, ""order_month"": ""2038-12"", ""planned_arrival_month"": ""2039-12"", ""requested_t"": 12.083333333333334, ""shipment_id"": ""S0048"", ""source_id"": ""A"", ""source_name"": ""Earth-Core"", ""unfulfilled_request_t"": 0.0}, {""actual_arrival_month"": ""2040-01"", ""actual_delivery_share"": 1.0, ""availability_share"": 1.0, ""feasible_t"": 12.5, ""gross_delivery_t"": 12.5, ""order_month"": ""2039-01"", ""planned_arrival_month"": ""2040-01"", ""requested_t"": 12.5, ""shipment_id"": ""S0049"", ""source_id"": ""A"", ""source_name"": ""Earth-Core"", ""unfulfilled_request_t"": 0.0}, {""actual_arrival_month"": ""2040-02"", ""actual_delivery_share"": 1.0, ""availability_share"": 1.0, ""feasible_t"": 12.5, ""gross_delivery_t"": 12.5, ""order_month"": ""2039-02"", ""planned_arrival_month"": ""2040-02"", ""requested_t"": 12.5, ""shipment_id"": ""S0050"", ""source_id"": ""A"", ""source_name"": ""Earth-Core"", ""unfulfilled_request_t"": 0.0}, {""actual_arrival_month"": ""2040-03"", ""actual_delivery_share"": 1.0, ""availability_share"": 1.0, ""feasible_t"": 12.5, ""gross_delivery_t"": 12.5, ""order_month"": ""2039-03"", ""planned_arrival_month"": ""2040-03"", ""requested_t"": 12.5, ""shipment_id"": ""S0051"", ""source_id"": ""A"", ""source_name"": ""Earth-Core"", ""unfulfilled_request_t"": 0.0}, {""actual_arrival_month"": ""2040-04"", ""actual_delivery_share"": 1.0, ""availability_share"": 1.0, ""feasible_t"": 12.5, ""gross_delivery_t"": 12.5, ""order_month"": ""2039-04"", ""planned_arrival_month"": ""2040-04"", ""requested_t"": 12.5, ""shipment_id"": ""S0052"", ""source_id"": ""A"", ""source_name"": ""Earth-Core"", ""unfulfilled_request_t"": 0.0}, {""actual_arrival_month"": ""2040-05"", ""actual_delivery_share"": 1.0, ""availability_share"": 1.0, ""feasible_t"": 12.5, ""gross_delivery_t"": 12.5, ""order_month"": ""2039-05"", ""planned_arrival_month"": ""2040-05"", ""requested_t"": 12.5, ""shipment_id"": ""S0053"", ""source_id"": ""A"", ""source_name"": ""Earth-Core"", ""unfulfilled_request_t"": 0.0}, {""actual_arrival_month"": ""2040-06"", ""actual_delivery_share"": 1.0, ""availability_share"": 1.0, ""feasible_t"": 12.5, ""gross_delivery_t"": 12.5, ""order_month"": ""2039-06"", ""planned_arrival_month"": ""2040-06"", ""requested_t"": 12.5, ""shipment_id"": ""S0054"", ""source_id"": ""A"", ""source_name"": ""Earth-Core"", ""unfulfilled_request_t"": 0.0}, {""actual_arrival_month"": ""2040-07"", ""actual_delivery_share"": 1.0, ""availability_share"": 1.0, ""feasible_t"": 12.5, ""gross_delivery_t"": 12.5, ""order_month"": ""2039-07"", ""planned_arrival_month"": ""2040-07"", ""requested_t"": 12.5, ""shipment_id"": ""S0055"", ""source_id"": ""A"", ""source_name"": ""Earth-Core"", ""unfulfilled_request_t"": 0.0}, {""actual_arrival_month"": ""2040-08"", ""actual_delivery_share"": 1.0, ""availability_share"": 1.0, ""feasible_t"": 12.5, ""gross_delivery_t"": 12.5, ""order_month"": ""2039-08"", ""planned_arrival_month"": ""2040-08"", ""requested_t"": 12.5, ""shipment_id"": ""S0056"", ""source_id"": ""A"", ""source_name"": ""Earth-Core"", ""unfulfilled_request_t"": 0.0}, {""actual_arrival_month"": ""2039-09"", ""actual_delivery_share"": 1.0, ""availability_share"": 1.0, ""feasible_t"": 3.75, ""gross_delivery_t"": 3.75, ""order_month"": ""2039-05"", ""planned_arrival_month"": ""2039-09"", ""requested_t"": 3.75, ""shipment_id"": ""S0125"", ""source_id"": ""B"", ""source_name"": ""Earth-Flex"", ""unfulfilled_request_t"": 0.0}, {""actual_arrival_month"": ""2039-10"", ""actual_delivery_share"": 1.0, ""availability_share"": 1.0, ""feasible_t"": 3.75, ""gross_delivery_t"": 3.75, ""order_month"": ""2039-06"", ""planned_arrival_month"": ""2039-10"", ""requested_t"": 3.75, ""shipment_id"": ""S0126"", ""source_id"": ""B"", ""source_name"": ""Earth-Flex"", ""unfulfilled_request_t"": 0.0}, {""actual_arrival_month"": ""2039-11"", ""actual_delivery_share"": 1.0, ""availability_share"": 1.0, ""feasible_t"": 3.75, ""gross_delivery_t"": 3.75, ""order_month"": ""2039-07"", ""planned_arrival_month"": ""2039-11"", ""requested_t"": 3.75, ""shipment_id"": ""S0127"", ""source_id"": ""B"", ""source_name"": ""Earth-Flex"", ""unfulfilled_request_t"": 0.0}, {""actual_arrival_month"": ""2039-12"", ""actual_delivery_share"": 1.0, ""availability_share"": 1.0, ""feasible_t"": 3.75, ""gross_delivery_t"": 3.75, ""order_month"": ""2039-08"", ""planned_arrival_month"": ""2039-12"", ""requested_t"": 3.75, ""shipment_id"": ""S0128"", ""source_id"": ""B"", ""source_name"": ""Earth-Flex"", ""unfulfilled_request_t"": 0.0}, {""actual_arrival_month"": ""2039-09"", ""actual_delivery_share"": 0.75, ""availability_share"": 1.0, ""feasible_t"": 7.5, ""gross_delivery_t"": 5.625, ""order_month"": ""2039-07"", ""planned_arrival_month"": ""2039-09"", ""requested_t"": 7.5, ""shipment_id"": ""S0211"", ""source_id"": ""D"", ""source_name"": ""Lunar-ISRU"", ""unfulfilled_request_t"": 0.0}, {""actual_arrival_month"": ""2039-10"", ""actual_delivery_share"": 0.75, ""availability_share"": 1.0, ""feasible_t"": 7.5, ""gross_delivery_t"": 5.625, ""order_month"": ""2039-08"", ""planned_arrival_month"": ""2039-10"", ""requested_t"": 7.5, ""shipment_id"": ""S0212"", ""source_id"": ""D"", ""source_name"": ""Lunar-ISRU"", ""unfulfilled_request_t"": 0.0}]","{""A"": 12.083333333333334, ""B"": 3.75, ""C"": 5.0, ""D"": 7.5}","{""A"": 12.083333333333334, ""B"": 3.75, ""C"": 5.0, ""D"": 5.625}",26.458333333333336,0.31750000000000006,26.140833333333337,26.140833333333337,0.0,26.140833333333337,20.124999999999996,6.01583333333334,0.0,4.525833333333331,0.0,ZBO,120.0,0.012,"[""ZBO"", ""EARTH_NEW"", ""LUNAR_ISRU""]",0.0,6.833333333333333,[]
2039-09,0.0,30.666666666666668,20.124999999999996,"{""A"": 160.0, ""B"": 70.0, ""C"": 80.0, ""D"": 90.0, ""E"": 45.0}","{""A"": 12.5, ""B"": 3.75, ""C"": 5.0, ""D"": 7.5}","[{""actual_arrival_month"": ""2039-10"", ""actual_delivery_share"": 1.0, ""availability_share"": 1.0, ""feasible_t"": 12.083333333333334, ""gross_delivery_t"": 12.083333333333334, ""order_month"": ""2038-10"", ""planned_arrival_month"": ""2039-10"", ""requested_t"": 12.083333333333334, ""shipment_id"": ""S0046"", ""source_id"": ""A"", ""source_name"": ""Earth-Core"", ""unfulfilled_request_t"": 0.0}, {""actual_arrival_month"": ""2039-11"", ""actual_delivery_share"": 1.0, ""availability_share"": 1.0, ""feasible_t"": 12.083333333333334, ""gross_delivery_t"": 12.083333333333334, ""order_month"": ""2038-11"", ""planned_arrival_month"": ""2039-11"", ""requested_t"": 12.083333333333334, ""shipment_id"": ""S0047"", ""source_id"": ""A"", ""source_name"": ""Earth-Core"", ""unfulfilled_request_t"": 0.0}, {""actual_arrival_month"": ""2039-12"", ""actual_delivery_share"": 1.0, ""availability_share"": 1.0, ""feasible_t"": 12.083333333333334, ""gross_delivery_t"": 12.083333333333334, ""order_month"": ""2038-12"", ""planned_arrival_month"": ""2039-12"", ""requested_t"": 12.083333333333334, ""shipment_id"": ""S0048"", ""source_id"": ""A"", ""source_name"": ""Earth-Core"", ""unfulfilled_request_t"": 0.0}, {""actual_arrival_month"": ""2040-01"", ""actual_delivery_share"": 1.0, ""availability_share"": 1.0, ""feasible_t"": 12.5, ""gross_delivery_t"": 12.5, ""order_month"": ""2039-01"", ""planned_arrival_month"": ""2040-01"", ""requested_t"": 12.5, ""shipment_id"": ""S0049"", ""source_id"": ""A"", ""source_name"": ""Earth-Core"", ""unfulfilled_request_t"": 0.0}, {""actual_arrival_month"": ""2040-02"", ""actual_delivery_share"": 1.0, ""availability_share"": 1.0, ""feasible_t"": 12.5, ""gross_delivery_t"": 12.5, ""order_month"": ""2039-02"", ""planned_arrival_month"": ""2040-02"", ""requested_t"": 12.5, ""shipment_id"": ""S0050"", ""source_id"": ""A"", ""source_name"": ""Earth-Core"", ""unfulfilled_request_t"": 0.0}, {""actual_arrival_month"": ""2040-03"", ""actual_delivery_share"": 1.0, ""availability_share"": 1.0, ""feasible_t"": 12.5, ""gross_delivery_t"": 12.5, ""order_month"": ""2039-03"", ""planned_arrival_month"": ""2040-03"", ""requested_t"": 12.5, ""shipment_id"": ""S0051"", ""source_id"": ""A"", ""source_name"": ""Earth-Core"", ""unfulfilled_request_t"": 0.0}, {""actual_arrival_month"": ""2040-04"", ""actual_delivery_share"": 1.0, ""availability_share"": 1.0, ""feasible_t"": 12.5, ""gross_delivery_t"": 12.5, ""order_month"": ""2039-04"", ""planned_arrival_month"": ""2040-04"", ""requested_t"": 12.5, ""shipment_id"": ""S0052"", ""source_id"": ""A"", ""source_name"": ""Earth-Core"", ""unfulfilled_request_t"": 0.0}, {""actual_arrival_month"": ""2040-05"", ""actual_delivery_share"": 1.0, ""availability_share"": 1.0, ""feasible_t"": 12.5, ""gross_delivery_t"": 12.5, ""order_month"": ""2039-05"", ""planned_arrival_month"": ""2040-05"", ""requested_t"": 12.5, ""shipment_id"": ""S0053"", ""source_id"": ""A"", ""source_name"": ""Earth-Core"", ""unfulfilled_request_t"": 0.0}, {""actual_arrival_month"": ""2040-06"", ""actual_delivery_share"": 1.0, ""availability_share"": 1.0, ""feasible_t"": 12.5, ""gross_delivery_t"": 12.5, ""order_month"": ""2039-06"", ""planned_arrival_month"": ""2040-06"", ""requested_t"": 12.5, ""shipment_id"": ""S0054"", ""source_id"": ""A"", ""source_name"": ""Earth-Core"", ""unfulfilled_request_t"": 0.0}, {""actual_arrival_month"": ""2040-07"", ""actual_delivery_share"": 1.0, ""availability_share"": 1.0, ""feasible_t"": 12.5, ""gross_delivery_t"": 12.5, ""order_month"": ""2039-07"", ""planned_arrival_month"": ""2040-07"", ""requested_t"": 12.5, ""shipment_id"": ""S0055"", ""source_id"": ""A"", ""source_name"": ""Earth-Core"", ""unfulfilled_request_t"": 0.0}, {""actual_arrival_month"": ""2040-08"", ""actual_delivery_share"": 1.0, ""availability_share"": 1.0, ""feasible_t"": 12.5, ""gross_delivery_t"": 12.5, ""order_month"": ""2039-08"", ""planned_arrival_month"": ""2040-08"", ""requested_t"": 12.5, ""shipment_id"": ""S0056"", ""source_id"": ""A"", ""source_name"": ""Earth-Core"", ""unfulfilled_request_t"": 0.0}, {""actual_arrival_month"": ""2040-09"", ""actual_delivery_share"": 1.0, ""availability_share"": 1.0, ""feasible_t"": 12.5, ""gross_delivery_t"": 12.5, ""order_month"": ""2039-09"", ""planned_arrival_month"": ""2040-09"", ""requested_t"": 12.5, ""shipment_id"": ""S0057"", ""source_id"": ""A"", ""source_name"": ""Earth-Core"", ""unfulfilled_request_t"": 0.0}, {""actual_arrival_month"": ""2039-10"", ""actual_delivery_share"": 1.0, ""availability_share"": 1.0, ""feasible_t"": 3.75, ""gross_delivery_t"": 3.75, ""order_month"": ""2039-06"", ""planned_arrival_month"": ""2039-10"", ""requested_t"": 3.75, ""shipment_id"": ""S0126"", ""source_id"": ""B"", ""source_name"": ""Earth-Flex"", ""unfulfilled_request_t"": 0.0}, {""actual_arrival_month"": ""2039-11"", ""actual_delivery_share"": 1.0, ""availability_share"": 1.0, ""feasible_t"": 3.75, ""gross_delivery_t"": 3.75, ""order_month"": ""2039-07"", ""planned_arrival_month"": ""2039-11"", ""requested_t"": 3.75, ""shipment_id"": ""S0127"", ""source_id"": ""B"", ""source_name"": ""Earth-Flex"", ""unfulfilled_request_t"": 0.0}, {""actual_arrival_month"": ""2039-12"", ""actual_delivery_share"": 1.0, ""availability_share"": 1.0, ""feasible_t"": 3.75, ""gross_delivery_t"": 3.75, ""order_month"": ""2039-08"", ""planned_arrival_month"": ""2039-12"", ""requested_t"": 3.75, ""shipment_id"": ""S0128"", ""source_id"": ""B"", ""source_name"": ""Earth-Flex"", ""unfulfilled_request_t"": 0.0}, {""actual_arrival_month"": ""2040-01"", ""actual_delivery_share"": 1.0, ""availability_share"": 1.0, ""feasible_t"": 3.75, ""gross_delivery_t"": 3.75, ""order_month"": ""2039-09"", ""planned_arrival_month"": ""2040-01"", ""requested_t"": 3.75, ""shipment_id"": ""S0129"", ""source_id"": ""B"", ""source_name"": ""Earth-Flex"", ""unfulfilled_request_t"": 0.0}, {""actual_arrival_month"": ""2039-10"", ""actual_delivery_share"": 0.75, ""availability_share"": 1.0, ""feasible_t"": 7.5, ""gross_delivery_t"": 5.625, ""order_month"": ""2039-08"", ""planned_arrival_month"": ""2039-10"", ""requested_t"": 7.5, ""shipment_id"": ""S0212"", ""source_id"": ""D"", ""source_name"": ""Lunar-ISRU"", ""unfulfilled_request_t"": 0.0}, {""actual_arrival_month"": ""2039-11"", ""actual_delivery_share"": 0.75, ""availability_share"": 1.0, ""feasible_t"": 7.5, ""gross_delivery_t"": 5.625, ""order_month"": ""2039-09"", ""planned_arrival_month"": ""2039-11"", ""requested_t"": 7.5, ""shipment_id"": ""S0213"", ""source_id"": ""D"", ""source_name"": ""Lunar-ISRU"", ""unfulfilled_request_t"": 0.0}]","{""A"": 12.083333333333334, ""B"": 3.75, ""C"": 5.0, ""D"": 7.5}","{""A"": 12.083333333333334, ""B"": 3.75, ""C"": 5.0, ""D"": 5.625}",26.458333333333336,0.31750000000000006,26.140833333333337,26.140833333333337,0.0,26.140833333333337,20.124999999999996,6.01583333333334,0.0,4.525833333333331,0.0,ZBO,120.0,0.012,"[""ZBO"", ""EARTH_NEW"", ""LUNAR_ISRU""]",0.0,6.833333333333333,[]
2039-10,0.0,30.666666666666668,20.124999999999996,"{""A"": 160.0, ""B"": 70.0, ""C"": 80.0, ""D"": 90.0, ""E"": 45.0}","{""A"": 12.5, ""B"": 3.75, ""C"": 5.0, ""D"": 7.5}","[{""actual_arrival_month"": ""2039-11"", ""actual_delivery_share"": 1.0, ""availability_share"": 1.0, ""feasible_t"": 12.083333333333334, ""gross_delivery_t"": 12.083333333333334, ""order_month"": ""2038-11"", ""planned_arrival_month"": ""2039-11"", ""requested_t"": 12.083333333333334, ""shipment_id"": ""S0047"", ""source_id"": ""A"", ""source_name"": ""Earth-Core"", ""unfulfilled_request_t"": 0.0}, {""actual_arrival_month"": ""2039-12"", ""actual_delivery_share"": 1.0, ""availability_share"": 1.0, ""feasible_t"": 12.083333333333334, ""gross_delivery_t"": 12.083333333333334, ""order_month"": ""2038-12"", ""planned_arrival_month"": ""2039-12"", ""requested_t"": 12.083333333333334, ""shipment_id"": ""S0048"", ""source_id"": ""A"", ""source_name"": ""Earth-Core"", ""unfulfilled_request_t"": 0.0}, {""actual_arrival_month"": ""2040-01"", ""actual_delivery_share"": 1.0, ""availability_share"": 1.0, ""feasible_t"": 12.5, ""gross_delivery_t"": 12.5, ""order_month"": ""2039-01"", ""planned_arrival_month"": ""2040-01"", ""requested_t"": 12.5, ""shipment_id"": ""S0049"", ""source_id"": ""A"", ""source_name"": ""Earth-Core"", ""unfulfilled_request_t"": 0.0}, {""actual_arrival_month"": ""2040-02"", ""actual_delivery_share"": 1.0, ""availability_share"": 1.0, ""feasible_t"": 12.5, ""gross_delivery_t"": 12.5, ""order_month"": ""2039-02"", ""planned_arrival_month"": ""2040-02"", ""requested_t"": 12.5, ""shipment_id"": ""S0050"", ""source_id"": ""A"", ""source_name"": ""Earth-Core"", ""unfulfilled_request_t"": 0.0}, {""actual_arrival_month"": ""2040-03"", ""actual_delivery_share"": 1.0, ""availability_share"": 1.0, ""feasible_t"": 12.5, ""gross_delivery_t"": 12.5, ""order_month"": ""2039-03"", ""planned_arrival_month"": ""2040-03"", ""requested_t"": 12.5, ""shipment_id"": ""S0051"", ""source_id"": ""A"", ""source_name"": ""Earth-Core"", ""unfulfilled_request_t"": 0.0}, {""actual_arrival_month"": ""2040-04"", ""actual_delivery_share"": 1.0, ""availability_share"": 1.0, ""feasible_t"": 12.5, ""gross_delivery_t"": 12.5, ""order_month"": ""2039-04"", ""planned_arrival_month"": ""2040-04"", ""requested_t"": 12.5, ""shipment_id"": ""S0052"", ""source_id"": ""A"", ""source_name"": ""Earth-Core"", ""unfulfilled_request_t"": 0.0}, {""actual_arrival_month"": ""2040-05"", ""actual_delivery_share"": 1.0, ""availability_share"": 1.0, ""feasible_t"": 12.5, ""gross_delivery_t"": 12.5, ""order_month"": ""2039-05"", ""planned_arrival_month"": ""2040-05"", ""requested_t"": 12.5, ""shipment_id"": ""S0053"", ""source_id"": ""A"", ""source_name"": ""Earth-Core"", ""unfulfilled_request_t"": 0.0}, {""actual_arrival_month"": ""2040-06"", ""actual_delivery_share"": 1.0, ""availability_share"": 1.0, ""feasible_t"": 12.5, ""gross_delivery_t"": 12.5, ""order_month"": ""2039-06"", ""planned_arrival_month"": ""2040-06"", ""requested_t"": 12.5, ""shipment_id"": ""S0054"", ""source_id"": ""A"", ""source_name"": ""Earth-Core"", ""unfulfilled_request_t"": 0.0}, {""actual_arrival_month"": ""2040-07"", ""actual_delivery_share"": 1.0, ""availability_share"": 1.0, ""feasible_t"": 12.5, ""gross_delivery_t"": 12.5, ""order_month"": ""2039-07"", ""planned_arrival_month"": ""2040-07"", ""requested_t"": 12.5, ""shipment_id"": ""S0055"", ""source_id"": ""A"", ""source_name"": ""Earth-Core"", ""unfulfilled_request_t"": 0.0}, {""actual_arrival_month"": ""2040-08"", ""actual_delivery_share"": 1.0, ""availability_share"": 1.0, ""feasible_t"": 12.5, ""gross_delivery_t"": 12.5, ""order_month"": ""2039-08"", ""planned_arrival_month"": ""2040-08"", ""requested_t"": 12.5, ""shipment_id"": ""S0056"", ""source_id"": ""A"", ""source_name"": ""Earth-Core"", ""unfulfilled_request_t"": 0.0}, {""actual_arrival_month"": ""2040-09"", ""actual_delivery_share"": 1.0, ""availability_share"": 1.0, ""feasible_t"": 12.5, ""gross_delivery_t"": 12.5, ""order_month"": ""2039-09"", ""planned_arrival_month"": ""2040-09"", ""requested_t"": 12.5, ""shipment_id"": ""S0057"", ""source_id"": ""A"", ""source_name"": ""Earth-Core"", ""unfulfilled_request_t"": 0.0}, {""actual_arrival_month"": ""2040-10"", ""actual_delivery_share"": 1.0, ""availability_share"": 1.0, ""feasible_t"": 12.5, ""gross_delivery_t"": 12.5, ""order_month"": ""2039-10"", ""planned_arrival_month"": ""2040-10"", ""requested_t"": 12.5, ""shipment_id"": ""S0058"", ""source_id"": ""A"", ""source_name"": ""Earth-Core"", ""unfulfilled_request_t"": 0.0}, {""actual_arrival_month"": ""2039-11"", ""actual_delivery_share"": 1.0, ""availability_share"": 1.0, ""feasible_t"": 3.75, ""gross_delivery_t"": 3.75, ""order_month"": ""2039-07"", ""planned_arrival_month"": ""2039-11"", ""requested_t"": 3.75, ""shipment_id"": ""S0127"", ""source_id"": ""B"", ""source_name"": ""Earth-Flex"", ""unfulfilled_request_t"": 0.0}, {""actual_arrival_month"": ""2039-12"", ""actual_delivery_share"": 1.0, ""availability_share"": 1.0, ""feasible_t"": 3.75, ""gross_delivery_t"": 3.75, ""order_month"": ""2039-08"", ""planned_arrival_month"": ""2039-12"", ""requested_t"": 3.75, ""shipment_id"": ""S0128"", ""source_id"": ""B"", ""source_name"": ""Earth-Flex"", ""unfulfilled_request_t"": 0.0}, {""actual_arrival_month"": ""2040-01"", ""actual_delivery_share"": 1.0, ""availability_share"": 1.0, ""feasible_t"": 3.75, ""gross_delivery_t"": 3.75, ""order_month"": ""2039-09"", ""planned_arrival_month"": ""2040-01"", ""requested_t"": 3.75, ""shipment_id"": ""S0129"", ""source_id"": ""B"", ""source_name"": ""Earth-Flex"", ""unfulfilled_request_t"": 0.0}, {""actual_arrival_month"": ""2040-02"", ""actual_delivery_share"": 1.0, ""availability_share"": 1.0, ""feasible_t"": 3.75, ""gross_delivery_t"": 3.75, ""order_month"": ""2039-10"", ""planned_arrival_month"": ""2040-02"", ""requested_t"": 3.75, ""shipment_id"": ""S0130"", ""source_id"": ""B"", ""source_name"": ""Earth-Flex"", ""unfulfilled_request_t"": 0.0}, {""actual_arrival_month"": ""2039-11"", ""actual_delivery_share"": 0.75, ""availability_share"": 1.0, ""feasible_t"": 7.5, ""gross_delivery_t"": 5.625, ""order_month"": ""2039-09"", ""planned_arrival_month"": ""2039-11"", ""requested_t"": 7.5, ""shipment_id"": ""S0213"", ""source_id"": ""D"", ""source_name"": ""Lunar-ISRU"", ""unfulfilled_request_t"": 0.0}, {""actual_arrival_month"": ""2039-12"", ""actual_delivery_share"": 0.75, ""availability_share"": 1.0, ""feasible_t"": 7.5, ""gross_delivery_t"": 5.625, ""order_month"": ""2039-10"", ""planned_arrival_month"": ""2039-12"", ""requested_t"": 7.5, ""shipment_id"": ""S0214"", ""source_id"": ""D"", ""source_name"": ""Lunar-ISRU"", ""unfulfilled_request_t"": 0.0}]","{""A"": 12.083333333333334, ""B"": 3.75, ""C"": 5.0, ""D"": 7.5}","{""A"": 12.083333333333334, ""B"": 3.75, ""C"": 5.0, ""D"": 5.625}",26.458333333333336,0.31750000000000006,26.140833333333337,26.140833333333337,0.0,26.140833333333337,20.124999999999996,6.01583333333334,0.0,4.525833333333331,0.0,ZBO,120.0,0.012,"[""ZBO"", ""EARTH_NEW"", ""LUNAR_ISRU""]",0.0,6.833333333333333,[]
2039-11,0.0,30.666666666666668,20.124999999999996,"{""A"": 160.0, ""B"": 70.0, ""C"": 80.0, ""D"": 90.0, ""E"": 45.0}","{""A"": 12.5, ""B"": 3.75, ""C"": 5.0, ""D"": 7.5}","[{""actual_arrival_month"": ""2039-12"", ""actual_delivery_share"": 1.0, ""availability_share"": 1.0, ""feasible_t"": 12.083333333333334, ""gross_delivery_t"": 12.083333333333334, ""order_month"": ""2038-12"", ""planned_arrival_month"": ""2039-12"", ""requested_t"": 12.083333333333334, ""shipment_id"": ""S0048"", ""source_id"": ""A"", ""source_name"": ""Earth-Core"", ""unfulfilled_request_t"": 0.0}, {""actual_arrival_month"": ""2040-01"", ""actual_delivery_share"": 1.0, ""availability_share"": 1.0, ""feasible_t"": 12.5, ""gross_delivery_t"": 12.5, ""order_month"": ""2039-01"", ""planned_arrival_month"": ""2040-01"", ""requested_t"": 12.5, ""shipment_id"": ""S0049"", ""source_id"": ""A"", ""source_name"": ""Earth-Core"", ""unfulfilled_request_t"": 0.0}, {""actual_arrival_month"": ""2040-02"", ""actual_delivery_share"": 1.0, ""availability_share"": 1.0, ""feasible_t"": 12.5, ""gross_delivery_t"": 12.5, ""order_month"": ""2039-02"", ""planned_arrival_month"": ""2040-02"", ""requested_t"": 12.5, ""shipment_id"": ""S0050"", ""source_id"": ""A"", ""source_name"": ""Earth-Core"", ""unfulfilled_request_t"": 0.0}, {""actual_arrival_month"": ""2040-03"", ""actual_delivery_share"": 1.0, ""availability_share"": 1.0, ""feasible_t"": 12.5, ""gross_delivery_t"": 12.5, ""order_month"": ""2039-03"", ""planned_arrival_month"": ""2040-03"", ""requested_t"": 12.5, ""shipment_id"": ""S0051"", ""source_id"": ""A"", ""source_name"": ""Earth-Core"", ""unfulfilled_request_t"": 0.0}, {""actual_arrival_month"": ""2040-04"", ""actual_delivery_share"": 1.0, ""availability_share"": 1.0, ""feasible_t"": 12.5, ""gross_delivery_t"": 12.5, ""order_month"": ""2039-04"", ""planned_arrival_month"": ""2040-04"", ""requested_t"": 12.5, ""shipment_id"": ""S0052"", ""source_id"": ""A"", ""source_name"": ""Earth-Core"", ""unfulfilled_request_t"": 0.0}, {""actual_arrival_month"": ""2040-05"", ""actual_delivery_share"": 1.0, ""availability_share"": 1.0, ""feasible_t"": 12.5, ""gross_delivery_t"": 12.5, ""order_month"": ""2039-05"", ""planned_arrival_month"": ""2040-05"", ""requested_t"": 12.5, ""shipment_id"": ""S0053"", ""source_id"": ""A"", ""source_name"": ""Earth-Core"", ""unfulfilled_request_t"": 0.0}, {""actual_arrival_month"": ""2040-06"", ""actual_delivery_share"": 1.0, ""availability_share"": 1.0, ""feasible_t"": 12.5, ""gross_delivery_t"": 12.5, ""order_month"": ""2039-06"", ""planned_arrival_month"": ""2040-06"", ""requested_t"": 12.5, ""shipment_id"": ""S0054"", ""source_id"": ""A"", ""source_name"": ""Earth-Core"", ""unfulfilled_request_t"": 0.0}, {""actual_arrival_month"": ""2040-07"", ""actual_delivery_share"": 1.0, ""availability_share"": 1.0, ""feasible_t"": 12.5, ""gross_delivery_t"": 12.5, ""order_month"": ""2039-07"", ""planned_arrival_month"": ""2040-07"", ""requested_t"": 12.5, ""shipment_id"": ""S0055"", ""source_id"": ""A"", ""source_name"": ""Earth-Core"", ""unfulfilled_request_t"": 0.0}, {""actual_arrival_month"": ""2040-08"", ""actual_delivery_share"": 1.0, ""availability_share"": 1.0, ""feasible_t"": 12.5, ""gross_delivery_t"": 12.5, ""order_month"": ""2039-08"", ""planned_arrival_month"": ""2040-08"", ""requested_t"": 12.5, ""shipment_id"": ""S0056"", ""source_id"": ""A"", ""source_name"": ""Earth-Core"", ""unfulfilled_request_t"": 0.0}, {""actual_arrival_month"": ""2040-09"", ""actual_delivery_share"": 1.0, ""availability_share"": 1.0, ""feasible_t"": 12.5, ""gross_delivery_t"": 12.5, ""order_month"": ""2039-09"", ""planned_arrival_month"": ""2040-09"", ""requested_t"": 12.5, ""shipment_id"": ""S0057"", ""source_id"": ""A"", ""source_name"": ""Earth-Core"", ""unfulfilled_request_t"": 0.0}, {""actual_arrival_month"": ""2040-10"", ""actual_delivery_share"": 1.0, ""availability_share"": 1.0, ""feasible_t"": 12.5, ""gross_delivery_t"": 12.5, ""order_month"": ""2039-10"", ""planned_arrival_month"": ""2040-10"", ""requested_t"": 12.5, ""shipment_id"": ""S0058"", ""source_id"": ""A"", ""source_name"": ""Earth-Core"", ""unfulfilled_request_t"": 0.0}, {""actual_arrival_month"": ""2040-11"", ""actual_delivery_share"": 1.0, ""availability_share"": 1.0, ""feasible_t"": 12.5, ""gross_delivery_t"": 12.5, ""order_month"": ""2039-11"", ""planned_arrival_month"": ""2040-11"", ""requested_t"": 12.5, ""shipment_id"": ""S0059"", ""source_id"": ""A"", ""source_name"": ""Earth-Core"", ""unfulfilled_request_t"": 0.0}, {""actual_arrival_month"": ""2039-12"", ""actual_delivery_share"": 1.0, ""availability_share"": 1.0, ""feasible_t"": 3.75, ""gross_delivery_t"": 3.75, ""order_month"": ""2039-08"", ""planned_arrival_month"": ""2039-12"", ""requested_t"": 3.75, ""shipment_id"": ""S0128"", ""source_id"": ""B"", ""source_name"": ""Earth-Flex"", ""unfulfilled_request_t"": 0.0}, {""actual_arrival_month"": ""2040-01"", ""actual_delivery_share"": 1.0, ""availability_share"": 1.0, ""feasible_t"": 3.75, ""gross_delivery_t"": 3.75, ""order_month"": ""2039-09"", ""planned_arrival_month"": ""2040-01"", ""requested_t"": 3.75, ""shipment_id"": ""S0129"", ""source_id"": ""B"", ""source_name"": ""Earth-Flex"", ""unfulfilled_request_t"": 0.0}, {""actual_arrival_month"": ""2040-02"", ""actual_delivery_share"": 1.0, ""availability_share"": 1.0, ""feasible_t"": 3.75, ""gross_delivery_t"": 3.75, ""order_month"": ""2039-10"", ""planned_arrival_month"": ""2040-02"", ""requested_t"": 3.75, ""shipment_id"": ""S0130"", ""source_id"": ""B"", ""source_name"": ""Earth-Flex"", ""unfulfilled_request_t"": 0.0}, {""actual_arrival_month"": ""2040-03"", ""actual_delivery_share"": 1.0, ""availability_share"": 1.0, ""feasible_t"": 3.75, ""gross_delivery_t"": 3.75, ""order_month"": ""2039-11"", ""planned_arrival_month"": ""2040-03"", ""requested_t"": 3.75, ""shipment_id"": ""S0131"", ""source_id"": ""B"", ""source_name"": ""Earth-Flex"", ""unfulfilled_request_t"": 0.0}, {""actual_arrival_month"": ""2039-12"", ""actual_delivery_share"": 0.75, ""availability_share"": 1.0, ""feasible_t"": 7.5, ""gross_delivery_t"": 5.625, ""order_month"": ""2039-10"", ""planned_arrival_month"": ""2039-12"", ""requested_t"": 7.5, ""shipment_id"": ""S0214"", ""source_id"": ""D"", ""source_name"": ""Lunar-ISRU"", ""unfulfilled_request_t"": 0.0}, {""actual_arrival_month"": ""2040-01"", ""actual_delivery_share"": 1.0, ""availability_share"": 1.0, ""feasible_t"": 7.5, ""gross_delivery_t"": 7.5, ""order_month"": ""2039-11"", ""planned_arrival_month"": ""2040-01"", ""requested_t"": 7.5, ""shipment_id"": ""S0215"", ""source_id"": ""D"", ""source_name"": ""Lunar-ISRU"", ""unfulfilled_request_t"": 0.0}]","{""A"": 12.083333333333334, ""B"": 3.75, ""C"": 5.0, ""D"": 7.5}","{""A"": 12.083333333333334, ""B"": 3.75, ""C"": 5.0, ""D"": 5.625}",26.458333333333336,0.31750000000000006,26.140833333333337,26.140833333333337,0.0,26.140833333333337,20.124999999999996,6.01583333333334,0.0,4.525833333333331,0.0,ZBO,120.0,0.012,"[""ZBO"", ""EARTH_NEW"", ""LUNAR_ISRU""]",0.0,6.833333333333333,[]
2039-12,0.0,30.666666666666668,20.124999999999996,"{""A"": 160.0, ""B"": 70.0, ""C"": 80.0, ""D"": 90.0, ""E"": 45.0}","{""A"": 12.5, ""B"": 3.75, ""C"": 5.0, ""D"": 7.5}","[{""actual_arrival_month"": ""2040-01"", ""actual_delivery_share"": 1.0, ""availability_share"": 1.0, ""feasible_t"": 12.5, ""gross_delivery_t"": 12.5, ""order_month"": ""2039-01"", ""planned_arrival_month"": ""2040-01"", ""requested_t"": 12.5, ""shipment_id"": ""S0049"", ""source_id"": ""A"", ""source_name"": ""Earth-Core"", ""unfulfilled_request_t"": 0.0}, {""actual_arrival_month"": ""2040-02"", ""actual_delivery_share"": 1.0, ""availability_share"": 1.0, ""feasible_t"": 12.5, ""gross_delivery_t"": 12.5, ""order_month"": ""2039-02"", ""planned_arrival_month"": ""2040-02"", ""requested_t"": 12.5, ""shipment_id"": ""S0050"", ""source_id"": ""A"", ""source_name"": ""Earth-Core"", ""unfulfilled_request_t"": 0.0}, {""actual_arrival_month"": ""2040-03"", ""actual_delivery_share"": 1.0, ""availability_share"": 1.0, ""feasible_t"": 12.5, ""gross_delivery_t"": 12.5, ""order_month"": ""2039-03"", ""planned_arrival_month"": ""2040-03"", ""requested_t"": 12.5, ""shipment_id"": ""S0051"", ""source_id"": ""A"", ""source_name"": ""Earth-Core"", ""unfulfilled_request_t"": 0.0}, {""actual_arrival_month"": ""2040-04"", ""actual_delivery_share"": 1.0, ""availability_share"": 1.0, ""feasible_t"": 12.5, ""gross_delivery_t"": 12.5, ""order_month"": ""2039-04"", ""planned_arrival_month"": ""2040-04"", ""requested_t"": 12.5, ""shipment_id"": ""S0052"", ""source_id"": ""A"", ""source_name"": ""Earth-Core"", ""unfulfilled_request_t"": 0.0}, {""actual_arrival_month"": ""2040-05"", ""actual_delivery_share"": 1.0, ""availability_share"": 1.0, ""feasible_t"": 12.5, ""gross_delivery_t"": 12.5, ""order_month"": ""2039-05"", ""planned_arrival_month"": ""2040-05"", ""requested_t"": 12.5, ""shipment_id"": ""S0053"", ""source_id"": ""A"", ""source_name"": ""Earth-Core"", ""unfulfilled_request_t"": 0.0}, {""actual_arrival_month"": ""2040-06"", ""actual_delivery_share"": 1.0, ""availability_share"": 1.0, ""feasible_t"": 12.5, ""gross_delivery_t"": 12.5, ""order_month"": ""2039-06"", ""planned_arrival_month"": ""2040-06"", ""requested_t"": 12.5, ""shipment_id"": ""S0054"", ""source_id"": ""A"", ""source_name"": ""Earth-Core"", ""unfulfilled_request_t"": 0.0}, {""actual_arrival_month"": ""2040-07"", ""actual_delivery_share"": 1.0, ""availability_share"": 1.0, ""feasible_t"": 12.5, ""gross_delivery_t"": 12.5, ""order_month"": ""2039-07"", ""planned_arrival_month"": ""2040-07"", ""requested_t"": 12.5, ""shipment_id"": ""S0055"", ""source_id"": ""A"", ""source_name"": ""Earth-Core"", ""unfulfilled_request_t"": 0.0}, {""actual_arrival_month"": ""2040-08"", ""actual_delivery_share"": 1.0, ""availability_share"": 1.0, ""feasible_t"": 12.5, ""gross_delivery_t"": 12.5, ""order_month"": ""2039-08"", ""planned_arrival_month"": ""2040-08"", ""requested_t"": 12.5, ""shipment_id"": ""S0056"", ""source_id"": ""A"", ""source_name"": ""Earth-Core"", ""unfulfilled_request_t"": 0.0}, {""actual_arrival_month"": ""2040-09"", ""actual_delivery_share"": 1.0, ""availability_share"": 1.0, ""feasible_t"": 12.5, ""gross_delivery_t"": 12.5, ""order_month"": ""2039-09"", ""planned_arrival_month"": ""2040-09"", ""requested_t"": 12.5, ""shipment_id"": ""S0057"", ""source_id"": ""A"", ""source_name"": ""Earth-Core"", ""unfulfilled_request_t"": 0.0}, {""actual_arrival_month"": ""2040-10"", ""actual_delivery_share"": 1.0, ""availability_share"": 1.0, ""feasible_t"": 12.5, ""gross_delivery_t"": 12.5, ""order_month"": ""2039-10"", ""planned_arrival_month"": ""2040-10"", ""requested_t"": 12.5, ""shipment_id"": ""S0058"", ""source_id"": ""A"", ""source_name"": ""Earth-Core"", ""unfulfilled_request_t"": 0.0}, {""actual_arrival_month"": ""2040-11"", ""actual_delivery_share"": 1.0, ""availability_share"": 1.0, ""feasible_t"": 12.5, ""gross_delivery_t"": 12.5, ""order_month"": ""2039-11"", ""planned_arrival_month"": ""2040-11"", ""requested_t"": 12.5, ""shipment_id"": ""S0059"", ""source_id"": ""A"", ""source_name"": ""Earth-Core"", ""unfulfilled_request_t"": 0.0}, {""actual_arrival_month"": ""2040-12"", ""actual_delivery_share"": 1.0, ""availability_share"": 1.0, ""feasible_t"": 12.5, ""gross_delivery_t"": 12.5, ""order_month"": ""2039-12"", ""planned_arrival_month"": ""2040-12"", ""requested_t"": 12.5, ""shipment_id"": ""S0060"", ""source_id"": ""A"", ""source_name"": ""Earth-Core"", ""unfulfilled_request_t"": 0.0}, {""actual_arrival_month"": ""2040-01"", ""actual_delivery_share"": 1.0, ""availability_share"": 1.0, ""feasible_t"": 3.75, ""gross_delivery_t"": 3.75, ""order_month"": ""2039-09"", ""planned_arrival_month"": ""2040-01"", ""requested_t"": 3.75, ""shipment_id"": ""S0129"", ""source_id"": ""B"", ""source_name"": ""Earth-Flex"", ""unfulfilled_request_t"": 0.0}, {""actual_arrival_month"": ""2040-02"", ""actual_delivery_share"": 1.0, ""availability_share"": 1.0, ""feasible_t"": 3.75, ""gross_delivery_t"": 3.75, ""order_month"": ""2039-10"", ""planned_arrival_month"": ""2040-02"", ""requested_t"": 3.75, ""shipment_id"": ""S0130"", ""source_id"": ""B"", ""source_name"": ""Earth-Flex"", ""unfulfilled_request_t"": 0.0}, {""actual_arrival_month"": ""2040-03"", ""actual_delivery_share"": 1.0, ""availability_share"": 1.0, ""feasible_t"": 3.75, ""gross_delivery_t"": 3.75, ""order_month"": ""2039-11"", ""planned_arrival_month"": ""2040-03"", ""requested_t"": 3.75, ""shipment_id"": ""S0131"", ""source_id"": ""B"", ""source_name"": ""Earth-Flex"", ""unfulfilled_request_t"": 0.0}, {""actual_arrival_month"": ""2040-04"", ""actual_delivery_share"": 1.0, ""availability_share"": 1.0, ""feasible_t"": 3.75, ""gross_delivery_t"": 3.75, ""order_month"": ""2039-12"", ""planned_arrival_month"": ""2040-04"", ""requested_t"": 3.75, ""shipment_id"": ""S0132"", ""source_id"": ""B"", ""source_name"": ""Earth-Flex"", ""unfulfilled_request_t"": 0.0}, {""actual_arrival_month"": ""2040-01"", ""actual_delivery_share"": 1.0, ""availability_share"": 1.0, ""feasible_t"": 7.5, ""gross_delivery_t"": 7.5, ""order_month"": ""2039-11"", ""planned_arrival_month"": ""2040-01"", ""requested_t"": 7.5, ""shipment_id"": ""S0215"", ""source_id"": ""D"", ""source_name"": ""Lunar-ISRU"", ""unfulfilled_request_t"": 0.0}, {""actual_arrival_month"": ""2040-02"", ""actual_delivery_share"": 1.0, ""availability_share"": 1.0, ""feasible_t"": 7.5, ""gross_delivery_t"": 7.5, ""order_month"": ""2039-12"", ""planned_arrival_month"": ""2040-02"", ""requested_t"": 7.5, ""shipment_id"": ""S0216"", ""source_id"": ""D"", ""source_name"": ""Lunar-ISRU"", ""unfulfilled_request_t"": 0.0}]","{""A"": 12.083333333333334, ""B"": 3.75, ""C"": 5.0, ""D"": 7.5}","{""A"": 12.083333333333334, ""B"": 3.75, ""C"": 5.0, ""D"": 5.625}",26.458333333333336,0.31750000000000006,26.140833333333337,26.140833333333337,0.0,26.140833333333337,20.124999999999996,6.01583333333334,0.0,4.525833333333331,0.0,ZBO,120.0,0.012,"[""ZBO"", ""EARTH_NEW"", ""LUNAR_ISRU""]",0.0,6.833333333333333,[]
2040-01,0.0,37.37499999999999,23.958333333333332,"{""A"": 165.0, ""B"": 75.0, ""C"": 90.0, ""D"": 120.0, ""E"": 50.0}","{""A"": 12.916666666666666, ""B"": 4.166666666666667, ""C"": 5.833333333333333, ""D"": 10.0}","[{""actual_arrival_month"": ""2040-02"", ""actual_delivery_share"": 1.0, ""availability_share"": 1.0, ""feasible_t"": 12.5, ""gross_delivery_t"": 12.5, ""order_month"": ""2039-02"", ""planned_arrival_month"": ""2040-02"", ""requested_t"": 12.5, ""shipment_id"": ""S0050"", ""source_id"": ""A"", ""source_name"": ""Earth-Core"", ""unfulfilled_request_t"": 0.0}, {""actual_arrival_month"": ""2040-03"", ""actual_delivery_share"": 1.0, ""availability_share"": 1.0, ""feasible_t"": 12.5, ""gross_delivery_t"": 12.5, ""order_month"": ""2039-03"", ""planned_arrival_month"": ""2040-03"", ""requested_t"": 12.5, ""shipment_id"": ""S0051"", ""source_id"": ""A"", ""source_name"": ""Earth-Core"", ""unfulfilled_request_t"": 0.0}, {""actual_arrival_month"": ""2040-04"", ""actual_delivery_share"": 1.0, ""availability_share"": 1.0, ""feasible_t"": 12.5, ""gross_delivery_t"": 12.5, ""order_month"": ""2039-04"", ""planned_arrival_month"": ""2040-04"", ""requested_t"": 12.5, ""shipment_id"": ""S0052"", ""source_id"": ""A"", ""source_name"": ""Earth-Core"", ""unfulfilled_request_t"": 0.0}, {""actual_arrival_month"": ""2040-05"", ""actual_delivery_share"": 1.0, ""availability_share"": 1.0, ""feasible_t"": 12.5, ""gross_delivery_t"": 12.5, ""order_month"": ""2039-05"", ""planned_arrival_month"": ""2040-05"", ""requested_t"": 12.5, ""shipment_id"": ""S0053"", ""source_id"": ""A"", ""source_name"": ""Earth-Core"", ""unfulfilled_request_t"": 0.0}, {""actual_arrival_month"": ""2040-06"", ""actual_delivery_share"": 1.0, ""availability_share"": 1.0, ""feasible_t"": 12.5, ""gross_delivery_t"": 12.5, ""order_month"": ""2039-06"", ""planned_arrival_month"": ""2040-06"", ""requested_t"": 12.5, ""shipment_id"": ""S0054"", ""source_id"": ""A"", ""source_name"": ""Earth-Core"", ""unfulfilled_request_t"": 0.0}, {""actual_arrival_month"": ""2040-07"", ""actual_delivery_share"": 1.0, ""availability_share"": 1.0, ""feasible_t"": 12.5, ""gross_delivery_t"": 12.5, ""order_month"": ""2039-07"", ""planned_arrival_month"": ""2040-07"", ""requested_t"": 12.5, ""shipment_id"": ""S0055"", ""source_id"": ""A"", ""source_name"": ""Earth-Core"", ""unfulfilled_request_t"": 0.0}, {""actual_arrival_month"": ""2040-08"", ""actual_delivery_share"": 1.0, ""availability_share"": 1.0, ""feasible_t"": 12.5, ""gross_delivery_t"": 12.5, ""order_month"": ""2039-08"", ""planned_arrival_month"": ""2040-08"", ""requested_t"": 12.5, ""shipment_id"": ""S0056"", ""source_id"": ""A"", ""source_name"": ""Earth-Core"", ""unfulfilled_request_t"": 0.0}, {""actual_arrival_month"": ""2040-09"", ""actual_delivery_share"": 1.0, ""availability_share"": 1.0, ""feasible_t"": 12.5, ""gross_delivery_t"": 12.5, ""order_month"": ""2039-09"", ""planned_arrival_month"": ""2040-09"", ""requested_t"": 12.5, ""shipment_id"": ""S0057"", ""source_id"": ""A"", ""source_name"": ""Earth-Core"", ""unfulfilled_request_t"": 0.0}, {""actual_arrival_month"": ""2040-10"", ""actual_delivery_share"": 1.0, ""availability_share"": 1.0, ""feasible_t"": 12.5, ""gross_delivery_t"": 12.5, ""order_month"": ""2039-10"", ""planned_arrival_month"": ""2040-10"", ""requested_t"": 12.5, ""shipment_id"": ""S0058"", ""source_id"": ""A"", ""source_name"": ""Earth-Core"", ""unfulfilled_request_t"": 0.0}, {""actual_arrival_month"": ""2040-11"", ""actual_delivery_share"": 1.0, ""availability_share"": 1.0, ""feasible_t"": 12.5, ""gross_delivery_t"": 12.5, ""order_month"": ""2039-11"", ""planned_arrival_month"": ""2040-11"", ""requested_t"": 12.5, ""shipment_id"": ""S0059"", ""source_id"": ""A"", ""source_name"": ""Earth-Core"", ""unfulfilled_request_t"": 0.0}, {""actual_arrival_month"": ""2040-12"", ""actual_delivery_share"": 1.0, ""availability_share"": 1.0, ""feasible_t"": 12.5, ""gross_delivery_t"": 12.5, ""order_month"": ""2039-12"", ""planned_arrival_month"": ""2040-12"", ""requested_t"": 12.5, ""shipment_id"": ""S0060"", ""source_id"": ""A"", ""source_name"": ""Earth-Core"", ""unfulfilled_request_t"": 0.0}, {""actual_arrival_month"": ""2041-01"", ""actual_delivery_share"": 1.0, ""availability_share"": 1.0, ""feasible_t"": 12.916666666666666, ""gross_delivery_t"": 12.916666666666666, ""order_month"": ""2040-01"", ""planned_arrival_month"": ""2041-01"", ""requested_t"": 12.916666666666666, ""shipment_id"": ""S0061"", ""source_id"": ""A"", ""source_name"": ""Earth-Core"", ""unfulfilled_request_t"": 0.0}, {""actual_arrival_month"": ""2040-02"", ""actual_delivery_share"": 1.0, ""availability_share"": 1.0, ""feasible_t"": 3.75, ""gross_delivery_t"": 3.75, ""order_month"": ""2039-10"", ""planned_arrival_month"": ""2040-02"", ""requested_t"": 3.75, ""shipment_id"": ""S0130"", ""source_id"": ""B"", ""source_name"": ""Earth-Flex"", ""unfulfilled_request_t"": 0.0}, {""actual_arrival_month"": ""2040-03"", ""actual_delivery_share"": 1.0, ""availability_share"": 1.0, ""feasible_t"": 3.75, ""gross_delivery_t"": 3.75, ""order_month"": ""2039-11"", ""planned_arrival_month"": ""2040-03"", ""requested_t"": 3.75, ""shipment_id"": ""S0131"", ""source_id"": ""B"", ""source_name"": ""Earth-Flex"", ""unfulfilled_request_t"": 0.0}, {""actual_arrival_month"": ""2040-04"", ""actual_delivery_share"": 1.0, ""availability_share"": 1.0, ""feasible_t"": 3.75, ""gross_delivery_t"": 3.75, ""order_month"": ""2039-12"", ""planned_arrival_month"": ""2040-04"", ""requested_t"": 3.75, ""shipment_id"": ""S0132"", ""source_id"": ""B"", ""source_name"": ""Earth-Flex"", ""unfulfilled_request_t"": 0.0}, {""actual_arrival_month"": ""2040-05"", ""actual_delivery_share"": 1.0, ""availability_share"": 1.0, ""feasible_t"": 4.166666666666667, ""gross_delivery_t"": 4.166666666666667, ""order_month"": ""2040-01"", ""planned_arrival_month"": ""2040-05"", ""requested_t"": 4.166666666666667, ""shipment_id"": ""S0133"", ""source_id"": ""B"", ""source_name"": ""Earth-Flex"", ""unfulfilled_request_t"": 0.0}, {""actual_arrival_month"": ""2040-02"", ""actual_delivery_share"": 1.0, ""availability_share"": 1.0, ""feasible_t"": 7.5, ""gross_delivery_t"": 7.5, ""order_month"": ""2039-12"", ""planned_arrival_month"": ""2040-02"", ""requested_t"": 7.5, ""shipment_id"": ""S0216"", ""source_id"": ""D"", ""source_name"": ""Lunar-ISRU"", ""unfulfilled_request_t"": 0.0}, {""actual_arrival_month"": ""2040-03"", ""actual_delivery_share"": 1.0, ""availability_share"": 1.0, ""feasible_t"": 10.0, ""gross_delivery_t"": 10.0, ""order_month"": ""2040-01"", ""planned_arrival_month"": ""2040-03"", ""requested_t"": 10.0, ""shipment_id"": ""S0217"", ""source_id"": ""D"", ""source_name"": ""Lunar-ISRU"", ""unfulfilled_request_t"": 0.0}]","{""A"": 12.5, ""B"": 3.75, ""C"": 5.833333333333333, ""D"": 7.5}","{""A"": 12.5, ""B"": 3.75, ""C"": 5.833333333333333, ""D"": 7.5}",29.583333333333332,0.355,29.22833333333333,29.22833333333333,0.0,29.22833333333333,23.958333333333332,5.27,0.0,8.146666666666661,0.0,ZBO,120.0,0.012,"[""ZBO"", ""EARTH_NEW"", ""LUNAR_ISRU""]",0.0,6.833333333333333,"[""RESERVE_45D""]"
2040-02,0.0,37.37499999999999,23.958333333333332,"{""A"": 165.0, ""B"": 75.0, ""C"": 90.0, ""D"": 120.0, ""E"": 50.0}","{""A"": 12.916666666666666, ""B"": 4.166666666666667, ""C"": 5.833333333333333, ""D"": 10.0}","[{""actual_arrival_month"": ""2040-03"", ""actual_delivery_share"": 1.0, ""availability_share"": 1.0, ""feasible_t"": 12.5, ""gross_delivery_t"": 12.5, ""order_month"": ""2039-03"", ""planned_arrival_month"": ""2040-03"", ""requested_t"": 12.5, ""shipment_id"": ""S0051"", ""source_id"": ""A"", ""source_name"": ""Earth-Core"", ""unfulfilled_request_t"": 0.0}, {""actual_arrival_month"": ""2040-04"", ""actual_delivery_share"": 1.0, ""availability_share"": 1.0, ""feasible_t"": 12.5, ""gross_delivery_t"": 12.5, ""order_month"": ""2039-04"", ""planned_arrival_month"": ""2040-04"", ""requested_t"": 12.5, ""shipment_id"": ""S0052"", ""source_id"": ""A"", ""source_name"": ""Earth-Core"", ""unfulfilled_request_t"": 0.0}, {""actual_arrival_month"": ""2040-05"", ""actual_delivery_share"": 1.0, ""availability_share"": 1.0, ""feasible_t"": 12.5, ""gross_delivery_t"": 12.5, ""order_month"": ""2039-05"", ""planned_arrival_month"": ""2040-05"", ""requested_t"": 12.5, ""shipment_id"": ""S0053"", ""source_id"": ""A"", ""source_name"": ""Earth-Core"", ""unfulfilled_request_t"": 0.0}, {""actual_arrival_month"": ""2040-06"", ""actual_delivery_share"": 1.0, ""availability_share"": 1.0, ""feasible_t"": 12.5, ""gross_delivery_t"": 12.5, ""order_month"": ""2039-06"", ""planned_arrival_month"": ""2040-06"", ""requested_t"": 12.5, ""shipment_id"": ""S0054"", ""source_id"": ""A"", ""source_name"": ""Earth-Core"", ""unfulfilled_request_t"": 0.0}, {""actual_arrival_month"": ""2040-07"", ""actual_delivery_share"": 1.0, ""availability_share"": 1.0, ""feasible_t"": 12.5, ""gross_delivery_t"": 12.5, ""order_month"": ""2039-07"", ""planned_arrival_month"": ""2040-07"", ""requested_t"": 12.5, ""shipment_id"": ""S0055"", ""source_id"": ""A"", ""source_name"": ""Earth-Core"", ""unfulfilled_request_t"": 0.0}, {""actual_arrival_month"": ""2040-08"", ""actual_delivery_share"": 1.0, ""availability_share"": 1.0, ""feasible_t"": 12.5, ""gross_delivery_t"": 12.5, ""order_month"": ""2039-08"", ""planned_arrival_month"": ""2040-08"", ""requested_t"": 12.5, ""shipment_id"": ""S0056"", ""source_id"": ""A"", ""source_name"": ""Earth-Core"", ""unfulfilled_request_t"": 0.0}, {""actual_arrival_month"": ""2040-09"", ""actual_delivery_share"": 1.0, ""availability_share"": 1.0, ""feasible_t"": 12.5, ""gross_delivery_t"": 12.5, ""order_month"": ""2039-09"", ""planned_arrival_month"": ""2040-09"", ""requested_t"": 12.5, ""shipment_id"": ""S0057"", ""source_id"": ""A"", ""source_name"": ""Earth-Core"", ""unfulfilled_request_t"": 0.0}, {""actual_arrival_month"": ""2040-10"", ""actual_delivery_share"": 1.0, ""availability_share"": 1.0, ""feasible_t"": 12.5, ""gross_delivery_t"": 12.5, ""order_month"": ""2039-10"", ""planned_arrival_month"": ""2040-10"", ""requested_t"": 12.5, ""shipment_id"": ""S0058"", ""source_id"": ""A"", ""source_name"": ""Earth-Core"", ""unfulfilled_request_t"": 0.0}, {""actual_arrival_month"": ""2040-11"", ""actual_delivery_share"": 1.0, ""availability_share"": 1.0, ""feasible_t"": 12.5, ""gross_delivery_t"": 12.5, ""order_month"": ""2039-11"", ""planned_arrival_month"": ""2040-11"", ""requested_t"": 12.5, ""shipment_id"": ""S0059"", ""source_id"": ""A"", ""source_name"": ""Earth-Core"", ""unfulfilled_request_t"": 0.0}, {""actual_arrival_month"": ""2040-12"", ""actual_delivery_share"": 1.0, ""availability_share"": 1.0, ""feasible_t"": 12.5, ""gross_delivery_t"": 12.5, ""order_month"": ""2039-12"", ""planned_arrival_month"": ""2040-12"", ""requested_t"": 12.5, ""shipment_id"": ""S0060"", ""source_id"": ""A"", ""source_name"": ""Earth-Core"", ""unfulfilled_request_t"": 0.0}, {""actual_arrival_month"": ""2041-01"", ""actual_delivery_share"": 1.0, ""availability_share"": 1.0, ""feasible_t"": 12.916666666666666, ""gross_delivery_t"": 12.916666666666666, ""order_month"": ""2040-01"", ""planned_arrival_month"": ""2041-01"", ""requested_t"": 12.916666666666666, ""shipment_id"": ""S0061"", ""source_id"": ""A"", ""source_name"": ""Earth-Core"", ""unfulfilled_request_t"": 0.0}, {""actual_arrival_month"": ""2041-02"", ""actual_delivery_share"": 1.0, ""availability_share"": 1.0, ""feasible_t"": 12.916666666666666, ""gross_delivery_t"": 12.916666666666666, ""order_month"": ""2040-02"", ""planned_arrival_month"": ""2041-02"", ""requested_t"": 12.916666666666666, ""shipment_id"": ""S0062"", ""source_id"": ""A"", ""source_name"": ""Earth-Core"", ""unfulfilled_request_t"": 0.0}, {""actual_arrival_month"": ""2040-03"", ""actual_delivery_share"": 1.0, ""availability_share"": 1.0, ""feasible_t"": 3.75, ""gross_delivery_t"": 3.75, ""order_month"": ""2039-11"", ""planned_arrival_month"": ""2040-03"", ""requested_t"": 3.75, ""shipment_id"": ""S0131"", ""source_id"": ""B"", ""source_name"": ""Earth-Flex"", ""unfulfilled_request_t"": 0.0}, {""actual_arrival_month"": ""2040-04"", ""actual_delivery_share"": 1.0, ""availability_share"": 1.0, ""feasible_t"": 3.75, ""gross_delivery_t"": 3.75, ""order_month"": ""2039-12"", ""planned_arrival_month"": ""2040-04"", ""requested_t"": 3.75, ""shipment_id"": ""S0132"", ""source_id"": ""B"", ""source_name"": ""Earth-Flex"", ""unfulfilled_request_t"": 0.0}, {""actual_arrival_month"": ""2040-05"", ""actual_delivery_share"": 1.0, ""availability_share"": 1.0, ""feasible_t"": 4.166666666666667, ""gross_delivery_t"": 4.166666666666667, ""order_month"": ""2040-01"", ""planned_arrival_month"": ""2040-05"", ""requested_t"": 4.166666666666667, ""shipment_id"": ""S0133"", ""source_id"": ""B"", ""source_name"": ""Earth-Flex"", ""unfulfilled_request_t"": 0.0}, {""actual_arrival_month"": ""2040-06"", ""actual_delivery_share"": 1.0, ""availability_share"": 1.0, ""feasible_t"": 4.166666666666667, ""gross_delivery_t"": 4.166666666666667, ""order_month"": ""2040-02"", ""planned_arrival_month"": ""2040-06"", ""requested_t"": 4.166666666666667, ""shipment_id"": ""S0134"", ""source_id"": ""B"", ""source_name"": ""Earth-Flex"", ""unfulfilled_request_t"": 0.0}, {""actual_arrival_month"": ""2040-03"", ""actual_delivery_share"": 1.0, ""availability_share"": 1.0, ""feasible_t"": 10.0, ""gross_delivery_t"": 10.0, ""order_month"": ""2040-01"", ""planned_arrival_month"": ""2040-03"", ""requested_t"": 10.0, ""shipment_id"": ""S0217"", ""source_id"": ""D"", ""source_name"": ""Lunar-ISRU"", ""unfulfilled_request_t"": 0.0}, {""actual_arrival_month"": ""2040-04"", ""actual_delivery_share"": 1.0, ""availability_share"": 1.0, ""feasible_t"": 10.0, ""gross_delivery_t"": 10.0, ""order_month"": ""2040-02"", ""planned_arrival_month"": ""2040-04"", ""requested_t"": 10.0, ""shipment_id"": ""S0218"", ""source_id"": ""D"", ""source_name"": ""Lunar-ISRU"", ""unfulfilled_request_t"": 0.0}]","{""A"": 12.5, ""B"": 3.75, ""C"": 5.833333333333333, ""D"": 7.5}","{""A"": 12.5, ""B"": 3.75, ""C"": 5.833333333333333, ""D"": 7.5}",29.583333333333332,0.355,29.22833333333333,29.22833333333333,0.0,29.22833333333333,23.958333333333332,5.27,0.0,8.146666666666661,0.0,ZBO,120.0,0.012,"[""ZBO"", ""EARTH_NEW"", ""LUNAR_ISRU""]",0.0,6.833333333333333,[]
2040-03,0.0,37.37499999999999,23.958333333333332,"{""A"": 165.0, ""B"": 75.0, ""C"": 90.0, ""D"": 120.0, ""E"": 50.0}","{""A"": 12.916666666666666, ""B"": 4.166666666666667, ""C"": 5.833333333333333, ""D"": 10.0}","[{""actual_arrival_month"": ""2040-04"", ""actual_delivery_share"": 1.0, ""availability_share"": 1.0, ""feasible_t"": 12.5, ""gross_delivery_t"": 12.5, ""order_month"": ""2039-04"", ""planned_arrival_month"": ""2040-04"", ""requested_t"": 12.5, ""shipment_id"": ""S0052"", ""source_id"": ""A"", ""source_name"": ""Earth-Core"", ""unfulfilled_request_t"": 0.0}, {""actual_arrival_month"": ""2040-05"", ""actual_delivery_share"": 1.0, ""availability_share"": 1.0, ""feasible_t"": 12.5, ""gross_delivery_t"": 12.5, ""order_month"": ""2039-05"", ""planned_arrival_month"": ""2040-05"", ""requested_t"": 12.5, ""shipment_id"": ""S0053"", ""source_id"": ""A"", ""source_name"": ""Earth-Core"", ""unfulfilled_request_t"": 0.0}, {""actual_arrival_month"": ""2040-06"", ""actual_delivery_share"": 1.0, ""availability_share"": 1.0, ""feasible_t"": 12.5, ""gross_delivery_t"": 12.5, ""order_month"": ""2039-06"", ""planned_arrival_month"": ""2040-06"", ""requested_t"": 12.5, ""shipment_id"": ""S0054"", ""source_id"": ""A"", ""source_name"": ""Earth-Core"", ""unfulfilled_request_t"": 0.0}, {""actual_arrival_month"": ""2040-07"", ""actual_delivery_share"": 1.0, ""availability_share"": 1.0, ""feasible_t"": 12.5, ""gross_delivery_t"": 12.5, ""order_month"": ""2039-07"", ""planned_arrival_month"": ""2040-07"", ""requested_t"": 12.5, ""shipment_id"": ""S0055"", ""source_id"": ""A"", ""source_name"": ""Earth-Core"", ""unfulfilled_request_t"": 0.0}, {""actual_arrival_month"": ""2040-08"", ""actual_delivery_share"": 1.0, ""availability_share"": 1.0, ""feasible_t"": 12.5, ""gross_delivery_t"": 12.5, ""order_month"": ""2039-08"", ""planned_arrival_month"": ""2040-08"", ""requested_t"": 12.5, ""shipment_id"": ""S0056"", ""source_id"": ""A"", ""source_name"": ""Earth-Core"", ""unfulfilled_request_t"": 0.0}, {""actual_arrival_month"": ""2040-09"", ""actual_delivery_share"": 1.0, ""availability_share"": 1.0, ""feasible_t"": 12.5, ""gross_delivery_t"": 12.5, ""order_month"": ""2039-09"", ""planned_arrival_month"": ""2040-09"", ""requested_t"": 12.5, ""shipment_id"": ""S0057"", ""source_id"": ""A"", ""source_name"": ""Earth-Core"", ""unfulfilled_request_t"": 0.0}, {""actual_arrival_month"": ""2040-10"", ""actual_delivery_share"": 1.0, ""availability_share"": 1.0, ""feasible_t"": 12.5, ""gross_delivery_t"": 12.5, ""order_month"": ""2039-10"", ""planned_arrival_month"": ""2040-10"", ""requested_t"": 12.5, ""shipment_id"": ""S0058"", ""source_id"": ""A"", ""source_name"": ""Earth-Core"", ""unfulfilled_request_t"": 0.0}, {""actual_arrival_month"": ""2040-11"", ""actual_delivery_share"": 1.0, ""availability_share"": 1.0, ""feasible_t"": 12.5, ""gross_delivery_t"": 12.5, ""order_month"": ""2039-11"", ""planned_arrival_month"": ""2040-11"", ""requested_t"": 12.5, ""shipment_id"": ""S0059"", ""source_id"": ""A"", ""source_name"": ""Earth-Core"", ""unfulfilled_request_t"": 0.0}, {""actual_arrival_month"": ""2040-12"", ""actual_delivery_share"": 1.0, ""availability_share"": 1.0, ""feasible_t"": 12.5, ""gross_delivery_t"": 12.5, ""order_month"": ""2039-12"", ""planned_arrival_month"": ""2040-12"", ""requested_t"": 12.5, ""shipment_id"": ""S0060"", ""source_id"": ""A"", ""source_name"": ""Earth-Core"", ""unfulfilled_request_t"": 0.0}, {""actual_arrival_month"": ""2041-01"", ""actual_delivery_share"": 1.0, ""availability_share"": 1.0, ""feasible_t"": 12.916666666666666, ""gross_delivery_t"": 12.916666666666666, ""order_month"": ""2040-01"", ""planned_arrival_month"": ""2041-01"", ""requested_t"": 12.916666666666666, ""shipment_id"": ""S0061"", ""source_id"": ""A"", ""source_name"": ""Earth-Core"", ""unfulfilled_request_t"": 0.0}, {""actual_arrival_month"": ""2041-02"", ""actual_delivery_share"": 1.0, ""availability_share"": 1.0, ""feasible_t"": 12.916666666666666, ""gross_delivery_t"": 12.916666666666666, ""order_month"": ""2040-02"", ""planned_arrival_month"": ""2041-02"", ""requested_t"": 12.916666666666666, ""shipment_id"": ""S0062"", ""source_id"": ""A"", ""source_name"": ""Earth-Core"", ""unfulfilled_request_t"": 0.0}, {""actual_arrival_month"": ""2041-03"", ""actual_delivery_share"": 1.0, ""availability_share"": 1.0, ""feasible_t"": 12.916666666666666, ""gross_delivery_t"": 12.916666666666666, ""order_month"": ""2040-03"", ""planned_arrival_month"": ""2041-03"", ""requested_t"": 12.916666666666666, ""shipment_id"": ""S0063"", ""source_id"": ""A"", ""source_name"": ""Earth-Core"", ""unfulfilled_request_t"": 0.0}, {""actual_arrival_month"": ""2040-04"", ""actual_delivery_share"": 1.0, ""availability_share"": 1.0, ""feasible_t"": 3.75, ""gross_delivery_t"": 3.75, ""order_month"": ""2039-12"", ""planned_arrival_month"": ""2040-04"", ""requested_t"": 3.75, ""shipment_id"": ""S0132"", ""source_id"": ""B"", ""source_name"": ""Earth-Flex"", ""unfulfilled_request_t"": 0.0}, {""actual_arrival_month"": ""2040-05"", ""actual_delivery_share"": 1.0, ""availability_share"": 1.0, ""feasible_t"": 4.166666666666667, ""gross_delivery_t"": 4.166666666666667, ""order_month"": ""2040-01"", ""planned_arrival_month"": ""2040-05"", ""requested_t"": 4.166666666666667, ""shipment_id"": ""S0133"", ""source_id"": ""B"", ""source_name"": ""Earth-Flex"", ""unfulfilled_request_t"": 0.0}, {""actual_arrival_month"": ""2040-06"", ""actual_delivery_share"": 1.0, ""availability_share"": 1.0, ""feasible_t"": 4.166666666666667, ""gross_delivery_t"": 4.166666666666667, ""order_month"": ""2040-02"", ""planned_arrival_month"": ""2040-06"", ""requested_t"": 4.166666666666667, ""shipment_id"": ""S0134"", ""source_id"": ""B"", ""source_name"": ""Earth-Flex"", ""unfulfilled_request_t"": 0.0}, {""actual_arrival_month"": ""2040-07"", ""actual_delivery_share"": 1.0, ""availability_share"": 1.0, ""feasible_t"": 4.166666666666667, ""gross_delivery_t"": 4.166666666666667, ""order_month"": ""2040-03"", ""planned_arrival_month"": ""2040-07"", ""requested_t"": 4.166666666666667, ""shipment_id"": ""S0135"", ""source_id"": ""B"", ""source_name"": ""Earth-Flex"", ""unfulfilled_request_t"": 0.0}, {""actual_arrival_month"": ""2040-04"", ""actual_delivery_share"": 1.0, ""availability_share"": 1.0, ""feasible_t"": 10.0, ""gross_delivery_t"": 10.0, ""order_month"": ""2040-02"", ""planned_arrival_month"": ""2040-04"", ""requested_t"": 10.0, ""shipment_id"": ""S0218"", ""source_id"": ""D"", ""source_name"": ""Lunar-ISRU"", ""unfulfilled_request_t"": 0.0}, {""actual_arrival_month"": ""2040-05"", ""actual_delivery_share"": 1.0, ""availability_share"": 1.0, ""feasible_t"": 10.0, ""gross_delivery_t"": 10.0, ""order_month"": ""2040-03"", ""planned_arrival_month"": ""2040-05"", ""requested_t"": 10.0, ""shipment_id"": ""S0219"", ""source_id"": ""D"", ""source_name"": ""Lunar-ISRU"", ""unfulfilled_request_t"": 0.0}]","{""A"": 12.5, ""B"": 3.75, ""C"": 5.833333333333333, ""D"": 10.0}","{""A"": 12.5, ""B"": 3.75, ""C"": 5.833333333333333, ""D"": 10.0}",32.08333333333333,0.38499999999999995,31.698333333333327,31.698333333333327,0.0,31.698333333333327,23.958333333333332,7.739999999999995,0.0,5.676666666666666,0.0,ZBO,120.0,0.012,"[""ZBO"", ""EARTH_NEW"", ""LUNAR_ISRU""]",0.0,6.833333333333333,[]
2040-04,0.0,37.37499999999999,23.958333333333332,"{""A"": 165.0, ""B"": 75.0, ""C"": 90.0, ""D"": 120.0, ""E"": 50.0}","{""A"": 12.916666666666666, ""B"": 4.166666666666667, ""C"": 5.833333333333333, ""D"": 10.0}","[{""actual_arrival_month"": ""2040-05"", ""actual_delivery_share"": 1.0, ""availability_share"": 1.0, ""feasible_t"": 12.5, ""gross_delivery_t"": 12.5, ""order_month"": ""2039-05"", ""planned_arrival_month"": ""2040-05"", ""requested_t"": 12.5, ""shipment_id"": ""S0053"", ""source_id"": ""A"", ""source_name"": ""Earth-Core"", ""unfulfilled_request_t"": 0.0}, {""actual_arrival_month"": ""2040-06"", ""actual_delivery_share"": 1.0, ""availability_share"": 1.0, ""feasible_t"": 12.5, ""gross_delivery_t"": 12.5, ""order_month"": ""2039-06"", ""planned_arrival_month"": ""2040-06"", ""requested_t"": 12.5, ""shipment_id"": ""S0054"", ""source_id"": ""A"", ""source_name"": ""Earth-Core"", ""unfulfilled_request_t"": 0.0}, {""actual_arrival_month"": ""2040-07"", ""actual_delivery_share"": 1.0, ""availability_share"": 1.0, ""feasible_t"": 12.5, ""gross_delivery_t"": 12.5, ""order_month"": ""2039-07"", ""planned_arrival_month"": ""2040-07"", ""requested_t"": 12.5, ""shipment_id"": ""S0055"", ""source_id"": ""A"", ""source_name"": ""Earth-Core"", ""unfulfilled_request_t"": 0.0}, {""actual_arrival_month"": ""2040-08"", ""actual_delivery_share"": 1.0, ""availability_share"": 1.0, ""feasible_t"": 12.5, ""gross_delivery_t"": 12.5, ""order_month"": ""2039-08"", ""planned_arrival_month"": ""2040-08"", ""requested_t"": 12.5, ""shipment_id"": ""S0056"", ""source_id"": ""A"", ""source_name"": ""Earth-Core"", ""unfulfilled_request_t"": 0.0}, {""actual_arrival_month"": ""2040-09"", ""actual_delivery_share"": 1.0, ""availability_share"": 1.0, ""feasible_t"": 12.5, ""gross_delivery_t"": 12.5, ""order_month"": ""2039-09"", ""planned_arrival_month"": ""2040-09"", ""requested_t"": 12.5, ""shipment_id"": ""S0057"", ""source_id"": ""A"", ""source_name"": ""Earth-Core"", ""unfulfilled_request_t"": 0.0}, {""actual_arrival_month"": ""2040-10"", ""actual_delivery_share"": 1.0, ""availability_share"": 1.0, ""feasible_t"": 12.5, ""gross_delivery_t"": 12.5, ""order_month"": ""2039-10"", ""planned_arrival_month"": ""2040-10"", ""requested_t"": 12.5, ""shipment_id"": ""S0058"", ""source_id"": ""A"", ""source_name"": ""Earth-Core"", ""unfulfilled_request_t"": 0.0}, {""actual_arrival_month"": ""2040-11"", ""actual_delivery_share"": 1.0, ""availability_share"": 1.0, ""feasible_t"": 12.5, ""gross_delivery_t"": 12.5, ""order_month"": ""2039-11"", ""planned_arrival_month"": ""2040-11"", ""requested_t"": 12.5, ""shipment_id"": ""S0059"", ""source_id"": ""A"", ""source_name"": ""Earth-Core"", ""unfulfilled_request_t"": 0.0}, {""actual_arrival_month"": ""2040-12"", ""actual_delivery_share"": 1.0, ""availability_share"": 1.0, ""feasible_t"": 12.5, ""gross_delivery_t"": 12.5, ""order_month"": ""2039-12"", ""planned_arrival_month"": ""2040-12"", ""requested_t"": 12.5, ""shipment_id"": ""S0060"", ""source_id"": ""A"", ""source_name"": ""Earth-Core"", ""unfulfilled_request_t"": 0.0}, {""actual_arrival_month"": ""2041-01"", ""actual_delivery_share"": 1.0, ""availability_share"": 1.0, ""feasible_t"": 12.916666666666666, ""gross_delivery_t"": 12.916666666666666, ""order_month"": ""2040-01"", ""planned_arrival_month"": ""2041-01"", ""requested_t"": 12.916666666666666, ""shipment_id"": ""S0061"", ""source_id"": ""A"", ""source_name"": ""Earth-Core"", ""unfulfilled_request_t"": 0.0}, {""actual_arrival_month"": ""2041-02"", ""actual_delivery_share"": 1.0, ""availability_share"": 1.0, ""feasible_t"": 12.916666666666666, ""gross_delivery_t"": 12.916666666666666, ""order_month"": ""2040-02"", ""planned_arrival_month"": ""2041-02"", ""requested_t"": 12.916666666666666, ""shipment_id"": ""S0062"", ""source_id"": ""A"", ""source_name"": ""Earth-Core"", ""unfulfilled_request_t"": 0.0}, {""actual_arrival_month"": ""2041-03"", ""actual_delivery_share"": 1.0, ""availability_share"": 1.0, ""feasible_t"": 12.916666666666666, ""gross_delivery_t"": 12.916666666666666, ""order_month"": ""2040-03"", ""planned_arrival_month"": ""2041-03"", ""requested_t"": 12.916666666666666, ""shipment_id"": ""S0063"", ""source_id"": ""A"", ""source_name"": ""Earth-Core"", ""unfulfilled_request_t"": 0.0}, {""actual_arrival_month"": ""2041-04"", ""actual_delivery_share"": 1.0, ""availability_share"": 1.0, ""feasible_t"": 12.916666666666666, ""gross_delivery_t"": 12.916666666666666, ""order_month"": ""2040-04"", ""planned_arrival_month"": ""2041-04"", ""requested_t"": 12.916666666666666, ""shipment_id"": ""S0064"", ""source_id"": ""A"", ""source_name"": ""Earth-Core"", ""unfulfilled_request_t"": 0.0}, {""actual_arrival_month"": ""2040-05"", ""actual_delivery_share"": 1.0, ""availability_share"": 1.0, ""feasible_t"": 4.166666666666667, ""gross_delivery_t"": 4.166666666666667, ""order_month"": ""2040-01"", ""planned_arrival_month"": ""2040-05"", ""requested_t"": 4.166666666666667, ""shipment_id"": ""S0133"", ""source_id"": ""B"", ""source_name"": ""Earth-Flex"", ""unfulfilled_request_t"": 0.0}, {""actual_arrival_month"": ""2040-06"", ""actual_delivery_share"": 1.0, ""availability_share"": 1.0, ""feasible_t"": 4.166666666666667, ""gross_delivery_t"": 4.166666666666667, ""order_month"": ""2040-02"", ""planned_arrival_month"": ""2040-06"", ""requested_t"": 4.166666666666667, ""shipment_id"": ""S0134"", ""source_id"": ""B"", ""source_name"": ""Earth-Flex"", ""unfulfilled_request_t"": 0.0}, {""actual_arrival_month"": ""2040-07"", ""actual_delivery_share"": 1.0, ""availability_share"": 1.0, ""feasible_t"": 4.166666666666667, ""gross_delivery_t"": 4.166666666666667, ""order_month"": ""2040-03"", ""planned_arrival_month"": ""2040-07"", ""requested_t"": 4.166666666666667, ""shipment_id"": ""S0135"", ""source_id"": ""B"", ""source_name"": ""Earth-Flex"", ""unfulfilled_request_t"": 0.0}, {""actual_arrival_month"": ""2040-08"", ""actual_delivery_share"": 1.0, ""availability_share"": 1.0, ""feasible_t"": 4.166666666666667, ""gross_delivery_t"": 4.166666666666667, ""order_month"": ""2040-04"", ""planned_arrival_month"": ""2040-08"", ""requested_t"": 4.166666666666667, ""shipment_id"": ""S0136"", ""source_id"": ""B"", ""source_name"": ""Earth-Flex"", ""unfulfilled_request_t"": 0.0}, {""actual_arrival_month"": ""2040-05"", ""actual_delivery_share"": 1.0, ""availability_share"": 1.0, ""feasible_t"": 10.0, ""gross_delivery_t"": 10.0, ""order_month"": ""2040-03"", ""planned_arrival_month"": ""2040-05"", ""requested_t"": 10.0, ""shipment_id"": ""S0219"", ""source_id"": ""D"", ""source_name"": ""Lunar-ISRU"", ""unfulfilled_request_t"": 0.0}, {""actual_arrival_month"": ""2040-06"", ""actual_delivery_share"": 1.0, ""availability_share"": 1.0, ""feasible_t"": 10.0, ""gross_delivery_t"": 10.0, ""order_month"": ""2040-04"", ""planned_arrival_month"": ""2040-06"", ""requested_t"": 10.0, ""shipment_id"": ""S0220"", ""source_id"": ""D"", ""source_name"": ""Lunar-ISRU"", ""unfulfilled_request_t"": 0.0}]","{""A"": 12.5, ""B"": 3.75, ""C"": 5.833333333333333, ""D"": 10.0}","{""A"": 12.5, ""B"": 3.75, ""C"": 5.833333333333333, ""D"": 10.0}",32.08333333333333,0.38499999999999995,31.698333333333327,31.698333333333327,0.0,31.698333333333327,23.958333333333332,7.739999999999995,0.0,5.676666666666666,0.0,ZBO,120.0,0.012,"[""ZBO"", ""EARTH_NEW"", ""LUNAR_ISRU""]",0.0,6.833333333333333,[]
2040-05,0.0,37.37499999999999,23.958333333333332,"{""A"": 165.0, ""B"": 75.0, ""C"": 90.0, ""D"": 120.0, ""E"": 50.0}","{""A"": 12.916666666666666, ""B"": 4.166666666666667, ""C"": 5.833333333333333, ""D"": 10.0}","[{""actual_arrival_month"": ""2040-06"", ""actual_delivery_share"": 1.0, ""availability_share"": 1.0, ""feasible_t"": 12.5, ""gross_delivery_t"": 12.5, ""order_month"": ""2039-06"", ""planned_arrival_month"": ""2040-06"", ""requested_t"": 12.5, ""shipment_id"": ""S0054"", ""source_id"": ""A"", ""source_name"": ""Earth-Core"", ""unfulfilled_request_t"": 0.0}, {""actual_arrival_month"": ""2040-07"", ""actual_delivery_share"": 1.0, ""availability_share"": 1.0, ""feasible_t"": 12.5, ""gross_delivery_t"": 12.5, ""order_month"": ""2039-07"", ""planned_arrival_month"": ""2040-07"", ""requested_t"": 12.5, ""shipment_id"": ""S0055"", ""source_id"": ""A"", ""source_name"": ""Earth-Core"", ""unfulfilled_request_t"": 0.0}, {""actual_arrival_month"": ""2040-08"", ""actual_delivery_share"": 1.0, ""availability_share"": 1.0, ""feasible_t"": 12.5, ""gross_delivery_t"": 12.5, ""order_month"": ""2039-08"", ""planned_arrival_month"": ""2040-08"", ""requested_t"": 12.5, ""shipment_id"": ""S0056"", ""source_id"": ""A"", ""source_name"": ""Earth-Core"", ""unfulfilled_request_t"": 0.0}, {""actual_arrival_month"": ""2040-09"", ""actual_delivery_share"": 1.0, ""availability_share"": 1.0, ""feasible_t"": 12.5, ""gross_delivery_t"": 12.5, ""order_month"": ""2039-09"", ""planned_arrival_month"": ""2040-09"", ""requested_t"": 12.5, ""shipment_id"": ""S0057"", ""source_id"": ""A"", ""source_name"": ""Earth-Core"", ""unfulfilled_request_t"": 0.0}, {""actual_arrival_month"": ""2040-10"", ""actual_delivery_share"": 1.0, ""availability_share"": 1.0, ""feasible_t"": 12.5, ""gross_delivery_t"": 12.5, ""order_month"": ""2039-10"", ""planned_arrival_month"": ""2040-10"", ""requested_t"": 12.5, ""shipment_id"": ""S0058"", ""source_id"": ""A"", ""source_name"": ""Earth-Core"", ""unfulfilled_request_t"": 0.0}, {""actual_arrival_month"": ""2040-11"", ""actual_delivery_share"": 1.0, ""availability_share"": 1.0, ""feasible_t"": 12.5, ""gross_delivery_t"": 12.5, ""order_month"": ""2039-11"", ""planned_arrival_month"": ""2040-11"", ""requested_t"": 12.5, ""shipment_id"": ""S0059"", ""source_id"": ""A"", ""source_name"": ""Earth-Core"", ""unfulfilled_request_t"": 0.0}, {""actual_arrival_month"": ""2040-12"", ""actual_delivery_share"": 1.0, ""availability_share"": 1.0, ""feasible_t"": 12.5, ""gross_delivery_t"": 12.5, ""order_month"": ""2039-12"", ""planned_arrival_month"": ""2040-12"", ""requested_t"": 12.5, ""shipment_id"": ""S0060"", ""source_id"": ""A"", ""source_name"": ""Earth-Core"", ""unfulfilled_request_t"": 0.0}, {""actual_arrival_month"": ""2041-01"", ""actual_delivery_share"": 1.0, ""availability_share"": 1.0, ""feasible_t"": 12.916666666666666, ""gross_delivery_t"": 12.916666666666666, ""order_month"": ""2040-01"", ""planned_arrival_month"": ""2041-01"", ""requested_t"": 12.916666666666666, ""shipment_id"": ""S0061"", ""source_id"": ""A"", ""source_name"": ""Earth-Core"", ""unfulfilled_request_t"": 0.0}, {""actual_arrival_month"": ""2041-02"", ""actual_delivery_share"": 1.0, ""availability_share"": 1.0, ""feasible_t"": 12.916666666666666, ""gross_delivery_t"": 12.916666666666666, ""order_month"": ""2040-02"", ""planned_arrival_month"": ""2041-02"", ""requested_t"": 12.916666666666666, ""shipment_id"": ""S0062"", ""source_id"": ""A"", ""source_name"": ""Earth-Core"", ""unfulfilled_request_t"": 0.0}, {""actual_arrival_month"": ""2041-03"", ""actual_delivery_share"": 1.0, ""availability_share"": 1.0, ""feasible_t"": 12.916666666666666, ""gross_delivery_t"": 12.916666666666666, ""order_month"": ""2040-03"", ""planned_arrival_month"": ""2041-03"", ""requested_t"": 12.916666666666666, ""shipment_id"": ""S0063"", ""source_id"": ""A"", ""source_name"": ""Earth-Core"", ""unfulfilled_request_t"": 0.0}, {""actual_arrival_month"": ""2041-04"", ""actual_delivery_share"": 1.0, ""availability_share"": 1.0, ""feasible_t"": 12.916666666666666, ""gross_delivery_t"": 12.916666666666666, ""order_month"": ""2040-04"", ""planned_arrival_month"": ""2041-04"", ""requested_t"": 12.916666666666666, ""shipment_id"": ""S0064"", ""source_id"": ""A"", ""source_name"": ""Earth-Core"", ""unfulfilled_request_t"": 0.0}, {""actual_arrival_month"": ""2041-05"", ""actual_delivery_share"": 1.0, ""availability_share"": 1.0, ""feasible_t"": 12.916666666666666, ""gross_delivery_t"": 12.916666666666666, ""order_month"": ""2040-05"", ""planned_arrival_month"": ""2041-05"", ""requested_t"": 12.916666666666666, ""shipment_id"": ""S0065"", ""source_id"": ""A"", ""source_name"": ""Earth-Core"", ""unfulfilled_request_t"": 0.0}, {""actual_arrival_month"": ""2040-06"", ""actual_delivery_share"": 1.0, ""availability_share"": 1.0, ""feasible_t"": 4.166666666666667, ""gross_delivery_t"": 4.166666666666667, ""order_month"": ""2040-02"", ""planned_arrival_month"": ""2040-06"", ""requested_t"": 4.166666666666667, ""shipment_id"": ""S0134"", ""source_id"": ""B"", ""source_name"": ""Earth-Flex"", ""unfulfilled_request_t"": 0.0}, {""actual_arrival_month"": ""2040-07"", ""actual_delivery_share"": 1.0, ""availability_share"": 1.0, ""feasible_t"": 4.166666666666667, ""gross_delivery_t"": 4.166666666666667, ""order_month"": ""2040-03"", ""planned_arrival_month"": ""2040-07"", ""requested_t"": 4.166666666666667, ""shipment_id"": ""S0135"", ""source_id"": ""B"", ""source_name"": ""Earth-Flex"", ""unfulfilled_request_t"": 0.0}, {""actual_arrival_month"": ""2040-08"", ""actual_delivery_share"": 1.0, ""availability_share"": 1.0, ""feasible_t"": 4.166666666666667, ""gross_delivery_t"": 4.166666666666667, ""order_month"": ""2040-04"", ""planned_arrival_month"": ""2040-08"", ""requested_t"": 4.166666666666667, ""shipment_id"": ""S0136"", ""source_id"": ""B"", ""source_name"": ""Earth-Flex"", ""unfulfilled_request_t"": 0.0}, {""actual_arrival_month"": ""2040-09"", ""actual_delivery_share"": 1.0, ""availability_share"": 1.0, ""feasible_t"": 4.166666666666667, ""gross_delivery_t"": 4.166666666666667, ""order_month"": ""2040-05"", ""planned_arrival_month"": ""2040-09"", ""requested_t"": 4.166666666666667, ""shipment_id"": ""S0137"", ""source_id"": ""B"", ""source_name"": ""Earth-Flex"", ""unfulfilled_request_t"": 0.0}, {""actual_arrival_month"": ""2040-06"", ""actual_delivery_share"": 1.0, ""availability_share"": 1.0, ""feasible_t"": 10.0, ""gross_delivery_t"": 10.0, ""order_month"": ""2040-04"", ""planned_arrival_month"": ""2040-06"", ""requested_t"": 10.0, ""shipment_id"": ""S0220"", ""source_id"": ""D"", ""source_name"": ""Lunar-ISRU"", ""unfulfilled_request_t"": 0.0}, {""actual_arrival_month"": ""2040-07"", ""actual_delivery_share"": 1.0, ""availability_share"": 1.0, ""feasible_t"": 10.0, ""gross_delivery_t"": 10.0, ""order_month"": ""2040-05"", ""planned_arrival_month"": ""2040-07"", ""requested_t"": 10.0, ""shipment_id"": ""S0221"", ""source_id"": ""D"", ""source_name"": ""Lunar-ISRU"", ""unfulfilled_request_t"": 0.0}]","{""A"": 12.5, ""B"": 4.166666666666667, ""C"": 5.833333333333333, ""D"": 10.0}","{""A"": 12.5, ""B"": 4.166666666666667, ""C"": 5.833333333333333, ""D"": 10.0}",32.5,0.39,32.11,32.11,0.0,32.11,23.958333333333332,8.151666666666667,0.0,5.2649999999999935,0.0,ZBO,120.0,0.012,"[""ZBO"", ""EARTH_NEW"", ""LUNAR_ISRU""]",0.0,6.833333333333333,[]
2040-06,0.0,37.37499999999999,23.958333333333332,"{""A"": 165.0, ""B"": 75.0, ""C"": 90.0, ""D"": 120.0, ""E"": 50.0}","{""A"": 12.916666666666666, ""B"": 4.166666666666667, ""C"": 5.833333333333333, ""D"": 10.0}","[{""actual_arrival_month"": ""2040-07"", ""actual_delivery_share"": 1.0, ""availability_share"": 1.0, ""feasible_t"": 12.5, ""gross_delivery_t"": 12.5, ""order_month"": ""2039-07"", ""planned_arrival_month"": ""2040-07"", ""requested_t"": 12.5, ""shipment_id"": ""S0055"", ""source_id"": ""A"", ""source_name"": ""Earth-Core"", ""unfulfilled_request_t"": 0.0}, {""actual_arrival_month"": ""2040-08"", ""actual_delivery_share"": 1.0, ""availability_share"": 1.0, ""feasible_t"": 12.5, ""gross_delivery_t"": 12.5, ""order_month"": ""2039-08"", ""planned_arrival_month"": ""2040-08"", ""requested_t"": 12.5, ""shipment_id"": ""S0056"", ""source_id"": ""A"", ""source_name"": ""Earth-Core"", ""unfulfilled_request_t"": 0.0}, {""actual_arrival_month"": ""2040-09"", ""actual_delivery_share"": 1.0, ""availability_share"": 1.0, ""feasible_t"": 12.5, ""gross_delivery_t"": 12.5, ""order_month"": ""2039-09"", ""planned_arrival_month"": ""2040-09"", ""requested_t"": 12.5, ""shipment_id"": ""S0057"", ""source_id"": ""A"", ""source_name"": ""Earth-Core"", ""unfulfilled_request_t"": 0.0}, {""actual_arrival_month"": ""2040-10"", ""actual_delivery_share"": 1.0, ""availability_share"": 1.0, ""feasible_t"": 12.5, ""gross_delivery_t"": 12.5, ""order_month"": ""2039-10"", ""planned_arrival_month"": ""2040-10"", ""requested_t"": 12.5, ""shipment_id"": ""S0058"", ""source_id"": ""A"", ""source_name"": ""Earth-Core"", ""unfulfilled_request_t"": 0.0}, {""actual_arrival_month"": ""2040-11"", ""actual_delivery_share"": 1.0, ""availability_share"": 1.0, ""feasible_t"": 12.5, ""gross_delivery_t"": 12.5, ""order_month"": ""2039-11"", ""planned_arrival_month"": ""2040-11"", ""requested_t"": 12.5, ""shipment_id"": ""S0059"", ""source_id"": ""A"", ""source_name"": ""Earth-Core"", ""unfulfilled_request_t"": 0.0}, {""actual_arrival_month"": ""2040-12"", ""actual_delivery_share"": 1.0, ""availability_share"": 1.0, ""feasible_t"": 12.5, ""gross_delivery_t"": 12.5, ""order_month"": ""2039-12"", ""planned_arrival_month"": ""2040-12"", ""requested_t"": 12.5, ""shipment_id"": ""S0060"", ""source_id"": ""A"", ""source_name"": ""Earth-Core"", ""unfulfilled_request_t"": 0.0}, {""actual_arrival_month"": ""2041-01"", ""actual_delivery_share"": 1.0, ""availability_share"": 1.0, ""feasible_t"": 12.916666666666666, ""gross_delivery_t"": 12.916666666666666, ""order_month"": ""2040-01"", ""planned_arrival_month"": ""2041-01"", ""requested_t"": 12.916666666666666, ""shipment_id"": ""S0061"", ""source_id"": ""A"", ""source_name"": ""Earth-Core"", ""unfulfilled_request_t"": 0.0}, {""actual_arrival_month"": ""2041-02"", ""actual_delivery_share"": 1.0, ""availability_share"": 1.0, ""feasible_t"": 12.916666666666666, ""gross_delivery_t"": 12.916666666666666, ""order_month"": ""2040-02"", ""planned_arrival_month"": ""2041-02"", ""requested_t"": 12.916666666666666, ""shipment_id"": ""S0062"", ""source_id"": ""A"", ""source_name"": ""Earth-Core"", ""unfulfilled_request_t"": 0.0}, {""actual_arrival_month"": ""2041-03"", ""actual_delivery_share"": 1.0, ""availability_share"": 1.0, ""feasible_t"": 12.916666666666666, ""gross_delivery_t"": 12.916666666666666, ""order_month"": ""2040-03"", ""planned_arrival_month"": ""2041-03"", ""requested_t"": 12.916666666666666, ""shipment_id"": ""S0063"", ""source_id"": ""A"", ""source_name"": ""Earth-Core"", ""unfulfilled_request_t"": 0.0}, {""actual_arrival_month"": ""2041-04"", ""actual_delivery_share"": 1.0, ""availability_share"": 1.0, ""feasible_t"": 12.916666666666666, ""gross_delivery_t"": 12.916666666666666, ""order_month"": ""2040-04"", ""planned_arrival_month"": ""2041-04"", ""requested_t"": 12.916666666666666, ""shipment_id"": ""S0064"", ""source_id"": ""A"", ""source_name"": ""Earth-Core"", ""unfulfilled_request_t"": 0.0}, {""actual_arrival_month"": ""2041-05"", ""actual_delivery_share"": 1.0, ""availability_share"": 1.0, ""feasible_t"": 12.916666666666666, ""gross_delivery_t"": 12.916666666666666, ""order_month"": ""2040-05"", ""planned_arrival_month"": ""2041-05"", ""requested_t"": 12.916666666666666, ""shipment_id"": ""S0065"", ""source_id"": ""A"", ""source_name"": ""Earth-Core"", ""unfulfilled_request_t"": 0.0}, {""actual_arrival_month"": ""2041-06"", ""actual_delivery_share"": 1.0, ""availability_share"": 1.0, ""feasible_t"": 12.916666666666666, ""gross_delivery_t"": 12.916666666666666, ""order_month"": ""2040-06"", ""planned_arrival_month"": ""2041-06"", ""requested_t"": 12.916666666666666, ""shipment_id"": ""S0066"", ""source_id"": ""A"", ""source_name"": ""Earth-Core"", ""unfulfilled_request_t"": 0.0}, {""actual_arrival_month"": ""2040-07"", ""actual_delivery_share"": 1.0, ""availability_share"": 1.0, ""feasible_t"": 4.166666666666667, ""gross_delivery_t"": 4.166666666666667, ""order_month"": ""2040-03"", ""planned_arrival_month"": ""2040-07"", ""requested_t"": 4.166666666666667, ""shipment_id"": ""S0135"", ""source_id"": ""B"", ""source_name"": ""Earth-Flex"", ""unfulfilled_request_t"": 0.0}, {""actual_arrival_month"": ""2040-08"", ""actual_delivery_share"": 1.0, ""availability_share"": 1.0, ""feasible_t"": 4.166666666666667, ""gross_delivery_t"": 4.166666666666667, ""order_month"": ""2040-04"", ""planned_arrival_month"": ""2040-08"", ""requested_t"": 4.166666666666667, ""shipment_id"": ""S0136"", ""source_id"": ""B"", ""source_name"": ""Earth-Flex"", ""unfulfilled_request_t"": 0.0}, {""actual_arrival_month"": ""2040-09"", ""actual_delivery_share"": 1.0, ""availability_share"": 1.0, ""feasible_t"": 4.166666666666667, ""gross_delivery_t"": 4.166666666666667, ""order_month"": ""2040-05"", ""planned_arrival_month"": ""2040-09"", ""requested_t"": 4.166666666666667, ""shipment_id"": ""S0137"", ""source_id"": ""B"", ""source_name"": ""Earth-Flex"", ""unfulfilled_request_t"": 0.0}, {""actual_arrival_month"": ""2040-10"", ""actual_delivery_share"": 1.0, ""availability_share"": 1.0, ""feasible_t"": 4.166666666666667, ""gross_delivery_t"": 4.166666666666667, ""order_month"": ""2040-06"", ""planned_arrival_month"": ""2040-10"", ""requested_t"": 4.166666666666667, ""shipment_id"": ""S0138"", ""source_id"": ""B"", ""source_name"": ""Earth-Flex"", ""unfulfilled_request_t"": 0.0}, {""actual_arrival_month"": ""2040-07"", ""actual_delivery_share"": 1.0, ""availability_share"": 1.0, ""feasible_t"": 10.0, ""gross_delivery_t"": 10.0, ""order_month"": ""2040-05"", ""planned_arrival_month"": ""2040-07"", ""requested_t"": 10.0, ""shipment_id"": ""S0221"", ""source_id"": ""D"", ""source_name"": ""Lunar-ISRU"", ""unfulfilled_request_t"": 0.0}, {""actual_arrival_month"": ""2040-08"", ""actual_delivery_share"": 1.0, ""availability_share"": 1.0, ""feasible_t"": 10.0, ""gross_delivery_t"": 10.0, ""order_month"": ""2040-06"", ""planned_arrival_month"": ""2040-08"", ""requested_t"": 10.0, ""shipment_id"": ""S0222"", ""source_id"": ""D"", ""source_name"": ""Lunar-ISRU"", ""unfulfilled_request_t"": 0.0}]","{""A"": 12.5, ""B"": 4.166666666666667, ""C"": 5.833333333333333, ""D"": 10.0}","{""A"": 12.5, ""B"": 4.166666666666667, ""C"": 5.833333333333333, ""D"": 10.0}",32.5,0.39,32.11,32.11,0.0,32.11,23.958333333333332,8.151666666666667,0.0,5.2649999999999935,0.0,ZBO,120.0,0.012,"[""ZBO"", ""EARTH_NEW"", ""LUNAR_ISRU""]",0.0,6.833333333333333,[]
2040-07,0.0,37.37499999999999,23.958333333333332,"{""A"": 165.0, ""B"": 75.0, ""C"": 90.0, ""D"": 120.0, ""E"": 50.0}","{""A"": 12.916666666666666, ""B"": 4.166666666666667, ""C"": 5.833333333333333, ""D"": 10.0}","[{""actual_arrival_month"": ""2040-08"", ""actual_delivery_share"": 1.0, ""availability_share"": 1.0, ""feasible_t"": 12.5, ""gross_delivery_t"": 12.5, ""order_month"": ""2039-08"", ""planned_arrival_month"": ""2040-08"", ""requested_t"": 12.5, ""shipment_id"": ""S0056"", ""source_id"": ""A"", ""source_name"": ""Earth-Core"", ""unfulfilled_request_t"": 0.0}, {""actual_arrival_month"": ""2040-09"", ""actual_delivery_share"": 1.0, ""availability_share"": 1.0, ""feasible_t"": 12.5, ""gross_delivery_t"": 12.5, ""order_month"": ""2039-09"", ""planned_arrival_month"": ""2040-09"", ""requested_t"": 12.5, ""shipment_id"": ""S0057"", ""source_id"": ""A"", ""source_name"": ""Earth-Core"", ""unfulfilled_request_t"": 0.0}, {""actual_arrival_month"": ""2040-10"", ""actual_delivery_share"": 1.0, ""availability_share"": 1.0, ""feasible_t"": 12.5, ""gross_delivery_t"": 12.5, ""order_month"": ""2039-10"", ""planned_arrival_month"": ""2040-10"", ""requested_t"": 12.5, ""shipment_id"": ""S0058"", ""source_id"": ""A"", ""source_name"": ""Earth-Core"", ""unfulfilled_request_t"": 0.0}, {""actual_arrival_month"": ""2040-11"", ""actual_delivery_share"": 1.0, ""availability_share"": 1.0, ""feasible_t"": 12.5, ""gross_delivery_t"": 12.5, ""order_month"": ""2039-11"", ""planned_arrival_month"": ""2040-11"", ""requested_t"": 12.5, ""shipment_id"": ""S0059"", ""source_id"": ""A"", ""source_name"": ""Earth-Core"", ""unfulfilled_request_t"": 0.0}, {""actual_arrival_month"": ""2040-12"", ""actual_delivery_share"": 1.0, ""availability_share"": 1.0, ""feasible_t"": 12.5, ""gross_delivery_t"": 12.5, ""order_month"": ""2039-12"", ""planned_arrival_month"": ""2040-12"", ""requested_t"": 12.5, ""shipment_id"": ""S0060"", ""source_id"": ""A"", ""source_name"": ""Earth-Core"", ""unfulfilled_request_t"": 0.0}, {""actual_arrival_month"": ""2041-01"", ""actual_delivery_share"": 1.0, ""availability_share"": 1.0, ""feasible_t"": 12.916666666666666, ""gross_delivery_t"": 12.916666666666666, ""order_month"": ""2040-01"", ""planned_arrival_month"": ""2041-01"", ""requested_t"": 12.916666666666666, ""shipment_id"": ""S0061"", ""source_id"": ""A"", ""source_name"": ""Earth-Core"", ""unfulfilled_request_t"": 0.0}, {""actual_arrival_month"": ""2041-02"", ""actual_delivery_share"": 1.0, ""availability_share"": 1.0, ""feasible_t"": 12.916666666666666, ""gross_delivery_t"": 12.916666666666666, ""order_month"": ""2040-02"", ""planned_arrival_month"": ""2041-02"", ""requested_t"": 12.916666666666666, ""shipment_id"": ""S0062"", ""source_id"": ""A"", ""source_name"": ""Earth-Core"", ""unfulfilled_request_t"": 0.0}, {""actual_arrival_month"": ""2041-03"", ""actual_delivery_share"": 1.0, ""availability_share"": 1.0, ""feasible_t"": 12.916666666666666, ""gross_delivery_t"": 12.916666666666666, ""order_month"": ""2040-03"", ""planned_arrival_month"": ""2041-03"", ""requested_t"": 12.916666666666666, ""shipment_id"": ""S0063"", ""source_id"": ""A"", ""source_name"": ""Earth-Core"", ""unfulfilled_request_t"": 0.0}, {""actual_arrival_month"": ""2041-04"", ""actual_delivery_share"": 1.0, ""availability_share"": 1.0, ""feasible_t"": 12.916666666666666, ""gross_delivery_t"": 12.916666666666666, ""order_month"": ""2040-04"", ""planned_arrival_month"": ""2041-04"", ""requested_t"": 12.916666666666666, ""shipment_id"": ""S0064"", ""source_id"": ""A"", ""source_name"": ""Earth-Core"", ""unfulfilled_request_t"": 0.0}, {""actual_arrival_month"": ""2041-05"", ""actual_delivery_share"": 1.0, ""availability_share"": 1.0, ""feasible_t"": 12.916666666666666, ""gross_delivery_t"": 12.916666666666666, ""order_month"": ""2040-05"", ""planned_arrival_month"": ""2041-05"", ""requested_t"": 12.916666666666666, ""shipment_id"": ""S0065"", ""source_id"": ""A"", ""source_name"": ""Earth-Core"", ""unfulfilled_request_t"": 0.0}, {""actual_arrival_month"": ""2041-06"", ""actual_delivery_share"": 1.0, ""availability_share"": 1.0, ""feasible_t"": 12.916666666666666, ""gross_delivery_t"": 12.916666666666666, ""order_month"": ""2040-06"", ""planned_arrival_month"": ""2041-06"", ""requested_t"": 12.916666666666666, ""shipment_id"": ""S0066"", ""source_id"": ""A"", ""source_name"": ""Earth-Core"", ""unfulfilled_request_t"": 0.0}, {""actual_arrival_month"": ""2041-07"", ""actual_delivery_share"": 1.0, ""availability_share"": 1.0, ""feasible_t"": 12.916666666666666, ""gross_delivery_t"": 12.916666666666666, ""order_month"": ""2040-07"", ""planned_arrival_month"": ""2041-07"", ""requested_t"": 12.916666666666666, ""shipment_id"": ""S0067"", ""source_id"": ""A"", ""source_name"": ""Earth-Core"", ""unfulfilled_request_t"": 0.0}, {""actual_arrival_month"": ""2040-08"", ""actual_delivery_share"": 1.0, ""availability_share"": 1.0, ""feasible_t"": 4.166666666666667, ""gross_delivery_t"": 4.166666666666667, ""order_month"": ""2040-04"", ""planned_arrival_month"": ""2040-08"", ""requested_t"": 4.166666666666667, ""shipment_id"": ""S0136"", ""source_id"": ""B"", ""source_name"": ""Earth-Flex"", ""unfulfilled_request_t"": 0.0}, {""actual_arrival_month"": ""2040-09"", ""actual_delivery_share"": 1.0, ""availability_share"": 1.0, ""feasible_t"": 4.166666666666667, ""gross_delivery_t"": 4.166666666666667, ""order_month"": ""2040-05"", ""planned_arrival_month"": ""2040-09"", ""requested_t"": 4.166666666666667, ""shipment_id"": ""S0137"", ""source_id"": ""B"", ""source_name"": ""Earth-Flex"", ""unfulfilled_request_t"": 0.0}, {""actual_arrival_month"": ""2040-10"", ""actual_delivery_share"": 1.0, ""availability_share"": 1.0, ""feasible_t"": 4.166666666666667, ""gross_delivery_t"": 4.166666666666667, ""order_month"": ""2040-06"", ""planned_arrival_month"": ""2040-10"", ""requested_t"": 4.166666666666667, ""shipment_id"": ""S0138"", ""source_id"": ""B"", ""source_name"": ""Earth-Flex"", ""unfulfilled_request_t"": 0.0}, {""actual_arrival_month"": ""2040-11"", ""actual_delivery_share"": 1.0, ""availability_share"": 1.0, ""feasible_t"": 4.166666666666667, ""gross_delivery_t"": 4.166666666666667, ""order_month"": ""2040-07"", ""planned_arrival_month"": ""2040-11"", ""requested_t"": 4.166666666666667, ""shipment_id"": ""S0139"", ""source_id"": ""B"", ""source_name"": ""Earth-Flex"", ""unfulfilled_request_t"": 0.0}, {""actual_arrival_month"": ""2040-08"", ""actual_delivery_share"": 1.0, ""availability_share"": 1.0, ""feasible_t"": 10.0, ""gross_delivery_t"": 10.0, ""order_month"": ""2040-06"", ""planned_arrival_month"": ""2040-08"", ""requested_t"": 10.0, ""shipment_id"": ""S0222"", ""source_id"": ""D"", ""source_name"": ""Lunar-ISRU"", ""unfulfilled_request_t"": 0.0}, {""actual_arrival_month"": ""2040-09"", ""actual_delivery_share"": 1.0, ""availability_share"": 1.0, ""feasible_t"": 10.0, ""gross_delivery_t"": 10.0, ""order_month"": ""2040-07"", ""planned_arrival_month"": ""2040-09"", ""requested_t"": 10.0, ""shipment_id"": ""S0223"", ""source_id"": ""D"", ""source_name"": ""Lunar-ISRU"", ""unfulfilled_request_t"": 0.0}]","{""A"": 12.5, ""B"": 4.166666666666667, ""C"": 5.833333333333333, ""D"": 10.0}","{""A"": 12.5, ""B"": 4.166666666666667, ""C"": 5.833333333333333, ""D"": 10.0}",32.5,0.39,32.11,32.11,0.0,32.11,23.958333333333332,8.151666666666667,0.0,5.2649999999999935,0.0,ZBO,120.0,0.012,"[""ZBO"", ""EARTH_NEW"", ""LUNAR_ISRU""]",0.0,6.833333333333333,[]
2040-08,0.0,37.37499999999999,23.958333333333332,"{""A"": 165.0, ""B"": 75.0, ""C"": 90.0, ""D"": 120.0, ""E"": 50.0}","{""A"": 12.916666666666666, ""B"": 4.166666666666667, ""C"": 5.833333333333333, ""D"": 10.0}","[{""actual_arrival_month"": ""2040-09"", ""actual_delivery_share"": 1.0, ""availability_share"": 1.0, ""feasible_t"": 12.5, ""gross_delivery_t"": 12.5, ""order_month"": ""2039-09"", ""planned_arrival_month"": ""2040-09"", ""requested_t"": 12.5, ""shipment_id"": ""S0057"", ""source_id"": ""A"", ""source_name"": ""Earth-Core"", ""unfulfilled_request_t"": 0.0}, {""actual_arrival_month"": ""2040-10"", ""actual_delivery_share"": 1.0, ""availability_share"": 1.0, ""feasible_t"": 12.5, ""gross_delivery_t"": 12.5, ""order_month"": ""2039-10"", ""planned_arrival_month"": ""2040-10"", ""requested_t"": 12.5, ""shipment_id"": ""S0058"", ""source_id"": ""A"", ""source_name"": ""Earth-Core"", ""unfulfilled_request_t"": 0.0}, {""actual_arrival_month"": ""2040-11"", ""actual_delivery_share"": 1.0, ""availability_share"": 1.0, ""feasible_t"": 12.5, ""gross_delivery_t"": 12.5, ""order_month"": ""2039-11"", ""planned_arrival_month"": ""2040-11"", ""requested_t"": 12.5, ""shipment_id"": ""S0059"", ""source_id"": ""A"", ""source_name"": ""Earth-Core"", ""unfulfilled_request_t"": 0.0}, {""actual_arrival_month"": ""2040-12"", ""actual_delivery_share"": 1.0, ""availability_share"": 1.0, ""feasible_t"": 12.5, ""gross_delivery_t"": 12.5, ""order_month"": ""2039-12"", ""planned_arrival_month"": ""2040-12"", ""requested_t"": 12.5, ""shipment_id"": ""S0060"", ""source_id"": ""A"", ""source_name"": ""Earth-Core"", ""unfulfilled_request_t"": 0.0}, {""actual_arrival_month"": ""2041-01"", ""actual_delivery_share"": 1.0, ""availability_share"": 1.0, ""feasible_t"": 12.916666666666666, ""gross_delivery_t"": 12.916666666666666, ""order_month"": ""2040-01"", ""planned_arrival_month"": ""2041-01"", ""requested_t"": 12.916666666666666, ""shipment_id"": ""S0061"", ""source_id"": ""A"", ""source_name"": ""Earth-Core"", ""unfulfilled_request_t"": 0.0}, {""actual_arrival_month"": ""2041-02"", ""actual_delivery_share"": 1.0, ""availability_share"": 1.0, ""feasible_t"": 12.916666666666666, ""gross_delivery_t"": 12.916666666666666, ""order_month"": ""2040-02"", ""planned_arrival_month"": ""2041-02"", ""requested_t"": 12.916666666666666, ""shipment_id"": ""S0062"", ""source_id"": ""A"", ""source_name"": ""Earth-Core"", ""unfulfilled_request_t"": 0.0}, {""actual_arrival_month"": ""2041-03"", ""actual_delivery_share"": 1.0, ""availability_share"": 1.0, ""feasible_t"": 12.916666666666666, ""gross_delivery_t"": 12.916666666666666, ""order_month"": ""2040-03"", ""planned_arrival_month"": ""2041-03"", ""requested_t"": 12.916666666666666, ""shipment_id"": ""S0063"", ""source_id"": ""A"", ""source_name"": ""Earth-Core"", ""unfulfilled_request_t"": 0.0}, {""actual_arrival_month"": ""2041-04"", ""actual_delivery_share"": 1.0, ""availability_share"": 1.0, ""feasible_t"": 12.916666666666666, ""gross_delivery_t"": 12.916666666666666, ""order_month"": ""2040-04"", ""planned_arrival_month"": ""2041-04"", ""requested_t"": 12.916666666666666, ""shipment_id"": ""S0064"", ""source_id"": ""A"", ""source_name"": ""Earth-Core"", ""unfulfilled_request_t"": 0.0}, {""actual_arrival_month"": ""2041-05"", ""actual_delivery_share"": 1.0, ""availability_share"": 1.0, ""feasible_t"": 12.916666666666666, ""gross_delivery_t"": 12.916666666666666, ""order_month"": ""2040-05"", ""planned_arrival_month"": ""2041-05"", ""requested_t"": 12.916666666666666, ""shipment_id"": ""S0065"", ""source_id"": ""A"", ""source_name"": ""Earth-Core"", ""unfulfilled_request_t"": 0.0}, {""actual_arrival_month"": ""2041-06"", ""actual_delivery_share"": 1.0, ""availability_share"": 1.0, ""feasible_t"": 12.916666666666666, ""gross_delivery_t"": 12.916666666666666, ""order_month"": ""2040-06"", ""planned_arrival_month"": ""2041-06"", ""requested_t"": 12.916666666666666, ""shipment_id"": ""S0066"", ""source_id"": ""A"", ""source_name"": ""Earth-Core"", ""unfulfilled_request_t"": 0.0}, {""actual_arrival_month"": ""2041-07"", ""actual_delivery_share"": 1.0, ""availability_share"": 1.0, ""feasible_t"": 12.916666666666666, ""gross_delivery_t"": 12.916666666666666, ""order_month"": ""2040-07"", ""planned_arrival_month"": ""2041-07"", ""requested_t"": 12.916666666666666, ""shipment_id"": ""S0067"", ""source_id"": ""A"", ""source_name"": ""Earth-Core"", ""unfulfilled_request_t"": 0.0}, {""actual_arrival_month"": ""2041-08"", ""actual_delivery_share"": 1.0, ""availability_share"": 1.0, ""feasible_t"": 12.916666666666666, ""gross_delivery_t"": 12.916666666666666, ""order_month"": ""2040-08"", ""planned_arrival_month"": ""2041-08"", ""requested_t"": 12.916666666666666, ""shipment_id"": ""S0068"", ""source_id"": ""A"", ""source_name"": ""Earth-Core"", ""unfulfilled_request_t"": 0.0}, {""actual_arrival_month"": ""2040-09"", ""actual_delivery_share"": 1.0, ""availability_share"": 1.0, ""feasible_t"": 4.166666666666667, ""gross_delivery_t"": 4.166666666666667, ""order_month"": ""2040-05"", ""planned_arrival_month"": ""2040-09"", ""requested_t"": 4.166666666666667, ""shipment_id"": ""S0137"", ""source_id"": ""B"", ""source_name"": ""Earth-Flex"", ""unfulfilled_request_t"": 0.0}, {""actual_arrival_month"": ""2040-10"", ""actual_delivery_share"": 1.0, ""availability_share"": 1.0, ""feasible_t"": 4.166666666666667, ""gross_delivery_t"": 4.166666666666667, ""order_month"": ""2040-06"", ""planned_arrival_month"": ""2040-10"", ""requested_t"": 4.166666666666667, ""shipment_id"": ""S0138"", ""source_id"": ""B"", ""source_name"": ""Earth-Flex"", ""unfulfilled_request_t"": 0.0}, {""actual_arrival_month"": ""2040-11"", ""actual_delivery_share"": 1.0, ""availability_share"": 1.0, ""feasible_t"": 4.166666666666667, ""gross_delivery_t"": 4.166666666666667, ""order_month"": ""2040-07"", ""planned_arrival_month"": ""2040-11"", ""requested_t"": 4.166666666666667, ""shipment_id"": ""S0139"", ""source_id"": ""B"", ""source_name"": ""Earth-Flex"", ""unfulfilled_request_t"": 0.0}, {""actual_arrival_month"": ""2040-12"", ""actual_delivery_share"": 1.0, ""availability_share"": 1.0, ""feasible_t"": 4.166666666666667, ""gross_delivery_t"": 4.166666666666667, ""order_month"": ""2040-08"", ""planned_arrival_month"": ""2040-12"", ""requested_t"": 4.166666666666667, ""shipment_id"": ""S0140"", ""source_id"": ""B"", ""source_name"": ""Earth-Flex"", ""unfulfilled_request_t"": 0.0}, {""actual_arrival_month"": ""2040-09"", ""actual_delivery_share"": 1.0, ""availability_share"": 1.0, ""feasible_t"": 10.0, ""gross_delivery_t"": 10.0, ""order_month"": ""2040-07"", ""planned_arrival_month"": ""2040-09"", ""requested_t"": 10.0, ""shipment_id"": ""S0223"", ""source_id"": ""D"", ""source_name"": ""Lunar-ISRU"", ""unfulfilled_request_t"": 0.0}, {""actual_arrival_month"": ""2040-10"", ""actual_delivery_share"": 1.0, ""availability_share"": 1.0, ""feasible_t"": 10.0, ""gross_delivery_t"": 10.0, ""order_month"": ""2040-08"", ""planned_arrival_month"": ""2040-10"", ""requested_t"": 10.0, ""shipment_id"": ""S0224"", ""source_id"": ""D"", ""source_name"": ""Lunar-ISRU"", ""unfulfilled_request_t"": 0.0}]","{""A"": 12.5, ""B"": 4.166666666666667, ""C"": 5.833333333333333, ""D"": 10.0}","{""A"": 12.5, ""B"": 4.166666666666667, ""C"": 5.833333333333333, ""D"": 10.0}",32.5,0.39,32.11,32.11,0.0,32.11,23.958333333333332,8.151666666666667,0.0,5.2649999999999935,0.0,ZBO,120.0,0.012,"[""ZBO"", ""EARTH_NEW"", ""LUNAR_ISRU""]",0.0,6.833333333333333,[]
2040-09,0.0,37.37499999999999,23.958333333333332,"{""A"": 165.0, ""B"": 75.0, ""C"": 90.0, ""D"": 120.0, ""E"": 50.0}","{""A"": 12.916666666666666, ""B"": 4.166666666666667, ""C"": 5.833333333333333, ""D"": 10.0}","[{""actual_arrival_month"": ""2040-10"", ""actual_delivery_share"": 1.0, ""availability_share"": 1.0, ""feasible_t"": 12.5, ""gross_delivery_t"": 12.5, ""order_month"": ""2039-10"", ""planned_arrival_month"": ""2040-10"", ""requested_t"": 12.5, ""shipment_id"": ""S0058"", ""source_id"": ""A"", ""source_name"": ""Earth-Core"", ""unfulfilled_request_t"": 0.0}, {""actual_arrival_month"": ""2040-11"", ""actual_delivery_share"": 1.0, ""availability_share"": 1.0, ""feasible_t"": 12.5, ""gross_delivery_t"": 12.5, ""order_month"": ""2039-11"", ""planned_arrival_month"": ""2040-11"", ""requested_t"": 12.5, ""shipment_id"": ""S0059"", ""source_id"": ""A"", ""source_name"": ""Earth-Core"", ""unfulfilled_request_t"": 0.0}, {""actual_arrival_month"": ""2040-12"", ""actual_delivery_share"": 1.0, ""availability_share"": 1.0, ""feasible_t"": 12.5, ""gross_delivery_t"": 12.5, ""order_month"": ""2039-12"", ""planned_arrival_month"": ""2040-12"", ""requested_t"": 12.5, ""shipment_id"": ""S0060"", ""source_id"": ""A"", ""source_name"": ""Earth-Core"", ""unfulfilled_request_t"": 0.0}, {""actual_arrival_month"": ""2041-01"", ""actual_delivery_share"": 1.0, ""availability_share"": 1.0, ""feasible_t"": 12.916666666666666, ""gross_delivery_t"": 12.916666666666666, ""order_month"": ""2040-01"", ""planned_arrival_month"": ""2041-01"", ""requested_t"": 12.916666666666666, ""shipment_id"": ""S0061"", ""source_id"": ""A"", ""source_name"": ""Earth-Core"", ""unfulfilled_request_t"": 0.0}, {""actual_arrival_month"": ""2041-02"", ""actual_delivery_share"": 1.0, ""availability_share"": 1.0, ""feasible_t"": 12.916666666666666, ""gross_delivery_t"": 12.916666666666666, ""order_month"": ""2040-02"", ""planned_arrival_month"": ""2041-02"", ""requested_t"": 12.916666666666666, ""shipment_id"": ""S0062"", ""source_id"": ""A"", ""source_name"": ""Earth-Core"", ""unfulfilled_request_t"": 0.0}, {""actual_arrival_month"": ""2041-03"", ""actual_delivery_share"": 1.0, ""availability_share"": 1.0, ""feasible_t"": 12.916666666666666, ""gross_delivery_t"": 12.916666666666666, ""order_month"": ""2040-03"", ""planned_arrival_month"": ""2041-03"", ""requested_t"": 12.916666666666666, ""shipment_id"": ""S0063"", ""source_id"": ""A"", ""source_name"": ""Earth-Core"", ""unfulfilled_request_t"": 0.0}, {""actual_arrival_month"": ""2041-04"", ""actual_delivery_share"": 1.0, ""availability_share"": 1.0, ""feasible_t"": 12.916666666666666, ""gross_delivery_t"": 12.916666666666666, ""order_month"": ""2040-04"", ""planned_arrival_month"": ""2041-04"", ""requested_t"": 12.916666666666666, ""shipment_id"": ""S0064"", ""source_id"": ""A"", ""source_name"": ""Earth-Core"", ""unfulfilled_request_t"": 0.0}, {""actual_arrival_month"": ""2041-05"", ""actual_delivery_share"": 1.0, ""availability_share"": 1.0, ""feasible_t"": 12.916666666666666, ""gross_delivery_t"": 12.916666666666666, ""order_month"": ""2040-05"", ""planned_arrival_month"": ""2041-05"", ""requested_t"": 12.916666666666666, ""shipment_id"": ""S0065"", ""source_id"": ""A"", ""source_name"": ""Earth-Core"", ""unfulfilled_request_t"": 0.0}, {""actual_arrival_month"": ""2041-06"", ""actual_delivery_share"": 1.0, ""availability_share"": 1.0, ""feasible_t"": 12.916666666666666, ""gross_delivery_t"": 12.916666666666666, ""order_month"": ""2040-06"", ""planned_arrival_month"": ""2041-06"", ""requested_t"": 12.916666666666666, ""shipment_id"": ""S0066"", ""source_id"": ""A"", ""source_name"": ""Earth-Core"", ""unfulfilled_request_t"": 0.0}, {""actual_arrival_month"": ""2041-07"", ""actual_delivery_share"": 1.0, ""availability_share"": 1.0, ""feasible_t"": 12.916666666666666, ""gross_delivery_t"": 12.916666666666666, ""order_month"": ""2040-07"", ""planned_arrival_month"": ""2041-07"", ""requested_t"": 12.916666666666666, ""shipment_id"": ""S0067"", ""source_id"": ""A"", ""source_name"": ""Earth-Core"", ""unfulfilled_request_t"": 0.0}, {""actual_arrival_month"": ""2041-08"", ""actual_delivery_share"": 1.0, ""availability_share"": 1.0, ""feasible_t"": 12.916666666666666, ""gross_delivery_t"": 12.916666666666666, ""order_month"": ""2040-08"", ""planned_arrival_month"": ""2041-08"", ""requested_t"": 12.916666666666666, ""shipment_id"": ""S0068"", ""source_id"": ""A"", ""source_name"": ""Earth-Core"", ""unfulfilled_request_t"": 0.0}, {""actual_arrival_month"": ""2041-09"", ""actual_delivery_share"": 1.0, ""availability_share"": 1.0, ""feasible_t"": 12.916666666666666, ""gross_delivery_t"": 12.916666666666666, ""order_month"": ""2040-09"", ""planned_arrival_month"": ""2041-09"", ""requested_t"": 12.916666666666666, ""shipment_id"": ""S0069"", ""source_id"": ""A"", ""source_name"": ""Earth-Core"", ""unfulfilled_request_t"": 0.0}, {""actual_arrival_month"": ""2040-10"", ""actual_delivery_share"": 1.0, ""availability_share"": 1.0, ""feasible_t"": 4.166666666666667, ""gross_delivery_t"": 4.166666666666667, ""order_month"": ""2040-06"", ""planned_arrival_month"": ""2040-10"", ""requested_t"": 4.166666666666667, ""shipment_id"": ""S0138"", ""source_id"": ""B"", ""source_name"": ""Earth-Flex"", ""unfulfilled_request_t"": 0.0}, {""actual_arrival_month"": ""2040-11"", ""actual_delivery_share"": 1.0, ""availability_share"": 1.0, ""feasible_t"": 4.166666666666667, ""gross_delivery_t"": 4.166666666666667, ""order_month"": ""2040-07"", ""planned_arrival_month"": ""2040-11"", ""requested_t"": 4.166666666666667, ""shipment_id"": ""S0139"", ""source_id"": ""B"", ""source_name"": ""Earth-Flex"", ""unfulfilled_request_t"": 0.0}, {""actual_arrival_month"": ""2040-12"", ""actual_delivery_share"": 1.0, ""availability_share"": 1.0, ""feasible_t"": 4.166666666666667, ""gross_delivery_t"": 4.166666666666667, ""order_month"": ""2040-08"", ""planned_arrival_month"": ""2040-12"", ""requested_t"": 4.166666666666667, ""shipment_id"": ""S0140"", ""source_id"": ""B"", ""source_name"": ""Earth-Flex"", ""unfulfilled_request_t"": 0.0}, {""actual_arrival_month"": ""2041-01"", ""actual_delivery_share"": 1.0, ""availability_share"": 1.0, ""feasible_t"": 4.166666666666667, ""gross_delivery_t"": 4.166666666666667, ""order_month"": ""2040-09"", ""planned_arrival_month"": ""2041-01"", ""requested_t"": 4.166666666666667, ""shipment_id"": ""S0141"", ""source_id"": ""B"", ""source_name"": ""Earth-Flex"", ""unfulfilled_request_t"": 0.0}, {""actual_arrival_month"": ""2040-10"", ""actual_delivery_share"": 1.0, ""availability_share"": 1.0, ""feasible_t"": 10.0, ""gross_delivery_t"": 10.0, ""order_month"": ""2040-08"", ""planned_arrival_month"": ""2040-10"", ""requested_t"": 10.0, ""shipment_id"": ""S0224"", ""source_id"": ""D"", ""source_name"": ""Lunar-ISRU"", ""unfulfilled_request_t"": 0.0}, {""actual_arrival_month"": ""2040-11"", ""actual_delivery_share"": 1.0, ""availability_share"": 1.0, ""feasible_t"": 10.0, ""gross_delivery_t"": 10.0, ""order_month"": ""2040-09"", ""planned_arrival_month"": ""2040-11"", ""requested_t"": 10.0, ""shipment_id"": ""S0225"", ""source_id"": ""D"", ""source_name"": ""Lunar-ISRU"", ""unfulfilled_request_t"": 0.0}]","{""A"": 12.5, ""B"": 4.166666666666667, ""C"": 5.833333333333333, ""D"": 10.0}","{""A"": 12.5, ""B"": 4.166666666666667, ""C"": 5.833333333333333, ""D"": 10.0}",32.5,0.39,32.11,32.11,0.0,32.11,23.958333333333332,8.151666666666667,0.0,5.2649999999999935,0.0,ZBO,120.0,0.012,"[""ZBO"", ""EARTH_NEW"", ""LUNAR_ISRU""]",0.0,6.833333333333333,[]
2040-10,0.0,37.37499999999999,23.958333333333332,"{""A"": 165.0, ""B"": 75.0, ""C"": 90.0, ""D"": 120.0, ""E"": 50.0}","{""A"": 12.916666666666666, ""B"": 4.166666666666667, ""C"": 5.833333333333333, ""D"": 10.0}","[{""actual_arrival_month"": ""2040-11"", ""actual_delivery_share"": 1.0, ""availability_share"": 1.0, ""feasible_t"": 12.5, ""gross_delivery_t"": 12.5, ""order_month"": ""2039-11"", ""planned_arrival_month"": ""2040-11"", ""requested_t"": 12.5, ""shipment_id"": ""S0059"", ""source_id"": ""A"", ""source_name"": ""Earth-Core"", ""unfulfilled_request_t"": 0.0}, {""actual_arrival_month"": ""2040-12"", ""actual_delivery_share"": 1.0, ""availability_share"": 1.0, ""feasible_t"": 12.5, ""gross_delivery_t"": 12.5, ""order_month"": ""2039-12"", ""planned_arrival_month"": ""2040-12"", ""requested_t"": 12.5, ""shipment_id"": ""S0060"", ""source_id"": ""A"", ""source_name"": ""Earth-Core"", ""unfulfilled_request_t"": 0.0}, {""actual_arrival_month"": ""2041-01"", ""actual_delivery_share"": 1.0, ""availability_share"": 1.0, ""feasible_t"": 12.916666666666666, ""gross_delivery_t"": 12.916666666666666, ""order_month"": ""2040-01"", ""planned_arrival_month"": ""2041-01"", ""requested_t"": 12.916666666666666, ""shipment_id"": ""S0061"", ""source_id"": ""A"", ""source_name"": ""Earth-Core"", ""unfulfilled_request_t"": 0.0}, {""actual_arrival_month"": ""2041-02"", ""actual_delivery_share"": 1.0, ""availability_share"": 1.0, ""feasible_t"": 12.916666666666666, ""gross_delivery_t"": 12.916666666666666, ""order_month"": ""2040-02"", ""planned_arrival_month"": ""2041-02"", ""requested_t"": 12.916666666666666, ""shipment_id"": ""S0062"", ""source_id"": ""A"", ""source_name"": ""Earth-Core"", ""unfulfilled_request_t"": 0.0}, {""actual_arrival_month"": ""2041-03"", ""actual_delivery_share"": 1.0, ""availability_share"": 1.0, ""feasible_t"": 12.916666666666666, ""gross_delivery_t"": 12.916666666666666, ""order_month"": ""2040-03"", ""planned_arrival_month"": ""2041-03"", ""requested_t"": 12.916666666666666, ""shipment_id"": ""S0063"", ""source_id"": ""A"", ""source_name"": ""Earth-Core"", ""unfulfilled_request_t"": 0.0}, {""actual_arrival_month"": ""2041-04"", ""actual_delivery_share"": 1.0, ""availability_share"": 1.0, ""feasible_t"": 12.916666666666666, ""gross_delivery_t"": 12.916666666666666, ""order_month"": ""2040-04"", ""planned_arrival_month"": ""2041-04"", ""requested_t"": 12.916666666666666, ""shipment_id"": ""S0064"", ""source_id"": ""A"", ""source_name"": ""Earth-Core"", ""unfulfilled_request_t"": 0.0}, {""actual_arrival_month"": ""2041-05"", ""actual_delivery_share"": 1.0, ""availability_share"": 1.0, ""feasible_t"": 12.916666666666666, ""gross_delivery_t"": 12.916666666666666, ""order_month"": ""2040-05"", ""planned_arrival_month"": ""2041-05"", ""requested_t"": 12.916666666666666, ""shipment_id"": ""S0065"", ""source_id"": ""A"", ""source_name"": ""Earth-Core"", ""unfulfilled_request_t"": 0.0}, {""actual_arrival_month"": ""2041-06"", ""actual_delivery_share"": 1.0, ""availability_share"": 1.0, ""feasible_t"": 12.916666666666666, ""gross_delivery_t"": 12.916666666666666, ""order_month"": ""2040-06"", ""planned_arrival_month"": ""2041-06"", ""requested_t"": 12.916666666666666, ""shipment_id"": ""S0066"", ""source_id"": ""A"", ""source_name"": ""Earth-Core"", ""unfulfilled_request_t"": 0.0}, {""actual_arrival_month"": ""2041-07"", ""actual_delivery_share"": 1.0, ""availability_share"": 1.0, ""feasible_t"": 12.916666666666666, ""gross_delivery_t"": 12.916666666666666, ""order_month"": ""2040-07"", ""planned_arrival_month"": ""2041-07"", ""requested_t"": 12.916666666666666, ""shipment_id"": ""S0067"", ""source_id"": ""A"", ""source_name"": ""Earth-Core"", ""unfulfilled_request_t"": 0.0}, {""actual_arrival_month"": ""2041-08"", ""actual_delivery_share"": 1.0, ""availability_share"": 1.0, ""feasible_t"": 12.916666666666666, ""gross_delivery_t"": 12.916666666666666, ""order_month"": ""2040-08"", ""planned_arrival_month"": ""2041-08"", ""requested_t"": 12.916666666666666, ""shipment_id"": ""S0068"", ""source_id"": ""A"", ""source_name"": ""Earth-Core"", ""unfulfilled_request_t"": 0.0}, {""actual_arrival_month"": ""2041-09"", ""actual_delivery_share"": 1.0, ""availability_share"": 1.0, ""feasible_t"": 12.916666666666666, ""gross_delivery_t"": 12.916666666666666, ""order_month"": ""2040-09"", ""planned_arrival_month"": ""2041-09"", ""requested_t"": 12.916666666666666, ""shipment_id"": ""S0069"", ""source_id"": ""A"", ""source_name"": ""Earth-Core"", ""unfulfilled_request_t"": 0.0}, {""actual_arrival_month"": ""2041-10"", ""actual_delivery_share"": 1.0, ""availability_share"": 1.0, ""feasible_t"": 12.916666666666666, ""gross_delivery_t"": 12.916666666666666, ""order_month"": ""2040-10"", ""planned_arrival_month"": ""2041-10"", ""requested_t"": 12.916666666666666, ""shipment_id"": ""S0070"", ""source_id"": ""A"", ""source_name"": ""Earth-Core"", ""unfulfilled_request_t"": 0.0}, {""actual_arrival_month"": ""2040-11"", ""actual_delivery_share"": 1.0, ""availability_share"": 1.0, ""feasible_t"": 4.166666666666667, ""gross_delivery_t"": 4.166666666666667, ""order_month"": ""2040-07"", ""planned_arrival_month"": ""2040-11"", ""requested_t"": 4.166666666666667, ""shipment_id"": ""S0139"", ""source_id"": ""B"", ""source_name"": ""Earth-Flex"", ""unfulfilled_request_t"": 0.0}, {""actual_arrival_month"": ""2040-12"", ""actual_delivery_share"": 1.0, ""availability_share"": 1.0, ""feasible_t"": 4.166666666666667, ""gross_delivery_t"": 4.166666666666667, ""order_month"": ""2040-08"", ""planned_arrival_month"": ""2040-12"", ""requested_t"": 4.166666666666667, ""shipment_id"": ""S0140"", ""source_id"": ""B"", ""source_name"": ""Earth-Flex"", ""unfulfilled_request_t"": 0.0}, {""actual_arrival_month"": ""2041-01"", ""actual_delivery_share"": 1.0, ""availability_share"": 1.0, ""feasible_t"": 4.166666666666667, ""gross_delivery_t"": 4.166666666666667, ""order_month"": ""2040-09"", ""planned_arrival_month"": ""2041-01"", ""requested_t"": 4.166666666666667, ""shipment_id"": ""S0141"", ""source_id"": ""B"", ""source_name"": ""Earth-Flex"", ""unfulfilled_request_t"": 0.0}, {""actual_arrival_month"": ""2041-02"", ""actual_delivery_share"": 1.0, ""availability_share"": 1.0, ""feasible_t"": 4.166666666666667, ""gross_delivery_t"": 4.166666666666667, ""order_month"": ""2040-10"", ""planned_arrival_month"": ""2041-02"", ""requested_t"": 4.166666666666667, ""shipment_id"": ""S0142"", ""source_id"": ""B"", ""source_name"": ""Earth-Flex"", ""unfulfilled_request_t"": 0.0}, {""actual_arrival_month"": ""2040-11"", ""actual_delivery_share"": 1.0, ""availability_share"": 1.0, ""feasible_t"": 10.0, ""gross_delivery_t"": 10.0, ""order_month"": ""2040-09"", ""planned_arrival_month"": ""2040-11"", ""requested_t"": 10.0, ""shipment_id"": ""S0225"", ""source_id"": ""D"", ""source_name"": ""Lunar-ISRU"", ""unfulfilled_request_t"": 0.0}, {""actual_arrival_month"": ""2040-12"", ""actual_delivery_share"": 1.0, ""availability_share"": 1.0, ""feasible_t"": 10.0, ""gross_delivery_t"": 10.0, ""order_month"": ""2040-10"", ""planned_arrival_month"": ""2040-12"", ""requested_t"": 10.0, ""shipment_id"": ""S0226"", ""source_id"": ""D"", ""source_name"": ""Lunar-ISRU"", ""unfulfilled_request_t"": 0.0}]","{""A"": 12.5, ""B"": 4.166666666666667, ""C"": 5.833333333333333, ""D"": 10.0}","{""A"": 12.5, ""B"": 4.166666666666667, ""C"": 5.833333333333333, ""D"": 10.0}",32.5,0.39,32.11,32.11,0.0,32.11,23.958333333333332,8.151666666666667,0.0,5.2649999999999935,0.0,ZBO,120.0,0.012,"[""ZBO"", ""EARTH_NEW"", ""LUNAR_ISRU""]",0.0,6.833333333333333,[]
2040-11,0.0,37.37499999999999,23.958333333333332,"{""A"": 165.0, ""B"": 75.0, ""C"": 90.0, ""D"": 120.0, ""E"": 50.0}","{""A"": 12.916666666666666, ""B"": 4.166666666666667, ""C"": 5.833333333333333, ""D"": 10.0}","[{""actual_arrival_month"": ""2040-12"", ""actual_delivery_share"": 1.0, ""availability_share"": 1.0, ""feasible_t"": 12.5, ""gross_delivery_t"": 12.5, ""order_month"": ""2039-12"", ""planned_arrival_month"": ""2040-12"", ""requested_t"": 12.5, ""shipment_id"": ""S0060"", ""source_id"": ""A"", ""source_name"": ""Earth-Core"", ""unfulfilled_request_t"": 0.0}, {""actual_arrival_month"": ""2041-01"", ""actual_delivery_share"": 1.0, ""availability_share"": 1.0, ""feasible_t"": 12.916666666666666, ""gross_delivery_t"": 12.916666666666666, ""order_month"": ""2040-01"", ""planned_arrival_month"": ""2041-01"", ""requested_t"": 12.916666666666666, ""shipment_id"": ""S0061"", ""source_id"": ""A"", ""source_name"": ""Earth-Core"", ""unfulfilled_request_t"": 0.0}, {""actual_arrival_month"": ""2041-02"", ""actual_delivery_share"": 1.0, ""availability_share"": 1.0, ""feasible_t"": 12.916666666666666, ""gross_delivery_t"": 12.916666666666666, ""order_month"": ""2040-02"", ""planned_arrival_month"": ""2041-02"", ""requested_t"": 12.916666666666666, ""shipment_id"": ""S0062"", ""source_id"": ""A"", ""source_name"": ""Earth-Core"", ""unfulfilled_request_t"": 0.0}, {""actual_arrival_month"": ""2041-03"", ""actual_delivery_share"": 1.0, ""availability_share"": 1.0, ""feasible_t"": 12.916666666666666, ""gross_delivery_t"": 12.916666666666666, ""order_month"": ""2040-03"", ""planned_arrival_month"": ""2041-03"", ""requested_t"": 12.916666666666666, ""shipment_id"": ""S0063"", ""source_id"": ""A"", ""source_name"": ""Earth-Core"", ""unfulfilled_request_t"": 0.0}, {""actual_arrival_month"": ""2041-04"", ""actual_delivery_share"": 1.0, ""availability_share"": 1.0, ""feasible_t"": 12.916666666666666, ""gross_delivery_t"": 12.916666666666666, ""order_month"": ""2040-04"", ""planned_arrival_month"": ""2041-04"", ""requested_t"": 12.916666666666666, ""shipment_id"": ""S0064"", ""source_id"": ""A"", ""source_name"": ""Earth-Core"", ""unfulfilled_request_t"": 0.0}, {""actual_arrival_month"": ""2041-05"", ""actual_delivery_share"": 1.0, ""availability_share"": 1.0, ""feasible_t"": 12.916666666666666, ""gross_delivery_t"": 12.916666666666666, ""order_month"": ""2040-05"", ""planned_arrival_month"": ""2041-05"", ""requested_t"": 12.916666666666666, ""shipment_id"": ""S0065"", ""source_id"": ""A"", ""source_name"": ""Earth-Core"", ""unfulfilled_request_t"": 0.0}, {""actual_arrival_month"": ""2041-06"", ""actual_delivery_share"": 1.0, ""availability_share"": 1.0, ""feasible_t"": 12.916666666666666, ""gross_delivery_t"": 12.916666666666666, ""order_month"": ""2040-06"", ""planned_arrival_month"": ""2041-06"", ""requested_t"": 12.916666666666666, ""shipment_id"": ""S0066"", ""source_id"": ""A"", ""source_name"": ""Earth-Core"", ""unfulfilled_request_t"": 0.0}, {""actual_arrival_month"": ""2041-07"", ""actual_delivery_share"": 1.0, ""availability_share"": 1.0, ""feasible_t"": 12.916666666666666, ""gross_delivery_t"": 12.916666666666666, ""order_month"": ""2040-07"", ""planned_arrival_month"": ""2041-07"", ""requested_t"": 12.916666666666666, ""shipment_id"": ""S0067"", ""source_id"": ""A"", ""source_name"": ""Earth-Core"", ""unfulfilled_request_t"": 0.0}, {""actual_arrival_month"": ""2041-08"", ""actual_delivery_share"": 1.0, ""availability_share"": 1.0, ""feasible_t"": 12.916666666666666, ""gross_delivery_t"": 12.916666666666666, ""order_month"": ""2040-08"", ""planned_arrival_month"": ""2041-08"", ""requested_t"": 12.916666666666666, ""shipment_id"": ""S0068"", ""source_id"": ""A"", ""source_name"": ""Earth-Core"", ""unfulfilled_request_t"": 0.0}, {""actual_arrival_month"": ""2041-09"", ""actual_delivery_share"": 1.0, ""availability_share"": 1.0, ""feasible_t"": 12.916666666666666, ""gross_delivery_t"": 12.916666666666666, ""order_month"": ""2040-09"", ""planned_arrival_month"": ""2041-09"", ""requested_t"": 12.916666666666666, ""shipment_id"": ""S0069"", ""source_id"": ""A"", ""source_name"": ""Earth-Core"", ""unfulfilled_request_t"": 0.0}, {""actual_arrival_month"": ""2041-10"", ""actual_delivery_share"": 1.0, ""availability_share"": 1.0, ""feasible_t"": 12.916666666666666, ""gross_delivery_t"": 12.916666666666666, ""order_month"": ""2040-10"", ""planned_arrival_month"": ""2041-10"", ""requested_t"": 12.916666666666666, ""shipment_id"": ""S0070"", ""source_id"": ""A"", ""source_name"": ""Earth-Core"", ""unfulfilled_request_t"": 0.0}, {""actual_arrival_month"": ""2041-11"", ""actual_delivery_share"": 1.0, ""availability_share"": 1.0, ""feasible_t"": 12.916666666666666, ""gross_delivery_t"": 12.916666666666666, ""order_month"": ""2040-11"", ""planned_arrival_month"": ""2041-11"", ""requested_t"": 12.916666666666666, ""shipment_id"": ""S0071"", ""source_id"": ""A"", ""source_name"": ""Earth-Core"", ""unfulfilled_request_t"": 0.0}, {""actual_arrival_month"": ""2040-12"", ""actual_delivery_share"": 1.0, ""availability_share"": 1.0, ""feasible_t"": 4.166666666666667, ""gross_delivery_t"": 4.166666666666667, ""order_month"": ""2040-08"", ""planned_arrival_month"": ""2040-12"", ""requested_t"": 4.166666666666667, ""shipment_id"": ""S0140"", ""source_id"": ""B"", ""source_name"": ""Earth-Flex"", ""unfulfilled_request_t"": 0.0}, {""actual_arrival_month"": ""2041-01"", ""actual_delivery_share"": 1.0, ""availability_share"": 1.0, ""feasible_t"": 4.166666666666667, ""gross_delivery_t"": 4.166666666666667, ""order_month"": ""2040-09"", ""planned_arrival_month"": ""2041-01"", ""requested_t"": 4.166666666666667, ""shipment_id"": ""S0141"", ""source_id"": ""B"", ""source_name"": ""Earth-Flex"", ""unfulfilled_request_t"": 0.0}, {""actual_arrival_month"": ""2041-02"", ""actual_delivery_share"": 1.0, ""availability_share"": 1.0, ""feasible_t"": 4.166666666666667, ""gross_delivery_t"": 4.166666666666667, ""order_month"": ""2040-10"", ""planned_arrival_month"": ""2041-02"", ""requested_t"": 4.166666666666667, ""shipment_id"": ""S0142"", ""source_id"": ""B"", ""source_name"": ""Earth-Flex"", ""unfulfilled_request_t"": 0.0}, {""actual_arrival_month"": ""2041-03"", ""actual_delivery_share"": 1.0, ""availability_share"": 1.0, ""feasible_t"": 4.166666666666667, ""gross_delivery_t"": 4.166666666666667, ""order_month"": ""2040-11"", ""planned_arrival_month"": ""2041-03"", ""requested_t"": 4.166666666666667, ""shipment_id"": ""S0143"", ""source_id"": ""B"", ""source_name"": ""Earth-Flex"", ""unfulfilled_request_t"": 0.0}, {""actual_arrival_month"": ""2040-12"", ""actual_delivery_share"": 1.0, ""availability_share"": 1.0, ""feasible_t"": 10.0, ""gross_delivery_t"": 10.0, ""order_month"": ""2040-10"", ""planned_arrival_month"": ""2040-12"", ""requested_t"": 10.0, ""shipment_id"": ""S0226"", ""source_id"": ""D"", ""source_name"": ""Lunar-ISRU"", ""unfulfilled_request_t"": 0.0}, {""actual_arrival_month"": ""2041-01"", ""actual_delivery_share"": 1.0, ""availability_share"": 1.0, ""feasible_t"": 10.0, ""gross_delivery_t"": 10.0, ""order_month"": ""2040-11"", ""planned_arrival_month"": ""2041-01"", ""requested_t"": 10.0, ""shipment_id"": ""S0227"", ""source_id"": ""D"", ""source_name"": ""Lunar-ISRU"", ""unfulfilled_request_t"": 0.0}]","{""A"": 12.5, ""B"": 4.166666666666667, ""C"": 5.833333333333333, ""D"": 10.0}","{""A"": 12.5, ""B"": 4.166666666666667, ""C"": 5.833333333333333, ""D"": 10.0}",32.5,0.39,32.11,32.11,0.0,32.11,23.958333333333332,8.151666666666667,0.0,5.2649999999999935,0.0,ZBO,120.0,0.012,"[""ZBO"", ""EARTH_NEW"", ""LUNAR_ISRU""]",0.0,6.833333333333333,[]
2040-12,0.0,37.37499999999999,23.958333333333332,"{""A"": 165.0, ""B"": 75.0, ""C"": 90.0, ""D"": 120.0, ""E"": 50.0}","{""A"": 12.916666666666666, ""B"": 4.166666666666667, ""C"": 5.833333333333333, ""D"": 10.0}","[{""actual_arrival_month"": ""2041-01"", ""actual_delivery_share"": 1.0, ""availability_share"": 1.0, ""feasible_t"": 12.916666666666666, ""gross_delivery_t"": 12.916666666666666, ""order_month"": ""2040-01"", ""planned_arrival_month"": ""2041-01"", ""requested_t"": 12.916666666666666, ""shipment_id"": ""S0061"", ""source_id"": ""A"", ""source_name"": ""Earth-Core"", ""unfulfilled_request_t"": 0.0}, {""actual_arrival_month"": ""2041-02"", ""actual_delivery_share"": 1.0, ""availability_share"": 1.0, ""feasible_t"": 12.916666666666666, ""gross_delivery_t"": 12.916666666666666, ""order_month"": ""2040-02"", ""planned_arrival_month"": ""2041-02"", ""requested_t"": 12.916666666666666, ""shipment_id"": ""S0062"", ""source_id"": ""A"", ""source_name"": ""Earth-Core"", ""unfulfilled_request_t"": 0.0}, {""actual_arrival_month"": ""2041-03"", ""actual_delivery_share"": 1.0, ""availability_share"": 1.0, ""feasible_t"": 12.916666666666666, ""gross_delivery_t"": 12.916666666666666, ""order_month"": ""2040-03"", ""planned_arrival_month"": ""2041-03"", ""requested_t"": 12.916666666666666, ""shipment_id"": ""S0063"", ""source_id"": ""A"", ""source_name"": ""Earth-Core"", ""unfulfilled_request_t"": 0.0}, {""actual_arrival_month"": ""2041-04"", ""actual_delivery_share"": 1.0, ""availability_share"": 1.0, ""feasible_t"": 12.916666666666666, ""gross_delivery_t"": 12.916666666666666, ""order_month"": ""2040-04"", ""planned_arrival_month"": ""2041-04"", ""requested_t"": 12.916666666666666, ""shipment_id"": ""S0064"", ""source_id"": ""A"", ""source_name"": ""Earth-Core"", ""unfulfilled_request_t"": 0.0}, {""actual_arrival_month"": ""2041-05"", ""actual_delivery_share"": 1.0, ""availability_share"": 1.0, ""feasible_t"": 12.916666666666666, ""gross_delivery_t"": 12.916666666666666, ""order_month"": ""2040-05"", ""planned_arrival_month"": ""2041-05"", ""requested_t"": 12.916666666666666, ""shipment_id"": ""S0065"", ""source_id"": ""A"", ""source_name"": ""Earth-Core"", ""unfulfilled_request_t"": 0.0}, {""actual_arrival_month"": ""2041-06"", ""actual_delivery_share"": 1.0, ""availability_share"": 1.0, ""feasible_t"": 12.916666666666666, ""gross_delivery_t"": 12.916666666666666, ""order_month"": ""2040-06"", ""planned_arrival_month"": ""2041-06"", ""requested_t"": 12.916666666666666, ""shipment_id"": ""S0066"", ""source_id"": ""A"", ""source_name"": ""Earth-Core"", ""unfulfilled_request_t"": 0.0}, {""actual_arrival_month"": ""2041-07"", ""actual_delivery_share"": 1.0, ""availability_share"": 1.0, ""feasible_t"": 12.916666666666666, ""gross_delivery_t"": 12.916666666666666, ""order_month"": ""2040-07"", ""planned_arrival_month"": ""2041-07"", ""requested_t"": 12.916666666666666, ""shipment_id"": ""S0067"", ""source_id"": ""A"", ""source_name"": ""Earth-Core"", ""unfulfilled_request_t"": 0.0}, {""actual_arrival_month"": ""2041-08"", ""actual_delivery_share"": 1.0, ""availability_share"": 1.0, ""feasible_t"": 12.916666666666666, ""gross_delivery_t"": 12.916666666666666, ""order_month"": ""2040-08"", ""planned_arrival_month"": ""2041-08"", ""requested_t"": 12.916666666666666, ""shipment_id"": ""S0068"", ""source_id"": ""A"", ""source_name"": ""Earth-Core"", ""unfulfilled_request_t"": 0.0}, {""actual_arrival_month"": ""2041-09"", ""actual_delivery_share"": 1.0, ""availability_share"": 1.0, ""feasible_t"": 12.916666666666666, ""gross_delivery_t"": 12.916666666666666, ""order_month"": ""2040-09"", ""planned_arrival_month"": ""2041-09"", ""requested_t"": 12.916666666666666, ""shipment_id"": ""S0069"", ""source_id"": ""A"", ""source_name"": ""Earth-Core"", ""unfulfilled_request_t"": 0.0}, {""actual_arrival_month"": ""2041-10"", ""actual_delivery_share"": 1.0, ""availability_share"": 1.0, ""feasible_t"": 12.916666666666666, ""gross_delivery_t"": 12.916666666666666, ""order_month"": ""2040-10"", ""planned_arrival_month"": ""2041-10"", ""requested_t"": 12.916666666666666, ""shipment_id"": ""S0070"", ""source_id"": ""A"", ""source_name"": ""Earth-Core"", ""unfulfilled_request_t"": 0.0}, {""actual_arrival_month"": ""2041-11"", ""actual_delivery_share"": 1.0, ""availability_share"": 1.0, ""feasible_t"": 12.916666666666666, ""gross_delivery_t"": 12.916666666666666, ""order_month"": ""2040-11"", ""planned_arrival_month"": ""2041-11"", ""requested_t"": 12.916666666666666, ""shipment_id"": ""S0071"", ""source_id"": ""A"", ""source_name"": ""Earth-Core"", ""unfulfilled_request_t"": 0.0}, {""actual_arrival_month"": ""2041-12"", ""actual_delivery_share"": 1.0, ""availability_share"": 1.0, ""feasible_t"": 12.916666666666666, ""gross_delivery_t"": 12.916666666666666, ""order_month"": ""2040-12"", ""planned_arrival_month"": ""2041-12"", ""requested_t"": 12.916666666666666, ""shipment_id"": ""S0072"", ""source_id"": ""A"", ""source_name"": ""Earth-Core"", ""unfulfilled_request_t"": 0.0}, {""actual_arrival_month"": ""2041-01"", ""actual_delivery_share"": 1.0, ""availability_share"": 1.0, ""feasible_t"": 4.166666666666667, ""gross_delivery_t"": 4.166666666666667, ""order_month"": ""2040-09"", ""planned_arrival_month"": ""2041-01"", ""requested_t"": 4.166666666666667, ""shipment_id"": ""S0141"", ""source_id"": ""B"", ""source_name"": ""Earth-Flex"", ""unfulfilled_request_t"": 0.0}, {""actual_arrival_month"": ""2041-02"", ""actual_delivery_share"": 1.0, ""availability_share"": 1.0, ""feasible_t"": 4.166666666666667, ""gross_delivery_t"": 4.166666666666667, ""order_month"": ""2040-10"", ""planned_arrival_month"": ""2041-02"", ""requested_t"": 4.166666666666667, ""shipment_id"": ""S0142"", ""source_id"": ""B"", ""source_name"": ""Earth-Flex"", ""unfulfilled_request_t"": 0.0}, {""actual_arrival_month"": ""2041-03"", ""actual_delivery_share"": 1.0, ""availability_share"": 1.0, ""feasible_t"": 4.166666666666667, ""gross_delivery_t"": 4.166666666666667, ""order_month"": ""2040-11"", ""planned_arrival_month"": ""2041-03"", ""requested_t"": 4.166666666666667, ""shipment_id"": ""S0143"", ""source_id"": ""B"", ""source_name"": ""Earth-Flex"", ""unfulfilled_request_t"": 0.0}, {""actual_arrival_month"": ""2041-04"", ""actual_delivery_share"": 1.0, ""availability_share"": 1.0, ""feasible_t"": 4.166666666666667, ""gross_delivery_t"": 4.166666666666667, ""order_month"": ""2040-12"", ""planned_arrival_month"": ""2041-04"", ""requested_t"": 4.166666666666667, ""shipment_id"": ""S0144"", ""source_id"": ""B"", ""source_name"": ""Earth-Flex"", ""unfulfilled_request_t"": 0.0}, {""actual_arrival_month"": ""2041-01"", ""actual_delivery_share"": 1.0, ""availability_share"": 1.0, ""feasible_t"": 10.0, ""gross_delivery_t"": 10.0, ""order_month"": ""2040-11"", ""planned_arrival_month"": ""2041-01"", ""requested_t"": 10.0, ""shipment_id"": ""S0227"", ""source_id"": ""D"", ""source_name"": ""Lunar-ISRU"", ""unfulfilled_request_t"": 0.0}, {""actual_arrival_month"": ""2041-02"", ""actual_delivery_share"": 1.0, ""availability_share"": 1.0, ""feasible_t"": 10.0, ""gross_delivery_t"": 10.0, ""order_month"": ""2040-12"", ""planned_arrival_month"": ""2041-02"", ""requested_t"": 10.0, ""shipment_id"": ""S0228"", ""source_id"": ""D"", ""source_name"": ""Lunar-ISRU"", ""unfulfilled_request_t"": 0.0}]","{""A"": 12.5, ""B"": 4.166666666666667, ""C"": 5.833333333333333, ""D"": 10.0}","{""A"": 12.5, ""B"": 4.166666666666667, ""C"": 5.833333333333333, ""D"": 10.0}",32.5,0.39,32.11,32.11,0.0,32.11,23.958333333333332,8.151666666666667,0.0,5.2649999999999935,0.0,ZBO,120.0,0.012,"[""ZBO"", ""EARTH_NEW"", ""LUNAR_ISRU""]",0.0,6.833333333333333,[]
