month,opening_inventory_t,demand_total_t,demand_critical_t,reserved_by_source,requested_order_by_source,pipeline,planned_arrival_by_source,gross_delivery_by_source,gross_delivery_t,losses_t,net_delivery_t,accepted_delivery_t,overflow_t,available_inventory_t,served_critical_t,served_noncritical_t,shortage_critical_t,shortage_noncritical_t,closing_inventory_t,active_storage_id,active_storage_capacity_t,active_loss_rate,active_investments,holding_cost_mln,fixed_opex_mln,violations
2035-01,55.2945205479452,8.333333333333334,6.666666666666667,"{""A"": 160.7004048583996, ""B"": 69.80802792331117, ""C"": 0, ""D"": 0, ""E"": 19.63350785350314}","{""A"": 13.3917004048583, ""B"": 8.726003490401396, ""E"": 14.725130890052355}","[{""actual_arrival_month"": ""2036-01"", ""actual_delivery_share"": 1.0, ""availability_share"": 1.0, ""feasible_t"": 13.3917004048583, ""gross_delivery_t"": 13.3917004048583, ""order_month"": ""2035-01"", ""planned_arrival_month"": ""2036-01"", ""requested_t"": 13.3917004048583, ""shipment_id"": ""S0001"", ""source_id"": ""A"", ""source_name"": ""Earth-Core"", ""unfulfilled_request_t"": 0.0}, {""actual_arrival_month"": ""2035-05"", ""actual_delivery_share"": 1.0, ""availability_share"": 1.0, ""feasible_t"": 8.726003490401396, ""gross_delivery_t"": 8.726003490401396, ""order_month"": ""2035-01"", ""planned_arrival_month"": ""2035-05"", ""requested_t"": 8.726003490401396, ""shipment_id"": ""S0046"", ""source_id"": ""B"", ""source_name"": ""Earth-Flex"", ""unfulfilled_request_t"": 0.0}, {""actual_arrival_month"": ""2035-03"", ""actual_delivery_share"": 1.0, ""availability_share"": 1.0, ""feasible_t"": 14.725130890052355, ""gross_delivery_t"": 14.725130890052355, ""order_month"": ""2035-01"", ""planned_arrival_month"": ""2035-03"", ""requested_t"": 14.725130890052355, ""shipment_id"": ""S0075"", ""source_id"": ""E"", ""source_name"": ""Emergency"", ""unfulfilled_request_t"": 0.0}]",{},{},0,0.0,0.0,0.0,0.0,55.2945205479452,6.666666666666667,1.666666666666667,0.0,0.0,46.96118721461187,BASE,70.0,0.045,[],3.067671232876712,0.0,[]
2035-02,46.96118721461187,8.333333333333334,6.666666666666667,"{""A"": 160.7004048583996, ""B"": 69.80802792331117, ""C"": 0, ""D"": 0, ""E"": 19.63350785350314}","{""A"": 13.3917004048583, ""B"": 8.726003490401396, ""E"": 4.908376963350785}","[{""actual_arrival_month"": ""2036-01"", ""actual_delivery_share"": 1.0, ""availability_share"": 1.0, ""feasible_t"": 13.3917004048583, ""gross_delivery_t"": 13.3917004048583, ""order_month"": ""2035-01"", ""planned_arrival_month"": ""2036-01"", ""requested_t"": 13.3917004048583, ""shipment_id"": ""S0001"", ""source_id"": ""A"", ""source_name"": ""Earth-Core"", ""unfulfilled_request_t"": 0.0}, {""actual_arrival_month"": ""2036-02"", ""actual_delivery_share"": 1.0, ""availability_share"": 1.0, ""feasible_t"": 13.3917004048583, ""gross_delivery_t"": 13.3917004048583, ""order_month"": ""2035-02"", ""planned_arrival_month"": ""2036-02"", ""requested_t"": 13.3917004048583, ""shipment_id"": ""S0002"", ""source_id"": ""A"", ""source_name"": ""Earth-Core"", ""unfulfilled_request_t"": 0.0}, {""actual_arrival_month"": ""2035-05"", ""actual_delivery_share"": 1.0, ""availability_share"": 1.0, ""feasible_t"": 8.726003490401396, ""gross_delivery_t"": 8.726003490401396, ""order_month"": ""2035-01"", ""planned_arrival_month"": ""2035-05"", ""requested_t"": 8.726003490401396, ""shipment_id"": ""S0046"", ""source_id"": ""B"", ""source_name"": ""Earth-Flex"", ""unfulfilled_request_t"": 0.0}, {""actual_arrival_month"": ""2035-06"", ""actual_delivery_share"": 1.0, ""availability_share"": 1.0, ""feasible_t"": 8.726003490401396, ""gross_delivery_t"": 8.726003490401396, ""order_month"": ""2035-02"", ""planned_arrival_month"": ""2035-06"", ""requested_t"": 8.726003490401396, ""shipment_id"": ""S0047"", ""source_id"": ""B"", ""source_name"": ""Earth-Flex"", ""unfulfilled_request_t"": 0.0}, {""actual_arrival_month"": ""2035-03"", ""actual_delivery_share"": 1.0, ""availability_share"": 1.0, ""feasible_t"": 14.725130890052355, ""gross_delivery_t"": 14.725130890052355, ""order_month"": ""2035-01"", ""planned_arrival_month"": ""2035-03"", ""requested_t"": 14.725130890052355, ""shipment_id"": ""S0075"", ""source_id"": ""E"", ""source_name"": ""Emergency"", ""unfulfilled_request_t"": 0.0}, {""actual_arrival_month"": ""2035-04"", ""actual_delivery_share"": 1.0, ""availability_share"": 1.0, ""feasible_t"": 4.908376963350785, ""gross_delivery_t"": 4.908376963350785, ""order_month"": ""2035-02"", ""planned_arrival_month"": ""2035-04"", ""requested_t"": 4.908376963350785, ""shipment_id"": ""S0076"", ""source_id"": ""E"", ""source_name"": ""Emergency"", ""unfulfilled_request_t"": 0.0}]",{},{},0,0.0,0.0,0.0,0.0,46.96118721461187,6.666666666666667,1.666666666666667,0.0,0.0,38.62785388127854,BASE,70.0,0.045,[],2.567671232876712,0.0,[]
2035-03,38.62785388127854,8.333333333333334,6.666666666666667,"{""A"": 160.7004048583996, ""B"": 69.80802792331117, ""C"": 0, ""D"": 0, ""E"": 19.63350785350314}","{""A"": 13.3917004048583, ""B"": 8.726003490401396}","[{""actual_arrival_month"": ""2036-01"", ""actual_delivery_share"": 1.0, ""availability_share"": 1.0, ""feasible_t"": 13.3917004048583, ""gross_delivery_t"": 13.3917004048583, ""order_month"": ""2035-01"", ""planned_arrival_month"": ""2036-01"", ""requested_t"": 13.3917004048583, ""shipment_id"": ""S0001"", ""source_id"": ""A"", ""source_name"": ""Earth-Core"", ""unfulfilled_request_t"": 0.0}, {""actual_arrival_month"": ""2036-02"", ""actual_delivery_share"": 1.0, ""availability_share"": 1.0, ""feasible_t"": 13.3917004048583, ""gross_delivery_t"": 13.3917004048583, ""order_month"": ""2035-02"", ""planned_arrival_month"": ""2036-02"", ""requested_t"": 13.3917004048583, ""shipment_id"": ""S0002"", ""source_id"": ""A"", ""source_name"": ""Earth-Core"", ""unfulfilled_request_t"": 0.0}, {""actual_arrival_month"": ""2036-03"", ""actual_delivery_share"": 1.0, ""availability_share"": 1.0, ""feasible_t"": 13.3917004048583, ""gross_delivery_t"": 13.3917004048583, ""order_month"": ""2035-03"", ""planned_arrival_month"": ""2036-03"", ""requested_t"": 13.3917004048583, ""shipment_id"": ""S0003"", ""source_id"": ""A"", ""source_name"": ""Earth-Core"", ""unfulfilled_request_t"": 0.0}, {""actual_arrival_month"": ""2035-05"", ""actual_delivery_share"": 1.0, ""availability_share"": 1.0, ""feasible_t"": 8.726003490401396, ""gross_delivery_t"": 8.726003490401396, ""order_month"": ""2035-01"", ""planned_arrival_month"": ""2035-05"", ""requested_t"": 8.726003490401396, ""shipment_id"": ""S0046"", ""source_id"": ""B"", ""source_name"": ""Earth-Flex"", ""unfulfilled_request_t"": 0.0}, {""actual_arrival_month"": ""2035-06"", ""actual_delivery_share"": 1.0, ""availability_share"": 1.0, ""feasible_t"": 8.726003490401396, ""gross_delivery_t"": 8.726003490401396, ""order_month"": ""2035-02"", ""planned_arrival_month"": ""2035-06"", ""requested_t"": 8.726003490401396, ""shipment_id"": ""S0047"", ""source_id"": ""B"", ""source_name"": ""Earth-Flex"", ""unfulfilled_request_t"": 0.0}, {""actual_arrival_month"": ""2035-07"", ""actual_delivery_share"": 1.0, ""availability_share"": 1.0, ""feasible_t"": 8.726003490401396, ""gross_delivery_t"": 8.726003490401396, ""order_month"": ""2035-03"", ""planned_arrival_month"": ""2035-07"", ""requested_t"": 8.726003490401396, ""shipment_id"": ""S0048"", ""source_id"": ""B"", ""source_name"": ""Earth-Flex"", ""unfulfilled_request_t"": 0.0}, {""actual_arrival_month"": ""2035-04"", ""actual_delivery_share"": 1.0, ""availability_share"": 1.0, ""feasible_t"": 4.908376963350785, ""gross_delivery_t"": 4.908376963350785, ""order_month"": ""2035-02"", ""planned_arrival_month"": ""2035-04"", ""requested_t"": 4.908376963350785, ""shipment_id"": ""S0076"", ""source_id"": ""E"", ""source_name"": ""Emergency"", ""unfulfilled_request_t"": 0.0}]","{""E"": 14.725130890052355}","{""E"": 14.725130890052355}",14.725130890052355,0.662630890052356,14.0625,14.0625,0.0,52.69035388127854,6.666666666666667,1.666666666666667,0.0,0.0,44.35702054794521,BASE,70.0,0.045,[],2.4895462328767124,0.0,[]
2035-04,44.35702054794521,8.333333333333334,6.666666666666667,"{""A"": 160.7004048583996, ""B"": 69.80802792331117, ""C"": 0, ""D"": 0, ""E"": 19.63350785350314}","{""A"": 13.3917004048583, ""B"": 8.726003490401396}","[{""actual_arrival_month"": ""2036-01"", ""actual_delivery_share"": 1.0, ""availability_share"": 1.0, ""feasible_t"": 13.3917004048583, ""gross_delivery_t"": 13.3917004048583, ""order_month"": ""2035-01"", ""planned_arrival_month"": ""2036-01"", ""requested_t"": 13.3917004048583, ""shipment_id"": ""S0001"", ""source_id"": ""A"", ""source_name"": ""Earth-Core"", ""unfulfilled_request_t"": 0.0}, {""actual_arrival_month"": ""2036-02"", ""actual_delivery_share"": 1.0, ""availability_share"": 1.0, ""feasible_t"": 13.3917004048583, ""gross_delivery_t"": 13.3917004048583, ""order_month"": ""2035-02"", ""planned_arrival_month"": ""2036-02"", ""requested_t"": 13.3917004048583, ""shipment_id"": ""S0002"", ""source_id"": ""A"", ""source_name"": ""Earth-Core"", ""unfulfilled_request_t"": 0.0}, {""actual_arrival_month"": ""2036-03"", ""actual_delivery_share"": 1.0, ""availability_share"": 1.0, ""feasible_t"": 13.3917004048583, ""gross_delivery_t"": 13.3917004048583, ""order_month"": ""2035-03"", ""planned_arrival_month"": ""2036-03"", ""requested_t"": 13.3917004048583, ""shipment_id"": ""S0003"", ""source_id"": ""A"", ""source_name"": ""Earth-Core"", ""unfulfilled_request_t"": 0.0}, {""actual_arrival_month"": ""2036-04"", ""actual_delivery_share"": 1.0, ""availability_share"": 1.0, ""feasible_t"": 13.3917004048583, ""gross_delivery_t"": 13.3917004048583, ""order_month"": ""2035-04"", ""planned_arrival_month"": ""2036-04"", ""requested_t"": 13.3917004048583, ""shipment_id"": ""S0004"", ""source_id"": ""A"", ""source_name"": ""Earth-Core"", ""unfulfilled_request_t"": 0.0}, {""actual_arrival_month"": ""2035-05"", ""actual_delivery_share"": 1.0, ""availability_share"": 1.0, ""feasible_t"": 8.726003490401396, ""gross_delivery_t"": 8.726003490401396, ""order_month"": ""2035-01"", ""planned_arrival_month"": ""2035-05"", ""requested_t"": 8.726003490401396, ""shipment_id"": ""S0046"", ""source_id"": ""B"", ""source_name"": ""Earth-Flex"", ""unfulfilled_request_t"": 0.0}, {""actual_arrival_month"": ""2035-06"", ""actual_delivery_share"": 1.0, ""availability_share"": 1.0, ""feasible_t"": 8.726003490401396, ""gross_delivery_t"": 8.726003490401396, ""order_month"": ""2035-02"", ""planned_arrival_month"": ""2035-06"", ""requested_t"": 8.726003490401396, ""shipment_id"": ""S0047"", ""source_id"": ""B"", ""source_name"": ""Earth-Flex"", ""unfulfilled_request_t"": 0.0}, {""actual_arrival_month"": ""2035-07"", ""actual_delivery_share"": 1.0, ""availability_share"": 1.0, ""feasible_t"": 8.726003490401396, ""gross_delivery_t"": 8.726003490401396, ""order_month"": ""2035-03"", ""planned_arrival_month"": ""2035-07"", ""requested_t"": 8.726003490401396, ""shipment_id"": ""S0048"", ""source_id"": ""B"", ""source_name"": ""Earth-Flex"", ""unfulfilled_request_t"": 0.0}, {""actual_arrival_month"": ""2035-08"", ""actual_delivery_share"": 1.0, ""availability_share"": 1.0, ""feasible_t"": 8.726003490401396, ""gross_delivery_t"": 8.726003490401396, ""order_month"": ""2035-04"", ""planned_arrival_month"": ""2035-08"", ""requested_t"": 8.726003490401396, ""shipment_id"": ""S0049"", ""source_id"": ""B"", ""source_name"": ""Earth-Flex"", ""unfulfilled_request_t"": 0.0}]","{""E"": 4.908376963350785}","{""E"": 4.908376963350785}",4.908376963350785,0.22087696335078533,4.6875,4.6875,0.0,49.04452054794521,6.666666666666667,1.666666666666667,0.0,0.0,40.71118721461188,BASE,70.0,0.045,[],2.552046232876713,0.0,[]
2035-05,40.71118721461188,8.333333333333334,6.666666666666667,"{""A"": 160.7004048583996, ""B"": 69.80802792331117, ""C"": 0, ""D"": 0, ""E"": 19.63350785350314}","{""A"": 13.3917004048583, ""B"": 8.726003490401396}","[{""actual_arrival_month"": ""2036-01"", ""actual_delivery_share"": 1.0, ""availability_share"": 1.0, ""feasible_t"": 13.3917004048583, ""gross_delivery_t"": 13.3917004048583, ""order_month"": ""2035-01"", ""planned_arrival_month"": ""2036-01"", ""requested_t"": 13.3917004048583, ""shipment_id"": ""S0001"", ""source_id"": ""A"", ""source_name"": ""Earth-Core"", ""unfulfilled_request_t"": 0.0}, {""actual_arrival_month"": ""2036-02"", ""actual_delivery_share"": 1.0, ""availability_share"": 1.0, ""feasible_t"": 13.3917004048583, ""gross_delivery_t"": 13.3917004048583, ""order_month"": ""2035-02"", ""planned_arrival_month"": ""2036-02"", ""requested_t"": 13.3917004048583, ""shipment_id"": ""S0002"", ""source_id"": ""A"", ""source_name"": ""Earth-Core"", ""unfulfilled_request_t"": 0.0}, {""actual_arrival_month"": ""2036-03"", ""actual_delivery_share"": 1.0, ""availability_share"": 1.0, ""feasible_t"": 13.3917004048583, ""gross_delivery_t"": 13.3917004048583, ""order_month"": ""2035-03"", ""planned_arrival_month"": ""2036-03"", ""requested_t"": 13.3917004048583, ""shipment_id"": ""S0003"", ""source_id"": ""A"", ""source_name"": ""Earth-Core"", ""unfulfilled_request_t"": 0.0}, {""actual_arrival_month"": ""2036-04"", ""actual_delivery_share"": 1.0, ""availability_share"": 1.0, ""feasible_t"": 13.3917004048583, ""gross_delivery_t"": 13.3917004048583, ""order_month"": ""2035-04"", ""planned_arrival_month"": ""2036-04"", ""requested_t"": 13.3917004048583, ""shipment_id"": ""S0004"", ""source_id"": ""A"", ""source_name"": ""Earth-Core"", ""unfulfilled_request_t"": 0.0}, {""actual_arrival_month"": ""2036-05"", ""actual_delivery_share"": 1.0, ""availability_share"": 1.0, ""feasible_t"": 13.3917004048583, ""gross_delivery_t"": 13.3917004048583, ""order_month"": ""2035-05"", ""planned_arrival_month"": ""2036-05"", ""requested_t"": 13.3917004048583, ""shipment_id"": ""S0005"", ""source_id"": ""A"", ""source_name"": ""Earth-Core"", ""unfulfilled_request_t"": 0.0}, {""actual_arrival_month"": ""2035-06"", ""actual_delivery_share"": 1.0, ""availability_share"": 1.0, ""feasible_t"": 8.726003490401396, ""gross_delivery_t"": 8.726003490401396, ""order_month"": ""2035-02"", ""planned_arrival_month"": ""2035-06"", ""requested_t"": 8.726003490401396, ""shipment_id"": ""S0047"", ""source_id"": ""B"", ""source_name"": ""Earth-Flex"", ""unfulfilled_request_t"": 0.0}, {""actual_arrival_month"": ""2035-07"", ""actual_delivery_share"": 1.0, ""availability_share"": 1.0, ""feasible_t"": 8.726003490401396, ""gross_delivery_t"": 8.726003490401396, ""order_month"": ""2035-03"", ""planned_arrival_month"": ""2035-07"", ""requested_t"": 8.726003490401396, ""shipment_id"": ""S0048"", ""source_id"": ""B"", ""source_name"": ""Earth-Flex"", ""unfulfilled_request_t"": 0.0}, {""actual_arrival_month"": ""2035-08"", ""actual_delivery_share"": 1.0, ""availability_share"": 1.0, ""feasible_t"": 8.726003490401396, ""gross_delivery_t"": 8.726003490401396, ""order_month"": ""2035-04"", ""planned_arrival_month"": ""2035-08"", ""requested_t"": 8.726003490401396, ""shipment_id"": ""S0049"", ""source_id"": ""B"", ""source_name"": ""Earth-Flex"", ""unfulfilled_request_t"": 0.0}, {""actual_arrival_month"": ""2035-09"", ""actual_delivery_share"": 1.0, ""availability_share"": 1.0, ""feasible_t"": 8.726003490401396, ""gross_delivery_t"": 8.726003490401396, ""order_month"": ""2035-05"", ""planned_arrival_month"": ""2035-09"", ""requested_t"": 8.726003490401396, ""shipment_id"": ""S0050"", ""source_id"": ""B"", ""source_name"": ""Earth-Flex"", ""unfulfilled_request_t"": 0.0}]","{""B"": 8.726003490401396}","{""B"": 8.726003490401396}",8.726003490401396,0.3926701570680628,8.333333333333334,8.333333333333334,0.0,49.04452054794522,6.666666666666667,1.666666666666667,0.0,0.0,40.71118721461189,BASE,70.0,0.045,[],2.442671232876713,0.0,[]
2035-06,40.71118721461189,8.333333333333334,6.666666666666667,"{""A"": 160.7004048583996, ""B"": 69.80802792331117, ""C"": 0, ""D"": 0, ""E"": 19.63350785350314}","{""A"": 13.3917004048583, ""B"": 8.726003490401396}","[{""actual_arrival_month"": ""2036-01"", ""actual_delivery_share"": 1.0, ""availability_share"": 1.0, ""feasible_t"": 13.3917004048583, ""gross_delivery_t"": 13.3917004048583, ""order_month"": ""2035-01"", ""planned_arrival_month"": ""2036-01"", ""requested_t"": 13.3917004048583, ""shipment_id"": ""S0001"", ""source_id"": ""A"", ""source_name"": ""Earth-Core"", ""unfulfilled_request_t"": 0.0}, {""actual_arrival_month"": ""2036-02"", ""actual_delivery_share"": 1.0, ""availability_share"": 1.0, ""feasible_t"": 13.3917004048583, ""gross_delivery_t"": 13.3917004048583, ""order_month"": ""2035-02"", ""planned_arrival_month"": ""2036-02"", ""requested_t"": 13.3917004048583, ""shipment_id"": ""S0002"", ""source_id"": ""A"", ""source_name"": ""Earth-Core"", ""unfulfilled_request_t"": 0.0}, {""actual_arrival_month"": ""2036-03"", ""actual_delivery_share"": 1.0, ""availability_share"": 1.0, ""feasible_t"": 13.3917004048583, ""gross_delivery_t"": 13.3917004048583, ""order_month"": ""2035-03"", ""planned_arrival_month"": ""2036-03"", ""requested_t"": 13.3917004048583, ""shipment_id"": ""S0003"", ""source_id"": ""A"", ""source_name"": ""Earth-Core"", ""unfulfilled_request_t"": 0.0}, {""actual_arrival_month"": ""2036-04"", ""actual_delivery_share"": 1.0, ""availability_share"": 1.0, ""feasible_t"": 13.3917004048583, ""gross_delivery_t"": 13.3917004048583, ""order_month"": ""2035-04"", ""planned_arrival_month"": ""2036-04"", ""requested_t"": 13.3917004048583, ""shipment_id"": ""S0004"", ""source_id"": ""A"", ""source_name"": ""Earth-Core"", ""unfulfilled_request_t"": 0.0}, {""actual_arrival_month"": ""2036-05"", ""actual_delivery_share"": 1.0, ""availability_share"": 1.0, ""feasible_t"": 13.3917004048583, ""gross_delivery_t"": 13.3917004048583, ""order_month"": ""2035-05"", ""planned_arrival_month"": ""2036-05"", ""requested_t"": 13.3917004048583, ""shipment_id"": ""S0005"", ""source_id"": ""A"", ""source_name"": ""Earth-Core"", ""unfulfilled_request_t"": 0.0}, {""actual_arrival_month"": ""2036-06"", ""actual_delivery_share"": 1.0, ""availability_share"": 1.0, ""feasible_t"": 13.3917004048583, ""gross_delivery_t"": 13.3917004048583, ""order_month"": ""2035-06"", ""planned_arrival_month"": ""2036-06"", ""requested_t"": 13.3917004048583, ""shipment_id"": ""S0006"", ""source_id"": ""A"", ""source_name"": ""Earth-Core"", ""unfulfilled_request_t"": 0.0}, {""actual_arrival_month"": ""2035-07"", ""actual_delivery_share"": 1.0, ""availability_share"": 1.0, ""feasible_t"": 8.726003490401396, ""gross_delivery_t"": 8.726003490401396, ""order_month"": ""2035-03"", ""planned_arrival_month"": ""2035-07"", ""requested_t"": 8.726003490401396, ""shipment_id"": ""S0048"", ""source_id"": ""B"", ""source_name"": ""Earth-Flex"", ""unfulfilled_request_t"": 0.0}, {""actual_arrival_month"": ""2035-08"", ""actual_delivery_share"": 1.0, ""availability_share"": 1.0, ""feasible_t"": 8.726003490401396, ""gross_delivery_t"": 8.726003490401396, ""order_month"": ""2035-04"", ""planned_arrival_month"": ""2035-08"", ""requested_t"": 8.726003490401396, ""shipment_id"": ""S0049"", ""source_id"": ""B"", ""source_name"": ""Earth-Flex"", ""unfulfilled_request_t"": 0.0}, {""actual_arrival_month"": ""2035-09"", ""actual_delivery_share"": 1.0, ""availability_share"": 1.0, ""feasible_t"": 8.726003490401396, ""gross_delivery_t"": 8.726003490401396, ""order_month"": ""2035-05"", ""planned_arrival_month"": ""2035-09"", ""requested_t"": 8.726003490401396, ""shipment_id"": ""S0050"", ""source_id"": ""B"", ""source_name"": ""Earth-Flex"", ""unfulfilled_request_t"": 0.0}, {""actual_arrival_month"": ""2035-10"", ""actual_delivery_share"": 1.0, ""availability_share"": 1.0, ""feasible_t"": 8.726003490401396, ""gross_delivery_t"": 8.726003490401396, ""order_month"": ""2035-06"", ""planned_arrival_month"": ""2035-10"", ""requested_t"": 8.726003490401396, ""shipment_id"": ""S0051"", ""source_id"": ""B"", ""source_name"": ""Earth-Flex"", ""unfulfilled_request_t"": 0.0}]","{""B"": 8.726003490401396}","{""B"": 8.726003490401396}",8.726003490401396,0.3926701570680628,8.333333333333334,8.333333333333334,0.0,49.044520547945226,6.666666666666667,1.666666666666667,0.0,0.0,40.7111872146119,BASE,70.0,0.045,[],2.4426712328767137,0.0,[]
2035-07,40.7111872146119,8.333333333333334,6.666666666666667,"{""A"": 160.7004048583996, ""B"": 69.80802792331117, ""C"": 0, ""D"": 0, ""E"": 19.63350785350314}","{""A"": 13.3917004048583, ""B"": 8.726003490401396}","[{""actual_arrival_month"": ""2036-01"", ""actual_delivery_share"": 1.0, ""availability_share"": 1.0, ""feasible_t"": 13.3917004048583, ""gross_delivery_t"": 13.3917004048583, ""order_month"": ""2035-01"", ""planned_arrival_month"": ""2036-01"", ""requested_t"": 13.3917004048583, ""shipment_id"": ""S0001"", ""source_id"": ""A"", ""source_name"": ""Earth-Core"", ""unfulfilled_request_t"": 0.0}, {""actual_arrival_month"": ""2036-02"", ""actual_delivery_share"": 1.0, ""availability_share"": 1.0, ""feasible_t"": 13.3917004048583, ""gross_delivery_t"": 13.3917004048583, ""order_month"": ""2035-02"", ""planned_arrival_month"": ""2036-02"", ""requested_t"": 13.3917004048583, ""shipment_id"": ""S0002"", ""source_id"": ""A"", ""source_name"": ""Earth-Core"", ""unfulfilled_request_t"": 0.0}, {""actual_arrival_month"": ""2036-03"", ""actual_delivery_share"": 1.0, ""availability_share"": 1.0, ""feasible_t"": 13.3917004048583, ""gross_delivery_t"": 13.3917004048583, ""order_month"": ""2035-03"", ""planned_arrival_month"": ""2036-03"", ""requested_t"": 13.3917004048583, ""shipment_id"": ""S0003"", ""source_id"": ""A"", ""source_name"": ""Earth-Core"", ""unfulfilled_request_t"": 0.0}, {""actual_arrival_month"": ""2036-04"", ""actual_delivery_share"": 1.0, ""availability_share"": 1.0, ""feasible_t"": 13.3917004048583, ""gross_delivery_t"": 13.3917004048583, ""order_month"": ""2035-04"", ""planned_arrival_month"": ""2036-04"", ""requested_t"": 13.3917004048583, ""shipment_id"": ""S0004"", ""source_id"": ""A"", ""source_name"": ""Earth-Core"", ""unfulfilled_request_t"": 0.0}, {""actual_arrival_month"": ""2036-05"", ""actual_delivery_share"": 1.0, ""availability_share"": 1.0, ""feasible_t"": 13.3917004048583, ""gross_delivery_t"": 13.3917004048583, ""order_month"": ""2035-05"", ""planned_arrival_month"": ""2036-05"", ""requested_t"": 13.3917004048583, ""shipment_id"": ""S0005"", ""source_id"": ""A"", ""source_name"": ""Earth-Core"", ""unfulfilled_request_t"": 0.0}, {""actual_arrival_month"": ""2036-06"", ""actual_delivery_share"": 1.0, ""availability_share"": 1.0, ""feasible_t"": 13.3917004048583, ""gross_delivery_t"": 13.3917004048583, ""order_month"": ""2035-06"", ""planned_arrival_month"": ""2036-06"", ""requested_t"": 13.3917004048583, ""shipment_id"": ""S0006"", ""source_id"": ""A"", ""source_name"": ""Earth-Core"", ""unfulfilled_request_t"": 0.0}, {""actual_arrival_month"": ""2036-07"", ""actual_delivery_share"": 1.0, ""availability_share"": 1.0, ""feasible_t"": 13.3917004048583, ""gross_delivery_t"": 13.3917004048583, ""order_month"": ""2035-07"", ""planned_arrival_month"": ""2036-07"", ""requested_t"": 13.3917004048583, ""shipment_id"": ""S0007"", ""source_id"": ""A"", ""source_name"": ""Earth-Core"", ""unfulfilled_request_t"": 0.0}, {""actual_arrival_month"": ""2035-08"", ""actual_delivery_share"": 1.0, ""availability_share"": 1.0, ""feasible_t"": 8.726003490401396, ""gross_delivery_t"": 8.726003490401396, ""order_month"": ""2035-04"", ""planned_arrival_month"": ""2035-08"", ""requested_t"": 8.726003490401396, ""shipment_id"": ""S0049"", ""source_id"": ""B"", ""source_name"": ""Earth-Flex"", ""unfulfilled_request_t"": 0.0}, {""actual_arrival_month"": ""2035-09"", ""actual_delivery_share"": 1.0, ""availability_share"": 1.0, ""feasible_t"": 8.726003490401396, ""gross_delivery_t"": 8.726003490401396, ""order_month"": ""2035-05"", ""planned_arrival_month"": ""2035-09"", ""requested_t"": 8.726003490401396, ""shipment_id"": ""S0050"", ""source_id"": ""B"", ""source_name"": ""Earth-Flex"", ""unfulfilled_request_t"": 0.0}, {""actual_arrival_month"": ""2035-10"", ""actual_delivery_share"": 1.0, ""availability_share"": 1.0, ""feasible_t"": 8.726003490401396, ""gross_delivery_t"": 8.726003490401396, ""order_month"": ""2035-06"", ""planned_arrival_month"": ""2035-10"", ""requested_t"": 8.726003490401396, ""shipment_id"": ""S0051"", ""source_id"": ""B"", ""source_name"": ""Earth-Flex"", ""unfulfilled_request_t"": 0.0}, {""actual_arrival_month"": ""2035-11"", ""actual_delivery_share"": 1.0, ""availability_share"": 1.0, ""feasible_t"": 8.726003490401396, ""gross_delivery_t"": 8.726003490401396, ""order_month"": ""2035-07"", ""planned_arrival_month"": ""2035-11"", ""requested_t"": 8.726003490401396, ""shipment_id"": ""S0052"", ""source_id"": ""B"", ""source_name"": ""Earth-Flex"", ""unfulfilled_request_t"": 0.0}]","{""B"": 8.726003490401396}","{""B"": 8.726003490401396}",8.726003490401396,0.3926701570680628,8.333333333333334,8.333333333333334,0.0,49.04452054794523,6.666666666666667,1.666666666666667,0.0,0.0,40.711187214611904,BASE,70.0,0.045,[],2.4426712328767137,0.0,[]
2035-08,40.711187214611904,8.333333333333334,6.666666666666667,"{""A"": 160.7004048583996, ""B"": 69.80802792331117, ""C"": 0, ""D"": 0, ""E"": 19.63350785350314}","{""A"": 13.3917004048583, ""B"": 8.726003490401396}","[{""actual_arrival_month"": ""2036-01"", ""actual_delivery_share"": 1.0, ""availability_share"": 1.0, ""feasible_t"": 13.3917004048583, ""gross_delivery_t"": 13.3917004048583, ""order_month"": ""2035-01"", ""planned_arrival_month"": ""2036-01"", ""requested_t"": 13.3917004048583, ""shipment_id"": ""S0001"", ""source_id"": ""A"", ""source_name"": ""Earth-Core"", ""unfulfilled_request_t"": 0.0}, {""actual_arrival_month"": ""2036-02"", ""actual_delivery_share"": 1.0, ""availability_share"": 1.0, ""feasible_t"": 13.3917004048583, ""gross_delivery_t"": 13.3917004048583, ""order_month"": ""2035-02"", ""planned_arrival_month"": ""2036-02"", ""requested_t"": 13.3917004048583, ""shipment_id"": ""S0002"", ""source_id"": ""A"", ""source_name"": ""Earth-Core"", ""unfulfilled_request_t"": 0.0}, {""actual_arrival_month"": ""2036-03"", ""actual_delivery_share"": 1.0, ""availability_share"": 1.0, ""feasible_t"": 13.3917004048583, ""gross_delivery_t"": 13.3917004048583, ""order_month"": ""2035-03"", ""planned_arrival_month"": ""2036-03"", ""requested_t"": 13.3917004048583, ""shipment_id"": ""S0003"", ""source_id"": ""A"", ""source_name"": ""Earth-Core"", ""unfulfilled_request_t"": 0.0}, {""actual_arrival_month"": ""2036-04"", ""actual_delivery_share"": 1.0, ""availability_share"": 1.0, ""feasible_t"": 13.3917004048583, ""gross_delivery_t"": 13.3917004048583, ""order_month"": ""2035-04"", ""planned_arrival_month"": ""2036-04"", ""requested_t"": 13.3917004048583, ""shipment_id"": ""S0004"", ""source_id"": ""A"", ""source_name"": ""Earth-Core"", ""unfulfilled_request_t"": 0.0}, {""actual_arrival_month"": ""2036-05"", ""actual_delivery_share"": 1.0, ""availability_share"": 1.0, ""feasible_t"": 13.3917004048583, ""gross_delivery_t"": 13.3917004048583, ""order_month"": ""2035-05"", ""planned_arrival_month"": ""2036-05"", ""requested_t"": 13.3917004048583, ""shipment_id"": ""S0005"", ""source_id"": ""A"", ""source_name"": ""Earth-Core"", ""unfulfilled_request_t"": 0.0}, {""actual_arrival_month"": ""2036-06"", ""actual_delivery_share"": 1.0, ""availability_share"": 1.0, ""feasible_t"": 13.3917004048583, ""gross_delivery_t"": 13.3917004048583, ""order_month"": ""2035-06"", ""planned_arrival_month"": ""2036-06"", ""requested_t"": 13.3917004048583, ""shipment_id"": ""S0006"", ""source_id"": ""A"", ""source_name"": ""Earth-Core"", ""unfulfilled_request_t"": 0.0}, {""actual_arrival_month"": ""2036-07"", ""actual_delivery_share"": 1.0, ""availability_share"": 1.0, ""feasible_t"": 13.3917004048583, ""gross_delivery_t"": 13.3917004048583, ""order_month"": ""2035-07"", ""planned_arrival_month"": ""2036-07"", ""requested_t"": 13.3917004048583, ""shipment_id"": ""S0007"", ""source_id"": ""A"", ""source_name"": ""Earth-Core"", ""unfulfilled_request_t"": 0.0}, {""actual_arrival_month"": ""2036-08"", ""actual_delivery_share"": 1.0, ""availability_share"": 1.0, ""feasible_t"": 13.3917004048583, ""gross_delivery_t"": 13.3917004048583, ""order_month"": ""2035-08"", ""planned_arrival_month"": ""2036-08"", ""requested_t"": 13.3917004048583, ""shipment_id"": ""S0008"", ""source_id"": ""A"", ""source_name"": ""Earth-Core"", ""unfulfilled_request_t"": 0.0}, {""actual_arrival_month"": ""2035-09"", ""actual_delivery_share"": 1.0, ""availability_share"": 1.0, ""feasible_t"": 8.726003490401396, ""gross_delivery_t"": 8.726003490401396, ""order_month"": ""2035-05"", ""planned_arrival_month"": ""2035-09"", ""requested_t"": 8.726003490401396, ""shipment_id"": ""S0050"", ""source_id"": ""B"", ""source_name"": ""Earth-Flex"", ""unfulfilled_request_t"": 0.0}, {""actual_arrival_month"": ""2035-10"", ""actual_delivery_share"": 1.0, ""availability_share"": 1.0, ""feasible_t"": 8.726003490401396, ""gross_delivery_t"": 8.726003490401396, ""order_month"": ""2035-06"", ""planned_arrival_month"": ""2035-10"", ""requested_t"": 8.726003490401396, ""shipment_id"": ""S0051"", ""source_id"": ""B"", ""source_name"": ""Earth-Flex"", ""unfulfilled_request_t"": 0.0}, {""actual_arrival_month"": ""2035-11"", ""actual_delivery_share"": 1.0, ""availability_share"": 1.0, ""feasible_t"": 8.726003490401396, ""gross_delivery_t"": 8.726003490401396, ""order_month"": ""2035-07"", ""planned_arrival_month"": ""2035-11"", ""requested_t"": 8.726003490401396, ""shipment_id"": ""S0052"", ""source_id"": ""B"", ""source_name"": ""Earth-Flex"", ""unfulfilled_request_t"": 0.0}, {""actual_arrival_month"": ""2035-12"", ""actual_delivery_share"": 1.0, ""availability_share"": 1.0, ""feasible_t"": 8.726003490401396, ""gross_delivery_t"": 8.726003490401396, ""order_month"": ""2035-08"", ""planned_arrival_month"": ""2035-12"", ""requested_t"": 8.726003490401396, ""shipment_id"": ""S0053"", ""source_id"": ""B"", ""source_name"": ""Earth-Flex"", ""unfulfilled_request_t"": 0.0}]","{""B"": 8.726003490401396}","{""B"": 8.726003490401396}",8.726003490401396,0.3926701570680628,8.333333333333334,8.333333333333334,0.0,49.04452054794524,6.666666666666667,1.666666666666667,0.0,0.0,40.71118721461191,BASE,70.0,0.045,[],2.4426712328767146,0.0,[]
2035-09,40.71118721461191,8.333333333333334,6.666666666666667,"{""A"": 160.7004048583996, ""B"": 69.80802792331117, ""C"": 0, ""D"": 0, ""E"": 19.63350785350314}","{""A"": 13.3917004048583}","[{""actual_arrival_month"": ""2036-01"", ""actual_delivery_share"": 1.0, ""availability_share"": 1.0, ""feasible_t"": 13.3917004048583, ""gross_delivery_t"": 13.3917004048583, ""order_month"": ""2035-01"", ""planned_arrival_month"": ""2036-01"", ""requested_t"": 13.3917004048583, ""shipment_id"": ""S0001"", ""source_id"": ""A"", ""source_name"": ""Earth-Core"", ""unfulfilled_request_t"": 0.0}, {""actual_arrival_month"": ""2036-02"", ""actual_delivery_share"": 1.0, ""availability_share"": 1.0, ""feasible_t"": 13.3917004048583, ""gross_delivery_t"": 13.3917004048583, ""order_month"": ""2035-02"", ""planned_arrival_month"": ""2036-02"", ""requested_t"": 13.3917004048583, ""shipment_id"": ""S0002"", ""source_id"": ""A"", ""source_name"": ""Earth-Core"", ""unfulfilled_request_t"": 0.0}, {""actual_arrival_month"": ""2036-03"", ""actual_delivery_share"": 1.0, ""availability_share"": 1.0, ""feasible_t"": 13.3917004048583, ""gross_delivery_t"": 13.3917004048583, ""order_month"": ""2035-03"", ""planned_arrival_month"": ""2036-03"", ""requested_t"": 13.3917004048583, ""shipment_id"": ""S0003"", ""source_id"": ""A"", ""source_name"": ""Earth-Core"", ""unfulfilled_request_t"": 0.0}, {""actual_arrival_month"": ""2036-04"", ""actual_delivery_share"": 1.0, ""availability_share"": 1.0, ""feasible_t"": 13.3917004048583, ""gross_delivery_t"": 13.3917004048583, ""order_month"": ""2035-04"", ""planned_arrival_month"": ""2036-04"", ""requested_t"": 13.3917004048583, ""shipment_id"": ""S0004"", ""source_id"": ""A"", ""source_name"": ""Earth-Core"", ""unfulfilled_request_t"": 0.0}, {""actual_arrival_month"": ""2036-05"", ""actual_delivery_share"": 1.0, ""availability_share"": 1.0, ""feasible_t"": 13.3917004048583, ""gross_delivery_t"": 13.3917004048583, ""order_month"": ""2035-05"", ""planned_arrival_month"": ""2036-05"", ""requested_t"": 13.3917004048583, ""shipment_id"": ""S0005"", ""source_id"": ""A"", ""source_name"": ""Earth-Core"", ""unfulfilled_request_t"": 0.0}, {""actual_arrival_month"": ""2036-06"", ""actual_delivery_share"": 1.0, ""availability_share"": 1.0, ""feasible_t"": 13.3917004048583, ""gross_delivery_t"": 13.3917004048583, ""order_month"": ""2035-06"", ""planned_arrival_month"": ""2036-06"", ""requested_t"": 13.3917004048583, ""shipment_id"": ""S0006"", ""source_id"": ""A"", ""source_name"": ""Earth-Core"", ""unfulfilled_request_t"": 0.0}, {""actual_arrival_month"": ""2036-07"", ""actual_delivery_share"": 1.0, ""availability_share"": 1.0, ""feasible_t"": 13.3917004048583, ""gross_delivery_t"": 13.3917004048583, ""order_month"": ""2035-07"", ""planned_arrival_month"": ""2036-07"", ""requested_t"": 13.3917004048583, ""shipment_id"": ""S0007"", ""source_id"": ""A"", ""source_name"": ""Earth-Core"", ""unfulfilled_request_t"": 0.0}, {""actual_arrival_month"": ""2036-08"", ""actual_delivery_share"": 1.0, ""availability_share"": 1.0, ""feasible_t"": 13.3917004048583, ""gross_delivery_t"": 13.3917004048583, ""order_month"": ""2035-08"", ""planned_arrival_month"": ""2036-08"", ""requested_t"": 13.3917004048583, ""shipment_id"": ""S0008"", ""source_id"": ""A"", ""source_name"": ""Earth-Core"", ""unfulfilled_request_t"": 0.0}, {""actual_arrival_month"": ""2036-09"", ""actual_delivery_share"": 1.0, ""availability_share"": 1.0, ""feasible_t"": 13.3917004048583, ""gross_delivery_t"": 13.3917004048583, ""order_month"": ""2035-09"", ""planned_arrival_month"": ""2036-09"", ""requested_t"": 13.3917004048583, ""shipment_id"": ""S0009"", ""source_id"": ""A"", ""source_name"": ""Earth-Core"", ""unfulfilled_request_t"": 0.0}, {""actual_arrival_month"": ""2035-10"", ""actual_delivery_share"": 1.0, ""availability_share"": 1.0, ""feasible_t"": 8.726003490401396, ""gross_delivery_t"": 8.726003490401396, ""order_month"": ""2035-06"", ""planned_arrival_month"": ""2035-10"", ""requested_t"": 8.726003490401396, ""shipment_id"": ""S0051"", ""source_id"": ""B"", ""source_name"": ""Earth-Flex"", ""unfulfilled_request_t"": 0.0}, {""actual_arrival_month"": ""2035-11"", ""actual_delivery_share"": 1.0, ""availability_share"": 1.0, ""feasible_t"": 8.726003490401396, ""gross_delivery_t"": 8.726003490401396, ""order_month"": ""2035-07"", ""planned_arrival_month"": ""2035-11"", ""requested_t"": 8.726003490401396, ""shipment_id"": ""S0052"", ""source_id"": ""B"", ""source_name"": ""Earth-Flex"", ""unfulfilled_request_t"": 0.0}, {""actual_arrival_month"": ""2035-12"", ""actual_delivery_share"": 1.0, ""availability_share"": 1.0, ""feasible_t"": 8.726003490401396, ""gross_delivery_t"": 8.726003490401396, ""order_month"": ""2035-08"", ""planned_arrival_month"": ""2035-12"", ""requested_t"": 8.726003490401396, ""shipment_id"": ""S0053"", ""source_id"": ""B"", ""source_name"": ""Earth-Flex"", ""unfulfilled_request_t"": 0.0}]","{""B"": 8.726003490401396}","{""B"": 8.726003490401396}",8.726003490401396,0.3926701570680628,8.333333333333334,8.333333333333334,0.0,49.04452054794525,6.666666666666667,1.666666666666667,0.0,0.0,40.71118721461192,BASE,70.0,0.045,[],2.4426712328767146,0.0,[]
2035-10,40.71118721461192,8.333333333333334,6.666666666666667,"{""A"": 160.7004048583996, ""B"": 69.80802792331117, ""C"": 0, ""D"": 0, ""E"": 19.63350785350314}","{""A"": 13.3917004048583}","[{""actual_arrival_month"": ""2036-01"", ""actual_delivery_share"": 1.0, ""availability_share"": 1.0, ""feasible_t"": 13.3917004048583, ""gross_delivery_t"": 13.3917004048583, ""order_month"": ""2035-01"", ""planned_arrival_month"": ""2036-01"", ""requested_t"": 13.3917004048583, ""shipment_id"": ""S0001"", ""source_id"": ""A"", ""source_name"": ""Earth-Core"", ""unfulfilled_request_t"": 0.0}, {""actual_arrival_month"": ""2036-02"", ""actual_delivery_share"": 1.0, ""availability_share"": 1.0, ""feasible_t"": 13.3917004048583, ""gross_delivery_t"": 13.3917004048583, ""order_month"": ""2035-02"", ""planned_arrival_month"": ""2036-02"", ""requested_t"": 13.3917004048583, ""shipment_id"": ""S0002"", ""source_id"": ""A"", ""source_name"": ""Earth-Core"", ""unfulfilled_request_t"": 0.0}, {""actual_arrival_month"": ""2036-03"", ""actual_delivery_share"": 1.0, ""availability_share"": 1.0, ""feasible_t"": 13.3917004048583, ""gross_delivery_t"": 13.3917004048583, ""order_month"": ""2035-03"", ""planned_arrival_month"": ""2036-03"", ""requested_t"": 13.3917004048583, ""shipment_id"": ""S0003"", ""source_id"": ""A"", ""source_name"": ""Earth-Core"", ""unfulfilled_request_t"": 0.0}, {""actual_arrival_month"": ""2036-04"", ""actual_delivery_share"": 1.0, ""availability_share"": 1.0, ""feasible_t"": 13.3917004048583, ""gross_delivery_t"": 13.3917004048583, ""order_month"": ""2035-04"", ""planned_arrival_month"": ""2036-04"", ""requested_t"": 13.3917004048583, ""shipment_id"": ""S0004"", ""source_id"": ""A"", ""source_name"": ""Earth-Core"", ""unfulfilled_request_t"": 0.0}, {""actual_arrival_month"": ""2036-05"", ""actual_delivery_share"": 1.0, ""availability_share"": 1.0, ""feasible_t"": 13.3917004048583, ""gross_delivery_t"": 13.3917004048583, ""order_month"": ""2035-05"", ""planned_arrival_month"": ""2036-05"", ""requested_t"": 13.3917004048583, ""shipment_id"": ""S0005"", ""source_id"": ""A"", ""source_name"": ""Earth-Core"", ""unfulfilled_request_t"": 0.0}, {""actual_arrival_month"": ""2036-06"", ""actual_delivery_share"": 1.0, ""availability_share"": 1.0, ""feasible_t"": 13.3917004048583, ""gross_delivery_t"": 13.3917004048583, ""order_month"": ""2035-06"", ""planned_arrival_month"": ""2036-06"", ""requested_t"": 13.3917004048583, ""shipment_id"": ""S0006"", ""source_id"": ""A"", ""source_name"": ""Earth-Core"", ""unfulfilled_request_t"": 0.0}, {""actual_arrival_month"": ""2036-07"", ""actual_delivery_share"": 1.0, ""availability_share"": 1.0, ""feasible_t"": 13.3917004048583, ""gross_delivery_t"": 13.3917004048583, ""order_month"": ""2035-07"", ""planned_arrival_month"": ""2036-07"", ""requested_t"": 13.3917004048583, ""shipment_id"": ""S0007"", ""source_id"": ""A"", ""source_name"": ""Earth-Core"", ""unfulfilled_request_t"": 0.0}, {""actual_arrival_month"": ""2036-08"", ""actual_delivery_share"": 1.0, ""availability_share"": 1.0, ""feasible_t"": 13.3917004048583, ""gross_delivery_t"": 13.3917004048583, ""order_month"": ""2035-08"", ""planned_arrival_month"": ""2036-08"", ""requested_t"": 13.3917004048583, ""shipment_id"": ""S0008"", ""source_id"": ""A"", ""source_name"": ""Earth-Core"", ""unfulfilled_request_t"": 0.0}, {""actual_arrival_month"": ""2036-09"", ""actual_delivery_share"": 1.0, ""availability_share"": 1.0, ""feasible_t"": 13.3917004048583, ""gross_delivery_t"": 13.3917004048583, ""order_month"": ""2035-09"", ""planned_arrival_month"": ""2036-09"", ""requested_t"": 13.3917004048583, ""shipment_id"": ""S0009"", ""source_id"": ""A"", ""source_name"": ""Earth-Core"", ""unfulfilled_request_t"": 0.0}, {""actual_arrival_month"": ""2036-10"", ""actual_delivery_share"": 1.0, ""availability_share"": 1.0, ""feasible_t"": 13.3917004048583, ""gross_delivery_t"": 13.3917004048583, ""order_month"": ""2035-10"", ""planned_arrival_month"": ""2036-10"", ""requested_t"": 13.3917004048583, ""shipment_id"": ""S0010"", ""source_id"": ""A"", ""source_name"": ""Earth-Core"", ""unfulfilled_request_t"": 0.0}, {""actual_arrival_month"": ""2035-11"", ""actual_delivery_share"": 1.0, ""availability_share"": 1.0, ""feasible_t"": 8.726003490401396, ""gross_delivery_t"": 8.726003490401396, ""order_month"": ""2035-07"", ""planned_arrival_month"": ""2035-11"", ""requested_t"": 8.726003490401396, ""shipment_id"": ""S0052"", ""source_id"": ""B"", ""source_name"": ""Earth-Flex"", ""unfulfilled_request_t"": 0.0}, {""actual_arrival_month"": ""2035-12"", ""actual_delivery_share"": 1.0, ""availability_share"": 1.0, ""feasible_t"": 8.726003490401396, ""gross_delivery_t"": 8.726003490401396, ""order_month"": ""2035-08"", ""planned_arrival_month"": ""2035-12"", ""requested_t"": 8.726003490401396, ""shipment_id"": ""S0053"", ""source_id"": ""B"", ""source_name"": ""Earth-Flex"", ""unfulfilled_request_t"": 0.0}]","{""B"": 8.726003490401396}","{""B"": 8.726003490401396}",8.726003490401396,0.3926701570680628,8.333333333333334,8.333333333333334,0.0,49.044520547945254,6.666666666666667,1.666666666666667,0.0,0.0,40.711187214611925,BASE,70.0,0.045,[],2.4426712328767155,0.0,[]
2035-11,40.711187214611925,8.333333333333334,6.666666666666667,"{""A"": 160.7004048583996, ""B"": 69.80802792331117, ""C"": 0, ""D"": 0, ""E"": 19.63350785350314}","{""A"": 13.3917004048583}","[{""actual_arrival_month"": ""2036-01"", ""actual_delivery_share"": 1.0, ""availability_share"": 1.0, ""feasible_t"": 13.3917004048583, ""gross_delivery_t"": 13.3917004048583, ""order_month"": ""2035-01"", ""planned_arrival_month"": ""2036-01"", ""requested_t"": 13.3917004048583, ""shipment_id"": ""S0001"", ""source_id"": ""A"", ""source_name"": ""Earth-Core"", ""unfulfilled_request_t"": 0.0}, {""actual_arrival_month"": ""2036-02"", ""actual_delivery_share"": 1.0, ""availability_share"": 1.0, ""feasible_t"": 13.3917004048583, ""gross_delivery_t"": 13.3917004048583, ""order_month"": ""2035-02"", ""planned_arrival_month"": ""2036-02"", ""requested_t"": 13.3917004048583, ""shipment_id"": ""S0002"", ""source_id"": ""A"", ""source_name"": ""Earth-Core"", ""unfulfilled_request_t"": 0.0}, {""actual_arrival_month"": ""2036-03"", ""actual_delivery_share"": 1.0, ""availability_share"": 1.0, ""feasible_t"": 13.3917004048583, ""gross_delivery_t"": 13.3917004048583, ""order_month"": ""2035-03"", ""planned_arrival_month"": ""2036-03"", ""requested_t"": 13.3917004048583, ""shipment_id"": ""S0003"", ""source_id"": ""A"", ""source_name"": ""Earth-Core"", ""unfulfilled_request_t"": 0.0}, {""actual_arrival_month"": ""2036-04"", ""actual_delivery_share"": 1.0, ""availability_share"": 1.0, ""feasible_t"": 13.3917004048583, ""gross_delivery_t"": 13.3917004048583, ""order_month"": ""2035-04"", ""planned_arrival_month"": ""2036-04"", ""requested_t"": 13.3917004048583, ""shipment_id"": ""S0004"", ""source_id"": ""A"", ""source_name"": ""Earth-Core"", ""unfulfilled_request_t"": 0.0}, {""actual_arrival_month"": ""2036-05"", ""actual_delivery_share"": 1.0, ""availability_share"": 1.0, ""feasible_t"": 13.3917004048583, ""gross_delivery_t"": 13.3917004048583, ""order_month"": ""2035-05"", ""planned_arrival_month"": ""2036-05"", ""requested_t"": 13.3917004048583, ""shipment_id"": ""S0005"", ""source_id"": ""A"", ""source_name"": ""Earth-Core"", ""unfulfilled_request_t"": 0.0}, {""actual_arrival_month"": ""2036-06"", ""actual_delivery_share"": 1.0, ""availability_share"": 1.0, ""feasible_t"": 13.3917004048583, ""gross_delivery_t"": 13.3917004048583, ""order_month"": ""2035-06"", ""planned_arrival_month"": ""2036-06"", ""requested_t"": 13.3917004048583, ""shipment_id"": ""S0006"", ""source_id"": ""A"", ""source_name"": ""Earth-Core"", ""unfulfilled_request_t"": 0.0}, {""actual_arrival_month"": ""2036-07"", ""actual_delivery_share"": 1.0, ""availability_share"": 1.0, ""feasible_t"": 13.3917004048583, ""gross_delivery_t"": 13.3917004048583, ""order_month"": ""2035-07"", ""planned_arrival_month"": ""2036-07"", ""requested_t"": 13.3917004048583, ""shipment_id"": ""S0007"", ""source_id"": ""A"", ""source_name"": ""Earth-Core"", ""unfulfilled_request_t"": 0.0}, {""actual_arrival_month"": ""2036-08"", ""actual_delivery_share"": 1.0, ""availability_share"": 1.0, ""feasible_t"": 13.3917004048583, ""gross_delivery_t"": 13.3917004048583, ""order_month"": ""2035-08"", ""planned_arrival_month"": ""2036-08"", ""requested_t"": 13.3917004048583, ""shipment_id"": ""S0008"", ""source_id"": ""A"", ""source_name"": ""Earth-Core"", ""unfulfilled_request_t"": 0.0}, {""actual_arrival_month"": ""2036-09"", ""actual_delivery_share"": 1.0, ""availability_share"": 1.0, ""feasible_t"": 13.3917004048583, ""gross_delivery_t"": 13.3917004048583, ""order_month"": ""2035-09"", ""planned_arrival_month"": ""2036-09"", ""requested_t"": 13.3917004048583, ""shipment_id"": ""S0009"", ""source_id"": ""A"", ""source_name"": ""Earth-Core"", ""unfulfilled_request_t"": 0.0}, {""actual_arrival_month"": ""2036-10"", ""actual_delivery_share"": 1.0, ""availability_share"": 1.0, ""feasible_t"": 13.3917004048583, ""gross_delivery_t"": 13.3917004048583, ""order_month"": ""2035-10"", ""planned_arrival_month"": ""2036-10"", ""requested_t"": 13.3917004048583, ""shipment_id"": ""S0010"", ""source_id"": ""A"", ""source_name"": ""Earth-Core"", ""unfulfilled_request_t"": 0.0}, {""actual_arrival_month"": ""2036-11"", ""actual_delivery_share"": 1.0, ""availability_share"": 1.0, ""feasible_t"": 13.3917004048583, ""gross_delivery_t"": 13.3917004048583, ""order_month"": ""2035-11"", ""planned_arrival_month"": ""2036-11"", ""requested_t"": 13.3917004048583, ""shipment_id"": ""S0011"", ""source_id"": ""A"", ""source_name"": ""Earth-Core"", ""unfulfilled_request_t"": 0.0}, {""actual_arrival_month"": ""2035-12"", ""actual_delivery_share"": 1.0, ""availability_share"": 1.0, ""feasible_t"": 8.726003490401396, ""gross_delivery_t"": 8.726003490401396, ""order_month"": ""2035-08"", ""planned_arrival_month"": ""2035-12"", ""requested_t"": 8.726003490401396, ""shipment_id"": ""S0053"", ""source_id"": ""B"", ""source_name"": ""Earth-Flex"", ""unfulfilled_request_t"": 0.0}]","{""B"": 8.726003490401396}","{""B"": 8.726003490401396}",8.726003490401396,0.3926701570680628,8.333333333333334,8.333333333333334,0.0,49.04452054794526,6.666666666666667,1.666666666666667,0.0,0.0,40.71118721461193,BASE,70.0,0.045,[],2.4426712328767155,0.0,[]
2035-12,40.71118721461193,8.333333333333334,6.666666666666667,"{""A"": 160.7004048583996, ""B"": 69.80802792331117, ""C"": 0, ""D"": 0, ""E"": 19.63350785350314}","{""A"": 13.3917004048583}","[{""actual_arrival_month"": ""2036-01"", ""actual_delivery_share"": 1.0, ""availability_share"": 1.0, ""feasible_t"": 13.3917004048583, ""gross_delivery_t"": 13.3917004048583, ""order_month"": ""2035-01"", ""planned_arrival_month"": ""2036-01"", ""requested_t"": 13.3917004048583, ""shipment_id"": ""S0001"", ""source_id"": ""A"", ""source_name"": ""Earth-Core"", ""unfulfilled_request_t"": 0.0}, {""actual_arrival_month"": ""2036-02"", ""actual_delivery_share"": 1.0, ""availability_share"": 1.0, ""feasible_t"": 13.3917004048583, ""gross_delivery_t"": 13.3917004048583, ""order_month"": ""2035-02"", ""planned_arrival_month"": ""2036-02"", ""requested_t"": 13.3917004048583, ""shipment_id"": ""S0002"", ""source_id"": ""A"", ""source_name"": ""Earth-Core"", ""unfulfilled_request_t"": 0.0}, {""actual_arrival_month"": ""2036-03"", ""actual_delivery_share"": 1.0, ""availability_share"": 1.0, ""feasible_t"": 13.3917004048583, ""gross_delivery_t"": 13.3917004048583, ""order_month"": ""2035-03"", ""planned_arrival_month"": ""2036-03"", ""requested_t"": 13.3917004048583, ""shipment_id"": ""S0003"", ""source_id"": ""A"", ""source_name"": ""Earth-Core"", ""unfulfilled_request_t"": 0.0}, {""actual_arrival_month"": ""2036-04"", ""actual_delivery_share"": 1.0, ""availability_share"": 1.0, ""feasible_t"": 13.3917004048583, ""gross_delivery_t"": 13.3917004048583, ""order_month"": ""2035-04"", ""planned_arrival_month"": ""2036-04"", ""requested_t"": 13.3917004048583, ""shipment_id"": ""S0004"", ""source_id"": ""A"", ""source_name"": ""Earth-Core"", ""unfulfilled_request_t"": 0.0}, {""actual_arrival_month"": ""2036-05"", ""actual_delivery_share"": 1.0, ""availability_share"": 1.0, ""feasible_t"": 13.3917004048583, ""gross_delivery_t"": 13.3917004048583, ""order_month"": ""2035-05"", ""planned_arrival_month"": ""2036-05"", ""requested_t"": 13.3917004048583, ""shipment_id"": ""S0005"", ""source_id"": ""A"", ""source_name"": ""Earth-Core"", ""unfulfilled_request_t"": 0.0}, {""actual_arrival_month"": ""2036-06"", ""actual_delivery_share"": 1.0, ""availability_share"": 1.0, ""feasible_t"": 13.3917004048583, ""gross_delivery_t"": 13.3917004048583, ""order_month"": ""2035-06"", ""planned_arrival_month"": ""2036-06"", ""requested_t"": 13.3917004048583, ""shipment_id"": ""S0006"", ""source_id"": ""A"", ""source_name"": ""Earth-Core"", ""unfulfilled_request_t"": 0.0}, {""actual_arrival_month"": ""2036-07"", ""actual_delivery_share"": 1.0, ""availability_share"": 1.0, ""feasible_t"": 13.3917004048583, ""gross_delivery_t"": 13.3917004048583, ""order_month"": ""2035-07"", ""planned_arrival_month"": ""2036-07"", ""requested_t"": 13.3917004048583, ""shipment_id"": ""S0007"", ""source_id"": ""A"", ""source_name"": ""Earth-Core"", ""unfulfilled_request_t"": 0.0}, {""actual_arrival_month"": ""2036-08"", ""actual_delivery_share"": 1.0, ""availability_share"": 1.0, ""feasible_t"": 13.3917004048583, ""gross_delivery_t"": 13.3917004048583, ""order_month"": ""2035-08"", ""planned_arrival_month"": ""2036-08"", ""requested_t"": 13.3917004048583, ""shipment_id"": ""S0008"", ""source_id"": ""A"", ""source_name"": ""Earth-Core"", ""unfulfilled_request_t"": 0.0}, {""actual_arrival_month"": ""2036-09"", ""actual_delivery_share"": 1.0, ""availability_share"": 1.0, ""feasible_t"": 13.3917004048583, ""gross_delivery_t"": 13.3917004048583, ""order_month"": ""2035-09"", ""planned_arrival_month"": ""2036-09"", ""requested_t"": 13.3917004048583, ""shipment_id"": ""S0009"", ""source_id"": ""A"", ""source_name"": ""Earth-Core"", ""unfulfilled_request_t"": 0.0}, {""actual_arrival_month"": ""2036-10"", ""actual_delivery_share"": 1.0, ""availability_share"": 1.0, ""feasible_t"": 13.3917004048583, ""gross_delivery_t"": 13.3917004048583, ""order_month"": ""2035-10"", ""planned_arrival_month"": ""2036-10"", ""requested_t"": 13.3917004048583, ""shipment_id"": ""S0010"", ""source_id"": ""A"", ""source_name"": ""Earth-Core"", ""unfulfilled_request_t"": 0.0}, {""actual_arrival_month"": ""2036-11"", ""actual_delivery_share"": 1.0, ""availability_share"": 1.0, ""feasible_t"": 13.3917004048583, ""gross_delivery_t"": 13.3917004048583, ""order_month"": ""2035-11"", ""planned_arrival_month"": ""2036-11"", ""requested_t"": 13.3917004048583, ""shipment_id"": ""S0011"", ""source_id"": ""A"", ""source_name"": ""Earth-Core"", ""unfulfilled_request_t"": 0.0}, {""actual_arrival_month"": ""2036-12"", ""actual_delivery_share"": 1.0, ""availability_share"": 1.0, ""feasible_t"": 13.3917004048583, ""gross_delivery_t"": 13.3917004048583, ""order_month"": ""2035-12"", ""planned_arrival_month"": ""2036-12"", ""requested_t"": 13.3917004048583, ""shipment_id"": ""S0012"", ""source_id"": ""A"", ""source_name"": ""Earth-Core"", ""unfulfilled_request_t"": 0.0}]","{""B"": 8.726003490401396}","{""B"": 8.726003490401396}",8.726003490401396,0.3926701570680628,8.333333333333334,8.333333333333334,0.0,49.04452054794527,6.666666666666667,1.666666666666667,0.0,0.0,40.71118721461194,BASE,70.0,0.045,[],2.4426712328767164,0.0,[]
2036-01,40.71118721461194,11.666666666666666,8.75,"{""A"": 190.0, ""B"": 0, ""C"": 0, ""D"": 0, ""E"": 0}","{""A"": 16.025641025641026}","[{""actual_arrival_month"": ""2036-02"", ""actual_delivery_share"": 1.0, ""availability_share"": 1.0, ""feasible_t"": 13.3917004048583, ""gross_delivery_t"": 13.3917004048583, ""order_month"": ""2035-02"", ""planned_arrival_month"": ""2036-02"", ""requested_t"": 13.3917004048583, ""shipment_id"": ""S0002"", ""source_id"": ""A"", ""source_name"": ""Earth-Core"", ""unfulfilled_request_t"": 0.0}, {""actual_arrival_month"": ""2036-03"", ""actual_delivery_share"": 1.0, ""availability_share"": 1.0, ""feasible_t"": 13.3917004048583, ""gross_delivery_t"": 13.3917004048583, ""order_month"": ""2035-03"", ""planned_arrival_month"": ""2036-03"", ""requested_t"": 13.3917004048583, ""shipment_id"": ""S0003"", ""source_id"": ""A"", ""source_name"": ""Earth-Core"", ""unfulfilled_request_t"": 0.0}, {""actual_arrival_month"": ""2036-04"", ""actual_delivery_share"": 1.0, ""availability_share"": 1.0, ""feasible_t"": 13.3917004048583, ""gross_delivery_t"": 13.3917004048583, ""order_month"": ""2035-04"", ""planned_arrival_month"": ""2036-04"", ""requested_t"": 13.3917004048583, ""shipment_id"": ""S0004"", ""source_id"": ""A"", ""source_name"": ""Earth-Core"", ""unfulfilled_request_t"": 0.0}, {""actual_arrival_month"": ""2036-05"", ""actual_delivery_share"": 1.0, ""availability_share"": 1.0, ""feasible_t"": 13.3917004048583, ""gross_delivery_t"": 13.3917004048583, ""order_month"": ""2035-05"", ""planned_arrival_month"": ""2036-05"", ""requested_t"": 13.3917004048583, ""shipment_id"": ""S0005"", ""source_id"": ""A"", ""source_name"": ""Earth-Core"", ""unfulfilled_request_t"": 0.0}, {""actual_arrival_month"": ""2036-06"", ""actual_delivery_share"": 1.0, ""availability_share"": 1.0, ""feasible_t"": 13.3917004048583, ""gross_delivery_t"": 13.3917004048583, ""order_month"": ""2035-06"", ""planned_arrival_month"": ""2036-06"", ""requested_t"": 13.3917004048583, ""shipment_id"": ""S0006"", ""source_id"": ""A"", ""source_name"": ""Earth-Core"", ""unfulfilled_request_t"": 0.0}, {""actual_arrival_month"": ""2036-07"", ""actual_delivery_share"": 1.0, ""availability_share"": 1.0, ""feasible_t"": 13.3917004048583, ""gross_delivery_t"": 13.3917004048583, ""order_month"": ""2035-07"", ""planned_arrival_month"": ""2036-07"", ""requested_t"": 13.3917004048583, ""shipment_id"": ""S0007"", ""source_id"": ""A"", ""source_name"": ""Earth-Core"", ""unfulfilled_request_t"": 0.0}, {""actual_arrival_month"": ""2036-08"", ""actual_delivery_share"": 1.0, ""availability_share"": 1.0, ""feasible_t"": 13.3917004048583, ""gross_delivery_t"": 13.3917004048583, ""order_month"": ""2035-08"", ""planned_arrival_month"": ""2036-08"", ""requested_t"": 13.3917004048583, ""shipment_id"": ""S0008"", ""source_id"": ""A"", ""source_name"": ""Earth-Core"", ""unfulfilled_request_t"": 0.0}, {""actual_arrival_month"": ""2036-09"", ""actual_delivery_share"": 1.0, ""availability_share"": 1.0, ""feasible_t"": 13.3917004048583, ""gross_delivery_t"": 13.3917004048583, ""order_month"": ""2035-09"", ""planned_arrival_month"": ""2036-09"", ""requested_t"": 13.3917004048583, ""shipment_id"": ""S0009"", ""source_id"": ""A"", ""source_name"": ""Earth-Core"", ""unfulfilled_request_t"": 0.0}, {""actual_arrival_month"": ""2036-10"", ""actual_delivery_share"": 1.0, ""availability_share"": 1.0, ""feasible_t"": 13.3917004048583, ""gross_delivery_t"": 13.3917004048583, ""order_month"": ""2035-10"", ""planned_arrival_month"": ""2036-10"", ""requested_t"": 13.3917004048583, ""shipment_id"": ""S0010"", ""source_id"": ""A"", ""source_name"": ""Earth-Core"", ""unfulfilled_request_t"": 0.0}, {""actual_arrival_month"": ""2036-11"", ""actual_delivery_share"": 1.0, ""availability_share"": 1.0, ""feasible_t"": 13.3917004048583, ""gross_delivery_t"": 13.3917004048583, ""order_month"": ""2035-11"", ""planned_arrival_month"": ""2036-11"", ""requested_t"": 13.3917004048583, ""shipment_id"": ""S0011"", ""source_id"": ""A"", ""source_name"": ""Earth-Core"", ""unfulfilled_request_t"": 0.0}, {""actual_arrival_month"": ""2036-12"", ""actual_delivery_share"": 1.0, ""availability_share"": 1.0, ""feasible_t"": 13.3917004048583, ""gross_delivery_t"": 13.3917004048583, ""order_month"": ""2035-12"", ""planned_arrival_month"": ""2036-12"", ""requested_t"": 13.3917004048583, ""shipment_id"": ""S0012"", ""source_id"": ""A"", ""source_name"": ""Earth-Core"", ""unfulfilled_request_t"": 0.0}, {""actual_arrival_month"": ""2037-01"", ""actual_delivery_share"": 1.0, ""availability_share"": 1.0, ""feasible_t"": 16.025641025641026, ""gross_delivery_t"": 16.025641025641026, ""order_month"": ""2036-01"", ""planned_arrival_month"": ""2037-01"", ""requested_t"": 16.025641025641026, ""shipment_id"": ""S0013"", ""source_id"": ""A"", ""source_name"": ""Earth-Core"", ""unfulfilled_request_t"": 0.0}]","{""A"": 13.3917004048583}","{""A"": 13.3917004048583}",13.3917004048583,0.1607004048582996,13.231,13.231,0.0,53.94218721461194,8.75,2.916666666666666,0.0,0.0,42.27552054794528,ZBO,120.0,0.012,"[""ZBO""]",2.4896012328767165,1.0,[]
2036-02,42.27552054794528,11.666666666666666,8.75,"{""A"": 190.0, ""B"": 0, ""C"": 0, ""D"": 0, ""E"": 0}","{""A"": 16.025641025641026}","[{""actual_arrival_month"": ""2036-03"", ""actual_delivery_share"": 1.0, ""availability_share"": 1.0, ""feasible_t"": 13.3917004048583, ""gross_delivery_t"": 13.3917004048583, ""order_month"": ""2035-03"", ""planned_arrival_month"": ""2036-03"", ""requested_t"": 13.3917004048583, ""shipment_id"": ""S0003"", ""source_id"": ""A"", ""source_name"": ""Earth-Core"", ""unfulfilled_request_t"": 0.0}, {""actual_arrival_month"": ""2036-04"", ""actual_delivery_share"": 1.0, ""availability_share"": 1.0, ""feasible_t"": 13.3917004048583, ""gross_delivery_t"": 13.3917004048583, ""order_month"": ""2035-04"", ""planned_arrival_month"": ""2036-04"", ""requested_t"": 13.3917004048583, ""shipment_id"": ""S0004"", ""source_id"": ""A"", ""source_name"": ""Earth-Core"", ""unfulfilled_request_t"": 0.0}, {""actual_arrival_month"": ""2036-05"", ""actual_delivery_share"": 1.0, ""availability_share"": 1.0, ""feasible_t"": 13.3917004048583, ""gross_delivery_t"": 13.3917004048583, ""order_month"": ""2035-05"", ""planned_arrival_month"": ""2036-05"", ""requested_t"": 13.3917004048583, ""shipment_id"": ""S0005"", ""source_id"": ""A"", ""source_name"": ""Earth-Core"", ""unfulfilled_request_t"": 0.0}, {""actual_arrival_month"": ""2036-06"", ""actual_delivery_share"": 1.0, ""availability_share"": 1.0, ""feasible_t"": 13.3917004048583, ""gross_delivery_t"": 13.3917004048583, ""order_month"": ""2035-06"", ""planned_arrival_month"": ""2036-06"", ""requested_t"": 13.3917004048583, ""shipment_id"": ""S0006"", ""source_id"": ""A"", ""source_name"": ""Earth-Core"", ""unfulfilled_request_t"": 0.0}, {""actual_arrival_month"": ""2036-07"", ""actual_delivery_share"": 1.0, ""availability_share"": 1.0, ""feasible_t"": 13.3917004048583, ""gross_delivery_t"": 13.3917004048583, ""order_month"": ""2035-07"", ""planned_arrival_month"": ""2036-07"", ""requested_t"": 13.3917004048583, ""shipment_id"": ""S0007"", ""source_id"": ""A"", ""source_name"": ""Earth-Core"", ""unfulfilled_request_t"": 0.0}, {""actual_arrival_month"": ""2036-08"", ""actual_delivery_share"": 1.0, ""availability_share"": 1.0, ""feasible_t"": 13.3917004048583, ""gross_delivery_t"": 13.3917004048583, ""order_month"": ""2035-08"", ""planned_arrival_month"": ""2036-08"", ""requested_t"": 13.3917004048583, ""shipment_id"": ""S0008"", ""source_id"": ""A"", ""source_name"": ""Earth-Core"", ""unfulfilled_request_t"": 0.0}, {""actual_arrival_month"": ""2036-09"", ""actual_delivery_share"": 1.0, ""availability_share"": 1.0, ""feasible_t"": 13.3917004048583, ""gross_delivery_t"": 13.3917004048583, ""order_month"": ""2035-09"", ""planned_arrival_month"": ""2036-09"", ""requested_t"": 13.3917004048583, ""shipment_id"": ""S0009"", ""source_id"": ""A"", ""source_name"": ""Earth-Core"", ""unfulfilled_request_t"": 0.0}, {""actual_arrival_month"": ""2036-10"", ""actual_delivery_share"": 1.0, ""availability_share"": 1.0, ""feasible_t"": 13.3917004048583, ""gross_delivery_t"": 13.3917004048583, ""order_month"": ""2035-10"", ""planned_arrival_month"": ""2036-10"", ""requested_t"": 13.3917004048583, ""shipment_id"": ""S0010"", ""source_id"": ""A"", ""source_name"": ""Earth-Core"", ""unfulfilled_request_t"": 0.0}, {""actual_arrival_month"": ""2036-11"", ""actual_delivery_share"": 1.0, ""availability_share"": 1.0, ""feasible_t"": 13.3917004048583, ""gross_delivery_t"": 13.3917004048583, ""order_month"": ""2035-11"", ""planned_arrival_month"": ""2036-11"", ""requested_t"": 13.3917004048583, ""shipment_id"": ""S0011"", ""source_id"": ""A"", ""source_name"": ""Earth-Core"", ""unfulfilled_request_t"": 0.0}, {""actual_arrival_month"": ""2036-12"", ""actual_delivery_share"": 1.0, ""availability_share"": 1.0, ""feasible_t"": 13.3917004048583, ""gross_delivery_t"": 13.3917004048583, ""order_month"": ""2035-12"", ""planned_arrival_month"": ""2036-12"", ""requested_t"": 13.3917004048583, ""shipment_id"": ""S0012"", ""source_id"": ""A"", ""source_name"": ""Earth-Core"", ""unfulfilled_request_t"": 0.0}, {""actual_arrival_month"": ""2037-01"", ""actual_delivery_share"": 1.0, ""availability_share"": 1.0, ""feasible_t"": 16.025641025641026, ""gross_delivery_t"": 16.025641025641026, ""order_month"": ""2036-01"", ""planned_arrival_month"": ""2037-01"", ""requested_t"": 16.025641025641026, ""shipment_id"": ""S0013"", ""source_id"": ""A"", ""source_name"": ""Earth-Core"", ""unfulfilled_request_t"": 0.0}, {""actual_arrival_month"": ""2037-02"", ""actual_delivery_share"": 1.0, ""availability_share"": 1.0, ""feasible_t"": 16.025641025641026, ""gross_delivery_t"": 16.025641025641026, ""order_month"": ""2036-02"", ""planned_arrival_month"": ""2037-02"", ""requested_t"": 16.025641025641026, ""shipment_id"": ""S0014"", ""source_id"": ""A"", ""source_name"": ""Earth-Core"", ""unfulfilled_request_t"": 0.0}]","{""A"": 13.3917004048583}","{""A"": 13.3917004048583}",13.3917004048583,0.1607004048582996,13.231,13.231,0.0,55.50652054794528,8.75,2.916666666666666,0.0,0.0,43.839853881278614,ZBO,120.0,0.012,"[""ZBO""]",2.5834612328767164,1.0,[]
2036-03,43.839853881278614,11.666666666666666,8.75,"{""A"": 190.0, ""B"": 0, ""C"": 0, ""D"": 0, ""E"": 0}","{""A"": 16.025641025641026}","[{""actual_arrival_month"": ""2036-04"", ""actual_delivery_share"": 1.0, ""availability_share"": 1.0, ""feasible_t"": 13.3917004048583, ""gross_delivery_t"": 13.3917004048583, ""order_month"": ""2035-04"", ""planned_arrival_month"": ""2036-04"", ""requested_t"": 13.3917004048583, ""shipment_id"": ""S0004"", ""source_id"": ""A"", ""source_name"": ""Earth-Core"", ""unfulfilled_request_t"": 0.0}, {""actual_arrival_month"": ""2036-05"", ""actual_delivery_share"": 1.0, ""availability_share"": 1.0, ""feasible_t"": 13.3917004048583, ""gross_delivery_t"": 13.3917004048583, ""order_month"": ""2035-05"", ""planned_arrival_month"": ""2036-05"", ""requested_t"": 13.3917004048583, ""shipment_id"": ""S0005"", ""source_id"": ""A"", ""source_name"": ""Earth-Core"", ""unfulfilled_request_t"": 0.0}, {""actual_arrival_month"": ""2036-06"", ""actual_delivery_share"": 1.0, ""availability_share"": 1.0, ""feasible_t"": 13.3917004048583, ""gross_delivery_t"": 13.3917004048583, ""order_month"": ""2035-06"", ""planned_arrival_month"": ""2036-06"", ""requested_t"": 13.3917004048583, ""shipment_id"": ""S0006"", ""source_id"": ""A"", ""source_name"": ""Earth-Core"", ""unfulfilled_request_t"": 0.0}, {""actual_arrival_month"": ""2036-07"", ""actual_delivery_share"": 1.0, ""availability_share"": 1.0, ""feasible_t"": 13.3917004048583, ""gross_delivery_t"": 13.3917004048583, ""order_month"": ""2035-07"", ""planned_arrival_month"": ""2036-07"", ""requested_t"": 13.3917004048583, ""shipment_id"": ""S0007"", ""source_id"": ""A"", ""source_name"": ""Earth-Core"", ""unfulfilled_request_t"": 0.0}, {""actual_arrival_month"": ""2036-08"", ""actual_delivery_share"": 1.0, ""availability_share"": 1.0, ""feasible_t"": 13.3917004048583, ""gross_delivery_t"": 13.3917004048583, ""order_month"": ""2035-08"", ""planned_arrival_month"": ""2036-08"", ""requested_t"": 13.3917004048583, ""shipment_id"": ""S0008"", ""source_id"": ""A"", ""source_name"": ""Earth-Core"", ""unfulfilled_request_t"": 0.0}, {""actual_arrival_month"": ""2036-09"", ""actual_delivery_share"": 1.0, ""availability_share"": 1.0, ""feasible_t"": 13.3917004048583, ""gross_delivery_t"": 13.3917004048583, ""order_month"": ""2035-09"", ""planned_arrival_month"": ""2036-09"", ""requested_t"": 13.3917004048583, ""shipment_id"": ""S0009"", ""source_id"": ""A"", ""source_name"": ""Earth-Core"", ""unfulfilled_request_t"": 0.0}, {""actual_arrival_month"": ""2036-10"", ""actual_delivery_share"": 1.0, ""availability_share"": 1.0, ""feasible_t"": 13.3917004048583, ""gross_delivery_t"": 13.3917004048583, ""order_month"": ""2035-10"", ""planned_arrival_month"": ""2036-10"", ""requested_t"": 13.3917004048583, ""shipment_id"": ""S0010"", ""source_id"": ""A"", ""source_name"": ""Earth-Core"", ""unfulfilled_request_t"": 0.0}, {""actual_arrival_month"": ""2036-11"", ""actual_delivery_share"": 1.0, ""availability_share"": 1.0, ""feasible_t"": 13.3917004048583, ""gross_delivery_t"": 13.3917004048583, ""order_month"": ""2035-11"", ""planned_arrival_month"": ""2036-11"", ""requested_t"": 13.3917004048583, ""shipment_id"": ""S0011"", ""source_id"": ""A"", ""source_name"": ""Earth-Core"", ""unfulfilled_request_t"": 0.0}, {""actual_arrival_month"": ""2036-12"", ""actual_delivery_share"": 1.0, ""availability_share"": 1.0, ""feasible_t"": 13.3917004048583, ""gross_delivery_t"": 13.3917004048583, ""order_month"": ""2035-12"", ""planned_arrival_month"": ""2036-12"", ""requested_t"": 13.3917004048583, ""shipment_id"": ""S0012"", ""source_id"": ""A"", ""source_name"": ""Earth-Core"", ""unfulfilled_request_t"": 0.0}, {""actual_arrival_month"": ""2037-01"", ""actual_delivery_share"": 1.0, ""availability_share"": 1.0, ""feasible_t"": 16.025641025641026, ""gross_delivery_t"": 16.025641025641026, ""order_month"": ""2036-01"", ""planned_arrival_month"": ""2037-01"", ""requested_t"": 16.025641025641026, ""shipment_id"": ""S0013"", ""source_id"": ""A"", ""source_name"": ""Earth-Core"", ""unfulfilled_request_t"": 0.0}, {""actual_arrival_month"": ""2037-02"", ""actual_delivery_share"": 1.0, ""availability_share"": 1.0, ""feasible_t"": 16.025641025641026, ""gross_delivery_t"": 16.025641025641026, ""order_month"": ""2036-02"", ""planned_arrival_month"": ""2037-02"", ""requested_t"": 16.025641025641026, ""shipment_id"": ""S0014"", ""source_id"": ""A"", ""source_name"": ""Earth-Core"", ""unfulfilled_request_t"": 0.0}, {""actual_arrival_month"": ""2037-03"", ""actual_delivery_share"": 1.0, ""availability_share"": 1.0, ""feasible_t"": 16.025641025641026, ""gross_delivery_t"": 16.025641025641026, ""order_month"": ""2036-03"", ""planned_arrival_month"": ""2037-03"", ""requested_t"": 16.025641025641026, ""shipment_id"": ""S0015"", ""source_id"": ""A"", ""source_name"": ""Earth-Core"", ""unfulfilled_request_t"": 0.0}]","{""A"": 13.3917004048583}","{""A"": 13.3917004048583}",13.3917004048583,0.1607004048582996,13.231,13.231,0.0,57.070853881278616,8.75,2.916666666666666,0.0,0.0,45.40418721461195,ZBO,120.0,0.012,"[""ZBO""]",2.6773212328767166,1.0,[]
2036-04,45.40418721461195,11.666666666666666,8.75,"{""A"": 190.0, ""B"": 0, ""C"": 0, ""D"": 0, ""E"": 0}","{""A"": 16.025641025641026}","[{""actual_arrival_month"": ""2036-05"", ""actual_delivery_share"": 1.0, ""availability_share"": 1.0, ""feasible_t"": 13.3917004048583, ""gross_delivery_t"": 13.3917004048583, ""order_month"": ""2035-05"", ""planned_arrival_month"": ""2036-05"", ""requested_t"": 13.3917004048583, ""shipment_id"": ""S0005"", ""source_id"": ""A"", ""source_name"": ""Earth-Core"", ""unfulfilled_request_t"": 0.0}, {""actual_arrival_month"": ""2036-06"", ""actual_delivery_share"": 1.0, ""availability_share"": 1.0, ""feasible_t"": 13.3917004048583, ""gross_delivery_t"": 13.3917004048583, ""order_month"": ""2035-06"", ""planned_arrival_month"": ""2036-06"", ""requested_t"": 13.3917004048583, ""shipment_id"": ""S0006"", ""source_id"": ""A"", ""source_name"": ""Earth-Core"", ""unfulfilled_request_t"": 0.0}, {""actual_arrival_month"": ""2036-07"", ""actual_delivery_share"": 1.0, ""availability_share"": 1.0, ""feasible_t"": 13.3917004048583, ""gross_delivery_t"": 13.3917004048583, ""order_month"": ""2035-07"", ""planned_arrival_month"": ""2036-07"", ""requested_t"": 13.3917004048583, ""shipment_id"": ""S0007"", ""source_id"": ""A"", ""source_name"": ""Earth-Core"", ""unfulfilled_request_t"": 0.0}, {""actual_arrival_month"": ""2036-08"", ""actual_delivery_share"": 1.0, ""availability_share"": 1.0, ""feasible_t"": 13.3917004048583, ""gross_delivery_t"": 13.3917004048583, ""order_month"": ""2035-08"", ""planned_arrival_month"": ""2036-08"", ""requested_t"": 13.3917004048583, ""shipment_id"": ""S0008"", ""source_id"": ""A"", ""source_name"": ""Earth-Core"", ""unfulfilled_request_t"": 0.0}, {""actual_arrival_month"": ""2036-09"", ""actual_delivery_share"": 1.0, ""availability_share"": 1.0, ""feasible_t"": 13.3917004048583, ""gross_delivery_t"": 13.3917004048583, ""order_month"": ""2035-09"", ""planned_arrival_month"": ""2036-09"", ""requested_t"": 13.3917004048583, ""shipment_id"": ""S0009"", ""source_id"": ""A"", ""source_name"": ""Earth-Core"", ""unfulfilled_request_t"": 0.0}, {""actual_arrival_month"": ""2036-10"", ""actual_delivery_share"": 1.0, ""availability_share"": 1.0, ""feasible_t"": 13.3917004048583, ""gross_delivery_t"": 13.3917004048583, ""order_month"": ""2035-10"", ""planned_arrival_month"": ""2036-10"", ""requested_t"": 13.3917004048583, ""shipment_id"": ""S0010"", ""source_id"": ""A"", ""source_name"": ""Earth-Core"", ""unfulfilled_request_t"": 0.0}, {""actual_arrival_month"": ""2036-11"", ""actual_delivery_share"": 1.0, ""availability_share"": 1.0, ""feasible_t"": 13.3917004048583, ""gross_delivery_t"": 13.3917004048583, ""order_month"": ""2035-11"", ""planned_arrival_month"": ""2036-11"", ""requested_t"": 13.3917004048583, ""shipment_id"": ""S0011"", ""source_id"": ""A"", ""source_name"": ""Earth-Core"", ""unfulfilled_request_t"": 0.0}, {""actual_arrival_month"": ""2036-12"", ""actual_delivery_share"": 1.0, ""availability_share"": 1.0, ""feasible_t"": 13.3917004048583, ""gross_delivery_t"": 13.3917004048583, ""order_month"": ""2035-12"", ""planned_arrival_month"": ""2036-12"", ""requested_t"": 13.3917004048583, ""shipment_id"": ""S0012"", ""source_id"": ""A"", ""source_name"": ""Earth-Core"", ""unfulfilled_request_t"": 0.0}, {""actual_arrival_month"": ""2037-01"", ""actual_delivery_share"": 1.0, ""availability_share"": 1.0, ""feasible_t"": 16.025641025641026, ""gross_delivery_t"": 16.025641025641026, ""order_month"": ""2036-01"", ""planned_arrival_month"": ""2037-01"", ""requested_t"": 16.025641025641026, ""shipment_id"": ""S0013"", ""source_id"": ""A"", ""source_name"": ""Earth-Core"", ""unfulfilled_request_t"": 0.0}, {""actual_arrival_month"": ""2037-02"", ""actual_delivery_share"": 1.0, ""availability_share"": 1.0, ""feasible_t"": 16.025641025641026, ""gross_delivery_t"": 16.025641025641026, ""order_month"": ""2036-02"", ""planned_arrival_month"": ""2037-02"", ""requested_t"": 16.025641025641026, ""shipment_id"": ""S0014"", ""source_id"": ""A"", ""source_name"": ""Earth-Core"", ""unfulfilled_request_t"": 0.0}, {""actual_arrival_month"": ""2037-03"", ""actual_delivery_share"": 1.0, ""availability_share"": 1.0, ""feasible_t"": 16.025641025641026, ""gross_delivery_t"": 16.025641025641026, ""order_month"": ""2036-03"", ""planned_arrival_month"": ""2037-03"", ""requested_t"": 16.025641025641026, ""shipment_id"": ""S0015"", ""source_id"": ""A"", ""source_name"": ""Earth-Core"", ""unfulfilled_request_t"": 0.0}, {""actual_arrival_month"": ""2037-04"", ""actual_delivery_share"": 1.0, ""availability_share"": 1.0, ""feasible_t"": 16.025641025641026, ""gross_delivery_t"": 16.025641025641026, ""order_month"": ""2036-04"", ""planned_arrival_month"": ""2037-04"", ""requested_t"": 16.025641025641026, ""shipment_id"": ""S0016"", ""source_id"": ""A"", ""source_name"": ""Earth-Core"", ""unfulfilled_request_t"": 0.0}]","{""A"": 13.3917004048583}","{""A"": 13.3917004048583}",13.3917004048583,0.1607004048582996,13.231,13.231,0.0,58.63518721461195,8.75,2.916666666666666,0.0,0.0,46.96852054794529,ZBO,120.0,0.012,"[""ZBO""]",2.7711812328767174,1.0,[]
2036-05,46.96852054794529,11.666666666666666,8.75,"{""A"": 190.0, ""B"": 0, ""C"": 0, ""D"": 0, ""E"": 0}","{""A"": 16.025641025641026}","[{""actual_arrival_month"": ""2036-06"", ""actual_delivery_share"": 1.0, ""availability_share"": 1.0, ""feasible_t"": 13.3917004048583, ""gross_delivery_t"": 13.3917004048583, ""order_month"": ""2035-06"", ""planned_arrival_month"": ""2036-06"", ""requested_t"": 13.3917004048583, ""shipment_id"": ""S0006"", ""source_id"": ""A"", ""source_name"": ""Earth-Core"", ""unfulfilled_request_t"": 0.0}, {""actual_arrival_month"": ""2036-07"", ""actual_delivery_share"": 1.0, ""availability_share"": 1.0, ""feasible_t"": 13.3917004048583, ""gross_delivery_t"": 13.3917004048583, ""order_month"": ""2035-07"", ""planned_arrival_month"": ""2036-07"", ""requested_t"": 13.3917004048583, ""shipment_id"": ""S0007"", ""source_id"": ""A"", ""source_name"": ""Earth-Core"", ""unfulfilled_request_t"": 0.0}, {""actual_arrival_month"": ""2036-08"", ""actual_delivery_share"": 1.0, ""availability_share"": 1.0, ""feasible_t"": 13.3917004048583, ""gross_delivery_t"": 13.3917004048583, ""order_month"": ""2035-08"", ""planned_arrival_month"": ""2036-08"", ""requested_t"": 13.3917004048583, ""shipment_id"": ""S0008"", ""source_id"": ""A"", ""source_name"": ""Earth-Core"", ""unfulfilled_request_t"": 0.0}, {""actual_arrival_month"": ""2036-09"", ""actual_delivery_share"": 1.0, ""availability_share"": 1.0, ""feasible_t"": 13.3917004048583, ""gross_delivery_t"": 13.3917004048583, ""order_month"": ""2035-09"", ""planned_arrival_month"": ""2036-09"", ""requested_t"": 13.3917004048583, ""shipment_id"": ""S0009"", ""source_id"": ""A"", ""source_name"": ""Earth-Core"", ""unfulfilled_request_t"": 0.0}, {""actual_arrival_month"": ""2036-10"", ""actual_delivery_share"": 1.0, ""availability_share"": 1.0, ""feasible_t"": 13.3917004048583, ""gross_delivery_t"": 13.3917004048583, ""order_month"": ""2035-10"", ""planned_arrival_month"": ""2036-10"", ""requested_t"": 13.3917004048583, ""shipment_id"": ""S0010"", ""source_id"": ""A"", ""source_name"": ""Earth-Core"", ""unfulfilled_request_t"": 0.0}, {""actual_arrival_month"": ""2036-11"", ""actual_delivery_share"": 1.0, ""availability_share"": 1.0, ""feasible_t"": 13.3917004048583, ""gross_delivery_t"": 13.3917004048583, ""order_month"": ""2035-11"", ""planned_arrival_month"": ""2036-11"", ""requested_t"": 13.3917004048583, ""shipment_id"": ""S0011"", ""source_id"": ""A"", ""source_name"": ""Earth-Core"", ""unfulfilled_request_t"": 0.0}, {""actual_arrival_month"": ""2036-12"", ""actual_delivery_share"": 1.0, ""availability_share"": 1.0, ""feasible_t"": 13.3917004048583, ""gross_delivery_t"": 13.3917004048583, ""order_month"": ""2035-12"", ""planned_arrival_month"": ""2036-12"", ""requested_t"": 13.3917004048583, ""shipment_id"": ""S0012"", ""source_id"": ""A"", ""source_name"": ""Earth-Core"", ""unfulfilled_request_t"": 0.0}, {""actual_arrival_month"": ""2037-01"", ""actual_delivery_share"": 1.0, ""availability_share"": 1.0, ""feasible_t"": 16.025641025641026, ""gross_delivery_t"": 16.025641025641026, ""order_month"": ""2036-01"", ""planned_arrival_month"": ""2037-01"", ""requested_t"": 16.025641025641026, ""shipment_id"": ""S0013"", ""source_id"": ""A"", ""source_name"": ""Earth-Core"", ""unfulfilled_request_t"": 0.0}, {""actual_arrival_month"": ""2037-02"", ""actual_delivery_share"": 1.0, ""availability_share"": 1.0, ""feasible_t"": 16.025641025641026, ""gross_delivery_t"": 16.025641025641026, ""order_month"": ""2036-02"", ""planned_arrival_month"": ""2037-02"", ""requested_t"": 16.025641025641026, ""shipment_id"": ""S0014"", ""source_id"": ""A"", ""source_name"": ""Earth-Core"", ""unfulfilled_request_t"": 0.0}, {""actual_arrival_month"": ""2037-03"", ""actual_delivery_share"": 1.0, ""availability_share"": 1.0, ""feasible_t"": 16.025641025641026, ""gross_delivery_t"": 16.025641025641026, ""order_month"": ""2036-03"", ""planned_arrival_month"": ""2037-03"", ""requested_t"": 16.025641025641026, ""shipment_id"": ""S0015"", ""source_id"": ""A"", ""source_name"": ""Earth-Core"", ""unfulfilled_request_t"": 0.0}, {""actual_arrival_month"": ""2037-04"", ""actual_delivery_share"": 1.0, ""availability_share"": 1.0, ""feasible_t"": 16.025641025641026, ""gross_delivery_t"": 16.025641025641026, ""order_month"": ""2036-04"", ""planned_arrival_month"": ""2037-04"", ""requested_t"": 16.025641025641026, ""shipment_id"": ""S0016"", ""source_id"": ""A"", ""source_name"": ""Earth-Core"", ""unfulfilled_request_t"": 0.0}, {""actual_arrival_month"": ""2037-05"", ""actual_delivery_share"": 1.0, ""availability_share"": 1.0, ""feasible_t"": 16.025641025641026, ""gross_delivery_t"": 16.025641025641026, ""order_month"": ""2036-05"", ""planned_arrival_month"": ""2037-05"", ""requested_t"": 16.025641025641026, ""shipment_id"": ""S0017"", ""source_id"": ""A"", ""source_name"": ""Earth-Core"", ""unfulfilled_request_t"": 0.0}]","{""A"": 13.3917004048583}","{""A"": 13.3917004048583}",13.3917004048583,0.1607004048582996,13.231,13.231,0.0,60.19952054794529,8.75,2.916666666666666,0.0,0.0,48.532853881278626,ZBO,120.0,0.012,"[""ZBO""]",2.865041232876717,1.0,[]
2036-06,48.532853881278626,11.666666666666666,8.75,"{""A"": 190.0, ""B"": 0, ""C"": 0, ""D"": 0, ""E"": 0}","{""A"": 16.025641025641026}","[{""actual_arrival_month"": ""2036-07"", ""actual_delivery_share"": 1.0, ""availability_share"": 1.0, ""feasible_t"": 13.3917004048583, ""gross_delivery_t"": 13.3917004048583, ""order_month"": ""2035-07"", ""planned_arrival_month"": ""2036-07"", ""requested_t"": 13.3917004048583, ""shipment_id"": ""S0007"", ""source_id"": ""A"", ""source_name"": ""Earth-Core"", ""unfulfilled_request_t"": 0.0}, {""actual_arrival_month"": ""2036-08"", ""actual_delivery_share"": 1.0, ""availability_share"": 1.0, ""feasible_t"": 13.3917004048583, ""gross_delivery_t"": 13.3917004048583, ""order_month"": ""2035-08"", ""planned_arrival_month"": ""2036-08"", ""requested_t"": 13.3917004048583, ""shipment_id"": ""S0008"", ""source_id"": ""A"", ""source_name"": ""Earth-Core"", ""unfulfilled_request_t"": 0.0}, {""actual_arrival_month"": ""2036-09"", ""actual_delivery_share"": 1.0, ""availability_share"": 1.0, ""feasible_t"": 13.3917004048583, ""gross_delivery_t"": 13.3917004048583, ""order_month"": ""2035-09"", ""planned_arrival_month"": ""2036-09"", ""requested_t"": 13.3917004048583, ""shipment_id"": ""S0009"", ""source_id"": ""A"", ""source_name"": ""Earth-Core"", ""unfulfilled_request_t"": 0.0}, {""actual_arrival_month"": ""2036-10"", ""actual_delivery_share"": 1.0, ""availability_share"": 1.0, ""feasible_t"": 13.3917004048583, ""gross_delivery_t"": 13.3917004048583, ""order_month"": ""2035-10"", ""planned_arrival_month"": ""2036-10"", ""requested_t"": 13.3917004048583, ""shipment_id"": ""S0010"", ""source_id"": ""A"", ""source_name"": ""Earth-Core"", ""unfulfilled_request_t"": 0.0}, {""actual_arrival_month"": ""2036-11"", ""actual_delivery_share"": 1.0, ""availability_share"": 1.0, ""feasible_t"": 13.3917004048583, ""gross_delivery_t"": 13.3917004048583, ""order_month"": ""2035-11"", ""planned_arrival_month"": ""2036-11"", ""requested_t"": 13.3917004048583, ""shipment_id"": ""S0011"", ""source_id"": ""A"", ""source_name"": ""Earth-Core"", ""unfulfilled_request_t"": 0.0}, {""actual_arrival_month"": ""2036-12"", ""actual_delivery_share"": 1.0, ""availability_share"": 1.0, ""feasible_t"": 13.3917004048583, ""gross_delivery_t"": 13.3917004048583, ""order_month"": ""2035-12"", ""planned_arrival_month"": ""2036-12"", ""requested_t"": 13.3917004048583, ""shipment_id"": ""S0012"", ""source_id"": ""A"", ""source_name"": ""Earth-Core"", ""unfulfilled_request_t"": 0.0}, {""actual_arrival_month"": ""2037-01"", ""actual_delivery_share"": 1.0, ""availability_share"": 1.0, ""feasible_t"": 16.025641025641026, ""gross_delivery_t"": 16.025641025641026, ""order_month"": ""2036-01"", ""planned_arrival_month"": ""2037-01"", ""requested_t"": 16.025641025641026, ""shipment_id"": ""S0013"", ""source_id"": ""A"", ""source_name"": ""Earth-Core"", ""unfulfilled_request_t"": 0.0}, {""actual_arrival_month"": ""2037-02"", ""actual_delivery_share"": 1.0, ""availability_share"": 1.0, ""feasible_t"": 16.025641025641026, ""gross_delivery_t"": 16.025641025641026, ""order_month"": ""2036-02"", ""planned_arrival_month"": ""2037-02"", ""requested_t"": 16.025641025641026, ""shipment_id"": ""S0014"", ""source_id"": ""A"", ""source_name"": ""Earth-Core"", ""unfulfilled_request_t"": 0.0}, {""actual_arrival_month"": ""2037-03"", ""actual_delivery_share"": 1.0, ""availability_share"": 1.0, ""feasible_t"": 16.025641025641026, ""gross_delivery_t"": 16.025641025641026, ""order_month"": ""2036-03"", ""planned_arrival_month"": ""2037-03"", ""requested_t"": 16.025641025641026, ""shipment_id"": ""S0015"", ""source_id"": ""A"", ""source_name"": ""Earth-Core"", ""unfulfilled_request_t"": 0.0}, {""actual_arrival_month"": ""2037-04"", ""actual_delivery_share"": 1.0, ""availability_share"": 1.0, ""feasible_t"": 16.025641025641026, ""gross_delivery_t"": 16.025641025641026, ""order_month"": ""2036-04"", ""planned_arrival_month"": ""2037-04"", ""requested_t"": 16.025641025641026, ""shipment_id"": ""S0016"", ""source_id"": ""A"", ""source_name"": ""Earth-Core"", ""unfulfilled_request_t"": 0.0}, {""actual_arrival_month"": ""2037-05"", ""actual_delivery_share"": 1.0, ""availability_share"": 1.0, ""feasible_t"": 16.025641025641026, ""gross_delivery_t"": 16.025641025641026, ""order_month"": ""2036-05"", ""planned_arrival_month"": ""2037-05"", ""requested_t"": 16.025641025641026, ""shipment_id"": ""S0017"", ""source_id"": ""A"", ""source_name"": ""Earth-Core"", ""unfulfilled_request_t"": 0.0}, {""actual_arrival_month"": ""2037-06"", ""actual_delivery_share"": 1.0, ""availability_share"": 1.0, ""feasible_t"": 16.025641025641026, ""gross_delivery_t"": 16.025641025641026, ""order_month"": ""2036-06"", ""planned_arrival_month"": ""2037-06"", ""requested_t"": 16.025641025641026, ""shipment_id"": ""S0018"", ""source_id"": ""A"", ""source_name"": ""Earth-Core"", ""unfulfilled_request_t"": 0.0}]","{""A"": 13.3917004048583}","{""A"": 13.3917004048583}",13.3917004048583,0.1607004048582996,13.231,13.231,0.0,61.76385388127863,8.75,2.916666666666666,0.0,0.0,50.097187214611964,ZBO,120.0,0.012,"[""ZBO""]",2.9589012328767175,1.0,[]
2036-07,50.097187214611964,11.666666666666666,8.75,"{""A"": 190.0, ""B"": 0, ""C"": 0, ""D"": 0, ""E"": 0}","{""A"": 16.025641025641026}","[{""actual_arrival_month"": ""2036-08"", ""actual_delivery_share"": 1.0, ""availability_share"": 1.0, ""feasible_t"": 13.3917004048583, ""gross_delivery_t"": 13.3917004048583, ""order_month"": ""2035-08"", ""planned_arrival_month"": ""2036-08"", ""requested_t"": 13.3917004048583, ""shipment_id"": ""S0008"", ""source_id"": ""A"", ""source_name"": ""Earth-Core"", ""unfulfilled_request_t"": 0.0}, {""actual_arrival_month"": ""2036-09"", ""actual_delivery_share"": 1.0, ""availability_share"": 1.0, ""feasible_t"": 13.3917004048583, ""gross_delivery_t"": 13.3917004048583, ""order_month"": ""2035-09"", ""planned_arrival_month"": ""2036-09"", ""requested_t"": 13.3917004048583, ""shipment_id"": ""S0009"", ""source_id"": ""A"", ""source_name"": ""Earth-Core"", ""unfulfilled_request_t"": 0.0}, {""actual_arrival_month"": ""2036-10"", ""actual_delivery_share"": 1.0, ""availability_share"": 1.0, ""feasible_t"": 13.3917004048583, ""gross_delivery_t"": 13.3917004048583, ""order_month"": ""2035-10"", ""planned_arrival_month"": ""2036-10"", ""requested_t"": 13.3917004048583, ""shipment_id"": ""S0010"", ""source_id"": ""A"", ""source_name"": ""Earth-Core"", ""unfulfilled_request_t"": 0.0}, {""actual_arrival_month"": ""2036-11"", ""actual_delivery_share"": 1.0, ""availability_share"": 1.0, ""feasible_t"": 13.3917004048583, ""gross_delivery_t"": 13.3917004048583, ""order_month"": ""2035-11"", ""planned_arrival_month"": ""2036-11"", ""requested_t"": 13.3917004048583, ""shipment_id"": ""S0011"", ""source_id"": ""A"", ""source_name"": ""Earth-Core"", ""unfulfilled_request_t"": 0.0}, {""actual_arrival_month"": ""2036-12"", ""actual_delivery_share"": 1.0, ""availability_share"": 1.0, ""feasible_t"": 13.3917004048583, ""gross_delivery_t"": 13.3917004048583, ""order_month"": ""2035-12"", ""planned_arrival_month"": ""2036-12"", ""requested_t"": 13.3917004048583, ""shipment_id"": ""S0012"", ""source_id"": ""A"", ""source_name"": ""Earth-Core"", ""unfulfilled_request_t"": 0.0}, {""actual_arrival_month"": ""2037-01"", ""actual_delivery_share"": 1.0, ""availability_share"": 1.0, ""feasible_t"": 16.025641025641026, ""gross_delivery_t"": 16.025641025641026, ""order_month"": ""2036-01"", ""planned_arrival_month"": ""2037-01"", ""requested_t"": 16.025641025641026, ""shipment_id"": ""S0013"", ""source_id"": ""A"", ""source_name"": ""Earth-Core"", ""unfulfilled_request_t"": 0.0}, {""actual_arrival_month"": ""2037-02"", ""actual_delivery_share"": 1.0, ""availability_share"": 1.0, ""feasible_t"": 16.025641025641026, ""gross_delivery_t"": 16.025641025641026, ""order_month"": ""2036-02"", ""planned_arrival_month"": ""2037-02"", ""requested_t"": 16.025641025641026, ""shipment_id"": ""S0014"", ""source_id"": ""A"", ""source_name"": ""Earth-Core"", ""unfulfilled_request_t"": 0.0}, {""actual_arrival_month"": ""2037-03"", ""actual_delivery_share"": 1.0, ""availability_share"": 1.0, ""feasible_t"": 16.025641025641026, ""gross_delivery_t"": 16.025641025641026, ""order_month"": ""2036-03"", ""planned_arrival_month"": ""2037-03"", ""requested_t"": 16.025641025641026, ""shipment_id"": ""S0015"", ""source_id"": ""A"", ""source_name"": ""Earth-Core"", ""unfulfilled_request_t"": 0.0}, {""actual_arrival_month"": ""2037-04"", ""actual_delivery_share"": 1.0, ""availability_share"": 1.0, ""feasible_t"": 16.025641025641026, ""gross_delivery_t"": 16.025641025641026, ""order_month"": ""2036-04"", ""planned_arrival_month"": ""2037-04"", ""requested_t"": 16.025641025641026, ""shipment_id"": ""S0016"", ""source_id"": ""A"", ""source_name"": ""Earth-Core"", ""unfulfilled_request_t"": 0.0}, {""actual_arrival_month"": ""2037-05"", ""actual_delivery_share"": 1.0, ""availability_share"": 1.0, ""feasible_t"": 16.025641025641026, ""gross_delivery_t"": 16.025641025641026, ""order_month"": ""2036-05"", ""planned_arrival_month"": ""2037-05"", ""requested_t"": 16.025641025641026, ""shipment_id"": ""S0017"", ""source_id"": ""A"", ""source_name"": ""Earth-Core"", ""unfulfilled_request_t"": 0.0}, {""actual_arrival_month"": ""2037-06"", ""actual_delivery_share"": 1.0, ""availability_share"": 1.0, ""feasible_t"": 16.025641025641026, ""gross_delivery_t"": 16.025641025641026, ""order_month"": ""2036-06"", ""planned_arrival_month"": ""2037-06"", ""requested_t"": 16.025641025641026, ""shipment_id"": ""S0018"", ""source_id"": ""A"", ""source_name"": ""Earth-Core"", ""unfulfilled_request_t"": 0.0}, {""actual_arrival_month"": ""2037-07"", ""actual_delivery_share"": 1.0, ""availability_share"": 1.0, ""feasible_t"": 16.025641025641026, ""gross_delivery_t"": 16.025641025641026, ""order_month"": ""2036-07"", ""planned_arrival_month"": ""2037-07"", ""requested_t"": 16.025641025641026, ""shipment_id"": ""S0019"", ""source_id"": ""A"", ""source_name"": ""Earth-Core"", ""unfulfilled_request_t"": 0.0}]","{""A"": 13.3917004048583}","{""A"": 13.3917004048583}",13.3917004048583,0.1607004048582996,13.231,13.231,0.0,63.328187214611965,8.75,2.916666666666666,0.0,0.0,51.6615205479453,ZBO,120.0,0.012,"[""ZBO""]",3.0527612328767177,1.0,[]
2036-08,51.6615205479453,11.666666666666666,8.75,"{""A"": 190.0, ""B"": 0, ""C"": 0, ""D"": 0, ""E"": 0}","{""A"": 16.025641025641026}","[{""actual_arrival_month"": ""2036-09"", ""actual_delivery_share"": 1.0, ""availability_share"": 1.0, ""feasible_t"": 13.3917004048583, ""gross_delivery_t"": 13.3917004048583, ""order_month"": ""2035-09"", ""planned_arrival_month"": ""2036-09"", ""requested_t"": 13.3917004048583, ""shipment_id"": ""S0009"", ""source_id"": ""A"", ""source_name"": ""Earth-Core"", ""unfulfilled_request_t"": 0.0}, {""actual_arrival_month"": ""2036-10"", ""actual_delivery_share"": 1.0, ""availability_share"": 1.0, ""feasible_t"": 13.3917004048583, ""gross_delivery_t"": 13.3917004048583, ""order_month"": ""2035-10"", ""planned_arrival_month"": ""2036-10"", ""requested_t"": 13.3917004048583, ""shipment_id"": ""S0010"", ""source_id"": ""A"", ""source_name"": ""Earth-Core"", ""unfulfilled_request_t"": 0.0}, {""actual_arrival_month"": ""2036-11"", ""actual_delivery_share"": 1.0, ""availability_share"": 1.0, ""feasible_t"": 13.3917004048583, ""gross_delivery_t"": 13.3917004048583, ""order_month"": ""2035-11"", ""planned_arrival_month"": ""2036-11"", ""requested_t"": 13.3917004048583, ""shipment_id"": ""S0011"", ""source_id"": ""A"", ""source_name"": ""Earth-Core"", ""unfulfilled_request_t"": 0.0}, {""actual_arrival_month"": ""2036-12"", ""actual_delivery_share"": 1.0, ""availability_share"": 1.0, ""feasible_t"": 13.3917004048583, ""gross_delivery_t"": 13.3917004048583, ""order_month"": ""2035-12"", ""planned_arrival_month"": ""2036-12"", ""requested_t"": 13.3917004048583, ""shipment_id"": ""S0012"", ""source_id"": ""A"", ""source_name"": ""Earth-Core"", ""unfulfilled_request_t"": 0.0}, {""actual_arrival_month"": ""2037-01"", ""actual_delivery_share"": 1.0, ""availability_share"": 1.0, ""feasible_t"": 16.025641025641026, ""gross_delivery_t"": 16.025641025641026, ""order_month"": ""2036-01"", ""planned_arrival_month"": ""2037-01"", ""requested_t"": 16.025641025641026, ""shipment_id"": ""S0013"", ""source_id"": ""A"", ""source_name"": ""Earth-Core"", ""unfulfilled_request_t"": 0.0}, {""actual_arrival_month"": ""2037-02"", ""actual_delivery_share"": 1.0, ""availability_share"": 1.0, ""feasible_t"": 16.025641025641026, ""gross_delivery_t"": 16.025641025641026, ""order_month"": ""2036-02"", ""planned_arrival_month"": ""2037-02"", ""requested_t"": 16.025641025641026, ""shipment_id"": ""S0014"", ""source_id"": ""A"", ""source_name"": ""Earth-Core"", ""unfulfilled_request_t"": 0.0}, {""actual_arrival_month"": ""2037-03"", ""actual_delivery_share"": 1.0, ""availability_share"": 1.0, ""feasible_t"": 16.025641025641026, ""gross_delivery_t"": 16.025641025641026, ""order_month"": ""2036-03"", ""planned_arrival_month"": ""2037-03"", ""requested_t"": 16.025641025641026, ""shipment_id"": ""S0015"", ""source_id"": ""A"", ""source_name"": ""Earth-Core"", ""unfulfilled_request_t"": 0.0}, {""actual_arrival_month"": ""2037-04"", ""actual_delivery_share"": 1.0, ""availability_share"": 1.0, ""feasible_t"": 16.025641025641026, ""gross_delivery_t"": 16.025641025641026, ""order_month"": ""2036-04"", ""planned_arrival_month"": ""2037-04"", ""requested_t"": 16.025641025641026, ""shipment_id"": ""S0016"", ""source_id"": ""A"", ""source_name"": ""Earth-Core"", ""unfulfilled_request_t"": 0.0}, {""actual_arrival_month"": ""2037-05"", ""actual_delivery_share"": 1.0, ""availability_share"": 1.0, ""feasible_t"": 16.025641025641026, ""gross_delivery_t"": 16.025641025641026, ""order_month"": ""2036-05"", ""planned_arrival_month"": ""2037-05"", ""requested_t"": 16.025641025641026, ""shipment_id"": ""S0017"", ""source_id"": ""A"", ""source_name"": ""Earth-Core"", ""unfulfilled_request_t"": 0.0}, {""actual_arrival_month"": ""2037-06"", ""actual_delivery_share"": 1.0, ""availability_share"": 1.0, ""feasible_t"": 16.025641025641026, ""gross_delivery_t"": 16.025641025641026, ""order_month"": ""2036-06"", ""planned_arrival_month"": ""2037-06"", ""requested_t"": 16.025641025641026, ""shipment_id"": ""S0018"", ""source_id"": ""A"", ""source_name"": ""Earth-Core"", ""unfulfilled_request_t"": 0.0}, {""actual_arrival_month"": ""2037-07"", ""actual_delivery_share"": 1.0, ""availability_share"": 1.0, ""feasible_t"": 16.025641025641026, ""gross_delivery_t"": 16.025641025641026, ""order_month"": ""2036-07"", ""planned_arrival_month"": ""2037-07"", ""requested_t"": 16.025641025641026, ""shipment_id"": ""S0019"", ""source_id"": ""A"", ""source_name"": ""Earth-Core"", ""unfulfilled_request_t"": 0.0}, {""actual_arrival_month"": ""2037-08"", ""actual_delivery_share"": 1.0, ""availability_share"": 1.0, ""feasible_t"": 16.025641025641026, ""gross_delivery_t"": 16.025641025641026, ""order_month"": ""2036-08"", ""planned_arrival_month"": ""2037-08"", ""requested_t"": 16.025641025641026, ""shipment_id"": ""S0020"", ""source_id"": ""A"", ""source_name"": ""Earth-Core"", ""unfulfilled_request_t"": 0.0}]","{""A"": 13.3917004048583}","{""A"": 13.3917004048583}",13.3917004048583,0.1607004048582996,13.231,13.231,0.0,64.8925205479453,8.75,2.916666666666666,0.0,0.0,53.22585388127863,ZBO,120.0,0.012,"[""ZBO""]",3.146621232876718,1.0,[]
2036-09,53.22585388127863,11.666666666666666,8.75,"{""A"": 190.0, ""B"": 0, ""C"": 0, ""D"": 0, ""E"": 0}","{""A"": 16.025641025641026}","[{""actual_arrival_month"": ""2036-10"", ""actual_delivery_share"": 1.0, ""availability_share"": 1.0, ""feasible_t"": 13.3917004048583, ""gross_delivery_t"": 13.3917004048583, ""order_month"": ""2035-10"", ""planned_arrival_month"": ""2036-10"", ""requested_t"": 13.3917004048583, ""shipment_id"": ""S0010"", ""source_id"": ""A"", ""source_name"": ""Earth-Core"", ""unfulfilled_request_t"": 0.0}, {""actual_arrival_month"": ""2036-11"", ""actual_delivery_share"": 1.0, ""availability_share"": 1.0, ""feasible_t"": 13.3917004048583, ""gross_delivery_t"": 13.3917004048583, ""order_month"": ""2035-11"", ""planned_arrival_month"": ""2036-11"", ""requested_t"": 13.3917004048583, ""shipment_id"": ""S0011"", ""source_id"": ""A"", ""source_name"": ""Earth-Core"", ""unfulfilled_request_t"": 0.0}, {""actual_arrival_month"": ""2036-12"", ""actual_delivery_share"": 1.0, ""availability_share"": 1.0, ""feasible_t"": 13.3917004048583, ""gross_delivery_t"": 13.3917004048583, ""order_month"": ""2035-12"", ""planned_arrival_month"": ""2036-12"", ""requested_t"": 13.3917004048583, ""shipment_id"": ""S0012"", ""source_id"": ""A"", ""source_name"": ""Earth-Core"", ""unfulfilled_request_t"": 0.0}, {""actual_arrival_month"": ""2037-01"", ""actual_delivery_share"": 1.0, ""availability_share"": 1.0, ""feasible_t"": 16.025641025641026, ""gross_delivery_t"": 16.025641025641026, ""order_month"": ""2036-01"", ""planned_arrival_month"": ""2037-01"", ""requested_t"": 16.025641025641026, ""shipment_id"": ""S0013"", ""source_id"": ""A"", ""source_name"": ""Earth-Core"", ""unfulfilled_request_t"": 0.0}, {""actual_arrival_month"": ""2037-02"", ""actual_delivery_share"": 1.0, ""availability_share"": 1.0, ""feasible_t"": 16.025641025641026, ""gross_delivery_t"": 16.025641025641026, ""order_month"": ""2036-02"", ""planned_arrival_month"": ""2037-02"", ""requested_t"": 16.025641025641026, ""shipment_id"": ""S0014"", ""source_id"": ""A"", ""source_name"": ""Earth-Core"", ""unfulfilled_request_t"": 0.0}, {""actual_arrival_month"": ""2037-03"", ""actual_delivery_share"": 1.0, ""availability_share"": 1.0, ""feasible_t"": 16.025641025641026, ""gross_delivery_t"": 16.025641025641026, ""order_month"": ""2036-03"", ""planned_arrival_month"": ""2037-03"", ""requested_t"": 16.025641025641026, ""shipment_id"": ""S0015"", ""source_id"": ""A"", ""source_name"": ""Earth-Core"", ""unfulfilled_request_t"": 0.0}, {""actual_arrival_month"": ""2037-04"", ""actual_delivery_share"": 1.0, ""availability_share"": 1.0, ""feasible_t"": 16.025641025641026, ""gross_delivery_t"": 16.025641025641026, ""order_month"": ""2036-04"", ""planned_arrival_month"": ""2037-04"", ""requested_t"": 16.025641025641026, ""shipment_id"": ""S0016"", ""source_id"": ""A"", ""source_name"": ""Earth-Core"", ""unfulfilled_request_t"": 0.0}, {""actual_arrival_month"": ""2037-05"", ""actual_delivery_share"": 1.0, ""availability_share"": 1.0, ""feasible_t"": 16.025641025641026, ""gross_delivery_t"": 16.025641025641026, ""order_month"": ""2036-05"", ""planned_arrival_month"": ""2037-05"", ""requested_t"": 16.025641025641026, ""shipment_id"": ""S0017"", ""source_id"": ""A"", ""source_name"": ""Earth-Core"", ""unfulfilled_request_t"": 0.0}, {""actual_arrival_month"": ""2037-06"", ""actual_delivery_share"": 1.0, ""availability_share"": 1.0, ""feasible_t"": 16.025641025641026, ""gross_delivery_t"": 16.025641025641026, ""order_month"": ""2036-06"", ""planned_arrival_month"": ""2037-06"", ""requested_t"": 16.025641025641026, ""shipment_id"": ""S0018"", ""source_id"": ""A"", ""source_name"": ""Earth-Core"", ""unfulfilled_request_t"": 0.0}, {""actual_arrival_month"": ""2037-07"", ""actual_delivery_share"": 1.0, ""availability_share"": 1.0, ""feasible_t"": 16.025641025641026, ""gross_delivery_t"": 16.025641025641026, ""order_month"": ""2036-07"", ""planned_arrival_month"": ""2037-07"", ""requested_t"": 16.025641025641026, ""shipment_id"": ""S0019"", ""source_id"": ""A"", ""source_name"": ""Earth-Core"", ""unfulfilled_request_t"": 0.0}, {""actual_arrival_month"": ""2037-08"", ""actual_delivery_share"": 1.0, ""availability_share"": 1.0, ""feasible_t"": 16.025641025641026, ""gross_delivery_t"": 16.025641025641026, ""order_month"": ""2036-08"", ""planned_arrival_month"": ""2037-08"", ""requested_t"": 16.025641025641026, ""shipment_id"": ""S0020"", ""source_id"": ""A"", ""source_name"": ""Earth-Core"", ""unfulfilled_request_t"": 0.0}, {""actual_arrival_month"": ""2037-09"", ""actual_delivery_share"": 1.0, ""availability_share"": 1.0, ""feasible_t"": 16.025641025641026, ""gross_delivery_t"": 16.025641025641026, ""order_month"": ""2036-09"", ""planned_arrival_month"": ""2037-09"", ""requested_t"": 16.025641025641026, ""shipment_id"": ""S0021"", ""source_id"": ""A"", ""source_name"": ""Earth-Core"", ""unfulfilled_request_t"": 0.0}]","{""A"": 13.3917004048583}","{""A"": 13.3917004048583}",13.3917004048583,0.1607004048582996,13.231,13.231,0.0,66.45685388127863,8.75,2.916666666666666,0.0,0.0,54.79018721461197,ZBO,120.0,0.012,"[""ZBO""]",3.240481232876718,1.0,[]
2036-10,54.79018721461197,11.666666666666666,8.75,"{""A"": 190.0, ""B"": 0, ""C"": 0, ""D"": 0, ""E"": 0}","{""A"": 16.025641025641026}","[{""actual_arrival_month"": ""2036-11"", ""actual_delivery_share"": 1.0, ""availability_share"": 1.0, ""feasible_t"": 13.3917004048583, ""gross_delivery_t"": 13.3917004048583, ""order_month"": ""2035-11"", ""planned_arrival_month"": ""2036-11"", ""requested_t"": 13.3917004048583, ""shipment_id"": ""S0011"", ""source_id"": ""A"", ""source_name"": ""Earth-Core"", ""unfulfilled_request_t"": 0.0}, {""actual_arrival_month"": ""2036-12"", ""actual_delivery_share"": 1.0, ""availability_share"": 1.0, ""feasible_t"": 13.3917004048583, ""gross_delivery_t"": 13.3917004048583, ""order_month"": ""2035-12"", ""planned_arrival_month"": ""2036-12"", ""requested_t"": 13.3917004048583, ""shipment_id"": ""S0012"", ""source_id"": ""A"", ""source_name"": ""Earth-Core"", ""unfulfilled_request_t"": 0.0}, {""actual_arrival_month"": ""2037-01"", ""actual_delivery_share"": 1.0, ""availability_share"": 1.0, ""feasible_t"": 16.025641025641026, ""gross_delivery_t"": 16.025641025641026, ""order_month"": ""2036-01"", ""planned_arrival_month"": ""2037-01"", ""requested_t"": 16.025641025641026, ""shipment_id"": ""S0013"", ""source_id"": ""A"", ""source_name"": ""Earth-Core"", ""unfulfilled_request_t"": 0.0}, {""actual_arrival_month"": ""2037-02"", ""actual_delivery_share"": 1.0, ""availability_share"": 1.0, ""feasible_t"": 16.025641025641026, ""gross_delivery_t"": 16.025641025641026, ""order_month"": ""2036-02"", ""planned_arrival_month"": ""2037-02"", ""requested_t"": 16.025641025641026, ""shipment_id"": ""S0014"", ""source_id"": ""A"", ""source_name"": ""Earth-Core"", ""unfulfilled_request_t"": 0.0}, {""actual_arrival_month"": ""2037-03"", ""actual_delivery_share"": 1.0, ""availability_share"": 1.0, ""feasible_t"": 16.025641025641026, ""gross_delivery_t"": 16.025641025641026, ""order_month"": ""2036-03"", ""planned_arrival_month"": ""2037-03"", ""requested_t"": 16.025641025641026, ""shipment_id"": ""S0015"", ""source_id"": ""A"", ""source_name"": ""Earth-Core"", ""unfulfilled_request_t"": 0.0}, {""actual_arrival_month"": ""2037-04"", ""actual_delivery_share"": 1.0, ""availability_share"": 1.0, ""feasible_t"": 16.025641025641026, ""gross_delivery_t"": 16.025641025641026, ""order_month"": ""2036-04"", ""planned_arrival_month"": ""2037-04"", ""requested_t"": 16.025641025641026, ""shipment_id"": ""S0016"", ""source_id"": ""A"", ""source_name"": ""Earth-Core"", ""unfulfilled_request_t"": 0.0}, {""actual_arrival_month"": ""2037-05"", ""actual_delivery_share"": 1.0, ""availability_share"": 1.0, ""feasible_t"": 16.025641025641026, ""gross_delivery_t"": 16.025641025641026, ""order_month"": ""2036-05"", ""planned_arrival_month"": ""2037-05"", ""requested_t"": 16.025641025641026, ""shipment_id"": ""S0017"", ""source_id"": ""A"", ""source_name"": ""Earth-Core"", ""unfulfilled_request_t"": 0.0}, {""actual_arrival_month"": ""2037-06"", ""actual_delivery_share"": 1.0, ""availability_share"": 1.0, ""feasible_t"": 16.025641025641026, ""gross_delivery_t"": 16.025641025641026, ""order_month"": ""2036-06"", ""planned_arrival_month"": ""2037-06"", ""requested_t"": 16.025641025641026, ""shipment_id"": ""S0018"", ""source_id"": ""A"", ""source_name"": ""Earth-Core"", ""unfulfilled_request_t"": 0.0}, {""actual_arrival_month"": ""2037-07"", ""actual_delivery_share"": 1.0, ""availability_share"": 1.0, ""feasible_t"": 16.025641025641026, ""gross_delivery_t"": 16.025641025641026, ""order_month"": ""2036-07"", ""planned_arrival_month"": ""2037-07"", ""requested_t"": 16.025641025641026, ""shipment_id"": ""S0019"", ""source_id"": ""A"", ""source_name"": ""Earth-Core"", ""unfulfilled_request_t"": 0.0}, {""actual_arrival_month"": ""2037-08"", ""actual_delivery_share"": 1.0, ""availability_share"": 1.0, ""feasible_t"": 16.025641025641026, ""gross_delivery_t"": 16.025641025641026, ""order_month"": ""2036-08"", ""planned_arrival_month"": ""2037-08"", ""requested_t"": 16.025641025641026, ""shipment_id"": ""S0020"", ""source_id"": ""A"", ""source_name"": ""Earth-Core"", ""unfulfilled_request_t"": 0.0}, {""actual_arrival_month"": ""2037-09"", ""actual_delivery_share"": 1.0, ""availability_share"": 1.0, ""feasible_t"": 16.025641025641026, ""gross_delivery_t"": 16.025641025641026, ""order_month"": ""2036-09"", ""planned_arrival_month"": ""2037-09"", ""requested_t"": 16.025641025641026, ""shipment_id"": ""S0021"", ""source_id"": ""A"", ""source_name"": ""Earth-Core"", ""unfulfilled_request_t"": 0.0}, {""actual_arrival_month"": ""2037-10"", ""actual_delivery_share"": 1.0, ""availability_share"": 1.0, ""feasible_t"": 16.025641025641026, ""gross_delivery_t"": 16.025641025641026, ""order_month"": ""2036-10"", ""planned_arrival_month"": ""2037-10"", ""requested_t"": 16.025641025641026, ""shipment_id"": ""S0022"", ""source_id"": ""A"", ""source_name"": ""Earth-Core"", ""unfulfilled_request_t"": 0.0}]","{""A"": 13.3917004048583}","{""A"": 13.3917004048583}",13.3917004048583,0.1607004048582996,13.231,13.231,0.0,68.02118721461197,8.75,2.916666666666666,0.0,0.0,56.354520547945306,ZBO,120.0,0.012,"[""ZBO""]",3.3343412328767177,1.0,[]
2036-11,56.354520547945306,11.666666666666666,8.75,"{""A"": 190.0, ""B"": 0, ""C"": 0, ""D"": 0, ""E"": 0}","{""A"": 16.025641025641026}","[{""actual_arrival_month"": ""2036-12"", ""actual_delivery_share"": 1.0, ""availability_share"": 1.0, ""feasible_t"": 13.3917004048583, ""gross_delivery_t"": 13.3917004048583, ""order_month"": ""2035-12"", ""planned_arrival_month"": ""2036-12"", ""requested_t"": 13.3917004048583, ""shipment_id"": ""S0012"", ""source_id"": ""A"", ""source_name"": ""Earth-Core"", ""unfulfilled_request_t"": 0.0}, {""actual_arrival_month"": ""2037-01"", ""actual_delivery_share"": 1.0, ""availability_share"": 1.0, ""feasible_t"": 16.025641025641026, ""gross_delivery_t"": 16.025641025641026, ""order_month"": ""2036-01"", ""planned_arrival_month"": ""2037-01"", ""requested_t"": 16.025641025641026, ""shipment_id"": ""S0013"", ""source_id"": ""A"", ""source_name"": ""Earth-Core"", ""unfulfilled_request_t"": 0.0}, {""actual_arrival_month"": ""2037-02"", ""actual_delivery_share"": 1.0, ""availability_share"": 1.0, ""feasible_t"": 16.025641025641026, ""gross_delivery_t"": 16.025641025641026, ""order_month"": ""2036-02"", ""planned_arrival_month"": ""2037-02"", ""requested_t"": 16.025641025641026, ""shipment_id"": ""S0014"", ""source_id"": ""A"", ""source_name"": ""Earth-Core"", ""unfulfilled_request_t"": 0.0}, {""actual_arrival_month"": ""2037-03"", ""actual_delivery_share"": 1.0, ""availability_share"": 1.0, ""feasible_t"": 16.025641025641026, ""gross_delivery_t"": 16.025641025641026, ""order_month"": ""2036-03"", ""planned_arrival_month"": ""2037-03"", ""requested_t"": 16.025641025641026, ""shipment_id"": ""S0015"", ""source_id"": ""A"", ""source_name"": ""Earth-Core"", ""unfulfilled_request_t"": 0.0}, {""actual_arrival_month"": ""2037-04"", ""actual_delivery_share"": 1.0, ""availability_share"": 1.0, ""feasible_t"": 16.025641025641026, ""gross_delivery_t"": 16.025641025641026, ""order_month"": ""2036-04"", ""planned_arrival_month"": ""2037-04"", ""requested_t"": 16.025641025641026, ""shipment_id"": ""S0016"", ""source_id"": ""A"", ""source_name"": ""Earth-Core"", ""unfulfilled_request_t"": 0.0}, {""actual_arrival_month"": ""2037-05"", ""actual_delivery_share"": 1.0, ""availability_share"": 1.0, ""feasible_t"": 16.025641025641026, ""gross_delivery_t"": 16.025641025641026, ""order_month"": ""2036-05"", ""planned_arrival_month"": ""2037-05"", ""requested_t"": 16.025641025641026, ""shipment_id"": ""S0017"", ""source_id"": ""A"", ""source_name"": ""Earth-Core"", ""unfulfilled_request_t"": 0.0}, {""actual_arrival_month"": ""2037-06"", ""actual_delivery_share"": 1.0, ""availability_share"": 1.0, ""feasible_t"": 16.025641025641026, ""gross_delivery_t"": 16.025641025641026, ""order_month"": ""2036-06"", ""planned_arrival_month"": ""2037-06"", ""requested_t"": 16.025641025641026, ""shipment_id"": ""S0018"", ""source_id"": ""A"", ""source_name"": ""Earth-Core"", ""unfulfilled_request_t"": 0.0}, {""actual_arrival_month"": ""2037-07"", ""actual_delivery_share"": 1.0, ""availability_share"": 1.0, ""feasible_t"": 16.025641025641026, ""gross_delivery_t"": 16.025641025641026, ""order_month"": ""2036-07"", ""planned_arrival_month"": ""2037-07"", ""requested_t"": 16.025641025641026, ""shipment_id"": ""S0019"", ""source_id"": ""A"", ""source_name"": ""Earth-Core"", ""unfulfilled_request_t"": 0.0}, {""actual_arrival_month"": ""2037-08"", ""actual_delivery_share"": 1.0, ""availability_share"": 1.0, ""feasible_t"": 16.025641025641026, ""gross_delivery_t"": 16.025641025641026, ""order_month"": ""2036-08"", ""planned_arrival_month"": ""2037-08"", ""requested_t"": 16.025641025641026, ""shipment_id"": ""S0020"", ""source_id"": ""A"", ""source_name"": ""Earth-Core"", ""unfulfilled_request_t"": 0.0}, {""actual_arrival_month"": ""2037-09"", ""actual_delivery_share"": 1.0, ""availability_share"": 1.0, ""feasible_t"": 16.025641025641026, ""gross_delivery_t"": 16.025641025641026, ""order_month"": ""2036-09"", ""planned_arrival_month"": ""2037-09"", ""requested_t"": 16.025641025641026, ""shipment_id"": ""S0021"", ""source_id"": ""A"", ""source_name"": ""Earth-Core"", ""unfulfilled_request_t"": 0.0}, {""actual_arrival_month"": ""2037-10"", ""actual_delivery_share"": 1.0, ""availability_share"": 1.0, ""feasible_t"": 16.025641025641026, ""gross_delivery_t"": 16.025641025641026, ""order_month"": ""2036-10"", ""planned_arrival_month"": ""2037-10"", ""requested_t"": 16.025641025641026, ""shipment_id"": ""S0022"", ""source_id"": ""A"", ""source_name"": ""Earth-Core"", ""unfulfilled_request_t"": 0.0}, {""actual_arrival_month"": ""2037-11"", ""actual_delivery_share"": 1.0, ""availability_share"": 1.0, ""feasible_t"": 16.025641025641026, ""gross_delivery_t"": 16.025641025641026, ""order_month"": ""2036-11"", ""planned_arrival_month"": ""2037-11"", ""requested_t"": 16.025641025641026, ""shipment_id"": ""S0023"", ""source_id"": ""A"", ""source_name"": ""Earth-Core"", ""unfulfilled_request_t"": 0.0}]","{""A"": 13.3917004048583}","{""A"": 13.3917004048583}",13.3917004048583,0.1607004048582996,13.231,13.231,0.0,69.58552054794531,8.75,2.916666666666666,0.0,0.0,57.91885388127864,ZBO,120.0,0.012,"[""ZBO""]",3.4282012328767184,1.0,[]
2036-12,57.91885388127864,11.666666666666666,8.75,"{""A"": 190.0, ""B"": 0, ""C"": 0, ""D"": 0, ""E"": 0}","{""A"": 13.71794871794873}","[{""actual_arrival_month"": ""2037-01"", ""actual_delivery_share"": 1.0, ""availability_share"": 1.0, ""feasible_t"": 16.025641025641026, ""gross_delivery_t"": 16.025641025641026, ""order_month"": ""2036-01"", ""planned_arrival_month"": ""2037-01"", ""requested_t"": 16.025641025641026, ""shipment_id"": ""S0013"", ""source_id"": ""A"", ""source_name"": ""Earth-Core"", ""unfulfilled_request_t"": 0.0}, {""actual_arrival_month"": ""2037-02"", ""actual_delivery_share"": 1.0, ""availability_share"": 1.0, ""feasible_t"": 16.025641025641026, ""gross_delivery_t"": 16.025641025641026, ""order_month"": ""2036-02"", ""planned_arrival_month"": ""2037-02"", ""requested_t"": 16.025641025641026, ""shipment_id"": ""S0014"", ""source_id"": ""A"", ""source_name"": ""Earth-Core"", ""unfulfilled_request_t"": 0.0}, {""actual_arrival_month"": ""2037-03"", ""actual_delivery_share"": 1.0, ""availability_share"": 1.0, ""feasible_t"": 16.025641025641026, ""gross_delivery_t"": 16.025641025641026, ""order_month"": ""2036-03"", ""planned_arrival_month"": ""2037-03"", ""requested_t"": 16.025641025641026, ""shipment_id"": ""S0015"", ""source_id"": ""A"", ""source_name"": ""Earth-Core"", ""unfulfilled_request_t"": 0.0}, {""actual_arrival_month"": ""2037-04"", ""actual_delivery_share"": 1.0, ""availability_share"": 1.0, ""feasible_t"": 16.025641025641026, ""gross_delivery_t"": 16.025641025641026, ""order_month"": ""2036-04"", ""planned_arrival_month"": ""2037-04"", ""requested_t"": 16.025641025641026, ""shipment_id"": ""S0016"", ""source_id"": ""A"", ""source_name"": ""Earth-Core"", ""unfulfilled_request_t"": 0.0}, {""actual_arrival_month"": ""2037-05"", ""actual_delivery_share"": 1.0, ""availability_share"": 1.0, ""feasible_t"": 16.025641025641026, ""gross_delivery_t"": 16.025641025641026, ""order_month"": ""2036-05"", ""planned_arrival_month"": ""2037-05"", ""requested_t"": 16.025641025641026, ""shipment_id"": ""S0017"", ""source_id"": ""A"", ""source_name"": ""Earth-Core"", ""unfulfilled_request_t"": 0.0}, {""actual_arrival_month"": ""2037-06"", ""actual_delivery_share"": 1.0, ""availability_share"": 1.0, ""feasible_t"": 16.025641025641026, ""gross_delivery_t"": 16.025641025641026, ""order_month"": ""2036-06"", ""planned_arrival_month"": ""2037-06"", ""requested_t"": 16.025641025641026, ""shipment_id"": ""S0018"", ""source_id"": ""A"", ""source_name"": ""Earth-Core"", ""unfulfilled_request_t"": 0.0}, {""actual_arrival_month"": ""2037-07"", ""actual_delivery_share"": 1.0, ""availability_share"": 1.0, ""feasible_t"": 16.025641025641026, ""gross_delivery_t"": 16.025641025641026, ""order_month"": ""2036-07"", ""planned_arrival_month"": ""2037-07"", ""requested_t"": 16.025641025641026, ""shipment_id"": ""S0019"", ""source_id"": ""A"", ""source_name"": ""Earth-Core"", ""unfulfilled_request_t"": 0.0}, {""actual_arrival_month"": ""2037-08"", ""actual_delivery_share"": 1.0, ""availability_share"": 1.0, ""feasible_t"": 16.025641025641026, ""gross_delivery_t"": 16.025641025641026, ""order_month"": ""2036-08"", ""planned_arrival_month"": ""2037-08"", ""requested_t"": 16.025641025641026, ""shipment_id"": ""S0020"", ""source_id"": ""A"", ""source_name"": ""Earth-Core"", ""unfulfilled_request_t"": 0.0}, {""actual_arrival_month"": ""2037-09"", ""actual_delivery_share"": 1.0, ""availability_share"": 1.0, ""feasible_t"": 16.025641025641026, ""gross_delivery_t"": 16.025641025641026, ""order_month"": ""2036-09"", ""planned_arrival_month"": ""2037-09"", ""requested_t"": 16.025641025641026, ""shipment_id"": ""S0021"", ""source_id"": ""A"", ""source_name"": ""Earth-Core"", ""unfulfilled_request_t"": 0.0}, {""actual_arrival_month"": ""2037-10"", ""actual_delivery_share"": 1.0, ""availability_share"": 1.0, ""feasible_t"": 16.025641025641026, ""gross_delivery_t"": 16.025641025641026, ""order_month"": ""2036-10"", ""planned_arrival_month"": ""2037-10"", ""requested_t"": 16.025641025641026, ""shipment_id"": ""S0022"", ""source_id"": ""A"", ""source_name"": ""Earth-Core"", ""unfulfilled_request_t"": 0.0}, {""actual_arrival_month"": ""2037-11"", ""actual_delivery_share"": 1.0, ""availability_share"": 1.0, ""feasible_t"": 16.025641025641026, ""gross_delivery_t"": 16.025641025641026, ""order_month"": ""2036-11"", ""planned_arrival_month"": ""2037-11"", ""requested_t"": 16.025641025641026, ""shipment_id"": ""S0023"", ""source_id"": ""A"", ""source_name"": ""Earth-Core"", ""unfulfilled_request_t"": 0.0}, {""actual_arrival_month"": ""2037-12"", ""actual_delivery_share"": 1.0, ""availability_share"": 1.0, ""feasible_t"": 13.71794871794873, ""gross_delivery_t"": 13.71794871794873, ""order_month"": ""2036-12"", ""planned_arrival_month"": ""2037-12"", ""requested_t"": 13.71794871794873, ""shipment_id"": ""S0024"", ""source_id"": ""A"", ""source_name"": ""Earth-Core"", ""unfulfilled_request_t"": 0.0}]","{""A"": 13.3917004048583}","{""A"": 13.3917004048583}",13.3917004048583,0.1607004048582996,13.231,13.231,0.0,71.14985388127864,8.75,2.916666666666666,0.0,0.0,59.48318721461198,ZBO,120.0,0.012,"[""ZBO""]",3.5220612328767182,1.0,[]
2037-01,59.48318721461198,15.833333333333334,11.25,"{""A"": 190.0, ""B"": 0, ""C"": 2.517482517582505, ""D"": 0, ""E"": 0}","{""A"": 24.24932523616734}","[{""actual_arrival_month"": ""2037-02"", ""actual_delivery_share"": 1.0, ""availability_share"": 1.0, ""feasible_t"": 16.025641025641026, ""gross_delivery_t"": 16.025641025641026, ""order_month"": ""2036-02"", ""planned_arrival_month"": ""2037-02"", ""requested_t"": 16.025641025641026, ""shipment_id"": ""S0014"", ""source_id"": ""A"", ""source_name"": ""Earth-Core"", ""unfulfilled_request_t"": 0.0}, {""actual_arrival_month"": ""2037-03"", ""actual_delivery_share"": 1.0, ""availability_share"": 1.0, ""feasible_t"": 16.025641025641026, ""gross_delivery_t"": 16.025641025641026, ""order_month"": ""2036-03"", ""planned_arrival_month"": ""2037-03"", ""requested_t"": 16.025641025641026, ""shipment_id"": ""S0015"", ""source_id"": ""A"", ""source_name"": ""Earth-Core"", ""unfulfilled_request_t"": 0.0}, {""actual_arrival_month"": ""2037-04"", ""actual_delivery_share"": 1.0, ""availability_share"": 1.0, ""feasible_t"": 16.025641025641026, ""gross_delivery_t"": 16.025641025641026, ""order_month"": ""2036-04"", ""planned_arrival_month"": ""2037-04"", ""requested_t"": 16.025641025641026, ""shipment_id"": ""S0016"", ""source_id"": ""A"", ""source_name"": ""Earth-Core"", ""unfulfilled_request_t"": 0.0}, {""actual_arrival_month"": ""2037-05"", ""actual_delivery_share"": 1.0, ""availability_share"": 1.0, ""feasible_t"": 16.025641025641026, ""gross_delivery_t"": 16.025641025641026, ""order_month"": ""2036-05"", ""planned_arrival_month"": ""2037-05"", ""requested_t"": 16.025641025641026, ""shipment_id"": ""S0017"", ""source_id"": ""A"", ""source_name"": ""Earth-Core"", ""unfulfilled_request_t"": 0.0}, {""actual_arrival_month"": ""2037-06"", ""actual_delivery_share"": 1.0, ""availability_share"": 1.0, ""feasible_t"": 16.025641025641026, ""gross_delivery_t"": 16.025641025641026, ""order_month"": ""2036-06"", ""planned_arrival_month"": ""2037-06"", ""requested_t"": 16.025641025641026, ""shipment_id"": ""S0018"", ""source_id"": ""A"", ""source_name"": ""Earth-Core"", ""unfulfilled_request_t"": 0.0}, {""actual_arrival_month"": ""2037-07"", ""actual_delivery_share"": 1.0, ""availability_share"": 1.0, ""feasible_t"": 16.025641025641026, ""gross_delivery_t"": 16.025641025641026, ""order_month"": ""2036-07"", ""planned_arrival_month"": ""2037-07"", ""requested_t"": 16.025641025641026, ""shipment_id"": ""S0019"", ""source_id"": ""A"", ""source_name"": ""Earth-Core"", ""unfulfilled_request_t"": 0.0}, {""actual_arrival_month"": ""2037-08"", ""actual_delivery_share"": 1.0, ""availability_share"": 1.0, ""feasible_t"": 16.025641025641026, ""gross_delivery_t"": 16.025641025641026, ""order_month"": ""2036-08"", ""planned_arrival_month"": ""2037-08"", ""requested_t"": 16.025641025641026, ""shipment_id"": ""S0020"", ""source_id"": ""A"", ""source_name"": ""Earth-Core"", ""unfulfilled_request_t"": 0.0}, {""actual_arrival_month"": ""2037-09"", ""actual_delivery_share"": 1.0, ""availability_share"": 1.0, ""feasible_t"": 16.025641025641026, ""gross_delivery_t"": 16.025641025641026, ""order_month"": ""2036-09"", ""planned_arrival_month"": ""2037-09"", ""requested_t"": 16.025641025641026, ""shipment_id"": ""S0021"", ""source_id"": ""A"", ""source_name"": ""Earth-Core"", ""unfulfilled_request_t"": 0.0}, {""actual_arrival_month"": ""2037-10"", ""actual_delivery_share"": 1.0, ""availability_share"": 1.0, ""feasible_t"": 16.025641025641026, ""gross_delivery_t"": 16.025641025641026, ""order_month"": ""2036-10"", ""planned_arrival_month"": ""2037-10"", ""requested_t"": 16.025641025641026, ""shipment_id"": ""S0022"", ""source_id"": ""A"", ""source_name"": ""Earth-Core"", ""unfulfilled_request_t"": 0.0}, {""actual_arrival_month"": ""2037-11"", ""actual_delivery_share"": 1.0, ""availability_share"": 1.0, ""feasible_t"": 16.025641025641026, ""gross_delivery_t"": 16.025641025641026, ""order_month"": ""2036-11"", ""planned_arrival_month"": ""2037-11"", ""requested_t"": 16.025641025641026, ""shipment_id"": ""S0023"", ""source_id"": ""A"", ""source_name"": ""Earth-Core"", ""unfulfilled_request_t"": 0.0}, {""actual_arrival_month"": ""2037-12"", ""actual_delivery_share"": 1.0, ""availability_share"": 1.0, ""feasible_t"": 13.71794871794873, ""gross_delivery_t"": 13.71794871794873, ""order_month"": ""2036-12"", ""planned_arrival_month"": ""2037-12"", ""requested_t"": 13.71794871794873, ""shipment_id"": ""S0024"", ""source_id"": ""A"", ""source_name"": ""Earth-Core"", ""unfulfilled_request_t"": 0.0}, {""actual_arrival_month"": ""2038-01"", ""actual_delivery_share"": 1.0, ""availability_share"": 1.0, ""feasible_t"": 24.24932523616734, ""gross_delivery_t"": 24.24932523616734, ""order_month"": ""2037-01"", ""planned_arrival_month"": ""2038-01"", ""requested_t"": 24.24932523616734, ""shipment_id"": ""S0025"", ""source_id"": ""A"", ""source_name"": ""Earth-Core"", ""unfulfilled_request_t"": 0.0}]","{""A"": 16.025641025641026}","{""A"": 16.025641025641026}",16.025641025641026,0.19230769230769232,15.833333333333334,15.833333333333334,0.0,75.31652054794532,11.25,4.583333333333334,0.0,0.0,59.48318721461198,ZBO,120.0,0.012,"[""ZBO""]",3.568991232876719,1.0,[]
2037-02,59.48318721461198,15.833333333333334,11.25,"{""A"": 190.0, ""B"": 0, ""C"": 2.517482517582505, ""D"": 0, ""E"": 0}","{""A"": 24.24932523616734}","[{""actual_arrival_month"": ""2037-03"", ""actual_delivery_share"": 1.0, ""availability_share"": 1.0, ""feasible_t"": 16.025641025641026, ""gross_delivery_t"": 16.025641025641026, ""order_month"": ""2036-03"", ""planned_arrival_month"": ""2037-03"", ""requested_t"": 16.025641025641026, ""shipment_id"": ""S0015"", ""source_id"": ""A"", ""source_name"": ""Earth-Core"", ""unfulfilled_request_t"": 0.0}, {""actual_arrival_month"": ""2037-04"", ""actual_delivery_share"": 1.0, ""availability_share"": 1.0, ""feasible_t"": 16.025641025641026, ""gross_delivery_t"": 16.025641025641026, ""order_month"": ""2036-04"", ""planned_arrival_month"": ""2037-04"", ""requested_t"": 16.025641025641026, ""shipment_id"": ""S0016"", ""source_id"": ""A"", ""source_name"": ""Earth-Core"", ""unfulfilled_request_t"": 0.0}, {""actual_arrival_month"": ""2037-05"", ""actual_delivery_share"": 1.0, ""availability_share"": 1.0, ""feasible_t"": 16.025641025641026, ""gross_delivery_t"": 16.025641025641026, ""order_month"": ""2036-05"", ""planned_arrival_month"": ""2037-05"", ""requested_t"": 16.025641025641026, ""shipment_id"": ""S0017"", ""source_id"": ""A"", ""source_name"": ""Earth-Core"", ""unfulfilled_request_t"": 0.0}, {""actual_arrival_month"": ""2037-06"", ""actual_delivery_share"": 1.0, ""availability_share"": 1.0, ""feasible_t"": 16.025641025641026, ""gross_delivery_t"": 16.025641025641026, ""order_month"": ""2036-06"", ""planned_arrival_month"": ""2037-06"", ""requested_t"": 16.025641025641026, ""shipment_id"": ""S0018"", ""source_id"": ""A"", ""source_name"": ""Earth-Core"", ""unfulfilled_request_t"": 0.0}, {""actual_arrival_month"": ""2037-07"", ""actual_delivery_share"": 1.0, ""availability_share"": 1.0, ""feasible_t"": 16.025641025641026, ""gross_delivery_t"": 16.025641025641026, ""order_month"": ""2036-07"", ""planned_arrival_month"": ""2037-07"", ""requested_t"": 16.025641025641026, ""shipment_id"": ""S0019"", ""source_id"": ""A"", ""source_name"": ""Earth-Core"", ""unfulfilled_request_t"": 0.0}, {""actual_arrival_month"": ""2037-08"", ""actual_delivery_share"": 1.0, ""availability_share"": 1.0, ""feasible_t"": 16.025641025641026, ""gross_delivery_t"": 16.025641025641026, ""order_month"": ""2036-08"", ""planned_arrival_month"": ""2037-08"", ""requested_t"": 16.025641025641026, ""shipment_id"": ""S0020"", ""source_id"": ""A"", ""source_name"": ""Earth-Core"", ""unfulfilled_request_t"": 0.0}, {""actual_arrival_month"": ""2037-09"", ""actual_delivery_share"": 1.0, ""availability_share"": 1.0, ""feasible_t"": 16.025641025641026, ""gross_delivery_t"": 16.025641025641026, ""order_month"": ""2036-09"", ""planned_arrival_month"": ""2037-09"", ""requested_t"": 16.025641025641026, ""shipment_id"": ""S0021"", ""source_id"": ""A"", ""source_name"": ""Earth-Core"", ""unfulfilled_request_t"": 0.0}, {""actual_arrival_month"": ""2037-10"", ""actual_delivery_share"": 1.0, ""availability_share"": 1.0, ""feasible_t"": 16.025641025641026, ""gross_delivery_t"": 16.025641025641026, ""order_month"": ""2036-10"", ""planned_arrival_month"": ""2037-10"", ""requested_t"": 16.025641025641026, ""shipment_id"": ""S0022"", ""source_id"": ""A"", ""source_name"": ""Earth-Core"", ""unfulfilled_request_t"": 0.0}, {""actual_arrival_month"": ""2037-11"", ""actual_delivery_share"": 1.0, ""availability_share"": 1.0, ""feasible_t"": 16.025641025641026, ""gross_delivery_t"": 16.025641025641026, ""order_month"": ""2036-11"", ""planned_arrival_month"": ""2037-11"", ""requested_t"": 16.025641025641026, ""shipment_id"": ""S0023"", ""source_id"": ""A"", ""source_name"": ""Earth-Core"", ""unfulfilled_request_t"": 0.0}, {""actual_arrival_month"": ""2037-12"", ""actual_delivery_share"": 1.0, ""availability_share"": 1.0, ""feasible_t"": 13.71794871794873, ""gross_delivery_t"": 13.71794871794873, ""order_month"": ""2036-12"", ""planned_arrival_month"": ""2037-12"", ""requested_t"": 13.71794871794873, ""shipment_id"": ""S0024"", ""source_id"": ""A"", ""source_name"": ""Earth-Core"", ""unfulfilled_request_t"": 0.0}, {""actual_arrival_month"": ""2038-01"", ""actual_delivery_share"": 1.0, ""availability_share"": 1.0, ""feasible_t"": 24.24932523616734, ""gross_delivery_t"": 24.24932523616734, ""order_month"": ""2037-01"", ""planned_arrival_month"": ""2038-01"", ""requested_t"": 24.24932523616734, ""shipment_id"": ""S0025"", ""source_id"": ""A"", ""source_name"": ""Earth-Core"", ""unfulfilled_request_t"": 0.0}, {""actual_arrival_month"": ""2038-02"", ""actual_delivery_share"": 1.0, ""availability_share"": 1.0, ""feasible_t"": 24.24932523616734, ""gross_delivery_t"": 24.24932523616734, ""order_month"": ""2037-02"", ""planned_arrival_month"": ""2038-02"", ""requested_t"": 24.24932523616734, ""shipment_id"": ""S0026"", ""source_id"": ""A"", ""source_name"": ""Earth-Core"", ""unfulfilled_request_t"": 0.0}]","{""A"": 16.025641025641026}","{""A"": 16.025641025641026}",16.025641025641026,0.19230769230769232,15.833333333333334,15.833333333333334,0.0,75.31652054794532,11.25,4.583333333333334,0.0,0.0,59.48318721461198,ZBO,120.0,0.012,"[""ZBO"", ""EARTH_NEW""]",3.568991232876719,1.0,[]
2037-03,59.48318721461198,15.833333333333334,11.25,"{""A"": 190.0, ""B"": 0, ""C"": 2.517482517582505, ""D"": 0, ""E"": 0}","{""A"": 24.24932523616734}","[{""actual_arrival_month"": ""2037-04"", ""actual_delivery_share"": 1.0, ""availability_share"": 1.0, ""feasible_t"": 16.025641025641026, ""gross_delivery_t"": 16.025641025641026, ""order_month"": ""2036-04"", ""planned_arrival_month"": ""2037-04"", ""requested_t"": 16.025641025641026, ""shipment_id"": ""S0016"", ""source_id"": ""A"", ""source_name"": ""Earth-Core"", ""unfulfilled_request_t"": 0.0}, {""actual_arrival_month"": ""2037-05"", ""actual_delivery_share"": 1.0, ""availability_share"": 1.0, ""feasible_t"": 16.025641025641026, ""gross_delivery_t"": 16.025641025641026, ""order_month"": ""2036-05"", ""planned_arrival_month"": ""2037-05"", ""requested_t"": 16.025641025641026, ""shipment_id"": ""S0017"", ""source_id"": ""A"", ""source_name"": ""Earth-Core"", ""unfulfilled_request_t"": 0.0}, {""actual_arrival_month"": ""2037-06"", ""actual_delivery_share"": 1.0, ""availability_share"": 1.0, ""feasible_t"": 16.025641025641026, ""gross_delivery_t"": 16.025641025641026, ""order_month"": ""2036-06"", ""planned_arrival_month"": ""2037-06"", ""requested_t"": 16.025641025641026, ""shipment_id"": ""S0018"", ""source_id"": ""A"", ""source_name"": ""Earth-Core"", ""unfulfilled_request_t"": 0.0}, {""actual_arrival_month"": ""2037-07"", ""actual_delivery_share"": 1.0, ""availability_share"": 1.0, ""feasible_t"": 16.025641025641026, ""gross_delivery_t"": 16.025641025641026, ""order_month"": ""2036-07"", ""planned_arrival_month"": ""2037-07"", ""requested_t"": 16.025641025641026, ""shipment_id"": ""S0019"", ""source_id"": ""A"", ""source_name"": ""Earth-Core"", ""unfulfilled_request_t"": 0.0}, {""actual_arrival_month"": ""2037-08"", ""actual_delivery_share"": 1.0, ""availability_share"": 1.0, ""feasible_t"": 16.025641025641026, ""gross_delivery_t"": 16.025641025641026, ""order_month"": ""2036-08"", ""planned_arrival_month"": ""2037-08"", ""requested_t"": 16.025641025641026, ""shipment_id"": ""S0020"", ""source_id"": ""A"", ""source_name"": ""Earth-Core"", ""unfulfilled_request_t"": 0.0}, {""actual_arrival_month"": ""2037-09"", ""actual_delivery_share"": 1.0, ""availability_share"": 1.0, ""feasible_t"": 16.025641025641026, ""gross_delivery_t"": 16.025641025641026, ""order_month"": ""2036-09"", ""planned_arrival_month"": ""2037-09"", ""requested_t"": 16.025641025641026, ""shipment_id"": ""S0021"", ""source_id"": ""A"", ""source_name"": ""Earth-Core"", ""unfulfilled_request_t"": 0.0}, {""actual_arrival_month"": ""2037-10"", ""actual_delivery_share"": 1.0, ""availability_share"": 1.0, ""feasible_t"": 16.025641025641026, ""gross_delivery_t"": 16.025641025641026, ""order_month"": ""2036-10"", ""planned_arrival_month"": ""2037-10"", ""requested_t"": 16.025641025641026, ""shipment_id"": ""S0022"", ""source_id"": ""A"", ""source_name"": ""Earth-Core"", ""unfulfilled_request_t"": 0.0}, {""actual_arrival_month"": ""2037-11"", ""actual_delivery_share"": 1.0, ""availability_share"": 1.0, ""feasible_t"": 16.025641025641026, ""gross_delivery_t"": 16.025641025641026, ""order_month"": ""2036-11"", ""planned_arrival_month"": ""2037-11"", ""requested_t"": 16.025641025641026, ""shipment_id"": ""S0023"", ""source_id"": ""A"", ""source_name"": ""Earth-Core"", ""unfulfilled_request_t"": 0.0}, {""actual_arrival_month"": ""2037-12"", ""actual_delivery_share"": 1.0, ""availability_share"": 1.0, ""feasible_t"": 13.71794871794873, ""gross_delivery_t"": 13.71794871794873, ""order_month"": ""2036-12"", ""planned_arrival_month"": ""2037-12"", ""requested_t"": 13.71794871794873, ""shipment_id"": ""S0024"", ""source_id"": ""A"", ""source_name"": ""Earth-Core"", ""unfulfilled_request_t"": 0.0}, {""actual_arrival_month"": ""2038-01"", ""actual_delivery_share"": 1.0, ""availability_share"": 1.0, ""feasible_t"": 24.24932523616734, ""gross_delivery_t"": 24.24932523616734, ""order_month"": ""2037-01"", ""planned_arrival_month"": ""2038-01"", ""requested_t"": 24.24932523616734, ""shipment_id"": ""S0025"", ""source_id"": ""A"", ""source_name"": ""Earth-Core"", ""unfulfilled_request_t"": 0.0}, {""actual_arrival_month"": ""2038-02"", ""actual_delivery_share"": 1.0, ""availability_share"": 1.0, ""feasible_t"": 24.24932523616734, ""gross_delivery_t"": 24.24932523616734, ""order_month"": ""2037-02"", ""planned_arrival_month"": ""2038-02"", ""requested_t"": 24.24932523616734, ""shipment_id"": ""S0026"", ""source_id"": ""A"", ""source_name"": ""Earth-Core"", ""unfulfilled_request_t"": 0.0}, {""actual_arrival_month"": ""2038-03"", ""actual_delivery_share"": 1.0, ""availability_share"": 1.0, ""feasible_t"": 24.24932523616734, ""gross_delivery_t"": 24.24932523616734, ""order_month"": ""2037-03"", ""planned_arrival_month"": ""2038-03"", ""requested_t"": 24.24932523616734, ""shipment_id"": ""S0027"", ""source_id"": ""A"", ""source_name"": ""Earth-Core"", ""unfulfilled_request_t"": 0.0}]","{""A"": 16.025641025641026}","{""A"": 16.025641025641026}",16.025641025641026,0.19230769230769232,15.833333333333334,15.833333333333334,0.0,75.31652054794532,11.25,4.583333333333334,0.0,0.0,59.48318721461198,ZBO,120.0,0.012,"[""ZBO"", ""EARTH_NEW""]",3.568991232876719,1.0,[]
2037-04,59.48318721461198,15.833333333333334,11.25,"{""A"": 190.0, ""B"": 0, ""C"": 2.517482517582505, ""D"": 0, ""E"": 0}","{""A"": 24.24932523616734}","[{""actual_arrival_month"": ""2037-05"", ""actual_delivery_share"": 1.0, ""availability_share"": 1.0, ""feasible_t"": 16.025641025641026, ""gross_delivery_t"": 16.025641025641026, ""order_month"": ""2036-05"", ""planned_arrival_month"": ""2037-05"", ""requested_t"": 16.025641025641026, ""shipment_id"": ""S0017"", ""source_id"": ""A"", ""source_name"": ""Earth-Core"", ""unfulfilled_request_t"": 0.0}, {""actual_arrival_month"": ""2037-06"", ""actual_delivery_share"": 1.0, ""availability_share"": 1.0, ""feasible_t"": 16.025641025641026, ""gross_delivery_t"": 16.025641025641026, ""order_month"": ""2036-06"", ""planned_arrival_month"": ""2037-06"", ""requested_t"": 16.025641025641026, ""shipment_id"": ""S0018"", ""source_id"": ""A"", ""source_name"": ""Earth-Core"", ""unfulfilled_request_t"": 0.0}, {""actual_arrival_month"": ""2037-07"", ""actual_delivery_share"": 1.0, ""availability_share"": 1.0, ""feasible_t"": 16.025641025641026, ""gross_delivery_t"": 16.025641025641026, ""order_month"": ""2036-07"", ""planned_arrival_month"": ""2037-07"", ""requested_t"": 16.025641025641026, ""shipment_id"": ""S0019"", ""source_id"": ""A"", ""source_name"": ""Earth-Core"", ""unfulfilled_request_t"": 0.0}, {""actual_arrival_month"": ""2037-08"", ""actual_delivery_share"": 1.0, ""availability_share"": 1.0, ""feasible_t"": 16.025641025641026, ""gross_delivery_t"": 16.025641025641026, ""order_month"": ""2036-08"", ""planned_arrival_month"": ""2037-08"", ""requested_t"": 16.025641025641026, ""shipment_id"": ""S0020"", ""source_id"": ""A"", ""source_name"": ""Earth-Core"", ""unfulfilled_request_t"": 0.0}, {""actual_arrival_month"": ""2037-09"", ""actual_delivery_share"": 1.0, ""availability_share"": 1.0, ""feasible_t"": 16.025641025641026, ""gross_delivery_t"": 16.025641025641026, ""order_month"": ""2036-09"", ""planned_arrival_month"": ""2037-09"", ""requested_t"": 16.025641025641026, ""shipment_id"": ""S0021"", ""source_id"": ""A"", ""source_name"": ""Earth-Core"", ""unfulfilled_request_t"": 0.0}, {""actual_arrival_month"": ""2037-10"", ""actual_delivery_share"": 1.0, ""availability_share"": 1.0, ""feasible_t"": 16.025641025641026, ""gross_delivery_t"": 16.025641025641026, ""order_month"": ""2036-10"", ""planned_arrival_month"": ""2037-10"", ""requested_t"": 16.025641025641026, ""shipment_id"": ""S0022"", ""source_id"": ""A"", ""source_name"": ""Earth-Core"", ""unfulfilled_request_t"": 0.0}, {""actual_arrival_month"": ""2037-11"", ""actual_delivery_share"": 1.0, ""availability_share"": 1.0, ""feasible_t"": 16.025641025641026, ""gross_delivery_t"": 16.025641025641026, ""order_month"": ""2036-11"", ""planned_arrival_month"": ""2037-11"", ""requested_t"": 16.025641025641026, ""shipment_id"": ""S0023"", ""source_id"": ""A"", ""source_name"": ""Earth-Core"", ""unfulfilled_request_t"": 0.0}, {""actual_arrival_month"": ""2037-12"", ""actual_delivery_share"": 1.0, ""availability_share"": 1.0, ""feasible_t"": 13.71794871794873, ""gross_delivery_t"": 13.71794871794873, ""order_month"": ""2036-12"", ""planned_arrival_month"": ""2037-12"", ""requested_t"": 13.71794871794873, ""shipment_id"": ""S0024"", ""source_id"": ""A"", ""source_name"": ""Earth-Core"", ""unfulfilled_request_t"": 0.0}, {""actual_arrival_month"": ""2038-01"", ""actual_delivery_share"": 1.0, ""availability_share"": 1.0, ""feasible_t"": 24.24932523616734, ""gross_delivery_t"": 24.24932523616734, ""order_month"": ""2037-01"", ""planned_arrival_month"": ""2038-01"", ""requested_t"": 24.24932523616734, ""shipment_id"": ""S0025"", ""source_id"": ""A"", ""source_name"": ""Earth-Core"", ""unfulfilled_request_t"": 0.0}, {""actual_arrival_month"": ""2038-02"", ""actual_delivery_share"": 1.0, ""availability_share"": 1.0, ""feasible_t"": 24.24932523616734, ""gross_delivery_t"": 24.24932523616734, ""order_month"": ""2037-02"", ""planned_arrival_month"": ""2038-02"", ""requested_t"": 24.24932523616734, ""shipment_id"": ""S0026"", ""source_id"": ""A"", ""source_name"": ""Earth-Core"", ""unfulfilled_request_t"": 0.0}, {""actual_arrival_month"": ""2038-03"", ""actual_delivery_share"": 1.0, ""availability_share"": 1.0, ""feasible_t"": 24.24932523616734, ""gross_delivery_t"": 24.24932523616734, ""order_month"": ""2037-03"", ""planned_arrival_month"": ""2038-03"", ""requested_t"": 24.24932523616734, ""shipment_id"": ""S0027"", ""source_id"": ""A"", ""source_name"": ""Earth-Core"", ""unfulfilled_request_t"": 0.0}, {""actual_arrival_month"": ""2038-04"", ""actual_delivery_share"": 1.0, ""availability_share"": 1.0, ""feasible_t"": 24.24932523616734, ""gross_delivery_t"": 24.24932523616734, ""order_month"": ""2037-04"", ""planned_arrival_month"": ""2038-04"", ""requested_t"": 24.24932523616734, ""shipment_id"": ""S0028"", ""source_id"": ""A"", ""source_name"": ""Earth-Core"", ""unfulfilled_request_t"": 0.0}]","{""A"": 16.025641025641026}","{""A"": 16.025641025641026}",16.025641025641026,0.19230769230769232,15.833333333333334,15.833333333333334,0.0,75.31652054794532,11.25,4.583333333333334,0.0,0.0,59.48318721461198,ZBO,120.0,0.012,"[""ZBO"", ""EARTH_NEW""]",3.568991232876719,1.0,[]
2037-05,59.48318721461198,15.833333333333334,11.25,"{""A"": 190.0, ""B"": 0, ""C"": 2.517482517582505, ""D"": 0, ""E"": 0}","{""A"": 24.24932523616734}","[{""actual_arrival_month"": ""2037-06"", ""actual_delivery_share"": 1.0, ""availability_share"": 1.0, ""feasible_t"": 16.025641025641026, ""gross_delivery_t"": 16.025641025641026, ""order_month"": ""2036-06"", ""planned_arrival_month"": ""2037-06"", ""requested_t"": 16.025641025641026, ""shipment_id"": ""S0018"", ""source_id"": ""A"", ""source_name"": ""Earth-Core"", ""unfulfilled_request_t"": 0.0}, {""actual_arrival_month"": ""2037-07"", ""actual_delivery_share"": 1.0, ""availability_share"": 1.0, ""feasible_t"": 16.025641025641026, ""gross_delivery_t"": 16.025641025641026, ""order_month"": ""2036-07"", ""planned_arrival_month"": ""2037-07"", ""requested_t"": 16.025641025641026, ""shipment_id"": ""S0019"", ""source_id"": ""A"", ""source_name"": ""Earth-Core"", ""unfulfilled_request_t"": 0.0}, {""actual_arrival_month"": ""2037-08"", ""actual_delivery_share"": 1.0, ""availability_share"": 1.0, ""feasible_t"": 16.025641025641026, ""gross_delivery_t"": 16.025641025641026, ""order_month"": ""2036-08"", ""planned_arrival_month"": ""2037-08"", ""requested_t"": 16.025641025641026, ""shipment_id"": ""S0020"", ""source_id"": ""A"", ""source_name"": ""Earth-Core"", ""unfulfilled_request_t"": 0.0}, {""actual_arrival_month"": ""2037-09"", ""actual_delivery_share"": 1.0, ""availability_share"": 1.0, ""feasible_t"": 16.025641025641026, ""gross_delivery_t"": 16.025641025641026, ""order_month"": ""2036-09"", ""planned_arrival_month"": ""2037-09"", ""requested_t"": 16.025641025641026, ""shipment_id"": ""S0021"", ""source_id"": ""A"", ""source_name"": ""Earth-Core"", ""unfulfilled_request_t"": 0.0}, {""actual_arrival_month"": ""2037-10"", ""actual_delivery_share"": 1.0, ""availability_share"": 1.0, ""feasible_t"": 16.025641025641026, ""gross_delivery_t"": 16.025641025641026, ""order_month"": ""2036-10"", ""planned_arrival_month"": ""2037-10"", ""requested_t"": 16.025641025641026, ""shipment_id"": ""S0022"", ""source_id"": ""A"", ""source_name"": ""Earth-Core"", ""unfulfilled_request_t"": 0.0}, {""actual_arrival_month"": ""2037-11"", ""actual_delivery_share"": 1.0, ""availability_share"": 1.0, ""feasible_t"": 16.025641025641026, ""gross_delivery_t"": 16.025641025641026, ""order_month"": ""2036-11"", ""planned_arrival_month"": ""2037-11"", ""requested_t"": 16.025641025641026, ""shipment_id"": ""S0023"", ""source_id"": ""A"", ""source_name"": ""Earth-Core"", ""unfulfilled_request_t"": 0.0}, {""actual_arrival_month"": ""2037-12"", ""actual_delivery_share"": 1.0, ""availability_share"": 1.0, ""feasible_t"": 13.71794871794873, ""gross_delivery_t"": 13.71794871794873, ""order_month"": ""2036-12"", ""planned_arrival_month"": ""2037-12"", ""requested_t"": 13.71794871794873, ""shipment_id"": ""S0024"", ""source_id"": ""A"", ""source_name"": ""Earth-Core"", ""unfulfilled_request_t"": 0.0}, {""actual_arrival_month"": ""2038-01"", ""actual_delivery_share"": 1.0, ""availability_share"": 1.0, ""feasible_t"": 24.24932523616734, ""gross_delivery_t"": 24.24932523616734, ""order_month"": ""2037-01"", ""planned_arrival_month"": ""2038-01"", ""requested_t"": 24.24932523616734, ""shipment_id"": ""S0025"", ""source_id"": ""A"", ""source_name"": ""Earth-Core"", ""unfulfilled_request_t"": 0.0}, {""actual_arrival_month"": ""2038-02"", ""actual_delivery_share"": 1.0, ""availability_share"": 1.0, ""feasible_t"": 24.24932523616734, ""gross_delivery_t"": 24.24932523616734, ""order_month"": ""2037-02"", ""planned_arrival_month"": ""2038-02"", ""requested_t"": 24.24932523616734, ""shipment_id"": ""S0026"", ""source_id"": ""A"", ""source_name"": ""Earth-Core"", ""unfulfilled_request_t"": 0.0}, {""actual_arrival_month"": ""2038-03"", ""actual_delivery_share"": 1.0, ""availability_share"": 1.0, ""feasible_t"": 24.24932523616734, ""gross_delivery_t"": 24.24932523616734, ""order_month"": ""2037-03"", ""planned_arrival_month"": ""2038-03"", ""requested_t"": 24.24932523616734, ""shipment_id"": ""S0027"", ""source_id"": ""A"", ""source_name"": ""Earth-Core"", ""unfulfilled_request_t"": 0.0}, {""actual_arrival_month"": ""2038-04"", ""actual_delivery_share"": 1.0, ""availability_share"": 1.0, ""feasible_t"": 24.24932523616734, ""gross_delivery_t"": 24.24932523616734, ""order_month"": ""2037-04"", ""planned_arrival_month"": ""2038-04"", ""requested_t"": 24.24932523616734, ""shipment_id"": ""S0028"", ""source_id"": ""A"", ""source_name"": ""Earth-Core"", ""unfulfilled_request_t"": 0.0}, {""actual_arrival_month"": ""2038-05"", ""actual_delivery_share"": 1.0, ""availability_share"": 1.0, ""feasible_t"": 24.24932523616734, ""gross_delivery_t"": 24.24932523616734, ""order_month"": ""2037-05"", ""planned_arrival_month"": ""2038-05"", ""requested_t"": 24.24932523616734, ""shipment_id"": ""S0029"", ""source_id"": ""A"", ""source_name"": ""Earth-Core"", ""unfulfilled_request_t"": 0.0}]","{""A"": 16.025641025641026}","{""A"": 16.025641025641026}",16.025641025641026,0.19230769230769232,15.833333333333334,15.833333333333334,0.0,75.31652054794532,11.25,4.583333333333334,0.0,0.0,59.48318721461198,ZBO,120.0,0.012,"[""ZBO"", ""EARTH_NEW""]",3.568991232876719,1.0,[]
2037-06,59.48318721461198,15.833333333333334,11.25,"{""A"": 190.0, ""B"": 0, ""C"": 2.517482517582505, ""D"": 0, ""E"": 0}","{""A"": 24.24932523616734}","[{""actual_arrival_month"": ""2037-07"", ""actual_delivery_share"": 1.0, ""availability_share"": 1.0, ""feasible_t"": 16.025641025641026, ""gross_delivery_t"": 16.025641025641026, ""order_month"": ""2036-07"", ""planned_arrival_month"": ""2037-07"", ""requested_t"": 16.025641025641026, ""shipment_id"": ""S0019"", ""source_id"": ""A"", ""source_name"": ""Earth-Core"", ""unfulfilled_request_t"": 0.0}, {""actual_arrival_month"": ""2037-08"", ""actual_delivery_share"": 1.0, ""availability_share"": 1.0, ""feasible_t"": 16.025641025641026, ""gross_delivery_t"": 16.025641025641026, ""order_month"": ""2036-08"", ""planned_arrival_month"": ""2037-08"", ""requested_t"": 16.025641025641026, ""shipment_id"": ""S0020"", ""source_id"": ""A"", ""source_name"": ""Earth-Core"", ""unfulfilled_request_t"": 0.0}, {""actual_arrival_month"": ""2037-09"", ""actual_delivery_share"": 1.0, ""availability_share"": 1.0, ""feasible_t"": 16.025641025641026, ""gross_delivery_t"": 16.025641025641026, ""order_month"": ""2036-09"", ""planned_arrival_month"": ""2037-09"", ""requested_t"": 16.025641025641026, ""shipment_id"": ""S0021"", ""source_id"": ""A"", ""source_name"": ""Earth-Core"", ""unfulfilled_request_t"": 0.0}, {""actual_arrival_month"": ""2037-10"", ""actual_delivery_share"": 1.0, ""availability_share"": 1.0, ""feasible_t"": 16.025641025641026, ""gross_delivery_t"": 16.025641025641026, ""order_month"": ""2036-10"", ""planned_arrival_month"": ""2037-10"", ""requested_t"": 16.025641025641026, ""shipment_id"": ""S0022"", ""source_id"": ""A"", ""source_name"": ""Earth-Core"", ""unfulfilled_request_t"": 0.0}, {""actual_arrival_month"": ""2037-11"", ""actual_delivery_share"": 1.0, ""availability_share"": 1.0, ""feasible_t"": 16.025641025641026, ""gross_delivery_t"": 16.025641025641026, ""order_month"": ""2036-11"", ""planned_arrival_month"": ""2037-11"", ""requested_t"": 16.025641025641026, ""shipment_id"": ""S0023"", ""source_id"": ""A"", ""source_name"": ""Earth-Core"", ""unfulfilled_request_t"": 0.0}, {""actual_arrival_month"": ""2037-12"", ""actual_delivery_share"": 1.0, ""availability_share"": 1.0, ""feasible_t"": 13.71794871794873, ""gross_delivery_t"": 13.71794871794873, ""order_month"": ""2036-12"", ""planned_arrival_month"": ""2037-12"", ""requested_t"": 13.71794871794873, ""shipment_id"": ""S0024"", ""source_id"": ""A"", ""source_name"": ""Earth-Core"", ""unfulfilled_request_t"": 0.0}, {""actual_arrival_month"": ""2038-01"", ""actual_delivery_share"": 1.0, ""availability_share"": 1.0, ""feasible_t"": 24.24932523616734, ""gross_delivery_t"": 24.24932523616734, ""order_month"": ""2037-01"", ""planned_arrival_month"": ""2038-01"", ""requested_t"": 24.24932523616734, ""shipment_id"": ""S0025"", ""source_id"": ""A"", ""source_name"": ""Earth-Core"", ""unfulfilled_request_t"": 0.0}, {""actual_arrival_month"": ""2038-02"", ""actual_delivery_share"": 1.0, ""availability_share"": 1.0, ""feasible_t"": 24.24932523616734, ""gross_delivery_t"": 24.24932523616734, ""order_month"": ""2037-02"", ""planned_arrival_month"": ""2038-02"", ""requested_t"": 24.24932523616734, ""shipment_id"": ""S0026"", ""source_id"": ""A"", ""source_name"": ""Earth-Core"", ""unfulfilled_request_t"": 0.0}, {""actual_arrival_month"": ""2038-03"", ""actual_delivery_share"": 1.0, ""availability_share"": 1.0, ""feasible_t"": 24.24932523616734, ""gross_delivery_t"": 24.24932523616734, ""order_month"": ""2037-03"", ""planned_arrival_month"": ""2038-03"", ""requested_t"": 24.24932523616734, ""shipment_id"": ""S0027"", ""source_id"": ""A"", ""source_name"": ""Earth-Core"", ""unfulfilled_request_t"": 0.0}, {""actual_arrival_month"": ""2038-04"", ""actual_delivery_share"": 1.0, ""availability_share"": 1.0, ""feasible_t"": 24.24932523616734, ""gross_delivery_t"": 24.24932523616734, ""order_month"": ""2037-04"", ""planned_arrival_month"": ""2038-04"", ""requested_t"": 24.24932523616734, ""shipment_id"": ""S0028"", ""source_id"": ""A"", ""source_name"": ""Earth-Core"", ""unfulfilled_request_t"": 0.0}, {""actual_arrival_month"": ""2038-05"", ""actual_delivery_share"": 1.0, ""availability_share"": 1.0, ""feasible_t"": 24.24932523616734, ""gross_delivery_t"": 24.24932523616734, ""order_month"": ""2037-05"", ""planned_arrival_month"": ""2038-05"", ""requested_t"": 24.24932523616734, ""shipment_id"": ""S0029"", ""source_id"": ""A"", ""source_name"": ""Earth-Core"", ""unfulfilled_request_t"": 0.0}, {""actual_arrival_month"": ""2038-06"", ""actual_delivery_share"": 1.0, ""availability_share"": 1.0, ""feasible_t"": 24.24932523616734, ""gross_delivery_t"": 24.24932523616734, ""order_month"": ""2037-06"", ""planned_arrival_month"": ""2038-06"", ""requested_t"": 24.24932523616734, ""shipment_id"": ""S0030"", ""source_id"": ""A"", ""source_name"": ""Earth-Core"", ""unfulfilled_request_t"": 0.0}]","{""A"": 16.025641025641026}","{""A"": 16.025641025641026}",16.025641025641026,0.19230769230769232,15.833333333333334,15.833333333333334,0.0,75.31652054794532,11.25,4.583333333333334,0.0,0.0,59.48318721461198,ZBO,120.0,0.012,"[""ZBO"", ""EARTH_NEW""]",3.568991232876719,1.0,[]
2037-07,59.48318721461198,15.833333333333334,11.25,"{""A"": 190.0, ""B"": 0, ""C"": 2.517482517582505, ""D"": 0, ""E"": 0}","{""A"": 24.24932523616734}","[{""actual_arrival_month"": ""2037-08"", ""actual_delivery_share"": 1.0, ""availability_share"": 1.0, ""feasible_t"": 16.025641025641026, ""gross_delivery_t"": 16.025641025641026, ""order_month"": ""2036-08"", ""planned_arrival_month"": ""2037-08"", ""requested_t"": 16.025641025641026, ""shipment_id"": ""S0020"", ""source_id"": ""A"", ""source_name"": ""Earth-Core"", ""unfulfilled_request_t"": 0.0}, {""actual_arrival_month"": ""2037-09"", ""actual_delivery_share"": 1.0, ""availability_share"": 1.0, ""feasible_t"": 16.025641025641026, ""gross_delivery_t"": 16.025641025641026, ""order_month"": ""2036-09"", ""planned_arrival_month"": ""2037-09"", ""requested_t"": 16.025641025641026, ""shipment_id"": ""S0021"", ""source_id"": ""A"", ""source_name"": ""Earth-Core"", ""unfulfilled_request_t"": 0.0}, {""actual_arrival_month"": ""2037-10"", ""actual_delivery_share"": 1.0, ""availability_share"": 1.0, ""feasible_t"": 16.025641025641026, ""gross_delivery_t"": 16.025641025641026, ""order_month"": ""2036-10"", ""planned_arrival_month"": ""2037-10"", ""requested_t"": 16.025641025641026, ""shipment_id"": ""S0022"", ""source_id"": ""A"", ""source_name"": ""Earth-Core"", ""unfulfilled_request_t"": 0.0}, {""actual_arrival_month"": ""2037-11"", ""actual_delivery_share"": 1.0, ""availability_share"": 1.0, ""feasible_t"": 16.025641025641026, ""gross_delivery_t"": 16.025641025641026, ""order_month"": ""2036-11"", ""planned_arrival_month"": ""2037-11"", ""requested_t"": 16.025641025641026, ""shipment_id"": ""S0023"", ""source_id"": ""A"", ""source_name"": ""Earth-Core"", ""unfulfilled_request_t"": 0.0}, {""actual_arrival_month"": ""2037-12"", ""actual_delivery_share"": 1.0, ""availability_share"": 1.0, ""feasible_t"": 13.71794871794873, ""gross_delivery_t"": 13.71794871794873, ""order_month"": ""2036-12"", ""planned_arrival_month"": ""2037-12"", ""requested_t"": 13.71794871794873, ""shipment_id"": ""S0024"", ""source_id"": ""A"", ""source_name"": ""Earth-Core"", ""unfulfilled_request_t"": 0.0}, {""actual_arrival_month"": ""2038-01"", ""actual_delivery_share"": 1.0, ""availability_share"": 1.0, ""feasible_t"": 24.24932523616734, ""gross_delivery_t"": 24.24932523616734, ""order_month"": ""2037-01"", ""planned_arrival_month"": ""2038-01"", ""requested_t"": 24.24932523616734, ""shipment_id"": ""S0025"", ""source_id"": ""A"", ""source_name"": ""Earth-Core"", ""unfulfilled_request_t"": 0.0}, {""actual_arrival_month"": ""2038-02"", ""actual_delivery_share"": 1.0, ""availability_share"": 1.0, ""feasible_t"": 24.24932523616734, ""gross_delivery_t"": 24.24932523616734, ""order_month"": ""2037-02"", ""planned_arrival_month"": ""2038-02"", ""requested_t"": 24.24932523616734, ""shipment_id"": ""S0026"", ""source_id"": ""A"", ""source_name"": ""Earth-Core"", ""unfulfilled_request_t"": 0.0}, {""actual_arrival_month"": ""2038-03"", ""actual_delivery_share"": 1.0, ""availability_share"": 1.0, ""feasible_t"": 24.24932523616734, ""gross_delivery_t"": 24.24932523616734, ""order_month"": ""2037-03"", ""planned_arrival_month"": ""2038-03"", ""requested_t"": 24.24932523616734, ""shipment_id"": ""S0027"", ""source_id"": ""A"", ""source_name"": ""Earth-Core"", ""unfulfilled_request_t"": 0.0}, {""actual_arrival_month"": ""2038-04"", ""actual_delivery_share"": 1.0, ""availability_share"": 1.0, ""feasible_t"": 24.24932523616734, ""gross_delivery_t"": 24.24932523616734, ""order_month"": ""2037-04"", ""planned_arrival_month"": ""2038-04"", ""requested_t"": 24.24932523616734, ""shipment_id"": ""S0028"", ""source_id"": ""A"", ""source_name"": ""Earth-Core"", ""unfulfilled_request_t"": 0.0}, {""actual_arrival_month"": ""2038-05"", ""actual_delivery_share"": 1.0, ""availability_share"": 1.0, ""feasible_t"": 24.24932523616734, ""gross_delivery_t"": 24.24932523616734, ""order_month"": ""2037-05"", ""planned_arrival_month"": ""2038-05"", ""requested_t"": 24.24932523616734, ""shipment_id"": ""S0029"", ""source_id"": ""A"", ""source_name"": ""Earth-Core"", ""unfulfilled_request_t"": 0.0}, {""actual_arrival_month"": ""2038-06"", ""actual_delivery_share"": 1.0, ""availability_share"": 1.0, ""feasible_t"": 24.24932523616734, ""gross_delivery_t"": 24.24932523616734, ""order_month"": ""2037-06"", ""planned_arrival_month"": ""2038-06"", ""requested_t"": 24.24932523616734, ""shipment_id"": ""S0030"", ""source_id"": ""A"", ""source_name"": ""Earth-Core"", ""unfulfilled_request_t"": 0.0}, {""actual_arrival_month"": ""2038-07"", ""actual_delivery_share"": 1.0, ""availability_share"": 1.0, ""feasible_t"": 24.24932523616734, ""gross_delivery_t"": 24.24932523616734, ""order_month"": ""2037-07"", ""planned_arrival_month"": ""2038-07"", ""requested_t"": 24.24932523616734, ""shipment_id"": ""S0031"", ""source_id"": ""A"", ""source_name"": ""Earth-Core"", ""unfulfilled_request_t"": 0.0}]","{""A"": 16.025641025641026}","{""A"": 16.025641025641026}",16.025641025641026,0.19230769230769232,15.833333333333334,15.833333333333334,0.0,75.31652054794532,11.25,4.583333333333334,0.0,0.0,59.48318721461198,ZBO,120.0,0.012,"[""ZBO"", ""EARTH_NEW""]",3.568991232876719,1.0,[]
2037-08,59.48318721461198,15.833333333333334,11.25,"{""A"": 190.0, ""B"": 0, ""C"": 2.517482517582505, ""D"": 0, ""E"": 0}","{""A"": 20.254723346828598}","[{""actual_arrival_month"": ""2037-09"", ""actual_delivery_share"": 1.0, ""availability_share"": 1.0, ""feasible_t"": 16.025641025641026, ""gross_delivery_t"": 16.025641025641026, ""order_month"": ""2036-09"", ""planned_arrival_month"": ""2037-09"", ""requested_t"": 16.025641025641026, ""shipment_id"": ""S0021"", ""source_id"": ""A"", ""source_name"": ""Earth-Core"", ""unfulfilled_request_t"": 0.0}, {""actual_arrival_month"": ""2037-10"", ""actual_delivery_share"": 1.0, ""availability_share"": 1.0, ""feasible_t"": 16.025641025641026, ""gross_delivery_t"": 16.025641025641026, ""order_month"": ""2036-10"", ""planned_arrival_month"": ""2037-10"", ""requested_t"": 16.025641025641026, ""shipment_id"": ""S0022"", ""source_id"": ""A"", ""source_name"": ""Earth-Core"", ""unfulfilled_request_t"": 0.0}, {""actual_arrival_month"": ""2037-11"", ""actual_delivery_share"": 1.0, ""availability_share"": 1.0, ""feasible_t"": 16.025641025641026, ""gross_delivery_t"": 16.025641025641026, ""order_month"": ""2036-11"", ""planned_arrival_month"": ""2037-11"", ""requested_t"": 16.025641025641026, ""shipment_id"": ""S0023"", ""source_id"": ""A"", ""source_name"": ""Earth-Core"", ""unfulfilled_request_t"": 0.0}, {""actual_arrival_month"": ""2037-12"", ""actual_delivery_share"": 1.0, ""availability_share"": 1.0, ""feasible_t"": 13.71794871794873, ""gross_delivery_t"": 13.71794871794873, ""order_month"": ""2036-12"", ""planned_arrival_month"": ""2037-12"", ""requested_t"": 13.71794871794873, ""shipment_id"": ""S0024"", ""source_id"": ""A"", ""source_name"": ""Earth-Core"", ""unfulfilled_request_t"": 0.0}, {""actual_arrival_month"": ""2038-01"", ""actual_delivery_share"": 1.0, ""availability_share"": 1.0, ""feasible_t"": 24.24932523616734, ""gross_delivery_t"": 24.24932523616734, ""order_month"": ""2037-01"", ""planned_arrival_month"": ""2038-01"", ""requested_t"": 24.24932523616734, ""shipment_id"": ""S0025"", ""source_id"": ""A"", ""source_name"": ""Earth-Core"", ""unfulfilled_request_t"": 0.0}, {""actual_arrival_month"": ""2038-02"", ""actual_delivery_share"": 1.0, ""availability_share"": 1.0, ""feasible_t"": 24.24932523616734, ""gross_delivery_t"": 24.24932523616734, ""order_month"": ""2037-02"", ""planned_arrival_month"": ""2038-02"", ""requested_t"": 24.24932523616734, ""shipment_id"": ""S0026"", ""source_id"": ""A"", ""source_name"": ""Earth-Core"", ""unfulfilled_request_t"": 0.0}, {""actual_arrival_month"": ""2038-03"", ""actual_delivery_share"": 1.0, ""availability_share"": 1.0, ""feasible_t"": 24.24932523616734, ""gross_delivery_t"": 24.24932523616734, ""order_month"": ""2037-03"", ""planned_arrival_month"": ""2038-03"", ""requested_t"": 24.24932523616734, ""shipment_id"": ""S0027"", ""source_id"": ""A"", ""source_name"": ""Earth-Core"", ""unfulfilled_request_t"": 0.0}, {""actual_arrival_month"": ""2038-04"", ""actual_delivery_share"": 1.0, ""availability_share"": 1.0, ""feasible_t"": 24.24932523616734, ""gross_delivery_t"": 24.24932523616734, ""order_month"": ""2037-04"", ""planned_arrival_month"": ""2038-04"", ""requested_t"": 24.24932523616734, ""shipment_id"": ""S0028"", ""source_id"": ""A"", ""source_name"": ""Earth-Core"", ""unfulfilled_request_t"": 0.0}, {""actual_arrival_month"": ""2038-05"", ""actual_delivery_share"": 1.0, ""availability_share"": 1.0, ""feasible_t"": 24.24932523616734, ""gross_delivery_t"": 24.24932523616734, ""order_month"": ""2037-05"", ""planned_arrival_month"": ""2038-05"", ""requested_t"": 24.24932523616734, ""shipment_id"": ""S0029"", ""source_id"": ""A"", ""source_name"": ""Earth-Core"", ""unfulfilled_request_t"": 0.0}, {""actual_arrival_month"": ""2038-06"", ""actual_delivery_share"": 1.0, ""availability_share"": 1.0, ""feasible_t"": 24.24932523616734, ""gross_delivery_t"": 24.24932523616734, ""order_month"": ""2037-06"", ""planned_arrival_month"": ""2038-06"", ""requested_t"": 24.24932523616734, ""shipment_id"": ""S0030"", ""source_id"": ""A"", ""source_name"": ""Earth-Core"", ""unfulfilled_request_t"": 0.0}, {""actual_arrival_month"": ""2038-07"", ""actual_delivery_share"": 1.0, ""availability_share"": 1.0, ""feasible_t"": 24.24932523616734, ""gross_delivery_t"": 24.24932523616734, ""order_month"": ""2037-07"", ""planned_arrival_month"": ""2038-07"", ""requested_t"": 24.24932523616734, ""shipment_id"": ""S0031"", ""source_id"": ""A"", ""source_name"": ""Earth-Core"", ""unfulfilled_request_t"": 0.0}, {""actual_arrival_month"": ""2038-08"", ""actual_delivery_share"": 1.0, ""availability_share"": 1.0, ""feasible_t"": 20.254723346828598, ""gross_delivery_t"": 20.254723346828598, ""order_month"": ""2037-08"", ""planned_arrival_month"": ""2038-08"", ""requested_t"": 20.254723346828598, ""shipment_id"": ""S0032"", ""source_id"": ""A"", ""source_name"": ""Earth-Core"", ""unfulfilled_request_t"": 0.0}]","{""A"": 16.025641025641026}","{""A"": 16.025641025641026}",16.025641025641026,0.19230769230769232,15.833333333333334,15.833333333333334,0.0,75.31652054794532,11.25,4.583333333333334,0.0,0.0,59.48318721461198,ZBO,120.0,0.012,"[""ZBO"", ""EARTH_NEW""]",3.568991232876719,1.0,[]
2037-09,59.48318721461198,15.833333333333334,11.25,"{""A"": 190.0, ""B"": 0, ""C"": 2.517482517582505, ""D"": 0, ""E"": 0}",{},"[{""actual_arrival_month"": ""2037-10"", ""actual_delivery_share"": 1.0, ""availability_share"": 1.0, ""feasible_t"": 16.025641025641026, ""gross_delivery_t"": 16.025641025641026, ""order_month"": ""2036-10"", ""planned_arrival_month"": ""2037-10"", ""requested_t"": 16.025641025641026, ""shipment_id"": ""S0022"", ""source_id"": ""A"", ""source_name"": ""Earth-Core"", ""unfulfilled_request_t"": 0.0}, {""actual_arrival_month"": ""2037-11"", ""actual_delivery_share"": 1.0, ""availability_share"": 1.0, ""feasible_t"": 16.025641025641026, ""gross_delivery_t"": 16.025641025641026, ""order_month"": ""2036-11"", ""planned_arrival_month"": ""2037-11"", ""requested_t"": 16.025641025641026, ""shipment_id"": ""S0023"", ""source_id"": ""A"", ""source_name"": ""Earth-Core"", ""unfulfilled_request_t"": 0.0}, {""actual_arrival_month"": ""2037-12"", ""actual_delivery_share"": 1.0, ""availability_share"": 1.0, ""feasible_t"": 13.71794871794873, ""gross_delivery_t"": 13.71794871794873, ""order_month"": ""2036-12"", ""planned_arrival_month"": ""2037-12"", ""requested_t"": 13.71794871794873, ""shipment_id"": ""S0024"", ""source_id"": ""A"", ""source_name"": ""Earth-Core"", ""unfulfilled_request_t"": 0.0}, {""actual_arrival_month"": ""2038-01"", ""actual_delivery_share"": 1.0, ""availability_share"": 1.0, ""feasible_t"": 24.24932523616734, ""gross_delivery_t"": 24.24932523616734, ""order_month"": ""2037-01"", ""planned_arrival_month"": ""2038-01"", ""requested_t"": 24.24932523616734, ""shipment_id"": ""S0025"", ""source_id"": ""A"", ""source_name"": ""Earth-Core"", ""unfulfilled_request_t"": 0.0}, {""actual_arrival_month"": ""2038-02"", ""actual_delivery_share"": 1.0, ""availability_share"": 1.0, ""feasible_t"": 24.24932523616734, ""gross_delivery_t"": 24.24932523616734, ""order_month"": ""2037-02"", ""planned_arrival_month"": ""2038-02"", ""requested_t"": 24.24932523616734, ""shipment_id"": ""S0026"", ""source_id"": ""A"", ""source_name"": ""Earth-Core"", ""unfulfilled_request_t"": 0.0}, {""actual_arrival_month"": ""2038-03"", ""actual_delivery_share"": 1.0, ""availability_share"": 1.0, ""feasible_t"": 24.24932523616734, ""gross_delivery_t"": 24.24932523616734, ""order_month"": ""2037-03"", ""planned_arrival_month"": ""2038-03"", ""requested_t"": 24.24932523616734, ""shipment_id"": ""S0027"", ""source_id"": ""A"", ""source_name"": ""Earth-Core"", ""unfulfilled_request_t"": 0.0}, {""actual_arrival_month"": ""2038-04"", ""actual_delivery_share"": 1.0, ""availability_share"": 1.0, ""feasible_t"": 24.24932523616734, ""gross_delivery_t"": 24.24932523616734, ""order_month"": ""2037-04"", ""planned_arrival_month"": ""2038-04"", ""requested_t"": 24.24932523616734, ""shipment_id"": ""S0028"", ""source_id"": ""A"", ""source_name"": ""Earth-Core"", ""unfulfilled_request_t"": 0.0}, {""actual_arrival_month"": ""2038-05"", ""actual_delivery_share"": 1.0, ""availability_share"": 1.0, ""feasible_t"": 24.24932523616734, ""gross_delivery_t"": 24.24932523616734, ""order_month"": ""2037-05"", ""planned_arrival_month"": ""2038-05"", ""requested_t"": 24.24932523616734, ""shipment_id"": ""S0029"", ""source_id"": ""A"", ""source_name"": ""Earth-Core"", ""unfulfilled_request_t"": 0.0}, {""actual_arrival_month"": ""2038-06"", ""actual_delivery_share"": 1.0, ""availability_share"": 1.0, ""feasible_t"": 24.24932523616734, ""gross_delivery_t"": 24.24932523616734, ""order_month"": ""2037-06"", ""planned_arrival_month"": ""2038-06"", ""requested_t"": 24.24932523616734, ""shipment_id"": ""S0030"", ""source_id"": ""A"", ""source_name"": ""Earth-Core"", ""unfulfilled_request_t"": 0.0}, {""actual_arrival_month"": ""2038-07"", ""actual_delivery_share"": 1.0, ""availability_share"": 1.0, ""feasible_t"": 24.24932523616734, ""gross_delivery_t"": 24.24932523616734, ""order_month"": ""2037-07"", ""planned_arrival_month"": ""2038-07"", ""requested_t"": 24.24932523616734, ""shipment_id"": ""S0031"", ""source_id"": ""A"", ""source_name"": ""Earth-Core"", ""unfulfilled_request_t"": 0.0}, {""actual_arrival_month"": ""2038-08"", ""actual_delivery_share"": 1.0, ""availability_share"": 1.0, ""feasible_t"": 20.254723346828598, ""gross_delivery_t"": 20.254723346828598, ""order_month"": ""2037-08"", ""planned_arrival_month"": ""2038-08"", ""requested_t"": 20.254723346828598, ""shipment_id"": ""S0032"", ""source_id"": ""A"", ""source_name"": ""Earth-Core"", ""unfulfilled_request_t"": 0.0}]","{""A"": 16.025641025641026}","{""A"": 16.025641025641026}",16.025641025641026,0.19230769230769232,15.833333333333334,15.833333333333334,0.0,75.31652054794532,11.25,4.583333333333334,0.0,0.0,59.48318721461198,ZBO,120.0,0.012,"[""ZBO"", ""EARTH_NEW""]",3.568991232876719,1.0,[]
2037-10,59.48318721461198,15.833333333333334,11.25,"{""A"": 190.0, ""B"": 0, ""C"": 2.517482517582505, ""D"": 0, ""E"": 0}",{},"[{""actual_arrival_month"": ""2037-11"", ""actual_delivery_share"": 1.0, ""availability_share"": 1.0, ""feasible_t"": 16.025641025641026, ""gross_delivery_t"": 16.025641025641026, ""order_month"": ""2036-11"", ""planned_arrival_month"": ""2037-11"", ""requested_t"": 16.025641025641026, ""shipment_id"": ""S0023"", ""source_id"": ""A"", ""source_name"": ""Earth-Core"", ""unfulfilled_request_t"": 0.0}, {""actual_arrival_month"": ""2037-12"", ""actual_delivery_share"": 1.0, ""availability_share"": 1.0, ""feasible_t"": 13.71794871794873, ""gross_delivery_t"": 13.71794871794873, ""order_month"": ""2036-12"", ""planned_arrival_month"": ""2037-12"", ""requested_t"": 13.71794871794873, ""shipment_id"": ""S0024"", ""source_id"": ""A"", ""source_name"": ""Earth-Core"", ""unfulfilled_request_t"": 0.0}, {""actual_arrival_month"": ""2038-01"", ""actual_delivery_share"": 1.0, ""availability_share"": 1.0, ""feasible_t"": 24.24932523616734, ""gross_delivery_t"": 24.24932523616734, ""order_month"": ""2037-01"", ""planned_arrival_month"": ""2038-01"", ""requested_t"": 24.24932523616734, ""shipment_id"": ""S0025"", ""source_id"": ""A"", ""source_name"": ""Earth-Core"", ""unfulfilled_request_t"": 0.0}, {""actual_arrival_month"": ""2038-02"", ""actual_delivery_share"": 1.0, ""availability_share"": 1.0, ""feasible_t"": 24.24932523616734, ""gross_delivery_t"": 24.24932523616734, ""order_month"": ""2037-02"", ""planned_arrival_month"": ""2038-02"", ""requested_t"": 24.24932523616734, ""shipment_id"": ""S0026"", ""source_id"": ""A"", ""source_name"": ""Earth-Core"", ""unfulfilled_request_t"": 0.0}, {""actual_arrival_month"": ""2038-03"", ""actual_delivery_share"": 1.0, ""availability_share"": 1.0, ""feasible_t"": 24.24932523616734, ""gross_delivery_t"": 24.24932523616734, ""order_month"": ""2037-03"", ""planned_arrival_month"": ""2038-03"", ""requested_t"": 24.24932523616734, ""shipment_id"": ""S0027"", ""source_id"": ""A"", ""source_name"": ""Earth-Core"", ""unfulfilled_request_t"": 0.0}, {""actual_arrival_month"": ""2038-04"", ""actual_delivery_share"": 1.0, ""availability_share"": 1.0, ""feasible_t"": 24.24932523616734, ""gross_delivery_t"": 24.24932523616734, ""order_month"": ""2037-04"", ""planned_arrival_month"": ""2038-04"", ""requested_t"": 24.24932523616734, ""shipment_id"": ""S0028"", ""source_id"": ""A"", ""source_name"": ""Earth-Core"", ""unfulfilled_request_t"": 0.0}, {""actual_arrival_month"": ""2038-05"", ""actual_delivery_share"": 1.0, ""availability_share"": 1.0, ""feasible_t"": 24.24932523616734, ""gross_delivery_t"": 24.24932523616734, ""order_month"": ""2037-05"", ""planned_arrival_month"": ""2038-05"", ""requested_t"": 24.24932523616734, ""shipment_id"": ""S0029"", ""source_id"": ""A"", ""source_name"": ""Earth-Core"", ""unfulfilled_request_t"": 0.0}, {""actual_arrival_month"": ""2038-06"", ""actual_delivery_share"": 1.0, ""availability_share"": 1.0, ""feasible_t"": 24.24932523616734, ""gross_delivery_t"": 24.24932523616734, ""order_month"": ""2037-06"", ""planned_arrival_month"": ""2038-06"", ""requested_t"": 24.24932523616734, ""shipment_id"": ""S0030"", ""source_id"": ""A"", ""source_name"": ""Earth-Core"", ""unfulfilled_request_t"": 0.0}, {""actual_arrival_month"": ""2038-07"", ""actual_delivery_share"": 1.0, ""availability_share"": 1.0, ""feasible_t"": 24.24932523616734, ""gross_delivery_t"": 24.24932523616734, ""order_month"": ""2037-07"", ""planned_arrival_month"": ""2038-07"", ""requested_t"": 24.24932523616734, ""shipment_id"": ""S0031"", ""source_id"": ""A"", ""source_name"": ""Earth-Core"", ""unfulfilled_request_t"": 0.0}, {""actual_arrival_month"": ""2038-08"", ""actual_delivery_share"": 1.0, ""availability_share"": 1.0, ""feasible_t"": 20.254723346828598, ""gross_delivery_t"": 20.254723346828598, ""order_month"": ""2037-08"", ""planned_arrival_month"": ""2038-08"", ""requested_t"": 20.254723346828598, ""shipment_id"": ""S0032"", ""source_id"": ""A"", ""source_name"": ""Earth-Core"", ""unfulfilled_request_t"": 0.0}]","{""A"": 16.025641025641026}","{""A"": 16.025641025641026}",16.025641025641026,0.19230769230769232,15.833333333333334,15.833333333333334,0.0,75.31652054794532,11.25,4.583333333333334,0.0,0.0,59.48318721461198,ZBO,120.0,0.012,"[""ZBO"", ""EARTH_NEW""]",3.568991232876719,1.0,[]
2037-11,59.48318721461198,15.833333333333334,11.25,"{""A"": 190.0, ""B"": 0, ""C"": 2.517482517582505, ""D"": 0, ""E"": 0}",{},"[{""actual_arrival_month"": ""2037-12"", ""actual_delivery_share"": 1.0, ""availability_share"": 1.0, ""feasible_t"": 13.71794871794873, ""gross_delivery_t"": 13.71794871794873, ""order_month"": ""2036-12"", ""planned_arrival_month"": ""2037-12"", ""requested_t"": 13.71794871794873, ""shipment_id"": ""S0024"", ""source_id"": ""A"", ""source_name"": ""Earth-Core"", ""unfulfilled_request_t"": 0.0}, {""actual_arrival_month"": ""2038-01"", ""actual_delivery_share"": 1.0, ""availability_share"": 1.0, ""feasible_t"": 24.24932523616734, ""gross_delivery_t"": 24.24932523616734, ""order_month"": ""2037-01"", ""planned_arrival_month"": ""2038-01"", ""requested_t"": 24.24932523616734, ""shipment_id"": ""S0025"", ""source_id"": ""A"", ""source_name"": ""Earth-Core"", ""unfulfilled_request_t"": 0.0}, {""actual_arrival_month"": ""2038-02"", ""actual_delivery_share"": 1.0, ""availability_share"": 1.0, ""feasible_t"": 24.24932523616734, ""gross_delivery_t"": 24.24932523616734, ""order_month"": ""2037-02"", ""planned_arrival_month"": ""2038-02"", ""requested_t"": 24.24932523616734, ""shipment_id"": ""S0026"", ""source_id"": ""A"", ""source_name"": ""Earth-Core"", ""unfulfilled_request_t"": 0.0}, {""actual_arrival_month"": ""2038-03"", ""actual_delivery_share"": 1.0, ""availability_share"": 1.0, ""feasible_t"": 24.24932523616734, ""gross_delivery_t"": 24.24932523616734, ""order_month"": ""2037-03"", ""planned_arrival_month"": ""2038-03"", ""requested_t"": 24.24932523616734, ""shipment_id"": ""S0027"", ""source_id"": ""A"", ""source_name"": ""Earth-Core"", ""unfulfilled_request_t"": 0.0}, {""actual_arrival_month"": ""2038-04"", ""actual_delivery_share"": 1.0, ""availability_share"": 1.0, ""feasible_t"": 24.24932523616734, ""gross_delivery_t"": 24.24932523616734, ""order_month"": ""2037-04"", ""planned_arrival_month"": ""2038-04"", ""requested_t"": 24.24932523616734, ""shipment_id"": ""S0028"", ""source_id"": ""A"", ""source_name"": ""Earth-Core"", ""unfulfilled_request_t"": 0.0}, {""actual_arrival_month"": ""2038-05"", ""actual_delivery_share"": 1.0, ""availability_share"": 1.0, ""feasible_t"": 24.24932523616734, ""gross_delivery_t"": 24.24932523616734, ""order_month"": ""2037-05"", ""planned_arrival_month"": ""2038-05"", ""requested_t"": 24.24932523616734, ""shipment_id"": ""S0029"", ""source_id"": ""A"", ""source_name"": ""Earth-Core"", ""unfulfilled_request_t"": 0.0}, {""actual_arrival_month"": ""2038-06"", ""actual_delivery_share"": 1.0, ""availability_share"": 1.0, ""feasible_t"": 24.24932523616734, ""gross_delivery_t"": 24.24932523616734, ""order_month"": ""2037-06"", ""planned_arrival_month"": ""2038-06"", ""requested_t"": 24.24932523616734, ""shipment_id"": ""S0030"", ""source_id"": ""A"", ""source_name"": ""Earth-Core"", ""unfulfilled_request_t"": 0.0}, {""actual_arrival_month"": ""2038-07"", ""actual_delivery_share"": 1.0, ""availability_share"": 1.0, ""feasible_t"": 24.24932523616734, ""gross_delivery_t"": 24.24932523616734, ""order_month"": ""2037-07"", ""planned_arrival_month"": ""2038-07"", ""requested_t"": 24.24932523616734, ""shipment_id"": ""S0031"", ""source_id"": ""A"", ""source_name"": ""Earth-Core"", ""unfulfilled_request_t"": 0.0}, {""actual_arrival_month"": ""2038-08"", ""actual_delivery_share"": 1.0, ""availability_share"": 1.0, ""feasible_t"": 20.254723346828598, ""gross_delivery_t"": 20.254723346828598, ""order_month"": ""2037-08"", ""planned_arrival_month"": ""2038-08"", ""requested_t"": 20.254723346828598, ""shipment_id"": ""S0032"", ""source_id"": ""A"", ""source_name"": ""Earth-Core"", ""unfulfilled_request_t"": 0.0}]","{""A"": 16.025641025641026}","{""A"": 16.025641025641026}",16.025641025641026,0.19230769230769232,15.833333333333334,15.833333333333334,0.0,75.31652054794532,11.25,4.583333333333334,0.0,0.0,59.48318721461198,ZBO,120.0,0.012,"[""ZBO"", ""EARTH_NEW""]",3.568991232876719,1.0,[]
2037-12,59.48318721461198,15.833333333333334,11.25,"{""A"": 190.0, ""B"": 0, ""C"": 2.517482517582505, ""D"": 0, ""E"": 0}","{""C"": 2.3076923076922964}","[{""actual_arrival_month"": ""2038-01"", ""actual_delivery_share"": 1.0, ""availability_share"": 1.0, ""feasible_t"": 24.24932523616734, ""gross_delivery_t"": 24.24932523616734, ""order_month"": ""2037-01"", ""planned_arrival_month"": ""2038-01"", ""requested_t"": 24.24932523616734, ""shipment_id"": ""S0025"", ""source_id"": ""A"", ""source_name"": ""Earth-Core"", ""unfulfilled_request_t"": 0.0}, {""actual_arrival_month"": ""2038-02"", ""actual_delivery_share"": 1.0, ""availability_share"": 1.0, ""feasible_t"": 24.24932523616734, ""gross_delivery_t"": 24.24932523616734, ""order_month"": ""2037-02"", ""planned_arrival_month"": ""2038-02"", ""requested_t"": 24.24932523616734, ""shipment_id"": ""S0026"", ""source_id"": ""A"", ""source_name"": ""Earth-Core"", ""unfulfilled_request_t"": 0.0}, {""actual_arrival_month"": ""2038-03"", ""actual_delivery_share"": 1.0, ""availability_share"": 1.0, ""feasible_t"": 24.24932523616734, ""gross_delivery_t"": 24.24932523616734, ""order_month"": ""2037-03"", ""planned_arrival_month"": ""2038-03"", ""requested_t"": 24.24932523616734, ""shipment_id"": ""S0027"", ""source_id"": ""A"", ""source_name"": ""Earth-Core"", ""unfulfilled_request_t"": 0.0}, {""actual_arrival_month"": ""2038-04"", ""actual_delivery_share"": 1.0, ""availability_share"": 1.0, ""feasible_t"": 24.24932523616734, ""gross_delivery_t"": 24.24932523616734, ""order_month"": ""2037-04"", ""planned_arrival_month"": ""2038-04"", ""requested_t"": 24.24932523616734, ""shipment_id"": ""S0028"", ""source_id"": ""A"", ""source_name"": ""Earth-Core"", ""unfulfilled_request_t"": 0.0}, {""actual_arrival_month"": ""2038-05"", ""actual_delivery_share"": 1.0, ""availability_share"": 1.0, ""feasible_t"": 24.24932523616734, ""gross_delivery_t"": 24.24932523616734, ""order_month"": ""2037-05"", ""planned_arrival_month"": ""2038-05"", ""requested_t"": 24.24932523616734, ""shipment_id"": ""S0029"", ""source_id"": ""A"", ""source_name"": ""Earth-Core"", ""unfulfilled_request_t"": 0.0}, {""actual_arrival_month"": ""2038-06"", ""actual_delivery_share"": 1.0, ""availability_share"": 1.0, ""feasible_t"": 24.24932523616734, ""gross_delivery_t"": 24.24932523616734, ""order_month"": ""2037-06"", ""planned_arrival_month"": ""2038-06"", ""requested_t"": 24.24932523616734, ""shipment_id"": ""S0030"", ""source_id"": ""A"", ""source_name"": ""Earth-Core"", ""unfulfilled_request_t"": 0.0}, {""actual_arrival_month"": ""2038-07"", ""actual_delivery_share"": 1.0, ""availability_share"": 1.0, ""feasible_t"": 24.24932523616734, ""gross_delivery_t"": 24.24932523616734, ""order_month"": ""2037-07"", ""planned_arrival_month"": ""2038-07"", ""requested_t"": 24.24932523616734, ""shipment_id"": ""S0031"", ""source_id"": ""A"", ""source_name"": ""Earth-Core"", ""unfulfilled_request_t"": 0.0}, {""actual_arrival_month"": ""2038-08"", ""actual_delivery_share"": 1.0, ""availability_share"": 1.0, ""feasible_t"": 20.254723346828598, ""gross_delivery_t"": 20.254723346828598, ""order_month"": ""2037-08"", ""planned_arrival_month"": ""2038-08"", ""requested_t"": 20.254723346828598, ""shipment_id"": ""S0032"", ""source_id"": ""A"", ""source_name"": ""Earth-Core"", ""unfulfilled_request_t"": 0.0}]","{""A"": 13.71794871794873, ""C"": 2.3076923076922964}","{""A"": 13.71794871794873, ""C"": 2.3076923076922964}",16.025641025641026,0.19230769230769232,15.833333333333334,15.833333333333334,0.0,75.31652054794532,11.25,4.583333333333334,0.0,0.0,59.48318721461198,ZBO,120.0,0.012,"[""ZBO"", ""EARTH_NEW""]",3.568991232876719,1.0,[]
2038-01,59.48318721461198,23.958333333333332,16.291666666666664,"{""A"": 190.0, ""B"": 0, ""C"": 100.9919028341081, ""D"": 0, ""E"": 0}",{},"[{""actual_arrival_month"": ""2038-02"", ""actual_delivery_share"": 1.0, ""availability_share"": 1.0, ""feasible_t"": 24.24932523616734, ""gross_delivery_t"": 24.24932523616734, ""order_month"": ""2037-02"", ""planned_arrival_month"": ""2038-02"", ""requested_t"": 24.24932523616734, ""shipment_id"": ""S0026"", ""source_id"": ""A"", ""source_name"": ""Earth-Core"", ""unfulfilled_request_t"": 0.0}, {""actual_arrival_month"": ""2038-03"", ""actual_delivery_share"": 1.0, ""availability_share"": 1.0, ""feasible_t"": 24.24932523616734, ""gross_delivery_t"": 24.24932523616734, ""order_month"": ""2037-03"", ""planned_arrival_month"": ""2038-03"", ""requested_t"": 24.24932523616734, ""shipment_id"": ""S0027"", ""source_id"": ""A"", ""source_name"": ""Earth-Core"", ""unfulfilled_request_t"": 0.0}, {""actual_arrival_month"": ""2038-04"", ""actual_delivery_share"": 1.0, ""availability_share"": 1.0, ""feasible_t"": 24.24932523616734, ""gross_delivery_t"": 24.24932523616734, ""order_month"": ""2037-04"", ""planned_arrival_month"": ""2038-04"", ""requested_t"": 24.24932523616734, ""shipment_id"": ""S0028"", ""source_id"": ""A"", ""source_name"": ""Earth-Core"", ""unfulfilled_request_t"": 0.0}, {""actual_arrival_month"": ""2038-05"", ""actual_delivery_share"": 1.0, ""availability_share"": 1.0, ""feasible_t"": 24.24932523616734, ""gross_delivery_t"": 24.24932523616734, ""order_month"": ""2037-05"", ""planned_arrival_month"": ""2038-05"", ""requested_t"": 24.24932523616734, ""shipment_id"": ""S0029"", ""source_id"": ""A"", ""source_name"": ""Earth-Core"", ""unfulfilled_request_t"": 0.0}, {""actual_arrival_month"": ""2038-06"", ""actual_delivery_share"": 1.0, ""availability_share"": 1.0, ""feasible_t"": 24.24932523616734, ""gross_delivery_t"": 24.24932523616734, ""order_month"": ""2037-06"", ""planned_arrival_month"": ""2038-06"", ""requested_t"": 24.24932523616734, ""shipment_id"": ""S0030"", ""source_id"": ""A"", ""source_name"": ""Earth-Core"", ""unfulfilled_request_t"": 0.0}, {""actual_arrival_month"": ""2038-07"", ""actual_delivery_share"": 1.0, ""availability_share"": 1.0, ""feasible_t"": 24.24932523616734, ""gross_delivery_t"": 24.24932523616734, ""order_month"": ""2037-07"", ""planned_arrival_month"": ""2038-07"", ""requested_t"": 24.24932523616734, ""shipment_id"": ""S0031"", ""source_id"": ""A"", ""source_name"": ""Earth-Core"", ""unfulfilled_request_t"": 0.0}, {""actual_arrival_month"": ""2038-08"", ""actual_delivery_share"": 1.0, ""availability_share"": 1.0, ""feasible_t"": 20.254723346828598, ""gross_delivery_t"": 20.254723346828598, ""order_month"": ""2037-08"", ""planned_arrival_month"": ""2038-08"", ""requested_t"": 20.254723346828598, ""shipment_id"": ""S0032"", ""source_id"": ""A"", ""source_name"": ""Earth-Core"", ""unfulfilled_request_t"": 0.0}]","{""A"": 24.24932523616734}","{""A"": 24.24932523616734}",24.24932523616734,0.2909919028340081,23.958333333333332,23.958333333333332,0.0,83.44152054794532,16.291666666666664,7.666666666666668,0.0,0.0,59.48318721461199,ZBO,120.0,0.012,"[""ZBO"", ""EARTH_NEW""]",3.5689912328767193,1.0,[]
2038-02,59.48318721461199,23.958333333333332,16.291666666666664,"{""A"": 190.0, ""B"": 0, ""C"": 100.9919028341081, ""D"": 0, ""E"": 0}",{},"[{""actual_arrival_month"": ""2038-03"", ""actual_delivery_share"": 1.0, ""availability_share"": 1.0, ""feasible_t"": 24.24932523616734, ""gross_delivery_t"": 24.24932523616734, ""order_month"": ""2037-03"", ""planned_arrival_month"": ""2038-03"", ""requested_t"": 24.24932523616734, ""shipment_id"": ""S0027"", ""source_id"": ""A"", ""source_name"": ""Earth-Core"", ""unfulfilled_request_t"": 0.0}, {""actual_arrival_month"": ""2038-04"", ""actual_delivery_share"": 1.0, ""availability_share"": 1.0, ""feasible_t"": 24.24932523616734, ""gross_delivery_t"": 24.24932523616734, ""order_month"": ""2037-04"", ""planned_arrival_month"": ""2038-04"", ""requested_t"": 24.24932523616734, ""shipment_id"": ""S0028"", ""source_id"": ""A"", ""source_name"": ""Earth-Core"", ""unfulfilled_request_t"": 0.0}, {""actual_arrival_month"": ""2038-05"", ""actual_delivery_share"": 1.0, ""availability_share"": 1.0, ""feasible_t"": 24.24932523616734, ""gross_delivery_t"": 24.24932523616734, ""order_month"": ""2037-05"", ""planned_arrival_month"": ""2038-05"", ""requested_t"": 24.24932523616734, ""shipment_id"": ""S0029"", ""source_id"": ""A"", ""source_name"": ""Earth-Core"", ""unfulfilled_request_t"": 0.0}, {""actual_arrival_month"": ""2038-06"", ""actual_delivery_share"": 1.0, ""availability_share"": 1.0, ""feasible_t"": 24.24932523616734, ""gross_delivery_t"": 24.24932523616734, ""order_month"": ""2037-06"", ""planned_arrival_month"": ""2038-06"", ""requested_t"": 24.24932523616734, ""shipment_id"": ""S0030"", ""source_id"": ""A"", ""source_name"": ""Earth-Core"", ""unfulfilled_request_t"": 0.0}, {""actual_arrival_month"": ""2038-07"", ""actual_delivery_share"": 1.0, ""availability_share"": 1.0, ""feasible_t"": 24.24932523616734, ""gross_delivery_t"": 24.24932523616734, ""order_month"": ""2037-07"", ""planned_arrival_month"": ""2038-07"", ""requested_t"": 24.24932523616734, ""shipment_id"": ""S0031"", ""source_id"": ""A"", ""source_name"": ""Earth-Core"", ""unfulfilled_request_t"": 0.0}, {""actual_arrival_month"": ""2038-08"", ""actual_delivery_share"": 1.0, ""availability_share"": 1.0, ""feasible_t"": 20.254723346828598, ""gross_delivery_t"": 20.254723346828598, ""order_month"": ""2037-08"", ""planned_arrival_month"": ""2038-08"", ""requested_t"": 20.254723346828598, ""shipment_id"": ""S0032"", ""source_id"": ""A"", ""source_name"": ""Earth-Core"", ""unfulfilled_request_t"": 0.0}]","{""A"": 24.24932523616734}","{""A"": 24.24932523616734}",24.24932523616734,0.2909919028340081,23.958333333333332,23.958333333333332,0.0,83.44152054794532,16.291666666666664,7.666666666666668,0.0,0.0,59.48318721461199,ZBO,120.0,0.012,"[""ZBO"", ""EARTH_NEW""]",3.5689912328767193,1.0,[]
2038-03,59.48318721461199,23.958333333333332,16.291666666666664,"{""A"": 190.0, ""B"": 0, ""C"": 100.9919028341081, ""D"": 0, ""E"": 0}",{},"[{""actual_arrival_month"": ""2038-04"", ""actual_delivery_share"": 1.0, ""availability_share"": 1.0, ""feasible_t"": 24.24932523616734, ""gross_delivery_t"": 24.24932523616734, ""order_month"": ""2037-04"", ""planned_arrival_month"": ""2038-04"", ""requested_t"": 24.24932523616734, ""shipment_id"": ""S0028"", ""source_id"": ""A"", ""source_name"": ""Earth-Core"", ""unfulfilled_request_t"": 0.0}, {""actual_arrival_month"": ""2038-05"", ""actual_delivery_share"": 1.0, ""availability_share"": 1.0, ""feasible_t"": 24.24932523616734, ""gross_delivery_t"": 24.24932523616734, ""order_month"": ""2037-05"", ""planned_arrival_month"": ""2038-05"", ""requested_t"": 24.24932523616734, ""shipment_id"": ""S0029"", ""source_id"": ""A"", ""source_name"": ""Earth-Core"", ""unfulfilled_request_t"": 0.0}, {""actual_arrival_month"": ""2038-06"", ""actual_delivery_share"": 1.0, ""availability_share"": 1.0, ""feasible_t"": 24.24932523616734, ""gross_delivery_t"": 24.24932523616734, ""order_month"": ""2037-06"", ""planned_arrival_month"": ""2038-06"", ""requested_t"": 24.24932523616734, ""shipment_id"": ""S0030"", ""source_id"": ""A"", ""source_name"": ""Earth-Core"", ""unfulfilled_request_t"": 0.0}, {""actual_arrival_month"": ""2038-07"", ""actual_delivery_share"": 1.0, ""availability_share"": 1.0, ""feasible_t"": 24.24932523616734, ""gross_delivery_t"": 24.24932523616734, ""order_month"": ""2037-07"", ""planned_arrival_month"": ""2038-07"", ""requested_t"": 24.24932523616734, ""shipment_id"": ""S0031"", ""source_id"": ""A"", ""source_name"": ""Earth-Core"", ""unfulfilled_request_t"": 0.0}, {""actual_arrival_month"": ""2038-08"", ""actual_delivery_share"": 1.0, ""availability_share"": 1.0, ""feasible_t"": 20.254723346828598, ""gross_delivery_t"": 20.254723346828598, ""order_month"": ""2037-08"", ""planned_arrival_month"": ""2038-08"", ""requested_t"": 20.254723346828598, ""shipment_id"": ""S0032"", ""source_id"": ""A"", ""source_name"": ""Earth-Core"", ""unfulfilled_request_t"": 0.0}]","{""A"": 24.24932523616734}","{""A"": 24.24932523616734}",24.24932523616734,0.2909919028340081,23.958333333333332,23.958333333333332,0.0,83.44152054794532,16.291666666666664,7.666666666666668,0.0,0.0,59.48318721461199,ZBO,120.0,0.012,"[""ZBO"", ""EARTH_NEW""]",3.5689912328767193,1.0,[]
2038-04,59.48318721461199,23.958333333333332,16.291666666666664,"{""A"": 190.0, ""B"": 0, ""C"": 100.9919028341081, ""D"": 0, ""E"": 0}",{},"[{""actual_arrival_month"": ""2038-05"", ""actual_delivery_share"": 1.0, ""availability_share"": 1.0, ""feasible_t"": 24.24932523616734, ""gross_delivery_t"": 24.24932523616734, ""order_month"": ""2037-05"", ""planned_arrival_month"": ""2038-05"", ""requested_t"": 24.24932523616734, ""shipment_id"": ""S0029"", ""source_id"": ""A"", ""source_name"": ""Earth-Core"", ""unfulfilled_request_t"": 0.0}, {""actual_arrival_month"": ""2038-06"", ""actual_delivery_share"": 1.0, ""availability_share"": 1.0, ""feasible_t"": 24.24932523616734, ""gross_delivery_t"": 24.24932523616734, ""order_month"": ""2037-06"", ""planned_arrival_month"": ""2038-06"", ""requested_t"": 24.24932523616734, ""shipment_id"": ""S0030"", ""source_id"": ""A"", ""source_name"": ""Earth-Core"", ""unfulfilled_request_t"": 0.0}, {""actual_arrival_month"": ""2038-07"", ""actual_delivery_share"": 1.0, ""availability_share"": 1.0, ""feasible_t"": 24.24932523616734, ""gross_delivery_t"": 24.24932523616734, ""order_month"": ""2037-07"", ""planned_arrival_month"": ""2038-07"", ""requested_t"": 24.24932523616734, ""shipment_id"": ""S0031"", ""source_id"": ""A"", ""source_name"": ""Earth-Core"", ""unfulfilled_request_t"": 0.0}, {""actual_arrival_month"": ""2038-08"", ""actual_delivery_share"": 1.0, ""availability_share"": 1.0, ""feasible_t"": 20.254723346828598, ""gross_delivery_t"": 20.254723346828598, ""order_month"": ""2037-08"", ""planned_arrival_month"": ""2038-08"", ""requested_t"": 20.254723346828598, ""shipment_id"": ""S0032"", ""source_id"": ""A"", ""source_name"": ""Earth-Core"", ""unfulfilled_request_t"": 0.0}]","{""A"": 24.24932523616734}","{""A"": 24.24932523616734}",24.24932523616734,0.2909919028340081,23.958333333333332,23.958333333333332,0.0,83.44152054794532,16.291666666666664,7.666666666666668,0.0,0.0,59.48318721461199,ZBO,120.0,0.012,"[""ZBO"", ""EARTH_NEW""]",3.5689912328767193,1.0,[]
2038-05,59.48318721461199,23.958333333333332,16.291666666666664,"{""A"": 190.0, ""B"": 0, ""C"": 100.9919028341081, ""D"": 0, ""E"": 0}","{""A"": 25.195681511470998}","[{""actual_arrival_month"": ""2038-06"", ""actual_delivery_share"": 1.0, ""availability_share"": 1.0, ""feasible_t"": 24.24932523616734, ""gross_delivery_t"": 24.24932523616734, ""order_month"": ""2037-06"", ""planned_arrival_month"": ""2038-06"", ""requested_t"": 24.24932523616734, ""shipment_id"": ""S0030"", ""source_id"": ""A"", ""source_name"": ""Earth-Core"", ""unfulfilled_request_t"": 0.0}, {""actual_arrival_month"": ""2038-07"", ""actual_delivery_share"": 1.0, ""availability_share"": 1.0, ""feasible_t"": 24.24932523616734, ""gross_delivery_t"": 24.24932523616734, ""order_month"": ""2037-07"", ""planned_arrival_month"": ""2038-07"", ""requested_t"": 24.24932523616734, ""shipment_id"": ""S0031"", ""source_id"": ""A"", ""source_name"": ""Earth-Core"", ""unfulfilled_request_t"": 0.0}, {""actual_arrival_month"": ""2038-08"", ""actual_delivery_share"": 1.0, ""availability_share"": 1.0, ""feasible_t"": 20.254723346828598, ""gross_delivery_t"": 20.254723346828598, ""order_month"": ""2037-08"", ""planned_arrival_month"": ""2038-08"", ""requested_t"": 20.254723346828598, ""shipment_id"": ""S0032"", ""source_id"": ""A"", ""source_name"": ""Earth-Core"", ""unfulfilled_request_t"": 0.0}, {""actual_arrival_month"": ""2039-05"", ""actual_delivery_share"": 1.0, ""availability_share"": 1.0, ""feasible_t"": 25.195681511470998, ""gross_delivery_t"": 25.195681511470998, ""order_month"": ""2038-05"", ""planned_arrival_month"": ""2039-05"", ""requested_t"": 25.195681511470998, ""shipment_id"": ""S0033"", ""source_id"": ""A"", ""source_name"": ""Earth-Core"", ""unfulfilled_request_t"": 0.0}]","{""A"": 24.24932523616734}","{""A"": 24.24932523616734}",24.24932523616734,0.2909919028340081,23.958333333333332,23.958333333333332,0.0,83.44152054794532,16.291666666666664,7.666666666666668,0.0,0.0,59.48318721461199,ZBO,120.0,0.012,"[""ZBO"", ""EARTH_NEW""]",3.5689912328767193,1.0,[]
2038-06,59.48318721461199,23.958333333333332,16.291666666666664,"{""A"": 190.0, ""B"": 0, ""C"": 100.9919028341081, ""D"": 0, ""E"": 0}","{""A"": 31.0391363022942}","[{""actual_arrival_month"": ""2038-07"", ""actual_delivery_share"": 1.0, ""availability_share"": 1.0, ""feasible_t"": 24.24932523616734, ""gross_delivery_t"": 24.24932523616734, ""order_month"": ""2037-07"", ""planned_arrival_month"": ""2038-07"", ""requested_t"": 24.24932523616734, ""shipment_id"": ""S0031"", ""source_id"": ""A"", ""source_name"": ""Earth-Core"", ""unfulfilled_request_t"": 0.0}, {""actual_arrival_month"": ""2038-08"", ""actual_delivery_share"": 1.0, ""availability_share"": 1.0, ""feasible_t"": 20.254723346828598, ""gross_delivery_t"": 20.254723346828598, ""order_month"": ""2037-08"", ""planned_arrival_month"": ""2038-08"", ""requested_t"": 20.254723346828598, ""shipment_id"": ""S0032"", ""source_id"": ""A"", ""source_name"": ""Earth-Core"", ""unfulfilled_request_t"": 0.0}, {""actual_arrival_month"": ""2039-05"", ""actual_delivery_share"": 1.0, ""availability_share"": 1.0, ""feasible_t"": 25.195681511470998, ""gross_delivery_t"": 25.195681511470998, ""order_month"": ""2038-05"", ""planned_arrival_month"": ""2039-05"", ""requested_t"": 25.195681511470998, ""shipment_id"": ""S0033"", ""source_id"": ""A"", ""source_name"": ""Earth-Core"", ""unfulfilled_request_t"": 0.0}, {""actual_arrival_month"": ""2039-06"", ""actual_delivery_share"": 1.0, ""availability_share"": 1.0, ""feasible_t"": 31.0391363022942, ""gross_delivery_t"": 31.0391363022942, ""order_month"": ""2038-06"", ""planned_arrival_month"": ""2039-06"", ""requested_t"": 31.0391363022942, ""shipment_id"": ""S0034"", ""source_id"": ""A"", ""source_name"": ""Earth-Core"", ""unfulfilled_request_t"": 0.0}]","{""A"": 24.24932523616734}","{""A"": 24.24932523616734}",24.24932523616734,0.2909919028340081,23.958333333333332,23.958333333333332,0.0,83.44152054794532,16.291666666666664,7.666666666666668,0.0,0.0,59.48318721461199,ZBO,120.0,0.012,"[""ZBO"", ""EARTH_NEW""]",3.5689912328767193,1.0,[]
2038-07,59.48318721461199,23.958333333333332,16.291666666666664,"{""A"": 190.0, ""B"": 0, ""C"": 100.9919028341081, ""D"": 0, ""E"": 0}","{""A"": 31.0391363022942}","[{""actual_arrival_month"": ""2038-08"", ""actual_delivery_share"": 1.0, ""availability_share"": 1.0, ""feasible_t"": 20.254723346828598, ""gross_delivery_t"": 20.254723346828598, ""order_month"": ""2037-08"", ""planned_arrival_month"": ""2038-08"", ""requested_t"": 20.254723346828598, ""shipment_id"": ""S0032"", ""source_id"": ""A"", ""source_name"": ""Earth-Core"", ""unfulfilled_request_t"": 0.0}, {""actual_arrival_month"": ""2039-05"", ""actual_delivery_share"": 1.0, ""availability_share"": 1.0, ""feasible_t"": 25.195681511470998, ""gross_delivery_t"": 25.195681511470998, ""order_month"": ""2038-05"", ""planned_arrival_month"": ""2039-05"", ""requested_t"": 25.195681511470998, ""shipment_id"": ""S0033"", ""source_id"": ""A"", ""source_name"": ""Earth-Core"", ""unfulfilled_request_t"": 0.0}, {""actual_arrival_month"": ""2039-06"", ""actual_delivery_share"": 1.0, ""availability_share"": 1.0, ""feasible_t"": 31.0391363022942, ""gross_delivery_t"": 31.0391363022942, ""order_month"": ""2038-06"", ""planned_arrival_month"": ""2039-06"", ""requested_t"": 31.0391363022942, ""shipment_id"": ""S0034"", ""source_id"": ""A"", ""source_name"": ""Earth-Core"", ""unfulfilled_request_t"": 0.0}, {""actual_arrival_month"": ""2039-07"", ""actual_delivery_share"": 1.0, ""availability_share"": 1.0, ""feasible_t"": 31.0391363022942, ""gross_delivery_t"": 31.0391363022942, ""order_month"": ""2038-07"", ""planned_arrival_month"": ""2039-07"", ""requested_t"": 31.0391363022942, ""shipment_id"": ""S0035"", ""source_id"": ""A"", ""source_name"": ""Earth-Core"", ""unfulfilled_request_t"": 0.0}]","{""A"": 24.24932523616734}","{""A"": 24.24932523616734}",24.24932523616734,0.2909919028340081,23.958333333333332,23.958333333333332,0.0,83.44152054794532,16.291666666666664,7.666666666666668,0.0,0.0,59.48318721461199,ZBO,120.0,0.012,"[""ZBO"", ""EARTH_NEW""]",3.5689912328767193,1.0,[]
2038-08,59.48318721461199,23.958333333333332,16.291666666666664,"{""A"": 190.0, ""B"": 0, ""C"": 100.9919028341081, ""D"": 0, ""E"": 0}","{""A"": 31.0391363022942, ""C"": 3.994601889338741}","[{""actual_arrival_month"": ""2039-05"", ""actual_delivery_share"": 1.0, ""availability_share"": 1.0, ""feasible_t"": 25.195681511470998, ""gross_delivery_t"": 25.195681511470998, ""order_month"": ""2038-05"", ""planned_arrival_month"": ""2039-05"", ""requested_t"": 25.195681511470998, ""shipment_id"": ""S0033"", ""source_id"": ""A"", ""source_name"": ""Earth-Core"", ""unfulfilled_request_t"": 0.0}, {""actual_arrival_month"": ""2039-06"", ""actual_delivery_share"": 1.0, ""availability_share"": 1.0, ""feasible_t"": 31.0391363022942, ""gross_delivery_t"": 31.0391363022942, ""order_month"": ""2038-06"", ""planned_arrival_month"": ""2039-06"", ""requested_t"": 31.0391363022942, ""shipment_id"": ""S0034"", ""source_id"": ""A"", ""source_name"": ""Earth-Core"", ""unfulfilled_request_t"": 0.0}, {""actual_arrival_month"": ""2039-07"", ""actual_delivery_share"": 1.0, ""availability_share"": 1.0, ""feasible_t"": 31.0391363022942, ""gross_delivery_t"": 31.0391363022942, ""order_month"": ""2038-07"", ""planned_arrival_month"": ""2039-07"", ""requested_t"": 31.0391363022942, ""shipment_id"": ""S0035"", ""source_id"": ""A"", ""source_name"": ""Earth-Core"", ""unfulfilled_request_t"": 0.0}, {""actual_arrival_month"": ""2039-08"", ""actual_delivery_share"": 1.0, ""availability_share"": 1.0, ""feasible_t"": 31.0391363022942, ""gross_delivery_t"": 31.0391363022942, ""order_month"": ""2038-08"", ""planned_arrival_month"": ""2039-08"", ""requested_t"": 31.0391363022942, ""shipment_id"": ""S0036"", ""source_id"": ""A"", ""source_name"": ""Earth-Core"", ""unfulfilled_request_t"": 0.0}]","{""A"": 20.254723346828598, ""C"": 3.994601889338741}","{""A"": 20.254723346828598, ""C"": 3.994601889338741}",24.24932523616734,0.2909919028340081,23.958333333333332,23.958333333333332,0.0,83.44152054794532,16.291666666666664,7.666666666666668,0.0,0.0,59.48318721461199,ZBO,120.0,0.012,"[""ZBO"", ""EARTH_NEW""]",3.5689912328767193,1.0,[]
2038-09,59.48318721461199,23.958333333333332,16.291666666666664,"{""A"": 190.0, ""B"": 0, ""C"": 100.9919028341081, ""D"": 0, ""E"": 0}","{""A"": 31.0391363022942, ""C"": 24.24932523616734}","[{""actual_arrival_month"": ""2039-05"", ""actual_delivery_share"": 1.0, ""availability_share"": 1.0, ""feasible_t"": 25.195681511470998, ""gross_delivery_t"": 25.195681511470998, ""order_month"": ""2038-05"", ""planned_arrival_month"": ""2039-05"", ""requested_t"": 25.195681511470998, ""shipment_id"": ""S0033"", ""source_id"": ""A"", ""source_name"": ""Earth-Core"", ""unfulfilled_request_t"": 0.0}, {""actual_arrival_month"": ""2039-06"", ""actual_delivery_share"": 1.0, ""availability_share"": 1.0, ""feasible_t"": 31.0391363022942, ""gross_delivery_t"": 31.0391363022942, ""order_month"": ""2038-06"", ""planned_arrival_month"": ""2039-06"", ""requested_t"": 31.0391363022942, ""shipment_id"": ""S0034"", ""source_id"": ""A"", ""source_name"": ""Earth-Core"", ""unfulfilled_request_t"": 0.0}, {""actual_arrival_month"": ""2039-07"", ""actual_delivery_share"": 1.0, ""availability_share"": 1.0, ""feasible_t"": 31.0391363022942, ""gross_delivery_t"": 31.0391363022942, ""order_month"": ""2038-07"", ""planned_arrival_month"": ""2039-07"", ""requested_t"": 31.0391363022942, ""shipment_id"": ""S0035"", ""source_id"": ""A"", ""source_name"": ""Earth-Core"", ""unfulfilled_request_t"": 0.0}, {""actual_arrival_month"": ""2039-08"", ""actual_delivery_share"": 1.0, ""availability_share"": 1.0, ""feasible_t"": 31.0391363022942, ""gross_delivery_t"": 31.0391363022942, ""order_month"": ""2038-08"", ""planned_arrival_month"": ""2039-08"", ""requested_t"": 31.0391363022942, ""shipment_id"": ""S0036"", ""source_id"": ""A"", ""source_name"": ""Earth-Core"", ""unfulfilled_request_t"": 0.0}, {""actual_arrival_month"": ""2039-09"", ""actual_delivery_share"": 1.0, ""availability_share"": 1.0, ""feasible_t"": 31.0391363022942, ""gross_delivery_t"": 31.0391363022942, ""order_month"": ""2038-09"", ""planned_arrival_month"": ""2039-09"", ""requested_t"": 31.0391363022942, ""shipment_id"": ""S0037"", ""source_id"": ""A"", ""source_name"": ""Earth-Core"", ""unfulfilled_request_t"": 0.0}]","{""C"": 24.24932523616734}","{""C"": 24.24932523616734}",24.24932523616734,0.2909919028340081,23.958333333333332,23.958333333333332,0.0,83.44152054794532,16.291666666666664,7.666666666666668,0.0,0.0,59.48318721461199,ZBO,120.0,0.012,"[""ZBO"", ""EARTH_NEW""]",3.5689912328767193,1.0,[]
2038-10,59.48318721461199,23.958333333333332,16.291666666666664,"{""A"": 190.0, ""B"": 0, ""C"": 100.9919028341081, ""D"": 0, ""E"": 0}","{""A"": 31.0391363022942, ""C"": 24.24932523616734}","[{""actual_arrival_month"": ""2039-05"", ""actual_delivery_share"": 1.0, ""availability_share"": 1.0, ""feasible_t"": 25.195681511470998, ""gross_delivery_t"": 25.195681511470998, ""order_month"": ""2038-05"", ""planned_arrival_month"": ""2039-05"", ""requested_t"": 25.195681511470998, ""shipment_id"": ""S0033"", ""source_id"": ""A"", ""source_name"": ""Earth-Core"", ""unfulfilled_request_t"": 0.0}, {""actual_arrival_month"": ""2039-06"", ""actual_delivery_share"": 1.0, ""availability_share"": 1.0, ""feasible_t"": 31.0391363022942, ""gross_delivery_t"": 31.0391363022942, ""order_month"": ""2038-06"", ""planned_arrival_month"": ""2039-06"", ""requested_t"": 31.0391363022942, ""shipment_id"": ""S0034"", ""source_id"": ""A"", ""source_name"": ""Earth-Core"", ""unfulfilled_request_t"": 0.0}, {""actual_arrival_month"": ""2039-07"", ""actual_delivery_share"": 1.0, ""availability_share"": 1.0, ""feasible_t"": 31.0391363022942, ""gross_delivery_t"": 31.0391363022942, ""order_month"": ""2038-07"", ""planned_arrival_month"": ""2039-07"", ""requested_t"": 31.0391363022942, ""shipment_id"": ""S0035"", ""source_id"": ""A"", ""source_name"": ""Earth-Core"", ""unfulfilled_request_t"": 0.0}, {""actual_arrival_month"": ""2039-08"", ""actual_delivery_share"": 1.0, ""availability_share"": 1.0, ""feasible_t"": 31.0391363022942, ""gross_delivery_t"": 31.0391363022942, ""order_month"": ""2038-08"", ""planned_arrival_month"": ""2039-08"", ""requested_t"": 31.0391363022942, ""shipment_id"": ""S0036"", ""source_id"": ""A"", ""source_name"": ""Earth-Core"", ""unfulfilled_request_t"": 0.0}, {""actual_arrival_month"": ""2039-09"", ""actual_delivery_share"": 1.0, ""availability_share"": 1.0, ""feasible_t"": 31.0391363022942, ""gross_delivery_t"": 31.0391363022942, ""order_month"": ""2038-09"", ""planned_arrival_month"": ""2039-09"", ""requested_t"": 31.0391363022942, ""shipment_id"": ""S0037"", ""source_id"": ""A"", ""source_name"": ""Earth-Core"", ""unfulfilled_request_t"": 0.0}, {""actual_arrival_month"": ""2039-10"", ""actual_delivery_share"": 1.0, ""availability_share"": 1.0, ""feasible_t"": 31.0391363022942, ""gross_delivery_t"": 31.0391363022942, ""order_month"": ""2038-10"", ""planned_arrival_month"": ""2039-10"", ""requested_t"": 31.0391363022942, ""shipment_id"": ""S0038"", ""source_id"": ""A"", ""source_name"": ""Earth-Core"", ""unfulfilled_request_t"": 0.0}]","{""C"": 24.24932523616734}","{""C"": 24.24932523616734}",24.24932523616734,0.2909919028340081,23.958333333333332,23.958333333333332,0.0,83.44152054794532,16.291666666666664,7.666666666666668,0.0,0.0,59.48318721461199,ZBO,120.0,0.012,"[""ZBO"", ""EARTH_NEW""]",3.5689912328767193,1.0,[]
2038-11,59.48318721461199,23.958333333333332,16.291666666666664,"{""A"": 190.0, ""B"": 0, ""C"": 100.9919028341081, ""D"": 0, ""E"": 0}","{""A"": 9.608636977058012, ""C"": 24.24932523616734}","[{""actual_arrival_month"": ""2039-05"", ""actual_delivery_share"": 1.0, ""availability_share"": 1.0, ""feasible_t"": 25.195681511470998, ""gross_delivery_t"": 25.195681511470998, ""order_month"": ""2038-05"", ""planned_arrival_month"": ""2039-05"", ""requested_t"": 25.195681511470998, ""shipment_id"": ""S0033"", ""source_id"": ""A"", ""source_name"": ""Earth-Core"", ""unfulfilled_request_t"": 0.0}, {""actual_arrival_month"": ""2039-06"", ""actual_delivery_share"": 1.0, ""availability_share"": 1.0, ""feasible_t"": 31.0391363022942, ""gross_delivery_t"": 31.0391363022942, ""order_month"": ""2038-06"", ""planned_arrival_month"": ""2039-06"", ""requested_t"": 31.0391363022942, ""shipment_id"": ""S0034"", ""source_id"": ""A"", ""source_name"": ""Earth-Core"", ""unfulfilled_request_t"": 0.0}, {""actual_arrival_month"": ""2039-07"", ""actual_delivery_share"": 1.0, ""availability_share"": 1.0, ""feasible_t"": 31.0391363022942, ""gross_delivery_t"": 31.0391363022942, ""order_month"": ""2038-07"", ""planned_arrival_month"": ""2039-07"", ""requested_t"": 31.0391363022942, ""shipment_id"": ""S0035"", ""source_id"": ""A"", ""source_name"": ""Earth-Core"", ""unfulfilled_request_t"": 0.0}, {""actual_arrival_month"": ""2039-08"", ""actual_delivery_share"": 1.0, ""availability_share"": 1.0, ""feasible_t"": 31.0391363022942, ""gross_delivery_t"": 31.0391363022942, ""order_month"": ""2038-08"", ""planned_arrival_month"": ""2039-08"", ""requested_t"": 31.0391363022942, ""shipment_id"": ""S0036"", ""source_id"": ""A"", ""source_name"": ""Earth-Core"", ""unfulfilled_request_t"": 0.0}, {""actual_arrival_month"": ""2039-09"", ""actual_delivery_share"": 1.0, ""availability_share"": 1.0, ""feasible_t"": 31.0391363022942, ""gross_delivery_t"": 31.0391363022942, ""order_month"": ""2038-09"", ""planned_arrival_month"": ""2039-09"", ""requested_t"": 31.0391363022942, ""shipment_id"": ""S0037"", ""source_id"": ""A"", ""source_name"": ""Earth-Core"", ""unfulfilled_request_t"": 0.0}, {""actual_arrival_month"": ""2039-10"", ""actual_delivery_share"": 1.0, ""availability_share"": 1.0, ""feasible_t"": 31.0391363022942, ""gross_delivery_t"": 31.0391363022942, ""order_month"": ""2038-10"", ""planned_arrival_month"": ""2039-10"", ""requested_t"": 31.0391363022942, ""shipment_id"": ""S0038"", ""source_id"": ""A"", ""source_name"": ""Earth-Core"", ""unfulfilled_request_t"": 0.0}, {""actual_arrival_month"": ""2039-11"", ""actual_delivery_share"": 1.0, ""availability_share"": 1.0, ""feasible_t"": 9.608636977058012, ""gross_delivery_t"": 9.608636977058012, ""order_month"": ""2038-11"", ""planned_arrival_month"": ""2039-11"", ""requested_t"": 9.608636977058012, ""shipment_id"": ""S0039"", ""source_id"": ""A"", ""source_name"": ""Earth-Core"", ""unfulfilled_request_t"": 0.0}]","{""C"": 24.24932523616734}","{""C"": 24.24932523616734}",24.24932523616734,0.2909919028340081,23.958333333333332,23.958333333333332,0.0,83.44152054794532,16.291666666666664,7.666666666666668,0.0,0.0,59.48318721461199,ZBO,120.0,0.012,"[""ZBO"", ""EARTH_NEW""]",3.5689912328767193,1.0,[]
2038-12,59.48318721461199,23.958333333333332,16.291666666666664,"{""A"": 190.0, ""B"": 0, ""C"": 100.9919028341081, ""D"": 0, ""E"": 0}","{""C"": 24.24932523616734}","[{""actual_arrival_month"": ""2039-05"", ""actual_delivery_share"": 1.0, ""availability_share"": 1.0, ""feasible_t"": 25.195681511470998, ""gross_delivery_t"": 25.195681511470998, ""order_month"": ""2038-05"", ""planned_arrival_month"": ""2039-05"", ""requested_t"": 25.195681511470998, ""shipment_id"": ""S0033"", ""source_id"": ""A"", ""source_name"": ""Earth-Core"", ""unfulfilled_request_t"": 0.0}, {""actual_arrival_month"": ""2039-06"", ""actual_delivery_share"": 1.0, ""availability_share"": 1.0, ""feasible_t"": 31.0391363022942, ""gross_delivery_t"": 31.0391363022942, ""order_month"": ""2038-06"", ""planned_arrival_month"": ""2039-06"", ""requested_t"": 31.0391363022942, ""shipment_id"": ""S0034"", ""source_id"": ""A"", ""source_name"": ""Earth-Core"", ""unfulfilled_request_t"": 0.0}, {""actual_arrival_month"": ""2039-07"", ""actual_delivery_share"": 1.0, ""availability_share"": 1.0, ""feasible_t"": 31.0391363022942, ""gross_delivery_t"": 31.0391363022942, ""order_month"": ""2038-07"", ""planned_arrival_month"": ""2039-07"", ""requested_t"": 31.0391363022942, ""shipment_id"": ""S0035"", ""source_id"": ""A"", ""source_name"": ""Earth-Core"", ""unfulfilled_request_t"": 0.0}, {""actual_arrival_month"": ""2039-08"", ""actual_delivery_share"": 1.0, ""availability_share"": 1.0, ""feasible_t"": 31.0391363022942, ""gross_delivery_t"": 31.0391363022942, ""order_month"": ""2038-08"", ""planned_arrival_month"": ""2039-08"", ""requested_t"": 31.0391363022942, ""shipment_id"": ""S0036"", ""source_id"": ""A"", ""source_name"": ""Earth-Core"", ""unfulfilled_request_t"": 0.0}, {""actual_arrival_month"": ""2039-09"", ""actual_delivery_share"": 1.0, ""availability_share"": 1.0, ""feasible_t"": 31.0391363022942, ""gross_delivery_t"": 31.0391363022942, ""order_month"": ""2038-09"", ""planned_arrival_month"": ""2039-09"", ""requested_t"": 31.0391363022942, ""shipment_id"": ""S0037"", ""source_id"": ""A"", ""source_name"": ""Earth-Core"", ""unfulfilled_request_t"": 0.0}, {""actual_arrival_month"": ""2039-10"", ""actual_delivery_share"": 1.0, ""availability_share"": 1.0, ""feasible_t"": 31.0391363022942, ""gross_delivery_t"": 31.0391363022942, ""order_month"": ""2038-10"", ""planned_arrival_month"": ""2039-10"", ""requested_t"": 31.0391363022942, ""shipment_id"": ""S0038"", ""source_id"": ""A"", ""source_name"": ""Earth-Core"", ""unfulfilled_request_t"": 0.0}, {""actual_arrival_month"": ""2039-11"", ""actual_delivery_share"": 1.0, ""availability_share"": 1.0, ""feasible_t"": 9.608636977058012, ""gross_delivery_t"": 9.608636977058012, ""order_month"": ""2038-11"", ""planned_arrival_month"": ""2039-11"", ""requested_t"": 9.608636977058012, ""shipment_id"": ""S0039"", ""source_id"": ""A"", ""source_name"": ""Earth-Core"", ""unfulfilled_request_t"": 0.0}]","{""C"": 24.24932523616734}","{""C"": 24.24932523616734}",24.24932523616734,0.2909919028340081,23.958333333333332,23.958333333333332,0.0,83.44152054794532,16.291666666666664,7.666666666666668,0.0,0.0,59.48318721461199,ZBO,120.0,0.012,"[""ZBO"", ""EARTH_NEW""]",3.5689912328767193,1.0,[]
2039-01,59.48318721461199,30.666666666666668,20.124999999999996,"{""A"": 128.2500000001, ""B"": 52.46963562763039, ""C"": 130.0, ""D"": 0, ""E"": 0}","{""C"": 31.0391363022942}","[{""actual_arrival_month"": ""2039-05"", ""actual_delivery_share"": 1.0, ""availability_share"": 1.0, ""feasible_t"": 25.195681511470998, ""gross_delivery_t"": 25.195681511470998, ""order_month"": ""2038-05"", ""planned_arrival_month"": ""2039-05"", ""requested_t"": 25.195681511470998, ""shipment_id"": ""S0033"", ""source_id"": ""A"", ""source_name"": ""Earth-Core"", ""unfulfilled_request_t"": 0.0}, {""actual_arrival_month"": ""2039-06"", ""actual_delivery_share"": 1.0, ""availability_share"": 1.0, ""feasible_t"": 31.0391363022942, ""gross_delivery_t"": 31.0391363022942, ""order_month"": ""2038-06"", ""planned_arrival_month"": ""2039-06"", ""requested_t"": 31.0391363022942, ""shipment_id"": ""S0034"", ""source_id"": ""A"", ""source_name"": ""Earth-Core"", ""unfulfilled_request_t"": 0.0}, {""actual_arrival_month"": ""2039-07"", ""actual_delivery_share"": 1.0, ""availability_share"": 1.0, ""feasible_t"": 31.0391363022942, ""gross_delivery_t"": 31.0391363022942, ""order_month"": ""2038-07"", ""planned_arrival_month"": ""2039-07"", ""requested_t"": 31.0391363022942, ""shipment_id"": ""S0035"", ""source_id"": ""A"", ""source_name"": ""Earth-Core"", ""unfulfilled_request_t"": 0.0}, {""actual_arrival_month"": ""2039-08"", ""actual_delivery_share"": 1.0, ""availability_share"": 1.0, ""feasible_t"": 31.0391363022942, ""gross_delivery_t"": 31.0391363022942, ""order_month"": ""2038-08"", ""planned_arrival_month"": ""2039-08"", ""requested_t"": 31.0391363022942, ""shipment_id"": ""S0036"", ""source_id"": ""A"", ""source_name"": ""Earth-Core"", ""unfulfilled_request_t"": 0.0}, {""actual_arrival_month"": ""2039-09"", ""actual_delivery_share"": 1.0, ""availability_share"": 1.0, ""feasible_t"": 31.0391363022942, ""gross_delivery_t"": 31.0391363022942, ""order_month"": ""2038-09"", ""planned_arrival_month"": ""2039-09"", ""requested_t"": 31.0391363022942, ""shipment_id"": ""S0037"", ""source_id"": ""A"", ""source_name"": ""Earth-Core"", ""unfulfilled_request_t"": 0.0}, {""actual_arrival_month"": ""2039-10"", ""actual_delivery_share"": 1.0, ""availability_share"": 1.0, ""feasible_t"": 31.0391363022942, ""gross_delivery_t"": 31.0391363022942, ""order_month"": ""2038-10"", ""planned_arrival_month"": ""2039-10"", ""requested_t"": 31.0391363022942, ""shipment_id"": ""S0038"", ""source_id"": ""A"", ""source_name"": ""Earth-Core"", ""unfulfilled_request_t"": 0.0}, {""actual_arrival_month"": ""2039-11"", ""actual_delivery_share"": 1.0, ""availability_share"": 1.0, ""feasible_t"": 9.608636977058012, ""gross_delivery_t"": 9.608636977058012, ""order_month"": ""2038-11"", ""planned_arrival_month"": ""2039-11"", ""requested_t"": 9.608636977058012, ""shipment_id"": ""S0039"", ""source_id"": ""A"", ""source_name"": ""Earth-Core"", ""unfulfilled_request_t"": 0.0}]","{""C"": 31.0391363022942}","{""C"": 31.0391363022942}",31.0391363022942,0.3724696356275304,30.666666666666668,30.666666666666668,0.0,90.14985388127866,20.124999999999996,10.541666666666671,0.0,0.0,59.48318721461199,ZBO,120.0,0.012,"[""ZBO"", ""EARTH_NEW""]",3.5689912328767193,1.0,[]
2039-02,59.48318721461199,30.666666666666668,20.124999999999996,"{""A"": 128.2500000001, ""B"": 52.46963562763039, ""C"": 130.0, ""D"": 0, ""E"": 0}","{""C"": 31.0391363022942}","[{""actual_arrival_month"": ""2039-05"", ""actual_delivery_share"": 1.0, ""availability_share"": 1.0, ""feasible_t"": 25.195681511470998, ""gross_delivery_t"": 25.195681511470998, ""order_month"": ""2038-05"", ""planned_arrival_month"": ""2039-05"", ""requested_t"": 25.195681511470998, ""shipment_id"": ""S0033"", ""source_id"": ""A"", ""source_name"": ""Earth-Core"", ""unfulfilled_request_t"": 0.0}, {""actual_arrival_month"": ""2039-06"", ""actual_delivery_share"": 1.0, ""availability_share"": 1.0, ""feasible_t"": 31.0391363022942, ""gross_delivery_t"": 31.0391363022942, ""order_month"": ""2038-06"", ""planned_arrival_month"": ""2039-06"", ""requested_t"": 31.0391363022942, ""shipment_id"": ""S0034"", ""source_id"": ""A"", ""source_name"": ""Earth-Core"", ""unfulfilled_request_t"": 0.0}, {""actual_arrival_month"": ""2039-07"", ""actual_delivery_share"": 1.0, ""availability_share"": 1.0, ""feasible_t"": 31.0391363022942, ""gross_delivery_t"": 31.0391363022942, ""order_month"": ""2038-07"", ""planned_arrival_month"": ""2039-07"", ""requested_t"": 31.0391363022942, ""shipment_id"": ""S0035"", ""source_id"": ""A"", ""source_name"": ""Earth-Core"", ""unfulfilled_request_t"": 0.0}, {""actual_arrival_month"": ""2039-08"", ""actual_delivery_share"": 1.0, ""availability_share"": 1.0, ""feasible_t"": 31.0391363022942, ""gross_delivery_t"": 31.0391363022942, ""order_month"": ""2038-08"", ""planned_arrival_month"": ""2039-08"", ""requested_t"": 31.0391363022942, ""shipment_id"": ""S0036"", ""source_id"": ""A"", ""source_name"": ""Earth-Core"", ""unfulfilled_request_t"": 0.0}, {""actual_arrival_month"": ""2039-09"", ""actual_delivery_share"": 1.0, ""availability_share"": 1.0, ""feasible_t"": 31.0391363022942, ""gross_delivery_t"": 31.0391363022942, ""order_month"": ""2038-09"", ""planned_arrival_month"": ""2039-09"", ""requested_t"": 31.0391363022942, ""shipment_id"": ""S0037"", ""source_id"": ""A"", ""source_name"": ""Earth-Core"", ""unfulfilled_request_t"": 0.0}, {""actual_arrival_month"": ""2039-10"", ""actual_delivery_share"": 1.0, ""availability_share"": 1.0, ""feasible_t"": 31.0391363022942, ""gross_delivery_t"": 31.0391363022942, ""order_month"": ""2038-10"", ""planned_arrival_month"": ""2039-10"", ""requested_t"": 31.0391363022942, ""shipment_id"": ""S0038"", ""source_id"": ""A"", ""source_name"": ""Earth-Core"", ""unfulfilled_request_t"": 0.0}, {""actual_arrival_month"": ""2039-11"", ""actual_delivery_share"": 1.0, ""availability_share"": 1.0, ""feasible_t"": 9.608636977058012, ""gross_delivery_t"": 9.608636977058012, ""order_month"": ""2038-11"", ""planned_arrival_month"": ""2039-11"", ""requested_t"": 9.608636977058012, ""shipment_id"": ""S0039"", ""source_id"": ""A"", ""source_name"": ""Earth-Core"", ""unfulfilled_request_t"": 0.0}]","{""C"": 31.0391363022942}","{""C"": 31.0391363022942}",31.0391363022942,0.3724696356275304,30.666666666666668,30.666666666666668,0.0,90.14985388127866,20.124999999999996,10.541666666666671,0.0,0.0,59.48318721461199,ZBO,120.0,0.012,"[""ZBO"", ""EARTH_NEW""]",3.5689912328767193,1.0,[]
2039-03,59.48318721461199,30.666666666666668,20.124999999999996,"{""A"": 128.2500000001, ""B"": 52.46963562763039, ""C"": 130.0, ""D"": 0, ""E"": 0}","{""C"": 31.0391363022942}","[{""actual_arrival_month"": ""2039-05"", ""actual_delivery_share"": 1.0, ""availability_share"": 1.0, ""feasible_t"": 25.195681511470998, ""gross_delivery_t"": 25.195681511470998, ""order_month"": ""2038-05"", ""planned_arrival_month"": ""2039-05"", ""requested_t"": 25.195681511470998, ""shipment_id"": ""S0033"", ""source_id"": ""A"", ""source_name"": ""Earth-Core"", ""unfulfilled_request_t"": 0.0}, {""actual_arrival_month"": ""2039-06"", ""actual_delivery_share"": 1.0, ""availability_share"": 1.0, ""feasible_t"": 31.0391363022942, ""gross_delivery_t"": 31.0391363022942, ""order_month"": ""2038-06"", ""planned_arrival_month"": ""2039-06"", ""requested_t"": 31.0391363022942, ""shipment_id"": ""S0034"", ""source_id"": ""A"", ""source_name"": ""Earth-Core"", ""unfulfilled_request_t"": 0.0}, {""actual_arrival_month"": ""2039-07"", ""actual_delivery_share"": 1.0, ""availability_share"": 1.0, ""feasible_t"": 31.0391363022942, ""gross_delivery_t"": 31.0391363022942, ""order_month"": ""2038-07"", ""planned_arrival_month"": ""2039-07"", ""requested_t"": 31.0391363022942, ""shipment_id"": ""S0035"", ""source_id"": ""A"", ""source_name"": ""Earth-Core"", ""unfulfilled_request_t"": 0.0}, {""actual_arrival_month"": ""2039-08"", ""actual_delivery_share"": 1.0, ""availability_share"": 1.0, ""feasible_t"": 31.0391363022942, ""gross_delivery_t"": 31.0391363022942, ""order_month"": ""2038-08"", ""planned_arrival_month"": ""2039-08"", ""requested_t"": 31.0391363022942, ""shipment_id"": ""S0036"", ""source_id"": ""A"", ""source_name"": ""Earth-Core"", ""unfulfilled_request_t"": 0.0}, {""actual_arrival_month"": ""2039-09"", ""actual_delivery_share"": 1.0, ""availability_share"": 1.0, ""feasible_t"": 31.0391363022942, ""gross_delivery_t"": 31.0391363022942, ""order_month"": ""2038-09"", ""planned_arrival_month"": ""2039-09"", ""requested_t"": 31.0391363022942, ""shipment_id"": ""S0037"", ""source_id"": ""A"", ""source_name"": ""Earth-Core"", ""unfulfilled_request_t"": 0.0}, {""actual_arrival_month"": ""2039-10"", ""actual_delivery_share"": 1.0, ""availability_share"": 1.0, ""feasible_t"": 31.0391363022942, ""gross_delivery_t"": 31.0391363022942, ""order_month"": ""2038-10"", ""planned_arrival_month"": ""2039-10"", ""requested_t"": 31.0391363022942, ""shipment_id"": ""S0038"", ""source_id"": ""A"", ""source_name"": ""Earth-Core"", ""unfulfilled_request_t"": 0.0}, {""actual_arrival_month"": ""2039-11"", ""actual_delivery_share"": 1.0, ""availability_share"": 1.0, ""feasible_t"": 9.608636977058012, ""gross_delivery_t"": 9.608636977058012, ""order_month"": ""2038-11"", ""planned_arrival_month"": ""2039-11"", ""requested_t"": 9.608636977058012, ""shipment_id"": ""S0039"", ""source_id"": ""A"", ""source_name"": ""Earth-Core"", ""unfulfilled_request_t"": 0.0}]","{""C"": 31.0391363022942}","{""C"": 31.0391363022942}",31.0391363022942,0.3724696356275304,30.666666666666668,30.666666666666668,0.0,90.14985388127866,20.124999999999996,10.541666666666671,0.0,0.0,59.48318721461199,ZBO,120.0,0.012,"[""ZBO"", ""EARTH_NEW""]",3.5689912328767193,1.0,[]
2039-04,59.48318721461199,30.666666666666668,20.124999999999996,"{""A"": 128.2500000001, ""B"": 52.46963562763039, ""C"": 130.0, ""D"": 0, ""E"": 0}","{""A"": 14.388157894736832, ""C"": 31.0391363022942}","[{""actual_arrival_month"": ""2039-05"", ""actual_delivery_share"": 1.0, ""availability_share"": 1.0, ""feasible_t"": 25.195681511470998, ""gross_delivery_t"": 25.195681511470998, ""order_month"": ""2038-05"", ""planned_arrival_month"": ""2039-05"", ""requested_t"": 25.195681511470998, ""shipment_id"": ""S0033"", ""source_id"": ""A"", ""source_name"": ""Earth-Core"", ""unfulfilled_request_t"": 0.0}, {""actual_arrival_month"": ""2039-06"", ""actual_delivery_share"": 1.0, ""availability_share"": 1.0, ""feasible_t"": 31.0391363022942, ""gross_delivery_t"": 31.0391363022942, ""order_month"": ""2038-06"", ""planned_arrival_month"": ""2039-06"", ""requested_t"": 31.0391363022942, ""shipment_id"": ""S0034"", ""source_id"": ""A"", ""source_name"": ""Earth-Core"", ""unfulfilled_request_t"": 0.0}, {""actual_arrival_month"": ""2039-07"", ""actual_delivery_share"": 1.0, ""availability_share"": 1.0, ""feasible_t"": 31.0391363022942, ""gross_delivery_t"": 31.0391363022942, ""order_month"": ""2038-07"", ""planned_arrival_month"": ""2039-07"", ""requested_t"": 31.0391363022942, ""shipment_id"": ""S0035"", ""source_id"": ""A"", ""source_name"": ""Earth-Core"", ""unfulfilled_request_t"": 0.0}, {""actual_arrival_month"": ""2039-08"", ""actual_delivery_share"": 1.0, ""availability_share"": 1.0, ""feasible_t"": 31.0391363022942, ""gross_delivery_t"": 31.0391363022942, ""order_month"": ""2038-08"", ""planned_arrival_month"": ""2039-08"", ""requested_t"": 31.0391363022942, ""shipment_id"": ""S0036"", ""source_id"": ""A"", ""source_name"": ""Earth-Core"", ""unfulfilled_request_t"": 0.0}, {""actual_arrival_month"": ""2039-09"", ""actual_delivery_share"": 1.0, ""availability_share"": 1.0, ""feasible_t"": 31.0391363022942, ""gross_delivery_t"": 31.0391363022942, ""order_month"": ""2038-09"", ""planned_arrival_month"": ""2039-09"", ""requested_t"": 31.0391363022942, ""shipment_id"": ""S0037"", ""source_id"": ""A"", ""source_name"": ""Earth-Core"", ""unfulfilled_request_t"": 0.0}, {""actual_arrival_month"": ""2039-10"", ""actual_delivery_share"": 1.0, ""availability_share"": 1.0, ""feasible_t"": 31.0391363022942, ""gross_delivery_t"": 31.0391363022942, ""order_month"": ""2038-10"", ""planned_arrival_month"": ""2039-10"", ""requested_t"": 31.0391363022942, ""shipment_id"": ""S0038"", ""source_id"": ""A"", ""source_name"": ""Earth-Core"", ""unfulfilled_request_t"": 0.0}, {""actual_arrival_month"": ""2039-11"", ""actual_delivery_share"": 1.0, ""availability_share"": 1.0, ""feasible_t"": 9.608636977058012, ""gross_delivery_t"": 9.608636977058012, ""order_month"": ""2038-11"", ""planned_arrival_month"": ""2039-11"", ""requested_t"": 9.608636977058012, ""shipment_id"": ""S0039"", ""source_id"": ""A"", ""source_name"": ""Earth-Core"", ""unfulfilled_request_t"": 0.0}, {""actual_arrival_month"": ""2040-04"", ""actual_delivery_share"": 1.0, ""availability_share"": 1.0, ""feasible_t"": 14.388157894736832, ""gross_delivery_t"": 14.388157894736832, ""order_month"": ""2039-04"", ""planned_arrival_month"": ""2040-04"", ""requested_t"": 14.388157894736832, ""shipment_id"": ""S0040"", ""source_id"": ""A"", ""source_name"": ""Earth-Core"", ""unfulfilled_request_t"": 0.0}]","{""C"": 31.0391363022942}","{""C"": 31.0391363022942}",31.0391363022942,0.3724696356275304,30.666666666666668,30.666666666666668,0.0,90.14985388127866,20.124999999999996,10.541666666666671,0.0,0.0,59.48318721461199,ZBO,120.0,0.012,"[""ZBO"", ""EARTH_NEW""]",3.5689912328767193,1.0,[]
2039-05,59.48318721461199,30.666666666666668,20.124999999999996,"{""A"": 128.2500000001, ""B"": 52.46963562763039, ""C"": 130.0, ""D"": 0, ""E"": 0}","{""A"": 25.53453947368421, ""C"": 5.843454790823202}","[{""actual_arrival_month"": ""2039-06"", ""actual_delivery_share"": 1.0, ""availability_share"": 1.0, ""feasible_t"": 31.0391363022942, ""gross_delivery_t"": 31.0391363022942, ""order_month"": ""2038-06"", ""planned_arrival_month"": ""2039-06"", ""requested_t"": 31.0391363022942, ""shipment_id"": ""S0034"", ""source_id"": ""A"", ""source_name"": ""Earth-Core"", ""unfulfilled_request_t"": 0.0}, {""actual_arrival_month"": ""2039-07"", ""actual_delivery_share"": 1.0, ""availability_share"": 1.0, ""feasible_t"": 31.0391363022942, ""gross_delivery_t"": 31.0391363022942, ""order_month"": ""2038-07"", ""planned_arrival_month"": ""2039-07"", ""requested_t"": 31.0391363022942, ""shipment_id"": ""S0035"", ""source_id"": ""A"", ""source_name"": ""Earth-Core"", ""unfulfilled_request_t"": 0.0}, {""actual_arrival_month"": ""2039-08"", ""actual_delivery_share"": 1.0, ""availability_share"": 1.0, ""feasible_t"": 31.0391363022942, ""gross_delivery_t"": 31.0391363022942, ""order_month"": ""2038-08"", ""planned_arrival_month"": ""2039-08"", ""requested_t"": 31.0391363022942, ""shipment_id"": ""S0036"", ""source_id"": ""A"", ""source_name"": ""Earth-Core"", ""unfulfilled_request_t"": 0.0}, {""actual_arrival_month"": ""2039-09"", ""actual_delivery_share"": 1.0, ""availability_share"": 1.0, ""feasible_t"": 31.0391363022942, ""gross_delivery_t"": 31.0391363022942, ""order_month"": ""2038-09"", ""planned_arrival_month"": ""2039-09"", ""requested_t"": 31.0391363022942, ""shipment_id"": ""S0037"", ""source_id"": ""A"", ""source_name"": ""Earth-Core"", ""unfulfilled_request_t"": 0.0}, {""actual_arrival_month"": ""2039-10"", ""actual_delivery_share"": 1.0, ""availability_share"": 1.0, ""feasible_t"": 31.0391363022942, ""gross_delivery_t"": 31.0391363022942, ""order_month"": ""2038-10"", ""planned_arrival_month"": ""2039-10"", ""requested_t"": 31.0391363022942, ""shipment_id"": ""S0038"", ""source_id"": ""A"", ""source_name"": ""Earth-Core"", ""unfulfilled_request_t"": 0.0}, {""actual_arrival_month"": ""2039-11"", ""actual_delivery_share"": 1.0, ""availability_share"": 1.0, ""feasible_t"": 9.608636977058012, ""gross_delivery_t"": 9.608636977058012, ""order_month"": ""2038-11"", ""planned_arrival_month"": ""2039-11"", ""requested_t"": 9.608636977058012, ""shipment_id"": ""S0039"", ""source_id"": ""A"", ""source_name"": ""Earth-Core"", ""unfulfilled_request_t"": 0.0}, {""actual_arrival_month"": ""2040-04"", ""actual_delivery_share"": 1.0, ""availability_share"": 1.0, ""feasible_t"": 14.388157894736832, ""gross_delivery_t"": 14.388157894736832, ""order_month"": ""2039-04"", ""planned_arrival_month"": ""2040-04"", ""requested_t"": 14.388157894736832, ""shipment_id"": ""S0040"", ""source_id"": ""A"", ""source_name"": ""Earth-Core"", ""unfulfilled_request_t"": 0.0}, {""actual_arrival_month"": ""2040-05"", ""actual_delivery_share"": 1.0, ""availability_share"": 1.0, ""feasible_t"": 25.53453947368421, ""gross_delivery_t"": 25.53453947368421, ""order_month"": ""2039-05"", ""planned_arrival_month"": ""2040-05"", ""requested_t"": 25.53453947368421, ""shipment_id"": ""S0041"", ""source_id"": ""A"", ""source_name"": ""Earth-Core"", ""unfulfilled_request_t"": 0.0}]","{""A"": 25.195681511470998, ""C"": 5.843454790823202}","{""A"": 25.195681511470998, ""C"": 5.843454790823202}",31.0391363022942,0.3724696356275304,30.666666666666668,30.666666666666668,0.0,90.14985388127866,20.124999999999996,10.541666666666671,0.0,0.0,59.48318721461199,ZBO,120.0,0.012,"[""ZBO"", ""EARTH_NEW""]",3.5689912328767193,1.0,[]
2039-06,59.48318721461199,30.666666666666668,20.124999999999996,"{""A"": 128.2500000001, ""B"": 52.46963562763039, ""C"": 130.0, ""D"": 0, ""E"": 0}","{""A"": 25.53453947368421}","[{""actual_arrival_month"": ""2039-07"", ""actual_delivery_share"": 1.0, ""availability_share"": 1.0, ""feasible_t"": 31.0391363022942, ""gross_delivery_t"": 31.0391363022942, ""order_month"": ""2038-07"", ""planned_arrival_month"": ""2039-07"", ""requested_t"": 31.0391363022942, ""shipment_id"": ""S0035"", ""source_id"": ""A"", ""source_name"": ""Earth-Core"", ""unfulfilled_request_t"": 0.0}, {""actual_arrival_month"": ""2039-08"", ""actual_delivery_share"": 1.0, ""availability_share"": 1.0, ""feasible_t"": 31.0391363022942, ""gross_delivery_t"": 31.0391363022942, ""order_month"": ""2038-08"", ""planned_arrival_month"": ""2039-08"", ""requested_t"": 31.0391363022942, ""shipment_id"": ""S0036"", ""source_id"": ""A"", ""source_name"": ""Earth-Core"", ""unfulfilled_request_t"": 0.0}, {""actual_arrival_month"": ""2039-09"", ""actual_delivery_share"": 1.0, ""availability_share"": 1.0, ""feasible_t"": 31.0391363022942, ""gross_delivery_t"": 31.0391363022942, ""order_month"": ""2038-09"", ""planned_arrival_month"": ""2039-09"", ""requested_t"": 31.0391363022942, ""shipment_id"": ""S0037"", ""source_id"": ""A"", ""source_name"": ""Earth-Core"", ""unfulfilled_request_t"": 0.0}, {""actual_arrival_month"": ""2039-10"", ""actual_delivery_share"": 1.0, ""availability_share"": 1.0, ""feasible_t"": 31.0391363022942, ""gross_delivery_t"": 31.0391363022942, ""order_month"": ""2038-10"", ""planned_arrival_month"": ""2039-10"", ""requested_t"": 31.0391363022942, ""shipment_id"": ""S0038"", ""source_id"": ""A"", ""source_name"": ""Earth-Core"", ""unfulfilled_request_t"": 0.0}, {""actual_arrival_month"": ""2039-11"", ""actual_delivery_share"": 1.0, ""availability_share"": 1.0, ""feasible_t"": 9.608636977058012, ""gross_delivery_t"": 9.608636977058012, ""order_month"": ""2038-11"", ""planned_arrival_month"": ""2039-11"", ""requested_t"": 9.608636977058012, ""shipment_id"": ""S0039"", ""source_id"": ""A"", ""source_name"": ""Earth-Core"", ""unfulfilled_request_t"": 0.0}, {""actual_arrival_month"": ""2040-04"", ""actual_delivery_share"": 1.0, ""availability_share"": 1.0, ""feasible_t"": 14.388157894736832, ""gross_delivery_t"": 14.388157894736832, ""order_month"": ""2039-04"", ""planned_arrival_month"": ""2040-04"", ""requested_t"": 14.388157894736832, ""shipment_id"": ""S0040"", ""source_id"": ""A"", ""source_name"": ""Earth-Core"", ""unfulfilled_request_t"": 0.0}, {""actual_arrival_month"": ""2040-05"", ""actual_delivery_share"": 1.0, ""availability_share"": 1.0, ""feasible_t"": 25.53453947368421, ""gross_delivery_t"": 25.53453947368421, ""order_month"": ""2039-05"", ""planned_arrival_month"": ""2040-05"", ""requested_t"": 25.53453947368421, ""shipment_id"": ""S0041"", ""source_id"": ""A"", ""source_name"": ""Earth-Core"", ""unfulfilled_request_t"": 0.0}, {""actual_arrival_month"": ""2040-06"", ""actual_delivery_share"": 1.0, ""availability_share"": 1.0, ""feasible_t"": 25.53453947368421, ""gross_delivery_t"": 25.53453947368421, ""order_month"": ""2039-06"", ""planned_arrival_month"": ""2040-06"", ""requested_t"": 25.53453947368421, ""shipment_id"": ""S0042"", ""source_id"": ""A"", ""source_name"": ""Earth-Core"", ""unfulfilled_request_t"": 0.0}]","{""A"": 31.0391363022942}","{""A"": 31.0391363022942}",31.0391363022942,0.3724696356275304,30.666666666666668,30.666666666666668,0.0,90.14985388127866,20.124999999999996,10.541666666666671,0.0,0.0,59.48318721461199,ZBO,120.0,0.012,"[""ZBO"", ""EARTH_NEW""]",3.5689912328767193,1.0,[]
2039-07,59.48318721461199,30.666666666666668,20.124999999999996,"{""A"": 128.2500000001, ""B"": 52.46963562763039, ""C"": 130.0, ""D"": 0, ""E"": 0}","{""A"": 25.53453947368421, ""B"": 21.430499325236188}","[{""actual_arrival_month"": ""2039-08"", ""actual_delivery_share"": 1.0, ""availability_share"": 1.0, ""feasible_t"": 31.0391363022942, ""gross_delivery_t"": 31.0391363022942, ""order_month"": ""2038-08"", ""planned_arrival_month"": ""2039-08"", ""requested_t"": 31.0391363022942, ""shipment_id"": ""S0036"", ""source_id"": ""A"", ""source_name"": ""Earth-Core"", ""unfulfilled_request_t"": 0.0}, {""actual_arrival_month"": ""2039-09"", ""actual_delivery_share"": 1.0, ""availability_share"": 1.0, ""feasible_t"": 31.0391363022942, ""gross_delivery_t"": 31.0391363022942, ""order_month"": ""2038-09"", ""planned_arrival_month"": ""2039-09"", ""requested_t"": 31.0391363022942, ""shipment_id"": ""S0037"", ""source_id"": ""A"", ""source_name"": ""Earth-Core"", ""unfulfilled_request_t"": 0.0}, {""actual_arrival_month"": ""2039-10"", ""actual_delivery_share"": 1.0, ""availability_share"": 1.0, ""feasible_t"": 31.0391363022942, ""gross_delivery_t"": 31.0391363022942, ""order_month"": ""2038-10"", ""planned_arrival_month"": ""2039-10"", ""requested_t"": 31.0391363022942, ""shipment_id"": ""S0038"", ""source_id"": ""A"", ""source_name"": ""Earth-Core"", ""unfulfilled_request_t"": 0.0}, {""actual_arrival_month"": ""2039-11"", ""actual_delivery_share"": 1.0, ""availability_share"": 1.0, ""feasible_t"": 9.608636977058012, ""gross_delivery_t"": 9.608636977058012, ""order_month"": ""2038-11"", ""planned_arrival_month"": ""2039-11"", ""requested_t"": 9.608636977058012, ""shipment_id"": ""S0039"", ""source_id"": ""A"", ""source_name"": ""Earth-Core"", ""unfulfilled_request_t"": 0.0}, {""actual_arrival_month"": ""2040-04"", ""actual_delivery_share"": 1.0, ""availability_share"": 1.0, ""feasible_t"": 14.388157894736832, ""gross_delivery_t"": 14.388157894736832, ""order_month"": ""2039-04"", ""planned_arrival_month"": ""2040-04"", ""requested_t"": 14.388157894736832, ""shipment_id"": ""S0040"", ""source_id"": ""A"", ""source_name"": ""Earth-Core"", ""unfulfilled_request_t"": 0.0}, {""actual_arrival_month"": ""2040-05"", ""actual_delivery_share"": 1.0, ""availability_share"": 1.0, ""feasible_t"": 25.53453947368421, ""gross_delivery_t"": 25.53453947368421, ""order_month"": ""2039-05"", ""planned_arrival_month"": ""2040-05"", ""requested_t"": 25.53453947368421, ""shipment_id"": ""S0041"", ""source_id"": ""A"", ""source_name"": ""Earth-Core"", ""unfulfilled_request_t"": 0.0}, {""actual_arrival_month"": ""2040-06"", ""actual_delivery_share"": 1.0, ""availability_share"": 1.0, ""feasible_t"": 25.53453947368421, ""gross_delivery_t"": 25.53453947368421, ""order_month"": ""2039-06"", ""planned_arrival_month"": ""2040-06"", ""requested_t"": 25.53453947368421, ""shipment_id"": ""S0042"", ""source_id"": ""A"", ""source_name"": ""Earth-Core"", ""unfulfilled_request_t"": 0.0}, {""actual_arrival_month"": ""2040-07"", ""actual_delivery_share"": 1.0, ""availability_share"": 1.0, ""feasible_t"": 25.53453947368421, ""gross_delivery_t"": 25.53453947368421, ""order_month"": ""2039-07"", ""planned_arrival_month"": ""2040-07"", ""requested_t"": 25.53453947368421, ""shipment_id"": ""S0043"", ""source_id"": ""A"", ""source_name"": ""Earth-Core"", ""unfulfilled_request_t"": 0.0}, {""actual_arrival_month"": ""2039-11"", ""actual_delivery_share"": 1.0, ""availability_share"": 1.0, ""feasible_t"": 21.430499325236188, ""gross_delivery_t"": 21.430499325236188, ""order_month"": ""2039-07"", ""planned_arrival_month"": ""2039-11"", ""requested_t"": 21.430499325236188, ""shipment_id"": ""S0054"", ""source_id"": ""B"", ""source_name"": ""Earth-Flex"", ""unfulfilled_request_t"": 0.0}]","{""A"": 31.0391363022942}","{""A"": 31.0391363022942}",31.0391363022942,0.3724696356275304,30.666666666666668,30.666666666666668,0.0,90.14985388127866,20.124999999999996,10.541666666666671,0.0,0.0,59.48318721461199,ZBO,120.0,0.012,"[""ZBO"", ""EARTH_NEW""]",3.5689912328767193,1.0,[]
2039-08,59.48318721461199,30.666666666666668,20.124999999999996,"{""A"": 128.2500000001, ""B"": 52.46963562763039, ""C"": 130.0, ""D"": 0, ""E"": 0}","{""A"": 25.53453947368421, ""B"": 31.0391363022942}","[{""actual_arrival_month"": ""2039-09"", ""actual_delivery_share"": 1.0, ""availability_share"": 1.0, ""feasible_t"": 31.0391363022942, ""gross_delivery_t"": 31.0391363022942, ""order_month"": ""2038-09"", ""planned_arrival_month"": ""2039-09"", ""requested_t"": 31.0391363022942, ""shipment_id"": ""S0037"", ""source_id"": ""A"", ""source_name"": ""Earth-Core"", ""unfulfilled_request_t"": 0.0}, {""actual_arrival_month"": ""2039-10"", ""actual_delivery_share"": 1.0, ""availability_share"": 1.0, ""feasible_t"": 31.0391363022942, ""gross_delivery_t"": 31.0391363022942, ""order_month"": ""2038-10"", ""planned_arrival_month"": ""2039-10"", ""requested_t"": 31.0391363022942, ""shipment_id"": ""S0038"", ""source_id"": ""A"", ""source_name"": ""Earth-Core"", ""unfulfilled_request_t"": 0.0}, {""actual_arrival_month"": ""2039-11"", ""actual_delivery_share"": 1.0, ""availability_share"": 1.0, ""feasible_t"": 9.608636977058012, ""gross_delivery_t"": 9.608636977058012, ""order_month"": ""2038-11"", ""planned_arrival_month"": ""2039-11"", ""requested_t"": 9.608636977058012, ""shipment_id"": ""S0039"", ""source_id"": ""A"", ""source_name"": ""Earth-Core"", ""unfulfilled_request_t"": 0.0}, {""actual_arrival_month"": ""2040-04"", ""actual_delivery_share"": 1.0, ""availability_share"": 1.0, ""feasible_t"": 14.388157894736832, ""gross_delivery_t"": 14.388157894736832, ""order_month"": ""2039-04"", ""planned_arrival_month"": ""2040-04"", ""requested_t"": 14.388157894736832, ""shipment_id"": ""S0040"", ""source_id"": ""A"", ""source_name"": ""Earth-Core"", ""unfulfilled_request_t"": 0.0}, {""actual_arrival_month"": ""2040-05"", ""actual_delivery_share"": 1.0, ""availability_share"": 1.0, ""feasible_t"": 25.53453947368421, ""gross_delivery_t"": 25.53453947368421, ""order_month"": ""2039-05"", ""planned_arrival_month"": ""2040-05"", ""requested_t"": 25.53453947368421, ""shipment_id"": ""S0041"", ""source_id"": ""A"", ""source_name"": ""Earth-Core"", ""unfulfilled_request_t"": 0.0}, {""actual_arrival_month"": ""2040-06"", ""actual_delivery_share"": 1.0, ""availability_share"": 1.0, ""feasible_t"": 25.53453947368421, ""gross_delivery_t"": 25.53453947368421, ""order_month"": ""2039-06"", ""planned_arrival_month"": ""2040-06"", ""requested_t"": 25.53453947368421, ""shipment_id"": ""S0042"", ""source_id"": ""A"", ""source_name"": ""Earth-Core"", ""unfulfilled_request_t"": 0.0}, {""actual_arrival_month"": ""2040-07"", ""actual_delivery_share"": 1.0, ""availability_share"": 1.0, ""feasible_t"": 25.53453947368421, ""gross_delivery_t"": 25.53453947368421, ""order_month"": ""2039-07"", ""planned_arrival_month"": ""2040-07"", ""requested_t"": 25.53453947368421, ""shipment_id"": ""S0043"", ""source_id"": ""A"", ""source_name"": ""Earth-Core"", ""unfulfilled_request_t"": 0.0}, {""actual_arrival_month"": ""2040-08"", ""actual_delivery_share"": 1.0, ""availability_share"": 1.0, ""feasible_t"": 25.53453947368421, ""gross_delivery_t"": 25.53453947368421, ""order_month"": ""2039-08"", ""planned_arrival_month"": ""2040-08"", ""requested_t"": 25.53453947368421, ""shipment_id"": ""S0044"", ""source_id"": ""A"", ""source_name"": ""Earth-Core"", ""unfulfilled_request_t"": 0.0}, {""actual_arrival_month"": ""2039-11"", ""actual_delivery_share"": 1.0, ""availability_share"": 1.0, ""feasible_t"": 21.430499325236188, ""gross_delivery_t"": 21.430499325236188, ""order_month"": ""2039-07"", ""planned_arrival_month"": ""2039-11"", ""requested_t"": 21.430499325236188, ""shipment_id"": ""S0054"", ""source_id"": ""B"", ""source_name"": ""Earth-Flex"", ""unfulfilled_request_t"": 0.0}, {""actual_arrival_month"": ""2039-12"", ""actual_delivery_share"": 1.0, ""availability_share"": 1.0, ""feasible_t"": 31.0391363022942, ""gross_delivery_t"": 31.0391363022942, ""order_month"": ""2039-08"", ""planned_arrival_month"": ""2039-12"", ""requested_t"": 31.0391363022942, ""shipment_id"": ""S0055"", ""source_id"": ""B"", ""source_name"": ""Earth-Flex"", ""unfulfilled_request_t"": 0.0}]","{""A"": 31.0391363022942}","{""A"": 31.0391363022942}",31.0391363022942,0.3724696356275304,30.666666666666668,30.666666666666668,0.0,90.14985388127866,20.124999999999996,10.541666666666671,0.0,0.0,59.48318721461199,ZBO,120.0,0.012,"[""ZBO"", ""EARTH_NEW""]",3.5689912328767193,1.0,[]
2039-09,59.48318721461199,30.666666666666668,20.124999999999996,"{""A"": 128.2500000001, ""B"": 52.46963562763039, ""C"": 130.0, ""D"": 0, ""E"": 0}","{""A"": 11.723684210526342}","[{""actual_arrival_month"": ""2039-10"", ""actual_delivery_share"": 1.0, ""availability_share"": 1.0, ""feasible_t"": 31.0391363022942, ""gross_delivery_t"": 31.0391363022942, ""order_month"": ""2038-10"", ""planned_arrival_month"": ""2039-10"", ""requested_t"": 31.0391363022942, ""shipment_id"": ""S0038"", ""source_id"": ""A"", ""source_name"": ""Earth-Core"", ""unfulfilled_request_t"": 0.0}, {""actual_arrival_month"": ""2039-11"", ""actual_delivery_share"": 1.0, ""availability_share"": 1.0, ""feasible_t"": 9.608636977058012, ""gross_delivery_t"": 9.608636977058012, ""order_month"": ""2038-11"", ""planned_arrival_month"": ""2039-11"", ""requested_t"": 9.608636977058012, ""shipment_id"": ""S0039"", ""source_id"": ""A"", ""source_name"": ""Earth-Core"", ""unfulfilled_request_t"": 0.0}, {""actual_arrival_month"": ""2040-04"", ""actual_delivery_share"": 1.0, ""availability_share"": 1.0, ""feasible_t"": 14.388157894736832, ""gross_delivery_t"": 14.388157894736832, ""order_month"": ""2039-04"", ""planned_arrival_month"": ""2040-04"", ""requested_t"": 14.388157894736832, ""shipment_id"": ""S0040"", ""source_id"": ""A"", ""source_name"": ""Earth-Core"", ""unfulfilled_request_t"": 0.0}, {""actual_arrival_month"": ""2040-05"", ""actual_delivery_share"": 1.0, ""availability_share"": 1.0, ""feasible_t"": 25.53453947368421, ""gross_delivery_t"": 25.53453947368421, ""order_month"": ""2039-05"", ""planned_arrival_month"": ""2040-05"", ""requested_t"": 25.53453947368421, ""shipment_id"": ""S0041"", ""source_id"": ""A"", ""source_name"": ""Earth-Core"", ""unfulfilled_request_t"": 0.0}, {""actual_arrival_month"": ""2040-06"", ""actual_delivery_share"": 1.0, ""availability_share"": 1.0, ""feasible_t"": 25.53453947368421, ""gross_delivery_t"": 25.53453947368421, ""order_month"": ""2039-06"", ""planned_arrival_month"": ""2040-06"", ""requested_t"": 25.53453947368421, ""shipment_id"": ""S0042"", ""source_id"": ""A"", ""source_name"": ""Earth-Core"", ""unfulfilled_request_t"": 0.0}, {""actual_arrival_month"": ""2040-07"", ""actual_delivery_share"": 1.0, ""availability_share"": 1.0, ""feasible_t"": 25.53453947368421, ""gross_delivery_t"": 25.53453947368421, ""order_month"": ""2039-07"", ""planned_arrival_month"": ""2040-07"", ""requested_t"": 25.53453947368421, ""shipment_id"": ""S0043"", ""source_id"": ""A"", ""source_name"": ""Earth-Core"", ""unfulfilled_request_t"": 0.0}, {""actual_arrival_month"": ""2040-08"", ""actual_delivery_share"": 1.0, ""availability_share"": 1.0, ""feasible_t"": 25.53453947368421, ""gross_delivery_t"": 25.53453947368421, ""order_month"": ""2039-08"", ""planned_arrival_month"": ""2040-08"", ""requested_t"": 25.53453947368421, ""shipment_id"": ""S0044"", ""source_id"": ""A"", ""source_name"": ""Earth-Core"", ""unfulfilled_request_t"": 0.0}, {""actual_arrival_month"": ""2040-09"", ""actual_delivery_share"": 1.0, ""availability_share"": 1.0, ""feasible_t"": 11.723684210526342, ""gross_delivery_t"": 11.723684210526342, ""order_month"": ""2039-09"", ""planned_arrival_month"": ""2040-09"", ""requested_t"": 11.723684210526342, ""shipment_id"": ""S0045"", ""source_id"": ""A"", ""source_name"": ""Earth-Core"", ""unfulfilled_request_t"": 0.0}, {""actual_arrival_month"": ""2039-11"", ""actual_delivery_share"": 1.0, ""availability_share"": 1.0, ""feasible_t"": 21.430499325236188, ""gross_delivery_t"": 21.430499325236188, ""order_month"": ""2039-07"", ""planned_arrival_month"": ""2039-11"", ""requested_t"": 21.430499325236188, ""shipment_id"": ""S0054"", ""source_id"": ""B"", ""source_name"": ""Earth-Flex"", ""unfulfilled_request_t"": 0.0}, {""actual_arrival_month"": ""2039-12"", ""actual_delivery_share"": 1.0, ""availability_share"": 1.0, ""feasible_t"": 31.0391363022942, ""gross_delivery_t"": 31.0391363022942, ""order_month"": ""2039-08"", ""planned_arrival_month"": ""2039-12"", ""requested_t"": 31.0391363022942, ""shipment_id"": ""S0055"", ""source_id"": ""B"", ""source_name"": ""Earth-Flex"", ""unfulfilled_request_t"": 0.0}]","{""A"": 31.0391363022942}","{""A"": 31.0391363022942}",31.0391363022942,0.3724696356275304,30.666666666666668,30.666666666666668,0.0,90.14985388127866,20.124999999999996,10.541666666666671,0.0,0.0,59.48318721461199,ZBO,120.0,0.012,"[""ZBO"", ""EARTH_NEW""]",3.5689912328767193,1.0,[]
2039-10,59.48318721461199,30.666666666666668,20.124999999999996,"{""A"": 128.2500000001, ""B"": 52.46963562763039, ""C"": 130.0, ""D"": 0, ""E"": 0}",{},"[{""actual_arrival_month"": ""2039-11"", ""actual_delivery_share"": 1.0, ""availability_share"": 1.0, ""feasible_t"": 9.608636977058012, ""gross_delivery_t"": 9.608636977058012, ""order_month"": ""2038-11"", ""planned_arrival_month"": ""2039-11"", ""requested_t"": 9.608636977058012, ""shipment_id"": ""S0039"", ""source_id"": ""A"", ""source_name"": ""Earth-Core"", ""unfulfilled_request_t"": 0.0}, {""actual_arrival_month"": ""2040-04"", ""actual_delivery_share"": 1.0, ""availability_share"": 1.0, ""feasible_t"": 14.388157894736832, ""gross_delivery_t"": 14.388157894736832, ""order_month"": ""2039-04"", ""planned_arrival_month"": ""2040-04"", ""requested_t"": 14.388157894736832, ""shipment_id"": ""S0040"", ""source_id"": ""A"", ""source_name"": ""Earth-Core"", ""unfulfilled_request_t"": 0.0}, {""actual_arrival_month"": ""2040-05"", ""actual_delivery_share"": 1.0, ""availability_share"": 1.0, ""feasible_t"": 25.53453947368421, ""gross_delivery_t"": 25.53453947368421, ""order_month"": ""2039-05"", ""planned_arrival_month"": ""2040-05"", ""requested_t"": 25.53453947368421, ""shipment_id"": ""S0041"", ""source_id"": ""A"", ""source_name"": ""Earth-Core"", ""unfulfilled_request_t"": 0.0}, {""actual_arrival_month"": ""2040-06"", ""actual_delivery_share"": 1.0, ""availability_share"": 1.0, ""feasible_t"": 25.53453947368421, ""gross_delivery_t"": 25.53453947368421, ""order_month"": ""2039-06"", ""planned_arrival_month"": ""2040-06"", ""requested_t"": 25.53453947368421, ""shipment_id"": ""S0042"", ""source_id"": ""A"", ""source_name"": ""Earth-Core"", ""unfulfilled_request_t"": 0.0}, {""actual_arrival_month"": ""2040-07"", ""actual_delivery_share"": 1.0, ""availability_share"": 1.0, ""feasible_t"": 25.53453947368421, ""gross_delivery_t"": 25.53453947368421, ""order_month"": ""2039-07"", ""planned_arrival_month"": ""2040-07"", ""requested_t"": 25.53453947368421, ""shipment_id"": ""S0043"", ""source_id"": ""A"", ""source_name"": ""Earth-Core"", ""unfulfilled_request_t"": 0.0}, {""actual_arrival_month"": ""2040-08"", ""actual_delivery_share"": 1.0, ""availability_share"": 1.0, ""feasible_t"": 25.53453947368421, ""gross_delivery_t"": 25.53453947368421, ""order_month"": ""2039-08"", ""planned_arrival_month"": ""2040-08"", ""requested_t"": 25.53453947368421, ""shipment_id"": ""S0044"", ""source_id"": ""A"", ""source_name"": ""Earth-Core"", ""unfulfilled_request_t"": 0.0}, {""actual_arrival_month"": ""2040-09"", ""actual_delivery_share"": 1.0, ""availability_share"": 1.0, ""feasible_t"": 11.723684210526342, ""gross_delivery_t"": 11.723684210526342, ""order_month"": ""2039-09"", ""planned_arrival_month"": ""2040-09"", ""requested_t"": 11.723684210526342, ""shipment_id"": ""S0045"", ""source_id"": ""A"", ""source_name"": ""Earth-Core"", ""unfulfilled_request_t"": 0.0}, {""actual_arrival_month"": ""2039-11"", ""actual_delivery_share"": 1.0, ""availability_share"": 1.0, ""feasible_t"": 21.430499325236188, ""gross_delivery_t"": 21.430499325236188, ""order_month"": ""2039-07"", ""planned_arrival_month"": ""2039-11"", ""requested_t"": 21.430499325236188, ""shipment_id"": ""S0054"", ""source_id"": ""B"", ""source_name"": ""Earth-Flex"", ""unfulfilled_request_t"": 0.0}, {""actual_arrival_month"": ""2039-12"", ""actual_delivery_share"": 1.0, ""availability_share"": 1.0, ""feasible_t"": 31.0391363022942, ""gross_delivery_t"": 31.0391363022942, ""order_month"": ""2039-08"", ""planned_arrival_month"": ""2039-12"", ""requested_t"": 31.0391363022942, ""shipment_id"": ""S0055"", ""source_id"": ""B"", ""source_name"": ""Earth-Flex"", ""unfulfilled_request_t"": 0.0}]","{""A"": 31.0391363022942}","{""A"": 31.0391363022942}",31.0391363022942,0.3724696356275304,30.666666666666668,30.666666666666668,0.0,90.14985388127866,20.124999999999996,10.541666666666671,0.0,0.0,59.48318721461199,ZBO,120.0,0.012,"[""ZBO"", ""EARTH_NEW""]",3.5689912328767193,1.0,[]
2039-11,59.48318721461199,30.666666666666668,20.124999999999996,"{""A"": 128.2500000001, ""B"": 52.46963562763039, ""C"": 130.0, ""D"": 0, ""E"": 0}",{},"[{""actual_arrival_month"": ""2040-04"", ""actual_delivery_share"": 1.0, ""availability_share"": 1.0, ""feasible_t"": 14.388157894736832, ""gross_delivery_t"": 14.388157894736832, ""order_month"": ""2039-04"", ""planned_arrival_month"": ""2040-04"", ""requested_t"": 14.388157894736832, ""shipment_id"": ""S0040"", ""source_id"": ""A"", ""source_name"": ""Earth-Core"", ""unfulfilled_request_t"": 0.0}, {""actual_arrival_month"": ""2040-05"", ""actual_delivery_share"": 1.0, ""availability_share"": 1.0, ""feasible_t"": 25.53453947368421, ""gross_delivery_t"": 25.53453947368421, ""order_month"": ""2039-05"", ""planned_arrival_month"": ""2040-05"", ""requested_t"": 25.53453947368421, ""shipment_id"": ""S0041"", ""source_id"": ""A"", ""source_name"": ""Earth-Core"", ""unfulfilled_request_t"": 0.0}, {""actual_arrival_month"": ""2040-06"", ""actual_delivery_share"": 1.0, ""availability_share"": 1.0, ""feasible_t"": 25.53453947368421, ""gross_delivery_t"": 25.53453947368421, ""order_month"": ""2039-06"", ""planned_arrival_month"": ""2040-06"", ""requested_t"": 25.53453947368421, ""shipment_id"": ""S0042"", ""source_id"": ""A"", ""source_name"": ""Earth-Core"", ""unfulfilled_request_t"": 0.0}, {""actual_arrival_month"": ""2040-07"", ""actual_delivery_share"": 1.0, ""availability_share"": 1.0, ""feasible_t"": 25.53453947368421, ""gross_delivery_t"": 25.53453947368421, ""order_month"": ""2039-07"", ""planned_arrival_month"": ""2040-07"", ""requested_t"": 25.53453947368421, ""shipment_id"": ""S0043"", ""source_id"": ""A"", ""source_name"": ""Earth-Core"", ""unfulfilled_request_t"": 0.0}, {""actual_arrival_month"": ""2040-08"", ""actual_delivery_share"": 1.0, ""availability_share"": 1.0, ""feasible_t"": 25.53453947368421, ""gross_delivery_t"": 25.53453947368421, ""order_month"": ""2039-08"", ""planned_arrival_month"": ""2040-08"", ""requested_t"": 25.53453947368421, ""shipment_id"": ""S0044"", ""source_id"": ""A"", ""source_name"": ""Earth-Core"", ""unfulfilled_request_t"": 0.0}, {""actual_arrival_month"": ""2040-09"", ""actual_delivery_share"": 1.0, ""availability_share"": 1.0, ""feasible_t"": 11.723684210526342, ""gross_delivery_t"": 11.723684210526342, ""order_month"": ""2039-09"", ""planned_arrival_month"": ""2040-09"", ""requested_t"": 11.723684210526342, ""shipment_id"": ""S0045"", ""source_id"": ""A"", ""source_name"": ""Earth-Core"", ""unfulfilled_request_t"": 0.0}, {""actual_arrival_month"": ""2039-12"", ""actual_delivery_share"": 1.0, ""availability_share"": 1.0, ""feasible_t"": 31.0391363022942, ""gross_delivery_t"": 31.0391363022942, ""order_month"": ""2039-08"", ""planned_arrival_month"": ""2039-12"", ""requested_t"": 31.0391363022942, ""shipment_id"": ""S0055"", ""source_id"": ""B"", ""source_name"": ""Earth-Flex"", ""unfulfilled_request_t"": 0.0}]","{""A"": 9.608636977058012, ""B"": 21.430499325236188}","{""A"": 9.608636977058012, ""B"": 21.430499325236188}",31.0391363022942,0.3724696356275304,30.666666666666668,30.666666666666668,0.0,90.14985388127866,20.124999999999996,10.541666666666671,0.0,0.0,59.48318721461199,ZBO,120.0,0.012,"[""ZBO"", ""EARTH_NEW""]",3.5689912328767193,1.0,[]
2039-12,59.48318721461199,30.666666666666668,20.124999999999996,"{""A"": 128.2500000001, ""B"": 52.46963562763039, ""C"": 130.0, ""D"": 0, ""E"": 0}",{},"[{""actual_arrival_month"": ""2040-04"", ""actual_delivery_share"": 1.0, ""availability_share"": 1.0, ""feasible_t"": 14.388157894736832, ""gross_delivery_t"": 14.388157894736832, ""order_month"": ""2039-04"", ""planned_arrival_month"": ""2040-04"", ""requested_t"": 14.388157894736832, ""shipment_id"": ""S0040"", ""source_id"": ""A"", ""source_name"": ""Earth-Core"", ""unfulfilled_request_t"": 0.0}, {""actual_arrival_month"": ""2040-05"", ""actual_delivery_share"": 1.0, ""availability_share"": 1.0, ""feasible_t"": 25.53453947368421, ""gross_delivery_t"": 25.53453947368421, ""order_month"": ""2039-05"", ""planned_arrival_month"": ""2040-05"", ""requested_t"": 25.53453947368421, ""shipment_id"": ""S0041"", ""source_id"": ""A"", ""source_name"": ""Earth-Core"", ""unfulfilled_request_t"": 0.0}, {""actual_arrival_month"": ""2040-06"", ""actual_delivery_share"": 1.0, ""availability_share"": 1.0, ""feasible_t"": 25.53453947368421, ""gross_delivery_t"": 25.53453947368421, ""order_month"": ""2039-06"", ""planned_arrival_month"": ""2040-06"", ""requested_t"": 25.53453947368421, ""shipment_id"": ""S0042"", ""source_id"": ""A"", ""source_name"": ""Earth-Core"", ""unfulfilled_request_t"": 0.0}, {""actual_arrival_month"": ""2040-07"", ""actual_delivery_share"": 1.0, ""availability_share"": 1.0, ""feasible_t"": 25.53453947368421, ""gross_delivery_t"": 25.53453947368421, ""order_month"": ""2039-07"", ""planned_arrival_month"": ""2040-07"", ""requested_t"": 25.53453947368421, ""shipment_id"": ""S0043"", ""source_id"": ""A"", ""source_name"": ""Earth-Core"", ""unfulfilled_request_t"": 0.0}, {""actual_arrival_month"": ""2040-08"", ""actual_delivery_share"": 1.0, ""availability_share"": 1.0, ""feasible_t"": 25.53453947368421, ""gross_delivery_t"": 25.53453947368421, ""order_month"": ""2039-08"", ""planned_arrival_month"": ""2040-08"", ""requested_t"": 25.53453947368421, ""shipment_id"": ""S0044"", ""source_id"": ""A"", ""source_name"": ""Earth-Core"", ""unfulfilled_request_t"": 0.0}, {""actual_arrival_month"": ""2040-09"", ""actual_delivery_share"": 1.0, ""availability_share"": 1.0, ""feasible_t"": 11.723684210526342, ""gross_delivery_t"": 11.723684210526342, ""order_month"": ""2039-09"", ""planned_arrival_month"": ""2040-09"", ""requested_t"": 11.723684210526342, ""shipment_id"": ""S0045"", ""source_id"": ""A"", ""source_name"": ""Earth-Core"", ""unfulfilled_request_t"": 0.0}]","{""B"": 31.0391363022942}","{""B"": 31.0391363022942}",31.0391363022942,0.3724696356275304,30.666666666666668,30.666666666666668,0.0,90.14985388127866,20.124999999999996,10.541666666666671,0.0,0.0,59.48318721461199,ZBO,120.0,0.012,"[""ZBO"", ""EARTH_NEW""]",3.5689912328767193,1.0,[]
2040-01,59.48318721461199,37.37499999999999,23.958333333333332,"{""A"": 0, ""B"": 99.0000000001, ""C"": 130.0, ""D"": 0, ""E"": 23.947368421152575}","{""C"": 37.82894736842105}","[{""actual_arrival_month"": ""2040-04"", ""actual_delivery_share"": 1.0, ""availability_share"": 1.0, ""feasible_t"": 14.388157894736832, ""gross_delivery_t"": 14.388157894736832, ""order_month"": ""2039-04"", ""planned_arrival_month"": ""2040-04"", ""requested_t"": 14.388157894736832, ""shipment_id"": ""S0040"", ""source_id"": ""A"", ""source_name"": ""Earth-Core"", ""unfulfilled_request_t"": 0.0}, {""actual_arrival_month"": ""2040-05"", ""actual_delivery_share"": 1.0, ""availability_share"": 1.0, ""feasible_t"": 25.53453947368421, ""gross_delivery_t"": 25.53453947368421, ""order_month"": ""2039-05"", ""planned_arrival_month"": ""2040-05"", ""requested_t"": 25.53453947368421, ""shipment_id"": ""S0041"", ""source_id"": ""A"", ""source_name"": ""Earth-Core"", ""unfulfilled_request_t"": 0.0}, {""actual_arrival_month"": ""2040-06"", ""actual_delivery_share"": 1.0, ""availability_share"": 1.0, ""feasible_t"": 25.53453947368421, ""gross_delivery_t"": 25.53453947368421, ""order_month"": ""2039-06"", ""planned_arrival_month"": ""2040-06"", ""requested_t"": 25.53453947368421, ""shipment_id"": ""S0042"", ""source_id"": ""A"", ""source_name"": ""Earth-Core"", ""unfulfilled_request_t"": 0.0}, {""actual_arrival_month"": ""2040-07"", ""actual_delivery_share"": 1.0, ""availability_share"": 1.0, ""feasible_t"": 25.53453947368421, ""gross_delivery_t"": 25.53453947368421, ""order_month"": ""2039-07"", ""planned_arrival_month"": ""2040-07"", ""requested_t"": 25.53453947368421, ""shipment_id"": ""S0043"", ""source_id"": ""A"", ""source_name"": ""Earth-Core"", ""unfulfilled_request_t"": 0.0}, {""actual_arrival_month"": ""2040-08"", ""actual_delivery_share"": 1.0, ""availability_share"": 1.0, ""feasible_t"": 25.53453947368421, ""gross_delivery_t"": 25.53453947368421, ""order_month"": ""2039-08"", ""planned_arrival_month"": ""2040-08"", ""requested_t"": 25.53453947368421, ""shipment_id"": ""S0044"", ""source_id"": ""A"", ""source_name"": ""Earth-Core"", ""unfulfilled_request_t"": 0.0}, {""actual_arrival_month"": ""2040-09"", ""actual_delivery_share"": 1.0, ""availability_share"": 1.0, ""feasible_t"": 11.723684210526342, ""gross_delivery_t"": 11.723684210526342, ""order_month"": ""2039-09"", ""planned_arrival_month"": ""2040-09"", ""requested_t"": 11.723684210526342, ""shipment_id"": ""S0045"", ""source_id"": ""A"", ""source_name"": ""Earth-Core"", ""unfulfilled_request_t"": 0.0}]","{""C"": 37.82894736842105}","{""C"": 37.82894736842105}",37.82894736842105,0.4539473684210526,37.37499999999999,37.37499999999999,0.0,96.85818721461197,23.958333333333332,13.41666666666666,0.0,0.0,59.48318721461199,ZBO,120.0,0.012,"[""ZBO"", ""EARTH_NEW""]",3.5689912328767193,1.0,[]
2040-02,59.48318721461199,37.37499999999999,23.958333333333332,"{""A"": 0, ""B"": 99.0000000001, ""C"": 130.0, ""D"": 0, ""E"": 23.947368421152575}","{""C"": 37.82894736842105}","[{""actual_arrival_month"": ""2040-04"", ""actual_delivery_share"": 1.0, ""availability_share"": 1.0, ""feasible_t"": 14.388157894736832, ""gross_delivery_t"": 14.388157894736832, ""order_month"": ""2039-04"", ""planned_arrival_month"": ""2040-04"", ""requested_t"": 14.388157894736832, ""shipment_id"": ""S0040"", ""source_id"": ""A"", ""source_name"": ""Earth-Core"", ""unfulfilled_request_t"": 0.0}, {""actual_arrival_month"": ""2040-05"", ""actual_delivery_share"": 1.0, ""availability_share"": 1.0, ""feasible_t"": 25.53453947368421, ""gross_delivery_t"": 25.53453947368421, ""order_month"": ""2039-05"", ""planned_arrival_month"": ""2040-05"", ""requested_t"": 25.53453947368421, ""shipment_id"": ""S0041"", ""source_id"": ""A"", ""source_name"": ""Earth-Core"", ""unfulfilled_request_t"": 0.0}, {""actual_arrival_month"": ""2040-06"", ""actual_delivery_share"": 1.0, ""availability_share"": 1.0, ""feasible_t"": 25.53453947368421, ""gross_delivery_t"": 25.53453947368421, ""order_month"": ""2039-06"", ""planned_arrival_month"": ""2040-06"", ""requested_t"": 25.53453947368421, ""shipment_id"": ""S0042"", ""source_id"": ""A"", ""source_name"": ""Earth-Core"", ""unfulfilled_request_t"": 0.0}, {""actual_arrival_month"": ""2040-07"", ""actual_delivery_share"": 1.0, ""availability_share"": 1.0, ""feasible_t"": 25.53453947368421, ""gross_delivery_t"": 25.53453947368421, ""order_month"": ""2039-07"", ""planned_arrival_month"": ""2040-07"", ""requested_t"": 25.53453947368421, ""shipment_id"": ""S0043"", ""source_id"": ""A"", ""source_name"": ""Earth-Core"", ""unfulfilled_request_t"": 0.0}, {""actual_arrival_month"": ""2040-08"", ""actual_delivery_share"": 1.0, ""availability_share"": 1.0, ""feasible_t"": 25.53453947368421, ""gross_delivery_t"": 25.53453947368421, ""order_month"": ""2039-08"", ""planned_arrival_month"": ""2040-08"", ""requested_t"": 25.53453947368421, ""shipment_id"": ""S0044"", ""source_id"": ""A"", ""source_name"": ""Earth-Core"", ""unfulfilled_request_t"": 0.0}, {""actual_arrival_month"": ""2040-09"", ""actual_delivery_share"": 1.0, ""availability_share"": 1.0, ""feasible_t"": 11.723684210526342, ""gross_delivery_t"": 11.723684210526342, ""order_month"": ""2039-09"", ""planned_arrival_month"": ""2040-09"", ""requested_t"": 11.723684210526342, ""shipment_id"": ""S0045"", ""source_id"": ""A"", ""source_name"": ""Earth-Core"", ""unfulfilled_request_t"": 0.0}]","{""C"": 37.82894736842105}","{""C"": 37.82894736842105}",37.82894736842105,0.4539473684210526,37.37499999999999,37.37499999999999,0.0,96.85818721461197,23.958333333333332,13.41666666666666,0.0,0.0,59.48318721461199,ZBO,120.0,0.012,"[""ZBO"", ""EARTH_NEW""]",3.5689912328767193,1.0,[]
2040-03,59.48318721461199,37.37499999999999,23.958333333333332,"{""A"": 0, ""B"": 99.0000000001, ""C"": 130.0, ""D"": 0, ""E"": 23.947368421152575}","{""C"": 37.82894736842105}","[{""actual_arrival_month"": ""2040-04"", ""actual_delivery_share"": 1.0, ""availability_share"": 1.0, ""feasible_t"": 14.388157894736832, ""gross_delivery_t"": 14.388157894736832, ""order_month"": ""2039-04"", ""planned_arrival_month"": ""2040-04"", ""requested_t"": 14.388157894736832, ""shipment_id"": ""S0040"", ""source_id"": ""A"", ""source_name"": ""Earth-Core"", ""unfulfilled_request_t"": 0.0}, {""actual_arrival_month"": ""2040-05"", ""actual_delivery_share"": 1.0, ""availability_share"": 1.0, ""feasible_t"": 25.53453947368421, ""gross_delivery_t"": 25.53453947368421, ""order_month"": ""2039-05"", ""planned_arrival_month"": ""2040-05"", ""requested_t"": 25.53453947368421, ""shipment_id"": ""S0041"", ""source_id"": ""A"", ""source_name"": ""Earth-Core"", ""unfulfilled_request_t"": 0.0}, {""actual_arrival_month"": ""2040-06"", ""actual_delivery_share"": 1.0, ""availability_share"": 1.0, ""feasible_t"": 25.53453947368421, ""gross_delivery_t"": 25.53453947368421, ""order_month"": ""2039-06"", ""planned_arrival_month"": ""2040-06"", ""requested_t"": 25.53453947368421, ""shipment_id"": ""S0042"", ""source_id"": ""A"", ""source_name"": ""Earth-Core"", ""unfulfilled_request_t"": 0.0}, {""actual_arrival_month"": ""2040-07"", ""actual_delivery_share"": 1.0, ""availability_share"": 1.0, ""feasible_t"": 25.53453947368421, ""gross_delivery_t"": 25.53453947368421, ""order_month"": ""2039-07"", ""planned_arrival_month"": ""2040-07"", ""requested_t"": 25.53453947368421, ""shipment_id"": ""S0043"", ""source_id"": ""A"", ""source_name"": ""Earth-Core"", ""unfulfilled_request_t"": 0.0}, {""actual_arrival_month"": ""2040-08"", ""actual_delivery_share"": 1.0, ""availability_share"": 1.0, ""feasible_t"": 25.53453947368421, ""gross_delivery_t"": 25.53453947368421, ""order_month"": ""2039-08"", ""planned_arrival_month"": ""2040-08"", ""requested_t"": 25.53453947368421, ""shipment_id"": ""S0044"", ""source_id"": ""A"", ""source_name"": ""Earth-Core"", ""unfulfilled_request_t"": 0.0}, {""actual_arrival_month"": ""2040-09"", ""actual_delivery_share"": 1.0, ""availability_share"": 1.0, ""feasible_t"": 11.723684210526342, ""gross_delivery_t"": 11.723684210526342, ""order_month"": ""2039-09"", ""planned_arrival_month"": ""2040-09"", ""requested_t"": 11.723684210526342, ""shipment_id"": ""S0045"", ""source_id"": ""A"", ""source_name"": ""Earth-Core"", ""unfulfilled_request_t"": 0.0}]","{""C"": 37.82894736842105}","{""C"": 37.82894736842105}",37.82894736842105,0.4539473684210526,37.37499999999999,37.37499999999999,0.0,96.85818721461197,23.958333333333332,13.41666666666666,0.0,0.0,59.48318721461199,ZBO,120.0,0.012,"[""ZBO"", ""EARTH_NEW""]",3.5689912328767193,1.0,[]
2040-04,59.48318721461199,37.37499999999999,23.958333333333332,"{""A"": 0, ""B"": 99.0000000001, ""C"": 130.0, ""D"": 0, ""E"": 23.947368421152575}","{""C"": 16.51315789473685}","[{""actual_arrival_month"": ""2040-05"", ""actual_delivery_share"": 1.0, ""availability_share"": 1.0, ""feasible_t"": 25.53453947368421, ""gross_delivery_t"": 25.53453947368421, ""order_month"": ""2039-05"", ""planned_arrival_month"": ""2040-05"", ""requested_t"": 25.53453947368421, ""shipment_id"": ""S0041"", ""source_id"": ""A"", ""source_name"": ""Earth-Core"", ""unfulfilled_request_t"": 0.0}, {""actual_arrival_month"": ""2040-06"", ""actual_delivery_share"": 1.0, ""availability_share"": 1.0, ""feasible_t"": 25.53453947368421, ""gross_delivery_t"": 25.53453947368421, ""order_month"": ""2039-06"", ""planned_arrival_month"": ""2040-06"", ""requested_t"": 25.53453947368421, ""shipment_id"": ""S0042"", ""source_id"": ""A"", ""source_name"": ""Earth-Core"", ""unfulfilled_request_t"": 0.0}, {""actual_arrival_month"": ""2040-07"", ""actual_delivery_share"": 1.0, ""availability_share"": 1.0, ""feasible_t"": 25.53453947368421, ""gross_delivery_t"": 25.53453947368421, ""order_month"": ""2039-07"", ""planned_arrival_month"": ""2040-07"", ""requested_t"": 25.53453947368421, ""shipment_id"": ""S0043"", ""source_id"": ""A"", ""source_name"": ""Earth-Core"", ""unfulfilled_request_t"": 0.0}, {""actual_arrival_month"": ""2040-08"", ""actual_delivery_share"": 1.0, ""availability_share"": 1.0, ""feasible_t"": 25.53453947368421, ""gross_delivery_t"": 25.53453947368421, ""order_month"": ""2039-08"", ""planned_arrival_month"": ""2040-08"", ""requested_t"": 25.53453947368421, ""shipment_id"": ""S0044"", ""source_id"": ""A"", ""source_name"": ""Earth-Core"", ""unfulfilled_request_t"": 0.0}, {""actual_arrival_month"": ""2040-09"", ""actual_delivery_share"": 1.0, ""availability_share"": 1.0, ""feasible_t"": 11.723684210526342, ""gross_delivery_t"": 11.723684210526342, ""order_month"": ""2039-09"", ""planned_arrival_month"": ""2040-09"", ""requested_t"": 11.723684210526342, ""shipment_id"": ""S0045"", ""source_id"": ""A"", ""source_name"": ""Earth-Core"", ""unfulfilled_request_t"": 0.0}]","{""A"": 14.388157894736832, ""C"": 16.51315789473685}","{""A"": 14.388157894736832, ""C"": 16.51315789473685}",30.90131578947368,0.3708157894736842,30.530499999999996,30.530499999999996,0.0,90.01368721461199,23.958333333333332,13.41666666666666,0.0,0.0,52.638687214612006,ZBO,120.0,0.012,"[""ZBO"", ""EARTH_NEW""]",3.3636562328767194,1.0,[]
2040-05,52.638687214612006,37.37499999999999,23.958333333333332,"{""A"": 0, ""B"": 99.0000000001, ""C"": 130.0, ""D"": 0, ""E"": 23.947368421152575}","{""B"": 18.414473684210485}","[{""actual_arrival_month"": ""2040-06"", ""actual_delivery_share"": 1.0, ""availability_share"": 1.0, ""feasible_t"": 25.53453947368421, ""gross_delivery_t"": 25.53453947368421, ""order_month"": ""2039-06"", ""planned_arrival_month"": ""2040-06"", ""requested_t"": 25.53453947368421, ""shipment_id"": ""S0042"", ""source_id"": ""A"", ""source_name"": ""Earth-Core"", ""unfulfilled_request_t"": 0.0}, {""actual_arrival_month"": ""2040-07"", ""actual_delivery_share"": 1.0, ""availability_share"": 1.0, ""feasible_t"": 25.53453947368421, ""gross_delivery_t"": 25.53453947368421, ""order_month"": ""2039-07"", ""planned_arrival_month"": ""2040-07"", ""requested_t"": 25.53453947368421, ""shipment_id"": ""S0043"", ""source_id"": ""A"", ""source_name"": ""Earth-Core"", ""unfulfilled_request_t"": 0.0}, {""actual_arrival_month"": ""2040-08"", ""actual_delivery_share"": 1.0, ""availability_share"": 1.0, ""feasible_t"": 25.53453947368421, ""gross_delivery_t"": 25.53453947368421, ""order_month"": ""2039-08"", ""planned_arrival_month"": ""2040-08"", ""requested_t"": 25.53453947368421, ""shipment_id"": ""S0044"", ""source_id"": ""A"", ""source_name"": ""Earth-Core"", ""unfulfilled_request_t"": 0.0}, {""actual_arrival_month"": ""2040-09"", ""actual_delivery_share"": 1.0, ""availability_share"": 1.0, ""feasible_t"": 11.723684210526342, ""gross_delivery_t"": 11.723684210526342, ""order_month"": ""2039-09"", ""planned_arrival_month"": ""2040-09"", ""requested_t"": 11.723684210526342, ""shipment_id"": ""S0045"", ""source_id"": ""A"", ""source_name"": ""Earth-Core"", ""unfulfilled_request_t"": 0.0}, {""actual_arrival_month"": ""2040-09"", ""actual_delivery_share"": 1.0, ""availability_share"": 1.0, ""feasible_t"": 18.414473684210485, ""gross_delivery_t"": 18.414473684210485, ""order_month"": ""2040-05"", ""planned_arrival_month"": ""2040-09"", ""requested_t"": 18.414473684210485, ""shipment_id"": ""S0056"", ""source_id"": ""B"", ""source_name"": ""Earth-Flex"", ""unfulfilled_request_t"": 0.0}]","{""A"": 25.53453947368421}","{""A"": 25.53453947368421}",25.53453947368421,0.3064144736842105,25.228125,25.228125,0.0,77.866812214612,23.958333333333332,13.41666666666666,0.0,0.0,40.49181221461201,ZBO,120.0,0.012,"[""ZBO"", ""EARTH_NEW""]",2.79391498287672,1.0,[]
2040-06,40.49181221461201,37.37499999999999,23.958333333333332,"{""A"": 0, ""B"": 99.0000000001, ""C"": 130.0, ""D"": 0, ""E"": 23.947368421152575}","{""B"": 34.046052631578945}","[{""actual_arrival_month"": ""2040-07"", ""actual_delivery_share"": 1.0, ""availability_share"": 1.0, ""feasible_t"": 25.53453947368421, ""gross_delivery_t"": 25.53453947368421, ""order_month"": ""2039-07"", ""planned_arrival_month"": ""2040-07"", ""requested_t"": 25.53453947368421, ""shipment_id"": ""S0043"", ""source_id"": ""A"", ""source_name"": ""Earth-Core"", ""unfulfilled_request_t"": 0.0}, {""actual_arrival_month"": ""2040-08"", ""actual_delivery_share"": 1.0, ""availability_share"": 1.0, ""feasible_t"": 25.53453947368421, ""gross_delivery_t"": 25.53453947368421, ""order_month"": ""2039-08"", ""planned_arrival_month"": ""2040-08"", ""requested_t"": 25.53453947368421, ""shipment_id"": ""S0044"", ""source_id"": ""A"", ""source_name"": ""Earth-Core"", ""unfulfilled_request_t"": 0.0}, {""actual_arrival_month"": ""2040-09"", ""actual_delivery_share"": 1.0, ""availability_share"": 1.0, ""feasible_t"": 11.723684210526342, ""gross_delivery_t"": 11.723684210526342, ""order_month"": ""2039-09"", ""planned_arrival_month"": ""2040-09"", ""requested_t"": 11.723684210526342, ""shipment_id"": ""S0045"", ""source_id"": ""A"", ""source_name"": ""Earth-Core"", ""unfulfilled_request_t"": 0.0}, {""actual_arrival_month"": ""2040-09"", ""actual_delivery_share"": 1.0, ""availability_share"": 1.0, ""feasible_t"": 18.414473684210485, ""gross_delivery_t"": 18.414473684210485, ""order_month"": ""2040-05"", ""planned_arrival_month"": ""2040-09"", ""requested_t"": 18.414473684210485, ""shipment_id"": ""S0056"", ""source_id"": ""B"", ""source_name"": ""Earth-Flex"", ""unfulfilled_request_t"": 0.0}, {""actual_arrival_month"": ""2040-10"", ""actual_delivery_share"": 1.0, ""availability_share"": 1.0, ""feasible_t"": 34.046052631578945, ""gross_delivery_t"": 34.046052631578945, ""order_month"": ""2040-06"", ""planned_arrival_month"": ""2040-10"", ""requested_t"": 34.046052631578945, ""shipment_id"": ""S0057"", ""source_id"": ""B"", ""source_name"": ""Earth-Flex"", ""unfulfilled_request_t"": 0.0}]","{""A"": 25.53453947368421}","{""A"": 25.53453947368421}",25.53453947368421,0.3064144736842105,25.228125,25.228125,0.0,65.719937214612,23.958333333333332,13.41666666666666,0.0,0.0,28.344937214612013,ZBO,120.0,0.012,"[""ZBO"", ""EARTH_NEW""]",2.065102482876721,1.0,[]
2040-07,28.344937214612013,37.37499999999999,23.958333333333332,"{""A"": 0, ""B"": 99.0000000001, ""C"": 130.0, ""D"": 0, ""E"": 23.947368421152575}","{""B"": 34.046052631578945}","[{""actual_arrival_month"": ""2040-08"", ""actual_delivery_share"": 1.0, ""availability_share"": 1.0, ""feasible_t"": 25.53453947368421, ""gross_delivery_t"": 25.53453947368421, ""order_month"": ""2039-08"", ""planned_arrival_month"": ""2040-08"", ""requested_t"": 25.53453947368421, ""shipment_id"": ""S0044"", ""source_id"": ""A"", ""source_name"": ""Earth-Core"", ""unfulfilled_request_t"": 0.0}, {""actual_arrival_month"": ""2040-09"", ""actual_delivery_share"": 1.0, ""availability_share"": 1.0, ""feasible_t"": 11.723684210526342, ""gross_delivery_t"": 11.723684210526342, ""order_month"": ""2039-09"", ""planned_arrival_month"": ""2040-09"", ""requested_t"": 11.723684210526342, ""shipment_id"": ""S0045"", ""source_id"": ""A"", ""source_name"": ""Earth-Core"", ""unfulfilled_request_t"": 0.0}, {""actual_arrival_month"": ""2040-09"", ""actual_delivery_share"": 1.0, ""availability_share"": 1.0, ""feasible_t"": 18.414473684210485, ""gross_delivery_t"": 18.414473684210485, ""order_month"": ""2040-05"", ""planned_arrival_month"": ""2040-09"", ""requested_t"": 18.414473684210485, ""shipment_id"": ""S0056"", ""source_id"": ""B"", ""source_name"": ""Earth-Flex"", ""unfulfilled_request_t"": 0.0}, {""actual_arrival_month"": ""2040-10"", ""actual_delivery_share"": 1.0, ""availability_share"": 1.0, ""feasible_t"": 34.046052631578945, ""gross_delivery_t"": 34.046052631578945, ""order_month"": ""2040-06"", ""planned_arrival_month"": ""2040-10"", ""requested_t"": 34.046052631578945, ""shipment_id"": ""S0057"", ""source_id"": ""B"", ""source_name"": ""Earth-Flex"", ""unfulfilled_request_t"": 0.0}, {""actual_arrival_month"": ""2040-11"", ""actual_delivery_share"": 1.0, ""availability_share"": 1.0, ""feasible_t"": 34.046052631578945, ""gross_delivery_t"": 34.046052631578945, ""order_month"": ""2040-07"", ""planned_arrival_month"": ""2040-11"", ""requested_t"": 34.046052631578945, ""shipment_id"": ""S0058"", ""source_id"": ""B"", ""source_name"": ""Earth-Flex"", ""unfulfilled_request_t"": 0.0}]","{""A"": 25.53453947368421}","{""A"": 25.53453947368421}",25.53453947368421,0.3064144736842105,25.228125,25.228125,0.0,53.57306221461201,23.958333333333332,13.41666666666666,0.0,0.0,16.198062214612015,ZBO,120.0,0.012,"[""ZBO"", ""EARTH_NEW""]",1.3362899828767205,1.0,[]
2040-08,16.198062214612015,37.37499999999999,23.958333333333332,"{""A"": 0, ""B"": 99.0000000001, ""C"": 130.0, ""D"": 0, ""E"": 23.947368421152575}","{""B"": 12.493421052631621}","[{""actual_arrival_month"": ""2040-09"", ""actual_delivery_share"": 1.0, ""availability_share"": 1.0, ""feasible_t"": 11.723684210526342, ""gross_delivery_t"": 11.723684210526342, ""order_month"": ""2039-09"", ""planned_arrival_month"": ""2040-09"", ""requested_t"": 11.723684210526342, ""shipment_id"": ""S0045"", ""source_id"": ""A"", ""source_name"": ""Earth-Core"", ""unfulfilled_request_t"": 0.0}, {""actual_arrival_month"": ""2040-09"", ""actual_delivery_share"": 1.0, ""availability_share"": 1.0, ""feasible_t"": 18.414473684210485, ""gross_delivery_t"": 18.414473684210485, ""order_month"": ""2040-05"", ""planned_arrival_month"": ""2040-09"", ""requested_t"": 18.414473684210485, ""shipment_id"": ""S0056"", ""source_id"": ""B"", ""source_name"": ""Earth-Flex"", ""unfulfilled_request_t"": 0.0}, {""actual_arrival_month"": ""2040-10"", ""actual_delivery_share"": 1.0, ""availability_share"": 1.0, ""feasible_t"": 34.046052631578945, ""gross_delivery_t"": 34.046052631578945, ""order_month"": ""2040-06"", ""planned_arrival_month"": ""2040-10"", ""requested_t"": 34.046052631578945, ""shipment_id"": ""S0057"", ""source_id"": ""B"", ""source_name"": ""Earth-Flex"", ""unfulfilled_request_t"": 0.0}, {""actual_arrival_month"": ""2040-11"", ""actual_delivery_share"": 1.0, ""availability_share"": 1.0, ""feasible_t"": 34.046052631578945, ""gross_delivery_t"": 34.046052631578945, ""order_month"": ""2040-07"", ""planned_arrival_month"": ""2040-11"", ""requested_t"": 34.046052631578945, ""shipment_id"": ""S0058"", ""source_id"": ""B"", ""source_name"": ""Earth-Flex"", ""unfulfilled_request_t"": 0.0}, {""actual_arrival_month"": ""2040-12"", ""actual_delivery_share"": 1.0, ""availability_share"": 1.0, ""feasible_t"": 12.493421052631621, ""gross_delivery_t"": 12.493421052631621, ""order_month"": ""2040-08"", ""planned_arrival_month"": ""2040-12"", ""requested_t"": 12.493421052631621, ""shipment_id"": ""S0059"", ""source_id"": ""B"", ""source_name"": ""Earth-Flex"", ""unfulfilled_request_t"": 0.0}]","{""A"": 25.53453947368421}","{""A"": 25.53453947368421}",25.53453947368421,0.3064144736842105,25.228125,25.228125,0.0,41.426187214612014,23.958333333333332,13.41666666666666,0.0,0.0,4.051187214612021,ZBO,120.0,0.012,"[""ZBO"", ""EARTH_NEW""]",0.6074774828767211,1.0,[]
2040-09,4.051187214612021,37.37499999999999,23.958333333333332,"{""A"": 0, ""B"": 99.0000000001, ""C"": 130.0, ""D"": 0, ""E"": 23.947368421152575}",{},"[{""actual_arrival_month"": ""2040-10"", ""actual_delivery_share"": 1.0, ""availability_share"": 1.0, ""feasible_t"": 34.046052631578945, ""gross_delivery_t"": 34.046052631578945, ""order_month"": ""2040-06"", ""planned_arrival_month"": ""2040-10"", ""requested_t"": 34.046052631578945, ""shipment_id"": ""S0057"", ""source_id"": ""B"", ""source_name"": ""Earth-Flex"", ""unfulfilled_request_t"": 0.0}, {""actual_arrival_month"": ""2040-11"", ""actual_delivery_share"": 1.0, ""availability_share"": 1.0, ""feasible_t"": 34.046052631578945, ""gross_delivery_t"": 34.046052631578945, ""order_month"": ""2040-07"", ""planned_arrival_month"": ""2040-11"", ""requested_t"": 34.046052631578945, ""shipment_id"": ""S0058"", ""source_id"": ""B"", ""source_name"": ""Earth-Flex"", ""unfulfilled_request_t"": 0.0}, {""actual_arrival_month"": ""2040-12"", ""actual_delivery_share"": 1.0, ""availability_share"": 1.0, ""feasible_t"": 12.493421052631621, ""gross_delivery_t"": 12.493421052631621, ""order_month"": ""2040-08"", ""planned_arrival_month"": ""2040-12"", ""requested_t"": 12.493421052631621, ""shipment_id"": ""S0059"", ""source_id"": ""B"", ""source_name"": ""Earth-Flex"", ""unfulfilled_request_t"": 0.0}]","{""A"": 11.723684210526342, ""B"": 18.414473684210485}","{""A"": 11.723684210526342, ""B"": 18.414473684210485}",30.13815789473683,0.36165789473684196,29.776499999999988,29.776499999999988,0.0,33.82768721461201,23.958333333333332,9.86935388127868,0.0,3.5473127853879802,0.0,ZBO,120.0,0.012,"[""ZBO"", ""EARTH_NEW""]",0.12153561643836064,1.0,[]
2040-10,0.0,37.37499999999999,23.958333333333332,"{""A"": 0, ""B"": 99.0000000001, ""C"": 130.0, ""D"": 0, ""E"": 23.947368421152575}","{""E"": 23.947368421052577}","[{""actual_arrival_month"": ""2040-11"", ""actual_delivery_share"": 1.0, ""availability_share"": 1.0, ""feasible_t"": 34.046052631578945, ""gross_delivery_t"": 34.046052631578945, ""order_month"": ""2040-07"", ""planned_arrival_month"": ""2040-11"", ""requested_t"": 34.046052631578945, ""shipment_id"": ""S0058"", ""source_id"": ""B"", ""source_name"": ""Earth-Flex"", ""unfulfilled_request_t"": 0.0}, {""actual_arrival_month"": ""2040-12"", ""actual_delivery_share"": 1.0, ""availability_share"": 1.0, ""feasible_t"": 12.493421052631621, ""gross_delivery_t"": 12.493421052631621, ""order_month"": ""2040-08"", ""planned_arrival_month"": ""2040-12"", ""requested_t"": 12.493421052631621, ""shipment_id"": ""S0059"", ""source_id"": ""B"", ""source_name"": ""Earth-Flex"", ""unfulfilled_request_t"": 0.0}, {""actual_arrival_month"": ""2040-12"", ""actual_delivery_share"": 1.0, ""availability_share"": 1.0, ""feasible_t"": 23.947368421052577, ""gross_delivery_t"": 23.947368421052577, ""order_month"": ""2040-10"", ""planned_arrival_month"": ""2040-12"", ""requested_t"": 23.947368421052577, ""shipment_id"": ""S0077"", ""source_id"": ""E"", ""source_name"": ""Emergency"", ""unfulfilled_request_t"": 0.0}]","{""B"": 34.046052631578945}","{""B"": 34.046052631578945}",34.046052631578945,0.40855263157894733,33.637499999999996,33.637499999999996,0.0,33.637499999999996,23.958333333333332,9.679166666666664,0.0,3.737499999999997,0.0,ZBO,120.0,0.012,"[""ZBO"", ""EARTH_NEW""]",0.0,1.0,[]
2040-11,0.0,37.37499999999999,23.958333333333332,"{""A"": 0, ""B"": 99.0000000001, ""C"": 130.0, ""D"": 0, ""E"": 23.947368421152575}",{},"[{""actual_arrival_month"": ""2040-12"", ""actual_delivery_share"": 1.0, ""availability_share"": 1.0, ""feasible_t"": 12.493421052631621, ""gross_delivery_t"": 12.493421052631621, ""order_month"": ""2040-08"", ""planned_arrival_month"": ""2040-12"", ""requested_t"": 12.493421052631621, ""shipment_id"": ""S0059"", ""source_id"": ""B"", ""source_name"": ""Earth-Flex"", ""unfulfilled_request_t"": 0.0}, {""actual_arrival_month"": ""2040-12"", ""actual_delivery_share"": 1.0, ""availability_share"": 1.0, ""feasible_t"": 23.947368421052577, ""gross_delivery_t"": 23.947368421052577, ""order_month"": ""2040-10"", ""planned_arrival_month"": ""2040-12"", ""requested_t"": 23.947368421052577, ""shipment_id"": ""S0077"", ""source_id"": ""E"", ""source_name"": ""Emergency"", ""unfulfilled_request_t"": 0.0}]","{""B"": 34.046052631578945}","{""B"": 34.046052631578945}",34.046052631578945,0.40855263157894733,33.637499999999996,33.637499999999996,0.0,33.637499999999996,23.958333333333332,9.679166666666664,0.0,3.737499999999997,0.0,ZBO,120.0,0.012,"[""ZBO"", ""EARTH_NEW""]",0.0,1.0,[]
2040-12,0.0,37.37499999999999,23.958333333333332,"{""A"": 0, ""B"": 99.0000000001, ""C"": 130.0, ""D"": 0, ""E"": 23.947368421152575}",{},[],"{""B"": 12.493421052631621, ""E"": 23.947368421052577}","{""B"": 12.493421052631621, ""E"": 23.947368421052577}",36.4407894736842,0.4372894736842104,36.00349999999999,36.00349999999999,0.0,36.00349999999999,23.958333333333332,12.045166666666656,0.0,1.3715000000000046,0.0,ZBO,120.0,0.012,"[""ZBO"", ""EARTH_NEW""]",0.0,1.0,[]
