month,opening_inventory_t,demand_total_t,demand_critical_t,reserved_by_source,ordered_by_source,pipeline,planned_arrival_by_source,actual_delivered_by_source,gross_throughput_t,delivered_for_balance_t,losses_t,net_accepted_t,overflow_t,served_critical_t,served_noncritical_t,shortage_critical_t,shortage_noncritical_t,closing_inventory_t,active_storage_id,active_storage_capacity_t,active_loss_rate,active_investments,holding_cost_mln,fixed_opex_mln,violations
2035-01,60.0,8.333333333333334,6.666666666666667,"{""A"": 120.0, ""B"": 90.0, ""C"": 0, ""D"": 0, ""E"": 0}","{""A"": 10.0, ""B"": 7.5}","[{""actual_arrival_month"": ""2036-01"", ""actual_delivered_t"": 10.0, ""actual_delivery_share"": 1.0, ""eligible_t"": 10.0, ""order_month"": ""2035-01"", ""ordered_t"": 10.0, ""planned_arrival_month"": ""2036-01"", ""rejected_t"": 0.0, ""shipment_id"": ""S0001"", ""source_id"": ""A"", ""source_name"": ""Earth-Core""}, {""actual_arrival_month"": ""2035-05"", ""actual_delivered_t"": 7.5, ""actual_delivery_share"": 1.0, ""eligible_t"": 7.5, ""order_month"": ""2035-01"", ""ordered_t"": 7.5, ""planned_arrival_month"": ""2035-05"", ""rejected_t"": 0.0, ""shipment_id"": ""S0061"", ""source_id"": ""B"", ""source_name"": ""Earth-Flex""}]",{},{},0,0.0,0.0,0.0,0.0,6.666666666666667,1.666666666666667,0.0,0.0,51.66666666666667,BASE,70.0,0.045,[],3.35,0.0,[]
2035-02,51.66666666666667,8.333333333333334,6.666666666666667,"{""A"": 120.0, ""B"": 90.0, ""C"": 0, ""D"": 0, ""E"": 0}","{""A"": 10.0, ""B"": 7.5}","[{""actual_arrival_month"": ""2036-01"", ""actual_delivered_t"": 10.0, ""actual_delivery_share"": 1.0, ""eligible_t"": 10.0, ""order_month"": ""2035-01"", ""ordered_t"": 10.0, ""planned_arrival_month"": ""2036-01"", ""rejected_t"": 0.0, ""shipment_id"": ""S0001"", ""source_id"": ""A"", ""source_name"": ""Earth-Core""}, {""actual_arrival_month"": ""2036-02"", ""actual_delivered_t"": 10.0, ""actual_delivery_share"": 1.0, ""eligible_t"": 10.0, ""order_month"": ""2035-02"", ""ordered_t"": 10.0, ""planned_arrival_month"": ""2036-02"", ""rejected_t"": 0.0, ""shipment_id"": ""S0002"", ""source_id"": ""A"", ""source_name"": ""Earth-Core""}, {""actual_arrival_month"": ""2035-05"", ""actual_delivered_t"": 7.5, ""actual_delivery_share"": 1.0, ""eligible_t"": 7.5, ""order_month"": ""2035-01"", ""ordered_t"": 7.5, ""planned_arrival_month"": ""2035-05"", ""rejected_t"": 0.0, ""shipment_id"": ""S0061"", ""source_id"": ""B"", ""source_name"": ""Earth-Flex""}, {""actual_arrival_month"": ""2035-06"", ""actual_delivered_t"": 7.5, ""actual_delivery_share"": 1.0, ""eligible_t"": 7.5, ""order_month"": ""2035-02"", ""ordered_t"": 7.5, ""planned_arrival_month"": ""2035-06"", ""rejected_t"": 0.0, ""shipment_id"": ""S0062"", ""source_id"": ""B"", ""source_name"": ""Earth-Flex""}]",{},{},0,0.0,0.0,0.0,0.0,6.666666666666667,1.666666666666667,0.0,0.0,43.33333333333334,BASE,70.0,0.045,[],2.85,0.0,[]
2035-03,43.33333333333334,8.333333333333334,6.666666666666667,"{""A"": 120.0, ""B"": 90.0, ""C"": 0, ""D"": 0, ""E"": 0}","{""A"": 10.0, ""B"": 7.5}","[{""actual_arrival_month"": ""2036-01"", ""actual_delivered_t"": 10.0, ""actual_delivery_share"": 1.0, ""eligible_t"": 10.0, ""order_month"": ""2035-01"", ""ordered_t"": 10.0, ""planned_arrival_month"": ""2036-01"", ""rejected_t"": 0.0, ""shipment_id"": ""S0001"", ""source_id"": ""A"", ""source_name"": ""Earth-Core""}, {""actual_arrival_month"": ""2036-02"", ""actual_delivered_t"": 10.0, ""actual_delivery_share"": 1.0, ""eligible_t"": 10.0, ""order_month"": ""2035-02"", ""ordered_t"": 10.0, ""planned_arrival_month"": ""2036-02"", ""rejected_t"": 0.0, ""shipment_id"": ""S0002"", ""source_id"": ""A"", ""source_name"": ""Earth-Core""}, {""actual_arrival_month"": ""2036-03"", ""actual_delivered_t"": 10.0, ""actual_delivery_share"": 1.0, ""eligible_t"": 10.0, ""order_month"": ""2035-03"", ""ordered_t"": 10.0, ""planned_arrival_month"": ""2036-03"", ""rejected_t"": 0.0, ""shipment_id"": ""S0003"", ""source_id"": ""A"", ""source_name"": ""Earth-Core""}, {""actual_arrival_month"": ""2035-05"", ""actual_delivered_t"": 7.5, ""actual_delivery_share"": 1.0, ""eligible_t"": 7.5, ""order_month"": ""2035-01"", ""ordered_t"": 7.5, ""planned_arrival_month"": ""2035-05"", ""rejected_t"": 0.0, ""shipment_id"": ""S0061"", ""source_id"": ""B"", ""source_name"": ""Earth-Flex""}, {""actual_arrival_month"": ""2035-06"", ""actual_delivered_t"": 7.5, ""actual_delivery_share"": 1.0, ""eligible_t"": 7.5, ""order_month"": ""2035-02"", ""ordered_t"": 7.5, ""planned_arrival_month"": ""2035-06"", ""rejected_t"": 0.0, ""shipment_id"": ""S0062"", ""source_id"": ""B"", ""source_name"": ""Earth-Flex""}, {""actual_arrival_month"": ""2035-07"", ""actual_delivered_t"": 7.5, ""actual_delivery_share"": 1.0, ""eligible_t"": 7.5, ""order_month"": ""2035-03"", ""ordered_t"": 7.5, ""planned_arrival_month"": ""2035-07"", ""rejected_t"": 0.0, ""shipment_id"": ""S0063"", ""source_id"": ""B"", ""source_name"": ""Earth-Flex""}]",{},{},0,0.0,0.0,0.0,0.0,6.666666666666667,1.666666666666667,0.0,0.0,35.000000000000014,BASE,70.0,0.045,[],2.3500000000000005,0.0,[]
2035-04,35.000000000000014,8.333333333333334,6.666666666666667,"{""A"": 120.0, ""B"": 90.0, ""C"": 0, ""D"": 0, ""E"": 0}","{""A"": 10.0, ""B"": 7.5}","[{""actual_arrival_month"": ""2036-01"", ""actual_delivered_t"": 10.0, ""actual_delivery_share"": 1.0, ""eligible_t"": 10.0, ""order_month"": ""2035-01"", ""ordered_t"": 10.0, ""planned_arrival_month"": ""2036-01"", ""rejected_t"": 0.0, ""shipment_id"": ""S0001"", ""source_id"": ""A"", ""source_name"": ""Earth-Core""}, {""actual_arrival_month"": ""2036-02"", ""actual_delivered_t"": 10.0, ""actual_delivery_share"": 1.0, ""eligible_t"": 10.0, ""order_month"": ""2035-02"", ""ordered_t"": 10.0, ""planned_arrival_month"": ""2036-02"", ""rejected_t"": 0.0, ""shipment_id"": ""S0002"", ""source_id"": ""A"", ""source_name"": ""Earth-Core""}, {""actual_arrival_month"": ""2036-03"", ""actual_delivered_t"": 10.0, ""actual_delivery_share"": 1.0, ""eligible_t"": 10.0, ""order_month"": ""2035-03"", ""ordered_t"": 10.0, ""planned_arrival_month"": ""2036-03"", ""rejected_t"": 0.0, ""shipment_id"": ""S0003"", ""source_id"": ""A"", ""source_name"": ""Earth-Core""}, {""actual_arrival_month"": ""2036-04"", ""actual_delivered_t"": 10.0, ""actual_delivery_share"": 1.0, ""eligible_t"": 10.0, ""order_month"": ""2035-04"", ""ordered_t"": 10.0, ""planned_arrival_month"": ""2036-04"", ""rejected_t"": 0.0, ""shipment_id"": ""S0004"", ""source_id"": ""A"", ""source_name"": ""Earth-Core""}, {""actual_arrival_month"": ""2035-05"", ""actual_delivered_t"": 7.5, ""actual_delivery_share"": 1.0, ""eligible_t"": 7.5, ""order_month"": ""2035-01"", ""ordered_t"": 7.5, ""planned_arrival_month"": ""2035-05"", ""rejected_t"": 0.0, ""shipment_id"": ""S0061"", ""source_id"": ""B"", ""source_name"": ""Earth-Flex""}, {""actual_arrival_month"": ""2035-06"", ""actual_delivered_t"": 7.5, ""actual_delivery_share"": 1.0, ""eligible_t"": 7.5, ""order_month"": ""2035-02"", ""ordered_t"": 7.5, ""planned_arrival_month"": ""2035-06"", ""rejected_t"": 0.0, ""shipment_id"": ""S0062"", ""source_id"": ""B"", ""source_name"": ""Earth-Flex""}, {""actual_arrival_month"": ""2035-07"", ""actual_delivered_t"": 7.5, ""actual_delivery_share"": 1.0, ""eligible_t"": 7.5, ""order_month"": ""2035-03"", ""ordered_t"": 7.5, ""planned_arrival_month"": ""2035-07"", ""rejected_t"": 0.0, ""shipment_id"": ""S0063"", ""source_id"": ""B"", ""source_name"": ""Earth-Flex""}, {""actual_arrival_month"": ""2035-08"", ""actual_delivered_t"": 7.5, ""actual_delivery_share"": 1.0, ""eligible_t"": 7.5, ""order_month"": ""2035-04"", ""ordered_t"": 7.5, ""planned_arrival_month"": ""2035-08"", ""rejected_t"": 0.0, ""shipment_id"": ""S0064"", ""source_id"": ""B"", ""source_name"": ""Earth-Flex""}]",{},{},0,0.0,0.0,0.0,0.0,6.666666666666667,1.666666666666667,0.0,0.0,26.66666666666668,BASE,70.0,0.045,[],1.8500000000000008,0.0,[]
2035-05,26.66666666666668,8.333333333333334,6.666666666666667,"{""A"": 120.0, ""B"": 90.0, ""C"": 0, ""D"": 0, ""E"": 0}","{""A"": 10.0, ""B"": 7.5}","[{""actual_arrival_month"": ""2036-01"", ""actual_delivered_t"": 10.0, ""actual_delivery_share"": 1.0, ""eligible_t"": 10.0, ""order_month"": ""2035-01"", ""ordered_t"": 10.0, ""planned_arrival_month"": ""2036-01"", ""rejected_t"": 0.0, ""shipment_id"": ""S0001"", ""source_id"": ""A"", ""source_name"": ""Earth-Core""}, {""actual_arrival_month"": ""2036-02"", ""actual_delivered_t"": 10.0, ""actual_delivery_share"": 1.0, ""eligible_t"": 10.0, ""order_month"": ""2035-02"", ""ordered_t"": 10.0, ""planned_arrival_month"": ""2036-02"", ""rejected_t"": 0.0, ""shipment_id"": ""S0002"", ""source_id"": ""A"", ""source_name"": ""Earth-Core""}, {""actual_arrival_month"": ""2036-03"", ""actual_delivered_t"": 10.0, ""actual_delivery_share"": 1.0, ""eligible_t"": 10.0, ""order_month"": ""2035-03"", ""ordered_t"": 10.0, ""planned_arrival_month"": ""2036-03"", ""rejected_t"": 0.0, ""shipment_id"": ""S0003"", ""source_id"": ""A"", ""source_name"": ""Earth-Core""}, {""actual_arrival_month"": ""2036-04"", ""actual_delivered_t"": 10.0, ""actual_delivery_share"": 1.0, ""eligible_t"": 10.0, ""order_month"": ""2035-04"", ""ordered_t"": 10.0, ""planned_arrival_month"": ""2036-04"", ""rejected_t"": 0.0, ""shipment_id"": ""S0004"", ""source_id"": ""A"", ""source_name"": ""Earth-Core""}, {""actual_arrival_month"": ""2036-05"", ""actual_delivered_t"": 10.0, ""actual_delivery_share"": 1.0, ""eligible_t"": 10.0, ""order_month"": ""2035-05"", ""ordered_t"": 10.0, ""planned_arrival_month"": ""2036-05"", ""rejected_t"": 0.0, ""shipment_id"": ""S0005"", ""source_id"": ""A"", ""source_name"": ""Earth-Core""}, {""actual_arrival_month"": ""2035-06"", ""actual_delivered_t"": 7.5, ""actual_delivery_share"": 1.0, ""eligible_t"": 7.5, ""order_month"": ""2035-02"", ""ordered_t"": 7.5, ""planned_arrival_month"": ""2035-06"", ""rejected_t"": 0.0, ""shipment_id"": ""S0062"", ""source_id"": ""B"", ""source_name"": ""Earth-Flex""}, {""actual_arrival_month"": ""2035-07"", ""actual_delivered_t"": 7.5, ""actual_delivery_share"": 1.0, ""eligible_t"": 7.5, ""order_month"": ""2035-03"", ""ordered_t"": 7.5, ""planned_arrival_month"": ""2035-07"", ""rejected_t"": 0.0, ""shipment_id"": ""S0063"", ""source_id"": ""B"", ""source_name"": ""Earth-Flex""}, {""actual_arrival_month"": ""2035-08"", ""actual_delivered_t"": 7.5, ""actual_delivery_share"": 1.0, ""eligible_t"": 7.5, ""order_month"": ""2035-04"", ""ordered_t"": 7.5, ""planned_arrival_month"": ""2035-08"", ""rejected_t"": 0.0, ""shipment_id"": ""S0064"", ""source_id"": ""B"", ""source_name"": ""Earth-Flex""}, {""actual_arrival_month"": ""2035-09"", ""actual_delivered_t"": 7.5, ""actual_delivery_share"": 1.0, ""eligible_t"": 7.5, ""order_month"": ""2035-05"", ""ordered_t"": 7.5, ""planned_arrival_month"": ""2035-09"", ""rejected_t"": 0.0, ""shipment_id"": ""S0065"", ""source_id"": ""B"", ""source_name"": ""Earth-Flex""}]","{""B"": 7.5}","{""B"": 7.5}",7.5,7.5,0.33749999999999997,7.1625,0.0,6.666666666666667,1.666666666666667,0.0,0.0,25.495833333333344,BASE,70.0,0.045,[],1.5648750000000007,0.0,[]
2035-06,25.495833333333344,8.333333333333334,6.666666666666667,"{""A"": 120.0, ""B"": 90.0, ""C"": 0, ""D"": 0, ""E"": 0}","{""A"": 10.0, ""B"": 7.5}","[{""actual_arrival_month"": ""2036-01"", ""actual_delivered_t"": 10.0, ""actual_delivery_share"": 1.0, ""eligible_t"": 10.0, ""order_month"": ""2035-01"", ""ordered_t"": 10.0, ""planned_arrival_month"": ""2036-01"", ""rejected_t"": 0.0, ""shipment_id"": ""S0001"", ""source_id"": ""A"", ""source_name"": ""Earth-Core""}, {""actual_arrival_month"": ""2036-02"", ""actual_delivered_t"": 10.0, ""actual_delivery_share"": 1.0, ""eligible_t"": 10.0, ""order_month"": ""2035-02"", ""ordered_t"": 10.0, ""planned_arrival_month"": ""2036-02"", ""rejected_t"": 0.0, ""shipment_id"": ""S0002"", ""source_id"": ""A"", ""source_name"": ""Earth-Core""}, {""actual_arrival_month"": ""2036-03"", ""actual_delivered_t"": 10.0, ""actual_delivery_share"": 1.0, ""eligible_t"": 10.0, ""order_month"": ""2035-03"", ""ordered_t"": 10.0, ""planned_arrival_month"": ""2036-03"", ""rejected_t"": 0.0, ""shipment_id"": ""S0003"", ""source_id"": ""A"", ""source_name"": ""Earth-Core""}, {""actual_arrival_month"": ""2036-04"", ""actual_delivered_t"": 10.0, ""actual_delivery_share"": 1.0, ""eligible_t"": 10.0, ""order_month"": ""2035-04"", ""ordered_t"": 10.0, ""planned_arrival_month"": ""2036-04"", ""rejected_t"": 0.0, ""shipment_id"": ""S0004"", ""source_id"": ""A"", ""source_name"": ""Earth-Core""}, {""actual_arrival_month"": ""2036-05"", ""actual_delivered_t"": 10.0, ""actual_delivery_share"": 1.0, ""eligible_t"": 10.0, ""order_month"": ""2035-05"", ""ordered_t"": 10.0, ""planned_arrival_month"": ""2036-05"", ""rejected_t"": 0.0, ""shipment_id"": ""S0005"", ""source_id"": ""A"", ""source_name"": ""Earth-Core""}, {""actual_arrival_month"": ""2036-06"", ""actual_delivered_t"": 10.0, ""actual_delivery_share"": 1.0, ""eligible_t"": 10.0, ""order_month"": ""2035-06"", ""ordered_t"": 10.0, ""planned_arrival_month"": ""2036-06"", ""rejected_t"": 0.0, ""shipment_id"": ""S0006"", ""source_id"": ""A"", ""source_name"": ""Earth-Core""}, {""actual_arrival_month"": ""2035-07"", ""actual_delivered_t"": 7.5, ""actual_delivery_share"": 1.0, ""eligible_t"": 7.5, ""order_month"": ""2035-03"", ""ordered_t"": 7.5, ""planned_arrival_month"": ""2035-07"", ""rejected_t"": 0.0, ""shipment_id"": ""S0063"", ""source_id"": ""B"", ""source_name"": ""Earth-Flex""}, {""actual_arrival_month"": ""2035-08"", ""actual_delivered_t"": 7.5, ""actual_delivery_share"": 1.0, ""eligible_t"": 7.5, ""order_month"": ""2035-04"", ""ordered_t"": 7.5, ""planned_arrival_month"": ""2035-08"", ""rejected_t"": 0.0, ""shipment_id"": ""S0064"", ""source_id"": ""B"", ""source_name"": ""Earth-Flex""}, {""actual_arrival_month"": ""2035-09"", ""actual_delivered_t"": 7.5, ""actual_delivery_share"": 1.0, ""eligible_t"": 7.5, ""order_month"": ""2035-05"", ""ordered_t"": 7.5, ""planned_arrival_month"": ""2035-09"", ""rejected_t"": 0.0, ""shipment_id"": ""S0065"", ""source_id"": ""B"", ""source_name"": ""Earth-Flex""}, {""actual_arrival_month"": ""2035-10"", ""actual_delivered_t"": 7.5, ""actual_delivery_share"": 1.0, ""eligible_t"": 7.5, ""order_month"": ""2035-06"", ""ordered_t"": 7.5, ""planned_arrival_month"": ""2035-10"", ""rejected_t"": 0.0, ""shipment_id"": ""S0066"", ""source_id"": ""B"", ""source_name"": ""Earth-Flex""}]","{""B"": 7.5}","{""B"": 7.5}",7.5,7.5,0.33749999999999997,7.1625,0.0,6.666666666666667,1.666666666666667,0.0,0.0,24.32500000000001,BASE,70.0,0.045,[],1.4946250000000008,0.0,[]
2035-07,24.32500000000001,8.333333333333334,6.666666666666667,"{""A"": 120.0, ""B"": 90.0, ""C"": 0, ""D"": 0, ""E"": 0}","{""A"": 10.0, ""B"": 7.5}","[{""actual_arrival_month"": ""2036-01"", ""actual_delivered_t"": 10.0, ""actual_delivery_share"": 1.0, ""eligible_t"": 10.0, ""order_month"": ""2035-01"", ""ordered_t"": 10.0, ""planned_arrival_month"": ""2036-01"", ""rejected_t"": 0.0, ""shipment_id"": ""S0001"", ""source_id"": ""A"", ""source_name"": ""Earth-Core""}, {""actual_arrival_month"": ""2036-02"", ""actual_delivered_t"": 10.0, ""actual_delivery_share"": 1.0, ""eligible_t"": 10.0, ""order_month"": ""2035-02"", ""ordered_t"": 10.0, ""planned_arrival_month"": ""2036-02"", ""rejected_t"": 0.0, ""shipment_id"": ""S0002"", ""source_id"": ""A"", ""source_name"": ""Earth-Core""}, {""actual_arrival_month"": ""2036-03"", ""actual_delivered_t"": 10.0, ""actual_delivery_share"": 1.0, ""eligible_t"": 10.0, ""order_month"": ""2035-03"", ""ordered_t"": 10.0, ""planned_arrival_month"": ""2036-03"", ""rejected_t"": 0.0, ""shipment_id"": ""S0003"", ""source_id"": ""A"", ""source_name"": ""Earth-Core""}, {""actual_arrival_month"": ""2036-04"", ""actual_delivered_t"": 10.0, ""actual_delivery_share"": 1.0, ""eligible_t"": 10.0, ""order_month"": ""2035-04"", ""ordered_t"": 10.0, ""planned_arrival_month"": ""2036-04"", ""rejected_t"": 0.0, ""shipment_id"": ""S0004"", ""source_id"": ""A"", ""source_name"": ""Earth-Core""}, {""actual_arrival_month"": ""2036-05"", ""actual_delivered_t"": 10.0, ""actual_delivery_share"": 1.0, ""eligible_t"": 10.0, ""order_month"": ""2035-05"", ""ordered_t"": 10.0, ""planned_arrival_month"": ""2036-05"", ""rejected_t"": 0.0, ""shipment_id"": ""S0005"", ""source_id"": ""A"", ""source_name"": ""Earth-Core""}, {""actual_arrival_month"": ""2036-06"", ""actual_delivered_t"": 10.0, ""actual_delivery_share"": 1.0, ""eligible_t"": 10.0, ""order_month"": ""2035-06"", ""ordered_t"": 10.0, ""planned_arrival_month"": ""2036-06"", ""rejected_t"": 0.0, ""shipment_id"": ""S0006"", ""source_id"": ""A"", ""source_name"": ""Earth-Core""}, {""actual_arrival_month"": ""2036-07"", ""actual_delivered_t"": 10.0, ""actual_delivery_share"": 1.0, ""eligible_t"": 10.0, ""order_month"": ""2035-07"", ""ordered_t"": 10.0, ""planned_arrival_month"": ""2036-07"", ""rejected_t"": 0.0, ""shipment_id"": ""S0007"", ""source_id"": ""A"", ""source_name"": ""Earth-Core""}, {""actual_arrival_month"": ""2035-08"", ""actual_delivered_t"": 7.5, ""actual_delivery_share"": 1.0, ""eligible_t"": 7.5, ""order_month"": ""2035-04"", ""ordered_t"": 7.5, ""planned_arrival_month"": ""2035-08"", ""rejected_t"": 0.0, ""shipment_id"": ""S0064"", ""source_id"": ""B"", ""source_name"": ""Earth-Flex""}, {""actual_arrival_month"": ""2035-09"", ""actual_delivered_t"": 7.5, ""actual_delivery_share"": 1.0, ""eligible_t"": 7.5, ""order_month"": ""2035-05"", ""ordered_t"": 7.5, ""planned_arrival_month"": ""2035-09"", ""rejected_t"": 0.0, ""shipment_id"": ""S0065"", ""source_id"": ""B"", ""source_name"": ""Earth-Flex""}, {""actual_arrival_month"": ""2035-10"", ""actual_delivered_t"": 7.5, ""actual_delivery_share"": 1.0, ""eligible_t"": 7.5, ""order_month"": ""2035-06"", ""ordered_t"": 7.5, ""planned_arrival_month"": ""2035-10"", ""rejected_t"": 0.0, ""shipment_id"": ""S0066"", ""source_id"": ""B"", ""source_name"": ""Earth-Flex""}, {""actual_arrival_month"": ""2035-11"", ""actual_delivered_t"": 7.5, ""actual_delivery_share"": 1.0, ""eligible_t"": 7.5, ""order_month"": ""2035-07"", ""ordered_t"": 7.5, ""planned_arrival_month"": ""2035-11"", ""rejected_t"": 0.0, ""shipment_id"": ""S0067"", ""source_id"": ""B"", ""source_name"": ""Earth-Flex""}]","{""B"": 7.5}","{""B"": 7.5}",7.5,7.5,0.33749999999999997,7.1625,0.0,6.666666666666667,1.666666666666667,0.0,0.0,23.154166666666676,BASE,70.0,0.045,[],1.4243750000000004,0.0,[]
2035-08,23.154166666666676,8.333333333333334,6.666666666666667,"{""A"": 120.0, ""B"": 90.0, ""C"": 0, ""D"": 0, ""E"": 0}","{""A"": 10.0, ""B"": 7.5}","[{""actual_arrival_month"": ""2036-01"", ""actual_delivered_t"": 10.0, ""actual_delivery_share"": 1.0, ""eligible_t"": 10.0, ""order_month"": ""2035-01"", ""ordered_t"": 10.0, ""planned_arrival_month"": ""2036-01"", ""rejected_t"": 0.0, ""shipment_id"": ""S0001"", ""source_id"": ""A"", ""source_name"": ""Earth-Core""}, {""actual_arrival_month"": ""2036-02"", ""actual_delivered_t"": 10.0, ""actual_delivery_share"": 1.0, ""eligible_t"": 10.0, ""order_month"": ""2035-02"", ""ordered_t"": 10.0, ""planned_arrival_month"": ""2036-02"", ""rejected_t"": 0.0, ""shipment_id"": ""S0002"", ""source_id"": ""A"", ""source_name"": ""Earth-Core""}, {""actual_arrival_month"": ""2036-03"", ""actual_delivered_t"": 10.0, ""actual_delivery_share"": 1.0, ""eligible_t"": 10.0, ""order_month"": ""2035-03"", ""ordered_t"": 10.0, ""planned_arrival_month"": ""2036-03"", ""rejected_t"": 0.0, ""shipment_id"": ""S0003"", ""source_id"": ""A"", ""source_name"": ""Earth-Core""}, {""actual_arrival_month"": ""2036-04"", ""actual_delivered_t"": 10.0, ""actual_delivery_share"": 1.0, ""eligible_t"": 10.0, ""order_month"": ""2035-04"", ""ordered_t"": 10.0, ""planned_arrival_month"": ""2036-04"", ""rejected_t"": 0.0, ""shipment_id"": ""S0004"", ""source_id"": ""A"", ""source_name"": ""Earth-Core""}, {""actual_arrival_month"": ""2036-05"", ""actual_delivered_t"": 10.0, ""actual_delivery_share"": 1.0, ""eligible_t"": 10.0, ""order_month"": ""2035-05"", ""ordered_t"": 10.0, ""planned_arrival_month"": ""2036-05"", ""rejected_t"": 0.0, ""shipment_id"": ""S0005"", ""source_id"": ""A"", ""source_name"": ""Earth-Core""}, {""actual_arrival_month"": ""2036-06"", ""actual_delivered_t"": 10.0, ""actual_delivery_share"": 1.0, ""eligible_t"": 10.0, ""order_month"": ""2035-06"", ""ordered_t"": 10.0, ""planned_arrival_month"": ""2036-06"", ""rejected_t"": 0.0, ""shipment_id"": ""S0006"", ""source_id"": ""A"", ""source_name"": ""Earth-Core""}, {""actual_arrival_month"": ""2036-07"", ""actual_delivered_t"": 10.0, ""actual_delivery_share"": 1.0, ""eligible_t"": 10.0, ""order_month"": ""2035-07"", ""ordered_t"": 10.0, ""planned_arrival_month"": ""2036-07"", ""rejected_t"": 0.0, ""shipment_id"": ""S0007"", ""source_id"": ""A"", ""source_name"": ""Earth-Core""}, {""actual_arrival_month"": ""2036-08"", ""actual_delivered_t"": 10.0, ""actual_delivery_share"": 1.0, ""eligible_t"": 10.0, ""order_month"": ""2035-08"", ""ordered_t"": 10.0, ""planned_arrival_month"": ""2036-08"", ""rejected_t"": 0.0, ""shipment_id"": ""S0008"", ""source_id"": ""A"", ""source_name"": ""Earth-Core""}, {""actual_arrival_month"": ""2035-09"", ""actual_delivered_t"": 7.5, ""actual_delivery_share"": 1.0, ""eligible_t"": 7.5, ""order_month"": ""2035-05"", ""ordered_t"": 7.5, ""planned_arrival_month"": ""2035-09"", ""rejected_t"": 0.0, ""shipment_id"": ""S0065"", ""source_id"": ""B"", ""source_name"": ""Earth-Flex""}, {""actual_arrival_month"": ""2035-10"", ""actual_delivered_t"": 7.5, ""actual_delivery_share"": 1.0, ""eligible_t"": 7.5, ""order_month"": ""2035-06"", ""ordered_t"": 7.5, ""planned_arrival_month"": ""2035-10"", ""rejected_t"": 0.0, ""shipment_id"": ""S0066"", ""source_id"": ""B"", ""source_name"": ""Earth-Flex""}, {""actual_arrival_month"": ""2035-11"", ""actual_delivered_t"": 7.5, ""actual_delivery_share"": 1.0, ""eligible_t"": 7.5, ""order_month"": ""2035-07"", ""ordered_t"": 7.5, ""planned_arrival_month"": ""2035-11"", ""rejected_t"": 0.0, ""shipment_id"": ""S0067"", ""source_id"": ""B"", ""source_name"": ""Earth-Flex""}, {""actual_arrival_month"": ""2035-12"", ""actual_delivered_t"": 7.5, ""actual_delivery_share"": 1.0, ""eligible_t"": 7.5, ""order_month"": ""2035-08"", ""ordered_t"": 7.5, ""planned_arrival_month"": ""2035-12"", ""rejected_t"": 0.0, ""shipment_id"": ""S0068"", ""source_id"": ""B"", ""source_name"": ""Earth-Flex""}]","{""B"": 7.5}","{""B"": 7.5}",7.5,7.5,0.33749999999999997,7.1625,0.0,6.666666666666667,1.666666666666667,0.0,0.0,21.98333333333334,BASE,70.0,0.045,[],1.3541250000000005,0.0,[]
2035-09,21.98333333333334,8.333333333333334,6.666666666666667,"{""A"": 120.0, ""B"": 90.0, ""C"": 0, ""D"": 0, ""E"": 0}","{""A"": 10.0, ""B"": 7.5}","[{""actual_arrival_month"": ""2036-01"", ""actual_delivered_t"": 10.0, ""actual_delivery_share"": 1.0, ""eligible_t"": 10.0, ""order_month"": ""2035-01"", ""ordered_t"": 10.0, ""planned_arrival_month"": ""2036-01"", ""rejected_t"": 0.0, ""shipment_id"": ""S0001"", ""source_id"": ""A"", ""source_name"": ""Earth-Core""}, {""actual_arrival_month"": ""2036-02"", ""actual_delivered_t"": 10.0, ""actual_delivery_share"": 1.0, ""eligible_t"": 10.0, ""order_month"": ""2035-02"", ""ordered_t"": 10.0, ""planned_arrival_month"": ""2036-02"", ""rejected_t"": 0.0, ""shipment_id"": ""S0002"", ""source_id"": ""A"", ""source_name"": ""Earth-Core""}, {""actual_arrival_month"": ""2036-03"", ""actual_delivered_t"": 10.0, ""actual_delivery_share"": 1.0, ""eligible_t"": 10.0, ""order_month"": ""2035-03"", ""ordered_t"": 10.0, ""planned_arrival_month"": ""2036-03"", ""rejected_t"": 0.0, ""shipment_id"": ""S0003"", ""source_id"": ""A"", ""source_name"": ""Earth-Core""}, {""actual_arrival_month"": ""2036-04"", ""actual_delivered_t"": 10.0, ""actual_delivery_share"": 1.0, ""eligible_t"": 10.0, ""order_month"": ""2035-04"", ""ordered_t"": 10.0, ""planned_arrival_month"": ""2036-04"", ""rejected_t"": 0.0, ""shipment_id"": ""S0004"", ""source_id"": ""A"", ""source_name"": ""Earth-Core""}, {""actual_arrival_month"": ""2036-05"", ""actual_delivered_t"": 10.0, ""actual_delivery_share"": 1.0, ""eligible_t"": 10.0, ""order_month"": ""2035-05"", ""ordered_t"": 10.0, ""planned_arrival_month"": ""2036-05"", ""rejected_t"": 0.0, ""shipment_id"": ""S0005"", ""source_id"": ""A"", ""source_name"": ""Earth-Core""}, {""actual_arrival_month"": ""2036-06"", ""actual_delivered_t"": 10.0, ""actual_delivery_share"": 1.0, ""eligible_t"": 10.0, ""order_month"": ""2035-06"", ""ordered_t"": 10.0, ""planned_arrival_month"": ""2036-06"", ""rejected_t"": 0.0, ""shipment_id"": ""S0006"", ""source_id"": ""A"", ""source_name"": ""Earth-Core""}, {""actual_arrival_month"": ""2036-07"", ""actual_delivered_t"": 10.0, ""actual_delivery_share"": 1.0, ""eligible_t"": 10.0, ""order_month"": ""2035-07"", ""ordered_t"": 10.0, ""planned_arrival_month"": ""2036-07"", ""rejected_t"": 0.0, ""shipment_id"": ""S0007"", ""source_id"": ""A"", ""source_name"": ""Earth-Core""}, {""actual_arrival_month"": ""2036-08"", ""actual_delivered_t"": 10.0, ""actual_delivery_share"": 1.0, ""eligible_t"": 10.0, ""order_month"": ""2035-08"", ""ordered_t"": 10.0, ""planned_arrival_month"": ""2036-08"", ""rejected_t"": 0.0, ""shipment_id"": ""S0008"", ""source_id"": ""A"", ""source_name"": ""Earth-Core""}, {""actual_arrival_month"": ""2036-09"", ""actual_delivered_t"": 10.0, ""actual_delivery_share"": 1.0, ""eligible_t"": 10.0, ""order_month"": ""2035-09"", ""ordered_t"": 10.0, ""planned_arrival_month"": ""2036-09"", ""rejected_t"": 0.0, ""shipment_id"": ""S0009"", ""source_id"": ""A"", ""source_name"": ""Earth-Core""}, {""actual_arrival_month"": ""2035-10"", ""actual_delivered_t"": 7.5, ""actual_delivery_share"": 1.0, ""eligible_t"": 7.5, ""order_month"": ""2035-06"", ""ordered_t"": 7.5, ""planned_arrival_month"": ""2035-10"", ""rejected_t"": 0.0, ""shipment_id"": ""S0066"", ""source_id"": ""B"", ""source_name"": ""Earth-Flex""}, {""actual_arrival_month"": ""2035-11"", ""actual_delivered_t"": 7.5, ""actual_delivery_share"": 1.0, ""eligible_t"": 7.5, ""order_month"": ""2035-07"", ""ordered_t"": 7.5, ""planned_arrival_month"": ""2035-11"", ""rejected_t"": 0.0, ""shipment_id"": ""S0067"", ""source_id"": ""B"", ""source_name"": ""Earth-Flex""}, {""actual_arrival_month"": ""2035-12"", ""actual_delivered_t"": 7.5, ""actual_delivery_share"": 1.0, ""eligible_t"": 7.5, ""order_month"": ""2035-08"", ""ordered_t"": 7.5, ""planned_arrival_month"": ""2035-12"", ""rejected_t"": 0.0, ""shipment_id"": ""S0068"", ""source_id"": ""B"", ""source_name"": ""Earth-Flex""}, {""actual_arrival_month"": ""2036-01"", ""actual_delivered_t"": 7.5, ""actual_delivery_share"": 1.0, ""eligible_t"": 7.5, ""order_month"": ""2035-09"", ""ordered_t"": 7.5, ""planned_arrival_month"": ""2036-01"", ""rejected_t"": 0.0, ""shipment_id"": ""S0069"", ""source_id"": ""B"", ""source_name"": ""Earth-Flex""}]","{""B"": 7.5}","{""B"": 7.5}",7.5,7.5,0.33749999999999997,7.1625,0.0,6.666666666666667,1.666666666666667,0.0,0.0,20.812500000000007,BASE,70.0,0.045,[],1.2838750000000003,0.0,[]
2035-10,20.812500000000007,8.333333333333334,6.666666666666667,"{""A"": 120.0, ""B"": 90.0, ""C"": 0, ""D"": 0, ""E"": 0}","{""A"": 10.0, ""B"": 7.5}","[{""actual_arrival_month"": ""2036-01"", ""actual_delivered_t"": 10.0, ""actual_delivery_share"": 1.0, ""eligible_t"": 10.0, ""order_month"": ""2035-01"", ""ordered_t"": 10.0, ""planned_arrival_month"": ""2036-01"", ""rejected_t"": 0.0, ""shipment_id"": ""S0001"", ""source_id"": ""A"", ""source_name"": ""Earth-Core""}, {""actual_arrival_month"": ""2036-02"", ""actual_delivered_t"": 10.0, ""actual_delivery_share"": 1.0, ""eligible_t"": 10.0, ""order_month"": ""2035-02"", ""ordered_t"": 10.0, ""planned_arrival_month"": ""2036-02"", ""rejected_t"": 0.0, ""shipment_id"": ""S0002"", ""source_id"": ""A"", ""source_name"": ""Earth-Core""}, {""actual_arrival_month"": ""2036-03"", ""actual_delivered_t"": 10.0, ""actual_delivery_share"": 1.0, ""eligible_t"": 10.0, ""order_month"": ""2035-03"", ""ordered_t"": 10.0, ""planned_arrival_month"": ""2036-03"", ""rejected_t"": 0.0, ""shipment_id"": ""S0003"", ""source_id"": ""A"", ""source_name"": ""Earth-Core""}, {""actual_arrival_month"": ""2036-04"", ""actual_delivered_t"": 10.0, ""actual_delivery_share"": 1.0, ""eligible_t"": 10.0, ""order_month"": ""2035-04"", ""ordered_t"": 10.0, ""planned_arrival_month"": ""2036-04"", ""rejected_t"": 0.0, ""shipment_id"": ""S0004"", ""source_id"": ""A"", ""source_name"": ""Earth-Core""}, {""actual_arrival_month"": ""2036-05"", ""actual_delivered_t"": 10.0, ""actual_delivery_share"": 1.0, ""eligible_t"": 10.0, ""order_month"": ""2035-05"", ""ordered_t"": 10.0, ""planned_arrival_month"": ""2036-05"", ""rejected_t"": 0.0, ""shipment_id"": ""S0005"", ""source_id"": ""A"", ""source_name"": ""Earth-Core""}, {""actual_arrival_month"": ""2036-06"", ""actual_delivered_t"": 10.0, ""actual_delivery_share"": 1.0, ""eligible_t"": 10.0, ""order_month"": ""2035-06"", ""ordered_t"": 10.0, ""planned_arrival_month"": ""2036-06"", ""rejected_t"": 0.0, ""shipment_id"": ""S0006"", ""source_id"": ""A"", ""source_name"": ""Earth-Core""}, {""actual_arrival_month"": ""2036-07"", ""actual_delivered_t"": 10.0, ""actual_delivery_share"": 1.0, ""eligible_t"": 10.0, ""order_month"": ""2035-07"", ""ordered_t"": 10.0, ""planned_arrival_month"": ""2036-07"", ""rejected_t"": 0.0, ""shipment_id"": ""S0007"", ""source_id"": ""A"", ""source_name"": ""Earth-Core""}, {""actual_arrival_month"": ""2036-08"", ""actual_delivered_t"": 10.0, ""actual_delivery_share"": 1.0, ""eligible_t"": 10.0, ""order_month"": ""2035-08"", ""ordered_t"": 10.0, ""planned_arrival_month"": ""2036-08"", ""rejected_t"": 0.0, ""shipment_id"": ""S0008"", ""source_id"": ""A"", ""source_name"": ""Earth-Core""}, {""actual_arrival_month"": ""2036-09"", ""actual_delivered_t"": 10.0, ""actual_delivery_share"": 1.0, ""eligible_t"": 10.0, ""order_month"": ""2035-09"", ""ordered_t"": 10.0, ""planned_arrival_month"": ""2036-09"", ""rejected_t"": 0.0, ""shipment_id"": ""S0009"", ""source_id"": ""A"", ""source_name"": ""Earth-Core""}, {""actual_arrival_month"": ""2036-10"", ""actual_delivered_t"": 10.0, ""actual_delivery_share"": 1.0, ""eligible_t"": 10.0, ""order_month"": ""2035-10"", ""ordered_t"": 10.0, ""planned_arrival_month"": ""2036-10"", ""rejected_t"": 0.0, ""shipment_id"": ""S0010"", ""source_id"": ""A"", ""source_name"": ""Earth-Core""}, {""actual_arrival_month"": ""2035-11"", ""actual_delivered_t"": 7.5, ""actual_delivery_share"": 1.0, ""eligible_t"": 7.5, ""order_month"": ""2035-07"", ""ordered_t"": 7.5, ""planned_arrival_month"": ""2035-11"", ""rejected_t"": 0.0, ""shipment_id"": ""S0067"", ""source_id"": ""B"", ""source_name"": ""Earth-Flex""}, {""actual_arrival_month"": ""2035-12"", ""actual_delivered_t"": 7.5, ""actual_delivery_share"": 1.0, ""eligible_t"": 7.5, ""order_month"": ""2035-08"", ""ordered_t"": 7.5, ""planned_arrival_month"": ""2035-12"", ""rejected_t"": 0.0, ""shipment_id"": ""S0068"", ""source_id"": ""B"", ""source_name"": ""Earth-Flex""}, {""actual_arrival_month"": ""2036-01"", ""actual_delivered_t"": 7.5, ""actual_delivery_share"": 1.0, ""eligible_t"": 7.5, ""order_month"": ""2035-09"", ""ordered_t"": 7.5, ""planned_arrival_month"": ""2036-01"", ""rejected_t"": 0.0, ""shipment_id"": ""S0069"", ""source_id"": ""B"", ""source_name"": ""Earth-Flex""}, {""actual_arrival_month"": ""2036-02"", ""actual_delivered_t"": 7.5, ""actual_delivery_share"": 1.0, ""eligible_t"": 7.5, ""order_month"": ""2035-10"", ""ordered_t"": 7.5, ""planned_arrival_month"": ""2036-02"", ""rejected_t"": 0.0, ""shipment_id"": ""S0070"", ""source_id"": ""B"", ""source_name"": ""Earth-Flex""}]","{""B"": 7.5}","{""B"": 7.5}",7.5,7.5,0.33749999999999997,7.1625,0.0,6.666666666666667,1.666666666666667,0.0,0.0,19.641666666666673,BASE,70.0,0.045,[],1.2136250000000004,0.0,[]
2035-11,19.641666666666673,8.333333333333334,6.666666666666667,"{""A"": 120.0, ""B"": 90.0, ""C"": 0, ""D"": 0, ""E"": 0}","{""A"": 10.0, ""B"": 7.5}","[{""actual_arrival_month"": ""2036-01"", ""actual_delivered_t"": 10.0, ""actual_delivery_share"": 1.0, ""eligible_t"": 10.0, ""order_month"": ""2035-01"", ""ordered_t"": 10.0, ""planned_arrival_month"": ""2036-01"", ""rejected_t"": 0.0, ""shipment_id"": ""S0001"", ""source_id"": ""A"", ""source_name"": ""Earth-Core""}, {""actual_arrival_month"": ""2036-02"", ""actual_delivered_t"": 10.0, ""actual_delivery_share"": 1.0, ""eligible_t"": 10.0, ""order_month"": ""2035-02"", ""ordered_t"": 10.0, ""planned_arrival_month"": ""2036-02"", ""rejected_t"": 0.0, ""shipment_id"": ""S0002"", ""source_id"": ""A"", ""source_name"": ""Earth-Core""}, {""actual_arrival_month"": ""2036-03"", ""actual_delivered_t"": 10.0, ""actual_delivery_share"": 1.0, ""eligible_t"": 10.0, ""order_month"": ""2035-03"", ""ordered_t"": 10.0, ""planned_arrival_month"": ""2036-03"", ""rejected_t"": 0.0, ""shipment_id"": ""S0003"", ""source_id"": ""A"", ""source_name"": ""Earth-Core""}, {""actual_arrival_month"": ""2036-04"", ""actual_delivered_t"": 10.0, ""actual_delivery_share"": 1.0, ""eligible_t"": 10.0, ""order_month"": ""2035-04"", ""ordered_t"": 10.0, ""planned_arrival_month"": ""2036-04"", ""rejected_t"": 0.0, ""shipment_id"": ""S0004"", ""source_id"": ""A"", ""source_name"": ""Earth-Core""}, {""actual_arrival_month"": ""2036-05"", ""actual_delivered_t"": 10.0, ""actual_delivery_share"": 1.0, ""eligible_t"": 10.0, ""order_month"": ""2035-05"", ""ordered_t"": 10.0, ""planned_arrival_month"": ""2036-05"", ""rejected_t"": 0.0, ""shipment_id"": ""S0005"", ""source_id"": ""A"", ""source_name"": ""Earth-Core""}, {""actual_arrival_month"": ""2036-06"", ""actual_delivered_t"": 10.0, ""actual_delivery_share"": 1.0, ""eligible_t"": 10.0, ""order_month"": ""2035-06"", ""ordered_t"": 10.0, ""planned_arrival_month"": ""2036-06"", ""rejected_t"": 0.0, ""shipment_id"": ""S0006"", ""source_id"": ""A"", ""source_name"": ""Earth-Core""}, {""actual_arrival_month"": ""2036-07"", ""actual_delivered_t"": 10.0, ""actual_delivery_share"": 1.0, ""eligible_t"": 10.0, ""order_month"": ""2035-07"", ""ordered_t"": 10.0, ""planned_arrival_month"": ""2036-07"", ""rejected_t"": 0.0, ""shipment_id"": ""S0007"", ""source_id"": ""A"", ""source_name"": ""Earth-Core""}, {""actual_arrival_month"": ""2036-08"", ""actual_delivered_t"": 10.0, ""actual_delivery_share"": 1.0, ""eligible_t"": 10.0, ""order_month"": ""2035-08"", ""ordered_t"": 10.0, ""planned_arrival_month"": ""2036-08"", ""rejected_t"": 0.0, ""shipment_id"": ""S0008"", ""source_id"": ""A"", ""source_name"": ""Earth-Core""}, {""actual_arrival_month"": ""2036-09"", ""actual_delivered_t"": 10.0, ""actual_delivery_share"": 1.0, ""eligible_t"": 10.0, ""order_month"": ""2035-09"", ""ordered_t"": 10.0, ""planned_arrival_month"": ""2036-09"", ""rejected_t"": 0.0, ""shipment_id"": ""S0009"", ""source_id"": ""A"", ""source_name"": ""Earth-Core""}, {""actual_arrival_month"": ""2036-10"", ""actual_delivered_t"": 10.0, ""actual_delivery_share"": 1.0, ""eligible_t"": 10.0, ""order_month"": ""2035-10"", ""ordered_t"": 10.0, ""planned_arrival_month"": ""2036-10"", ""rejected_t"": 0.0, ""shipment_id"": ""S0010"", ""source_id"": ""A"", ""source_name"": ""Earth-Core""}, {""actual_arrival_month"": ""2036-11"", ""actual_delivered_t"": 10.0, ""actual_delivery_share"": 1.0, ""eligible_t"": 10.0, ""order_month"": ""2035-11"", ""ordered_t"": 10.0, ""planned_arrival_month"": ""2036-11"", ""rejected_t"": 0.0, ""shipment_id"": ""S0011"", ""source_id"": ""A"", ""source_name"": ""Earth-Core""}, {""actual_arrival_month"": ""2035-12"", ""actual_delivered_t"": 7.5, ""actual_delivery_share"": 1.0, ""eligible_t"": 7.5, ""order_month"": ""2035-08"", ""ordered_t"": 7.5, ""planned_arrival_month"": ""2035-12"", ""rejected_t"": 0.0, ""shipment_id"": ""S0068"", ""source_id"": ""B"", ""source_name"": ""Earth-Flex""}, {""actual_arrival_month"": ""2036-01"", ""actual_delivered_t"": 7.5, ""actual_delivery_share"": 1.0, ""eligible_t"": 7.5, ""order_month"": ""2035-09"", ""ordered_t"": 7.5, ""planned_arrival_month"": ""2036-01"", ""rejected_t"": 0.0, ""shipment_id"": ""S0069"", ""source_id"": ""B"", ""source_name"": ""Earth-Flex""}, {""actual_arrival_month"": ""2036-02"", ""actual_delivered_t"": 7.5, ""actual_delivery_share"": 1.0, ""eligible_t"": 7.5, ""order_month"": ""2035-10"", ""ordered_t"": 7.5, ""planned_arrival_month"": ""2036-02"", ""rejected_t"": 0.0, ""shipment_id"": ""S0070"", ""source_id"": ""B"", ""source_name"": ""Earth-Flex""}, {""actual_arrival_month"": ""2036-03"", ""actual_delivered_t"": 7.5, ""actual_delivery_share"": 1.0, ""eligible_t"": 7.5, ""order_month"": ""2035-11"", ""ordered_t"": 7.5, ""planned_arrival_month"": ""2036-03"", ""rejected_t"": 0.0, ""shipment_id"": ""S0071"", ""source_id"": ""B"", ""source_name"": ""Earth-Flex""}]","{""B"": 7.5}","{""B"": 7.5}",7.5,7.5,0.33749999999999997,7.1625,0.0,6.666666666666667,1.666666666666667,0.0,0.0,18.47083333333334,BASE,70.0,0.045,[],1.1433750000000003,0.0,[]
2035-12,18.47083333333334,8.333333333333334,6.666666666666667,"{""A"": 120.0, ""B"": 90.0, ""C"": 0, ""D"": 0, ""E"": 0}","{""A"": 10.0, ""B"": 7.5}","[{""actual_arrival_month"": ""2036-01"", ""actual_delivered_t"": 10.0, ""actual_delivery_share"": 1.0, ""eligible_t"": 10.0, ""order_month"": ""2035-01"", ""ordered_t"": 10.0, ""planned_arrival_month"": ""2036-01"", ""rejected_t"": 0.0, ""shipment_id"": ""S0001"", ""source_id"": ""A"", ""source_name"": ""Earth-Core""}, {""actual_arrival_month"": ""2036-02"", ""actual_delivered_t"": 10.0, ""actual_delivery_share"": 1.0, ""eligible_t"": 10.0, ""order_month"": ""2035-02"", ""ordered_t"": 10.0, ""planned_arrival_month"": ""2036-02"", ""rejected_t"": 0.0, ""shipment_id"": ""S0002"", ""source_id"": ""A"", ""source_name"": ""Earth-Core""}, {""actual_arrival_month"": ""2036-03"", ""actual_delivered_t"": 10.0, ""actual_delivery_share"": 1.0, ""eligible_t"": 10.0, ""order_month"": ""2035-03"", ""ordered_t"": 10.0, ""planned_arrival_month"": ""2036-03"", ""rejected_t"": 0.0, ""shipment_id"": ""S0003"", ""source_id"": ""A"", ""source_name"": ""Earth-Core""}, {""actual_arrival_month"": ""2036-04"", ""actual_delivered_t"": 10.0, ""actual_delivery_share"": 1.0, ""eligible_t"": 10.0, ""order_month"": ""2035-04"", ""ordered_t"": 10.0, ""planned_arrival_month"": ""2036-04"", ""rejected_t"": 0.0, ""shipment_id"": ""S0004"", ""source_id"": ""A"", ""source_name"": ""Earth-Core""}, {""actual_arrival_month"": ""2036-05"", ""actual_delivered_t"": 10.0, ""actual_delivery_share"": 1.0, ""eligible_t"": 10.0, ""order_month"": ""2035-05"", ""ordered_t"": 10.0, ""planned_arrival_month"": ""2036-05"", ""rejected_t"": 0.0, ""shipment_id"": ""S0005"", ""source_id"": ""A"", ""source_name"": ""Earth-Core""}, {""actual_arrival_month"": ""2036-06"", ""actual_delivered_t"": 10.0, ""actual_delivery_share"": 1.0, ""eligible_t"": 10.0, ""order_month"": ""2035-06"", ""ordered_t"": 10.0, ""planned_arrival_month"": ""2036-06"", ""rejected_t"": 0.0, ""shipment_id"": ""S0006"", ""source_id"": ""A"", ""source_name"": ""Earth-Core""}, {""actual_arrival_month"": ""2036-07"", ""actual_delivered_t"": 10.0, ""actual_delivery_share"": 1.0, ""eligible_t"": 10.0, ""order_month"": ""2035-07"", ""ordered_t"": 10.0, ""planned_arrival_month"": ""2036-07"", ""rejected_t"": 0.0, ""shipment_id"": ""S0007"", ""source_id"": ""A"", ""source_name"": ""Earth-Core""}, {""actual_arrival_month"": ""2036-08"", ""actual_delivered_t"": 10.0, ""actual_delivery_share"": 1.0, ""eligible_t"": 10.0, ""order_month"": ""2035-08"", ""ordered_t"": 10.0, ""planned_arrival_month"": ""2036-08"", ""rejected_t"": 0.0, ""shipment_id"": ""S0008"", ""source_id"": ""A"", ""source_name"": ""Earth-Core""}, {""actual_arrival_month"": ""2036-09"", ""actual_delivered_t"": 10.0, ""actual_delivery_share"": 1.0, ""eligible_t"": 10.0, ""order_month"": ""2035-09"", ""ordered_t"": 10.0, ""planned_arrival_month"": ""2036-09"", ""rejected_t"": 0.0, ""shipment_id"": ""S0009"", ""source_id"": ""A"", ""source_name"": ""Earth-Core""}, {""actual_arrival_month"": ""2036-10"", ""actual_delivered_t"": 10.0, ""actual_delivery_share"": 1.0, ""eligible_t"": 10.0, ""order_month"": ""2035-10"", ""ordered_t"": 10.0, ""planned_arrival_month"": ""2036-10"", ""rejected_t"": 0.0, ""shipment_id"": ""S0010"", ""source_id"": ""A"", ""source_name"": ""Earth-Core""}, {""actual_arrival_month"": ""2036-11"", ""actual_delivered_t"": 10.0, ""actual_delivery_share"": 1.0, ""eligible_t"": 10.0, ""order_month"": ""2035-11"", ""ordered_t"": 10.0, ""planned_arrival_month"": ""2036-11"", ""rejected_t"": 0.0, ""shipment_id"": ""S0011"", ""source_id"": ""A"", ""source_name"": ""Earth-Core""}, {""actual_arrival_month"": ""2036-12"", ""actual_delivered_t"": 10.0, ""actual_delivery_share"": 1.0, ""eligible_t"": 10.0, ""order_month"": ""2035-12"", ""ordered_t"": 10.0, ""planned_arrival_month"": ""2036-12"", ""rejected_t"": 0.0, ""shipment_id"": ""S0012"", ""source_id"": ""A"", ""source_name"": ""Earth-Core""}, {""actual_arrival_month"": ""2036-01"", ""actual_delivered_t"": 7.5, ""actual_delivery_share"": 1.0, ""eligible_t"": 7.5, ""order_month"": ""2035-09"", ""ordered_t"": 7.5, ""planned_arrival_month"": ""2036-01"", ""rejected_t"": 0.0, ""shipment_id"": ""S0069"", ""source_id"": ""B"", ""source_name"": ""Earth-Flex""}, {""actual_arrival_month"": ""2036-02"", ""actual_delivered_t"": 7.5, ""actual_delivery_share"": 1.0, ""eligible_t"": 7.5, ""order_month"": ""2035-10"", ""ordered_t"": 7.5, ""planned_arrival_month"": ""2036-02"", ""rejected_t"": 0.0, ""shipment_id"": ""S0070"", ""source_id"": ""B"", ""source_name"": ""Earth-Flex""}, {""actual_arrival_month"": ""2036-03"", ""actual_delivered_t"": 7.5, ""actual_delivery_share"": 1.0, ""eligible_t"": 7.5, ""order_month"": ""2035-11"", ""ordered_t"": 7.5, ""planned_arrival_month"": ""2036-03"", ""rejected_t"": 0.0, ""shipment_id"": ""S0071"", ""source_id"": ""B"", ""source_name"": ""Earth-Flex""}, {""actual_arrival_month"": ""2036-04"", ""actual_delivered_t"": 7.5, ""actual_delivery_share"": 1.0, ""eligible_t"": 7.5, ""order_month"": ""2035-12"", ""ordered_t"": 7.5, ""planned_arrival_month"": ""2036-04"", ""rejected_t"": 0.0, ""shipment_id"": ""S0072"", ""source_id"": ""B"", ""source_name"": ""Earth-Flex""}]","{""B"": 7.5}","{""B"": 7.5}",7.5,7.5,0.33749999999999997,7.1625,0.0,6.666666666666667,1.666666666666667,0.0,0.0,17.300000000000004,BASE,70.0,0.045,[],1.0731250000000003,0.0,[]
2036-01,17.300000000000004,11.666666666666666,8.75,"{""A"": 150.0, ""B"": 5.0, ""C"": 0, ""D"": 0, ""E"": 0}","{""A"": 12.5, ""B"": 0.4166666666666667}","[{""actual_arrival_month"": ""2036-02"", ""actual_delivered_t"": 10.0, ""actual_delivery_share"": 1.0, ""eligible_t"": 10.0, ""order_month"": ""2035-02"", ""ordered_t"": 10.0, ""planned_arrival_month"": ""2036-02"", ""rejected_t"": 0.0, ""shipment_id"": ""S0002"", ""source_id"": ""A"", ""source_name"": ""Earth-Core""}, {""actual_arrival_month"": ""2036-03"", ""actual_delivered_t"": 10.0, ""actual_delivery_share"": 1.0, ""eligible_t"": 10.0, ""order_month"": ""2035-03"", ""ordered_t"": 10.0, ""planned_arrival_month"": ""2036-03"", ""rejected_t"": 0.0, ""shipment_id"": ""S0003"", ""source_id"": ""A"", ""source_name"": ""Earth-Core""}, {""actual_arrival_month"": ""2036-04"", ""actual_delivered_t"": 10.0, ""actual_delivery_share"": 1.0, ""eligible_t"": 10.0, ""order_month"": ""2035-04"", ""ordered_t"": 10.0, ""planned_arrival_month"": ""2036-04"", ""rejected_t"": 0.0, ""shipment_id"": ""S0004"", ""source_id"": ""A"", ""source_name"": ""Earth-Core""}, {""actual_arrival_month"": ""2036-05"", ""actual_delivered_t"": 10.0, ""actual_delivery_share"": 1.0, ""eligible_t"": 10.0, ""order_month"": ""2035-05"", ""ordered_t"": 10.0, ""planned_arrival_month"": ""2036-05"", ""rejected_t"": 0.0, ""shipment_id"": ""S0005"", ""source_id"": ""A"", ""source_name"": ""Earth-Core""}, {""actual_arrival_month"": ""2036-06"", ""actual_delivered_t"": 10.0, ""actual_delivery_share"": 1.0, ""eligible_t"": 10.0, ""order_month"": ""2035-06"", ""ordered_t"": 10.0, ""planned_arrival_month"": ""2036-06"", ""rejected_t"": 0.0, ""shipment_id"": ""S0006"", ""source_id"": ""A"", ""source_name"": ""Earth-Core""}, {""actual_arrival_month"": ""2036-07"", ""actual_delivered_t"": 10.0, ""actual_delivery_share"": 1.0, ""eligible_t"": 10.0, ""order_month"": ""2035-07"", ""ordered_t"": 10.0, ""planned_arrival_month"": ""2036-07"", ""rejected_t"": 0.0, ""shipment_id"": ""S0007"", ""source_id"": ""A"", ""source_name"": ""Earth-Core""}, {""actual_arrival_month"": ""2036-08"", ""actual_delivered_t"": 10.0, ""actual_delivery_share"": 1.0, ""eligible_t"": 10.0, ""order_month"": ""2035-08"", ""ordered_t"": 10.0, ""planned_arrival_month"": ""2036-08"", ""rejected_t"": 0.0, ""shipment_id"": ""S0008"", ""source_id"": ""A"", ""source_name"": ""Earth-Core""}, {""actual_arrival_month"": ""2036-09"", ""actual_delivered_t"": 10.0, ""actual_delivery_share"": 1.0, ""eligible_t"": 10.0, ""order_month"": ""2035-09"", ""ordered_t"": 10.0, ""planned_arrival_month"": ""2036-09"", ""rejected_t"": 0.0, ""shipment_id"": ""S0009"", ""source_id"": ""A"", ""source_name"": ""Earth-Core""}, {""actual_arrival_month"": ""2036-10"", ""actual_delivered_t"": 10.0, ""actual_delivery_share"": 1.0, ""eligible_t"": 10.0, ""order_month"": ""2035-10"", ""ordered_t"": 10.0, ""planned_arrival_month"": ""2036-10"", ""rejected_t"": 0.0, ""shipment_id"": ""S0010"", ""source_id"": ""A"", ""source_name"": ""Earth-Core""}, {""actual_arrival_month"": ""2036-11"", ""actual_delivered_t"": 10.0, ""actual_delivery_share"": 1.0, ""eligible_t"": 10.0, ""order_month"": ""2035-11"", ""ordered_t"": 10.0, ""planned_arrival_month"": ""2036-11"", ""rejected_t"": 0.0, ""shipment_id"": ""S0011"", ""source_id"": ""A"", ""source_name"": ""Earth-Core""}, {""actual_arrival_month"": ""2036-12"", ""actual_delivered_t"": 10.0, ""actual_delivery_share"": 1.0, ""eligible_t"": 10.0, ""order_month"": ""2035-12"", ""ordered_t"": 10.0, ""planned_arrival_month"": ""2036-12"", ""rejected_t"": 0.0, ""shipment_id"": ""S0012"", ""source_id"": ""A"", ""source_name"": ""Earth-Core""}, {""actual_arrival_month"": ""2037-01"", ""actual_delivered_t"": 12.5, ""actual_delivery_share"": 1.0, ""eligible_t"": 12.5, ""order_month"": ""2036-01"", ""ordered_t"": 12.5, ""planned_arrival_month"": ""2037-01"", ""rejected_t"": 0.0, ""shipment_id"": ""S0013"", ""source_id"": ""A"", ""source_name"": ""Earth-Core""}, {""actual_arrival_month"": ""2036-02"", ""actual_delivered_t"": 7.5, ""actual_delivery_share"": 1.0, ""eligible_t"": 7.5, ""order_month"": ""2035-10"", ""ordered_t"": 7.5, ""planned_arrival_month"": ""2036-02"", ""rejected_t"": 0.0, ""shipment_id"": ""S0070"", ""source_id"": ""B"", ""source_name"": ""Earth-Flex""}, {""actual_arrival_month"": ""2036-03"", ""actual_delivered_t"": 7.5, ""actual_delivery_share"": 1.0, ""eligible_t"": 7.5, ""order_month"": ""2035-11"", ""ordered_t"": 7.5, ""planned_arrival_month"": ""2036-03"", ""rejected_t"": 0.0, ""shipment_id"": ""S0071"", ""source_id"": ""B"", ""source_name"": ""Earth-Flex""}, {""actual_arrival_month"": ""2036-04"", ""actual_delivered_t"": 7.5, ""actual_delivery_share"": 1.0, ""eligible_t"": 7.5, ""order_month"": ""2035-12"", ""ordered_t"": 7.5, ""planned_arrival_month"": ""2036-04"", ""rejected_t"": 0.0, ""shipment_id"": ""S0072"", ""source_id"": ""B"", ""source_name"": ""Earth-Flex""}, {""actual_arrival_month"": ""2036-05"", ""actual_delivered_t"": 0.4166666666666667, ""actual_delivery_share"": 1.0, ""eligible_t"": 0.4166666666666667, ""order_month"": ""2036-01"", ""ordered_t"": 0.4166666666666667, ""planned_arrival_month"": ""2036-05"", ""rejected_t"": 0.0, ""shipment_id"": ""S0073"", ""source_id"": ""B"", ""source_name"": ""Earth-Flex""}]","{""A"": 10.0, ""B"": 7.5}","{""A"": 10.0, ""B"": 7.5}",17.5,17.5,0.21,17.29,0.0,8.75,2.916666666666666,0.0,0.0,22.92333333333334,ZBO,120.0,0.012,"[""ZBO""]",1.2067000000000003,1.0,[]
2036-02,22.92333333333334,11.666666666666666,8.75,"{""A"": 150.0, ""B"": 5.0, ""C"": 0, ""D"": 0, ""E"": 0}","{""A"": 12.5, ""B"": 0.4166666666666667}","[{""actual_arrival_month"": ""2036-03"", ""actual_delivered_t"": 10.0, ""actual_delivery_share"": 1.0, ""eligible_t"": 10.0, ""order_month"": ""2035-03"", ""ordered_t"": 10.0, ""planned_arrival_month"": ""2036-03"", ""rejected_t"": 0.0, ""shipment_id"": ""S0003"", ""source_id"": ""A"", ""source_name"": ""Earth-Core""}, {""actual_arrival_month"": ""2036-04"", ""actual_delivered_t"": 10.0, ""actual_delivery_share"": 1.0, ""eligible_t"": 10.0, ""order_month"": ""2035-04"", ""ordered_t"": 10.0, ""planned_arrival_month"": ""2036-04"", ""rejected_t"": 0.0, ""shipment_id"": ""S0004"", ""source_id"": ""A"", ""source_name"": ""Earth-Core""}, {""actual_arrival_month"": ""2036-05"", ""actual_delivered_t"": 10.0, ""actual_delivery_share"": 1.0, ""eligible_t"": 10.0, ""order_month"": ""2035-05"", ""ordered_t"": 10.0, ""planned_arrival_month"": ""2036-05"", ""rejected_t"": 0.0, ""shipment_id"": ""S0005"", ""source_id"": ""A"", ""source_name"": ""Earth-Core""}, {""actual_arrival_month"": ""2036-06"", ""actual_delivered_t"": 10.0, ""actual_delivery_share"": 1.0, ""eligible_t"": 10.0, ""order_month"": ""2035-06"", ""ordered_t"": 10.0, ""planned_arrival_month"": ""2036-06"", ""rejected_t"": 0.0, ""shipment_id"": ""S0006"", ""source_id"": ""A"", ""source_name"": ""Earth-Core""}, {""actual_arrival_month"": ""2036-07"", ""actual_delivered_t"": 10.0, ""actual_delivery_share"": 1.0, ""eligible_t"": 10.0, ""order_month"": ""2035-07"", ""ordered_t"": 10.0, ""planned_arrival_month"": ""2036-07"", ""rejected_t"": 0.0, ""shipment_id"": ""S0007"", ""source_id"": ""A"", ""source_name"": ""Earth-Core""}, {""actual_arrival_month"": ""2036-08"", ""actual_delivered_t"": 10.0, ""actual_delivery_share"": 1.0, ""eligible_t"": 10.0, ""order_month"": ""2035-08"", ""ordered_t"": 10.0, ""planned_arrival_month"": ""2036-08"", ""rejected_t"": 0.0, ""shipment_id"": ""S0008"", ""source_id"": ""A"", ""source_name"": ""Earth-Core""}, {""actual_arrival_month"": ""2036-09"", ""actual_delivered_t"": 10.0, ""actual_delivery_share"": 1.0, ""eligible_t"": 10.0, ""order_month"": ""2035-09"", ""ordered_t"": 10.0, ""planned_arrival_month"": ""2036-09"", ""rejected_t"": 0.0, ""shipment_id"": ""S0009"", ""source_id"": ""A"", ""source_name"": ""Earth-Core""}, {""actual_arrival_month"": ""2036-10"", ""actual_delivered_t"": 10.0, ""actual_delivery_share"": 1.0, ""eligible_t"": 10.0, ""order_month"": ""2035-10"", ""ordered_t"": 10.0, ""planned_arrival_month"": ""2036-10"", ""rejected_t"": 0.0, ""shipment_id"": ""S0010"", ""source_id"": ""A"", ""source_name"": ""Earth-Core""}, {""actual_arrival_month"": ""2036-11"", ""actual_delivered_t"": 10.0, ""actual_delivery_share"": 1.0, ""eligible_t"": 10.0, ""order_month"": ""2035-11"", ""ordered_t"": 10.0, ""planned_arrival_month"": ""2036-11"", ""rejected_t"": 0.0, ""shipment_id"": ""S0011"", ""source_id"": ""A"", ""source_name"": ""Earth-Core""}, {""actual_arrival_month"": ""2036-12"", ""actual_delivered_t"": 10.0, ""actual_delivery_share"": 1.0, ""eligible_t"": 10.0, ""order_month"": ""2035-12"", ""ordered_t"": 10.0, ""planned_arrival_month"": ""2036-12"", ""rejected_t"": 0.0, ""shipment_id"": ""S0012"", ""source_id"": ""A"", ""source_name"": ""Earth-Core""}, {""actual_arrival_month"": ""2037-01"", ""actual_delivered_t"": 12.5, ""actual_delivery_share"": 1.0, ""eligible_t"": 12.5, ""order_month"": ""2036-01"", ""ordered_t"": 12.5, ""planned_arrival_month"": ""2037-01"", ""rejected_t"": 0.0, ""shipment_id"": ""S0013"", ""source_id"": ""A"", ""source_name"": ""Earth-Core""}, {""actual_arrival_month"": ""2037-02"", ""actual_delivered_t"": 12.5, ""actual_delivery_share"": 1.0, ""eligible_t"": 12.5, ""order_month"": ""2036-02"", ""ordered_t"": 12.5, ""planned_arrival_month"": ""2037-02"", ""rejected_t"": 0.0, ""shipment_id"": ""S0014"", ""source_id"": ""A"", ""source_name"": ""Earth-Core""}, {""actual_arrival_month"": ""2036-03"", ""actual_delivered_t"": 7.5, ""actual_delivery_share"": 1.0, ""eligible_t"": 7.5, ""order_month"": ""2035-11"", ""ordered_t"": 7.5, ""planned_arrival_month"": ""2036-03"", ""rejected_t"": 0.0, ""shipment_id"": ""S0071"", ""source_id"": ""B"", ""source_name"": ""Earth-Flex""}, {""actual_arrival_month"": ""2036-04"", ""actual_delivered_t"": 7.5, ""actual_delivery_share"": 1.0, ""eligible_t"": 7.5, ""order_month"": ""2035-12"", ""ordered_t"": 7.5, ""planned_arrival_month"": ""2036-04"", ""rejected_t"": 0.0, ""shipment_id"": ""S0072"", ""source_id"": ""B"", ""source_name"": ""Earth-Flex""}, {""actual_arrival_month"": ""2036-05"", ""actual_delivered_t"": 0.4166666666666667, ""actual_delivery_share"": 1.0, ""eligible_t"": 0.4166666666666667, ""order_month"": ""2036-01"", ""ordered_t"": 0.4166666666666667, ""planned_arrival_month"": ""2036-05"", ""rejected_t"": 0.0, ""shipment_id"": ""S0073"", ""source_id"": ""B"", ""source_name"": ""Earth-Flex""}, {""actual_arrival_month"": ""2036-06"", ""actual_delivered_t"": 0.4166666666666667, ""actual_delivery_share"": 1.0, ""eligible_t"": 0.4166666666666667, ""order_month"": ""2036-02"", ""ordered_t"": 0.4166666666666667, ""planned_arrival_month"": ""2036-06"", ""rejected_t"": 0.0, ""shipment_id"": ""S0074"", ""source_id"": ""B"", ""source_name"": ""Earth-Flex""}]","{""A"": 10.0, ""B"": 7.5}","{""A"": 10.0, ""B"": 7.5}",17.5,17.5,0.21,17.29,0.0,8.75,2.916666666666666,0.0,0.0,28.546666666666674,ZBO,120.0,0.012,"[""ZBO""]",1.5441000000000003,1.0,[]
2036-03,28.546666666666674,11.666666666666666,8.75,"{""A"": 150.0, ""B"": 5.0, ""C"": 0, ""D"": 0, ""E"": 0}","{""A"": 12.5, ""B"": 0.4166666666666667}","[{""actual_arrival_month"": ""2036-04"", ""actual_delivered_t"": 10.0, ""actual_delivery_share"": 1.0, ""eligible_t"": 10.0, ""order_month"": ""2035-04"", ""ordered_t"": 10.0, ""planned_arrival_month"": ""2036-04"", ""rejected_t"": 0.0, ""shipment_id"": ""S0004"", ""source_id"": ""A"", ""source_name"": ""Earth-Core""}, {""actual_arrival_month"": ""2036-05"", ""actual_delivered_t"": 10.0, ""actual_delivery_share"": 1.0, ""eligible_t"": 10.0, ""order_month"": ""2035-05"", ""ordered_t"": 10.0, ""planned_arrival_month"": ""2036-05"", ""rejected_t"": 0.0, ""shipment_id"": ""S0005"", ""source_id"": ""A"", ""source_name"": ""Earth-Core""}, {""actual_arrival_month"": ""2036-06"", ""actual_delivered_t"": 10.0, ""actual_delivery_share"": 1.0, ""eligible_t"": 10.0, ""order_month"": ""2035-06"", ""ordered_t"": 10.0, ""planned_arrival_month"": ""2036-06"", ""rejected_t"": 0.0, ""shipment_id"": ""S0006"", ""source_id"": ""A"", ""source_name"": ""Earth-Core""}, {""actual_arrival_month"": ""2036-07"", ""actual_delivered_t"": 10.0, ""actual_delivery_share"": 1.0, ""eligible_t"": 10.0, ""order_month"": ""2035-07"", ""ordered_t"": 10.0, ""planned_arrival_month"": ""2036-07"", ""rejected_t"": 0.0, ""shipment_id"": ""S0007"", ""source_id"": ""A"", ""source_name"": ""Earth-Core""}, {""actual_arrival_month"": ""2036-08"", ""actual_delivered_t"": 10.0, ""actual_delivery_share"": 1.0, ""eligible_t"": 10.0, ""order_month"": ""2035-08"", ""ordered_t"": 10.0, ""planned_arrival_month"": ""2036-08"", ""rejected_t"": 0.0, ""shipment_id"": ""S0008"", ""source_id"": ""A"", ""source_name"": ""Earth-Core""}, {""actual_arrival_month"": ""2036-09"", ""actual_delivered_t"": 10.0, ""actual_delivery_share"": 1.0, ""eligible_t"": 10.0, ""order_month"": ""2035-09"", ""ordered_t"": 10.0, ""planned_arrival_month"": ""2036-09"", ""rejected_t"": 0.0, ""shipment_id"": ""S0009"", ""source_id"": ""A"", ""source_name"": ""Earth-Core""}, {""actual_arrival_month"": ""2036-10"", ""actual_delivered_t"": 10.0, ""actual_delivery_share"": 1.0, ""eligible_t"": 10.0, ""order_month"": ""2035-10"", ""ordered_t"": 10.0, ""planned_arrival_month"": ""2036-10"", ""rejected_t"": 0.0, ""shipment_id"": ""S0010"", ""source_id"": ""A"", ""source_name"": ""Earth-Core""}, {""actual_arrival_month"": ""2036-11"", ""actual_delivered_t"": 10.0, ""actual_delivery_share"": 1.0, ""eligible_t"": 10.0, ""order_month"": ""2035-11"", ""ordered_t"": 10.0, ""planned_arrival_month"": ""2036-11"", ""rejected_t"": 0.0, ""shipment_id"": ""S0011"", ""source_id"": ""A"", ""source_name"": ""Earth-Core""}, {""actual_arrival_month"": ""2036-12"", ""actual_delivered_t"": 10.0, ""actual_delivery_share"": 1.0, ""eligible_t"": 10.0, ""order_month"": ""2035-12"", ""ordered_t"": 10.0, ""planned_arrival_month"": ""2036-12"", ""rejected_t"": 0.0, ""shipment_id"": ""S0012"", ""source_id"": ""A"", ""source_name"": ""Earth-Core""}, {""actual_arrival_month"": ""2037-01"", ""actual_delivered_t"": 12.5, ""actual_delivery_share"": 1.0, ""eligible_t"": 12.5, ""order_month"": ""2036-01"", ""ordered_t"": 12.5, ""planned_arrival_month"": ""2037-01"", ""rejected_t"": 0.0, ""shipment_id"": ""S0013"", ""source_id"": ""A"", ""source_name"": ""Earth-Core""}, {""actual_arrival_month"": ""2037-02"", ""actual_delivered_t"": 12.5, ""actual_delivery_share"": 1.0, ""eligible_t"": 12.5, ""order_month"": ""2036-02"", ""ordered_t"": 12.5, ""planned_arrival_month"": ""2037-02"", ""rejected_t"": 0.0, ""shipment_id"": ""S0014"", ""source_id"": ""A"", ""source_name"": ""Earth-Core""}, {""actual_arrival_month"": ""2037-03"", ""actual_delivered_t"": 12.5, ""actual_delivery_share"": 1.0, ""eligible_t"": 12.5, ""order_month"": ""2036-03"", ""ordered_t"": 12.5, ""planned_arrival_month"": ""2037-03"", ""rejected_t"": 0.0, ""shipment_id"": ""S0015"", ""source_id"": ""A"", ""source_name"": ""Earth-Core""}, {""actual_arrival_month"": ""2036-04"", ""actual_delivered_t"": 7.5, ""actual_delivery_share"": 1.0, ""eligible_t"": 7.5, ""order_month"": ""2035-12"", ""ordered_t"": 7.5, ""planned_arrival_month"": ""2036-04"", ""rejected_t"": 0.0, ""shipment_id"": ""S0072"", ""source_id"": ""B"", ""source_name"": ""Earth-Flex""}, {""actual_arrival_month"": ""2036-05"", ""actual_delivered_t"": 0.4166666666666667, ""actual_delivery_share"": 1.0, ""eligible_t"": 0.4166666666666667, ""order_month"": ""2036-01"", ""ordered_t"": 0.4166666666666667, ""planned_arrival_month"": ""2036-05"", ""rejected_t"": 0.0, ""shipment_id"": ""S0073"", ""source_id"": ""B"", ""source_name"": ""Earth-Flex""}, {""actual_arrival_month"": ""2036-06"", ""actual_delivered_t"": 0.4166666666666667, ""actual_delivery_share"": 1.0, ""eligible_t"": 0.4166666666666667, ""order_month"": ""2036-02"", ""ordered_t"": 0.4166666666666667, ""planned_arrival_month"": ""2036-06"", ""rejected_t"": 0.0, ""shipment_id"": ""S0074"", ""source_id"": ""B"", ""source_name"": ""Earth-Flex""}, {""actual_arrival_month"": ""2036-07"", ""actual_delivered_t"": 0.4166666666666667, ""actual_delivery_share"": 1.0, ""eligible_t"": 0.4166666666666667, ""order_month"": ""2036-03"", ""ordered_t"": 0.4166666666666667, ""planned_arrival_month"": ""2036-07"", ""rejected_t"": 0.0, ""shipment_id"": ""S0075"", ""source_id"": ""B"", ""source_name"": ""Earth-Flex""}]","{""A"": 10.0, ""B"": 7.5}","{""A"": 10.0, ""B"": 7.5}",17.5,17.5,0.21,17.29,0.0,8.75,2.916666666666666,0.0,0.0,34.17000000000001,ZBO,120.0,0.012,"[""ZBO""]",1.8815000000000006,1.0,[]
2036-04,34.17000000000001,11.666666666666666,8.75,"{""A"": 150.0, ""B"": 5.0, ""C"": 0, ""D"": 0, ""E"": 0}","{""A"": 12.5, ""B"": 0.4166666666666667}","[{""actual_arrival_month"": ""2036-05"", ""actual_delivered_t"": 10.0, ""actual_delivery_share"": 1.0, ""eligible_t"": 10.0, ""order_month"": ""2035-05"", ""ordered_t"": 10.0, ""planned_arrival_month"": ""2036-05"", ""rejected_t"": 0.0, ""shipment_id"": ""S0005"", ""source_id"": ""A"", ""source_name"": ""Earth-Core""}, {""actual_arrival_month"": ""2036-06"", ""actual_delivered_t"": 10.0, ""actual_delivery_share"": 1.0, ""eligible_t"": 10.0, ""order_month"": ""2035-06"", ""ordered_t"": 10.0, ""planned_arrival_month"": ""2036-06"", ""rejected_t"": 0.0, ""shipment_id"": ""S0006"", ""source_id"": ""A"", ""source_name"": ""Earth-Core""}, {""actual_arrival_month"": ""2036-07"", ""actual_delivered_t"": 10.0, ""actual_delivery_share"": 1.0, ""eligible_t"": 10.0, ""order_month"": ""2035-07"", ""ordered_t"": 10.0, ""planned_arrival_month"": ""2036-07"", ""rejected_t"": 0.0, ""shipment_id"": ""S0007"", ""source_id"": ""A"", ""source_name"": ""Earth-Core""}, {""actual_arrival_month"": ""2036-08"", ""actual_delivered_t"": 10.0, ""actual_delivery_share"": 1.0, ""eligible_t"": 10.0, ""order_month"": ""2035-08"", ""ordered_t"": 10.0, ""planned_arrival_month"": ""2036-08"", ""rejected_t"": 0.0, ""shipment_id"": ""S0008"", ""source_id"": ""A"", ""source_name"": ""Earth-Core""}, {""actual_arrival_month"": ""2036-09"", ""actual_delivered_t"": 10.0, ""actual_delivery_share"": 1.0, ""eligible_t"": 10.0, ""order_month"": ""2035-09"", ""ordered_t"": 10.0, ""planned_arrival_month"": ""2036-09"", ""rejected_t"": 0.0, ""shipment_id"": ""S0009"", ""source_id"": ""A"", ""source_name"": ""Earth-Core""}, {""actual_arrival_month"": ""2036-10"", ""actual_delivered_t"": 10.0, ""actual_delivery_share"": 1.0, ""eligible_t"": 10.0, ""order_month"": ""2035-10"", ""ordered_t"": 10.0, ""planned_arrival_month"": ""2036-10"", ""rejected_t"": 0.0, ""shipment_id"": ""S0010"", ""source_id"": ""A"", ""source_name"": ""Earth-Core""}, {""actual_arrival_month"": ""2036-11"", ""actual_delivered_t"": 10.0, ""actual_delivery_share"": 1.0, ""eligible_t"": 10.0, ""order_month"": ""2035-11"", ""ordered_t"": 10.0, ""planned_arrival_month"": ""2036-11"", ""rejected_t"": 0.0, ""shipment_id"": ""S0011"", ""source_id"": ""A"", ""source_name"": ""Earth-Core""}, {""actual_arrival_month"": ""2036-12"", ""actual_delivered_t"": 10.0, ""actual_delivery_share"": 1.0, ""eligible_t"": 10.0, ""order_month"": ""2035-12"", ""ordered_t"": 10.0, ""planned_arrival_month"": ""2036-12"", ""rejected_t"": 0.0, ""shipment_id"": ""S0012"", ""source_id"": ""A"", ""source_name"": ""Earth-Core""}, {""actual_arrival_month"": ""2037-01"", ""actual_delivered_t"": 12.5, ""actual_delivery_share"": 1.0, ""eligible_t"": 12.5, ""order_month"": ""2036-01"", ""ordered_t"": 12.5, ""planned_arrival_month"": ""2037-01"", ""rejected_t"": 0.0, ""shipment_id"": ""S0013"", ""source_id"": ""A"", ""source_name"": ""Earth-Core""}, {""actual_arrival_month"": ""2037-02"", ""actual_delivered_t"": 12.5, ""actual_delivery_share"": 1.0, ""eligible_t"": 12.5, ""order_month"": ""2036-02"", ""ordered_t"": 12.5, ""planned_arrival_month"": ""2037-02"", ""rejected_t"": 0.0, ""shipment_id"": ""S0014"", ""source_id"": ""A"", ""source_name"": ""Earth-Core""}, {""actual_arrival_month"": ""2037-03"", ""actual_delivered_t"": 12.5, ""actual_delivery_share"": 1.0, ""eligible_t"": 12.5, ""order_month"": ""2036-03"", ""ordered_t"": 12.5, ""planned_arrival_month"": ""2037-03"", ""rejected_t"": 0.0, ""shipment_id"": ""S0015"", ""source_id"": ""A"", ""source_name"": ""Earth-Core""}, {""actual_arrival_month"": ""2037-04"", ""actual_delivered_t"": 12.5, ""actual_delivery_share"": 1.0, ""eligible_t"": 12.5, ""order_month"": ""2036-04"", ""ordered_t"": 12.5, ""planned_arrival_month"": ""2037-04"", ""rejected_t"": 0.0, ""shipment_id"": ""S0016"", ""source_id"": ""A"", ""source_name"": ""Earth-Core""}, {""actual_arrival_month"": ""2036-05"", ""actual_delivered_t"": 0.4166666666666667, ""actual_delivery_share"": 1.0, ""eligible_t"": 0.4166666666666667, ""order_month"": ""2036-01"", ""ordered_t"": 0.4166666666666667, ""planned_arrival_month"": ""2036-05"", ""rejected_t"": 0.0, ""shipment_id"": ""S0073"", ""source_id"": ""B"", ""source_name"": ""Earth-Flex""}, {""actual_arrival_month"": ""2036-06"", ""actual_delivered_t"": 0.4166666666666667, ""actual_delivery_share"": 1.0, ""eligible_t"": 0.4166666666666667, ""order_month"": ""2036-02"", ""ordered_t"": 0.4166666666666667, ""planned_arrival_month"": ""2036-06"", ""rejected_t"": 0.0, ""shipment_id"": ""S0074"", ""source_id"": ""B"", ""source_name"": ""Earth-Flex""}, {""actual_arrival_month"": ""2036-07"", ""actual_delivered_t"": 0.4166666666666667, ""actual_delivery_share"": 1.0, ""eligible_t"": 0.4166666666666667, ""order_month"": ""2036-03"", ""ordered_t"": 0.4166666666666667, ""planned_arrival_month"": ""2036-07"", ""rejected_t"": 0.0, ""shipment_id"": ""S0075"", ""source_id"": ""B"", ""source_name"": ""Earth-Flex""}, {""actual_arrival_month"": ""2036-08"", ""actual_delivered_t"": 0.4166666666666667, ""actual_delivery_share"": 1.0, ""eligible_t"": 0.4166666666666667, ""order_month"": ""2036-04"", ""ordered_t"": 0.4166666666666667, ""planned_arrival_month"": ""2036-08"", ""rejected_t"": 0.0, ""shipment_id"": ""S0076"", ""source_id"": ""B"", ""source_name"": ""Earth-Flex""}]","{""A"": 10.0, ""B"": 7.5}","{""A"": 10.0, ""B"": 7.5}",17.5,17.5,0.21,17.29,0.0,8.75,2.916666666666666,0.0,0.0,39.793333333333344,ZBO,120.0,0.012,"[""ZBO""]",2.2189000000000005,1.0,[]
2036-05,39.793333333333344,11.666666666666666,8.75,"{""A"": 150.0, ""B"": 5.0, ""C"": 0, ""D"": 0, ""E"": 0}","{""A"": 12.5, ""B"": 0.4166666666666667}","[{""actual_arrival_month"": ""2036-06"", ""actual_delivered_t"": 10.0, ""actual_delivery_share"": 1.0, ""eligible_t"": 10.0, ""order_month"": ""2035-06"", ""ordered_t"": 10.0, ""planned_arrival_month"": ""2036-06"", ""rejected_t"": 0.0, ""shipment_id"": ""S0006"", ""source_id"": ""A"", ""source_name"": ""Earth-Core""}, {""actual_arrival_month"": ""2036-07"", ""actual_delivered_t"": 10.0, ""actual_delivery_share"": 1.0, ""eligible_t"": 10.0, ""order_month"": ""2035-07"", ""ordered_t"": 10.0, ""planned_arrival_month"": ""2036-07"", ""rejected_t"": 0.0, ""shipment_id"": ""S0007"", ""source_id"": ""A"", ""source_name"": ""Earth-Core""}, {""actual_arrival_month"": ""2036-08"", ""actual_delivered_t"": 10.0, ""actual_delivery_share"": 1.0, ""eligible_t"": 10.0, ""order_month"": ""2035-08"", ""ordered_t"": 10.0, ""planned_arrival_month"": ""2036-08"", ""rejected_t"": 0.0, ""shipment_id"": ""S0008"", ""source_id"": ""A"", ""source_name"": ""Earth-Core""}, {""actual_arrival_month"": ""2036-09"", ""actual_delivered_t"": 10.0, ""actual_delivery_share"": 1.0, ""eligible_t"": 10.0, ""order_month"": ""2035-09"", ""ordered_t"": 10.0, ""planned_arrival_month"": ""2036-09"", ""rejected_t"": 0.0, ""shipment_id"": ""S0009"", ""source_id"": ""A"", ""source_name"": ""Earth-Core""}, {""actual_arrival_month"": ""2036-10"", ""actual_delivered_t"": 10.0, ""actual_delivery_share"": 1.0, ""eligible_t"": 10.0, ""order_month"": ""2035-10"", ""ordered_t"": 10.0, ""planned_arrival_month"": ""2036-10"", ""rejected_t"": 0.0, ""shipment_id"": ""S0010"", ""source_id"": ""A"", ""source_name"": ""Earth-Core""}, {""actual_arrival_month"": ""2036-11"", ""actual_delivered_t"": 10.0, ""actual_delivery_share"": 1.0, ""eligible_t"": 10.0, ""order_month"": ""2035-11"", ""ordered_t"": 10.0, ""planned_arrival_month"": ""2036-11"", ""rejected_t"": 0.0, ""shipment_id"": ""S0011"", ""source_id"": ""A"", ""source_name"": ""Earth-Core""}, {""actual_arrival_month"": ""2036-12"", ""actual_delivered_t"": 10.0, ""actual_delivery_share"": 1.0, ""eligible_t"": 10.0, ""order_month"": ""2035-12"", ""ordered_t"": 10.0, ""planned_arrival_month"": ""2036-12"", ""rejected_t"": 0.0, ""shipment_id"": ""S0012"", ""source_id"": ""A"", ""source_name"": ""Earth-Core""}, {""actual_arrival_month"": ""2037-01"", ""actual_delivered_t"": 12.5, ""actual_delivery_share"": 1.0, ""eligible_t"": 12.5, ""order_month"": ""2036-01"", ""ordered_t"": 12.5, ""planned_arrival_month"": ""2037-01"", ""rejected_t"": 0.0, ""shipment_id"": ""S0013"", ""source_id"": ""A"", ""source_name"": ""Earth-Core""}, {""actual_arrival_month"": ""2037-02"", ""actual_delivered_t"": 12.5, ""actual_delivery_share"": 1.0, ""eligible_t"": 12.5, ""order_month"": ""2036-02"", ""ordered_t"": 12.5, ""planned_arrival_month"": ""2037-02"", ""rejected_t"": 0.0, ""shipment_id"": ""S0014"", ""source_id"": ""A"", ""source_name"": ""Earth-Core""}, {""actual_arrival_month"": ""2037-03"", ""actual_delivered_t"": 12.5, ""actual_delivery_share"": 1.0, ""eligible_t"": 12.5, ""order_month"": ""2036-03"", ""ordered_t"": 12.5, ""planned_arrival_month"": ""2037-03"", ""rejected_t"": 0.0, ""shipment_id"": ""S0015"", ""source_id"": ""A"", ""source_name"": ""Earth-Core""}, {""actual_arrival_month"": ""2037-04"", ""actual_delivered_t"": 12.5, ""actual_delivery_share"": 1.0, ""eligible_t"": 12.5, ""order_month"": ""2036-04"", ""ordered_t"": 12.5, ""planned_arrival_month"": ""2037-04"", ""rejected_t"": 0.0, ""shipment_id"": ""S0016"", ""source_id"": ""A"", ""source_name"": ""Earth-Core""}, {""actual_arrival_month"": ""2037-05"", ""actual_delivered_t"": 12.5, ""actual_delivery_share"": 1.0, ""eligible_t"": 12.5, ""order_month"": ""2036-05"", ""ordered_t"": 12.5, ""planned_arrival_month"": ""2037-05"", ""rejected_t"": 0.0, ""shipment_id"": ""S0017"", ""source_id"": ""A"", ""source_name"": ""Earth-Core""}, {""actual_arrival_month"": ""2036-06"", ""actual_delivered_t"": 0.4166666666666667, ""actual_delivery_share"": 1.0, ""eligible_t"": 0.4166666666666667, ""order_month"": ""2036-02"", ""ordered_t"": 0.4166666666666667, ""planned_arrival_month"": ""2036-06"", ""rejected_t"": 0.0, ""shipment_id"": ""S0074"", ""source_id"": ""B"", ""source_name"": ""Earth-Flex""}, {""actual_arrival_month"": ""2036-07"", ""actual_delivered_t"": 0.4166666666666667, ""actual_delivery_share"": 1.0, ""eligible_t"": 0.4166666666666667, ""order_month"": ""2036-03"", ""ordered_t"": 0.4166666666666667, ""planned_arrival_month"": ""2036-07"", ""rejected_t"": 0.0, ""shipment_id"": ""S0075"", ""source_id"": ""B"", ""source_name"": ""Earth-Flex""}, {""actual_arrival_month"": ""2036-08"", ""actual_delivered_t"": 0.4166666666666667, ""actual_delivery_share"": 1.0, ""eligible_t"": 0.4166666666666667, ""order_month"": ""2036-04"", ""ordered_t"": 0.4166666666666667, ""planned_arrival_month"": ""2036-08"", ""rejected_t"": 0.0, ""shipment_id"": ""S0076"", ""source_id"": ""B"", ""source_name"": ""Earth-Flex""}, {""actual_arrival_month"": ""2036-09"", ""actual_delivered_t"": 0.4166666666666667, ""actual_delivery_share"": 1.0, ""eligible_t"": 0.4166666666666667, ""order_month"": ""2036-05"", ""ordered_t"": 0.4166666666666667, ""planned_arrival_month"": ""2036-09"", ""rejected_t"": 0.0, ""shipment_id"": ""S0077"", ""source_id"": ""B"", ""source_name"": ""Earth-Flex""}]","{""A"": 10.0, ""B"": 0.4166666666666667}","{""A"": 10.0, ""B"": 0.4166666666666667}",10.416666666666666,10.416666666666666,0.125,10.291666666666666,0.0,8.75,2.916666666666666,0.0,0.0,38.418333333333344,ZBO,120.0,0.012,"[""ZBO""]",2.3463500000000006,1.0,[]
2036-06,38.418333333333344,11.666666666666666,8.75,"{""A"": 150.0, ""B"": 5.0, ""C"": 0, ""D"": 0, ""E"": 0}","{""A"": 12.5, ""B"": 0.4166666666666667}","[{""actual_arrival_month"": ""2036-07"", ""actual_delivered_t"": 10.0, ""actual_delivery_share"": 1.0, ""eligible_t"": 10.0, ""order_month"": ""2035-07"", ""ordered_t"": 10.0, ""planned_arrival_month"": ""2036-07"", ""rejected_t"": 0.0, ""shipment_id"": ""S0007"", ""source_id"": ""A"", ""source_name"": ""Earth-Core""}, {""actual_arrival_month"": ""2036-08"", ""actual_delivered_t"": 10.0, ""actual_delivery_share"": 1.0, ""eligible_t"": 10.0, ""order_month"": ""2035-08"", ""ordered_t"": 10.0, ""planned_arrival_month"": ""2036-08"", ""rejected_t"": 0.0, ""shipment_id"": ""S0008"", ""source_id"": ""A"", ""source_name"": ""Earth-Core""}, {""actual_arrival_month"": ""2036-09"", ""actual_delivered_t"": 10.0, ""actual_delivery_share"": 1.0, ""eligible_t"": 10.0, ""order_month"": ""2035-09"", ""ordered_t"": 10.0, ""planned_arrival_month"": ""2036-09"", ""rejected_t"": 0.0, ""shipment_id"": ""S0009"", ""source_id"": ""A"", ""source_name"": ""Earth-Core""}, {""actual_arrival_month"": ""2036-10"", ""actual_delivered_t"": 10.0, ""actual_delivery_share"": 1.0, ""eligible_t"": 10.0, ""order_month"": ""2035-10"", ""ordered_t"": 10.0, ""planned_arrival_month"": ""2036-10"", ""rejected_t"": 0.0, ""shipment_id"": ""S0010"", ""source_id"": ""A"", ""source_name"": ""Earth-Core""}, {""actual_arrival_month"": ""2036-11"", ""actual_delivered_t"": 10.0, ""actual_delivery_share"": 1.0, ""eligible_t"": 10.0, ""order_month"": ""2035-11"", ""ordered_t"": 10.0, ""planned_arrival_month"": ""2036-11"", ""rejected_t"": 0.0, ""shipment_id"": ""S0011"", ""source_id"": ""A"", ""source_name"": ""Earth-Core""}, {""actual_arrival_month"": ""2036-12"", ""actual_delivered_t"": 10.0, ""actual_delivery_share"": 1.0, ""eligible_t"": 10.0, ""order_month"": ""2035-12"", ""ordered_t"": 10.0, ""planned_arrival_month"": ""2036-12"", ""rejected_t"": 0.0, ""shipment_id"": ""S0012"", ""source_id"": ""A"", ""source_name"": ""Earth-Core""}, {""actual_arrival_month"": ""2037-01"", ""actual_delivered_t"": 12.5, ""actual_delivery_share"": 1.0, ""eligible_t"": 12.5, ""order_month"": ""2036-01"", ""ordered_t"": 12.5, ""planned_arrival_month"": ""2037-01"", ""rejected_t"": 0.0, ""shipment_id"": ""S0013"", ""source_id"": ""A"", ""source_name"": ""Earth-Core""}, {""actual_arrival_month"": ""2037-02"", ""actual_delivered_t"": 12.5, ""actual_delivery_share"": 1.0, ""eligible_t"": 12.5, ""order_month"": ""2036-02"", ""ordered_t"": 12.5, ""planned_arrival_month"": ""2037-02"", ""rejected_t"": 0.0, ""shipment_id"": ""S0014"", ""source_id"": ""A"", ""source_name"": ""Earth-Core""}, {""actual_arrival_month"": ""2037-03"", ""actual_delivered_t"": 12.5, ""actual_delivery_share"": 1.0, ""eligible_t"": 12.5, ""order_month"": ""2036-03"", ""ordered_t"": 12.5, ""planned_arrival_month"": ""2037-03"", ""rejected_t"": 0.0, ""shipment_id"": ""S0015"", ""source_id"": ""A"", ""source_name"": ""Earth-Core""}, {""actual_arrival_month"": ""2037-04"", ""actual_delivered_t"": 12.5, ""actual_delivery_share"": 1.0, ""eligible_t"": 12.5, ""order_month"": ""2036-04"", ""ordered_t"": 12.5, ""planned_arrival_month"": ""2037-04"", ""rejected_t"": 0.0, ""shipment_id"": ""S0016"", ""source_id"": ""A"", ""source_name"": ""Earth-Core""}, {""actual_arrival_month"": ""2037-05"", ""actual_delivered_t"": 12.5, ""actual_delivery_share"": 1.0, ""eligible_t"": 12.5, ""order_month"": ""2036-05"", ""ordered_t"": 12.5, ""planned_arrival_month"": ""2037-05"", ""rejected_t"": 0.0, ""shipment_id"": ""S0017"", ""source_id"": ""A"", ""source_name"": ""Earth-Core""}, {""actual_arrival_month"": ""2037-06"", ""actual_delivered_t"": 12.5, ""actual_delivery_share"": 1.0, ""eligible_t"": 12.5, ""order_month"": ""2036-06"", ""ordered_t"": 12.5, ""planned_arrival_month"": ""2037-06"", ""rejected_t"": 0.0, ""shipment_id"": ""S0018"", ""source_id"": ""A"", ""source_name"": ""Earth-Core""}, {""actual_arrival_month"": ""2036-07"", ""actual_delivered_t"": 0.4166666666666667, ""actual_delivery_share"": 1.0, ""eligible_t"": 0.4166666666666667, ""order_month"": ""2036-03"", ""ordered_t"": 0.4166666666666667, ""planned_arrival_month"": ""2036-07"", ""rejected_t"": 0.0, ""shipment_id"": ""S0075"", ""source_id"": ""B"", ""source_name"": ""Earth-Flex""}, {""actual_arrival_month"": ""2036-08"", ""actual_delivered_t"": 0.4166666666666667, ""actual_delivery_share"": 1.0, ""eligible_t"": 0.4166666666666667, ""order_month"": ""2036-04"", ""ordered_t"": 0.4166666666666667, ""planned_arrival_month"": ""2036-08"", ""rejected_t"": 0.0, ""shipment_id"": ""S0076"", ""source_id"": ""B"", ""source_name"": ""Earth-Flex""}, {""actual_arrival_month"": ""2036-09"", ""actual_delivered_t"": 0.4166666666666667, ""actual_delivery_share"": 1.0, ""eligible_t"": 0.4166666666666667, ""order_month"": ""2036-05"", ""ordered_t"": 0.4166666666666667, ""planned_arrival_month"": ""2036-09"", ""rejected_t"": 0.0, ""shipment_id"": ""S0077"", ""source_id"": ""B"", ""source_name"": ""Earth-Flex""}, {""actual_arrival_month"": ""2036-10"", ""actual_delivered_t"": 0.4166666666666667, ""actual_delivery_share"": 1.0, ""eligible_t"": 0.4166666666666667, ""order_month"": ""2036-06"", ""ordered_t"": 0.4166666666666667, ""planned_arrival_month"": ""2036-10"", ""rejected_t"": 0.0, ""shipment_id"": ""S0078"", ""source_id"": ""B"", ""source_name"": ""Earth-Flex""}]","{""A"": 10.0, ""B"": 0.4166666666666667}","{""A"": 10.0, ""B"": 0.4166666666666667}",10.416666666666666,10.416666666666666,0.125,10.291666666666666,0.0,8.75,2.916666666666666,0.0,0.0,37.043333333333344,ZBO,120.0,0.012,"[""ZBO""]",2.2638500000000006,1.0,[]
2036-07,37.043333333333344,11.666666666666666,8.75,"{""A"": 150.0, ""B"": 5.0, ""C"": 0, ""D"": 0, ""E"": 0}","{""A"": 12.5, ""B"": 0.4166666666666667}","[{""actual_arrival_month"": ""2036-08"", ""actual_delivered_t"": 10.0, ""actual_delivery_share"": 1.0, ""eligible_t"": 10.0, ""order_month"": ""2035-08"", ""ordered_t"": 10.0, ""planned_arrival_month"": ""2036-08"", ""rejected_t"": 0.0, ""shipment_id"": ""S0008"", ""source_id"": ""A"", ""source_name"": ""Earth-Core""}, {""actual_arrival_month"": ""2036-09"", ""actual_delivered_t"": 10.0, ""actual_delivery_share"": 1.0, ""eligible_t"": 10.0, ""order_month"": ""2035-09"", ""ordered_t"": 10.0, ""planned_arrival_month"": ""2036-09"", ""rejected_t"": 0.0, ""shipment_id"": ""S0009"", ""source_id"": ""A"", ""source_name"": ""Earth-Core""}, {""actual_arrival_month"": ""2036-10"", ""actual_delivered_t"": 10.0, ""actual_delivery_share"": 1.0, ""eligible_t"": 10.0, ""order_month"": ""2035-10"", ""ordered_t"": 10.0, ""planned_arrival_month"": ""2036-10"", ""rejected_t"": 0.0, ""shipment_id"": ""S0010"", ""source_id"": ""A"", ""source_name"": ""Earth-Core""}, {""actual_arrival_month"": ""2036-11"", ""actual_delivered_t"": 10.0, ""actual_delivery_share"": 1.0, ""eligible_t"": 10.0, ""order_month"": ""2035-11"", ""ordered_t"": 10.0, ""planned_arrival_month"": ""2036-11"", ""rejected_t"": 0.0, ""shipment_id"": ""S0011"", ""source_id"": ""A"", ""source_name"": ""Earth-Core""}, {""actual_arrival_month"": ""2036-12"", ""actual_delivered_t"": 10.0, ""actual_delivery_share"": 1.0, ""eligible_t"": 10.0, ""order_month"": ""2035-12"", ""ordered_t"": 10.0, ""planned_arrival_month"": ""2036-12"", ""rejected_t"": 0.0, ""shipment_id"": ""S0012"", ""source_id"": ""A"", ""source_name"": ""Earth-Core""}, {""actual_arrival_month"": ""2037-01"", ""actual_delivered_t"": 12.5, ""actual_delivery_share"": 1.0, ""eligible_t"": 12.5, ""order_month"": ""2036-01"", ""ordered_t"": 12.5, ""planned_arrival_month"": ""2037-01"", ""rejected_t"": 0.0, ""shipment_id"": ""S0013"", ""source_id"": ""A"", ""source_name"": ""Earth-Core""}, {""actual_arrival_month"": ""2037-02"", ""actual_delivered_t"": 12.5, ""actual_delivery_share"": 1.0, ""eligible_t"": 12.5, ""order_month"": ""2036-02"", ""ordered_t"": 12.5, ""planned_arrival_month"": ""2037-02"", ""rejected_t"": 0.0, ""shipment_id"": ""S0014"", ""source_id"": ""A"", ""source_name"": ""Earth-Core""}, {""actual_arrival_month"": ""2037-03"", ""actual_delivered_t"": 12.5, ""actual_delivery_share"": 1.0, ""eligible_t"": 12.5, ""order_month"": ""2036-03"", ""ordered_t"": 12.5, ""planned_arrival_month"": ""2037-03"", ""rejected_t"": 0.0, ""shipment_id"": ""S0015"", ""source_id"": ""A"", ""source_name"": ""Earth-Core""}, {""actual_arrival_month"": ""2037-04"", ""actual_delivered_t"": 12.5, ""actual_delivery_share"": 1.0, ""eligible_t"": 12.5, ""order_month"": ""2036-04"", ""ordered_t"": 12.5, ""planned_arrival_month"": ""2037-04"", ""rejected_t"": 0.0, ""shipment_id"": ""S0016"", ""source_id"": ""A"", ""source_name"": ""Earth-Core""}, {""actual_arrival_month"": ""2037-05"", ""actual_delivered_t"": 12.5, ""actual_delivery_share"": 1.0, ""eligible_t"": 12.5, ""order_month"": ""2036-05"", ""ordered_t"": 12.5, ""planned_arrival_month"": ""2037-05"", ""rejected_t"": 0.0, ""shipment_id"": ""S0017"", ""source_id"": ""A"", ""source_name"": ""Earth-Core""}, {""actual_arrival_month"": ""2037-06"", ""actual_delivered_t"": 12.5, ""actual_delivery_share"": 1.0, ""eligible_t"": 12.5, ""order_month"": ""2036-06"", ""ordered_t"": 12.5, ""planned_arrival_month"": ""2037-06"", ""rejected_t"": 0.0, ""shipment_id"": ""S0018"", ""source_id"": ""A"", ""source_name"": ""Earth-Core""}, {""actual_arrival_month"": ""2037-07"", ""actual_delivered_t"": 12.5, ""actual_delivery_share"": 1.0, ""eligible_t"": 12.5, ""order_month"": ""2036-07"", ""ordered_t"": 12.5, ""planned_arrival_month"": ""2037-07"", ""rejected_t"": 0.0, ""shipment_id"": ""S0019"", ""source_id"": ""A"", ""source_name"": ""Earth-Core""}, {""actual_arrival_month"": ""2036-08"", ""actual_delivered_t"": 0.4166666666666667, ""actual_delivery_share"": 1.0, ""eligible_t"": 0.4166666666666667, ""order_month"": ""2036-04"", ""ordered_t"": 0.4166666666666667, ""planned_arrival_month"": ""2036-08"", ""rejected_t"": 0.0, ""shipment_id"": ""S0076"", ""source_id"": ""B"", ""source_name"": ""Earth-Flex""}, {""actual_arrival_month"": ""2036-09"", ""actual_delivered_t"": 0.4166666666666667, ""actual_delivery_share"": 1.0, ""eligible_t"": 0.4166666666666667, ""order_month"": ""2036-05"", ""ordered_t"": 0.4166666666666667, ""planned_arrival_month"": ""2036-09"", ""rejected_t"": 0.0, ""shipment_id"": ""S0077"", ""source_id"": ""B"", ""source_name"": ""Earth-Flex""}, {""actual_arrival_month"": ""2036-10"", ""actual_delivered_t"": 0.4166666666666667, ""actual_delivery_share"": 1.0, ""eligible_t"": 0.4166666666666667, ""order_month"": ""2036-06"", ""ordered_t"": 0.4166666666666667, ""planned_arrival_month"": ""2036-10"", ""rejected_t"": 0.0, ""shipment_id"": ""S0078"", ""source_id"": ""B"", ""source_name"": ""Earth-Flex""}, {""actual_arrival_month"": ""2036-11"", ""actual_delivered_t"": 0.4166666666666667, ""actual_delivery_share"": 1.0, ""eligible_t"": 0.4166666666666667, ""order_month"": ""2036-07"", ""ordered_t"": 0.4166666666666667, ""planned_arrival_month"": ""2036-11"", ""rejected_t"": 0.0, ""shipment_id"": ""S0079"", ""source_id"": ""B"", ""source_name"": ""Earth-Flex""}]","{""A"": 10.0, ""B"": 0.4166666666666667}","{""A"": 10.0, ""B"": 0.4166666666666667}",10.416666666666666,10.416666666666666,0.125,10.291666666666666,0.0,8.75,2.916666666666666,0.0,0.0,35.668333333333344,ZBO,120.0,0.012,"[""ZBO""]",2.1813500000000006,1.0,[]
2036-08,35.668333333333344,11.666666666666666,8.75,"{""A"": 150.0, ""B"": 5.0, ""C"": 0, ""D"": 0, ""E"": 0}","{""A"": 12.5, ""B"": 0.4166666666666667}","[{""actual_arrival_month"": ""2036-09"", ""actual_delivered_t"": 10.0, ""actual_delivery_share"": 1.0, ""eligible_t"": 10.0, ""order_month"": ""2035-09"", ""ordered_t"": 10.0, ""planned_arrival_month"": ""2036-09"", ""rejected_t"": 0.0, ""shipment_id"": ""S0009"", ""source_id"": ""A"", ""source_name"": ""Earth-Core""}, {""actual_arrival_month"": ""2036-10"", ""actual_delivered_t"": 10.0, ""actual_delivery_share"": 1.0, ""eligible_t"": 10.0, ""order_month"": ""2035-10"", ""ordered_t"": 10.0, ""planned_arrival_month"": ""2036-10"", ""rejected_t"": 0.0, ""shipment_id"": ""S0010"", ""source_id"": ""A"", ""source_name"": ""Earth-Core""}, {""actual_arrival_month"": ""2036-11"", ""actual_delivered_t"": 10.0, ""actual_delivery_share"": 1.0, ""eligible_t"": 10.0, ""order_month"": ""2035-11"", ""ordered_t"": 10.0, ""planned_arrival_month"": ""2036-11"", ""rejected_t"": 0.0, ""shipment_id"": ""S0011"", ""source_id"": ""A"", ""source_name"": ""Earth-Core""}, {""actual_arrival_month"": ""2036-12"", ""actual_delivered_t"": 10.0, ""actual_delivery_share"": 1.0, ""eligible_t"": 10.0, ""order_month"": ""2035-12"", ""ordered_t"": 10.0, ""planned_arrival_month"": ""2036-12"", ""rejected_t"": 0.0, ""shipment_id"": ""S0012"", ""source_id"": ""A"", ""source_name"": ""Earth-Core""}, {""actual_arrival_month"": ""2037-01"", ""actual_delivered_t"": 12.5, ""actual_delivery_share"": 1.0, ""eligible_t"": 12.5, ""order_month"": ""2036-01"", ""ordered_t"": 12.5, ""planned_arrival_month"": ""2037-01"", ""rejected_t"": 0.0, ""shipment_id"": ""S0013"", ""source_id"": ""A"", ""source_name"": ""Earth-Core""}, {""actual_arrival_month"": ""2037-02"", ""actual_delivered_t"": 12.5, ""actual_delivery_share"": 1.0, ""eligible_t"": 12.5, ""order_month"": ""2036-02"", ""ordered_t"": 12.5, ""planned_arrival_month"": ""2037-02"", ""rejected_t"": 0.0, ""shipment_id"": ""S0014"", ""source_id"": ""A"", ""source_name"": ""Earth-Core""}, {""actual_arrival_month"": ""2037-03"", ""actual_delivered_t"": 12.5, ""actual_delivery_share"": 1.0, ""eligible_t"": 12.5, ""order_month"": ""2036-03"", ""ordered_t"": 12.5, ""planned_arrival_month"": ""2037-03"", ""rejected_t"": 0.0, ""shipment_id"": ""S0015"", ""source_id"": ""A"", ""source_name"": ""Earth-Core""}, {""actual_arrival_month"": ""2037-04"", ""actual_delivered_t"": 12.5, ""actual_delivery_share"": 1.0, ""eligible_t"": 12.5, ""order_month"": ""2036-04"", ""ordered_t"": 12.5, ""planned_arrival_month"": ""2037-04"", ""rejected_t"": 0.0, ""shipment_id"": ""S0016"", ""source_id"": ""A"", ""source_name"": ""Earth-Core""}, {""actual_arrival_month"": ""2037-05"", ""actual_delivered_t"": 12.5, ""actual_delivery_share"": 1.0, ""eligible_t"": 12.5, ""order_month"": ""2036-05"", ""ordered_t"": 12.5, ""planned_arrival_month"": ""2037-05"", ""rejected_t"": 0.0, ""shipment_id"": ""S0017"", ""source_id"": ""A"", ""source_name"": ""Earth-Core""}, {""actual_arrival_month"": ""2037-06"", ""actual_delivered_t"": 12.5, ""actual_delivery_share"": 1.0, ""eligible_t"": 12.5, ""order_month"": ""2036-06"", ""ordered_t"": 12.5, ""planned_arrival_month"": ""2037-06"", ""rejected_t"": 0.0, ""shipment_id"": ""S0018"", ""source_id"": ""A"", ""source_name"": ""Earth-Core""}, {""actual_arrival_month"": ""2037-07"", ""actual_delivered_t"": 12.5, ""actual_delivery_share"": 1.0, ""eligible_t"": 12.5, ""order_month"": ""2036-07"", ""ordered_t"": 12.5, ""planned_arrival_month"": ""2037-07"", ""rejected_t"": 0.0, ""shipment_id"": ""S0019"", ""source_id"": ""A"", ""source_name"": ""Earth-Core""}, {""actual_arrival_month"": ""2037-08"", ""actual_delivered_t"": 12.5, ""actual_delivery_share"": 1.0, ""eligible_t"": 12.5, ""order_month"": ""2036-08"", ""ordered_t"": 12.5, ""planned_arrival_month"": ""2037-08"", ""rejected_t"": 0.0, ""shipment_id"": ""S0020"", ""source_id"": ""A"", ""source_name"": ""Earth-Core""}, {""actual_arrival_month"": ""2036-09"", ""actual_delivered_t"": 0.4166666666666667, ""actual_delivery_share"": 1.0, ""eligible_t"": 0.4166666666666667, ""order_month"": ""2036-05"", ""ordered_t"": 0.4166666666666667, ""planned_arrival_month"": ""2036-09"", ""rejected_t"": 0.0, ""shipment_id"": ""S0077"", ""source_id"": ""B"", ""source_name"": ""Earth-Flex""}, {""actual_arrival_month"": ""2036-10"", ""actual_delivered_t"": 0.4166666666666667, ""actual_delivery_share"": 1.0, ""eligible_t"": 0.4166666666666667, ""order_month"": ""2036-06"", ""ordered_t"": 0.4166666666666667, ""planned_arrival_month"": ""2036-10"", ""rejected_t"": 0.0, ""shipment_id"": ""S0078"", ""source_id"": ""B"", ""source_name"": ""Earth-Flex""}, {""actual_arrival_month"": ""2036-11"", ""actual_delivered_t"": 0.4166666666666667, ""actual_delivery_share"": 1.0, ""eligible_t"": 0.4166666666666667, ""order_month"": ""2036-07"", ""ordered_t"": 0.4166666666666667, ""planned_arrival_month"": ""2036-11"", ""rejected_t"": 0.0, ""shipment_id"": ""S0079"", ""source_id"": ""B"", ""source_name"": ""Earth-Flex""}, {""actual_arrival_month"": ""2036-12"", ""actual_delivered_t"": 0.4166666666666667, ""actual_delivery_share"": 1.0, ""eligible_t"": 0.4166666666666667, ""order_month"": ""2036-08"", ""ordered_t"": 0.4166666666666667, ""planned_arrival_month"": ""2036-12"", ""rejected_t"": 0.0, ""shipment_id"": ""S0080"", ""source_id"": ""B"", ""source_name"": ""Earth-Flex""}]","{""A"": 10.0, ""B"": 0.4166666666666667}","{""A"": 10.0, ""B"": 0.4166666666666667}",10.416666666666666,10.416666666666666,0.125,10.291666666666666,0.0,8.75,2.916666666666666,0.0,0.0,34.293333333333344,ZBO,120.0,0.012,"[""ZBO""]",2.0988500000000005,1.0,[]
2036-09,34.293333333333344,11.666666666666666,8.75,"{""A"": 150.0, ""B"": 5.0, ""C"": 0, ""D"": 0, ""E"": 0}","{""A"": 12.5, ""B"": 0.4166666666666667}","[{""actual_arrival_month"": ""2036-10"", ""actual_delivered_t"": 10.0, ""actual_delivery_share"": 1.0, ""eligible_t"": 10.0, ""order_month"": ""2035-10"", ""ordered_t"": 10.0, ""planned_arrival_month"": ""2036-10"", ""rejected_t"": 0.0, ""shipment_id"": ""S0010"", ""source_id"": ""A"", ""source_name"": ""Earth-Core""}, {""actual_arrival_month"": ""2036-11"", ""actual_delivered_t"": 10.0, ""actual_delivery_share"": 1.0, ""eligible_t"": 10.0, ""order_month"": ""2035-11"", ""ordered_t"": 10.0, ""planned_arrival_month"": ""2036-11"", ""rejected_t"": 0.0, ""shipment_id"": ""S0011"", ""source_id"": ""A"", ""source_name"": ""Earth-Core""}, {""actual_arrival_month"": ""2036-12"", ""actual_delivered_t"": 10.0, ""actual_delivery_share"": 1.0, ""eligible_t"": 10.0, ""order_month"": ""2035-12"", ""ordered_t"": 10.0, ""planned_arrival_month"": ""2036-12"", ""rejected_t"": 0.0, ""shipment_id"": ""S0012"", ""source_id"": ""A"", ""source_name"": ""Earth-Core""}, {""actual_arrival_month"": ""2037-01"", ""actual_delivered_t"": 12.5, ""actual_delivery_share"": 1.0, ""eligible_t"": 12.5, ""order_month"": ""2036-01"", ""ordered_t"": 12.5, ""planned_arrival_month"": ""2037-01"", ""rejected_t"": 0.0, ""shipment_id"": ""S0013"", ""source_id"": ""A"", ""source_name"": ""Earth-Core""}, {""actual_arrival_month"": ""2037-02"", ""actual_delivered_t"": 12.5, ""actual_delivery_share"": 1.0, ""eligible_t"": 12.5, ""order_month"": ""2036-02"", ""ordered_t"": 12.5, ""planned_arrival_month"": ""2037-02"", ""rejected_t"": 0.0, ""shipment_id"": ""S0014"", ""source_id"": ""A"", ""source_name"": ""Earth-Core""}, {""actual_arrival_month"": ""2037-03"", ""actual_delivered_t"": 12.5, ""actual_delivery_share"": 1.0, ""eligible_t"": 12.5, ""order_month"": ""2036-03"", ""ordered_t"": 12.5, ""planned_arrival_month"": ""2037-03"", ""rejected_t"": 0.0, ""shipment_id"": ""S0015"", ""source_id"": ""A"", ""source_name"": ""Earth-Core""}, {""actual_arrival_month"": ""2037-04"", ""actual_delivered_t"": 12.5, ""actual_delivery_share"": 1.0, ""eligible_t"": 12.5, ""order_month"": ""2036-04"", ""ordered_t"": 12.5, ""planned_arrival_month"": ""2037-04"", ""rejected_t"": 0.0, ""shipment_id"": ""S0016"", ""source_id"": ""A"", ""source_name"": ""Earth-Core""}, {""actual_arrival_month"": ""2037-05"", ""actual_delivered_t"": 12.5, ""actual_delivery_share"": 1.0, ""eligible_t"": 12.5, ""order_month"": ""2036-05"", ""ordered_t"": 12.5, ""planned_arrival_month"": ""2037-05"", ""rejected_t"": 0.0, ""shipment_id"": ""S0017"", ""source_id"": ""A"", ""source_name"": ""Earth-Core""}, {""actual_arrival_month"": ""2037-06"", ""actual_delivered_t"": 12.5, ""actual_delivery_share"": 1.0, ""eligible_t"": 12.5, ""order_month"": ""2036-06"", ""ordered_t"": 12.5, ""planned_arrival_month"": ""2037-06"", ""rejected_t"": 0.0, ""shipment_id"": ""S0018"", ""source_id"": ""A"", ""source_name"": ""Earth-Core""}, {""actual_arrival_month"": ""2037-07"", ""actual_delivered_t"": 12.5, ""actual_delivery_share"": 1.0, ""eligible_t"": 12.5, ""order_month"": ""2036-07"", ""ordered_t"": 12.5, ""planned_arrival_month"": ""2037-07"", ""rejected_t"": 0.0, ""shipment_id"": ""S0019"", ""source_id"": ""A"", ""source_name"": ""Earth-Core""}, {""actual_arrival_month"": ""2037-08"", ""actual_delivered_t"": 12.5, ""actual_delivery_share"": 1.0, ""eligible_t"": 12.5, ""order_month"": ""2036-08"", ""ordered_t"": 12.5, ""planned_arrival_month"": ""2037-08"", ""rejected_t"": 0.0, ""shipment_id"": ""S0020"", ""source_id"": ""A"", ""source_name"": ""Earth-Core""}, {""actual_arrival_month"": ""2037-09"", ""actual_delivered_t"": 12.5, ""actual_delivery_share"": 1.0, ""eligible_t"": 12.5, ""order_month"": ""2036-09"", ""ordered_t"": 12.5, ""planned_arrival_month"": ""2037-09"", ""rejected_t"": 0.0, ""shipment_id"": ""S0021"", ""source_id"": ""A"", ""source_name"": ""Earth-Core""}, {""actual_arrival_month"": ""2036-10"", ""actual_delivered_t"": 0.4166666666666667, ""actual_delivery_share"": 1.0, ""eligible_t"": 0.4166666666666667, ""order_month"": ""2036-06"", ""ordered_t"": 0.4166666666666667, ""planned_arrival_month"": ""2036-10"", ""rejected_t"": 0.0, ""shipment_id"": ""S0078"", ""source_id"": ""B"", ""source_name"": ""Earth-Flex""}, {""actual_arrival_month"": ""2036-11"", ""actual_delivered_t"": 0.4166666666666667, ""actual_delivery_share"": 1.0, ""eligible_t"": 0.4166666666666667, ""order_month"": ""2036-07"", ""ordered_t"": 0.4166666666666667, ""planned_arrival_month"": ""2036-11"", ""rejected_t"": 0.0, ""shipment_id"": ""S0079"", ""source_id"": ""B"", ""source_name"": ""Earth-Flex""}, {""actual_arrival_month"": ""2036-12"", ""actual_delivered_t"": 0.4166666666666667, ""actual_delivery_share"": 1.0, ""eligible_t"": 0.4166666666666667, ""order_month"": ""2036-08"", ""ordered_t"": 0.4166666666666667, ""planned_arrival_month"": ""2036-12"", ""rejected_t"": 0.0, ""shipment_id"": ""S0080"", ""source_id"": ""B"", ""source_name"": ""Earth-Flex""}, {""actual_arrival_month"": ""2037-01"", ""actual_delivered_t"": 0.4166666666666667, ""actual_delivery_share"": 1.0, ""eligible_t"": 0.4166666666666667, ""order_month"": ""2036-09"", ""ordered_t"": 0.4166666666666667, ""planned_arrival_month"": ""2037-01"", ""rejected_t"": 0.0, ""shipment_id"": ""S0081"", ""source_id"": ""B"", ""source_name"": ""Earth-Flex""}]","{""A"": 10.0, ""B"": 0.4166666666666667}","{""A"": 10.0, ""B"": 0.4166666666666667}",10.416666666666666,10.416666666666666,0.125,10.291666666666666,0.0,8.75,2.916666666666666,0.0,0.0,32.918333333333344,ZBO,120.0,0.012,"[""ZBO""]",2.0163500000000005,1.0,[]
2036-10,32.918333333333344,11.666666666666666,8.75,"{""A"": 150.0, ""B"": 5.0, ""C"": 0, ""D"": 0, ""E"": 0}","{""A"": 12.5, ""B"": 0.4166666666666667}","[{""actual_arrival_month"": ""2036-11"", ""actual_delivered_t"": 10.0, ""actual_delivery_share"": 1.0, ""eligible_t"": 10.0, ""order_month"": ""2035-11"", ""ordered_t"": 10.0, ""planned_arrival_month"": ""2036-11"", ""rejected_t"": 0.0, ""shipment_id"": ""S0011"", ""source_id"": ""A"", ""source_name"": ""Earth-Core""}, {""actual_arrival_month"": ""2036-12"", ""actual_delivered_t"": 10.0, ""actual_delivery_share"": 1.0, ""eligible_t"": 10.0, ""order_month"": ""2035-12"", ""ordered_t"": 10.0, ""planned_arrival_month"": ""2036-12"", ""rejected_t"": 0.0, ""shipment_id"": ""S0012"", ""source_id"": ""A"", ""source_name"": ""Earth-Core""}, {""actual_arrival_month"": ""2037-01"", ""actual_delivered_t"": 12.5, ""actual_delivery_share"": 1.0, ""eligible_t"": 12.5, ""order_month"": ""2036-01"", ""ordered_t"": 12.5, ""planned_arrival_month"": ""2037-01"", ""rejected_t"": 0.0, ""shipment_id"": ""S0013"", ""source_id"": ""A"", ""source_name"": ""Earth-Core""}, {""actual_arrival_month"": ""2037-02"", ""actual_delivered_t"": 12.5, ""actual_delivery_share"": 1.0, ""eligible_t"": 12.5, ""order_month"": ""2036-02"", ""ordered_t"": 12.5, ""planned_arrival_month"": ""2037-02"", ""rejected_t"": 0.0, ""shipment_id"": ""S0014"", ""source_id"": ""A"", ""source_name"": ""Earth-Core""}, {""actual_arrival_month"": ""2037-03"", ""actual_delivered_t"": 12.5, ""actual_delivery_share"": 1.0, ""eligible_t"": 12.5, ""order_month"": ""2036-03"", ""ordered_t"": 12.5, ""planned_arrival_month"": ""2037-03"", ""rejected_t"": 0.0, ""shipment_id"": ""S0015"", ""source_id"": ""A"", ""source_name"": ""Earth-Core""}, {""actual_arrival_month"": ""2037-04"", ""actual_delivered_t"": 12.5, ""actual_delivery_share"": 1.0, ""eligible_t"": 12.5, ""order_month"": ""2036-04"", ""ordered_t"": 12.5, ""planned_arrival_month"": ""2037-04"", ""rejected_t"": 0.0, ""shipment_id"": ""S0016"", ""source_id"": ""A"", ""source_name"": ""Earth-Core""}, {""actual_arrival_month"": ""2037-05"", ""actual_delivered_t"": 12.5, ""actual_delivery_share"": 1.0, ""eligible_t"": 12.5, ""order_month"": ""2036-05"", ""ordered_t"": 12.5, ""planned_arrival_month"": ""2037-05"", ""rejected_t"": 0.0, ""shipment_id"": ""S0017"", ""source_id"": ""A"", ""source_name"": ""Earth-Core""}, {""actual_arrival_month"": ""2037-06"", ""actual_delivered_t"": 12.5, ""actual_delivery_share"": 1.0, ""eligible_t"": 12.5, ""order_month"": ""2036-06"", ""ordered_t"": 12.5, ""planned_arrival_month"": ""2037-06"", ""rejected_t"": 0.0, ""shipment_id"": ""S0018"", ""source_id"": ""A"", ""source_name"": ""Earth-Core""}, {""actual_arrival_month"": ""2037-07"", ""actual_delivered_t"": 12.5, ""actual_delivery_share"": 1.0, ""eligible_t"": 12.5, ""order_month"": ""2036-07"", ""ordered_t"": 12.5, ""planned_arrival_month"": ""2037-07"", ""rejected_t"": 0.0, ""shipment_id"": ""S0019"", ""source_id"": ""A"", ""source_name"": ""Earth-Core""}, {""actual_arrival_month"": ""2037-08"", ""actual_delivered_t"": 12.5, ""actual_delivery_share"": 1.0, ""eligible_t"": 12.5, ""order_month"": ""2036-08"", ""ordered_t"": 12.5, ""planned_arrival_month"": ""2037-08"", ""rejected_t"": 0.0, ""shipment_id"": ""S0020"", ""source_id"": ""A"", ""source_name"": ""Earth-Core""}, {""actual_arrival_month"": ""2037-09"", ""actual_delivered_t"": 12.5, ""actual_delivery_share"": 1.0, ""eligible_t"": 12.5, ""order_month"": ""2036-09"", ""ordered_t"": 12.5, ""planned_arrival_month"": ""2037-09"", ""rejected_t"": 0.0, ""shipment_id"": ""S0021"", ""source_id"": ""A"", ""source_name"": ""Earth-Core""}, {""actual_arrival_month"": ""2037-10"", ""actual_delivered_t"": 12.5, ""actual_delivery_share"": 1.0, ""eligible_t"": 12.5, ""order_month"": ""2036-10"", ""ordered_t"": 12.5, ""planned_arrival_month"": ""2037-10"", ""rejected_t"": 0.0, ""shipment_id"": ""S0022"", ""source_id"": ""A"", ""source_name"": ""Earth-Core""}, {""actual_arrival_month"": ""2036-11"", ""actual_delivered_t"": 0.4166666666666667, ""actual_delivery_share"": 1.0, ""eligible_t"": 0.4166666666666667, ""order_month"": ""2036-07"", ""ordered_t"": 0.4166666666666667, ""planned_arrival_month"": ""2036-11"", ""rejected_t"": 0.0, ""shipment_id"": ""S0079"", ""source_id"": ""B"", ""source_name"": ""Earth-Flex""}, {""actual_arrival_month"": ""2036-12"", ""actual_delivered_t"": 0.4166666666666667, ""actual_delivery_share"": 1.0, ""eligible_t"": 0.4166666666666667, ""order_month"": ""2036-08"", ""ordered_t"": 0.4166666666666667, ""planned_arrival_month"": ""2036-12"", ""rejected_t"": 0.0, ""shipment_id"": ""S0080"", ""source_id"": ""B"", ""source_name"": ""Earth-Flex""}, {""actual_arrival_month"": ""2037-01"", ""actual_delivered_t"": 0.4166666666666667, ""actual_delivery_share"": 1.0, ""eligible_t"": 0.4166666666666667, ""order_month"": ""2036-09"", ""ordered_t"": 0.4166666666666667, ""planned_arrival_month"": ""2037-01"", ""rejected_t"": 0.0, ""shipment_id"": ""S0081"", ""source_id"": ""B"", ""source_name"": ""Earth-Flex""}, {""actual_arrival_month"": ""2037-02"", ""actual_delivered_t"": 0.4166666666666667, ""actual_delivery_share"": 1.0, ""eligible_t"": 0.4166666666666667, ""order_month"": ""2036-10"", ""ordered_t"": 0.4166666666666667, ""planned_arrival_month"": ""2037-02"", ""rejected_t"": 0.0, ""shipment_id"": ""S0082"", ""source_id"": ""B"", ""source_name"": ""Earth-Flex""}]","{""A"": 10.0, ""B"": 0.4166666666666667}","{""A"": 10.0, ""B"": 0.4166666666666667}",10.416666666666666,10.416666666666666,0.125,10.291666666666666,0.0,8.75,2.916666666666666,0.0,0.0,31.543333333333344,ZBO,120.0,0.012,"[""ZBO""]",1.9338500000000005,1.0,[]
2036-11,31.543333333333344,11.666666666666666,8.75,"{""A"": 150.0, ""B"": 5.0, ""C"": 0, ""D"": 0, ""E"": 0}","{""A"": 12.5, ""B"": 0.4166666666666667}","[{""actual_arrival_month"": ""2036-12"", ""actual_delivered_t"": 10.0, ""actual_delivery_share"": 1.0, ""eligible_t"": 10.0, ""order_month"": ""2035-12"", ""ordered_t"": 10.0, ""planned_arrival_month"": ""2036-12"", ""rejected_t"": 0.0, ""shipment_id"": ""S0012"", ""source_id"": ""A"", ""source_name"": ""Earth-Core""}, {""actual_arrival_month"": ""2037-01"", ""actual_delivered_t"": 12.5, ""actual_delivery_share"": 1.0, ""eligible_t"": 12.5, ""order_month"": ""2036-01"", ""ordered_t"": 12.5, ""planned_arrival_month"": ""2037-01"", ""rejected_t"": 0.0, ""shipment_id"": ""S0013"", ""source_id"": ""A"", ""source_name"": ""Earth-Core""}, {""actual_arrival_month"": ""2037-02"", ""actual_delivered_t"": 12.5, ""actual_delivery_share"": 1.0, ""eligible_t"": 12.5, ""order_month"": ""2036-02"", ""ordered_t"": 12.5, ""planned_arrival_month"": ""2037-02"", ""rejected_t"": 0.0, ""shipment_id"": ""S0014"", ""source_id"": ""A"", ""source_name"": ""Earth-Core""}, {""actual_arrival_month"": ""2037-03"", ""actual_delivered_t"": 12.5, ""actual_delivery_share"": 1.0, ""eligible_t"": 12.5, ""order_month"": ""2036-03"", ""ordered_t"": 12.5, ""planned_arrival_month"": ""2037-03"", ""rejected_t"": 0.0, ""shipment_id"": ""S0015"", ""source_id"": ""A"", ""source_name"": ""Earth-Core""}, {""actual_arrival_month"": ""2037-04"", ""actual_delivered_t"": 12.5, ""actual_delivery_share"": 1.0, ""eligible_t"": 12.5, ""order_month"": ""2036-04"", ""ordered_t"": 12.5, ""planned_arrival_month"": ""2037-04"", ""rejected_t"": 0.0, ""shipment_id"": ""S0016"", ""source_id"": ""A"", ""source_name"": ""Earth-Core""}, {""actual_arrival_month"": ""2037-05"", ""actual_delivered_t"": 12.5, ""actual_delivery_share"": 1.0, ""eligible_t"": 12.5, ""order_month"": ""2036-05"", ""ordered_t"": 12.5, ""planned_arrival_month"": ""2037-05"", ""rejected_t"": 0.0, ""shipment_id"": ""S0017"", ""source_id"": ""A"", ""source_name"": ""Earth-Core""}, {""actual_arrival_month"": ""2037-06"", ""actual_delivered_t"": 12.5, ""actual_delivery_share"": 1.0, ""eligible_t"": 12.5, ""order_month"": ""2036-06"", ""ordered_t"": 12.5, ""planned_arrival_month"": ""2037-06"", ""rejected_t"": 0.0, ""shipment_id"": ""S0018"", ""source_id"": ""A"", ""source_name"": ""Earth-Core""}, {""actual_arrival_month"": ""2037-07"", ""actual_delivered_t"": 12.5, ""actual_delivery_share"": 1.0, ""eligible_t"": 12.5, ""order_month"": ""2036-07"", ""ordered_t"": 12.5, ""planned_arrival_month"": ""2037-07"", ""rejected_t"": 0.0, ""shipment_id"": ""S0019"", ""source_id"": ""A"", ""source_name"": ""Earth-Core""}, {""actual_arrival_month"": ""2037-08"", ""actual_delivered_t"": 12.5, ""actual_delivery_share"": 1.0, ""eligible_t"": 12.5, ""order_month"": ""2036-08"", ""ordered_t"": 12.5, ""planned_arrival_month"": ""2037-08"", ""rejected_t"": 0.0, ""shipment_id"": ""S0020"", ""source_id"": ""A"", ""source_name"": ""Earth-Core""}, {""actual_arrival_month"": ""2037-09"", ""actual_delivered_t"": 12.5, ""actual_delivery_share"": 1.0, ""eligible_t"": 12.5, ""order_month"": ""2036-09"", ""ordered_t"": 12.5, ""planned_arrival_month"": ""2037-09"", ""rejected_t"": 0.0, ""shipment_id"": ""S0021"", ""source_id"": ""A"", ""source_name"": ""Earth-Core""}, {""actual_arrival_month"": ""2037-10"", ""actual_delivered_t"": 12.5, ""actual_delivery_share"": 1.0, ""eligible_t"": 12.5, ""order_month"": ""2036-10"", ""ordered_t"": 12.5, ""planned_arrival_month"": ""2037-10"", ""rejected_t"": 0.0, ""shipment_id"": ""S0022"", ""source_id"": ""A"", ""source_name"": ""Earth-Core""}, {""actual_arrival_month"": ""2037-11"", ""actual_delivered_t"": 12.5, ""actual_delivery_share"": 1.0, ""eligible_t"": 12.5, ""order_month"": ""2036-11"", ""ordered_t"": 12.5, ""planned_arrival_month"": ""2037-11"", ""rejected_t"": 0.0, ""shipment_id"": ""S0023"", ""source_id"": ""A"", ""source_name"": ""Earth-Core""}, {""actual_arrival_month"": ""2036-12"", ""actual_delivered_t"": 0.4166666666666667, ""actual_delivery_share"": 1.0, ""eligible_t"": 0.4166666666666667, ""order_month"": ""2036-08"", ""ordered_t"": 0.4166666666666667, ""planned_arrival_month"": ""2036-12"", ""rejected_t"": 0.0, ""shipment_id"": ""S0080"", ""source_id"": ""B"", ""source_name"": ""Earth-Flex""}, {""actual_arrival_month"": ""2037-01"", ""actual_delivered_t"": 0.4166666666666667, ""actual_delivery_share"": 1.0, ""eligible_t"": 0.4166666666666667, ""order_month"": ""2036-09"", ""ordered_t"": 0.4166666666666667, ""planned_arrival_month"": ""2037-01"", ""rejected_t"": 0.0, ""shipment_id"": ""S0081"", ""source_id"": ""B"", ""source_name"": ""Earth-Flex""}, {""actual_arrival_month"": ""2037-02"", ""actual_delivered_t"": 0.4166666666666667, ""actual_delivery_share"": 1.0, ""eligible_t"": 0.4166666666666667, ""order_month"": ""2036-10"", ""ordered_t"": 0.4166666666666667, ""planned_arrival_month"": ""2037-02"", ""rejected_t"": 0.0, ""shipment_id"": ""S0082"", ""source_id"": ""B"", ""source_name"": ""Earth-Flex""}, {""actual_arrival_month"": ""2037-03"", ""actual_delivered_t"": 0.4166666666666667, ""actual_delivery_share"": 1.0, ""eligible_t"": 0.4166666666666667, ""order_month"": ""2036-11"", ""ordered_t"": 0.4166666666666667, ""planned_arrival_month"": ""2037-03"", ""rejected_t"": 0.0, ""shipment_id"": ""S0083"", ""source_id"": ""B"", ""source_name"": ""Earth-Flex""}]","{""A"": 10.0, ""B"": 0.4166666666666667}","{""A"": 10.0, ""B"": 0.4166666666666667}",10.416666666666666,10.416666666666666,0.125,10.291666666666666,0.0,8.75,2.916666666666666,0.0,0.0,30.168333333333344,ZBO,120.0,0.012,"[""ZBO""]",1.8513500000000007,1.0,[]
2036-12,30.168333333333344,11.666666666666666,8.75,"{""A"": 150.0, ""B"": 5.0, ""C"": 0, ""D"": 0, ""E"": 0}","{""A"": 12.5, ""B"": 0.4166666666666667}","[{""actual_arrival_month"": ""2037-01"", ""actual_delivered_t"": 12.5, ""actual_delivery_share"": 1.0, ""eligible_t"": 12.5, ""order_month"": ""2036-01"", ""ordered_t"": 12.5, ""planned_arrival_month"": ""2037-01"", ""rejected_t"": 0.0, ""shipment_id"": ""S0013"", ""source_id"": ""A"", ""source_name"": ""Earth-Core""}, {""actual_arrival_month"": ""2037-02"", ""actual_delivered_t"": 12.5, ""actual_delivery_share"": 1.0, ""eligible_t"": 12.5, ""order_month"": ""2036-02"", ""ordered_t"": 12.5, ""planned_arrival_month"": ""2037-02"", ""rejected_t"": 0.0, ""shipment_id"": ""S0014"", ""source_id"": ""A"", ""source_name"": ""Earth-Core""}, {""actual_arrival_month"": ""2037-03"", ""actual_delivered_t"": 12.5, ""actual_delivery_share"": 1.0, ""eligible_t"": 12.5, ""order_month"": ""2036-03"", ""ordered_t"": 12.5, ""planned_arrival_month"": ""2037-03"", ""rejected_t"": 0.0, ""shipment_id"": ""S0015"", ""source_id"": ""A"", ""source_name"": ""Earth-Core""}, {""actual_arrival_month"": ""2037-04"", ""actual_delivered_t"": 12.5, ""actual_delivery_share"": 1.0, ""eligible_t"": 12.5, ""order_month"": ""2036-04"", ""ordered_t"": 12.5, ""planned_arrival_month"": ""2037-04"", ""rejected_t"": 0.0, ""shipment_id"": ""S0016"", ""source_id"": ""A"", ""source_name"": ""Earth-Core""}, {""actual_arrival_month"": ""2037-05"", ""actual_delivered_t"": 12.5, ""actual_delivery_share"": 1.0, ""eligible_t"": 12.5, ""order_month"": ""2036-05"", ""ordered_t"": 12.5, ""planned_arrival_month"": ""2037-05"", ""rejected_t"": 0.0, ""shipment_id"": ""S0017"", ""source_id"": ""A"", ""source_name"": ""Earth-Core""}, {""actual_arrival_month"": ""2037-06"", ""actual_delivered_t"": 12.5, ""actual_delivery_share"": 1.0, ""eligible_t"": 12.5, ""order_month"": ""2036-06"", ""ordered_t"": 12.5, ""planned_arrival_month"": ""2037-06"", ""rejected_t"": 0.0, ""shipment_id"": ""S0018"", ""source_id"": ""A"", ""source_name"": ""Earth-Core""}, {""actual_arrival_month"": ""2037-07"", ""actual_delivered_t"": 12.5, ""actual_delivery_share"": 1.0, ""eligible_t"": 12.5, ""order_month"": ""2036-07"", ""ordered_t"": 12.5, ""planned_arrival_month"": ""2037-07"", ""rejected_t"": 0.0, ""shipment_id"": ""S0019"", ""source_id"": ""A"", ""source_name"": ""Earth-Core""}, {""actual_arrival_month"": ""2037-08"", ""actual_delivered_t"": 12.5, ""actual_delivery_share"": 1.0, ""eligible_t"": 12.5, ""order_month"": ""2036-08"", ""ordered_t"": 12.5, ""planned_arrival_month"": ""2037-08"", ""rejected_t"": 0.0, ""shipment_id"": ""S0020"", ""source_id"": ""A"", ""source_name"": ""Earth-Core""}, {""actual_arrival_month"": ""2037-09"", ""actual_delivered_t"": 12.5, ""actual_delivery_share"": 1.0, ""eligible_t"": 12.5, ""order_month"": ""2036-09"", ""ordered_t"": 12.5, ""planned_arrival_month"": ""2037-09"", ""rejected_t"": 0.0, ""shipment_id"": ""S0021"", ""source_id"": ""A"", ""source_name"": ""Earth-Core""}, {""actual_arrival_month"": ""2037-10"", ""actual_delivered_t"": 12.5, ""actual_delivery_share"": 1.0, ""eligible_t"": 12.5, ""order_month"": ""2036-10"", ""ordered_t"": 12.5, ""planned_arrival_month"": ""2037-10"", ""rejected_t"": 0.0, ""shipment_id"": ""S0022"", ""source_id"": ""A"", ""source_name"": ""Earth-Core""}, {""actual_arrival_month"": ""2037-11"", ""actual_delivered_t"": 12.5, ""actual_delivery_share"": 1.0, ""eligible_t"": 12.5, ""order_month"": ""2036-11"", ""ordered_t"": 12.5, ""planned_arrival_month"": ""2037-11"", ""rejected_t"": 0.0, ""shipment_id"": ""S0023"", ""source_id"": ""A"", ""source_name"": ""Earth-Core""}, {""actual_arrival_month"": ""2037-12"", ""actual_delivered_t"": 12.5, ""actual_delivery_share"": 1.0, ""eligible_t"": 12.5, ""order_month"": ""2036-12"", ""ordered_t"": 12.5, ""planned_arrival_month"": ""2037-12"", ""rejected_t"": 0.0, ""shipment_id"": ""S0024"", ""source_id"": ""A"", ""source_name"": ""Earth-Core""}, {""actual_arrival_month"": ""2037-01"", ""actual_delivered_t"": 0.4166666666666667, ""actual_delivery_share"": 1.0, ""eligible_t"": 0.4166666666666667, ""order_month"": ""2036-09"", ""ordered_t"": 0.4166666666666667, ""planned_arrival_month"": ""2037-01"", ""rejected_t"": 0.0, ""shipment_id"": ""S0081"", ""source_id"": ""B"", ""source_name"": ""Earth-Flex""}, {""actual_arrival_month"": ""2037-02"", ""actual_delivered_t"": 0.4166666666666667, ""actual_delivery_share"": 1.0, ""eligible_t"": 0.4166666666666667, ""order_month"": ""2036-10"", ""ordered_t"": 0.4166666666666667, ""planned_arrival_month"": ""2037-02"", ""rejected_t"": 0.0, ""shipment_id"": ""S0082"", ""source_id"": ""B"", ""source_name"": ""Earth-Flex""}, {""actual_arrival_month"": ""2037-03"", ""actual_delivered_t"": 0.4166666666666667, ""actual_delivery_share"": 1.0, ""eligible_t"": 0.4166666666666667, ""order_month"": ""2036-11"", ""ordered_t"": 0.4166666666666667, ""planned_arrival_month"": ""2037-03"", ""rejected_t"": 0.0, ""shipment_id"": ""S0083"", ""source_id"": ""B"", ""source_name"": ""Earth-Flex""}, {""actual_arrival_month"": ""2037-04"", ""actual_delivered_t"": 0.4166666666666667, ""actual_delivery_share"": 1.0, ""eligible_t"": 0.4166666666666667, ""order_month"": ""2036-12"", ""ordered_t"": 0.4166666666666667, ""planned_arrival_month"": ""2037-04"", ""rejected_t"": 0.0, ""shipment_id"": ""S0084"", ""source_id"": ""B"", ""source_name"": ""Earth-Flex""}]","{""A"": 10.0, ""B"": 0.4166666666666667}","{""A"": 10.0, ""B"": 0.4166666666666667}",10.416666666666666,10.416666666666666,0.125,10.291666666666666,0.0,8.75,2.916666666666666,0.0,0.0,28.793333333333344,ZBO,120.0,0.012,"[""ZBO""]",1.7688500000000005,1.0,[]
2037-01,28.793333333333344,15.833333333333334,11.25,"{""A"": 160.0, ""B"": 0, ""C"": 60.0, ""D"": 0, ""E"": 0}","{""A"": 13.333333333333334}","[{""actual_arrival_month"": ""2037-02"", ""actual_delivered_t"": 12.5, ""actual_delivery_share"": 1.0, ""eligible_t"": 12.5, ""order_month"": ""2036-02"", ""ordered_t"": 12.5, ""planned_arrival_month"": ""2037-02"", ""rejected_t"": 0.0, ""shipment_id"": ""S0014"", ""source_id"": ""A"", ""source_name"": ""Earth-Core""}, {""actual_arrival_month"": ""2037-03"", ""actual_delivered_t"": 12.5, ""actual_delivery_share"": 1.0, ""eligible_t"": 12.5, ""order_month"": ""2036-03"", ""ordered_t"": 12.5, ""planned_arrival_month"": ""2037-03"", ""rejected_t"": 0.0, ""shipment_id"": ""S0015"", ""source_id"": ""A"", ""source_name"": ""Earth-Core""}, {""actual_arrival_month"": ""2037-04"", ""actual_delivered_t"": 12.5, ""actual_delivery_share"": 1.0, ""eligible_t"": 12.5, ""order_month"": ""2036-04"", ""ordered_t"": 12.5, ""planned_arrival_month"": ""2037-04"", ""rejected_t"": 0.0, ""shipment_id"": ""S0016"", ""source_id"": ""A"", ""source_name"": ""Earth-Core""}, {""actual_arrival_month"": ""2037-05"", ""actual_delivered_t"": 12.5, ""actual_delivery_share"": 1.0, ""eligible_t"": 12.5, ""order_month"": ""2036-05"", ""ordered_t"": 12.5, ""planned_arrival_month"": ""2037-05"", ""rejected_t"": 0.0, ""shipment_id"": ""S0017"", ""source_id"": ""A"", ""source_name"": ""Earth-Core""}, {""actual_arrival_month"": ""2037-06"", ""actual_delivered_t"": 12.5, ""actual_delivery_share"": 1.0, ""eligible_t"": 12.5, ""order_month"": ""2036-06"", ""ordered_t"": 12.5, ""planned_arrival_month"": ""2037-06"", ""rejected_t"": 0.0, ""shipment_id"": ""S0018"", ""source_id"": ""A"", ""source_name"": ""Earth-Core""}, {""actual_arrival_month"": ""2037-07"", ""actual_delivered_t"": 12.5, ""actual_delivery_share"": 1.0, ""eligible_t"": 12.5, ""order_month"": ""2036-07"", ""ordered_t"": 12.5, ""planned_arrival_month"": ""2037-07"", ""rejected_t"": 0.0, ""shipment_id"": ""S0019"", ""source_id"": ""A"", ""source_name"": ""Earth-Core""}, {""actual_arrival_month"": ""2037-08"", ""actual_delivered_t"": 12.5, ""actual_delivery_share"": 1.0, ""eligible_t"": 12.5, ""order_month"": ""2036-08"", ""ordered_t"": 12.5, ""planned_arrival_month"": ""2037-08"", ""rejected_t"": 0.0, ""shipment_id"": ""S0020"", ""source_id"": ""A"", ""source_name"": ""Earth-Core""}, {""actual_arrival_month"": ""2037-09"", ""actual_delivered_t"": 12.5, ""actual_delivery_share"": 1.0, ""eligible_t"": 12.5, ""order_month"": ""2036-09"", ""ordered_t"": 12.5, ""planned_arrival_month"": ""2037-09"", ""rejected_t"": 0.0, ""shipment_id"": ""S0021"", ""source_id"": ""A"", ""source_name"": ""Earth-Core""}, {""actual_arrival_month"": ""2037-10"", ""actual_delivered_t"": 12.5, ""actual_delivery_share"": 1.0, ""eligible_t"": 12.5, ""order_month"": ""2036-10"", ""ordered_t"": 12.5, ""planned_arrival_month"": ""2037-10"", ""rejected_t"": 0.0, ""shipment_id"": ""S0022"", ""source_id"": ""A"", ""source_name"": ""Earth-Core""}, {""actual_arrival_month"": ""2037-11"", ""actual_delivered_t"": 12.5, ""actual_delivery_share"": 1.0, ""eligible_t"": 12.5, ""order_month"": ""2036-11"", ""ordered_t"": 12.5, ""planned_arrival_month"": ""2037-11"", ""rejected_t"": 0.0, ""shipment_id"": ""S0023"", ""source_id"": ""A"", ""source_name"": ""Earth-Core""}, {""actual_arrival_month"": ""2037-12"", ""actual_delivered_t"": 12.5, ""actual_delivery_share"": 1.0, ""eligible_t"": 12.5, ""order_month"": ""2036-12"", ""ordered_t"": 12.5, ""planned_arrival_month"": ""2037-12"", ""rejected_t"": 0.0, ""shipment_id"": ""S0024"", ""source_id"": ""A"", ""source_name"": ""Earth-Core""}, {""actual_arrival_month"": ""2038-01"", ""actual_delivered_t"": 13.333333333333334, ""actual_delivery_share"": 1.0, ""eligible_t"": 13.333333333333334, ""order_month"": ""2037-01"", ""ordered_t"": 13.333333333333334, ""planned_arrival_month"": ""2038-01"", ""rejected_t"": 0.0, ""shipment_id"": ""S0025"", ""source_id"": ""A"", ""source_name"": ""Earth-Core""}, {""actual_arrival_month"": ""2037-02"", ""actual_delivered_t"": 0.4166666666666667, ""actual_delivery_share"": 1.0, ""eligible_t"": 0.4166666666666667, ""order_month"": ""2036-10"", ""ordered_t"": 0.4166666666666667, ""planned_arrival_month"": ""2037-02"", ""rejected_t"": 0.0, ""shipment_id"": ""S0082"", ""source_id"": ""B"", ""source_name"": ""Earth-Flex""}, {""actual_arrival_month"": ""2037-03"", ""actual_delivered_t"": 0.4166666666666667, ""actual_delivery_share"": 1.0, ""eligible_t"": 0.4166666666666667, ""order_month"": ""2036-11"", ""ordered_t"": 0.4166666666666667, ""planned_arrival_month"": ""2037-03"", ""rejected_t"": 0.0, ""shipment_id"": ""S0083"", ""source_id"": ""B"", ""source_name"": ""Earth-Flex""}, {""actual_arrival_month"": ""2037-04"", ""actual_delivered_t"": 0.4166666666666667, ""actual_delivery_share"": 1.0, ""eligible_t"": 0.4166666666666667, ""order_month"": ""2036-12"", ""ordered_t"": 0.4166666666666667, ""planned_arrival_month"": ""2037-04"", ""rejected_t"": 0.0, ""shipment_id"": ""S0084"", ""source_id"": ""B"", ""source_name"": ""Earth-Flex""}]","{""A"": 12.5, ""B"": 0.4166666666666667}","{""A"": 12.5, ""B"": 0.4166666666666667}",12.916666666666666,12.916666666666666,0.155,12.761666666666667,0.0,11.25,4.583333333333334,0.0,0.0,25.72166666666667,ZBO,120.0,0.012,"[""ZBO""]",1.6354500000000005,1.0,[]
2037-02,25.72166666666667,15.833333333333334,11.25,"{""A"": 160.0, ""B"": 0, ""C"": 60.0, ""D"": 0, ""E"": 0}","{""A"": 13.333333333333334, ""C"": 4.3636363636}","[{""actual_arrival_month"": ""2037-03"", ""actual_delivered_t"": 12.5, ""actual_delivery_share"": 1.0, ""eligible_t"": 12.5, ""order_month"": ""2036-03"", ""ordered_t"": 12.5, ""planned_arrival_month"": ""2037-03"", ""rejected_t"": 0.0, ""shipment_id"": ""S0015"", ""source_id"": ""A"", ""source_name"": ""Earth-Core""}, {""actual_arrival_month"": ""2037-04"", ""actual_delivered_t"": 12.5, ""actual_delivery_share"": 1.0, ""eligible_t"": 12.5, ""order_month"": ""2036-04"", ""ordered_t"": 12.5, ""planned_arrival_month"": ""2037-04"", ""rejected_t"": 0.0, ""shipment_id"": ""S0016"", ""source_id"": ""A"", ""source_name"": ""Earth-Core""}, {""actual_arrival_month"": ""2037-05"", ""actual_delivered_t"": 12.5, ""actual_delivery_share"": 1.0, ""eligible_t"": 12.5, ""order_month"": ""2036-05"", ""ordered_t"": 12.5, ""planned_arrival_month"": ""2037-05"", ""rejected_t"": 0.0, ""shipment_id"": ""S0017"", ""source_id"": ""A"", ""source_name"": ""Earth-Core""}, {""actual_arrival_month"": ""2037-06"", ""actual_delivered_t"": 12.5, ""actual_delivery_share"": 1.0, ""eligible_t"": 12.5, ""order_month"": ""2036-06"", ""ordered_t"": 12.5, ""planned_arrival_month"": ""2037-06"", ""rejected_t"": 0.0, ""shipment_id"": ""S0018"", ""source_id"": ""A"", ""source_name"": ""Earth-Core""}, {""actual_arrival_month"": ""2037-07"", ""actual_delivered_t"": 12.5, ""actual_delivery_share"": 1.0, ""eligible_t"": 12.5, ""order_month"": ""2036-07"", ""ordered_t"": 12.5, ""planned_arrival_month"": ""2037-07"", ""rejected_t"": 0.0, ""shipment_id"": ""S0019"", ""source_id"": ""A"", ""source_name"": ""Earth-Core""}, {""actual_arrival_month"": ""2037-08"", ""actual_delivered_t"": 12.5, ""actual_delivery_share"": 1.0, ""eligible_t"": 12.5, ""order_month"": ""2036-08"", ""ordered_t"": 12.5, ""planned_arrival_month"": ""2037-08"", ""rejected_t"": 0.0, ""shipment_id"": ""S0020"", ""source_id"": ""A"", ""source_name"": ""Earth-Core""}, {""actual_arrival_month"": ""2037-09"", ""actual_delivered_t"": 12.5, ""actual_delivery_share"": 1.0, ""eligible_t"": 12.5, ""order_month"": ""2036-09"", ""ordered_t"": 12.5, ""planned_arrival_month"": ""2037-09"", ""rejected_t"": 0.0, ""shipment_id"": ""S0021"", ""source_id"": ""A"", ""source_name"": ""Earth-Core""}, {""actual_arrival_month"": ""2037-10"", ""actual_delivered_t"": 12.5, ""actual_delivery_share"": 1.0, ""eligible_t"": 12.5, ""order_month"": ""2036-10"", ""ordered_t"": 12.5, ""planned_arrival_month"": ""2037-10"", ""rejected_t"": 0.0, ""shipment_id"": ""S0022"", ""source_id"": ""A"", ""source_name"": ""Earth-Core""}, {""actual_arrival_month"": ""2037-11"", ""actual_delivered_t"": 12.5, ""actual_delivery_share"": 1.0, ""eligible_t"": 12.5, ""order_month"": ""2036-11"", ""ordered_t"": 12.5, ""planned_arrival_month"": ""2037-11"", ""rejected_t"": 0.0, ""shipment_id"": ""S0023"", ""source_id"": ""A"", ""source_name"": ""Earth-Core""}, {""actual_arrival_month"": ""2037-12"", ""actual_delivered_t"": 12.5, ""actual_delivery_share"": 1.0, ""eligible_t"": 12.5, ""order_month"": ""2036-12"", ""ordered_t"": 12.5, ""planned_arrival_month"": ""2037-12"", ""rejected_t"": 0.0, ""shipment_id"": ""S0024"", ""source_id"": ""A"", ""source_name"": ""Earth-Core""}, {""actual_arrival_month"": ""2038-01"", ""actual_delivered_t"": 13.333333333333334, ""actual_delivery_share"": 1.0, ""eligible_t"": 13.333333333333334, ""order_month"": ""2037-01"", ""ordered_t"": 13.333333333333334, ""planned_arrival_month"": ""2038-01"", ""rejected_t"": 0.0, ""shipment_id"": ""S0025"", ""source_id"": ""A"", ""source_name"": ""Earth-Core""}, {""actual_arrival_month"": ""2038-02"", ""actual_delivered_t"": 13.333333333333334, ""actual_delivery_share"": 1.0, ""eligible_t"": 13.333333333333334, ""order_month"": ""2037-02"", ""ordered_t"": 13.333333333333334, ""planned_arrival_month"": ""2038-02"", ""rejected_t"": 0.0, ""shipment_id"": ""S0026"", ""source_id"": ""A"", ""source_name"": ""Earth-Core""}, {""actual_arrival_month"": ""2037-03"", ""actual_delivered_t"": 0.4166666666666667, ""actual_delivery_share"": 1.0, ""eligible_t"": 0.4166666666666667, ""order_month"": ""2036-11"", ""ordered_t"": 0.4166666666666667, ""planned_arrival_month"": ""2037-03"", ""rejected_t"": 0.0, ""shipment_id"": ""S0083"", ""source_id"": ""B"", ""source_name"": ""Earth-Flex""}, {""actual_arrival_month"": ""2037-04"", ""actual_delivered_t"": 0.4166666666666667, ""actual_delivery_share"": 1.0, ""eligible_t"": 0.4166666666666667, ""order_month"": ""2036-12"", ""ordered_t"": 0.4166666666666667, ""planned_arrival_month"": ""2037-04"", ""rejected_t"": 0.0, ""shipment_id"": ""S0084"", ""source_id"": ""B"", ""source_name"": ""Earth-Flex""}]","{""A"": 12.5, ""B"": 0.4166666666666667, ""C"": 4.3636363636}","{""A"": 12.5, ""B"": 0.4166666666666667, ""C"": 4.3636363636}",17.280303030266666,17.280303030266666,0.2073636363632,17.072939393903464,0.0,11.25,4.583333333333334,0.0,0.0,26.961272727236796,ZBO,120.0,0.012,"[""ZBO"", ""EARTH_NEW""]",1.5804881818171042,1.0,[]
2037-03,26.961272727236796,15.833333333333334,11.25,"{""A"": 160.0, ""B"": 0, ""C"": 60.0, ""D"": 0, ""E"": 0}","{""A"": 13.333333333333334, ""C"": 4.3636363636}","[{""actual_arrival_month"": ""2037-04"", ""actual_delivered_t"": 12.5, ""actual_delivery_share"": 1.0, ""eligible_t"": 12.5, ""order_month"": ""2036-04"", ""ordered_t"": 12.5, ""planned_arrival_month"": ""2037-04"", ""rejected_t"": 0.0, ""shipment_id"": ""S0016"", ""source_id"": ""A"", ""source_name"": ""Earth-Core""}, {""actual_arrival_month"": ""2037-05"", ""actual_delivered_t"": 12.5, ""actual_delivery_share"": 1.0, ""eligible_t"": 12.5, ""order_month"": ""2036-05"", ""ordered_t"": 12.5, ""planned_arrival_month"": ""2037-05"", ""rejected_t"": 0.0, ""shipment_id"": ""S0017"", ""source_id"": ""A"", ""source_name"": ""Earth-Core""}, {""actual_arrival_month"": ""2037-06"", ""actual_delivered_t"": 12.5, ""actual_delivery_share"": 1.0, ""eligible_t"": 12.5, ""order_month"": ""2036-06"", ""ordered_t"": 12.5, ""planned_arrival_month"": ""2037-06"", ""rejected_t"": 0.0, ""shipment_id"": ""S0018"", ""source_id"": ""A"", ""source_name"": ""Earth-Core""}, {""actual_arrival_month"": ""2037-07"", ""actual_delivered_t"": 12.5, ""actual_delivery_share"": 1.0, ""eligible_t"": 12.5, ""order_month"": ""2036-07"", ""ordered_t"": 12.5, ""planned_arrival_month"": ""2037-07"", ""rejected_t"": 0.0, ""shipment_id"": ""S0019"", ""source_id"": ""A"", ""source_name"": ""Earth-Core""}, {""actual_arrival_month"": ""2037-08"", ""actual_delivered_t"": 12.5, ""actual_delivery_share"": 1.0, ""eligible_t"": 12.5, ""order_month"": ""2036-08"", ""ordered_t"": 12.5, ""planned_arrival_month"": ""2037-08"", ""rejected_t"": 0.0, ""shipment_id"": ""S0020"", ""source_id"": ""A"", ""source_name"": ""Earth-Core""}, {""actual_arrival_month"": ""2037-09"", ""actual_delivered_t"": 12.5, ""actual_delivery_share"": 1.0, ""eligible_t"": 12.5, ""order_month"": ""2036-09"", ""ordered_t"": 12.5, ""planned_arrival_month"": ""2037-09"", ""rejected_t"": 0.0, ""shipment_id"": ""S0021"", ""source_id"": ""A"", ""source_name"": ""Earth-Core""}, {""actual_arrival_month"": ""2037-10"", ""actual_delivered_t"": 12.5, ""actual_delivery_share"": 1.0, ""eligible_t"": 12.5, ""order_month"": ""2036-10"", ""ordered_t"": 12.5, ""planned_arrival_month"": ""2037-10"", ""rejected_t"": 0.0, ""shipment_id"": ""S0022"", ""source_id"": ""A"", ""source_name"": ""Earth-Core""}, {""actual_arrival_month"": ""2037-11"", ""actual_delivered_t"": 12.5, ""actual_delivery_share"": 1.0, ""eligible_t"": 12.5, ""order_month"": ""2036-11"", ""ordered_t"": 12.5, ""planned_arrival_month"": ""2037-11"", ""rejected_t"": 0.0, ""shipment_id"": ""S0023"", ""source_id"": ""A"", ""source_name"": ""Earth-Core""}, {""actual_arrival_month"": ""2037-12"", ""actual_delivered_t"": 12.5, ""actual_delivery_share"": 1.0, ""eligible_t"": 12.5, ""order_month"": ""2036-12"", ""ordered_t"": 12.5, ""planned_arrival_month"": ""2037-12"", ""rejected_t"": 0.0, ""shipment_id"": ""S0024"", ""source_id"": ""A"", ""source_name"": ""Earth-Core""}, {""actual_arrival_month"": ""2038-01"", ""actual_delivered_t"": 13.333333333333334, ""actual_delivery_share"": 1.0, ""eligible_t"": 13.333333333333334, ""order_month"": ""2037-01"", ""ordered_t"": 13.333333333333334, ""planned_arrival_month"": ""2038-01"", ""rejected_t"": 0.0, ""shipment_id"": ""S0025"", ""source_id"": ""A"", ""source_name"": ""Earth-Core""}, {""actual_arrival_month"": ""2038-02"", ""actual_delivered_t"": 13.333333333333334, ""actual_delivery_share"": 1.0, ""eligible_t"": 13.333333333333334, ""order_month"": ""2037-02"", ""ordered_t"": 13.333333333333334, ""planned_arrival_month"": ""2038-02"", ""rejected_t"": 0.0, ""shipment_id"": ""S0026"", ""source_id"": ""A"", ""source_name"": ""Earth-Core""}, {""actual_arrival_month"": ""2038-03"", ""actual_delivered_t"": 13.333333333333334, ""actual_delivery_share"": 1.0, ""eligible_t"": 13.333333333333334, ""order_month"": ""2037-03"", ""ordered_t"": 13.333333333333334, ""planned_arrival_month"": ""2038-03"", ""rejected_t"": 0.0, ""shipment_id"": ""S0027"", ""source_id"": ""A"", ""source_name"": ""Earth-Core""}, {""actual_arrival_month"": ""2037-04"", ""actual_delivered_t"": 0.4166666666666667, ""actual_delivery_share"": 1.0, ""eligible_t"": 0.4166666666666667, ""order_month"": ""2036-12"", ""ordered_t"": 0.4166666666666667, ""planned_arrival_month"": ""2037-04"", ""rejected_t"": 0.0, ""shipment_id"": ""S0084"", ""source_id"": ""B"", ""source_name"": ""Earth-Flex""}]","{""A"": 12.5, ""B"": 0.4166666666666667, ""C"": 4.3636363636}","{""A"": 12.5, ""B"": 0.4166666666666667, ""C"": 4.3636363636}",17.280303030266666,17.280303030266666,0.2073636363632,17.072939393903464,0.0,11.25,4.583333333333334,0.0,0.0,28.20087878780692,ZBO,120.0,0.012,"[""ZBO"", ""EARTH_NEW""]",1.6548645454513116,1.0,[]
2037-04,28.20087878780692,15.833333333333334,11.25,"{""A"": 160.0, ""B"": 0, ""C"": 60.0, ""D"": 0, ""E"": 0}","{""A"": 13.333333333333334, ""C"": 4.3636363636}","[{""actual_arrival_month"": ""2037-05"", ""actual_delivered_t"": 12.5, ""actual_delivery_share"": 1.0, ""eligible_t"": 12.5, ""order_month"": ""2036-05"", ""ordered_t"": 12.5, ""planned_arrival_month"": ""2037-05"", ""rejected_t"": 0.0, ""shipment_id"": ""S0017"", ""source_id"": ""A"", ""source_name"": ""Earth-Core""}, {""actual_arrival_month"": ""2037-06"", ""actual_delivered_t"": 12.5, ""actual_delivery_share"": 1.0, ""eligible_t"": 12.5, ""order_month"": ""2036-06"", ""ordered_t"": 12.5, ""planned_arrival_month"": ""2037-06"", ""rejected_t"": 0.0, ""shipment_id"": ""S0018"", ""source_id"": ""A"", ""source_name"": ""Earth-Core""}, {""actual_arrival_month"": ""2037-07"", ""actual_delivered_t"": 12.5, ""actual_delivery_share"": 1.0, ""eligible_t"": 12.5, ""order_month"": ""2036-07"", ""ordered_t"": 12.5, ""planned_arrival_month"": ""2037-07"", ""rejected_t"": 0.0, ""shipment_id"": ""S0019"", ""source_id"": ""A"", ""source_name"": ""Earth-Core""}, {""actual_arrival_month"": ""2037-08"", ""actual_delivered_t"": 12.5, ""actual_delivery_share"": 1.0, ""eligible_t"": 12.5, ""order_month"": ""2036-08"", ""ordered_t"": 12.5, ""planned_arrival_month"": ""2037-08"", ""rejected_t"": 0.0, ""shipment_id"": ""S0020"", ""source_id"": ""A"", ""source_name"": ""Earth-Core""}, {""actual_arrival_month"": ""2037-09"", ""actual_delivered_t"": 12.5, ""actual_delivery_share"": 1.0, ""eligible_t"": 12.5, ""order_month"": ""2036-09"", ""ordered_t"": 12.5, ""planned_arrival_month"": ""2037-09"", ""rejected_t"": 0.0, ""shipment_id"": ""S0021"", ""source_id"": ""A"", ""source_name"": ""Earth-Core""}, {""actual_arrival_month"": ""2037-10"", ""actual_delivered_t"": 12.5, ""actual_delivery_share"": 1.0, ""eligible_t"": 12.5, ""order_month"": ""2036-10"", ""ordered_t"": 12.5, ""planned_arrival_month"": ""2037-10"", ""rejected_t"": 0.0, ""shipment_id"": ""S0022"", ""source_id"": ""A"", ""source_name"": ""Earth-Core""}, {""actual_arrival_month"": ""2037-11"", ""actual_delivered_t"": 12.5, ""actual_delivery_share"": 1.0, ""eligible_t"": 12.5, ""order_month"": ""2036-11"", ""ordered_t"": 12.5, ""planned_arrival_month"": ""2037-11"", ""rejected_t"": 0.0, ""shipment_id"": ""S0023"", ""source_id"": ""A"", ""source_name"": ""Earth-Core""}, {""actual_arrival_month"": ""2037-12"", ""actual_delivered_t"": 12.5, ""actual_delivery_share"": 1.0, ""eligible_t"": 12.5, ""order_month"": ""2036-12"", ""ordered_t"": 12.5, ""planned_arrival_month"": ""2037-12"", ""rejected_t"": 0.0, ""shipment_id"": ""S0024"", ""source_id"": ""A"", ""source_name"": ""Earth-Core""}, {""actual_arrival_month"": ""2038-01"", ""actual_delivered_t"": 13.333333333333334, ""actual_delivery_share"": 1.0, ""eligible_t"": 13.333333333333334, ""order_month"": ""2037-01"", ""ordered_t"": 13.333333333333334, ""planned_arrival_month"": ""2038-01"", ""rejected_t"": 0.0, ""shipment_id"": ""S0025"", ""source_id"": ""A"", ""source_name"": ""Earth-Core""}, {""actual_arrival_month"": ""2038-02"", ""actual_delivered_t"": 13.333333333333334, ""actual_delivery_share"": 1.0, ""eligible_t"": 13.333333333333334, ""order_month"": ""2037-02"", ""ordered_t"": 13.333333333333334, ""planned_arrival_month"": ""2038-02"", ""rejected_t"": 0.0, ""shipment_id"": ""S0026"", ""source_id"": ""A"", ""source_name"": ""Earth-Core""}, {""actual_arrival_month"": ""2038-03"", ""actual_delivered_t"": 13.333333333333334, ""actual_delivery_share"": 1.0, ""eligible_t"": 13.333333333333334, ""order_month"": ""2037-03"", ""ordered_t"": 13.333333333333334, ""planned_arrival_month"": ""2038-03"", ""rejected_t"": 0.0, ""shipment_id"": ""S0027"", ""source_id"": ""A"", ""source_name"": ""Earth-Core""}, {""actual_arrival_month"": ""2038-04"", ""actual_delivered_t"": 13.333333333333334, ""actual_delivery_share"": 1.0, ""eligible_t"": 13.333333333333334, ""order_month"": ""2037-04"", ""ordered_t"": 13.333333333333334, ""planned_arrival_month"": ""2038-04"", ""rejected_t"": 0.0, ""shipment_id"": ""S0028"", ""source_id"": ""A"", ""source_name"": ""Earth-Core""}]","{""A"": 12.5, ""B"": 0.4166666666666667, ""C"": 4.3636363636}","{""A"": 12.5, ""B"": 0.4166666666666667, ""C"": 4.3636363636}",17.280303030266666,17.280303030266666,0.2073636363632,17.072939393903464,0.0,11.25,4.583333333333334,0.0,0.0,29.440484848377046,ZBO,120.0,0.012,"[""ZBO"", ""EARTH_NEW""]",1.729240909085519,1.0,[]
2037-05,29.440484848377046,15.833333333333334,11.25,"{""A"": 160.0, ""B"": 0, ""C"": 60.0, ""D"": 0, ""E"": 0}","{""A"": 13.333333333333334, ""C"": 4.3636363636}","[{""actual_arrival_month"": ""2037-06"", ""actual_delivered_t"": 12.5, ""actual_delivery_share"": 1.0, ""eligible_t"": 12.5, ""order_month"": ""2036-06"", ""ordered_t"": 12.5, ""planned_arrival_month"": ""2037-06"", ""rejected_t"": 0.0, ""shipment_id"": ""S0018"", ""source_id"": ""A"", ""source_name"": ""Earth-Core""}, {""actual_arrival_month"": ""2037-07"", ""actual_delivered_t"": 12.5, ""actual_delivery_share"": 1.0, ""eligible_t"": 12.5, ""order_month"": ""2036-07"", ""ordered_t"": 12.5, ""planned_arrival_month"": ""2037-07"", ""rejected_t"": 0.0, ""shipment_id"": ""S0019"", ""source_id"": ""A"", ""source_name"": ""Earth-Core""}, {""actual_arrival_month"": ""2037-08"", ""actual_delivered_t"": 12.5, ""actual_delivery_share"": 1.0, ""eligible_t"": 12.5, ""order_month"": ""2036-08"", ""ordered_t"": 12.5, ""planned_arrival_month"": ""2037-08"", ""rejected_t"": 0.0, ""shipment_id"": ""S0020"", ""source_id"": ""A"", ""source_name"": ""Earth-Core""}, {""actual_arrival_month"": ""2037-09"", ""actual_delivered_t"": 12.5, ""actual_delivery_share"": 1.0, ""eligible_t"": 12.5, ""order_month"": ""2036-09"", ""ordered_t"": 12.5, ""planned_arrival_month"": ""2037-09"", ""rejected_t"": 0.0, ""shipment_id"": ""S0021"", ""source_id"": ""A"", ""source_name"": ""Earth-Core""}, {""actual_arrival_month"": ""2037-10"", ""actual_delivered_t"": 12.5, ""actual_delivery_share"": 1.0, ""eligible_t"": 12.5, ""order_month"": ""2036-10"", ""ordered_t"": 12.5, ""planned_arrival_month"": ""2037-10"", ""rejected_t"": 0.0, ""shipment_id"": ""S0022"", ""source_id"": ""A"", ""source_name"": ""Earth-Core""}, {""actual_arrival_month"": ""2037-11"", ""actual_delivered_t"": 12.5, ""actual_delivery_share"": 1.0, ""eligible_t"": 12.5, ""order_month"": ""2036-11"", ""ordered_t"": 12.5, ""planned_arrival_month"": ""2037-11"", ""rejected_t"": 0.0, ""shipment_id"": ""S0023"", ""source_id"": ""A"", ""source_name"": ""Earth-Core""}, {""actual_arrival_month"": ""2037-12"", ""actual_delivered_t"": 12.5, ""actual_delivery_share"": 1.0, ""eligible_t"": 12.5, ""order_month"": ""2036-12"", ""ordered_t"": 12.5, ""planned_arrival_month"": ""2037-12"", ""rejected_t"": 0.0, ""shipment_id"": ""S0024"", ""source_id"": ""A"", ""source_name"": ""Earth-Core""}, {""actual_arrival_month"": ""2038-01"", ""actual_delivered_t"": 13.333333333333334, ""actual_delivery_share"": 1.0, ""eligible_t"": 13.333333333333334, ""order_month"": ""2037-01"", ""ordered_t"": 13.333333333333334, ""planned_arrival_month"": ""2038-01"", ""rejected_t"": 0.0, ""shipment_id"": ""S0025"", ""source_id"": ""A"", ""source_name"": ""Earth-Core""}, {""actual_arrival_month"": ""2038-02"", ""actual_delivered_t"": 13.333333333333334, ""actual_delivery_share"": 1.0, ""eligible_t"": 13.333333333333334, ""order_month"": ""2037-02"", ""ordered_t"": 13.333333333333334, ""planned_arrival_month"": ""2038-02"", ""rejected_t"": 0.0, ""shipment_id"": ""S0026"", ""source_id"": ""A"", ""source_name"": ""Earth-Core""}, {""actual_arrival_month"": ""2038-03"", ""actual_delivered_t"": 13.333333333333334, ""actual_delivery_share"": 1.0, ""eligible_t"": 13.333333333333334, ""order_month"": ""2037-03"", ""ordered_t"": 13.333333333333334, ""planned_arrival_month"": ""2038-03"", ""rejected_t"": 0.0, ""shipment_id"": ""S0027"", ""source_id"": ""A"", ""source_name"": ""Earth-Core""}, {""actual_arrival_month"": ""2038-04"", ""actual_delivered_t"": 13.333333333333334, ""actual_delivery_share"": 1.0, ""eligible_t"": 13.333333333333334, ""order_month"": ""2037-04"", ""ordered_t"": 13.333333333333334, ""planned_arrival_month"": ""2038-04"", ""rejected_t"": 0.0, ""shipment_id"": ""S0028"", ""source_id"": ""A"", ""source_name"": ""Earth-Core""}, {""actual_arrival_month"": ""2038-05"", ""actual_delivered_t"": 13.333333333333334, ""actual_delivery_share"": 1.0, ""eligible_t"": 13.333333333333334, ""order_month"": ""2037-05"", ""ordered_t"": 13.333333333333334, ""planned_arrival_month"": ""2038-05"", ""rejected_t"": 0.0, ""shipment_id"": ""S0029"", ""source_id"": ""A"", ""source_name"": ""Earth-Core""}]","{""A"": 12.5, ""C"": 4.3636363636}","{""A"": 12.5, ""C"": 4.3636363636}",16.8636363636,16.8636363636,0.2023636363632,16.661272727236803,0.0,11.25,4.583333333333334,0.0,0.0,30.26842424228051,ZBO,120.0,0.012,"[""ZBO"", ""EARTH_NEW""]",1.7912672727197265,1.0,[]
2037-06,30.26842424228051,15.833333333333334,11.25,"{""A"": 160.0, ""B"": 0, ""C"": 60.0, ""D"": 0, ""E"": 0}","{""A"": 13.333333333333334, ""C"": 4.3636363636}","[{""actual_arrival_month"": ""2037-07"", ""actual_delivered_t"": 12.5, ""actual_delivery_share"": 1.0, ""eligible_t"": 12.5, ""order_month"": ""2036-07"", ""ordered_t"": 12.5, ""planned_arrival_month"": ""2037-07"", ""rejected_t"": 0.0, ""shipment_id"": ""S0019"", ""source_id"": ""A"", ""source_name"": ""Earth-Core""}, {""actual_arrival_month"": ""2037-08"", ""actual_delivered_t"": 12.5, ""actual_delivery_share"": 1.0, ""eligible_t"": 12.5, ""order_month"": ""2036-08"", ""ordered_t"": 12.5, ""planned_arrival_month"": ""2037-08"", ""rejected_t"": 0.0, ""shipment_id"": ""S0020"", ""source_id"": ""A"", ""source_name"": ""Earth-Core""}, {""actual_arrival_month"": ""2037-09"", ""actual_delivered_t"": 12.5, ""actual_delivery_share"": 1.0, ""eligible_t"": 12.5, ""order_month"": ""2036-09"", ""ordered_t"": 12.5, ""planned_arrival_month"": ""2037-09"", ""rejected_t"": 0.0, ""shipment_id"": ""S0021"", ""source_id"": ""A"", ""source_name"": ""Earth-Core""}, {""actual_arrival_month"": ""2037-10"", ""actual_delivered_t"": 12.5, ""actual_delivery_share"": 1.0, ""eligible_t"": 12.5, ""order_month"": ""2036-10"", ""ordered_t"": 12.5, ""planned_arrival_month"": ""2037-10"", ""rejected_t"": 0.0, ""shipment_id"": ""S0022"", ""source_id"": ""A"", ""source_name"": ""Earth-Core""}, {""actual_arrival_month"": ""2037-11"", ""actual_delivered_t"": 12.5, ""actual_delivery_share"": 1.0, ""eligible_t"": 12.5, ""order_month"": ""2036-11"", ""ordered_t"": 12.5, ""planned_arrival_month"": ""2037-11"", ""rejected_t"": 0.0, ""shipment_id"": ""S0023"", ""source_id"": ""A"", ""source_name"": ""Earth-Core""}, {""actual_arrival_month"": ""2037-12"", ""actual_delivered_t"": 12.5, ""actual_delivery_share"": 1.0, ""eligible_t"": 12.5, ""order_month"": ""2036-12"", ""ordered_t"": 12.5, ""planned_arrival_month"": ""2037-12"", ""rejected_t"": 0.0, ""shipment_id"": ""S0024"", ""source_id"": ""A"", ""source_name"": ""Earth-Core""}, {""actual_arrival_month"": ""2038-01"", ""actual_delivered_t"": 13.333333333333334, ""actual_delivery_share"": 1.0, ""eligible_t"": 13.333333333333334, ""order_month"": ""2037-01"", ""ordered_t"": 13.333333333333334, ""planned_arrival_month"": ""2038-01"", ""rejected_t"": 0.0, ""shipment_id"": ""S0025"", ""source_id"": ""A"", ""source_name"": ""Earth-Core""}, {""actual_arrival_month"": ""2038-02"", ""actual_delivered_t"": 13.333333333333334, ""actual_delivery_share"": 1.0, ""eligible_t"": 13.333333333333334, ""order_month"": ""2037-02"", ""ordered_t"": 13.333333333333334, ""planned_arrival_month"": ""2038-02"", ""rejected_t"": 0.0, ""shipment_id"": ""S0026"", ""source_id"": ""A"", ""source_name"": ""Earth-Core""}, {""actual_arrival_month"": ""2038-03"", ""actual_delivered_t"": 13.333333333333334, ""actual_delivery_share"": 1.0, ""eligible_t"": 13.333333333333334, ""order_month"": ""2037-03"", ""ordered_t"": 13.333333333333334, ""planned_arrival_month"": ""2038-03"", ""rejected_t"": 0.0, ""shipment_id"": ""S0027"", ""source_id"": ""A"", ""source_name"": ""Earth-Core""}, {""actual_arrival_month"": ""2038-04"", ""actual_delivered_t"": 13.333333333333334, ""actual_delivery_share"": 1.0, ""eligible_t"": 13.333333333333334, ""order_month"": ""2037-04"", ""ordered_t"": 13.333333333333334, ""planned_arrival_month"": ""2038-04"", ""rejected_t"": 0.0, ""shipment_id"": ""S0028"", ""source_id"": ""A"", ""source_name"": ""Earth-Core""}, {""actual_arrival_month"": ""2038-05"", ""actual_delivered_t"": 13.333333333333334, ""actual_delivery_share"": 1.0, ""eligible_t"": 13.333333333333334, ""order_month"": ""2037-05"", ""ordered_t"": 13.333333333333334, ""planned_arrival_month"": ""2038-05"", ""rejected_t"": 0.0, ""shipment_id"": ""S0029"", ""source_id"": ""A"", ""source_name"": ""Earth-Core""}, {""actual_arrival_month"": ""2038-06"", ""actual_delivered_t"": 13.333333333333334, ""actual_delivery_share"": 1.0, ""eligible_t"": 13.333333333333334, ""order_month"": ""2037-06"", ""ordered_t"": 13.333333333333334, ""planned_arrival_month"": ""2038-06"", ""rejected_t"": 0.0, ""shipment_id"": ""S0030"", ""source_id"": ""A"", ""source_name"": ""Earth-Core""}]","{""A"": 12.5, ""C"": 4.3636363636}","{""A"": 12.5, ""C"": 4.3636363636}",16.8636363636,16.8636363636,0.2023636363632,16.661272727236803,0.0,11.25,4.583333333333334,0.0,0.0,31.096363636183973,ZBO,120.0,0.012,"[""ZBO"", ""EARTH_NEW""]",1.8409436363539344,1.0,[]
2037-07,31.096363636183973,15.833333333333334,11.25,"{""A"": 160.0, ""B"": 0, ""C"": 60.0, ""D"": 0, ""E"": 0}","{""A"": 13.333333333333334, ""C"": 4.3636363636}","[{""actual_arrival_month"": ""2037-08"", ""actual_delivered_t"": 12.5, ""actual_delivery_share"": 1.0, ""eligible_t"": 12.5, ""order_month"": ""2036-08"", ""ordered_t"": 12.5, ""planned_arrival_month"": ""2037-08"", ""rejected_t"": 0.0, ""shipment_id"": ""S0020"", ""source_id"": ""A"", ""source_name"": ""Earth-Core""}, {""actual_arrival_month"": ""2037-09"", ""actual_delivered_t"": 12.5, ""actual_delivery_share"": 1.0, ""eligible_t"": 12.5, ""order_month"": ""2036-09"", ""ordered_t"": 12.5, ""planned_arrival_month"": ""2037-09"", ""rejected_t"": 0.0, ""shipment_id"": ""S0021"", ""source_id"": ""A"", ""source_name"": ""Earth-Core""}, {""actual_arrival_month"": ""2037-10"", ""actual_delivered_t"": 12.5, ""actual_delivery_share"": 1.0, ""eligible_t"": 12.5, ""order_month"": ""2036-10"", ""ordered_t"": 12.5, ""planned_arrival_month"": ""2037-10"", ""rejected_t"": 0.0, ""shipment_id"": ""S0022"", ""source_id"": ""A"", ""source_name"": ""Earth-Core""}, {""actual_arrival_month"": ""2037-11"", ""actual_delivered_t"": 12.5, ""actual_delivery_share"": 1.0, ""eligible_t"": 12.5, ""order_month"": ""2036-11"", ""ordered_t"": 12.5, ""planned_arrival_month"": ""2037-11"", ""rejected_t"": 0.0, ""shipment_id"": ""S0023"", ""source_id"": ""A"", ""source_name"": ""Earth-Core""}, {""actual_arrival_month"": ""2037-12"", ""actual_delivered_t"": 12.5, ""actual_delivery_share"": 1.0, ""eligible_t"": 12.5, ""order_month"": ""2036-12"", ""ordered_t"": 12.5, ""planned_arrival_month"": ""2037-12"", ""rejected_t"": 0.0, ""shipment_id"": ""S0024"", ""source_id"": ""A"", ""source_name"": ""Earth-Core""}, {""actual_arrival_month"": ""2038-01"", ""actual_delivered_t"": 13.333333333333334, ""actual_delivery_share"": 1.0, ""eligible_t"": 13.333333333333334, ""order_month"": ""2037-01"", ""ordered_t"": 13.333333333333334, ""planned_arrival_month"": ""2038-01"", ""rejected_t"": 0.0, ""shipment_id"": ""S0025"", ""source_id"": ""A"", ""source_name"": ""Earth-Core""}, {""actual_arrival_month"": ""2038-02"", ""actual_delivered_t"": 13.333333333333334, ""actual_delivery_share"": 1.0, ""eligible_t"": 13.333333333333334, ""order_month"": ""2037-02"", ""ordered_t"": 13.333333333333334, ""planned_arrival_month"": ""2038-02"", ""rejected_t"": 0.0, ""shipment_id"": ""S0026"", ""source_id"": ""A"", ""source_name"": ""Earth-Core""}, {""actual_arrival_month"": ""2038-03"", ""actual_delivered_t"": 13.333333333333334, ""actual_delivery_share"": 1.0, ""eligible_t"": 13.333333333333334, ""order_month"": ""2037-03"", ""ordered_t"": 13.333333333333334, ""planned_arrival_month"": ""2038-03"", ""rejected_t"": 0.0, ""shipment_id"": ""S0027"", ""source_id"": ""A"", ""source_name"": ""Earth-Core""}, {""actual_arrival_month"": ""2038-04"", ""actual_delivered_t"": 13.333333333333334, ""actual_delivery_share"": 1.0, ""eligible_t"": 13.333333333333334, ""order_month"": ""2037-04"", ""ordered_t"": 13.333333333333334, ""planned_arrival_month"": ""2038-04"", ""rejected_t"": 0.0, ""shipment_id"": ""S0028"", ""source_id"": ""A"", ""source_name"": ""Earth-Core""}, {""actual_arrival_month"": ""2038-05"", ""actual_delivered_t"": 13.333333333333334, ""actual_delivery_share"": 1.0, ""eligible_t"": 13.333333333333334, ""order_month"": ""2037-05"", ""ordered_t"": 13.333333333333334, ""planned_arrival_month"": ""2038-05"", ""rejected_t"": 0.0, ""shipment_id"": ""S0029"", ""source_id"": ""A"", ""source_name"": ""Earth-Core""}, {""actual_arrival_month"": ""2038-06"", ""actual_delivered_t"": 13.333333333333334, ""actual_delivery_share"": 1.0, ""eligible_t"": 13.333333333333334, ""order_month"": ""2037-06"", ""ordered_t"": 13.333333333333334, ""planned_arrival_month"": ""2038-06"", ""rejected_t"": 0.0, ""shipment_id"": ""S0030"", ""source_id"": ""A"", ""source_name"": ""Earth-Core""}, {""actual_arrival_month"": ""2038-07"", ""actual_delivered_t"": 13.333333333333334, ""actual_delivery_share"": 1.0, ""eligible_t"": 13.333333333333334, ""order_month"": ""2037-07"", ""ordered_t"": 13.333333333333334, ""planned_arrival_month"": ""2038-07"", ""rejected_t"": 0.0, ""shipment_id"": ""S0031"", ""source_id"": ""A"", ""source_name"": ""Earth-Core""}]","{""A"": 12.5, ""C"": 4.3636363636}","{""A"": 12.5, ""C"": 4.3636363636}",16.8636363636,16.8636363636,0.2023636363632,16.661272727236803,0.0,11.25,4.583333333333334,0.0,0.0,31.924303030087437,ZBO,120.0,0.012,"[""ZBO"", ""EARTH_NEW""]",1.8906199999881421,1.0,[]
2037-08,31.924303030087437,15.833333333333334,11.25,"{""A"": 160.0, ""B"": 0, ""C"": 60.0, ""D"": 0, ""E"": 0}","{""A"": 13.333333333333334, ""C"": 4.3636363636}","[{""actual_arrival_month"": ""2037-09"", ""actual_delivered_t"": 12.5, ""actual_delivery_share"": 1.0, ""eligible_t"": 12.5, ""order_month"": ""2036-09"", ""ordered_t"": 12.5, ""planned_arrival_month"": ""2037-09"", ""rejected_t"": 0.0, ""shipment_id"": ""S0021"", ""source_id"": ""A"", ""source_name"": ""Earth-Core""}, {""actual_arrival_month"": ""2037-10"", ""actual_delivered_t"": 12.5, ""actual_delivery_share"": 1.0, ""eligible_t"": 12.5, ""order_month"": ""2036-10"", ""ordered_t"": 12.5, ""planned_arrival_month"": ""2037-10"", ""rejected_t"": 0.0, ""shipment_id"": ""S0022"", ""source_id"": ""A"", ""source_name"": ""Earth-Core""}, {""actual_arrival_month"": ""2037-11"", ""actual_delivered_t"": 12.5, ""actual_delivery_share"": 1.0, ""eligible_t"": 12.5, ""order_month"": ""2036-11"", ""ordered_t"": 12.5, ""planned_arrival_month"": ""2037-11"", ""rejected_t"": 0.0, ""shipment_id"": ""S0023"", ""source_id"": ""A"", ""source_name"": ""Earth-Core""}, {""actual_arrival_month"": ""2037-12"", ""actual_delivered_t"": 12.5, ""actual_delivery_share"": 1.0, ""eligible_t"": 12.5, ""order_month"": ""2036-12"", ""ordered_t"": 12.5, ""planned_arrival_month"": ""2037-12"", ""rejected_t"": 0.0, ""shipment_id"": ""S0024"", ""source_id"": ""A"", ""source_name"": ""Earth-Core""}, {""actual_arrival_month"": ""2038-01"", ""actual_delivered_t"": 13.333333333333334, ""actual_delivery_share"": 1.0, ""eligible_t"": 13.333333333333334, ""order_month"": ""2037-01"", ""ordered_t"": 13.333333333333334, ""planned_arrival_month"": ""2038-01"", ""rejected_t"": 0.0, ""shipment_id"": ""S0025"", ""source_id"": ""A"", ""source_name"": ""Earth-Core""}, {""actual_arrival_month"": ""2038-02"", ""actual_delivered_t"": 13.333333333333334, ""actual_delivery_share"": 1.0, ""eligible_t"": 13.333333333333334, ""order_month"": ""2037-02"", ""ordered_t"": 13.333333333333334, ""planned_arrival_month"": ""2038-02"", ""rejected_t"": 0.0, ""shipment_id"": ""S0026"", ""source_id"": ""A"", ""source_name"": ""Earth-Core""}, {""actual_arrival_month"": ""2038-03"", ""actual_delivered_t"": 13.333333333333334, ""actual_delivery_share"": 1.0, ""eligible_t"": 13.333333333333334, ""order_month"": ""2037-03"", ""ordered_t"": 13.333333333333334, ""planned_arrival_month"": ""2038-03"", ""rejected_t"": 0.0, ""shipment_id"": ""S0027"", ""source_id"": ""A"", ""source_name"": ""Earth-Core""}, {""actual_arrival_month"": ""2038-04"", ""actual_delivered_t"": 13.333333333333334, ""actual_delivery_share"": 1.0, ""eligible_t"": 13.333333333333334, ""order_month"": ""2037-04"", ""ordered_t"": 13.333333333333334, ""planned_arrival_month"": ""2038-04"", ""rejected_t"": 0.0, ""shipment_id"": ""S0028"", ""source_id"": ""A"", ""source_name"": ""Earth-Core""}, {""actual_arrival_month"": ""2038-05"", ""actual_delivered_t"": 13.333333333333334, ""actual_delivery_share"": 1.0, ""eligible_t"": 13.333333333333334, ""order_month"": ""2037-05"", ""ordered_t"": 13.333333333333334, ""planned_arrival_month"": ""2038-05"", ""rejected_t"": 0.0, ""shipment_id"": ""S0029"", ""source_id"": ""A"", ""source_name"": ""Earth-Core""}, {""actual_arrival_month"": ""2038-06"", ""actual_delivered_t"": 13.333333333333334, ""actual_delivery_share"": 1.0, ""eligible_t"": 13.333333333333334, ""order_month"": ""2037-06"", ""ordered_t"": 13.333333333333334, ""planned_arrival_month"": ""2038-06"", ""rejected_t"": 0.0, ""shipment_id"": ""S0030"", ""source_id"": ""A"", ""source_name"": ""Earth-Core""}, {""actual_arrival_month"": ""2038-07"", ""actual_delivered_t"": 13.333333333333334, ""actual_delivery_share"": 1.0, ""eligible_t"": 13.333333333333334, ""order_month"": ""2037-07"", ""ordered_t"": 13.333333333333334, ""planned_arrival_month"": ""2038-07"", ""rejected_t"": 0.0, ""shipment_id"": ""S0031"", ""source_id"": ""A"", ""source_name"": ""Earth-Core""}, {""actual_arrival_month"": ""2038-08"", ""actual_delivered_t"": 13.333333333333334, ""actual_delivery_share"": 1.0, ""eligible_t"": 13.333333333333334, ""order_month"": ""2037-08"", ""ordered_t"": 13.333333333333334, ""planned_arrival_month"": ""2038-08"", ""rejected_t"": 0.0, ""shipment_id"": ""S0032"", ""source_id"": ""A"", ""source_name"": ""Earth-Core""}]","{""A"": 12.5, ""C"": 4.3636363636}","{""A"": 12.5, ""C"": 4.3636363636}",16.8636363636,16.8636363636,0.2023636363632,16.661272727236803,0.0,11.25,4.583333333333334,0.0,0.0,32.7522424239909,ZBO,120.0,0.012,"[""ZBO"", ""EARTH_NEW""]",1.94029636362235,1.0,[]
2037-09,32.7522424239909,15.833333333333334,11.25,"{""A"": 160.0, ""B"": 0, ""C"": 60.0, ""D"": 0, ""E"": 0}","{""A"": 13.333333333333334, ""C"": 4.3636363636}","[{""actual_arrival_month"": ""2037-10"", ""actual_delivered_t"": 12.5, ""actual_delivery_share"": 1.0, ""eligible_t"": 12.5, ""order_month"": ""2036-10"", ""ordered_t"": 12.5, ""planned_arrival_month"": ""2037-10"", ""rejected_t"": 0.0, ""shipment_id"": ""S0022"", ""source_id"": ""A"", ""source_name"": ""Earth-Core""}, {""actual_arrival_month"": ""2037-11"", ""actual_delivered_t"": 12.5, ""actual_delivery_share"": 1.0, ""eligible_t"": 12.5, ""order_month"": ""2036-11"", ""ordered_t"": 12.5, ""planned_arrival_month"": ""2037-11"", ""rejected_t"": 0.0, ""shipment_id"": ""S0023"", ""source_id"": ""A"", ""source_name"": ""Earth-Core""}, {""actual_arrival_month"": ""2037-12"", ""actual_delivered_t"": 12.5, ""actual_delivery_share"": 1.0, ""eligible_t"": 12.5, ""order_month"": ""2036-12"", ""ordered_t"": 12.5, ""planned_arrival_month"": ""2037-12"", ""rejected_t"": 0.0, ""shipment_id"": ""S0024"", ""source_id"": ""A"", ""source_name"": ""Earth-Core""}, {""actual_arrival_month"": ""2038-01"", ""actual_delivered_t"": 13.333333333333334, ""actual_delivery_share"": 1.0, ""eligible_t"": 13.333333333333334, ""order_month"": ""2037-01"", ""ordered_t"": 13.333333333333334, ""planned_arrival_month"": ""2038-01"", ""rejected_t"": 0.0, ""shipment_id"": ""S0025"", ""source_id"": ""A"", ""source_name"": ""Earth-Core""}, {""actual_arrival_month"": ""2038-02"", ""actual_delivered_t"": 13.333333333333334, ""actual_delivery_share"": 1.0, ""eligible_t"": 13.333333333333334, ""order_month"": ""2037-02"", ""ordered_t"": 13.333333333333334, ""planned_arrival_month"": ""2038-02"", ""rejected_t"": 0.0, ""shipment_id"": ""S0026"", ""source_id"": ""A"", ""source_name"": ""Earth-Core""}, {""actual_arrival_month"": ""2038-03"", ""actual_delivered_t"": 13.333333333333334, ""actual_delivery_share"": 1.0, ""eligible_t"": 13.333333333333334, ""order_month"": ""2037-03"", ""ordered_t"": 13.333333333333334, ""planned_arrival_month"": ""2038-03"", ""rejected_t"": 0.0, ""shipment_id"": ""S0027"", ""source_id"": ""A"", ""source_name"": ""Earth-Core""}, {""actual_arrival_month"": ""2038-04"", ""actual_delivered_t"": 13.333333333333334, ""actual_delivery_share"": 1.0, ""eligible_t"": 13.333333333333334, ""order_month"": ""2037-04"", ""ordered_t"": 13.333333333333334, ""planned_arrival_month"": ""2038-04"", ""rejected_t"": 0.0, ""shipment_id"": ""S0028"", ""source_id"": ""A"", ""source_name"": ""Earth-Core""}, {""actual_arrival_month"": ""2038-05"", ""actual_delivered_t"": 13.333333333333334, ""actual_delivery_share"": 1.0, ""eligible_t"": 13.333333333333334, ""order_month"": ""2037-05"", ""ordered_t"": 13.333333333333334, ""planned_arrival_month"": ""2038-05"", ""rejected_t"": 0.0, ""shipment_id"": ""S0029"", ""source_id"": ""A"", ""source_name"": ""Earth-Core""}, {""actual_arrival_month"": ""2038-06"", ""actual_delivered_t"": 13.333333333333334, ""actual_delivery_share"": 1.0, ""eligible_t"": 13.333333333333334, ""order_month"": ""2037-06"", ""ordered_t"": 13.333333333333334, ""planned_arrival_month"": ""2038-06"", ""rejected_t"": 0.0, ""shipment_id"": ""S0030"", ""source_id"": ""A"", ""source_name"": ""Earth-Core""}, {""actual_arrival_month"": ""2038-07"", ""actual_delivered_t"": 13.333333333333334, ""actual_delivery_share"": 1.0, ""eligible_t"": 13.333333333333334, ""order_month"": ""2037-07"", ""ordered_t"": 13.333333333333334, ""planned_arrival_month"": ""2038-07"", ""rejected_t"": 0.0, ""shipment_id"": ""S0031"", ""source_id"": ""A"", ""source_name"": ""Earth-Core""}, {""actual_arrival_month"": ""2038-08"", ""actual_delivered_t"": 13.333333333333334, ""actual_delivery_share"": 1.0, ""eligible_t"": 13.333333333333334, ""order_month"": ""2037-08"", ""ordered_t"": 13.333333333333334, ""planned_arrival_month"": ""2038-08"", ""rejected_t"": 0.0, ""shipment_id"": ""S0032"", ""source_id"": ""A"", ""source_name"": ""Earth-Core""}, {""actual_arrival_month"": ""2038-09"", ""actual_delivered_t"": 13.333333333333334, ""actual_delivery_share"": 1.0, ""eligible_t"": 13.333333333333334, ""order_month"": ""2037-09"", ""ordered_t"": 13.333333333333334, ""planned_arrival_month"": ""2038-09"", ""rejected_t"": 0.0, ""shipment_id"": ""S0033"", ""source_id"": ""A"", ""source_name"": ""Earth-Core""}]","{""A"": 12.5, ""C"": 4.3636363636}","{""A"": 12.5, ""C"": 4.3636363636}",16.8636363636,16.8636363636,0.2023636363632,16.661272727236803,0.0,11.25,4.583333333333334,0.0,0.0,33.58018181789436,ZBO,120.0,0.012,"[""ZBO"", ""EARTH_NEW""]",1.989972727256558,1.0,[]
2037-10,33.58018181789436,15.833333333333334,11.25,"{""A"": 160.0, ""B"": 0, ""C"": 60.0, ""D"": 0, ""E"": 0}","{""A"": 13.333333333333334, ""C"": 4.3636363636}","[{""actual_arrival_month"": ""2037-11"", ""actual_delivered_t"": 12.5, ""actual_delivery_share"": 1.0, ""eligible_t"": 12.5, ""order_month"": ""2036-11"", ""ordered_t"": 12.5, ""planned_arrival_month"": ""2037-11"", ""rejected_t"": 0.0, ""shipment_id"": ""S0023"", ""source_id"": ""A"", ""source_name"": ""Earth-Core""}, {""actual_arrival_month"": ""2037-12"", ""actual_delivered_t"": 12.5, ""actual_delivery_share"": 1.0, ""eligible_t"": 12.5, ""order_month"": ""2036-12"", ""ordered_t"": 12.5, ""planned_arrival_month"": ""2037-12"", ""rejected_t"": 0.0, ""shipment_id"": ""S0024"", ""source_id"": ""A"", ""source_name"": ""Earth-Core""}, {""actual_arrival_month"": ""2038-01"", ""actual_delivered_t"": 13.333333333333334, ""actual_delivery_share"": 1.0, ""eligible_t"": 13.333333333333334, ""order_month"": ""2037-01"", ""ordered_t"": 13.333333333333334, ""planned_arrival_month"": ""2038-01"", ""rejected_t"": 0.0, ""shipment_id"": ""S0025"", ""source_id"": ""A"", ""source_name"": ""Earth-Core""}, {""actual_arrival_month"": ""2038-02"", ""actual_delivered_t"": 13.333333333333334, ""actual_delivery_share"": 1.0, ""eligible_t"": 13.333333333333334, ""order_month"": ""2037-02"", ""ordered_t"": 13.333333333333334, ""planned_arrival_month"": ""2038-02"", ""rejected_t"": 0.0, ""shipment_id"": ""S0026"", ""source_id"": ""A"", ""source_name"": ""Earth-Core""}, {""actual_arrival_month"": ""2038-03"", ""actual_delivered_t"": 13.333333333333334, ""actual_delivery_share"": 1.0, ""eligible_t"": 13.333333333333334, ""order_month"": ""2037-03"", ""ordered_t"": 13.333333333333334, ""planned_arrival_month"": ""2038-03"", ""rejected_t"": 0.0, ""shipment_id"": ""S0027"", ""source_id"": ""A"", ""source_name"": ""Earth-Core""}, {""actual_arrival_month"": ""2038-04"", ""actual_delivered_t"": 13.333333333333334, ""actual_delivery_share"": 1.0, ""eligible_t"": 13.333333333333334, ""order_month"": ""2037-04"", ""ordered_t"": 13.333333333333334, ""planned_arrival_month"": ""2038-04"", ""rejected_t"": 0.0, ""shipment_id"": ""S0028"", ""source_id"": ""A"", ""source_name"": ""Earth-Core""}, {""actual_arrival_month"": ""2038-05"", ""actual_delivered_t"": 13.333333333333334, ""actual_delivery_share"": 1.0, ""eligible_t"": 13.333333333333334, ""order_month"": ""2037-05"", ""ordered_t"": 13.333333333333334, ""planned_arrival_month"": ""2038-05"", ""rejected_t"": 0.0, ""shipment_id"": ""S0029"", ""source_id"": ""A"", ""source_name"": ""Earth-Core""}, {""actual_arrival_month"": ""2038-06"", ""actual_delivered_t"": 13.333333333333334, ""actual_delivery_share"": 1.0, ""eligible_t"": 13.333333333333334, ""order_month"": ""2037-06"", ""ordered_t"": 13.333333333333334, ""planned_arrival_month"": ""2038-06"", ""rejected_t"": 0.0, ""shipment_id"": ""S0030"", ""source_id"": ""A"", ""source_name"": ""Earth-Core""}, {""actual_arrival_month"": ""2038-07"", ""actual_delivered_t"": 13.333333333333334, ""actual_delivery_share"": 1.0, ""eligible_t"": 13.333333333333334, ""order_month"": ""2037-07"", ""ordered_t"": 13.333333333333334, ""planned_arrival_month"": ""2038-07"", ""rejected_t"": 0.0, ""shipment_id"": ""S0031"", ""source_id"": ""A"", ""source_name"": ""Earth-Core""}, {""actual_arrival_month"": ""2038-08"", ""actual_delivered_t"": 13.333333333333334, ""actual_delivery_share"": 1.0, ""eligible_t"": 13.333333333333334, ""order_month"": ""2037-08"", ""ordered_t"": 13.333333333333334, ""planned_arrival_month"": ""2038-08"", ""rejected_t"": 0.0, ""shipment_id"": ""S0032"", ""source_id"": ""A"", ""source_name"": ""Earth-Core""}, {""actual_arrival_month"": ""2038-09"", ""actual_delivered_t"": 13.333333333333334, ""actual_delivery_share"": 1.0, ""eligible_t"": 13.333333333333334, ""order_month"": ""2037-09"", ""ordered_t"": 13.333333333333334, ""planned_arrival_month"": ""2038-09"", ""rejected_t"": 0.0, ""shipment_id"": ""S0033"", ""source_id"": ""A"", ""source_name"": ""Earth-Core""}, {""actual_arrival_month"": ""2038-10"", ""actual_delivered_t"": 13.333333333333334, ""actual_delivery_share"": 1.0, ""eligible_t"": 13.333333333333334, ""order_month"": ""2037-10"", ""ordered_t"": 13.333333333333334, ""planned_arrival_month"": ""2038-10"", ""rejected_t"": 0.0, ""shipment_id"": ""S0034"", ""source_id"": ""A"", ""source_name"": ""Earth-Core""}]","{""A"": 12.5, ""C"": 4.3636363636}","{""A"": 12.5, ""C"": 4.3636363636}",16.8636363636,16.8636363636,0.2023636363632,16.661272727236803,0.0,11.25,4.583333333333334,0.0,0.0,34.40812121179783,ZBO,120.0,0.012,"[""ZBO"", ""EARTH_NEW""]",2.0396490908907654,1.0,[]
2037-11,34.40812121179783,15.833333333333334,11.25,"{""A"": 160.0, ""B"": 0, ""C"": 60.0, ""D"": 0, ""E"": 0}","{""A"": 13.333333333333334, ""C"": 4.3636363636}","[{""actual_arrival_month"": ""2037-12"", ""actual_delivered_t"": 12.5, ""actual_delivery_share"": 1.0, ""eligible_t"": 12.5, ""order_month"": ""2036-12"", ""ordered_t"": 12.5, ""planned_arrival_month"": ""2037-12"", ""rejected_t"": 0.0, ""shipment_id"": ""S0024"", ""source_id"": ""A"", ""source_name"": ""Earth-Core""}, {""actual_arrival_month"": ""2038-01"", ""actual_delivered_t"": 13.333333333333334, ""actual_delivery_share"": 1.0, ""eligible_t"": 13.333333333333334, ""order_month"": ""2037-01"", ""ordered_t"": 13.333333333333334, ""planned_arrival_month"": ""2038-01"", ""rejected_t"": 0.0, ""shipment_id"": ""S0025"", ""source_id"": ""A"", ""source_name"": ""Earth-Core""}, {""actual_arrival_month"": ""2038-02"", ""actual_delivered_t"": 13.333333333333334, ""actual_delivery_share"": 1.0, ""eligible_t"": 13.333333333333334, ""order_month"": ""2037-02"", ""ordered_t"": 13.333333333333334, ""planned_arrival_month"": ""2038-02"", ""rejected_t"": 0.0, ""shipment_id"": ""S0026"", ""source_id"": ""A"", ""source_name"": ""Earth-Core""}, {""actual_arrival_month"": ""2038-03"", ""actual_delivered_t"": 13.333333333333334, ""actual_delivery_share"": 1.0, ""eligible_t"": 13.333333333333334, ""order_month"": ""2037-03"", ""ordered_t"": 13.333333333333334, ""planned_arrival_month"": ""2038-03"", ""rejected_t"": 0.0, ""shipment_id"": ""S0027"", ""source_id"": ""A"", ""source_name"": ""Earth-Core""}, {""actual_arrival_month"": ""2038-04"", ""actual_delivered_t"": 13.333333333333334, ""actual_delivery_share"": 1.0, ""eligible_t"": 13.333333333333334, ""order_month"": ""2037-04"", ""ordered_t"": 13.333333333333334, ""planned_arrival_month"": ""2038-04"", ""rejected_t"": 0.0, ""shipment_id"": ""S0028"", ""source_id"": ""A"", ""source_name"": ""Earth-Core""}, {""actual_arrival_month"": ""2038-05"", ""actual_delivered_t"": 13.333333333333334, ""actual_delivery_share"": 1.0, ""eligible_t"": 13.333333333333334, ""order_month"": ""2037-05"", ""ordered_t"": 13.333333333333334, ""planned_arrival_month"": ""2038-05"", ""rejected_t"": 0.0, ""shipment_id"": ""S0029"", ""source_id"": ""A"", ""source_name"": ""Earth-Core""}, {""actual_arrival_month"": ""2038-06"", ""actual_delivered_t"": 13.333333333333334, ""actual_delivery_share"": 1.0, ""eligible_t"": 13.333333333333334, ""order_month"": ""2037-06"", ""ordered_t"": 13.333333333333334, ""planned_arrival_month"": ""2038-06"", ""rejected_t"": 0.0, ""shipment_id"": ""S0030"", ""source_id"": ""A"", ""source_name"": ""Earth-Core""}, {""actual_arrival_month"": ""2038-07"", ""actual_delivered_t"": 13.333333333333334, ""actual_delivery_share"": 1.0, ""eligible_t"": 13.333333333333334, ""order_month"": ""2037-07"", ""ordered_t"": 13.333333333333334, ""planned_arrival_month"": ""2038-07"", ""rejected_t"": 0.0, ""shipment_id"": ""S0031"", ""source_id"": ""A"", ""source_name"": ""Earth-Core""}, {""actual_arrival_month"": ""2038-08"", ""actual_delivered_t"": 13.333333333333334, ""actual_delivery_share"": 1.0, ""eligible_t"": 13.333333333333334, ""order_month"": ""2037-08"", ""ordered_t"": 13.333333333333334, ""planned_arrival_month"": ""2038-08"", ""rejected_t"": 0.0, ""shipment_id"": ""S0032"", ""source_id"": ""A"", ""source_name"": ""Earth-Core""}, {""actual_arrival_month"": ""2038-09"", ""actual_delivered_t"": 13.333333333333334, ""actual_delivery_share"": 1.0, ""eligible_t"": 13.333333333333334, ""order_month"": ""2037-09"", ""ordered_t"": 13.333333333333334, ""planned_arrival_month"": ""2038-09"", ""rejected_t"": 0.0, ""shipment_id"": ""S0033"", ""source_id"": ""A"", ""source_name"": ""Earth-Core""}, {""actual_arrival_month"": ""2038-10"", ""actual_delivered_t"": 13.333333333333334, ""actual_delivery_share"": 1.0, ""eligible_t"": 13.333333333333334, ""order_month"": ""2037-10"", ""ordered_t"": 13.333333333333334, ""planned_arrival_month"": ""2038-10"", ""rejected_t"": 0.0, ""shipment_id"": ""S0034"", ""source_id"": ""A"", ""source_name"": ""Earth-Core""}, {""actual_arrival_month"": ""2038-11"", ""actual_delivered_t"": 13.333333333333334, ""actual_delivery_share"": 1.0, ""eligible_t"": 13.333333333333334, ""order_month"": ""2037-11"", ""ordered_t"": 13.333333333333334, ""planned_arrival_month"": ""2038-11"", ""rejected_t"": 0.0, ""shipment_id"": ""S0035"", ""source_id"": ""A"", ""source_name"": ""Earth-Core""}]","{""A"": 12.5, ""C"": 4.3636363636}","{""A"": 12.5, ""C"": 4.3636363636}",16.8636363636,16.8636363636,0.2023636363632,16.661272727236803,0.0,11.25,4.583333333333334,0.0,0.0,35.23606060570129,ZBO,120.0,0.012,"[""ZBO"", ""EARTH_NEW""]",2.0893254545249733,1.0,[]
2037-12,35.23606060570129,15.833333333333334,11.25,"{""A"": 160.0, ""B"": 0, ""C"": 60.0, ""D"": 0, ""E"": 0}","{""A"": 13.333333333333334, ""C"": 4.3636363636}","[{""actual_arrival_month"": ""2038-01"", ""actual_delivered_t"": 13.333333333333334, ""actual_delivery_share"": 1.0, ""eligible_t"": 13.333333333333334, ""order_month"": ""2037-01"", ""ordered_t"": 13.333333333333334, ""planned_arrival_month"": ""2038-01"", ""rejected_t"": 0.0, ""shipment_id"": ""S0025"", ""source_id"": ""A"", ""source_name"": ""Earth-Core""}, {""actual_arrival_month"": ""2038-02"", ""actual_delivered_t"": 13.333333333333334, ""actual_delivery_share"": 1.0, ""eligible_t"": 13.333333333333334, ""order_month"": ""2037-02"", ""ordered_t"": 13.333333333333334, ""planned_arrival_month"": ""2038-02"", ""rejected_t"": 0.0, ""shipment_id"": ""S0026"", ""source_id"": ""A"", ""source_name"": ""Earth-Core""}, {""actual_arrival_month"": ""2038-03"", ""actual_delivered_t"": 13.333333333333334, ""actual_delivery_share"": 1.0, ""eligible_t"": 13.333333333333334, ""order_month"": ""2037-03"", ""ordered_t"": 13.333333333333334, ""planned_arrival_month"": ""2038-03"", ""rejected_t"": 0.0, ""shipment_id"": ""S0027"", ""source_id"": ""A"", ""source_name"": ""Earth-Core""}, {""actual_arrival_month"": ""2038-04"", ""actual_delivered_t"": 13.333333333333334, ""actual_delivery_share"": 1.0, ""eligible_t"": 13.333333333333334, ""order_month"": ""2037-04"", ""ordered_t"": 13.333333333333334, ""planned_arrival_month"": ""2038-04"", ""rejected_t"": 0.0, ""shipment_id"": ""S0028"", ""source_id"": ""A"", ""source_name"": ""Earth-Core""}, {""actual_arrival_month"": ""2038-05"", ""actual_delivered_t"": 13.333333333333334, ""actual_delivery_share"": 1.0, ""eligible_t"": 13.333333333333334, ""order_month"": ""2037-05"", ""ordered_t"": 13.333333333333334, ""planned_arrival_month"": ""2038-05"", ""rejected_t"": 0.0, ""shipment_id"": ""S0029"", ""source_id"": ""A"", ""source_name"": ""Earth-Core""}, {""actual_arrival_month"": ""2038-06"", ""actual_delivered_t"": 13.333333333333334, ""actual_delivery_share"": 1.0, ""eligible_t"": 13.333333333333334, ""order_month"": ""2037-06"", ""ordered_t"": 13.333333333333334, ""planned_arrival_month"": ""2038-06"", ""rejected_t"": 0.0, ""shipment_id"": ""S0030"", ""source_id"": ""A"", ""source_name"": ""Earth-Core""}, {""actual_arrival_month"": ""2038-07"", ""actual_delivered_t"": 13.333333333333334, ""actual_delivery_share"": 1.0, ""eligible_t"": 13.333333333333334, ""order_month"": ""2037-07"", ""ordered_t"": 13.333333333333334, ""planned_arrival_month"": ""2038-07"", ""rejected_t"": 0.0, ""shipment_id"": ""S0031"", ""source_id"": ""A"", ""source_name"": ""Earth-Core""}, {""actual_arrival_month"": ""2038-08"", ""actual_delivered_t"": 13.333333333333334, ""actual_delivery_share"": 1.0, ""eligible_t"": 13.333333333333334, ""order_month"": ""2037-08"", ""ordered_t"": 13.333333333333334, ""planned_arrival_month"": ""2038-08"", ""rejected_t"": 0.0, ""shipment_id"": ""S0032"", ""source_id"": ""A"", ""source_name"": ""Earth-Core""}, {""actual_arrival_month"": ""2038-09"", ""actual_delivered_t"": 13.333333333333334, ""actual_delivery_share"": 1.0, ""eligible_t"": 13.333333333333334, ""order_month"": ""2037-09"", ""ordered_t"": 13.333333333333334, ""planned_arrival_month"": ""2038-09"", ""rejected_t"": 0.0, ""shipment_id"": ""S0033"", ""source_id"": ""A"", ""source_name"": ""Earth-Core""}, {""actual_arrival_month"": ""2038-10"", ""actual_delivered_t"": 13.333333333333334, ""actual_delivery_share"": 1.0, ""eligible_t"": 13.333333333333334, ""order_month"": ""2037-10"", ""ordered_t"": 13.333333333333334, ""planned_arrival_month"": ""2038-10"", ""rejected_t"": 0.0, ""shipment_id"": ""S0034"", ""source_id"": ""A"", ""source_name"": ""Earth-Core""}, {""actual_arrival_month"": ""2038-11"", ""actual_delivered_t"": 13.333333333333334, ""actual_delivery_share"": 1.0, ""eligible_t"": 13.333333333333334, ""order_month"": ""2037-11"", ""ordered_t"": 13.333333333333334, ""planned_arrival_month"": ""2038-11"", ""rejected_t"": 0.0, ""shipment_id"": ""S0035"", ""source_id"": ""A"", ""source_name"": ""Earth-Core""}, {""actual_arrival_month"": ""2038-12"", ""actual_delivered_t"": 13.333333333333334, ""actual_delivery_share"": 1.0, ""eligible_t"": 13.333333333333334, ""order_month"": ""2037-12"", ""ordered_t"": 13.333333333333334, ""planned_arrival_month"": ""2038-12"", ""rejected_t"": 0.0, ""shipment_id"": ""S0036"", ""source_id"": ""A"", ""source_name"": ""Earth-Core""}]","{""A"": 12.5, ""C"": 4.3636363636}","{""A"": 12.5, ""C"": 4.3636363636}",16.8636363636,16.8636363636,0.2023636363632,16.661272727236803,0.0,11.25,4.583333333333334,0.0,0.0,36.063999999604754,ZBO,120.0,0.012,"[""ZBO"", ""EARTH_NEW""]",2.1390018181591812,1.0,[]
2038-01,36.063999999604754,23.958333333333332,16.291666666666664,"{""A"": 170.0, ""B"": 0, ""C"": 60.0, ""D"": 50.2, ""E"": 0}","{""A"": 14.166666666666666, ""C"": 5.0, ""D"": 4.183333333333334}","[{""actual_arrival_month"": ""2038-02"", ""actual_delivered_t"": 13.333333333333334, ""actual_delivery_share"": 1.0, ""eligible_t"": 13.333333333333334, ""order_month"": ""2037-02"", ""ordered_t"": 13.333333333333334, ""planned_arrival_month"": ""2038-02"", ""rejected_t"": 0.0, ""shipment_id"": ""S0026"", ""source_id"": ""A"", ""source_name"": ""Earth-Core""}, {""actual_arrival_month"": ""2038-03"", ""actual_delivered_t"": 13.333333333333334, ""actual_delivery_share"": 1.0, ""eligible_t"": 13.333333333333334, ""order_month"": ""2037-03"", ""ordered_t"": 13.333333333333334, ""planned_arrival_month"": ""2038-03"", ""rejected_t"": 0.0, ""shipment_id"": ""S0027"", ""source_id"": ""A"", ""source_name"": ""Earth-Core""}, {""actual_arrival_month"": ""2038-04"", ""actual_delivered_t"": 13.333333333333334, ""actual_delivery_share"": 1.0, ""eligible_t"": 13.333333333333334, ""order_month"": ""2037-04"", ""ordered_t"": 13.333333333333334, ""planned_arrival_month"": ""2038-04"", ""rejected_t"": 0.0, ""shipment_id"": ""S0028"", ""source_id"": ""A"", ""source_name"": ""Earth-Core""}, {""actual_arrival_month"": ""2038-05"", ""actual_delivered_t"": 13.333333333333334, ""actual_delivery_share"": 1.0, ""eligible_t"": 13.333333333333334, ""order_month"": ""2037-05"", ""ordered_t"": 13.333333333333334, ""planned_arrival_month"": ""2038-05"", ""rejected_t"": 0.0, ""shipment_id"": ""S0029"", ""source_id"": ""A"", ""source_name"": ""Earth-Core""}, {""actual_arrival_month"": ""2038-06"", ""actual_delivered_t"": 13.333333333333334, ""actual_delivery_share"": 1.0, ""eligible_t"": 13.333333333333334, ""order_month"": ""2037-06"", ""ordered_t"": 13.333333333333334, ""planned_arrival_month"": ""2038-06"", ""rejected_t"": 0.0, ""shipment_id"": ""S0030"", ""source_id"": ""A"", ""source_name"": ""Earth-Core""}, {""actual_arrival_month"": ""2038-07"", ""actual_delivered_t"": 13.333333333333334, ""actual_delivery_share"": 1.0, ""eligible_t"": 13.333333333333334, ""order_month"": ""2037-07"", ""ordered_t"": 13.333333333333334, ""planned_arrival_month"": ""2038-07"", ""rejected_t"": 0.0, ""shipment_id"": ""S0031"", ""source_id"": ""A"", ""source_name"": ""Earth-Core""}, {""actual_arrival_month"": ""2038-08"", ""actual_delivered_t"": 13.333333333333334, ""actual_delivery_share"": 1.0, ""eligible_t"": 13.333333333333334, ""order_month"": ""2037-08"", ""ordered_t"": 13.333333333333334, ""planned_arrival_month"": ""2038-08"", ""rejected_t"": 0.0, ""shipment_id"": ""S0032"", ""source_id"": ""A"", ""source_name"": ""Earth-Core""}, {""actual_arrival_month"": ""2038-09"", ""actual_delivered_t"": 13.333333333333334, ""actual_delivery_share"": 1.0, ""eligible_t"": 13.333333333333334, ""order_month"": ""2037-09"", ""ordered_t"": 13.333333333333334, ""planned_arrival_month"": ""2038-09"", ""rejected_t"": 0.0, ""shipment_id"": ""S0033"", ""source_id"": ""A"", ""source_name"": ""Earth-Core""}, {""actual_arrival_month"": ""2038-10"", ""actual_delivered_t"": 13.333333333333334, ""actual_delivery_share"": 1.0, ""eligible_t"": 13.333333333333334, ""order_month"": ""2037-10"", ""ordered_t"": 13.333333333333334, ""planned_arrival_month"": ""2038-10"", ""rejected_t"": 0.0, ""shipment_id"": ""S0034"", ""source_id"": ""A"", ""source_name"": ""Earth-Core""}, {""actual_arrival_month"": ""2038-11"", ""actual_delivered_t"": 13.333333333333334, ""actual_delivery_share"": 1.0, ""eligible_t"": 13.333333333333334, ""order_month"": ""2037-11"", ""ordered_t"": 13.333333333333334, ""planned_arrival_month"": ""2038-11"", ""rejected_t"": 0.0, ""shipment_id"": ""S0035"", ""source_id"": ""A"", ""source_name"": ""Earth-Core""}, {""actual_arrival_month"": ""2038-12"", ""actual_delivered_t"": 13.333333333333334, ""actual_delivery_share"": 1.0, ""eligible_t"": 13.333333333333334, ""order_month"": ""2037-12"", ""ordered_t"": 13.333333333333334, ""planned_arrival_month"": ""2038-12"", ""rejected_t"": 0.0, ""shipment_id"": ""S0036"", ""source_id"": ""A"", ""source_name"": ""Earth-Core""}, {""actual_arrival_month"": ""2039-01"", ""actual_delivered_t"": 14.166666666666666, ""actual_delivery_share"": 1.0, ""eligible_t"": 14.166666666666666, ""order_month"": ""2038-01"", ""ordered_t"": 14.166666666666666, ""planned_arrival_month"": ""2039-01"", ""rejected_t"": 0.0, ""shipment_id"": ""S0037"", ""source_id"": ""A"", ""source_name"": ""Earth-Core""}, {""actual_arrival_month"": ""2038-03"", ""actual_delivered_t"": 2.300833333333333, ""actual_delivery_share"": 0.55, ""eligible_t"": 4.183333333333332, ""order_month"": ""2038-01"", ""ordered_t"": 4.183333333333334, ""planned_arrival_month"": ""2038-03"", ""rejected_t"": 1.7763568394002505e-15, ""shipment_id"": ""S0132"", ""source_id"": ""D"", ""source_name"": ""Lunar-ISRU""}]","{""A"": 13.333333333333334, ""C"": 5.0}","{""A"": 13.333333333333334, ""C"": 5.0}",18.333333333333336,18.333333333333336,0.22000000000000003,18.113333333333337,0.0,16.291666666666664,7.666666666666668,0.0,0.0,30.21899999960476,ZBO,120.0,0.012,"[""ZBO"", ""EARTH_NEW"", ""LUNAR_ISRU""]",1.9884899999762853,6.833333333333333,[]
2038-02,30.21899999960476,23.958333333333332,16.291666666666664,"{""A"": 170.0, ""B"": 0, ""C"": 60.0, ""D"": 50.2, ""E"": 0}","{""A"": 14.166666666666666, ""C"": 5.0, ""D"": 4.183333333333334}","[{""actual_arrival_month"": ""2038-03"", ""actual_delivered_t"": 13.333333333333334, ""actual_delivery_share"": 1.0, ""eligible_t"": 13.333333333333334, ""order_month"": ""2037-03"", ""ordered_t"": 13.333333333333334, ""planned_arrival_month"": ""2038-03"", ""rejected_t"": 0.0, ""shipment_id"": ""S0027"", ""source_id"": ""A"", ""source_name"": ""Earth-Core""}, {""actual_arrival_month"": ""2038-04"", ""actual_delivered_t"": 13.333333333333334, ""actual_delivery_share"": 1.0, ""eligible_t"": 13.333333333333334, ""order_month"": ""2037-04"", ""ordered_t"": 13.333333333333334, ""planned_arrival_month"": ""2038-04"", ""rejected_t"": 0.0, ""shipment_id"": ""S0028"", ""source_id"": ""A"", ""source_name"": ""Earth-Core""}, {""actual_arrival_month"": ""2038-05"", ""actual_delivered_t"": 13.333333333333334, ""actual_delivery_share"": 1.0, ""eligible_t"": 13.333333333333334, ""order_month"": ""2037-05"", ""ordered_t"": 13.333333333333334, ""planned_arrival_month"": ""2038-05"", ""rejected_t"": 0.0, ""shipment_id"": ""S0029"", ""source_id"": ""A"", ""source_name"": ""Earth-Core""}, {""actual_arrival_month"": ""2038-06"", ""actual_delivered_t"": 13.333333333333334, ""actual_delivery_share"": 1.0, ""eligible_t"": 13.333333333333334, ""order_month"": ""2037-06"", ""ordered_t"": 13.333333333333334, ""planned_arrival_month"": ""2038-06"", ""rejected_t"": 0.0, ""shipment_id"": ""S0030"", ""source_id"": ""A"", ""source_name"": ""Earth-Core""}, {""actual_arrival_month"": ""2038-07"", ""actual_delivered_t"": 13.333333333333334, ""actual_delivery_share"": 1.0, ""eligible_t"": 13.333333333333334, ""order_month"": ""2037-07"", ""ordered_t"": 13.333333333333334, ""planned_arrival_month"": ""2038-07"", ""rejected_t"": 0.0, ""shipment_id"": ""S0031"", ""source_id"": ""A"", ""source_name"": ""Earth-Core""}, {""actual_arrival_month"": ""2038-08"", ""actual_delivered_t"": 13.333333333333334, ""actual_delivery_share"": 1.0, ""eligible_t"": 13.333333333333334, ""order_month"": ""2037-08"", ""ordered_t"": 13.333333333333334, ""planned_arrival_month"": ""2038-08"", ""rejected_t"": 0.0, ""shipment_id"": ""S0032"", ""source_id"": ""A"", ""source_name"": ""Earth-Core""}, {""actual_arrival_month"": ""2038-09"", ""actual_delivered_t"": 13.333333333333334, ""actual_delivery_share"": 1.0, ""eligible_t"": 13.333333333333334, ""order_month"": ""2037-09"", ""ordered_t"": 13.333333333333334, ""planned_arrival_month"": ""2038-09"", ""rejected_t"": 0.0, ""shipment_id"": ""S0033"", ""source_id"": ""A"", ""source_name"": ""Earth-Core""}, {""actual_arrival_month"": ""2038-10"", ""actual_delivered_t"": 13.333333333333334, ""actual_delivery_share"": 1.0, ""eligible_t"": 13.333333333333334, ""order_month"": ""2037-10"", ""ordered_t"": 13.333333333333334, ""planned_arrival_month"": ""2038-10"", ""rejected_t"": 0.0, ""shipment_id"": ""S0034"", ""source_id"": ""A"", ""source_name"": ""Earth-Core""}, {""actual_arrival_month"": ""2038-11"", ""actual_delivered_t"": 13.333333333333334, ""actual_delivery_share"": 1.0, ""eligible_t"": 13.333333333333334, ""order_month"": ""2037-11"", ""ordered_t"": 13.333333333333334, ""planned_arrival_month"": ""2038-11"", ""rejected_t"": 0.0, ""shipment_id"": ""S0035"", ""source_id"": ""A"", ""source_name"": ""Earth-Core""}, {""actual_arrival_month"": ""2038-12"", ""actual_delivered_t"": 13.333333333333334, ""actual_delivery_share"": 1.0, ""eligible_t"": 13.333333333333334, ""order_month"": ""2037-12"", ""ordered_t"": 13.333333333333334, ""planned_arrival_month"": ""2038-12"", ""rejected_t"": 0.0, ""shipment_id"": ""S0036"", ""source_id"": ""A"", ""source_name"": ""Earth-Core""}, {""actual_arrival_month"": ""2039-01"", ""actual_delivered_t"": 14.166666666666666, ""actual_delivery_share"": 1.0, ""eligible_t"": 14.166666666666666, ""order_month"": ""2038-01"", ""ordered_t"": 14.166666666666666, ""planned_arrival_month"": ""2039-01"", ""rejected_t"": 0.0, ""shipment_id"": ""S0037"", ""source_id"": ""A"", ""source_name"": ""Earth-Core""}, {""actual_arrival_month"": ""2039-02"", ""actual_delivered_t"": 14.166666666666666, ""actual_delivery_share"": 1.0, ""eligible_t"": 14.166666666666666, ""order_month"": ""2038-02"", ""ordered_t"": 14.166666666666666, ""planned_arrival_month"": ""2039-02"", ""rejected_t"": 0.0, ""shipment_id"": ""S0038"", ""source_id"": ""A"", ""source_name"": ""Earth-Core""}, {""actual_arrival_month"": ""2038-03"", ""actual_delivered_t"": 2.300833333333333, ""actual_delivery_share"": 0.55, ""eligible_t"": 4.183333333333332, ""order_month"": ""2038-01"", ""ordered_t"": 4.183333333333334, ""planned_arrival_month"": ""2038-03"", ""rejected_t"": 1.7763568394002505e-15, ""shipment_id"": ""S0132"", ""source_id"": ""D"", ""source_name"": ""Lunar-ISRU""}, {""actual_arrival_month"": ""2038-04"", ""actual_delivered_t"": 2.300833333333333, ""actual_delivery_share"": 0.55, ""eligible_t"": 4.183333333333332, ""order_month"": ""2038-02"", ""ordered_t"": 4.183333333333334, ""planned_arrival_month"": ""2038-04"", ""rejected_t"": 1.7763568394002505e-15, ""shipment_id"": ""S0133"", ""source_id"": ""D"", ""source_name"": ""Lunar-ISRU""}]","{""A"": 13.333333333333334, ""C"": 5.0}","{""A"": 13.333333333333334, ""C"": 5.0}",18.333333333333336,18.333333333333336,0.22000000000000003,18.113333333333337,0.0,16.291666666666664,7.666666666666668,0.0,0.0,24.37399999960476,ZBO,120.0,0.012,"[""ZBO"", ""EARTH_NEW"", ""LUNAR_ISRU""]",1.6377899999762855,6.833333333333333,[]
2038-03,24.37399999960476,23.958333333333332,16.291666666666664,"{""A"": 170.0, ""B"": 0, ""C"": 60.0, ""D"": 50.2, ""E"": 0}","{""A"": 14.166666666666666, ""C"": 5.0, ""D"": 4.183333333333334}","[{""actual_arrival_month"": ""2038-04"", ""actual_delivered_t"": 13.333333333333334, ""actual_delivery_share"": 1.0, ""eligible_t"": 13.333333333333334, ""order_month"": ""2037-04"", ""ordered_t"": 13.333333333333334, ""planned_arrival_month"": ""2038-04"", ""rejected_t"": 0.0, ""shipment_id"": ""S0028"", ""source_id"": ""A"", ""source_name"": ""Earth-Core""}, {""actual_arrival_month"": ""2038-05"", ""actual_delivered_t"": 13.333333333333334, ""actual_delivery_share"": 1.0, ""eligible_t"": 13.333333333333334, ""order_month"": ""2037-05"", ""ordered_t"": 13.333333333333334, ""planned_arrival_month"": ""2038-05"", ""rejected_t"": 0.0, ""shipment_id"": ""S0029"", ""source_id"": ""A"", ""source_name"": ""Earth-Core""}, {""actual_arrival_month"": ""2038-06"", ""actual_delivered_t"": 13.333333333333334, ""actual_delivery_share"": 1.0, ""eligible_t"": 13.333333333333334, ""order_month"": ""2037-06"", ""ordered_t"": 13.333333333333334, ""planned_arrival_month"": ""2038-06"", ""rejected_t"": 0.0, ""shipment_id"": ""S0030"", ""source_id"": ""A"", ""source_name"": ""Earth-Core""}, {""actual_arrival_month"": ""2038-07"", ""actual_delivered_t"": 13.333333333333334, ""actual_delivery_share"": 1.0, ""eligible_t"": 13.333333333333334, ""order_month"": ""2037-07"", ""ordered_t"": 13.333333333333334, ""planned_arrival_month"": ""2038-07"", ""rejected_t"": 0.0, ""shipment_id"": ""S0031"", ""source_id"": ""A"", ""source_name"": ""Earth-Core""}, {""actual_arrival_month"": ""2038-08"", ""actual_delivered_t"": 13.333333333333334, ""actual_delivery_share"": 1.0, ""eligible_t"": 13.333333333333334, ""order_month"": ""2037-08"", ""ordered_t"": 13.333333333333334, ""planned_arrival_month"": ""2038-08"", ""rejected_t"": 0.0, ""shipment_id"": ""S0032"", ""source_id"": ""A"", ""source_name"": ""Earth-Core""}, {""actual_arrival_month"": ""2038-09"", ""actual_delivered_t"": 13.333333333333334, ""actual_delivery_share"": 1.0, ""eligible_t"": 13.333333333333334, ""order_month"": ""2037-09"", ""ordered_t"": 13.333333333333334, ""planned_arrival_month"": ""2038-09"", ""rejected_t"": 0.0, ""shipment_id"": ""S0033"", ""source_id"": ""A"", ""source_name"": ""Earth-Core""}, {""actual_arrival_month"": ""2038-10"", ""actual_delivered_t"": 13.333333333333334, ""actual_delivery_share"": 1.0, ""eligible_t"": 13.333333333333334, ""order_month"": ""2037-10"", ""ordered_t"": 13.333333333333334, ""planned_arrival_month"": ""2038-10"", ""rejected_t"": 0.0, ""shipment_id"": ""S0034"", ""source_id"": ""A"", ""source_name"": ""Earth-Core""}, {""actual_arrival_month"": ""2038-11"", ""actual_delivered_t"": 13.333333333333334, ""actual_delivery_share"": 1.0, ""eligible_t"": 13.333333333333334, ""order_month"": ""2037-11"", ""ordered_t"": 13.333333333333334, ""planned_arrival_month"": ""2038-11"", ""rejected_t"": 0.0, ""shipment_id"": ""S0035"", ""source_id"": ""A"", ""source_name"": ""Earth-Core""}, {""actual_arrival_month"": ""2038-12"", ""actual_delivered_t"": 13.333333333333334, ""actual_delivery_share"": 1.0, ""eligible_t"": 13.333333333333334, ""order_month"": ""2037-12"", ""ordered_t"": 13.333333333333334, ""planned_arrival_month"": ""2038-12"", ""rejected_t"": 0.0, ""shipment_id"": ""S0036"", ""source_id"": ""A"", ""source_name"": ""Earth-Core""}, {""actual_arrival_month"": ""2039-01"", ""actual_delivered_t"": 14.166666666666666, ""actual_delivery_share"": 1.0, ""eligible_t"": 14.166666666666666, ""order_month"": ""2038-01"", ""ordered_t"": 14.166666666666666, ""planned_arrival_month"": ""2039-01"", ""rejected_t"": 0.0, ""shipment_id"": ""S0037"", ""source_id"": ""A"", ""source_name"": ""Earth-Core""}, {""actual_arrival_month"": ""2039-02"", ""actual_delivered_t"": 14.166666666666666, ""actual_delivery_share"": 1.0, ""eligible_t"": 14.166666666666666, ""order_month"": ""2038-02"", ""ordered_t"": 14.166666666666666, ""planned_arrival_month"": ""2039-02"", ""rejected_t"": 0.0, ""shipment_id"": ""S0038"", ""source_id"": ""A"", ""source_name"": ""Earth-Core""}, {""actual_arrival_month"": ""2039-03"", ""actual_delivered_t"": 14.166666666666666, ""actual_delivery_share"": 1.0, ""eligible_t"": 14.166666666666666, ""order_month"": ""2038-03"", ""ordered_t"": 14.166666666666666, ""planned_arrival_month"": ""2039-03"", ""rejected_t"": 0.0, ""shipment_id"": ""S0039"", ""source_id"": ""A"", ""source_name"": ""Earth-Core""}, {""actual_arrival_month"": ""2038-04"", ""actual_delivered_t"": 2.300833333333333, ""actual_delivery_share"": 0.55, ""eligible_t"": 4.183333333333332, ""order_month"": ""2038-02"", ""ordered_t"": 4.183333333333334, ""planned_arrival_month"": ""2038-04"", ""rejected_t"": 1.7763568394002505e-15, ""shipment_id"": ""S0133"", ""source_id"": ""D"", ""source_name"": ""Lunar-ISRU""}, {""actual_arrival_month"": ""2038-05"", ""actual_delivered_t"": 2.300833333333333, ""actual_delivery_share"": 0.55, ""eligible_t"": 4.183333333333332, ""order_month"": ""2038-03"", ""ordered_t"": 4.183333333333334, ""planned_arrival_month"": ""2038-05"", ""rejected_t"": 1.7763568394002505e-15, ""shipment_id"": ""S0134"", ""source_id"": ""D"", ""source_name"": ""Lunar-ISRU""}]","{""A"": 13.333333333333334, ""C"": 5.0, ""D"": 4.183333333333332}","{""A"": 13.333333333333334, ""C"": 5.0, ""D"": 2.300833333333333}",20.63416666666667,20.63416666666667,0.24761000000000002,20.386556666666667,0.0,16.291666666666664,7.666666666666668,0.0,0.0,20.802223332938095,ZBO,120.0,0.012,"[""ZBO"", ""EARTH_NEW"", ""LUNAR_ISRU""]",1.3552866999762856,6.833333333333333,[]
2038-04,20.802223332938095,23.958333333333332,16.291666666666664,"{""A"": 170.0, ""B"": 0, ""C"": 60.0, ""D"": 50.2, ""E"": 0}","{""A"": 14.166666666666666, ""C"": 5.0, ""D"": 4.183333333333334}","[{""actual_arrival_month"": ""2038-05"", ""actual_delivered_t"": 13.333333333333334, ""actual_delivery_share"": 1.0, ""eligible_t"": 13.333333333333334, ""order_month"": ""2037-05"", ""ordered_t"": 13.333333333333334, ""planned_arrival_month"": ""2038-05"", ""rejected_t"": 0.0, ""shipment_id"": ""S0029"", ""source_id"": ""A"", ""source_name"": ""Earth-Core""}, {""actual_arrival_month"": ""2038-06"", ""actual_delivered_t"": 13.333333333333334, ""actual_delivery_share"": 1.0, ""eligible_t"": 13.333333333333334, ""order_month"": ""2037-06"", ""ordered_t"": 13.333333333333334, ""planned_arrival_month"": ""2038-06"", ""rejected_t"": 0.0, ""shipment_id"": ""S0030"", ""source_id"": ""A"", ""source_name"": ""Earth-Core""}, {""actual_arrival_month"": ""2038-07"", ""actual_delivered_t"": 13.333333333333334, ""actual_delivery_share"": 1.0, ""eligible_t"": 13.333333333333334, ""order_month"": ""2037-07"", ""ordered_t"": 13.333333333333334, ""planned_arrival_month"": ""2038-07"", ""rejected_t"": 0.0, ""shipment_id"": ""S0031"", ""source_id"": ""A"", ""source_name"": ""Earth-Core""}, {""actual_arrival_month"": ""2038-08"", ""actual_delivered_t"": 13.333333333333334, ""actual_delivery_share"": 1.0, ""eligible_t"": 13.333333333333334, ""order_month"": ""2037-08"", ""ordered_t"": 13.333333333333334, ""planned_arrival_month"": ""2038-08"", ""rejected_t"": 0.0, ""shipment_id"": ""S0032"", ""source_id"": ""A"", ""source_name"": ""Earth-Core""}, {""actual_arrival_month"": ""2038-09"", ""actual_delivered_t"": 13.333333333333334, ""actual_delivery_share"": 1.0, ""eligible_t"": 13.333333333333334, ""order_month"": ""2037-09"", ""ordered_t"": 13.333333333333334, ""planned_arrival_month"": ""2038-09"", ""rejected_t"": 0.0, ""shipment_id"": ""S0033"", ""source_id"": ""A"", ""source_name"": ""Earth-Core""}, {""actual_arrival_month"": ""2038-10"", ""actual_delivered_t"": 13.333333333333334, ""actual_delivery_share"": 1.0, ""eligible_t"": 13.333333333333334, ""order_month"": ""2037-10"", ""ordered_t"": 13.333333333333334, ""planned_arrival_month"": ""2038-10"", ""rejected_t"": 0.0, ""shipment_id"": ""S0034"", ""source_id"": ""A"", ""source_name"": ""Earth-Core""}, {""actual_arrival_month"": ""2038-11"", ""actual_delivered_t"": 13.333333333333334, ""actual_delivery_share"": 1.0, ""eligible_t"": 13.333333333333334, ""order_month"": ""2037-11"", ""ordered_t"": 13.333333333333334, ""planned_arrival_month"": ""2038-11"", ""rejected_t"": 0.0, ""shipment_id"": ""S0035"", ""source_id"": ""A"", ""source_name"": ""Earth-Core""}, {""actual_arrival_month"": ""2038-12"", ""actual_delivered_t"": 13.333333333333334, ""actual_delivery_share"": 1.0, ""eligible_t"": 13.333333333333334, ""order_month"": ""2037-12"", ""ordered_t"": 13.333333333333334, ""planned_arrival_month"": ""2038-12"", ""rejected_t"": 0.0, ""shipment_id"": ""S0036"", ""source_id"": ""A"", ""source_name"": ""Earth-Core""}, {""actual_arrival_month"": ""2039-01"", ""actual_delivered_t"": 14.166666666666666, ""actual_delivery_share"": 1.0, ""eligible_t"": 14.166666666666666, ""order_month"": ""2038-01"", ""ordered_t"": 14.166666666666666, ""planned_arrival_month"": ""2039-01"", ""rejected_t"": 0.0, ""shipment_id"": ""S0037"", ""source_id"": ""A"", ""source_name"": ""Earth-Core""}, {""actual_arrival_month"": ""2039-02"", ""actual_delivered_t"": 14.166666666666666, ""actual_delivery_share"": 1.0, ""eligible_t"": 14.166666666666666, ""order_month"": ""2038-02"", ""ordered_t"": 14.166666666666666, ""planned_arrival_month"": ""2039-02"", ""rejected_t"": 0.0, ""shipment_id"": ""S0038"", ""source_id"": ""A"", ""source_name"": ""Earth-Core""}, {""actual_arrival_month"": ""2039-03"", ""actual_delivered_t"": 14.166666666666666, ""actual_delivery_share"": 1.0, ""eligible_t"": 14.166666666666666, ""order_month"": ""2038-03"", ""ordered_t"": 14.166666666666666, ""planned_arrival_month"": ""2039-03"", ""rejected_t"": 0.0, ""shipment_id"": ""S0039"", ""source_id"": ""A"", ""source_name"": ""Earth-Core""}, {""actual_arrival_month"": ""2039-04"", ""actual_delivered_t"": 14.166666666666666, ""actual_delivery_share"": 1.0, ""eligible_t"": 14.166666666666666, ""order_month"": ""2038-04"", ""ordered_t"": 14.166666666666666, ""planned_arrival_month"": ""2039-04"", ""rejected_t"": 0.0, ""shipment_id"": ""S0040"", ""source_id"": ""A"", ""source_name"": ""Earth-Core""}, {""actual_arrival_month"": ""2038-05"", ""actual_delivered_t"": 2.300833333333333, ""actual_delivery_share"": 0.55, ""eligible_t"": 4.183333333333332, ""order_month"": ""2038-03"", ""ordered_t"": 4.183333333333334, ""planned_arrival_month"": ""2038-05"", ""rejected_t"": 1.7763568394002505e-15, ""shipment_id"": ""S0134"", ""source_id"": ""D"", ""source_name"": ""Lunar-ISRU""}, {""actual_arrival_month"": ""2038-06"", ""actual_delivered_t"": 2.300833333333333, ""actual_delivery_share"": 0.55, ""eligible_t"": 4.183333333333332, ""order_month"": ""2038-04"", ""ordered_t"": 4.183333333333334, ""planned_arrival_month"": ""2038-06"", ""rejected_t"": 1.7763568394002505e-15, ""shipment_id"": ""S0135"", ""source_id"": ""D"", ""source_name"": ""Lunar-ISRU""}]","{""A"": 13.333333333333334, ""C"": 5.0, ""D"": 4.183333333333332}","{""A"": 13.333333333333334, ""C"": 5.0, ""D"": 2.300833333333333}",20.63416666666667,20.63416666666667,0.24761000000000002,20.386556666666667,0.0,16.291666666666664,7.666666666666668,0.0,0.0,17.23044666627143,ZBO,120.0,0.012,"[""ZBO"", ""EARTH_NEW"", ""LUNAR_ISRU""]",1.1409800999762856,6.833333333333333,[]
2038-05,17.23044666627143,23.958333333333332,16.291666666666664,"{""A"": 170.0, ""B"": 0, ""C"": 60.0, ""D"": 50.2, ""E"": 0}","{""A"": 14.166666666666666, ""C"": 5.0, ""D"": 4.183333333333334}","[{""actual_arrival_month"": ""2038-06"", ""actual_delivered_t"": 13.333333333333334, ""actual_delivery_share"": 1.0, ""eligible_t"": 13.333333333333334, ""order_month"": ""2037-06"", ""ordered_t"": 13.333333333333334, ""planned_arrival_month"": ""2038-06"", ""rejected_t"": 0.0, ""shipment_id"": ""S0030"", ""source_id"": ""A"", ""source_name"": ""Earth-Core""}, {""actual_arrival_month"": ""2038-07"", ""actual_delivered_t"": 13.333333333333334, ""actual_delivery_share"": 1.0, ""eligible_t"": 13.333333333333334, ""order_month"": ""2037-07"", ""ordered_t"": 13.333333333333334, ""planned_arrival_month"": ""2038-07"", ""rejected_t"": 0.0, ""shipment_id"": ""S0031"", ""source_id"": ""A"", ""source_name"": ""Earth-Core""}, {""actual_arrival_month"": ""2038-08"", ""actual_delivered_t"": 13.333333333333334, ""actual_delivery_share"": 1.0, ""eligible_t"": 13.333333333333334, ""order_month"": ""2037-08"", ""ordered_t"": 13.333333333333334, ""planned_arrival_month"": ""2038-08"", ""rejected_t"": 0.0, ""shipment_id"": ""S0032"", ""source_id"": ""A"", ""source_name"": ""Earth-Core""}, {""actual_arrival_month"": ""2038-09"", ""actual_delivered_t"": 13.333333333333334, ""actual_delivery_share"": 1.0, ""eligible_t"": 13.333333333333334, ""order_month"": ""2037-09"", ""ordered_t"": 13.333333333333334, ""planned_arrival_month"": ""2038-09"", ""rejected_t"": 0.0, ""shipment_id"": ""S0033"", ""source_id"": ""A"", ""source_name"": ""Earth-Core""}, {""actual_arrival_month"": ""2038-10"", ""actual_delivered_t"": 13.333333333333334, ""actual_delivery_share"": 1.0, ""eligible_t"": 13.333333333333334, ""order_month"": ""2037-10"", ""ordered_t"": 13.333333333333334, ""planned_arrival_month"": ""2038-10"", ""rejected_t"": 0.0, ""shipment_id"": ""S0034"", ""source_id"": ""A"", ""source_name"": ""Earth-Core""}, {""actual_arrival_month"": ""2038-11"", ""actual_delivered_t"": 13.333333333333334, ""actual_delivery_share"": 1.0, ""eligible_t"": 13.333333333333334, ""order_month"": ""2037-11"", ""ordered_t"": 13.333333333333334, ""planned_arrival_month"": ""2038-11"", ""rejected_t"": 0.0, ""shipment_id"": ""S0035"", ""source_id"": ""A"", ""source_name"": ""Earth-Core""}, {""actual_arrival_month"": ""2038-12"", ""actual_delivered_t"": 13.333333333333334, ""actual_delivery_share"": 1.0, ""eligible_t"": 13.333333333333334, ""order_month"": ""2037-12"", ""ordered_t"": 13.333333333333334, ""planned_arrival_month"": ""2038-12"", ""rejected_t"": 0.0, ""shipment_id"": ""S0036"", ""source_id"": ""A"", ""source_name"": ""Earth-Core""}, {""actual_arrival_month"": ""2039-01"", ""actual_delivered_t"": 14.166666666666666, ""actual_delivery_share"": 1.0, ""eligible_t"": 14.166666666666666, ""order_month"": ""2038-01"", ""ordered_t"": 14.166666666666666, ""planned_arrival_month"": ""2039-01"", ""rejected_t"": 0.0, ""shipment_id"": ""S0037"", ""source_id"": ""A"", ""source_name"": ""Earth-Core""}, {""actual_arrival_month"": ""2039-02"", ""actual_delivered_t"": 14.166666666666666, ""actual_delivery_share"": 1.0, ""eligible_t"": 14.166666666666666, ""order_month"": ""2038-02"", ""ordered_t"": 14.166666666666666, ""planned_arrival_month"": ""2039-02"", ""rejected_t"": 0.0, ""shipment_id"": ""S0038"", ""source_id"": ""A"", ""source_name"": ""Earth-Core""}, {""actual_arrival_month"": ""2039-03"", ""actual_delivered_t"": 14.166666666666666, ""actual_delivery_share"": 1.0, ""eligible_t"": 14.166666666666666, ""order_month"": ""2038-03"", ""ordered_t"": 14.166666666666666, ""planned_arrival_month"": ""2039-03"", ""rejected_t"": 0.0, ""shipment_id"": ""S0039"", ""source_id"": ""A"", ""source_name"": ""Earth-Core""}, {""actual_arrival_month"": ""2039-04"", ""actual_delivered_t"": 14.166666666666666, ""actual_delivery_share"": 1.0, ""eligible_t"": 14.166666666666666, ""order_month"": ""2038-04"", ""ordered_t"": 14.166666666666666, ""planned_arrival_month"": ""2039-04"", ""rejected_t"": 0.0, ""shipment_id"": ""S0040"", ""source_id"": ""A"", ""source_name"": ""Earth-Core""}, {""actual_arrival_month"": ""2039-05"", ""actual_delivered_t"": 14.166666666666666, ""actual_delivery_share"": 1.0, ""eligible_t"": 14.166666666666666, ""order_month"": ""2038-05"", ""ordered_t"": 14.166666666666666, ""planned_arrival_month"": ""2039-05"", ""rejected_t"": 0.0, ""shipment_id"": ""S0041"", ""source_id"": ""A"", ""source_name"": ""Earth-Core""}, {""actual_arrival_month"": ""2038-06"", ""actual_delivered_t"": 2.300833333333333, ""actual_delivery_share"": 0.55, ""eligible_t"": 4.183333333333332, ""order_month"": ""2038-04"", ""ordered_t"": 4.183333333333334, ""planned_arrival_month"": ""2038-06"", ""rejected_t"": 1.7763568394002505e-15, ""shipment_id"": ""S0135"", ""source_id"": ""D"", ""source_name"": ""Lunar-ISRU""}, {""actual_arrival_month"": ""2038-07"", ""actual_delivered_t"": 2.300833333333333, ""actual_delivery_share"": 0.55, ""eligible_t"": 4.183333333333332, ""order_month"": ""2038-05"", ""ordered_t"": 4.183333333333334, ""planned_arrival_month"": ""2038-07"", ""rejected_t"": 1.7763568394002505e-15, ""shipment_id"": ""S0136"", ""source_id"": ""D"", ""source_name"": ""Lunar-ISRU""}]","{""A"": 13.333333333333334, ""C"": 5.0, ""D"": 4.183333333333332}","{""A"": 13.333333333333334, ""C"": 5.0, ""D"": 2.300833333333333}",20.63416666666667,20.63416666666667,0.24761000000000002,20.386556666666667,0.0,16.291666666666664,7.666666666666668,0.0,0.0,13.658669999604765,ZBO,120.0,0.012,"[""ZBO"", ""EARTH_NEW"", ""LUNAR_ISRU""]",0.9266734999762858,6.833333333333333,[]
2038-06,13.658669999604765,23.958333333333332,16.291666666666664,"{""A"": 170.0, ""B"": 0, ""C"": 60.0, ""D"": 50.2, ""E"": 0}","{""A"": 14.166666666666666, ""C"": 5.0, ""D"": 4.183333333333334}","[{""actual_arrival_month"": ""2038-07"", ""actual_delivered_t"": 13.333333333333334, ""actual_delivery_share"": 1.0, ""eligible_t"": 13.333333333333334, ""order_month"": ""2037-07"", ""ordered_t"": 13.333333333333334, ""planned_arrival_month"": ""2038-07"", ""rejected_t"": 0.0, ""shipment_id"": ""S0031"", ""source_id"": ""A"", ""source_name"": ""Earth-Core""}, {""actual_arrival_month"": ""2038-08"", ""actual_delivered_t"": 13.333333333333334, ""actual_delivery_share"": 1.0, ""eligible_t"": 13.333333333333334, ""order_month"": ""2037-08"", ""ordered_t"": 13.333333333333334, ""planned_arrival_month"": ""2038-08"", ""rejected_t"": 0.0, ""shipment_id"": ""S0032"", ""source_id"": ""A"", ""source_name"": ""Earth-Core""}, {""actual_arrival_month"": ""2038-09"", ""actual_delivered_t"": 13.333333333333334, ""actual_delivery_share"": 1.0, ""eligible_t"": 13.333333333333334, ""order_month"": ""2037-09"", ""ordered_t"": 13.333333333333334, ""planned_arrival_month"": ""2038-09"", ""rejected_t"": 0.0, ""shipment_id"": ""S0033"", ""source_id"": ""A"", ""source_name"": ""Earth-Core""}, {""actual_arrival_month"": ""2038-10"", ""actual_delivered_t"": 13.333333333333334, ""actual_delivery_share"": 1.0, ""eligible_t"": 13.333333333333334, ""order_month"": ""2037-10"", ""ordered_t"": 13.333333333333334, ""planned_arrival_month"": ""2038-10"", ""rejected_t"": 0.0, ""shipment_id"": ""S0034"", ""source_id"": ""A"", ""source_name"": ""Earth-Core""}, {""actual_arrival_month"": ""2038-11"", ""actual_delivered_t"": 13.333333333333334, ""actual_delivery_share"": 1.0, ""eligible_t"": 13.333333333333334, ""order_month"": ""2037-11"", ""ordered_t"": 13.333333333333334, ""planned_arrival_month"": ""2038-11"", ""rejected_t"": 0.0, ""shipment_id"": ""S0035"", ""source_id"": ""A"", ""source_name"": ""Earth-Core""}, {""actual_arrival_month"": ""2038-12"", ""actual_delivered_t"": 13.333333333333334, ""actual_delivery_share"": 1.0, ""eligible_t"": 13.333333333333334, ""order_month"": ""2037-12"", ""ordered_t"": 13.333333333333334, ""planned_arrival_month"": ""2038-12"", ""rejected_t"": 0.0, ""shipment_id"": ""S0036"", ""source_id"": ""A"", ""source_name"": ""Earth-Core""}, {""actual_arrival_month"": ""2039-01"", ""actual_delivered_t"": 14.166666666666666, ""actual_delivery_share"": 1.0, ""eligible_t"": 14.166666666666666, ""order_month"": ""2038-01"", ""ordered_t"": 14.166666666666666, ""planned_arrival_month"": ""2039-01"", ""rejected_t"": 0.0, ""shipment_id"": ""S0037"", ""source_id"": ""A"", ""source_name"": ""Earth-Core""}, {""actual_arrival_month"": ""2039-02"", ""actual_delivered_t"": 14.166666666666666, ""actual_delivery_share"": 1.0, ""eligible_t"": 14.166666666666666, ""order_month"": ""2038-02"", ""ordered_t"": 14.166666666666666, ""planned_arrival_month"": ""2039-02"", ""rejected_t"": 0.0, ""shipment_id"": ""S0038"", ""source_id"": ""A"", ""source_name"": ""Earth-Core""}, {""actual_arrival_month"": ""2039-03"", ""actual_delivered_t"": 14.166666666666666, ""actual_delivery_share"": 1.0, ""eligible_t"": 14.166666666666666, ""order_month"": ""2038-03"", ""ordered_t"": 14.166666666666666, ""planned_arrival_month"": ""2039-03"", ""rejected_t"": 0.0, ""shipment_id"": ""S0039"", ""source_id"": ""A"", ""source_name"": ""Earth-Core""}, {""actual_arrival_month"": ""2039-04"", ""actual_delivered_t"": 14.166666666666666, ""actual_delivery_share"": 1.0, ""eligible_t"": 14.166666666666666, ""order_month"": ""2038-04"", ""ordered_t"": 14.166666666666666, ""planned_arrival_month"": ""2039-04"", ""rejected_t"": 0.0, ""shipment_id"": ""S0040"", ""source_id"": ""A"", ""source_name"": ""Earth-Core""}, {""actual_arrival_month"": ""2039-05"", ""actual_delivered_t"": 14.166666666666666, ""actual_delivery_share"": 1.0, ""eligible_t"": 14.166666666666666, ""order_month"": ""2038-05"", ""ordered_t"": 14.166666666666666, ""planned_arrival_month"": ""2039-05"", ""rejected_t"": 0.0, ""shipment_id"": ""S0041"", ""source_id"": ""A"", ""source_name"": ""Earth-Core""}, {""actual_arrival_month"": ""2039-06"", ""actual_delivered_t"": 14.166666666666666, ""actual_delivery_share"": 1.0, ""eligible_t"": 14.166666666666666, ""order_month"": ""2038-06"", ""ordered_t"": 14.166666666666666, ""planned_arrival_month"": ""2039-06"", ""rejected_t"": 0.0, ""shipment_id"": ""S0042"", ""source_id"": ""A"", ""source_name"": ""Earth-Core""}, {""actual_arrival_month"": ""2038-07"", ""actual_delivered_t"": 2.300833333333333, ""actual_delivery_share"": 0.55, ""eligible_t"": 4.183333333333332, ""order_month"": ""2038-05"", ""ordered_t"": 4.183333333333334, ""planned_arrival_month"": ""2038-07"", ""rejected_t"": 1.7763568394002505e-15, ""shipment_id"": ""S0136"", ""source_id"": ""D"", ""source_name"": ""Lunar-ISRU""}, {""actual_arrival_month"": ""2038-08"", ""actual_delivered_t"": 2.300833333333333, ""actual_delivery_share"": 0.55, ""eligible_t"": 4.183333333333332, ""order_month"": ""2038-06"", ""ordered_t"": 4.183333333333334, ""planned_arrival_month"": ""2038-08"", ""rejected_t"": 1.7763568394002505e-15, ""shipment_id"": ""S0137"", ""source_id"": ""D"", ""source_name"": ""Lunar-ISRU""}]","{""A"": 13.333333333333334, ""C"": 5.0, ""D"": 4.183333333333332}","{""A"": 13.333333333333334, ""C"": 5.0, ""D"": 2.300833333333333}",20.63416666666667,20.63416666666667,0.24761000000000002,20.386556666666667,0.0,16.291666666666664,7.666666666666668,0.0,0.0,10.0868933329381,ZBO,120.0,0.012,"[""ZBO"", ""EARTH_NEW"", ""LUNAR_ISRU""]",0.7123668999762859,6.833333333333333,[]
2038-07,10.0868933329381,23.958333333333332,16.291666666666664,"{""A"": 170.0, ""B"": 0, ""C"": 60.0, ""D"": 50.2, ""E"": 0}","{""A"": 14.166666666666666, ""C"": 5.0, ""D"": 4.183333333333334}","[{""actual_arrival_month"": ""2038-08"", ""actual_delivered_t"": 13.333333333333334, ""actual_delivery_share"": 1.0, ""eligible_t"": 13.333333333333334, ""order_month"": ""2037-08"", ""ordered_t"": 13.333333333333334, ""planned_arrival_month"": ""2038-08"", ""rejected_t"": 0.0, ""shipment_id"": ""S0032"", ""source_id"": ""A"", ""source_name"": ""Earth-Core""}, {""actual_arrival_month"": ""2038-09"", ""actual_delivered_t"": 13.333333333333334, ""actual_delivery_share"": 1.0, ""eligible_t"": 13.333333333333334, ""order_month"": ""2037-09"", ""ordered_t"": 13.333333333333334, ""planned_arrival_month"": ""2038-09"", ""rejected_t"": 0.0, ""shipment_id"": ""S0033"", ""source_id"": ""A"", ""source_name"": ""Earth-Core""}, {""actual_arrival_month"": ""2038-10"", ""actual_delivered_t"": 13.333333333333334, ""actual_delivery_share"": 1.0, ""eligible_t"": 13.333333333333334, ""order_month"": ""2037-10"", ""ordered_t"": 13.333333333333334, ""planned_arrival_month"": ""2038-10"", ""rejected_t"": 0.0, ""shipment_id"": ""S0034"", ""source_id"": ""A"", ""source_name"": ""Earth-Core""}, {""actual_arrival_month"": ""2038-11"", ""actual_delivered_t"": 13.333333333333334, ""actual_delivery_share"": 1.0, ""eligible_t"": 13.333333333333334, ""order_month"": ""2037-11"", ""ordered_t"": 13.333333333333334, ""planned_arrival_month"": ""2038-11"", ""rejected_t"": 0.0, ""shipment_id"": ""S0035"", ""source_id"": ""A"", ""source_name"": ""Earth-Core""}, {""actual_arrival_month"": ""2038-12"", ""actual_delivered_t"": 13.333333333333334, ""actual_delivery_share"": 1.0, ""eligible_t"": 13.333333333333334, ""order_month"": ""2037-12"", ""ordered_t"": 13.333333333333334, ""planned_arrival_month"": ""2038-12"", ""rejected_t"": 0.0, ""shipment_id"": ""S0036"", ""source_id"": ""A"", ""source_name"": ""Earth-Core""}, {""actual_arrival_month"": ""2039-01"", ""actual_delivered_t"": 14.166666666666666, ""actual_delivery_share"": 1.0, ""eligible_t"": 14.166666666666666, ""order_month"": ""2038-01"", ""ordered_t"": 14.166666666666666, ""planned_arrival_month"": ""2039-01"", ""rejected_t"": 0.0, ""shipment_id"": ""S0037"", ""source_id"": ""A"", ""source_name"": ""Earth-Core""}, {""actual_arrival_month"": ""2039-02"", ""actual_delivered_t"": 14.166666666666666, ""actual_delivery_share"": 1.0, ""eligible_t"": 14.166666666666666, ""order_month"": ""2038-02"", ""ordered_t"": 14.166666666666666, ""planned_arrival_month"": ""2039-02"", ""rejected_t"": 0.0, ""shipment_id"": ""S0038"", ""source_id"": ""A"", ""source_name"": ""Earth-Core""}, {""actual_arrival_month"": ""2039-03"", ""actual_delivered_t"": 14.166666666666666, ""actual_delivery_share"": 1.0, ""eligible_t"": 14.166666666666666, ""order_month"": ""2038-03"", ""ordered_t"": 14.166666666666666, ""planned_arrival_month"": ""2039-03"", ""rejected_t"": 0.0, ""shipment_id"": ""S0039"", ""source_id"": ""A"", ""source_name"": ""Earth-Core""}, {""actual_arrival_month"": ""2039-04"", ""actual_delivered_t"": 14.166666666666666, ""actual_delivery_share"": 1.0, ""eligible_t"": 14.166666666666666, ""order_month"": ""2038-04"", ""ordered_t"": 14.166666666666666, ""planned_arrival_month"": ""2039-04"", ""rejected_t"": 0.0, ""shipment_id"": ""S0040"", ""source_id"": ""A"", ""source_name"": ""Earth-Core""}, {""actual_arrival_month"": ""2039-05"", ""actual_delivered_t"": 14.166666666666666, ""actual_delivery_share"": 1.0, ""eligible_t"": 14.166666666666666, ""order_month"": ""2038-05"", ""ordered_t"": 14.166666666666666, ""planned_arrival_month"": ""2039-05"", ""rejected_t"": 0.0, ""shipment_id"": ""S0041"", ""source_id"": ""A"", ""source_name"": ""Earth-Core""}, {""actual_arrival_month"": ""2039-06"", ""actual_delivered_t"": 14.166666666666666, ""actual_delivery_share"": 1.0, ""eligible_t"": 14.166666666666666, ""order_month"": ""2038-06"", ""ordered_t"": 14.166666666666666, ""planned_arrival_month"": ""2039-06"", ""rejected_t"": 0.0, ""shipment_id"": ""S0042"", ""source_id"": ""A"", ""source_name"": ""Earth-Core""}, {""actual_arrival_month"": ""2039-07"", ""actual_delivered_t"": 14.166666666666666, ""actual_delivery_share"": 1.0, ""eligible_t"": 14.166666666666666, ""order_month"": ""2038-07"", ""ordered_t"": 14.166666666666666, ""planned_arrival_month"": ""2039-07"", ""rejected_t"": 0.0, ""shipment_id"": ""S0043"", ""source_id"": ""A"", ""source_name"": ""Earth-Core""}, {""actual_arrival_month"": ""2038-08"", ""actual_delivered_t"": 2.300833333333333, ""actual_delivery_share"": 0.55, ""eligible_t"": 4.183333333333332, ""order_month"": ""2038-06"", ""ordered_t"": 4.183333333333334, ""planned_arrival_month"": ""2038-08"", ""rejected_t"": 1.7763568394002505e-15, ""shipment_id"": ""S0137"", ""source_id"": ""D"", ""source_name"": ""Lunar-ISRU""}, {""actual_arrival_month"": ""2038-09"", ""actual_delivered_t"": 2.300833333333333, ""actual_delivery_share"": 0.55, ""eligible_t"": 4.183333333333332, ""order_month"": ""2038-07"", ""ordered_t"": 4.183333333333334, ""planned_arrival_month"": ""2038-09"", ""rejected_t"": 1.7763568394002505e-15, ""shipment_id"": ""S0138"", ""source_id"": ""D"", ""source_name"": ""Lunar-ISRU""}]","{""A"": 13.333333333333334, ""C"": 5.0, ""D"": 4.183333333333332}","{""A"": 13.333333333333334, ""C"": 5.0, ""D"": 2.300833333333333}",20.63416666666667,20.63416666666667,0.24761000000000002,20.386556666666667,0.0,16.291666666666664,7.666666666666668,0.0,0.0,6.515116666271435,ZBO,120.0,0.012,"[""ZBO"", ""EARTH_NEW"", ""LUNAR_ISRU""]",0.49806029997628604,6.833333333333333,[]
2038-08,6.515116666271435,23.958333333333332,16.291666666666664,"{""A"": 170.0, ""B"": 0, ""C"": 60.0, ""D"": 50.2, ""E"": 0}","{""A"": 14.166666666666666, ""C"": 5.0, ""D"": 4.183333333333334}","[{""actual_arrival_month"": ""2038-09"", ""actual_delivered_t"": 13.333333333333334, ""actual_delivery_share"": 1.0, ""eligible_t"": 13.333333333333334, ""order_month"": ""2037-09"", ""ordered_t"": 13.333333333333334, ""planned_arrival_month"": ""2038-09"", ""rejected_t"": 0.0, ""shipment_id"": ""S0033"", ""source_id"": ""A"", ""source_name"": ""Earth-Core""}, {""actual_arrival_month"": ""2038-10"", ""actual_delivered_t"": 13.333333333333334, ""actual_delivery_share"": 1.0, ""eligible_t"": 13.333333333333334, ""order_month"": ""2037-10"", ""ordered_t"": 13.333333333333334, ""planned_arrival_month"": ""2038-10"", ""rejected_t"": 0.0, ""shipment_id"": ""S0034"", ""source_id"": ""A"", ""source_name"": ""Earth-Core""}, {""actual_arrival_month"": ""2038-11"", ""actual_delivered_t"": 13.333333333333334, ""actual_delivery_share"": 1.0, ""eligible_t"": 13.333333333333334, ""order_month"": ""2037-11"", ""ordered_t"": 13.333333333333334, ""planned_arrival_month"": ""2038-11"", ""rejected_t"": 0.0, ""shipment_id"": ""S0035"", ""source_id"": ""A"", ""source_name"": ""Earth-Core""}, {""actual_arrival_month"": ""2038-12"", ""actual_delivered_t"": 13.333333333333334, ""actual_delivery_share"": 1.0, ""eligible_t"": 13.333333333333334, ""order_month"": ""2037-12"", ""ordered_t"": 13.333333333333334, ""planned_arrival_month"": ""2038-12"", ""rejected_t"": 0.0, ""shipment_id"": ""S0036"", ""source_id"": ""A"", ""source_name"": ""Earth-Core""}, {""actual_arrival_month"": ""2039-01"", ""actual_delivered_t"": 14.166666666666666, ""actual_delivery_share"": 1.0, ""eligible_t"": 14.166666666666666, ""order_month"": ""2038-01"", ""ordered_t"": 14.166666666666666, ""planned_arrival_month"": ""2039-01"", ""rejected_t"": 0.0, ""shipment_id"": ""S0037"", ""source_id"": ""A"", ""source_name"": ""Earth-Core""}, {""actual_arrival_month"": ""2039-02"", ""actual_delivered_t"": 14.166666666666666, ""actual_delivery_share"": 1.0, ""eligible_t"": 14.166666666666666, ""order_month"": ""2038-02"", ""ordered_t"": 14.166666666666666, ""planned_arrival_month"": ""2039-02"", ""rejected_t"": 0.0, ""shipment_id"": ""S0038"", ""source_id"": ""A"", ""source_name"": ""Earth-Core""}, {""actual_arrival_month"": ""2039-03"", ""actual_delivered_t"": 14.166666666666666, ""actual_delivery_share"": 1.0, ""eligible_t"": 14.166666666666666, ""order_month"": ""2038-03"", ""ordered_t"": 14.166666666666666, ""planned_arrival_month"": ""2039-03"", ""rejected_t"": 0.0, ""shipment_id"": ""S0039"", ""source_id"": ""A"", ""source_name"": ""Earth-Core""}, {""actual_arrival_month"": ""2039-04"", ""actual_delivered_t"": 14.166666666666666, ""actual_delivery_share"": 1.0, ""eligible_t"": 14.166666666666666, ""order_month"": ""2038-04"", ""ordered_t"": 14.166666666666666, ""planned_arrival_month"": ""2039-04"", ""rejected_t"": 0.0, ""shipment_id"": ""S0040"", ""source_id"": ""A"", ""source_name"": ""Earth-Core""}, {""actual_arrival_month"": ""2039-05"", ""actual_delivered_t"": 14.166666666666666, ""actual_delivery_share"": 1.0, ""eligible_t"": 14.166666666666666, ""order_month"": ""2038-05"", ""ordered_t"": 14.166666666666666, ""planned_arrival_month"": ""2039-05"", ""rejected_t"": 0.0, ""shipment_id"": ""S0041"", ""source_id"": ""A"", ""source_name"": ""Earth-Core""}, {""actual_arrival_month"": ""2039-06"", ""actual_delivered_t"": 14.166666666666666, ""actual_delivery_share"": 1.0, ""eligible_t"": 14.166666666666666, ""order_month"": ""2038-06"", ""ordered_t"": 14.166666666666666, ""planned_arrival_month"": ""2039-06"", ""rejected_t"": 0.0, ""shipment_id"": ""S0042"", ""source_id"": ""A"", ""source_name"": ""Earth-Core""}, {""actual_arrival_month"": ""2039-07"", ""actual_delivered_t"": 14.166666666666666, ""actual_delivery_share"": 1.0, ""eligible_t"": 14.166666666666666, ""order_month"": ""2038-07"", ""ordered_t"": 14.166666666666666, ""planned_arrival_month"": ""2039-07"", ""rejected_t"": 0.0, ""shipment_id"": ""S0043"", ""source_id"": ""A"", ""source_name"": ""Earth-Core""}, {""actual_arrival_month"": ""2039-08"", ""actual_delivered_t"": 14.166666666666666, ""actual_delivery_share"": 1.0, ""eligible_t"": 14.166666666666666, ""order_month"": ""2038-08"", ""ordered_t"": 14.166666666666666, ""planned_arrival_month"": ""2039-08"", ""rejected_t"": 0.0, ""shipment_id"": ""S0044"", ""source_id"": ""A"", ""source_name"": ""Earth-Core""}, {""actual_arrival_month"": ""2038-09"", ""actual_delivered_t"": 2.300833333333333, ""actual_delivery_share"": 0.55, ""eligible_t"": 4.183333333333332, ""order_month"": ""2038-07"", ""ordered_t"": 4.183333333333334, ""planned_arrival_month"": ""2038-09"", ""rejected_t"": 1.7763568394002505e-15, ""shipment_id"": ""S0138"", ""source_id"": ""D"", ""source_name"": ""Lunar-ISRU""}, {""actual_arrival_month"": ""2038-10"", ""actual_delivered_t"": 2.300833333333333, ""actual_delivery_share"": 0.55, ""eligible_t"": 4.183333333333332, ""order_month"": ""2038-08"", ""ordered_t"": 4.183333333333334, ""planned_arrival_month"": ""2038-10"", ""rejected_t"": 1.7763568394002505e-15, ""shipment_id"": ""S0139"", ""source_id"": ""D"", ""source_name"": ""Lunar-ISRU""}]","{""A"": 13.333333333333334, ""C"": 5.0, ""D"": 4.183333333333332}","{""A"": 13.333333333333334, ""C"": 5.0, ""D"": 2.300833333333333}",20.63416666666667,20.63416666666667,0.24761000000000002,20.386556666666667,0.0,16.291666666666664,7.666666666666668,0.0,0.0,2.9433399996047704,ZBO,120.0,0.012,"[""ZBO"", ""EARTH_NEW"", ""LUNAR_ISRU""]",0.28375369997628613,6.833333333333333,[]
2038-09,2.9433399996047704,23.958333333333332,16.291666666666664,"{""A"": 170.0, ""B"": 0, ""C"": 60.0, ""D"": 50.2, ""E"": 0}","{""A"": 14.166666666666666, ""C"": 5.0, ""D"": 4.183333333333334}","[{""actual_arrival_month"": ""2038-10"", ""actual_delivered_t"": 13.333333333333334, ""actual_delivery_share"": 1.0, ""eligible_t"": 13.333333333333334, ""order_month"": ""2037-10"", ""ordered_t"": 13.333333333333334, ""planned_arrival_month"": ""2038-10"", ""rejected_t"": 0.0, ""shipment_id"": ""S0034"", ""source_id"": ""A"", ""source_name"": ""Earth-Core""}, {""actual_arrival_month"": ""2038-11"", ""actual_delivered_t"": 13.333333333333334, ""actual_delivery_share"": 1.0, ""eligible_t"": 13.333333333333334, ""order_month"": ""2037-11"", ""ordered_t"": 13.333333333333334, ""planned_arrival_month"": ""2038-11"", ""rejected_t"": 0.0, ""shipment_id"": ""S0035"", ""source_id"": ""A"", ""source_name"": ""Earth-Core""}, {""actual_arrival_month"": ""2038-12"", ""actual_delivered_t"": 13.333333333333334, ""actual_delivery_share"": 1.0, ""eligible_t"": 13.333333333333334, ""order_month"": ""2037-12"", ""ordered_t"": 13.333333333333334, ""planned_arrival_month"": ""2038-12"", ""rejected_t"": 0.0, ""shipment_id"": ""S0036"", ""source_id"": ""A"", ""source_name"": ""Earth-Core""}, {""actual_arrival_month"": ""2039-01"", ""actual_delivered_t"": 14.166666666666666, ""actual_delivery_share"": 1.0, ""eligible_t"": 14.166666666666666, ""order_month"": ""2038-01"", ""ordered_t"": 14.166666666666666, ""planned_arrival_month"": ""2039-01"", ""rejected_t"": 0.0, ""shipment_id"": ""S0037"", ""source_id"": ""A"", ""source_name"": ""Earth-Core""}, {""actual_arrival_month"": ""2039-02"", ""actual_delivered_t"": 14.166666666666666, ""actual_delivery_share"": 1.0, ""eligible_t"": 14.166666666666666, ""order_month"": ""2038-02"", ""ordered_t"": 14.166666666666666, ""planned_arrival_month"": ""2039-02"", ""rejected_t"": 0.0, ""shipment_id"": ""S0038"", ""source_id"": ""A"", ""source_name"": ""Earth-Core""}, {""actual_arrival_month"": ""2039-03"", ""actual_delivered_t"": 14.166666666666666, ""actual_delivery_share"": 1.0, ""eligible_t"": 14.166666666666666, ""order_month"": ""2038-03"", ""ordered_t"": 14.166666666666666, ""planned_arrival_month"": ""2039-03"", ""rejected_t"": 0.0, ""shipment_id"": ""S0039"", ""source_id"": ""A"", ""source_name"": ""Earth-Core""}, {""actual_arrival_month"": ""2039-04"", ""actual_delivered_t"": 14.166666666666666, ""actual_delivery_share"": 1.0, ""eligible_t"": 14.166666666666666, ""order_month"": ""2038-04"", ""ordered_t"": 14.166666666666666, ""planned_arrival_month"": ""2039-04"", ""rejected_t"": 0.0, ""shipment_id"": ""S0040"", ""source_id"": ""A"", ""source_name"": ""Earth-Core""}, {""actual_arrival_month"": ""2039-05"", ""actual_delivered_t"": 14.166666666666666, ""actual_delivery_share"": 1.0, ""eligible_t"": 14.166666666666666, ""order_month"": ""2038-05"", ""ordered_t"": 14.166666666666666, ""planned_arrival_month"": ""2039-05"", ""rejected_t"": 0.0, ""shipment_id"": ""S0041"", ""source_id"": ""A"", ""source_name"": ""Earth-Core""}, {""actual_arrival_month"": ""2039-06"", ""actual_delivered_t"": 14.166666666666666, ""actual_delivery_share"": 1.0, ""eligible_t"": 14.166666666666666, ""order_month"": ""2038-06"", ""ordered_t"": 14.166666666666666, ""planned_arrival_month"": ""2039-06"", ""rejected_t"": 0.0, ""shipment_id"": ""S0042"", ""source_id"": ""A"", ""source_name"": ""Earth-Core""}, {""actual_arrival_month"": ""2039-07"", ""actual_delivered_t"": 14.166666666666666, ""actual_delivery_share"": 1.0, ""eligible_t"": 14.166666666666666, ""order_month"": ""2038-07"", ""ordered_t"": 14.166666666666666, ""planned_arrival_month"": ""2039-07"", ""rejected_t"": 0.0, ""shipment_id"": ""S0043"", ""source_id"": ""A"", ""source_name"": ""Earth-Core""}, {""actual_arrival_month"": ""2039-08"", ""actual_delivered_t"": 14.166666666666666, ""actual_delivery_share"": 1.0, ""eligible_t"": 14.166666666666666, ""order_month"": ""2038-08"", ""ordered_t"": 14.166666666666666, ""planned_arrival_month"": ""2039-08"", ""rejected_t"": 0.0, ""shipment_id"": ""S0044"", ""source_id"": ""A"", ""source_name"": ""Earth-Core""}, {""actual_arrival_month"": ""2039-09"", ""actual_delivered_t"": 14.166666666666666, ""actual_delivery_share"": 1.0, ""eligible_t"": 14.166666666666666, ""order_month"": ""2038-09"", ""ordered_t"": 14.166666666666666, ""planned_arrival_month"": ""2039-09"", ""rejected_t"": 0.0, ""shipment_id"": ""S0045"", ""source_id"": ""A"", ""source_name"": ""Earth-Core""}, {""actual_arrival_month"": ""2038-10"", ""actual_delivered_t"": 2.300833333333333, ""actual_delivery_share"": 0.55, ""eligible_t"": 4.183333333333332, ""order_month"": ""2038-08"", ""ordered_t"": 4.183333333333334, ""planned_arrival_month"": ""2038-10"", ""rejected_t"": 1.7763568394002505e-15, ""shipment_id"": ""S0139"", ""source_id"": ""D"", ""source_name"": ""Lunar-ISRU""}, {""actual_arrival_month"": ""2038-11"", ""actual_delivered_t"": 2.300833333333333, ""actual_delivery_share"": 0.55, ""eligible_t"": 4.183333333333332, ""order_month"": ""2038-09"", ""ordered_t"": 4.183333333333334, ""planned_arrival_month"": ""2038-11"", ""rejected_t"": 1.7763568394002505e-15, ""shipment_id"": ""S0140"", ""source_id"": ""D"", ""source_name"": ""Lunar-ISRU""}]","{""A"": 13.333333333333334, ""C"": 5.0, ""D"": 4.183333333333332}","{""A"": 13.333333333333334, ""C"": 5.0, ""D"": 2.300833333333333}",20.63416666666667,20.63416666666667,0.24761000000000002,20.386556666666667,0.0,16.291666666666664,7.0382299996047735,0.0,0.6284366670618944,0.0,ZBO,120.0,0.012,"[""ZBO"", ""EARTH_NEW"", ""LUNAR_ISRU""]",0.0883001999881431,6.833333333333333,[]
2038-10,0.0,23.958333333333332,16.291666666666664,"{""A"": 170.0, ""B"": 0, ""C"": 60.0, ""D"": 50.2, ""E"": 0}","{""A"": 14.166666666666666, ""C"": 5.0, ""D"": 4.183333333333334}","[{""actual_arrival_month"": ""2038-11"", ""actual_delivered_t"": 13.333333333333334, ""actual_delivery_share"": 1.0, ""eligible_t"": 13.333333333333334, ""order_month"": ""2037-11"", ""ordered_t"": 13.333333333333334, ""planned_arrival_month"": ""2038-11"", ""rejected_t"": 0.0, ""shipment_id"": ""S0035"", ""source_id"": ""A"", ""source_name"": ""Earth-Core""}, {""actual_arrival_month"": ""2038-12"", ""actual_delivered_t"": 13.333333333333334, ""actual_delivery_share"": 1.0, ""eligible_t"": 13.333333333333334, ""order_month"": ""2037-12"", ""ordered_t"": 13.333333333333334, ""planned_arrival_month"": ""2038-12"", ""rejected_t"": 0.0, ""shipment_id"": ""S0036"", ""source_id"": ""A"", ""source_name"": ""Earth-Core""}, {""actual_arrival_month"": ""2039-01"", ""actual_delivered_t"": 14.166666666666666, ""actual_delivery_share"": 1.0, ""eligible_t"": 14.166666666666666, ""order_month"": ""2038-01"", ""ordered_t"": 14.166666666666666, ""planned_arrival_month"": ""2039-01"", ""rejected_t"": 0.0, ""shipment_id"": ""S0037"", ""source_id"": ""A"", ""source_name"": ""Earth-Core""}, {""actual_arrival_month"": ""2039-02"", ""actual_delivered_t"": 14.166666666666666, ""actual_delivery_share"": 1.0, ""eligible_t"": 14.166666666666666, ""order_month"": ""2038-02"", ""ordered_t"": 14.166666666666666, ""planned_arrival_month"": ""2039-02"", ""rejected_t"": 0.0, ""shipment_id"": ""S0038"", ""source_id"": ""A"", ""source_name"": ""Earth-Core""}, {""actual_arrival_month"": ""2039-03"", ""actual_delivered_t"": 14.166666666666666, ""actual_delivery_share"": 1.0, ""eligible_t"": 14.166666666666666, ""order_month"": ""2038-03"", ""ordered_t"": 14.166666666666666, ""planned_arrival_month"": ""2039-03"", ""rejected_t"": 0.0, ""shipment_id"": ""S0039"", ""source_id"": ""A"", ""source_name"": ""Earth-Core""}, {""actual_arrival_month"": ""2039-04"", ""actual_delivered_t"": 14.166666666666666, ""actual_delivery_share"": 1.0, ""eligible_t"": 14.166666666666666, ""order_month"": ""2038-04"", ""ordered_t"": 14.166666666666666, ""planned_arrival_month"": ""2039-04"", ""rejected_t"": 0.0, ""shipment_id"": ""S0040"", ""source_id"": ""A"", ""source_name"": ""Earth-Core""}, {""actual_arrival_month"": ""2039-05"", ""actual_delivered_t"": 14.166666666666666, ""actual_delivery_share"": 1.0, ""eligible_t"": 14.166666666666666, ""order_month"": ""2038-05"", ""ordered_t"": 14.166666666666666, ""planned_arrival_month"": ""2039-05"", ""rejected_t"": 0.0, ""shipment_id"": ""S0041"", ""source_id"": ""A"", ""source_name"": ""Earth-Core""}, {""actual_arrival_month"": ""2039-06"", ""actual_delivered_t"": 14.166666666666666, ""actual_delivery_share"": 1.0, ""eligible_t"": 14.166666666666666, ""order_month"": ""2038-06"", ""ordered_t"": 14.166666666666666, ""planned_arrival_month"": ""2039-06"", ""rejected_t"": 0.0, ""shipment_id"": ""S0042"", ""source_id"": ""A"", ""source_name"": ""Earth-Core""}, {""actual_arrival_month"": ""2039-07"", ""actual_delivered_t"": 14.166666666666666, ""actual_delivery_share"": 1.0, ""eligible_t"": 14.166666666666666, ""order_month"": ""2038-07"", ""ordered_t"": 14.166666666666666, ""planned_arrival_month"": ""2039-07"", ""rejected_t"": 0.0, ""shipment_id"": ""S0043"", ""source_id"": ""A"", ""source_name"": ""Earth-Core""}, {""actual_arrival_month"": ""2039-08"", ""actual_delivered_t"": 14.166666666666666, ""actual_delivery_share"": 1.0, ""eligible_t"": 14.166666666666666, ""order_month"": ""2038-08"", ""ordered_t"": 14.166666666666666, ""planned_arrival_month"": ""2039-08"", ""rejected_t"": 0.0, ""shipment_id"": ""S0044"", ""source_id"": ""A"", ""source_name"": ""Earth-Core""}, {""actual_arrival_month"": ""2039-09"", ""actual_delivered_t"": 14.166666666666666, ""actual_delivery_share"": 1.0, ""eligible_t"": 14.166666666666666, ""order_month"": ""2038-09"", ""ordered_t"": 14.166666666666666, ""planned_arrival_month"": ""2039-09"", ""rejected_t"": 0.0, ""shipment_id"": ""S0045"", ""source_id"": ""A"", ""source_name"": ""Earth-Core""}, {""actual_arrival_month"": ""2039-10"", ""actual_delivered_t"": 14.166666666666666, ""actual_delivery_share"": 1.0, ""eligible_t"": 14.166666666666666, ""order_month"": ""2038-10"", ""ordered_t"": 14.166666666666666, ""planned_arrival_month"": ""2039-10"", ""rejected_t"": 0.0, ""shipment_id"": ""S0046"", ""source_id"": ""A"", ""source_name"": ""Earth-Core""}, {""actual_arrival_month"": ""2038-11"", ""actual_delivered_t"": 2.300833333333333, ""actual_delivery_share"": 0.55, ""eligible_t"": 4.183333333333332, ""order_month"": ""2038-09"", ""ordered_t"": 4.183333333333334, ""planned_arrival_month"": ""2038-11"", ""rejected_t"": 1.7763568394002505e-15, ""shipment_id"": ""S0140"", ""source_id"": ""D"", ""source_name"": ""Lunar-ISRU""}, {""actual_arrival_month"": ""2038-12"", ""actual_delivered_t"": 2.300833333333333, ""actual_delivery_share"": 0.55, ""eligible_t"": 4.183333333333332, ""order_month"": ""2038-10"", ""ordered_t"": 4.183333333333334, ""planned_arrival_month"": ""2038-12"", ""rejected_t"": 1.7763568394002505e-15, ""shipment_id"": ""S0141"", ""source_id"": ""D"", ""source_name"": ""Lunar-ISRU""}]","{""A"": 13.333333333333334, ""C"": 5.0, ""D"": 4.183333333333332}","{""A"": 13.333333333333334, ""C"": 5.0, ""D"": 2.300833333333333}",20.63416666666667,20.63416666666667,0.24761000000000002,20.386556666666667,0.0,16.291666666666664,4.094890000000003,0.0,3.571776666666665,0.0,ZBO,120.0,0.012,"[""ZBO"", ""EARTH_NEW"", ""LUNAR_ISRU""]",0.0,6.833333333333333,[]
2038-11,0.0,23.958333333333332,16.291666666666664,"{""A"": 170.0, ""B"": 0, ""C"": 60.0, ""D"": 50.2, ""E"": 0}","{""A"": 14.166666666666666, ""C"": 5.0, ""D"": 4.183333333333334}","[{""actual_arrival_month"": ""2038-12"", ""actual_delivered_t"": 13.333333333333334, ""actual_delivery_share"": 1.0, ""eligible_t"": 13.333333333333334, ""order_month"": ""2037-12"", ""ordered_t"": 13.333333333333334, ""planned_arrival_month"": ""2038-12"", ""rejected_t"": 0.0, ""shipment_id"": ""S0036"", ""source_id"": ""A"", ""source_name"": ""Earth-Core""}, {""actual_arrival_month"": ""2039-01"", ""actual_delivered_t"": 14.166666666666666, ""actual_delivery_share"": 1.0, ""eligible_t"": 14.166666666666666, ""order_month"": ""2038-01"", ""ordered_t"": 14.166666666666666, ""planned_arrival_month"": ""2039-01"", ""rejected_t"": 0.0, ""shipment_id"": ""S0037"", ""source_id"": ""A"", ""source_name"": ""Earth-Core""}, {""actual_arrival_month"": ""2039-02"", ""actual_delivered_t"": 14.166666666666666, ""actual_delivery_share"": 1.0, ""eligible_t"": 14.166666666666666, ""order_month"": ""2038-02"", ""ordered_t"": 14.166666666666666, ""planned_arrival_month"": ""2039-02"", ""rejected_t"": 0.0, ""shipment_id"": ""S0038"", ""source_id"": ""A"", ""source_name"": ""Earth-Core""}, {""actual_arrival_month"": ""2039-03"", ""actual_delivered_t"": 14.166666666666666, ""actual_delivery_share"": 1.0, ""eligible_t"": 14.166666666666666, ""order_month"": ""2038-03"", ""ordered_t"": 14.166666666666666, ""planned_arrival_month"": ""2039-03"", ""rejected_t"": 0.0, ""shipment_id"": ""S0039"", ""source_id"": ""A"", ""source_name"": ""Earth-Core""}, {""actual_arrival_month"": ""2039-04"", ""actual_delivered_t"": 14.166666666666666, ""actual_delivery_share"": 1.0, ""eligible_t"": 14.166666666666666, ""order_month"": ""2038-04"", ""ordered_t"": 14.166666666666666, ""planned_arrival_month"": ""2039-04"", ""rejected_t"": 0.0, ""shipment_id"": ""S0040"", ""source_id"": ""A"", ""source_name"": ""Earth-Core""}, {""actual_arrival_month"": ""2039-05"", ""actual_delivered_t"": 14.166666666666666, ""actual_delivery_share"": 1.0, ""eligible_t"": 14.166666666666666, ""order_month"": ""2038-05"", ""ordered_t"": 14.166666666666666, ""planned_arrival_month"": ""2039-05"", ""rejected_t"": 0.0, ""shipment_id"": ""S0041"", ""source_id"": ""A"", ""source_name"": ""Earth-Core""}, {""actual_arrival_month"": ""2039-06"", ""actual_delivered_t"": 14.166666666666666, ""actual_delivery_share"": 1.0, ""eligible_t"": 14.166666666666666, ""order_month"": ""2038-06"", ""ordered_t"": 14.166666666666666, ""planned_arrival_month"": ""2039-06"", ""rejected_t"": 0.0, ""shipment_id"": ""S0042"", ""source_id"": ""A"", ""source_name"": ""Earth-Core""}, {""actual_arrival_month"": ""2039-07"", ""actual_delivered_t"": 14.166666666666666, ""actual_delivery_share"": 1.0, ""eligible_t"": 14.166666666666666, ""order_month"": ""2038-07"", ""ordered_t"": 14.166666666666666, ""planned_arrival_month"": ""2039-07"", ""rejected_t"": 0.0, ""shipment_id"": ""S0043"", ""source_id"": ""A"", ""source_name"": ""Earth-Core""}, {""actual_arrival_month"": ""2039-08"", ""actual_delivered_t"": 14.166666666666666, ""actual_delivery_share"": 1.0, ""eligible_t"": 14.166666666666666, ""order_month"": ""2038-08"", ""ordered_t"": 14.166666666666666, ""planned_arrival_month"": ""2039-08"", ""rejected_t"": 0.0, ""shipment_id"": ""S0044"", ""source_id"": ""A"", ""source_name"": ""Earth-Core""}, {""actual_arrival_month"": ""2039-09"", ""actual_delivered_t"": 14.166666666666666, ""actual_delivery_share"": 1.0, ""eligible_t"": 14.166666666666666, ""order_month"": ""2038-09"", ""ordered_t"": 14.166666666666666, ""planned_arrival_month"": ""2039-09"", ""rejected_t"": 0.0, ""shipment_id"": ""S0045"", ""source_id"": ""A"", ""source_name"": ""Earth-Core""}, {""actual_arrival_month"": ""2039-10"", ""actual_delivered_t"": 14.166666666666666, ""actual_delivery_share"": 1.0, ""eligible_t"": 14.166666666666666, ""order_month"": ""2038-10"", ""ordered_t"": 14.166666666666666, ""planned_arrival_month"": ""2039-10"", ""rejected_t"": 0.0, ""shipment_id"": ""S0046"", ""source_id"": ""A"", ""source_name"": ""Earth-Core""}, {""actual_arrival_month"": ""2039-11"", ""actual_delivered_t"": 14.166666666666666, ""actual_delivery_share"": 1.0, ""eligible_t"": 14.166666666666666, ""order_month"": ""2038-11"", ""ordered_t"": 14.166666666666666, ""planned_arrival_month"": ""2039-11"", ""rejected_t"": 0.0, ""shipment_id"": ""S0047"", ""source_id"": ""A"", ""source_name"": ""Earth-Core""}, {""actual_arrival_month"": ""2038-12"", ""actual_delivered_t"": 2.300833333333333, ""actual_delivery_share"": 0.55, ""eligible_t"": 4.183333333333332, ""order_month"": ""2038-10"", ""ordered_t"": 4.183333333333334, ""planned_arrival_month"": ""2038-12"", ""rejected_t"": 1.7763568394002505e-15, ""shipment_id"": ""S0141"", ""source_id"": ""D"", ""source_name"": ""Lunar-ISRU""}, {""actual_arrival_month"": ""2039-01"", ""actual_delivered_t"": 3.137499999999999, ""actual_delivery_share"": 0.75, ""eligible_t"": 4.183333333333332, ""order_month"": ""2038-11"", ""ordered_t"": 4.183333333333334, ""planned_arrival_month"": ""2039-01"", ""rejected_t"": 1.7763568394002505e-15, ""shipment_id"": ""S0142"", ""source_id"": ""D"", ""source_name"": ""Lunar-ISRU""}]","{""A"": 13.333333333333334, ""C"": 5.0, ""D"": 4.183333333333332}","{""A"": 13.333333333333334, ""C"": 5.0, ""D"": 2.300833333333333}",20.63416666666667,20.63416666666667,0.24761000000000002,20.386556666666667,0.0,16.291666666666664,4.094890000000003,0.0,3.571776666666665,0.0,ZBO,120.0,0.012,"[""ZBO"", ""EARTH_NEW"", ""LUNAR_ISRU""]",0.0,6.833333333333333,[]
2038-12,0.0,23.958333333333332,16.291666666666664,"{""A"": 170.0, ""B"": 0, ""C"": 60.0, ""D"": 50.2, ""E"": 0}","{""A"": 14.166666666666666, ""C"": 5.0, ""D"": 4.183333333333334}","[{""actual_arrival_month"": ""2039-01"", ""actual_delivered_t"": 14.166666666666666, ""actual_delivery_share"": 1.0, ""eligible_t"": 14.166666666666666, ""order_month"": ""2038-01"", ""ordered_t"": 14.166666666666666, ""planned_arrival_month"": ""2039-01"", ""rejected_t"": 0.0, ""shipment_id"": ""S0037"", ""source_id"": ""A"", ""source_name"": ""Earth-Core""}, {""actual_arrival_month"": ""2039-02"", ""actual_delivered_t"": 14.166666666666666, ""actual_delivery_share"": 1.0, ""eligible_t"": 14.166666666666666, ""order_month"": ""2038-02"", ""ordered_t"": 14.166666666666666, ""planned_arrival_month"": ""2039-02"", ""rejected_t"": 0.0, ""shipment_id"": ""S0038"", ""source_id"": ""A"", ""source_name"": ""Earth-Core""}, {""actual_arrival_month"": ""2039-03"", ""actual_delivered_t"": 14.166666666666666, ""actual_delivery_share"": 1.0, ""eligible_t"": 14.166666666666666, ""order_month"": ""2038-03"", ""ordered_t"": 14.166666666666666, ""planned_arrival_month"": ""2039-03"", ""rejected_t"": 0.0, ""shipment_id"": ""S0039"", ""source_id"": ""A"", ""source_name"": ""Earth-Core""}, {""actual_arrival_month"": ""2039-04"", ""actual_delivered_t"": 14.166666666666666, ""actual_delivery_share"": 1.0, ""eligible_t"": 14.166666666666666, ""order_month"": ""2038-04"", ""ordered_t"": 14.166666666666666, ""planned_arrival_month"": ""2039-04"", ""rejected_t"": 0.0, ""shipment_id"": ""S0040"", ""source_id"": ""A"", ""source_name"": ""Earth-Core""}, {""actual_arrival_month"": ""2039-05"", ""actual_delivered_t"": 14.166666666666666, ""actual_delivery_share"": 1.0, ""eligible_t"": 14.166666666666666, ""order_month"": ""2038-05"", ""ordered_t"": 14.166666666666666, ""planned_arrival_month"": ""2039-05"", ""rejected_t"": 0.0, ""shipment_id"": ""S0041"", ""source_id"": ""A"", ""source_name"": ""Earth-Core""}, {""actual_arrival_month"": ""2039-06"", ""actual_delivered_t"": 14.166666666666666, ""actual_delivery_share"": 1.0, ""eligible_t"": 14.166666666666666, ""order_month"": ""2038-06"", ""ordered_t"": 14.166666666666666, ""planned_arrival_month"": ""2039-06"", ""rejected_t"": 0.0, ""shipment_id"": ""S0042"", ""source_id"": ""A"", ""source_name"": ""Earth-Core""}, {""actual_arrival_month"": ""2039-07"", ""actual_delivered_t"": 14.166666666666666, ""actual_delivery_share"": 1.0, ""eligible_t"": 14.166666666666666, ""order_month"": ""2038-07"", ""ordered_t"": 14.166666666666666, ""planned_arrival_month"": ""2039-07"", ""rejected_t"": 0.0, ""shipment_id"": ""S0043"", ""source_id"": ""A"", ""source_name"": ""Earth-Core""}, {""actual_arrival_month"": ""2039-08"", ""actual_delivered_t"": 14.166666666666666, ""actual_delivery_share"": 1.0, ""eligible_t"": 14.166666666666666, ""order_month"": ""2038-08"", ""ordered_t"": 14.166666666666666, ""planned_arrival_month"": ""2039-08"", ""rejected_t"": 0.0, ""shipment_id"": ""S0044"", ""source_id"": ""A"", ""source_name"": ""Earth-Core""}, {""actual_arrival_month"": ""2039-09"", ""actual_delivered_t"": 14.166666666666666, ""actual_delivery_share"": 1.0, ""eligible_t"": 14.166666666666666, ""order_month"": ""2038-09"", ""ordered_t"": 14.166666666666666, ""planned_arrival_month"": ""2039-09"", ""rejected_t"": 0.0, ""shipment_id"": ""S0045"", ""source_id"": ""A"", ""source_name"": ""Earth-Core""}, {""actual_arrival_month"": ""2039-10"", ""actual_delivered_t"": 14.166666666666666, ""actual_delivery_share"": 1.0, ""eligible_t"": 14.166666666666666, ""order_month"": ""2038-10"", ""ordered_t"": 14.166666666666666, ""planned_arrival_month"": ""2039-10"", ""rejected_t"": 0.0, ""shipment_id"": ""S0046"", ""source_id"": ""A"", ""source_name"": ""Earth-Core""}, {""actual_arrival_month"": ""2039-11"", ""actual_delivered_t"": 14.166666666666666, ""actual_delivery_share"": 1.0, ""eligible_t"": 14.166666666666666, ""order_month"": ""2038-11"", ""ordered_t"": 14.166666666666666, ""planned_arrival_month"": ""2039-11"", ""rejected_t"": 0.0, ""shipment_id"": ""S0047"", ""source_id"": ""A"", ""source_name"": ""Earth-Core""}, {""actual_arrival_month"": ""2039-12"", ""actual_delivered_t"": 14.166666666666666, ""actual_delivery_share"": 1.0, ""eligible_t"": 14.166666666666666, ""order_month"": ""2038-12"", ""ordered_t"": 14.166666666666666, ""planned_arrival_month"": ""2039-12"", ""rejected_t"": 0.0, ""shipment_id"": ""S0048"", ""source_id"": ""A"", ""source_name"": ""Earth-Core""}, {""actual_arrival_month"": ""2039-01"", ""actual_delivered_t"": 3.137499999999999, ""actual_delivery_share"": 0.75, ""eligible_t"": 4.183333333333332, ""order_month"": ""2038-11"", ""ordered_t"": 4.183333333333334, ""planned_arrival_month"": ""2039-01"", ""rejected_t"": 1.7763568394002505e-15, ""shipment_id"": ""S0142"", ""source_id"": ""D"", ""source_name"": ""Lunar-ISRU""}, {""actual_arrival_month"": ""2039-02"", ""actual_delivered_t"": 3.137499999999999, ""actual_delivery_share"": 0.75, ""eligible_t"": 4.183333333333332, ""order_month"": ""2038-12"", ""ordered_t"": 4.183333333333334, ""planned_arrival_month"": ""2039-02"", ""rejected_t"": 1.7763568394002505e-15, ""shipment_id"": ""S0143"", ""source_id"": ""D"", ""source_name"": ""Lunar-ISRU""}]","{""A"": 13.333333333333334, ""C"": 5.0, ""D"": 4.183333333333332}","{""A"": 13.333333333333334, ""C"": 5.0, ""D"": 2.300833333333333}",20.63416666666667,20.63416666666667,0.24761000000000002,20.386556666666667,0.0,16.291666666666664,4.094890000000003,0.0,3.571776666666665,0.0,ZBO,120.0,0.012,"[""ZBO"", ""EARTH_NEW"", ""LUNAR_ISRU""]",0.0,6.833333333333333,[]
2039-01,0.0,30.666666666666668,20.124999999999996,"{""A"": 180.0, ""B"": 0, ""C"": 80.0, ""D"": 89.3, ""E"": 0}","{""A"": 15.0, ""C"": 6.6666666667, ""D"": 7.441666666666666}","[{""actual_arrival_month"": ""2039-02"", ""actual_delivered_t"": 14.166666666666666, ""actual_delivery_share"": 1.0, ""eligible_t"": 14.166666666666666, ""order_month"": ""2038-02"", ""ordered_t"": 14.166666666666666, ""planned_arrival_month"": ""2039-02"", ""rejected_t"": 0.0, ""shipment_id"": ""S0038"", ""source_id"": ""A"", ""source_name"": ""Earth-Core""}, {""actual_arrival_month"": ""2039-03"", ""actual_delivered_t"": 14.166666666666666, ""actual_delivery_share"": 1.0, ""eligible_t"": 14.166666666666666, ""order_month"": ""2038-03"", ""ordered_t"": 14.166666666666666, ""planned_arrival_month"": ""2039-03"", ""rejected_t"": 0.0, ""shipment_id"": ""S0039"", ""source_id"": ""A"", ""source_name"": ""Earth-Core""}, {""actual_arrival_month"": ""2039-04"", ""actual_delivered_t"": 14.166666666666666, ""actual_delivery_share"": 1.0, ""eligible_t"": 14.166666666666666, ""order_month"": ""2038-04"", ""ordered_t"": 14.166666666666666, ""planned_arrival_month"": ""2039-04"", ""rejected_t"": 0.0, ""shipment_id"": ""S0040"", ""source_id"": ""A"", ""source_name"": ""Earth-Core""}, {""actual_arrival_month"": ""2039-05"", ""actual_delivered_t"": 14.166666666666666, ""actual_delivery_share"": 1.0, ""eligible_t"": 14.166666666666666, ""order_month"": ""2038-05"", ""ordered_t"": 14.166666666666666, ""planned_arrival_month"": ""2039-05"", ""rejected_t"": 0.0, ""shipment_id"": ""S0041"", ""source_id"": ""A"", ""source_name"": ""Earth-Core""}, {""actual_arrival_month"": ""2039-06"", ""actual_delivered_t"": 14.166666666666666, ""actual_delivery_share"": 1.0, ""eligible_t"": 14.166666666666666, ""order_month"": ""2038-06"", ""ordered_t"": 14.166666666666666, ""planned_arrival_month"": ""2039-06"", ""rejected_t"": 0.0, ""shipment_id"": ""S0042"", ""source_id"": ""A"", ""source_name"": ""Earth-Core""}, {""actual_arrival_month"": ""2039-07"", ""actual_delivered_t"": 14.166666666666666, ""actual_delivery_share"": 1.0, ""eligible_t"": 14.166666666666666, ""order_month"": ""2038-07"", ""ordered_t"": 14.166666666666666, ""planned_arrival_month"": ""2039-07"", ""rejected_t"": 0.0, ""shipment_id"": ""S0043"", ""source_id"": ""A"", ""source_name"": ""Earth-Core""}, {""actual_arrival_month"": ""2039-08"", ""actual_delivered_t"": 14.166666666666666, ""actual_delivery_share"": 1.0, ""eligible_t"": 14.166666666666666, ""order_month"": ""2038-08"", ""ordered_t"": 14.166666666666666, ""planned_arrival_month"": ""2039-08"", ""rejected_t"": 0.0, ""shipment_id"": ""S0044"", ""source_id"": ""A"", ""source_name"": ""Earth-Core""}, {""actual_arrival_month"": ""2039-09"", ""actual_delivered_t"": 14.166666666666666, ""actual_delivery_share"": 1.0, ""eligible_t"": 14.166666666666666, ""order_month"": ""2038-09"", ""ordered_t"": 14.166666666666666, ""planned_arrival_month"": ""2039-09"", ""rejected_t"": 0.0, ""shipment_id"": ""S0045"", ""source_id"": ""A"", ""source_name"": ""Earth-Core""}, {""actual_arrival_month"": ""2039-10"", ""actual_delivered_t"": 14.166666666666666, ""actual_delivery_share"": 1.0, ""eligible_t"": 14.166666666666666, ""order_month"": ""2038-10"", ""ordered_t"": 14.166666666666666, ""planned_arrival_month"": ""2039-10"", ""rejected_t"": 0.0, ""shipment_id"": ""S0046"", ""source_id"": ""A"", ""source_name"": ""Earth-Core""}, {""actual_arrival_month"": ""2039-11"", ""actual_delivered_t"": 14.166666666666666, ""actual_delivery_share"": 1.0, ""eligible_t"": 14.166666666666666, ""order_month"": ""2038-11"", ""ordered_t"": 14.166666666666666, ""planned_arrival_month"": ""2039-11"", ""rejected_t"": 0.0, ""shipment_id"": ""S0047"", ""source_id"": ""A"", ""source_name"": ""Earth-Core""}, {""actual_arrival_month"": ""2039-12"", ""actual_delivered_t"": 14.166666666666666, ""actual_delivery_share"": 1.0, ""eligible_t"": 14.166666666666666, ""order_month"": ""2038-12"", ""ordered_t"": 14.166666666666666, ""planned_arrival_month"": ""2039-12"", ""rejected_t"": 0.0, ""shipment_id"": ""S0048"", ""source_id"": ""A"", ""source_name"": ""Earth-Core""}, {""actual_arrival_month"": ""2040-01"", ""actual_delivered_t"": 15.0, ""actual_delivery_share"": 1.0, ""eligible_t"": 15.0, ""order_month"": ""2039-01"", ""ordered_t"": 15.0, ""planned_arrival_month"": ""2040-01"", ""rejected_t"": 0.0, ""shipment_id"": ""S0049"", ""source_id"": ""A"", ""source_name"": ""Earth-Core""}, {""actual_arrival_month"": ""2039-02"", ""actual_delivered_t"": 3.137499999999999, ""actual_delivery_share"": 0.75, ""eligible_t"": 4.183333333333332, ""order_month"": ""2038-12"", ""ordered_t"": 4.183333333333334, ""planned_arrival_month"": ""2039-02"", ""rejected_t"": 1.7763568394002505e-15, ""shipment_id"": ""S0143"", ""source_id"": ""D"", ""source_name"": ""Lunar-ISRU""}, {""actual_arrival_month"": ""2039-03"", ""actual_delivered_t"": 5.58125, ""actual_delivery_share"": 0.75, ""eligible_t"": 7.441666666666666, ""order_month"": ""2039-01"", ""ordered_t"": 7.441666666666666, ""planned_arrival_month"": ""2039-03"", ""rejected_t"": 0.0, ""shipment_id"": ""S0144"", ""source_id"": ""D"", ""source_name"": ""Lunar-ISRU""}]","{""A"": 14.166666666666666, ""C"": 6.666666666666666, ""D"": 4.183333333333332}","{""A"": 14.166666666666666, ""C"": 6.666666666666666, ""D"": 3.137499999999999}",23.97083333333333,23.97083333333333,0.28764999999999996,23.683183333333332,0.0,20.124999999999996,3.5581833333333357,0.0,6.983483333333336,0.0,ZBO,120.0,0.012,"[""ZBO"", ""EARTH_NEW"", ""LUNAR_ISRU""]",0.0,6.833333333333333,"[""RESERVE_45D""]"
2039-02,0.0,30.666666666666668,20.124999999999996,"{""A"": 180.0, ""B"": 0, ""C"": 80.0, ""D"": 89.3, ""E"": 0}","{""A"": 15.0, ""C"": 6.6666666667, ""D"": 7.441666666666666}","[{""actual_arrival_month"": ""2039-03"", ""actual_delivered_t"": 14.166666666666666, ""actual_delivery_share"": 1.0, ""eligible_t"": 14.166666666666666, ""order_month"": ""2038-03"", ""ordered_t"": 14.166666666666666, ""planned_arrival_month"": ""2039-03"", ""rejected_t"": 0.0, ""shipment_id"": ""S0039"", ""source_id"": ""A"", ""source_name"": ""Earth-Core""}, {""actual_arrival_month"": ""2039-04"", ""actual_delivered_t"": 14.166666666666666, ""actual_delivery_share"": 1.0, ""eligible_t"": 14.166666666666666, ""order_month"": ""2038-04"", ""ordered_t"": 14.166666666666666, ""planned_arrival_month"": ""2039-04"", ""rejected_t"": 0.0, ""shipment_id"": ""S0040"", ""source_id"": ""A"", ""source_name"": ""Earth-Core""}, {""actual_arrival_month"": ""2039-05"", ""actual_delivered_t"": 14.166666666666666, ""actual_delivery_share"": 1.0, ""eligible_t"": 14.166666666666666, ""order_month"": ""2038-05"", ""ordered_t"": 14.166666666666666, ""planned_arrival_month"": ""2039-05"", ""rejected_t"": 0.0, ""shipment_id"": ""S0041"", ""source_id"": ""A"", ""source_name"": ""Earth-Core""}, {""actual_arrival_month"": ""2039-06"", ""actual_delivered_t"": 14.166666666666666, ""actual_delivery_share"": 1.0, ""eligible_t"": 14.166666666666666, ""order_month"": ""2038-06"", ""ordered_t"": 14.166666666666666, ""planned_arrival_month"": ""2039-06"", ""rejected_t"": 0.0, ""shipment_id"": ""S0042"", ""source_id"": ""A"", ""source_name"": ""Earth-Core""}, {""actual_arrival_month"": ""2039-07"", ""actual_delivered_t"": 14.166666666666666, ""actual_delivery_share"": 1.0, ""eligible_t"": 14.166666666666666, ""order_month"": ""2038-07"", ""ordered_t"": 14.166666666666666, ""planned_arrival_month"": ""2039-07"", ""rejected_t"": 0.0, ""shipment_id"": ""S0043"", ""source_id"": ""A"", ""source_name"": ""Earth-Core""}, {""actual_arrival_month"": ""2039-08"", ""actual_delivered_t"": 14.166666666666666, ""actual_delivery_share"": 1.0, ""eligible_t"": 14.166666666666666, ""order_month"": ""2038-08"", ""ordered_t"": 14.166666666666666, ""planned_arrival_month"": ""2039-08"", ""rejected_t"": 0.0, ""shipment_id"": ""S0044"", ""source_id"": ""A"", ""source_name"": ""Earth-Core""}, {""actual_arrival_month"": ""2039-09"", ""actual_delivered_t"": 14.166666666666666, ""actual_delivery_share"": 1.0, ""eligible_t"": 14.166666666666666, ""order_month"": ""2038-09"", ""ordered_t"": 14.166666666666666, ""planned_arrival_month"": ""2039-09"", ""rejected_t"": 0.0, ""shipment_id"": ""S0045"", ""source_id"": ""A"", ""source_name"": ""Earth-Core""}, {""actual_arrival_month"": ""2039-10"", ""actual_delivered_t"": 14.166666666666666, ""actual_delivery_share"": 1.0, ""eligible_t"": 14.166666666666666, ""order_month"": ""2038-10"", ""ordered_t"": 14.166666666666666, ""planned_arrival_month"": ""2039-10"", ""rejected_t"": 0.0, ""shipment_id"": ""S0046"", ""source_id"": ""A"", ""source_name"": ""Earth-Core""}, {""actual_arrival_month"": ""2039-11"", ""actual_delivered_t"": 14.166666666666666, ""actual_delivery_share"": 1.0, ""eligible_t"": 14.166666666666666, ""order_month"": ""2038-11"", ""ordered_t"": 14.166666666666666, ""planned_arrival_month"": ""2039-11"", ""rejected_t"": 0.0, ""shipment_id"": ""S0047"", ""source_id"": ""A"", ""source_name"": ""Earth-Core""}, {""actual_arrival_month"": ""2039-12"", ""actual_delivered_t"": 14.166666666666666, ""actual_delivery_share"": 1.0, ""eligible_t"": 14.166666666666666, ""order_month"": ""2038-12"", ""ordered_t"": 14.166666666666666, ""planned_arrival_month"": ""2039-12"", ""rejected_t"": 0.0, ""shipment_id"": ""S0048"", ""source_id"": ""A"", ""source_name"": ""Earth-Core""}, {""actual_arrival_month"": ""2040-01"", ""actual_delivered_t"": 15.0, ""actual_delivery_share"": 1.0, ""eligible_t"": 15.0, ""order_month"": ""2039-01"", ""ordered_t"": 15.0, ""planned_arrival_month"": ""2040-01"", ""rejected_t"": 0.0, ""shipment_id"": ""S0049"", ""source_id"": ""A"", ""source_name"": ""Earth-Core""}, {""actual_arrival_month"": ""2040-02"", ""actual_delivered_t"": 15.0, ""actual_delivery_share"": 1.0, ""eligible_t"": 15.0, ""order_month"": ""2039-02"", ""ordered_t"": 15.0, ""planned_arrival_month"": ""2040-02"", ""rejected_t"": 0.0, ""shipment_id"": ""S0050"", ""source_id"": ""A"", ""source_name"": ""Earth-Core""}, {""actual_arrival_month"": ""2039-03"", ""actual_delivered_t"": 5.58125, ""actual_delivery_share"": 0.75, ""eligible_t"": 7.441666666666666, ""order_month"": ""2039-01"", ""ordered_t"": 7.441666666666666, ""planned_arrival_month"": ""2039-03"", ""rejected_t"": 0.0, ""shipment_id"": ""S0144"", ""source_id"": ""D"", ""source_name"": ""Lunar-ISRU""}, {""actual_arrival_month"": ""2039-04"", ""actual_delivered_t"": 5.58125, ""actual_delivery_share"": 0.75, ""eligible_t"": 7.441666666666666, ""order_month"": ""2039-02"", ""ordered_t"": 7.441666666666666, ""planned_arrival_month"": ""2039-04"", ""rejected_t"": 0.0, ""shipment_id"": ""S0145"", ""source_id"": ""D"", ""source_name"": ""Lunar-ISRU""}]","{""A"": 14.166666666666666, ""C"": 6.666666666666666, ""D"": 4.183333333333332}","{""A"": 14.166666666666666, ""C"": 6.666666666666666, ""D"": 3.137499999999999}",23.97083333333333,23.97083333333333,0.28764999999999996,23.683183333333332,0.0,20.124999999999996,3.5581833333333357,0.0,6.983483333333336,0.0,ZBO,120.0,0.012,"[""ZBO"", ""EARTH_NEW"", ""LUNAR_ISRU""]",0.0,6.833333333333333,[]
2039-03,0.0,30.666666666666668,20.124999999999996,"{""A"": 180.0, ""B"": 0, ""C"": 80.0, ""D"": 89.3, ""E"": 0}","{""A"": 15.0, ""C"": 6.6666666667, ""D"": 7.441666666666666}","[{""actual_arrival_month"": ""2039-04"", ""actual_delivered_t"": 14.166666666666666, ""actual_delivery_share"": 1.0, ""eligible_t"": 14.166666666666666, ""order_month"": ""2038-04"", ""ordered_t"": 14.166666666666666, ""planned_arrival_month"": ""2039-04"", ""rejected_t"": 0.0, ""shipment_id"": ""S0040"", ""source_id"": ""A"", ""source_name"": ""Earth-Core""}, {""actual_arrival_month"": ""2039-05"", ""actual_delivered_t"": 14.166666666666666, ""actual_delivery_share"": 1.0, ""eligible_t"": 14.166666666666666, ""order_month"": ""2038-05"", ""ordered_t"": 14.166666666666666, ""planned_arrival_month"": ""2039-05"", ""rejected_t"": 0.0, ""shipment_id"": ""S0041"", ""source_id"": ""A"", ""source_name"": ""Earth-Core""}, {""actual_arrival_month"": ""2039-06"", ""actual_delivered_t"": 14.166666666666666, ""actual_delivery_share"": 1.0, ""eligible_t"": 14.166666666666666, ""order_month"": ""2038-06"", ""ordered_t"": 14.166666666666666, ""planned_arrival_month"": ""2039-06"", ""rejected_t"": 0.0, ""shipment_id"": ""S0042"", ""source_id"": ""A"", ""source_name"": ""Earth-Core""}, {""actual_arrival_month"": ""2039-07"", ""actual_delivered_t"": 14.166666666666666, ""actual_delivery_share"": 1.0, ""eligible_t"": 14.166666666666666, ""order_month"": ""2038-07"", ""ordered_t"": 14.166666666666666, ""planned_arrival_month"": ""2039-07"", ""rejected_t"": 0.0, ""shipment_id"": ""S0043"", ""source_id"": ""A"", ""source_name"": ""Earth-Core""}, {""actual_arrival_month"": ""2039-08"", ""actual_delivered_t"": 14.166666666666666, ""actual_delivery_share"": 1.0, ""eligible_t"": 14.166666666666666, ""order_month"": ""2038-08"", ""ordered_t"": 14.166666666666666, ""planned_arrival_month"": ""2039-08"", ""rejected_t"": 0.0, ""shipment_id"": ""S0044"", ""source_id"": ""A"", ""source_name"": ""Earth-Core""}, {""actual_arrival_month"": ""2039-09"", ""actual_delivered_t"": 14.166666666666666, ""actual_delivery_share"": 1.0, ""eligible_t"": 14.166666666666666, ""order_month"": ""2038-09"", ""ordered_t"": 14.166666666666666, ""planned_arrival_month"": ""2039-09"", ""rejected_t"": 0.0, ""shipment_id"": ""S0045"", ""source_id"": ""A"", ""source_name"": ""Earth-Core""}, {""actual_arrival_month"": ""2039-10"", ""actual_delivered_t"": 14.166666666666666, ""actual_delivery_share"": 1.0, ""eligible_t"": 14.166666666666666, ""order_month"": ""2038-10"", ""ordered_t"": 14.166666666666666, ""planned_arrival_month"": ""2039-10"", ""rejected_t"": 0.0, ""shipment_id"": ""S0046"", ""source_id"": ""A"", ""source_name"": ""Earth-Core""}, {""actual_arrival_month"": ""2039-11"", ""actual_delivered_t"": 14.166666666666666, ""actual_delivery_share"": 1.0, ""eligible_t"": 14.166666666666666, ""order_month"": ""2038-11"", ""ordered_t"": 14.166666666666666, ""planned_arrival_month"": ""2039-11"", ""rejected_t"": 0.0, ""shipment_id"": ""S0047"", ""source_id"": ""A"", ""source_name"": ""Earth-Core""}, {""actual_arrival_month"": ""2039-12"", ""actual_delivered_t"": 14.166666666666666, ""actual_delivery_share"": 1.0, ""eligible_t"": 14.166666666666666, ""order_month"": ""2038-12"", ""ordered_t"": 14.166666666666666, ""planned_arrival_month"": ""2039-12"", ""rejected_t"": 0.0, ""shipment_id"": ""S0048"", ""source_id"": ""A"", ""source_name"": ""Earth-Core""}, {""actual_arrival_month"": ""2040-01"", ""actual_delivered_t"": 15.0, ""actual_delivery_share"": 1.0, ""eligible_t"": 15.0, ""order_month"": ""2039-01"", ""ordered_t"": 15.0, ""planned_arrival_month"": ""2040-01"", ""rejected_t"": 0.0, ""shipment_id"": ""S0049"", ""source_id"": ""A"", ""source_name"": ""Earth-Core""}, {""actual_arrival_month"": ""2040-02"", ""actual_delivered_t"": 15.0, ""actual_delivery_share"": 1.0, ""eligible_t"": 15.0, ""order_month"": ""2039-02"", ""ordered_t"": 15.0, ""planned_arrival_month"": ""2040-02"", ""rejected_t"": 0.0, ""shipment_id"": ""S0050"", ""source_id"": ""A"", ""source_name"": ""Earth-Core""}, {""actual_arrival_month"": ""2040-03"", ""actual_delivered_t"": 15.0, ""actual_delivery_share"": 1.0, ""eligible_t"": 15.0, ""order_month"": ""2039-03"", ""ordered_t"": 15.0, ""planned_arrival_month"": ""2040-03"", ""rejected_t"": 0.0, ""shipment_id"": ""S0051"", ""source_id"": ""A"", ""source_name"": ""Earth-Core""}, {""actual_arrival_month"": ""2039-04"", ""actual_delivered_t"": 5.58125, ""actual_delivery_share"": 0.75, ""eligible_t"": 7.441666666666666, ""order_month"": ""2039-02"", ""ordered_t"": 7.441666666666666, ""planned_arrival_month"": ""2039-04"", ""rejected_t"": 0.0, ""shipment_id"": ""S0145"", ""source_id"": ""D"", ""source_name"": ""Lunar-ISRU""}, {""actual_arrival_month"": ""2039-05"", ""actual_delivered_t"": 5.58125, ""actual_delivery_share"": 0.75, ""eligible_t"": 7.441666666666666, ""order_month"": ""2039-03"", ""ordered_t"": 7.441666666666666, ""planned_arrival_month"": ""2039-05"", ""rejected_t"": 0.0, ""shipment_id"": ""S0146"", ""source_id"": ""D"", ""source_name"": ""Lunar-ISRU""}]","{""A"": 14.166666666666666, ""C"": 6.666666666666666, ""D"": 7.441666666666666}","{""A"": 14.166666666666666, ""C"": 6.666666666666666, ""D"": 5.58125}",26.414583333333333,26.414583333333333,0.316975,26.097608333333334,0.0,20.124999999999996,5.972608333333337,0.0,4.569058333333334,0.0,ZBO,120.0,0.012,"[""ZBO"", ""EARTH_NEW"", ""LUNAR_ISRU""]",0.0,6.833333333333333,[]
2039-04,0.0,30.666666666666668,20.124999999999996,"{""A"": 180.0, ""B"": 0, ""C"": 80.0, ""D"": 89.3, ""E"": 0}","{""A"": 15.0, ""C"": 6.6666666667, ""D"": 7.441666666666666}","[{""actual_arrival_month"": ""2039-05"", ""actual_delivered_t"": 14.166666666666666, ""actual_delivery_share"": 1.0, ""eligible_t"": 14.166666666666666, ""order_month"": ""2038-05"", ""ordered_t"": 14.166666666666666, ""planned_arrival_month"": ""2039-05"", ""rejected_t"": 0.0, ""shipment_id"": ""S0041"", ""source_id"": ""A"", ""source_name"": ""Earth-Core""}, {""actual_arrival_month"": ""2039-06"", ""actual_delivered_t"": 14.166666666666666, ""actual_delivery_share"": 1.0, ""eligible_t"": 14.166666666666666, ""order_month"": ""2038-06"", ""ordered_t"": 14.166666666666666, ""planned_arrival_month"": ""2039-06"", ""rejected_t"": 0.0, ""shipment_id"": ""S0042"", ""source_id"": ""A"", ""source_name"": ""Earth-Core""}, {""actual_arrival_month"": ""2039-07"", ""actual_delivered_t"": 14.166666666666666, ""actual_delivery_share"": 1.0, ""eligible_t"": 14.166666666666666, ""order_month"": ""2038-07"", ""ordered_t"": 14.166666666666666, ""planned_arrival_month"": ""2039-07"", ""rejected_t"": 0.0, ""shipment_id"": ""S0043"", ""source_id"": ""A"", ""source_name"": ""Earth-Core""}, {""actual_arrival_month"": ""2039-08"", ""actual_delivered_t"": 14.166666666666666, ""actual_delivery_share"": 1.0, ""eligible_t"": 14.166666666666666, ""order_month"": ""2038-08"", ""ordered_t"": 14.166666666666666, ""planned_arrival_month"": ""2039-08"", ""rejected_t"": 0.0, ""shipment_id"": ""S0044"", ""source_id"": ""A"", ""source_name"": ""Earth-Core""}, {""actual_arrival_month"": ""2039-09"", ""actual_delivered_t"": 14.166666666666666, ""actual_delivery_share"": 1.0, ""eligible_t"": 14.166666666666666, ""order_month"": ""2038-09"", ""ordered_t"": 14.166666666666666, ""planned_arrival_month"": ""2039-09"", ""rejected_t"": 0.0, ""shipment_id"": ""S0045"", ""source_id"": ""A"", ""source_name"": ""Earth-Core""}, {""actual_arrival_month"": ""2039-10"", ""actual_delivered_t"": 14.166666666666666, ""actual_delivery_share"": 1.0, ""eligible_t"": 14.166666666666666, ""order_month"": ""2038-10"", ""ordered_t"": 14.166666666666666, ""planned_arrival_month"": ""2039-10"", ""rejected_t"": 0.0, ""shipment_id"": ""S0046"", ""source_id"": ""A"", ""source_name"": ""Earth-Core""}, {""actual_arrival_month"": ""2039-11"", ""actual_delivered_t"": 14.166666666666666, ""actual_delivery_share"": 1.0, ""eligible_t"": 14.166666666666666, ""order_month"": ""2038-11"", ""ordered_t"": 14.166666666666666, ""planned_arrival_month"": ""2039-11"", ""rejected_t"": 0.0, ""shipment_id"": ""S0047"", ""source_id"": ""A"", ""source_name"": ""Earth-Core""}, {""actual_arrival_month"": ""2039-12"", ""actual_delivered_t"": 14.166666666666666, ""actual_delivery_share"": 1.0, ""eligible_t"": 14.166666666666666, ""order_month"": ""2038-12"", ""ordered_t"": 14.166666666666666, ""planned_arrival_month"": ""2039-12"", ""rejected_t"": 0.0, ""shipment_id"": ""S0048"", ""source_id"": ""A"", ""source_name"": ""Earth-Core""}, {""actual_arrival_month"": ""2040-01"", ""actual_delivered_t"": 15.0, ""actual_delivery_share"": 1.0, ""eligible_t"": 15.0, ""order_month"": ""2039-01"", ""ordered_t"": 15.0, ""planned_arrival_month"": ""2040-01"", ""rejected_t"": 0.0, ""shipment_id"": ""S0049"", ""source_id"": ""A"", ""source_name"": ""Earth-Core""}, {""actual_arrival_month"": ""2040-02"", ""actual_delivered_t"": 15.0, ""actual_delivery_share"": 1.0, ""eligible_t"": 15.0, ""order_month"": ""2039-02"", ""ordered_t"": 15.0, ""planned_arrival_month"": ""2040-02"", ""rejected_t"": 0.0, ""shipment_id"": ""S0050"", ""source_id"": ""A"", ""source_name"": ""Earth-Core""}, {""actual_arrival_month"": ""2040-03"", ""actual_delivered_t"": 15.0, ""actual_delivery_share"": 1.0, ""eligible_t"": 15.0, ""order_month"": ""2039-03"", ""ordered_t"": 15.0, ""planned_arrival_month"": ""2040-03"", ""rejected_t"": 0.0, ""shipment_id"": ""S0051"", ""source_id"": ""A"", ""source_name"": ""Earth-Core""}, {""actual_arrival_month"": ""2040-04"", ""actual_delivered_t"": 15.0, ""actual_delivery_share"": 1.0, ""eligible_t"": 15.0, ""order_month"": ""2039-04"", ""ordered_t"": 15.0, ""planned_arrival_month"": ""2040-04"", ""rejected_t"": 0.0, ""shipment_id"": ""S0052"", ""source_id"": ""A"", ""source_name"": ""Earth-Core""}, {""actual_arrival_month"": ""2039-05"", ""actual_delivered_t"": 5.58125, ""actual_delivery_share"": 0.75, ""eligible_t"": 7.441666666666666, ""order_month"": ""2039-03"", ""ordered_t"": 7.441666666666666, ""planned_arrival_month"": ""2039-05"", ""rejected_t"": 0.0, ""shipment_id"": ""S0146"", ""source_id"": ""D"", ""source_name"": ""Lunar-ISRU""}, {""actual_arrival_month"": ""2039-06"", ""actual_delivered_t"": 5.58125, ""actual_delivery_share"": 0.75, ""eligible_t"": 7.441666666666666, ""order_month"": ""2039-04"", ""ordered_t"": 7.441666666666666, ""planned_arrival_month"": ""2039-06"", ""rejected_t"": 0.0, ""shipment_id"": ""S0147"", ""source_id"": ""D"", ""source_name"": ""Lunar-ISRU""}]","{""A"": 14.166666666666666, ""C"": 6.666666666666666, ""D"": 7.441666666666666}","{""A"": 14.166666666666666, ""C"": 6.666666666666666, ""D"": 5.58125}",26.414583333333333,26.414583333333333,0.316975,26.097608333333334,0.0,20.124999999999996,5.972608333333337,0.0,4.569058333333334,0.0,ZBO,120.0,0.012,"[""ZBO"", ""EARTH_NEW"", ""LUNAR_ISRU""]",0.0,6.833333333333333,[]
2039-05,0.0,30.666666666666668,20.124999999999996,"{""A"": 180.0, ""B"": 0, ""C"": 80.0, ""D"": 89.3, ""E"": 0}","{""A"": 15.0, ""C"": 6.6666666667, ""D"": 7.441666666666666}","[{""actual_arrival_month"": ""2039-06"", ""actual_delivered_t"": 14.166666666666666, ""actual_delivery_share"": 1.0, ""eligible_t"": 14.166666666666666, ""order_month"": ""2038-06"", ""ordered_t"": 14.166666666666666, ""planned_arrival_month"": ""2039-06"", ""rejected_t"": 0.0, ""shipment_id"": ""S0042"", ""source_id"": ""A"", ""source_name"": ""Earth-Core""}, {""actual_arrival_month"": ""2039-07"", ""actual_delivered_t"": 14.166666666666666, ""actual_delivery_share"": 1.0, ""eligible_t"": 14.166666666666666, ""order_month"": ""2038-07"", ""ordered_t"": 14.166666666666666, ""planned_arrival_month"": ""2039-07"", ""rejected_t"": 0.0, ""shipment_id"": ""S0043"", ""source_id"": ""A"", ""source_name"": ""Earth-Core""}, {""actual_arrival_month"": ""2039-08"", ""actual_delivered_t"": 14.166666666666666, ""actual_delivery_share"": 1.0, ""eligible_t"": 14.166666666666666, ""order_month"": ""2038-08"", ""ordered_t"": 14.166666666666666, ""planned_arrival_month"": ""2039-08"", ""rejected_t"": 0.0, ""shipment_id"": ""S0044"", ""source_id"": ""A"", ""source_name"": ""Earth-Core""}, {""actual_arrival_month"": ""2039-09"", ""actual_delivered_t"": 14.166666666666666, ""actual_delivery_share"": 1.0, ""eligible_t"": 14.166666666666666, ""order_month"": ""2038-09"", ""ordered_t"": 14.166666666666666, ""planned_arrival_month"": ""2039-09"", ""rejected_t"": 0.0, ""shipment_id"": ""S0045"", ""source_id"": ""A"", ""source_name"": ""Earth-Core""}, {""actual_arrival_month"": ""2039-10"", ""actual_delivered_t"": 14.166666666666666, ""actual_delivery_share"": 1.0, ""eligible_t"": 14.166666666666666, ""order_month"": ""2038-10"", ""ordered_t"": 14.166666666666666, ""planned_arrival_month"": ""2039-10"", ""rejected_t"": 0.0, ""shipment_id"": ""S0046"", ""source_id"": ""A"", ""source_name"": ""Earth-Core""}, {""actual_arrival_month"": ""2039-11"", ""actual_delivered_t"": 14.166666666666666, ""actual_delivery_share"": 1.0, ""eligible_t"": 14.166666666666666, ""order_month"": ""2038-11"", ""ordered_t"": 14.166666666666666, ""planned_arrival_month"": ""2039-11"", ""rejected_t"": 0.0, ""shipment_id"": ""S0047"", ""source_id"": ""A"", ""source_name"": ""Earth-Core""}, {""actual_arrival_month"": ""2039-12"", ""actual_delivered_t"": 14.166666666666666, ""actual_delivery_share"": 1.0, ""eligible_t"": 14.166666666666666, ""order_month"": ""2038-12"", ""ordered_t"": 14.166666666666666, ""planned_arrival_month"": ""2039-12"", ""rejected_t"": 0.0, ""shipment_id"": ""S0048"", ""source_id"": ""A"", ""source_name"": ""Earth-Core""}, {""actual_arrival_month"": ""2040-01"", ""actual_delivered_t"": 15.0, ""actual_delivery_share"": 1.0, ""eligible_t"": 15.0, ""order_month"": ""2039-01"", ""ordered_t"": 15.0, ""planned_arrival_month"": ""2040-01"", ""rejected_t"": 0.0, ""shipment_id"": ""S0049"", ""source_id"": ""A"", ""source_name"": ""Earth-Core""}, {""actual_arrival_month"": ""2040-02"", ""actual_delivered_t"": 15.0, ""actual_delivery_share"": 1.0, ""eligible_t"": 15.0, ""order_month"": ""2039-02"", ""ordered_t"": 15.0, ""planned_arrival_month"": ""2040-02"", ""rejected_t"": 0.0, ""shipment_id"": ""S0050"", ""source_id"": ""A"", ""source_name"": ""Earth-Core""}, {""actual_arrival_month"": ""2040-03"", ""actual_delivered_t"": 15.0, ""actual_delivery_share"": 1.0, ""eligible_t"": 15.0, ""order_month"": ""2039-03"", ""ordered_t"": 15.0, ""planned_arrival_month"": ""2040-03"", ""rejected_t"": 0.0, ""shipment_id"": ""S0051"", ""source_id"": ""A"", ""source_name"": ""Earth-Core""}, {""actual_arrival_month"": ""2040-04"", ""actual_delivered_t"": 15.0, ""actual_delivery_share"": 1.0, ""eligible_t"": 15.0, ""order_month"": ""2039-04"", ""ordered_t"": 15.0, ""planned_arrival_month"": ""2040-04"", ""rejected_t"": 0.0, ""shipment_id"": ""S0052"", ""source_id"": ""A"", ""source_name"": ""Earth-Core""}, {""actual_arrival_month"": ""2040-05"", ""actual_delivered_t"": 15.0, ""actual_delivery_share"": 1.0, ""eligible_t"": 15.0, ""order_month"": ""2039-05"", ""ordered_t"": 15.0, ""planned_arrival_month"": ""2040-05"", ""rejected_t"": 0.0, ""shipment_id"": ""S0053"", ""source_id"": ""A"", ""source_name"": ""Earth-Core""}, {""actual_arrival_month"": ""2039-06"", ""actual_delivered_t"": 5.58125, ""actual_delivery_share"": 0.75, ""eligible_t"": 7.441666666666666, ""order_month"": ""2039-04"", ""ordered_t"": 7.441666666666666, ""planned_arrival_month"": ""2039-06"", ""rejected_t"": 0.0, ""shipment_id"": ""S0147"", ""source_id"": ""D"", ""source_name"": ""Lunar-ISRU""}, {""actual_arrival_month"": ""2039-07"", ""actual_delivered_t"": 5.58125, ""actual_delivery_share"": 0.75, ""eligible_t"": 7.441666666666666, ""order_month"": ""2039-05"", ""ordered_t"": 7.441666666666666, ""planned_arrival_month"": ""2039-07"", ""rejected_t"": 0.0, ""shipment_id"": ""S0148"", ""source_id"": ""D"", ""source_name"": ""Lunar-ISRU""}]","{""A"": 14.166666666666666, ""C"": 6.666666666666666, ""D"": 7.441666666666666}","{""A"": 14.166666666666666, ""C"": 6.666666666666666, ""D"": 5.58125}",26.414583333333333,26.414583333333333,0.316975,26.097608333333334,0.0,20.124999999999996,5.972608333333337,0.0,4.569058333333334,0.0,ZBO,120.0,0.012,"[""ZBO"", ""EARTH_NEW"", ""LUNAR_ISRU""]",0.0,6.833333333333333,[]
2039-06,0.0,30.666666666666668,20.124999999999996,"{""A"": 180.0, ""B"": 0, ""C"": 80.0, ""D"": 89.3, ""E"": 0}","{""A"": 15.0, ""C"": 6.6666666667, ""D"": 7.441666666666666}","[{""actual_arrival_month"": ""2039-07"", ""actual_delivered_t"": 14.166666666666666, ""actual_delivery_share"": 1.0, ""eligible_t"": 14.166666666666666, ""order_month"": ""2038-07"", ""ordered_t"": 14.166666666666666, ""planned_arrival_month"": ""2039-07"", ""rejected_t"": 0.0, ""shipment_id"": ""S0043"", ""source_id"": ""A"", ""source_name"": ""Earth-Core""}, {""actual_arrival_month"": ""2039-08"", ""actual_delivered_t"": 14.166666666666666, ""actual_delivery_share"": 1.0, ""eligible_t"": 14.166666666666666, ""order_month"": ""2038-08"", ""ordered_t"": 14.166666666666666, ""planned_arrival_month"": ""2039-08"", ""rejected_t"": 0.0, ""shipment_id"": ""S0044"", ""source_id"": ""A"", ""source_name"": ""Earth-Core""}, {""actual_arrival_month"": ""2039-09"", ""actual_delivered_t"": 14.166666666666666, ""actual_delivery_share"": 1.0, ""eligible_t"": 14.166666666666666, ""order_month"": ""2038-09"", ""ordered_t"": 14.166666666666666, ""planned_arrival_month"": ""2039-09"", ""rejected_t"": 0.0, ""shipment_id"": ""S0045"", ""source_id"": ""A"", ""source_name"": ""Earth-Core""}, {""actual_arrival_month"": ""2039-10"", ""actual_delivered_t"": 14.166666666666666, ""actual_delivery_share"": 1.0, ""eligible_t"": 14.166666666666666, ""order_month"": ""2038-10"", ""ordered_t"": 14.166666666666666, ""planned_arrival_month"": ""2039-10"", ""rejected_t"": 0.0, ""shipment_id"": ""S0046"", ""source_id"": ""A"", ""source_name"": ""Earth-Core""}, {""actual_arrival_month"": ""2039-11"", ""actual_delivered_t"": 14.166666666666666, ""actual_delivery_share"": 1.0, ""eligible_t"": 14.166666666666666, ""order_month"": ""2038-11"", ""ordered_t"": 14.166666666666666, ""planned_arrival_month"": ""2039-11"", ""rejected_t"": 0.0, ""shipment_id"": ""S0047"", ""source_id"": ""A"", ""source_name"": ""Earth-Core""}, {""actual_arrival_month"": ""2039-12"", ""actual_delivered_t"": 14.166666666666666, ""actual_delivery_share"": 1.0, ""eligible_t"": 14.166666666666666, ""order_month"": ""2038-12"", ""ordered_t"": 14.166666666666666, ""planned_arrival_month"": ""2039-12"", ""rejected_t"": 0.0, ""shipment_id"": ""S0048"", ""source_id"": ""A"", ""source_name"": ""Earth-Core""}, {""actual_arrival_month"": ""2040-01"", ""actual_delivered_t"": 15.0, ""actual_delivery_share"": 1.0, ""eligible_t"": 15.0, ""order_month"": ""2039-01"", ""ordered_t"": 15.0, ""planned_arrival_month"": ""2040-01"", ""rejected_t"": 0.0, ""shipment_id"": ""S0049"", ""source_id"": ""A"", ""source_name"": ""Earth-Core""}, {""actual_arrival_month"": ""2040-02"", ""actual_delivered_t"": 15.0, ""actual_delivery_share"": 1.0, ""eligible_t"": 15.0, ""order_month"": ""2039-02"", ""ordered_t"": 15.0, ""planned_arrival_month"": ""2040-02"", ""rejected_t"": 0.0, ""shipment_id"": ""S0050"", ""source_id"": ""A"", ""source_name"": ""Earth-Core""}, {""actual_arrival_month"": ""2040-03"", ""actual_delivered_t"": 15.0, ""actual_delivery_share"": 1.0, ""eligible_t"": 15.0, ""order_month"": ""2039-03"", ""ordered_t"": 15.0, ""planned_arrival_month"": ""2040-03"", ""rejected_t"": 0.0, ""shipment_id"": ""S0051"", ""source_id"": ""A"", ""source_name"": ""Earth-Core""}, {""actual_arrival_month"": ""2040-04"", ""actual_delivered_t"": 15.0, ""actual_delivery_share"": 1.0, ""eligible_t"": 15.0, ""order_month"": ""2039-04"", ""ordered_t"": 15.0, ""planned_arrival_month"": ""2040-04"", ""rejected_t"": 0.0, ""shipment_id"": ""S0052"", ""source_id"": ""A"", ""source_name"": ""Earth-Core""}, {""actual_arrival_month"": ""2040-05"", ""actual_delivered_t"": 15.0, ""actual_delivery_share"": 1.0, ""eligible_t"": 15.0, ""order_month"": ""2039-05"", ""ordered_t"": 15.0, ""planned_arrival_month"": ""2040-05"", ""rejected_t"": 0.0, ""shipment_id"": ""S0053"", ""source_id"": ""A"", ""source_name"": ""Earth-Core""}, {""actual_arrival_month"": ""2040-06"", ""actual_delivered_t"": 15.0, ""actual_delivery_share"": 1.0, ""eligible_t"": 15.0, ""order_month"": ""2039-06"", ""ordered_t"": 15.0, ""planned_arrival_month"": ""2040-06"", ""rejected_t"": 0.0, ""shipment_id"": ""S0054"", ""source_id"": ""A"", ""source_name"": ""Earth-Core""}, {""actual_arrival_month"": ""2039-07"", ""actual_delivered_t"": 5.58125, ""actual_delivery_share"": 0.75, ""eligible_t"": 7.441666666666666, ""order_month"": ""2039-05"", ""ordered_t"": 7.441666666666666, ""planned_arrival_month"": ""2039-07"", ""rejected_t"": 0.0, ""shipment_id"": ""S0148"", ""source_id"": ""D"", ""source_name"": ""Lunar-ISRU""}, {""actual_arrival_month"": ""2039-08"", ""actual_delivered_t"": 5.58125, ""actual_delivery_share"": 0.75, ""eligible_t"": 7.441666666666666, ""order_month"": ""2039-06"", ""ordered_t"": 7.441666666666666, ""planned_arrival_month"": ""2039-08"", ""rejected_t"": 0.0, ""shipment_id"": ""S0149"", ""source_id"": ""D"", ""source_name"": ""Lunar-ISRU""}]","{""A"": 14.166666666666666, ""C"": 6.666666666666666, ""D"": 7.441666666666666}","{""A"": 14.166666666666666, ""C"": 6.666666666666666, ""D"": 5.58125}",26.414583333333333,26.414583333333333,0.316975,26.097608333333334,0.0,20.124999999999996,5.972608333333337,0.0,4.569058333333334,0.0,ZBO,120.0,0.012,"[""ZBO"", ""EARTH_NEW"", ""LUNAR_ISRU""]",0.0,6.833333333333333,[]
2039-07,0.0,30.666666666666668,20.124999999999996,"{""A"": 180.0, ""B"": 0, ""C"": 80.0, ""D"": 89.3, ""E"": 0}","{""A"": 15.0, ""C"": 6.6666666667, ""D"": 7.441666666666666}","[{""actual_arrival_month"": ""2039-08"", ""actual_delivered_t"": 14.166666666666666, ""actual_delivery_share"": 1.0, ""eligible_t"": 14.166666666666666, ""order_month"": ""2038-08"", ""ordered_t"": 14.166666666666666, ""planned_arrival_month"": ""2039-08"", ""rejected_t"": 0.0, ""shipment_id"": ""S0044"", ""source_id"": ""A"", ""source_name"": ""Earth-Core""}, {""actual_arrival_month"": ""2039-09"", ""actual_delivered_t"": 14.166666666666666, ""actual_delivery_share"": 1.0, ""eligible_t"": 14.166666666666666, ""order_month"": ""2038-09"", ""ordered_t"": 14.166666666666666, ""planned_arrival_month"": ""2039-09"", ""rejected_t"": 0.0, ""shipment_id"": ""S0045"", ""source_id"": ""A"", ""source_name"": ""Earth-Core""}, {""actual_arrival_month"": ""2039-10"", ""actual_delivered_t"": 14.166666666666666, ""actual_delivery_share"": 1.0, ""eligible_t"": 14.166666666666666, ""order_month"": ""2038-10"", ""ordered_t"": 14.166666666666666, ""planned_arrival_month"": ""2039-10"", ""rejected_t"": 0.0, ""shipment_id"": ""S0046"", ""source_id"": ""A"", ""source_name"": ""Earth-Core""}, {""actual_arrival_month"": ""2039-11"", ""actual_delivered_t"": 14.166666666666666, ""actual_delivery_share"": 1.0, ""eligible_t"": 14.166666666666666, ""order_month"": ""2038-11"", ""ordered_t"": 14.166666666666666, ""planned_arrival_month"": ""2039-11"", ""rejected_t"": 0.0, ""shipment_id"": ""S0047"", ""source_id"": ""A"", ""source_name"": ""Earth-Core""}, {""actual_arrival_month"": ""2039-12"", ""actual_delivered_t"": 14.166666666666666, ""actual_delivery_share"": 1.0, ""eligible_t"": 14.166666666666666, ""order_month"": ""2038-12"", ""ordered_t"": 14.166666666666666, ""planned_arrival_month"": ""2039-12"", ""rejected_t"": 0.0, ""shipment_id"": ""S0048"", ""source_id"": ""A"", ""source_name"": ""Earth-Core""}, {""actual_arrival_month"": ""2040-01"", ""actual_delivered_t"": 15.0, ""actual_delivery_share"": 1.0, ""eligible_t"": 15.0, ""order_month"": ""2039-01"", ""ordered_t"": 15.0, ""planned_arrival_month"": ""2040-01"", ""rejected_t"": 0.0, ""shipment_id"": ""S0049"", ""source_id"": ""A"", ""source_name"": ""Earth-Core""}, {""actual_arrival_month"": ""2040-02"", ""actual_delivered_t"": 15.0, ""actual_delivery_share"": 1.0, ""eligible_t"": 15.0, ""order_month"": ""2039-02"", ""ordered_t"": 15.0, ""planned_arrival_month"": ""2040-02"", ""rejected_t"": 0.0, ""shipment_id"": ""S0050"", ""source_id"": ""A"", ""source_name"": ""Earth-Core""}, {""actual_arrival_month"": ""2040-03"", ""actual_delivered_t"": 15.0, ""actual_delivery_share"": 1.0, ""eligible_t"": 15.0, ""order_month"": ""2039-03"", ""ordered_t"": 15.0, ""planned_arrival_month"": ""2040-03"", ""rejected_t"": 0.0, ""shipment_id"": ""S0051"", ""source_id"": ""A"", ""source_name"": ""Earth-Core""}, {""actual_arrival_month"": ""2040-04"", ""actual_delivered_t"": 15.0, ""actual_delivery_share"": 1.0, ""eligible_t"": 15.0, ""order_month"": ""2039-04"", ""ordered_t"": 15.0, ""planned_arrival_month"": ""2040-04"", ""rejected_t"": 0.0, ""shipment_id"": ""S0052"", ""source_id"": ""A"", ""source_name"": ""Earth-Core""}, {""actual_arrival_month"": ""2040-05"", ""actual_delivered_t"": 15.0, ""actual_delivery_share"": 1.0, ""eligible_t"": 15.0, ""order_month"": ""2039-05"", ""ordered_t"": 15.0, ""planned_arrival_month"": ""2040-05"", ""rejected_t"": 0.0, ""shipment_id"": ""S0053"", ""source_id"": ""A"", ""source_name"": ""Earth-Core""}, {""actual_arrival_month"": ""2040-06"", ""actual_delivered_t"": 15.0, ""actual_delivery_share"": 1.0, ""eligible_t"": 15.0, ""order_month"": ""2039-06"", ""ordered_t"": 15.0, ""planned_arrival_month"": ""2040-06"", ""rejected_t"": 0.0, ""shipment_id"": ""S0054"", ""source_id"": ""A"", ""source_name"": ""Earth-Core""}, {""actual_arrival_month"": ""2040-07"", ""actual_delivered_t"": 15.0, ""actual_delivery_share"": 1.0, ""eligible_t"": 15.0, ""order_month"": ""2039-07"", ""ordered_t"": 15.0, ""planned_arrival_month"": ""2040-07"", ""rejected_t"": 0.0, ""shipment_id"": ""S0055"", ""source_id"": ""A"", ""source_name"": ""Earth-Core""}, {""actual_arrival_month"": ""2039-08"", ""actual_delivered_t"": 5.58125, ""actual_delivery_share"": 0.75, ""eligible_t"": 7.441666666666666, ""order_month"": ""2039-06"", ""ordered_t"": 7.441666666666666, ""planned_arrival_month"": ""2039-08"", ""rejected_t"": 0.0, ""shipment_id"": ""S0149"", ""source_id"": ""D"", ""source_name"": ""Lunar-ISRU""}, {""actual_arrival_month"": ""2039-09"", ""actual_delivered_t"": 5.58125, ""actual_delivery_share"": 0.75, ""eligible_t"": 7.441666666666666, ""order_month"": ""2039-07"", ""ordered_t"": 7.441666666666666, ""planned_arrival_month"": ""2039-09"", ""rejected_t"": 0.0, ""shipment_id"": ""S0150"", ""source_id"": ""D"", ""source_name"": ""Lunar-ISRU""}]","{""A"": 14.166666666666666, ""C"": 6.666666666666666, ""D"": 7.441666666666666}","{""A"": 14.166666666666666, ""C"": 6.666666666666666, ""D"": 5.58125}",26.414583333333333,26.414583333333333,0.316975,26.097608333333334,0.0,20.124999999999996,5.972608333333337,0.0,4.569058333333334,0.0,ZBO,120.0,0.012,"[""ZBO"", ""EARTH_NEW"", ""LUNAR_ISRU""]",0.0,6.833333333333333,[]
2039-08,0.0,30.666666666666668,20.124999999999996,"{""A"": 180.0, ""B"": 0, ""C"": 80.0, ""D"": 89.3, ""E"": 0}","{""A"": 15.0, ""C"": 6.6666666667, ""D"": 7.441666666666666}","[{""actual_arrival_month"": ""2039-09"", ""actual_delivered_t"": 14.166666666666666, ""actual_delivery_share"": 1.0, ""eligible_t"": 14.166666666666666, ""order_month"": ""2038-09"", ""ordered_t"": 14.166666666666666, ""planned_arrival_month"": ""2039-09"", ""rejected_t"": 0.0, ""shipment_id"": ""S0045"", ""source_id"": ""A"", ""source_name"": ""Earth-Core""}, {""actual_arrival_month"": ""2039-10"", ""actual_delivered_t"": 14.166666666666666, ""actual_delivery_share"": 1.0, ""eligible_t"": 14.166666666666666, ""order_month"": ""2038-10"", ""ordered_t"": 14.166666666666666, ""planned_arrival_month"": ""2039-10"", ""rejected_t"": 0.0, ""shipment_id"": ""S0046"", ""source_id"": ""A"", ""source_name"": ""Earth-Core""}, {""actual_arrival_month"": ""2039-11"", ""actual_delivered_t"": 14.166666666666666, ""actual_delivery_share"": 1.0, ""eligible_t"": 14.166666666666666, ""order_month"": ""2038-11"", ""ordered_t"": 14.166666666666666, ""planned_arrival_month"": ""2039-11"", ""rejected_t"": 0.0, ""shipment_id"": ""S0047"", ""source_id"": ""A"", ""source_name"": ""Earth-Core""}, {""actual_arrival_month"": ""2039-12"", ""actual_delivered_t"": 14.166666666666666, ""actual_delivery_share"": 1.0, ""eligible_t"": 14.166666666666666, ""order_month"": ""2038-12"", ""ordered_t"": 14.166666666666666, ""planned_arrival_month"": ""2039-12"", ""rejected_t"": 0.0, ""shipment_id"": ""S0048"", ""source_id"": ""A"", ""source_name"": ""Earth-Core""}, {""actual_arrival_month"": ""2040-01"", ""actual_delivered_t"": 15.0, ""actual_delivery_share"": 1.0, ""eligible_t"": 15.0, ""order_month"": ""2039-01"", ""ordered_t"": 15.0, ""planned_arrival_month"": ""2040-01"", ""rejected_t"": 0.0, ""shipment_id"": ""S0049"", ""source_id"": ""A"", ""source_name"": ""Earth-Core""}, {""actual_arrival_month"": ""2040-02"", ""actual_delivered_t"": 15.0, ""actual_delivery_share"": 1.0, ""eligible_t"": 15.0, ""order_month"": ""2039-02"", ""ordered_t"": 15.0, ""planned_arrival_month"": ""2040-02"", ""rejected_t"": 0.0, ""shipment_id"": ""S0050"", ""source_id"": ""A"", ""source_name"": ""Earth-Core""}, {""actual_arrival_month"": ""2040-03"", ""actual_delivered_t"": 15.0, ""actual_delivery_share"": 1.0, ""eligible_t"": 15.0, ""order_month"": ""2039-03"", ""ordered_t"": 15.0, ""planned_arrival_month"": ""2040-03"", ""rejected_t"": 0.0, ""shipment_id"": ""S0051"", ""source_id"": ""A"", ""source_name"": ""Earth-Core""}, {""actual_arrival_month"": ""2040-04"", ""actual_delivered_t"": 15.0, ""actual_delivery_share"": 1.0, ""eligible_t"": 15.0, ""order_month"": ""2039-04"", ""ordered_t"": 15.0, ""planned_arrival_month"": ""2040-04"", ""rejected_t"": 0.0, ""shipment_id"": ""S0052"", ""source_id"": ""A"", ""source_name"": ""Earth-Core""}, {""actual_arrival_month"": ""2040-05"", ""actual_delivered_t"": 15.0, ""actual_delivery_share"": 1.0, ""eligible_t"": 15.0, ""order_month"": ""2039-05"", ""ordered_t"": 15.0, ""planned_arrival_month"": ""2040-05"", ""rejected_t"": 0.0, ""shipment_id"": ""S0053"", ""source_id"": ""A"", ""source_name"": ""Earth-Core""}, {""actual_arrival_month"": ""2040-06"", ""actual_delivered_t"": 15.0, ""actual_delivery_share"": 1.0, ""eligible_t"": 15.0, ""order_month"": ""2039-06"", ""ordered_t"": 15.0, ""planned_arrival_month"": ""2040-06"", ""rejected_t"": 0.0, ""shipment_id"": ""S0054"", ""source_id"": ""A"", ""source_name"": ""Earth-Core""}, {""actual_arrival_month"": ""2040-07"", ""actual_delivered_t"": 15.0, ""actual_delivery_share"": 1.0, ""eligible_t"": 15.0, ""order_month"": ""2039-07"", ""ordered_t"": 15.0, ""planned_arrival_month"": ""2040-07"", ""rejected_t"": 0.0, ""shipment_id"": ""S0055"", ""source_id"": ""A"", ""source_name"": ""Earth-Core""}, {""actual_arrival_month"": ""2040-08"", ""actual_delivered_t"": 15.0, ""actual_delivery_share"": 1.0, ""eligible_t"": 15.0, ""order_month"": ""2039-08"", ""ordered_t"": 15.0, ""planned_arrival_month"": ""2040-08"", ""rejected_t"": 0.0, ""shipment_id"": ""S0056"", ""source_id"": ""A"", ""source_name"": ""Earth-Core""}, {""actual_arrival_month"": ""2039-09"", ""actual_delivered_t"": 5.58125, ""actual_delivery_share"": 0.75, ""eligible_t"": 7.441666666666666, ""order_month"": ""2039-07"", ""ordered_t"": 7.441666666666666, ""planned_arrival_month"": ""2039-09"", ""rejected_t"": 0.0, ""shipment_id"": ""S0150"", ""source_id"": ""D"", ""source_name"": ""Lunar-ISRU""}, {""actual_arrival_month"": ""2039-10"", ""actual_delivered_t"": 5.58125, ""actual_delivery_share"": 0.75, ""eligible_t"": 7.441666666666666, ""order_month"": ""2039-08"", ""ordered_t"": 7.441666666666666, ""planned_arrival_month"": ""2039-10"", ""rejected_t"": 0.0, ""shipment_id"": ""S0151"", ""source_id"": ""D"", ""source_name"": ""Lunar-ISRU""}]","{""A"": 14.166666666666666, ""C"": 6.666666666666666, ""D"": 7.441666666666666}","{""A"": 14.166666666666666, ""C"": 6.666666666666666, ""D"": 5.58125}",26.414583333333333,26.414583333333333,0.316975,26.097608333333334,0.0,20.124999999999996,5.972608333333337,0.0,4.569058333333334,0.0,ZBO,120.0,0.012,"[""ZBO"", ""EARTH_NEW"", ""LUNAR_ISRU""]",0.0,6.833333333333333,[]
2039-09,0.0,30.666666666666668,20.124999999999996,"{""A"": 180.0, ""B"": 0, ""C"": 80.0, ""D"": 89.3, ""E"": 0}","{""A"": 15.0, ""C"": 6.6666666667, ""D"": 7.441666666666666}","[{""actual_arrival_month"": ""2039-10"", ""actual_delivered_t"": 14.166666666666666, ""actual_delivery_share"": 1.0, ""eligible_t"": 14.166666666666666, ""order_month"": ""2038-10"", ""ordered_t"": 14.166666666666666, ""planned_arrival_month"": ""2039-10"", ""rejected_t"": 0.0, ""shipment_id"": ""S0046"", ""source_id"": ""A"", ""source_name"": ""Earth-Core""}, {""actual_arrival_month"": ""2039-11"", ""actual_delivered_t"": 14.166666666666666, ""actual_delivery_share"": 1.0, ""eligible_t"": 14.166666666666666, ""order_month"": ""2038-11"", ""ordered_t"": 14.166666666666666, ""planned_arrival_month"": ""2039-11"", ""rejected_t"": 0.0, ""shipment_id"": ""S0047"", ""source_id"": ""A"", ""source_name"": ""Earth-Core""}, {""actual_arrival_month"": ""2039-12"", ""actual_delivered_t"": 14.166666666666666, ""actual_delivery_share"": 1.0, ""eligible_t"": 14.166666666666666, ""order_month"": ""2038-12"", ""ordered_t"": 14.166666666666666, ""planned_arrival_month"": ""2039-12"", ""rejected_t"": 0.0, ""shipment_id"": ""S0048"", ""source_id"": ""A"", ""source_name"": ""Earth-Core""}, {""actual_arrival_month"": ""2040-01"", ""actual_delivered_t"": 15.0, ""actual_delivery_share"": 1.0, ""eligible_t"": 15.0, ""order_month"": ""2039-01"", ""ordered_t"": 15.0, ""planned_arrival_month"": ""2040-01"", ""rejected_t"": 0.0, ""shipment_id"": ""S0049"", ""source_id"": ""A"", ""source_name"": ""Earth-Core""}, {""actual_arrival_month"": ""2040-02"", ""actual_delivered_t"": 15.0, ""actual_delivery_share"": 1.0, ""eligible_t"": 15.0, ""order_month"": ""2039-02"", ""ordered_t"": 15.0, ""planned_arrival_month"": ""2040-02"", ""rejected_t"": 0.0, ""shipment_id"": ""S0050"", ""source_id"": ""A"", ""source_name"": ""Earth-Core""}, {""actual_arrival_month"": ""2040-03"", ""actual_delivered_t"": 15.0, ""actual_delivery_share"": 1.0, ""eligible_t"": 15.0, ""order_month"": ""2039-03"", ""ordered_t"": 15.0, ""planned_arrival_month"": ""2040-03"", ""rejected_t"": 0.0, ""shipment_id"": ""S0051"", ""source_id"": ""A"", ""source_name"": ""Earth-Core""}, {""actual_arrival_month"": ""2040-04"", ""actual_delivered_t"": 15.0, ""actual_delivery_share"": 1.0, ""eligible_t"": 15.0, ""order_month"": ""2039-04"", ""ordered_t"": 15.0, ""planned_arrival_month"": ""2040-04"", ""rejected_t"": 0.0, ""shipment_id"": ""S0052"", ""source_id"": ""A"", ""source_name"": ""Earth-Core""}, {""actual_arrival_month"": ""2040-05"", ""actual_delivered_t"": 15.0, ""actual_delivery_share"": 1.0, ""eligible_t"": 15.0, ""order_month"": ""2039-05"", ""ordered_t"": 15.0, ""planned_arrival_month"": ""2040-05"", ""rejected_t"": 0.0, ""shipment_id"": ""S0053"", ""source_id"": ""A"", ""source_name"": ""Earth-Core""}, {""actual_arrival_month"": ""2040-06"", ""actual_delivered_t"": 15.0, ""actual_delivery_share"": 1.0, ""eligible_t"": 15.0, ""order_month"": ""2039-06"", ""ordered_t"": 15.0, ""planned_arrival_month"": ""2040-06"", ""rejected_t"": 0.0, ""shipment_id"": ""S0054"", ""source_id"": ""A"", ""source_name"": ""Earth-Core""}, {""actual_arrival_month"": ""2040-07"", ""actual_delivered_t"": 15.0, ""actual_delivery_share"": 1.0, ""eligible_t"": 15.0, ""order_month"": ""2039-07"", ""ordered_t"": 15.0, ""planned_arrival_month"": ""2040-07"", ""rejected_t"": 0.0, ""shipment_id"": ""S0055"", ""source_id"": ""A"", ""source_name"": ""Earth-Core""}, {""actual_arrival_month"": ""2040-08"", ""actual_delivered_t"": 15.0, ""actual_delivery_share"": 1.0, ""eligible_t"": 15.0, ""order_month"": ""2039-08"", ""ordered_t"": 15.0, ""planned_arrival_month"": ""2040-08"", ""rejected_t"": 0.0, ""shipment_id"": ""S0056"", ""source_id"": ""A"", ""source_name"": ""Earth-Core""}, {""actual_arrival_month"": ""2040-09"", ""actual_delivered_t"": 15.0, ""actual_delivery_share"": 1.0, ""eligible_t"": 15.0, ""order_month"": ""2039-09"", ""ordered_t"": 15.0, ""planned_arrival_month"": ""2040-09"", ""rejected_t"": 0.0, ""shipment_id"": ""S0057"", ""source_id"": ""A"", ""source_name"": ""Earth-Core""}, {""actual_arrival_month"": ""2039-10"", ""actual_delivered_t"": 5.58125, ""actual_delivery_share"": 0.75, ""eligible_t"": 7.441666666666666, ""order_month"": ""2039-08"", ""ordered_t"": 7.441666666666666, ""planned_arrival_month"": ""2039-10"", ""rejected_t"": 0.0, ""shipment_id"": ""S0151"", ""source_id"": ""D"", ""source_name"": ""Lunar-ISRU""}, {""actual_arrival_month"": ""2039-11"", ""actual_delivered_t"": 5.58125, ""actual_delivery_share"": 0.75, ""eligible_t"": 7.441666666666666, ""order_month"": ""2039-09"", ""ordered_t"": 7.441666666666666, ""planned_arrival_month"": ""2039-11"", ""rejected_t"": 0.0, ""shipment_id"": ""S0152"", ""source_id"": ""D"", ""source_name"": ""Lunar-ISRU""}]","{""A"": 14.166666666666666, ""C"": 6.666666666666666, ""D"": 7.441666666666666}","{""A"": 14.166666666666666, ""C"": 6.666666666666666, ""D"": 5.58125}",26.414583333333333,26.414583333333333,0.316975,26.097608333333334,0.0,20.124999999999996,5.972608333333337,0.0,4.569058333333334,0.0,ZBO,120.0,0.012,"[""ZBO"", ""EARTH_NEW"", ""LUNAR_ISRU""]",0.0,6.833333333333333,[]
2039-10,0.0,30.666666666666668,20.124999999999996,"{""A"": 180.0, ""B"": 0, ""C"": 80.0, ""D"": 89.3, ""E"": 0}","{""A"": 15.0, ""C"": 6.6666666667, ""D"": 7.441666666666666}","[{""actual_arrival_month"": ""2039-11"", ""actual_delivered_t"": 14.166666666666666, ""actual_delivery_share"": 1.0, ""eligible_t"": 14.166666666666666, ""order_month"": ""2038-11"", ""ordered_t"": 14.166666666666666, ""planned_arrival_month"": ""2039-11"", ""rejected_t"": 0.0, ""shipment_id"": ""S0047"", ""source_id"": ""A"", ""source_name"": ""Earth-Core""}, {""actual_arrival_month"": ""2039-12"", ""actual_delivered_t"": 14.166666666666666, ""actual_delivery_share"": 1.0, ""eligible_t"": 14.166666666666666, ""order_month"": ""2038-12"", ""ordered_t"": 14.166666666666666, ""planned_arrival_month"": ""2039-12"", ""rejected_t"": 0.0, ""shipment_id"": ""S0048"", ""source_id"": ""A"", ""source_name"": ""Earth-Core""}, {""actual_arrival_month"": ""2040-01"", ""actual_delivered_t"": 15.0, ""actual_delivery_share"": 1.0, ""eligible_t"": 15.0, ""order_month"": ""2039-01"", ""ordered_t"": 15.0, ""planned_arrival_month"": ""2040-01"", ""rejected_t"": 0.0, ""shipment_id"": ""S0049"", ""source_id"": ""A"", ""source_name"": ""Earth-Core""}, {""actual_arrival_month"": ""2040-02"", ""actual_delivered_t"": 15.0, ""actual_delivery_share"": 1.0, ""eligible_t"": 15.0, ""order_month"": ""2039-02"", ""ordered_t"": 15.0, ""planned_arrival_month"": ""2040-02"", ""rejected_t"": 0.0, ""shipment_id"": ""S0050"", ""source_id"": ""A"", ""source_name"": ""Earth-Core""}, {""actual_arrival_month"": ""2040-03"", ""actual_delivered_t"": 15.0, ""actual_delivery_share"": 1.0, ""eligible_t"": 15.0, ""order_month"": ""2039-03"", ""ordered_t"": 15.0, ""planned_arrival_month"": ""2040-03"", ""rejected_t"": 0.0, ""shipment_id"": ""S0051"", ""source_id"": ""A"", ""source_name"": ""Earth-Core""}, {""actual_arrival_month"": ""2040-04"", ""actual_delivered_t"": 15.0, ""actual_delivery_share"": 1.0, ""eligible_t"": 15.0, ""order_month"": ""2039-04"", ""ordered_t"": 15.0, ""planned_arrival_month"": ""2040-04"", ""rejected_t"": 0.0, ""shipment_id"": ""S0052"", ""source_id"": ""A"", ""source_name"": ""Earth-Core""}, {""actual_arrival_month"": ""2040-05"", ""actual_delivered_t"": 15.0, ""actual_delivery_share"": 1.0, ""eligible_t"": 15.0, ""order_month"": ""2039-05"", ""ordered_t"": 15.0, ""planned_arrival_month"": ""2040-05"", ""rejected_t"": 0.0, ""shipment_id"": ""S0053"", ""source_id"": ""A"", ""source_name"": ""Earth-Core""}, {""actual_arrival_month"": ""2040-06"", ""actual_delivered_t"": 15.0, ""actual_delivery_share"": 1.0, ""eligible_t"": 15.0, ""order_month"": ""2039-06"", ""ordered_t"": 15.0, ""planned_arrival_month"": ""2040-06"", ""rejected_t"": 0.0, ""shipment_id"": ""S0054"", ""source_id"": ""A"", ""source_name"": ""Earth-Core""}, {""actual_arrival_month"": ""2040-07"", ""actual_delivered_t"": 15.0, ""actual_delivery_share"": 1.0, ""eligible_t"": 15.0, ""order_month"": ""2039-07"", ""ordered_t"": 15.0, ""planned_arrival_month"": ""2040-07"", ""rejected_t"": 0.0, ""shipment_id"": ""S0055"", ""source_id"": ""A"", ""source_name"": ""Earth-Core""}, {""actual_arrival_month"": ""2040-08"", ""actual_delivered_t"": 15.0, ""actual_delivery_share"": 1.0, ""eligible_t"": 15.0, ""order_month"": ""2039-08"", ""ordered_t"": 15.0, ""planned_arrival_month"": ""2040-08"", ""rejected_t"": 0.0, ""shipment_id"": ""S0056"", ""source_id"": ""A"", ""source_name"": ""Earth-Core""}, {""actual_arrival_month"": ""2040-09"", ""actual_delivered_t"": 15.0, ""actual_delivery_share"": 1.0, ""eligible_t"": 15.0, ""order_month"": ""2039-09"", ""ordered_t"": 15.0, ""planned_arrival_month"": ""2040-09"", ""rejected_t"": 0.0, ""shipment_id"": ""S0057"", ""source_id"": ""A"", ""source_name"": ""Earth-Core""}, {""actual_arrival_month"": ""2040-10"", ""actual_delivered_t"": 15.0, ""actual_delivery_share"": 1.0, ""eligible_t"": 15.0, ""order_month"": ""2039-10"", ""ordered_t"": 15.0, ""planned_arrival_month"": ""2040-10"", ""rejected_t"": 0.0, ""shipment_id"": ""S0058"", ""source_id"": ""A"", ""source_name"": ""Earth-Core""}, {""actual_arrival_month"": ""2039-11"", ""actual_delivered_t"": 5.58125, ""actual_delivery_share"": 0.75, ""eligible_t"": 7.441666666666666, ""order_month"": ""2039-09"", ""ordered_t"": 7.441666666666666, ""planned_arrival_month"": ""2039-11"", ""rejected_t"": 0.0, ""shipment_id"": ""S0152"", ""source_id"": ""D"", ""source_name"": ""Lunar-ISRU""}, {""actual_arrival_month"": ""2039-12"", ""actual_delivered_t"": 5.58125, ""actual_delivery_share"": 0.75, ""eligible_t"": 7.441666666666666, ""order_month"": ""2039-10"", ""ordered_t"": 7.441666666666666, ""planned_arrival_month"": ""2039-12"", ""rejected_t"": 0.0, ""shipment_id"": ""S0153"", ""source_id"": ""D"", ""source_name"": ""Lunar-ISRU""}]","{""A"": 14.166666666666666, ""C"": 6.666666666666666, ""D"": 7.441666666666666}","{""A"": 14.166666666666666, ""C"": 6.666666666666666, ""D"": 5.58125}",26.414583333333333,26.414583333333333,0.316975,26.097608333333334,0.0,20.124999999999996,5.972608333333337,0.0,4.569058333333334,0.0,ZBO,120.0,0.012,"[""ZBO"", ""EARTH_NEW"", ""LUNAR_ISRU""]",0.0,6.833333333333333,[]
2039-11,0.0,30.666666666666668,20.124999999999996,"{""A"": 180.0, ""B"": 0, ""C"": 80.0, ""D"": 89.3, ""E"": 0}","{""A"": 15.0, ""C"": 6.6666666667, ""D"": 7.441666666666666}","[{""actual_arrival_month"": ""2039-12"", ""actual_delivered_t"": 14.166666666666666, ""actual_delivery_share"": 1.0, ""eligible_t"": 14.166666666666666, ""order_month"": ""2038-12"", ""ordered_t"": 14.166666666666666, ""planned_arrival_month"": ""2039-12"", ""rejected_t"": 0.0, ""shipment_id"": ""S0048"", ""source_id"": ""A"", ""source_name"": ""Earth-Core""}, {""actual_arrival_month"": ""2040-01"", ""actual_delivered_t"": 15.0, ""actual_delivery_share"": 1.0, ""eligible_t"": 15.0, ""order_month"": ""2039-01"", ""ordered_t"": 15.0, ""planned_arrival_month"": ""2040-01"", ""rejected_t"": 0.0, ""shipment_id"": ""S0049"", ""source_id"": ""A"", ""source_name"": ""Earth-Core""}, {""actual_arrival_month"": ""2040-02"", ""actual_delivered_t"": 15.0, ""actual_delivery_share"": 1.0, ""eligible_t"": 15.0, ""order_month"": ""2039-02"", ""ordered_t"": 15.0, ""planned_arrival_month"": ""2040-02"", ""rejected_t"": 0.0, ""shipment_id"": ""S0050"", ""source_id"": ""A"", ""source_name"": ""Earth-Core""}, {""actual_arrival_month"": ""2040-03"", ""actual_delivered_t"": 15.0, ""actual_delivery_share"": 1.0, ""eligible_t"": 15.0, ""order_month"": ""2039-03"", ""ordered_t"": 15.0, ""planned_arrival_month"": ""2040-03"", ""rejected_t"": 0.0, ""shipment_id"": ""S0051"", ""source_id"": ""A"", ""source_name"": ""Earth-Core""}, {""actual_arrival_month"": ""2040-04"", ""actual_delivered_t"": 15.0, ""actual_delivery_share"": 1.0, ""eligible_t"": 15.0, ""order_month"": ""2039-04"", ""ordered_t"": 15.0, ""planned_arrival_month"": ""2040-04"", ""rejected_t"": 0.0, ""shipment_id"": ""S0052"", ""source_id"": ""A"", ""source_name"": ""Earth-Core""}, {""actual_arrival_month"": ""2040-05"", ""actual_delivered_t"": 15.0, ""actual_delivery_share"": 1.0, ""eligible_t"": 15.0, ""order_month"": ""2039-05"", ""ordered_t"": 15.0, ""planned_arrival_month"": ""2040-05"", ""rejected_t"": 0.0, ""shipment_id"": ""S0053"", ""source_id"": ""A"", ""source_name"": ""Earth-Core""}, {""actual_arrival_month"": ""2040-06"", ""actual_delivered_t"": 15.0, ""actual_delivery_share"": 1.0, ""eligible_t"": 15.0, ""order_month"": ""2039-06"", ""ordered_t"": 15.0, ""planned_arrival_month"": ""2040-06"", ""rejected_t"": 0.0, ""shipment_id"": ""S0054"", ""source_id"": ""A"", ""source_name"": ""Earth-Core""}, {""actual_arrival_month"": ""2040-07"", ""actual_delivered_t"": 15.0, ""actual_delivery_share"": 1.0, ""eligible_t"": 15.0, ""order_month"": ""2039-07"", ""ordered_t"": 15.0, ""planned_arrival_month"": ""2040-07"", ""rejected_t"": 0.0, ""shipment_id"": ""S0055"", ""source_id"": ""A"", ""source_name"": ""Earth-Core""}, {""actual_arrival_month"": ""2040-08"", ""actual_delivered_t"": 15.0, ""actual_delivery_share"": 1.0, ""eligible_t"": 15.0, ""order_month"": ""2039-08"", ""ordered_t"": 15.0, ""planned_arrival_month"": ""2040-08"", ""rejected_t"": 0.0, ""shipment_id"": ""S0056"", ""source_id"": ""A"", ""source_name"": ""Earth-Core""}, {""actual_arrival_month"": ""2040-09"", ""actual_delivered_t"": 15.0, ""actual_delivery_share"": 1.0, ""eligible_t"": 15.0, ""order_month"": ""2039-09"", ""ordered_t"": 15.0, ""planned_arrival_month"": ""2040-09"", ""rejected_t"": 0.0, ""shipment_id"": ""S0057"", ""source_id"": ""A"", ""source_name"": ""Earth-Core""}, {""actual_arrival_month"": ""2040-10"", ""actual_delivered_t"": 15.0, ""actual_delivery_share"": 1.0, ""eligible_t"": 15.0, ""order_month"": ""2039-10"", ""ordered_t"": 15.0, ""planned_arrival_month"": ""2040-10"", ""rejected_t"": 0.0, ""shipment_id"": ""S0058"", ""source_id"": ""A"", ""source_name"": ""Earth-Core""}, {""actual_arrival_month"": ""2040-11"", ""actual_delivered_t"": 15.0, ""actual_delivery_share"": 1.0, ""eligible_t"": 15.0, ""order_month"": ""2039-11"", ""ordered_t"": 15.0, ""planned_arrival_month"": ""2040-11"", ""rejected_t"": 0.0, ""shipment_id"": ""S0059"", ""source_id"": ""A"", ""source_name"": ""Earth-Core""}, {""actual_arrival_month"": ""2039-12"", ""actual_delivered_t"": 5.58125, ""actual_delivery_share"": 0.75, ""eligible_t"": 7.441666666666666, ""order_month"": ""2039-10"", ""ordered_t"": 7.441666666666666, ""planned_arrival_month"": ""2039-12"", ""rejected_t"": 0.0, ""shipment_id"": ""S0153"", ""source_id"": ""D"", ""source_name"": ""Lunar-ISRU""}, {""actual_arrival_month"": ""2040-01"", ""actual_delivered_t"": 7.441666666666666, ""actual_delivery_share"": 1.0, ""eligible_t"": 7.441666666666666, ""order_month"": ""2039-11"", ""ordered_t"": 7.441666666666666, ""planned_arrival_month"": ""2040-01"", ""rejected_t"": 0.0, ""shipment_id"": ""S0154"", ""source_id"": ""D"", ""source_name"": ""Lunar-ISRU""}]","{""A"": 14.166666666666666, ""C"": 6.666666666666666, ""D"": 7.441666666666666}","{""A"": 14.166666666666666, ""C"": 6.666666666666666, ""D"": 5.58125}",26.414583333333333,26.414583333333333,0.316975,26.097608333333334,0.0,20.124999999999996,5.972608333333337,0.0,4.569058333333334,0.0,ZBO,120.0,0.012,"[""ZBO"", ""EARTH_NEW"", ""LUNAR_ISRU""]",0.0,6.833333333333333,[]
2039-12,0.0,30.666666666666668,20.124999999999996,"{""A"": 180.0, ""B"": 0, ""C"": 80.0, ""D"": 89.3, ""E"": 0}","{""A"": 15.0, ""C"": 6.6666666667, ""D"": 7.441666666666666}","[{""actual_arrival_month"": ""2040-01"", ""actual_delivered_t"": 15.0, ""actual_delivery_share"": 1.0, ""eligible_t"": 15.0, ""order_month"": ""2039-01"", ""ordered_t"": 15.0, ""planned_arrival_month"": ""2040-01"", ""rejected_t"": 0.0, ""shipment_id"": ""S0049"", ""source_id"": ""A"", ""source_name"": ""Earth-Core""}, {""actual_arrival_month"": ""2040-02"", ""actual_delivered_t"": 15.0, ""actual_delivery_share"": 1.0, ""eligible_t"": 15.0, ""order_month"": ""2039-02"", ""ordered_t"": 15.0, ""planned_arrival_month"": ""2040-02"", ""rejected_t"": 0.0, ""shipment_id"": ""S0050"", ""source_id"": ""A"", ""source_name"": ""Earth-Core""}, {""actual_arrival_month"": ""2040-03"", ""actual_delivered_t"": 15.0, ""actual_delivery_share"": 1.0, ""eligible_t"": 15.0, ""order_month"": ""2039-03"", ""ordered_t"": 15.0, ""planned_arrival_month"": ""2040-03"", ""rejected_t"": 0.0, ""shipment_id"": ""S0051"", ""source_id"": ""A"", ""source_name"": ""Earth-Core""}, {""actual_arrival_month"": ""2040-04"", ""actual_delivered_t"": 15.0, ""actual_delivery_share"": 1.0, ""eligible_t"": 15.0, ""order_month"": ""2039-04"", ""ordered_t"": 15.0, ""planned_arrival_month"": ""2040-04"", ""rejected_t"": 0.0, ""shipment_id"": ""S0052"", ""source_id"": ""A"", ""source_name"": ""Earth-Core""}, {""actual_arrival_month"": ""2040-05"", ""actual_delivered_t"": 15.0, ""actual_delivery_share"": 1.0, ""eligible_t"": 15.0, ""order_month"": ""2039-05"", ""ordered_t"": 15.0, ""planned_arrival_month"": ""2040-05"", ""rejected_t"": 0.0, ""shipment_id"": ""S0053"", ""source_id"": ""A"", ""source_name"": ""Earth-Core""}, {""actual_arrival_month"": ""2040-06"", ""actual_delivered_t"": 15.0, ""actual_delivery_share"": 1.0, ""eligible_t"": 15.0, ""order_month"": ""2039-06"", ""ordered_t"": 15.0, ""planned_arrival_month"": ""2040-06"", ""rejected_t"": 0.0, ""shipment_id"": ""S0054"", ""source_id"": ""A"", ""source_name"": ""Earth-Core""}, {""actual_arrival_month"": ""2040-07"", ""actual_delivered_t"": 15.0, ""actual_delivery_share"": 1.0, ""eligible_t"": 15.0, ""order_month"": ""2039-07"", ""ordered_t"": 15.0, ""planned_arrival_month"": ""2040-07"", ""rejected_t"": 0.0, ""shipment_id"": ""S0055"", ""source_id"": ""A"", ""source_name"": ""Earth-Core""}, {""actual_arrival_month"": ""2040-08"", ""actual_delivered_t"": 15.0, ""actual_delivery_share"": 1.0, ""eligible_t"": 15.0, ""order_month"": ""2039-08"", ""ordered_t"": 15.0, ""planned_arrival_month"": ""2040-08"", ""rejected_t"": 0.0, ""shipment_id"": ""S0056"", ""source_id"": ""A"", ""source_name"": ""Earth-Core""}, {""actual_arrival_month"": ""2040-09"", ""actual_delivered_t"": 15.0, ""actual_delivery_share"": 1.0, ""eligible_t"": 15.0, ""order_month"": ""2039-09"", ""ordered_t"": 15.0, ""planned_arrival_month"": ""2040-09"", ""rejected_t"": 0.0, ""shipment_id"": ""S0057"", ""source_id"": ""A"", ""source_name"": ""Earth-Core""}, {""actual_arrival_month"": ""2040-10"", ""actual_delivered_t"": 15.0, ""actual_delivery_share"": 1.0, ""eligible_t"": 15.0, ""order_month"": ""2039-10"", ""ordered_t"": 15.0, ""planned_arrival_month"": ""2040-10"", ""rejected_t"": 0.0, ""shipment_id"": ""S0058"", ""source_id"": ""A"", ""source_name"": ""Earth-Core""}, {""actual_arrival_month"": ""2040-11"", ""actual_delivered_t"": 15.0, ""actual_delivery_share"": 1.0, ""eligible_t"": 15.0, ""order_month"": ""2039-11"", ""ordered_t"": 15.0, ""planned_arrival_month"": ""2040-11"", ""rejected_t"": 0.0, ""shipment_id"": ""S0059"", ""source_id"": ""A"", ""source_name"": ""Earth-Core""}, {""actual_arrival_month"": ""2040-12"", ""actual_delivered_t"": 15.0, ""actual_delivery_share"": 1.0, ""eligible_t"": 15.0, ""order_month"": ""2039-12"", ""ordered_t"": 15.0, ""planned_arrival_month"": ""2040-12"", ""rejected_t"": 0.0, ""shipment_id"": ""S0060"", ""source_id"": ""A"", ""source_name"": ""Earth-Core""}, {""actual_arrival_month"": ""2040-01"", ""actual_delivered_t"": 7.441666666666666, ""actual_delivery_share"": 1.0, ""eligible_t"": 7.441666666666666, ""order_month"": ""2039-11"", ""ordered_t"": 7.441666666666666, ""planned_arrival_month"": ""2040-01"", ""rejected_t"": 0.0, ""shipment_id"": ""S0154"", ""source_id"": ""D"", ""source_name"": ""Lunar-ISRU""}, {""actual_arrival_month"": ""2040-02"", ""actual_delivered_t"": 7.441666666666666, ""actual_delivery_share"": 1.0, ""eligible_t"": 7.441666666666666, ""order_month"": ""2039-12"", ""ordered_t"": 7.441666666666666, ""planned_arrival_month"": ""2040-02"", ""rejected_t"": 0.0, ""shipment_id"": ""S0155"", ""source_id"": ""D"", ""source_name"": ""Lunar-ISRU""}]","{""A"": 14.166666666666666, ""C"": 6.666666666666666, ""D"": 7.441666666666666}","{""A"": 14.166666666666666, ""C"": 6.666666666666666, ""D"": 5.58125}",26.414583333333333,26.414583333333333,0.316975,26.097608333333334,0.0,20.124999999999996,5.972608333333337,0.0,4.569058333333334,0.0,ZBO,120.0,0.012,"[""ZBO"", ""EARTH_NEW"", ""LUNAR_ISRU""]",0.0,6.833333333333333,[]
2040-01,0.0,37.37499999999999,23.958333333333332,"{""A"": 0, ""B"": 0, ""C"": 100.0, ""D"": 110.0, ""E"": 0}","{""C"": 8.3333333333, ""D"": 9.166666666666666}","[{""actual_arrival_month"": ""2040-02"", ""actual_delivered_t"": 15.0, ""actual_delivery_share"": 1.0, ""eligible_t"": 15.0, ""order_month"": ""2039-02"", ""ordered_t"": 15.0, ""planned_arrival_month"": ""2040-02"", ""rejected_t"": 0.0, ""shipment_id"": ""S0050"", ""source_id"": ""A"", ""source_name"": ""Earth-Core""}, {""actual_arrival_month"": ""2040-03"", ""actual_delivered_t"": 15.0, ""actual_delivery_share"": 1.0, ""eligible_t"": 15.0, ""order_month"": ""2039-03"", ""ordered_t"": 15.0, ""planned_arrival_month"": ""2040-03"", ""rejected_t"": 0.0, ""shipment_id"": ""S0051"", ""source_id"": ""A"", ""source_name"": ""Earth-Core""}, {""actual_arrival_month"": ""2040-04"", ""actual_delivered_t"": 15.0, ""actual_delivery_share"": 1.0, ""eligible_t"": 15.0, ""order_month"": ""2039-04"", ""ordered_t"": 15.0, ""planned_arrival_month"": ""2040-04"", ""rejected_t"": 0.0, ""shipment_id"": ""S0052"", ""source_id"": ""A"", ""source_name"": ""Earth-Core""}, {""actual_arrival_month"": ""2040-05"", ""actual_delivered_t"": 15.0, ""actual_delivery_share"": 1.0, ""eligible_t"": 15.0, ""order_month"": ""2039-05"", ""ordered_t"": 15.0, ""planned_arrival_month"": ""2040-05"", ""rejected_t"": 0.0, ""shipment_id"": ""S0053"", ""source_id"": ""A"", ""source_name"": ""Earth-Core""}, {""actual_arrival_month"": ""2040-06"", ""actual_delivered_t"": 15.0, ""actual_delivery_share"": 1.0, ""eligible_t"": 15.0, ""order_month"": ""2039-06"", ""ordered_t"": 15.0, ""planned_arrival_month"": ""2040-06"", ""rejected_t"": 0.0, ""shipment_id"": ""S0054"", ""source_id"": ""A"", ""source_name"": ""Earth-Core""}, {""actual_arrival_month"": ""2040-07"", ""actual_delivered_t"": 15.0, ""actual_delivery_share"": 1.0, ""eligible_t"": 15.0, ""order_month"": ""2039-07"", ""ordered_t"": 15.0, ""planned_arrival_month"": ""2040-07"", ""rejected_t"": 0.0, ""shipment_id"": ""S0055"", ""source_id"": ""A"", ""source_name"": ""Earth-Core""}, {""actual_arrival_month"": ""2040-08"", ""actual_delivered_t"": 15.0, ""actual_delivery_share"": 1.0, ""eligible_t"": 15.0, ""order_month"": ""2039-08"", ""ordered_t"": 15.0, ""planned_arrival_month"": ""2040-08"", ""rejected_t"": 0.0, ""shipment_id"": ""S0056"", ""source_id"": ""A"", ""source_name"": ""Earth-Core""}, {""actual_arrival_month"": ""2040-09"", ""actual_delivered_t"": 15.0, ""actual_delivery_share"": 1.0, ""eligible_t"": 15.0, ""order_month"": ""2039-09"", ""ordered_t"": 15.0, ""planned_arrival_month"": ""2040-09"", ""rejected_t"": 0.0, ""shipment_id"": ""S0057"", ""source_id"": ""A"", ""source_name"": ""Earth-Core""}, {""actual_arrival_month"": ""2040-10"", ""actual_delivered_t"": 15.0, ""actual_delivery_share"": 1.0, ""eligible_t"": 15.0, ""order_month"": ""2039-10"", ""ordered_t"": 15.0, ""planned_arrival_month"": ""2040-10"", ""rejected_t"": 0.0, ""shipment_id"": ""S0058"", ""source_id"": ""A"", ""source_name"": ""Earth-Core""}, {""actual_arrival_month"": ""2040-11"", ""actual_delivered_t"": 15.0, ""actual_delivery_share"": 1.0, ""eligible_t"": 15.0, ""order_month"": ""2039-11"", ""ordered_t"": 15.0, ""planned_arrival_month"": ""2040-11"", ""rejected_t"": 0.0, ""shipment_id"": ""S0059"", ""source_id"": ""A"", ""source_name"": ""Earth-Core""}, {""actual_arrival_month"": ""2040-12"", ""actual_delivered_t"": 15.0, ""actual_delivery_share"": 1.0, ""eligible_t"": 15.0, ""order_month"": ""2039-12"", ""ordered_t"": 15.0, ""planned_arrival_month"": ""2040-12"", ""rejected_t"": 0.0, ""shipment_id"": ""S0060"", ""source_id"": ""A"", ""source_name"": ""Earth-Core""}, {""actual_arrival_month"": ""2040-02"", ""actual_delivered_t"": 7.441666666666666, ""actual_delivery_share"": 1.0, ""eligible_t"": 7.441666666666666, ""order_month"": ""2039-12"", ""ordered_t"": 7.441666666666666, ""planned_arrival_month"": ""2040-02"", ""rejected_t"": 0.0, ""shipment_id"": ""S0155"", ""source_id"": ""D"", ""source_name"": ""Lunar-ISRU""}, {""actual_arrival_month"": ""2040-03"", ""actual_delivered_t"": 9.166666666666664, ""actual_delivery_share"": 1.0, ""eligible_t"": 9.166666666666664, ""order_month"": ""2040-01"", ""ordered_t"": 9.166666666666666, ""planned_arrival_month"": ""2040-03"", ""rejected_t"": 1.7763568394002505e-15, ""shipment_id"": ""S0156"", ""source_id"": ""D"", ""source_name"": ""Lunar-ISRU""}]","{""A"": 15.0, ""C"": 8.3333333333, ""D"": 7.441666666666666}","{""A"": 15.0, ""C"": 8.3333333333, ""D"": 7.441666666666666}",30.774999999966667,30.774999999966667,0.3692999999996,30.405699999967066,0.0,23.958333333333332,6.447366666633734,0.0,6.969300000032927,0.0,ZBO,120.0,0.012,"[""ZBO"", ""EARTH_NEW"", ""LUNAR_ISRU""]",0.0,6.833333333333333,"[""RESERVE_45D""]"
2040-02,0.0,37.37499999999999,23.958333333333332,"{""A"": 0, ""B"": 0, ""C"": 100.0, ""D"": 110.0, ""E"": 0}","{""C"": 8.3333333333, ""D"": 9.166666666666666}","[{""actual_arrival_month"": ""2040-03"", ""actual_delivered_t"": 15.0, ""actual_delivery_share"": 1.0, ""eligible_t"": 15.0, ""order_month"": ""2039-03"", ""ordered_t"": 15.0, ""planned_arrival_month"": ""2040-03"", ""rejected_t"": 0.0, ""shipment_id"": ""S0051"", ""source_id"": ""A"", ""source_name"": ""Earth-Core""}, {""actual_arrival_month"": ""2040-04"", ""actual_delivered_t"": 15.0, ""actual_delivery_share"": 1.0, ""eligible_t"": 15.0, ""order_month"": ""2039-04"", ""ordered_t"": 15.0, ""planned_arrival_month"": ""2040-04"", ""rejected_t"": 0.0, ""shipment_id"": ""S0052"", ""source_id"": ""A"", ""source_name"": ""Earth-Core""}, {""actual_arrival_month"": ""2040-05"", ""actual_delivered_t"": 15.0, ""actual_delivery_share"": 1.0, ""eligible_t"": 15.0, ""order_month"": ""2039-05"", ""ordered_t"": 15.0, ""planned_arrival_month"": ""2040-05"", ""rejected_t"": 0.0, ""shipment_id"": ""S0053"", ""source_id"": ""A"", ""source_name"": ""Earth-Core""}, {""actual_arrival_month"": ""2040-06"", ""actual_delivered_t"": 15.0, ""actual_delivery_share"": 1.0, ""eligible_t"": 15.0, ""order_month"": ""2039-06"", ""ordered_t"": 15.0, ""planned_arrival_month"": ""2040-06"", ""rejected_t"": 0.0, ""shipment_id"": ""S0054"", ""source_id"": ""A"", ""source_name"": ""Earth-Core""}, {""actual_arrival_month"": ""2040-07"", ""actual_delivered_t"": 15.0, ""actual_delivery_share"": 1.0, ""eligible_t"": 15.0, ""order_month"": ""2039-07"", ""ordered_t"": 15.0, ""planned_arrival_month"": ""2040-07"", ""rejected_t"": 0.0, ""shipment_id"": ""S0055"", ""source_id"": ""A"", ""source_name"": ""Earth-Core""}, {""actual_arrival_month"": ""2040-08"", ""actual_delivered_t"": 15.0, ""actual_delivery_share"": 1.0, ""eligible_t"": 15.0, ""order_month"": ""2039-08"", ""ordered_t"": 15.0, ""planned_arrival_month"": ""2040-08"", ""rejected_t"": 0.0, ""shipment_id"": ""S0056"", ""source_id"": ""A"", ""source_name"": ""Earth-Core""}, {""actual_arrival_month"": ""2040-09"", ""actual_delivered_t"": 15.0, ""actual_delivery_share"": 1.0, ""eligible_t"": 15.0, ""order_month"": ""2039-09"", ""ordered_t"": 15.0, ""planned_arrival_month"": ""2040-09"", ""rejected_t"": 0.0, ""shipment_id"": ""S0057"", ""source_id"": ""A"", ""source_name"": ""Earth-Core""}, {""actual_arrival_month"": ""2040-10"", ""actual_delivered_t"": 15.0, ""actual_delivery_share"": 1.0, ""eligible_t"": 15.0, ""order_month"": ""2039-10"", ""ordered_t"": 15.0, ""planned_arrival_month"": ""2040-10"", ""rejected_t"": 0.0, ""shipment_id"": ""S0058"", ""source_id"": ""A"", ""source_name"": ""Earth-Core""}, {""actual_arrival_month"": ""2040-11"", ""actual_delivered_t"": 15.0, ""actual_delivery_share"": 1.0, ""eligible_t"": 15.0, ""order_month"": ""2039-11"", ""ordered_t"": 15.0, ""planned_arrival_month"": ""2040-11"", ""rejected_t"": 0.0, ""shipment_id"": ""S0059"", ""source_id"": ""A"", ""source_name"": ""Earth-Core""}, {""actual_arrival_month"": ""2040-12"", ""actual_delivered_t"": 15.0, ""actual_delivery_share"": 1.0, ""eligible_t"": 15.0, ""order_month"": ""2039-12"", ""ordered_t"": 15.0, ""planned_arrival_month"": ""2040-12"", ""rejected_t"": 0.0, ""shipment_id"": ""S0060"", ""source_id"": ""A"", ""source_name"": ""Earth-Core""}, {""actual_arrival_month"": ""2040-03"", ""actual_delivered_t"": 9.166666666666664, ""actual_delivery_share"": 1.0, ""eligible_t"": 9.166666666666664, ""order_month"": ""2040-01"", ""ordered_t"": 9.166666666666666, ""planned_arrival_month"": ""2040-03"", ""rejected_t"": 1.7763568394002505e-15, ""shipment_id"": ""S0156"", ""source_id"": ""D"", ""source_name"": ""Lunar-ISRU""}, {""actual_arrival_month"": ""2040-04"", ""actual_delivered_t"": 9.166666666666664, ""actual_delivery_share"": 1.0, ""eligible_t"": 9.166666666666664, ""order_month"": ""2040-02"", ""ordered_t"": 9.166666666666666, ""planned_arrival_month"": ""2040-04"", ""rejected_t"": 1.7763568394002505e-15, ""shipment_id"": ""S0157"", ""source_id"": ""D"", ""source_name"": ""Lunar-ISRU""}]","{""A"": 15.0, ""C"": 8.3333333333, ""D"": 7.441666666666666}","{""A"": 15.0, ""C"": 8.3333333333, ""D"": 7.441666666666666}",30.774999999966667,30.774999999966667,0.3692999999996,30.405699999967066,0.0,23.958333333333332,6.447366666633734,0.0,6.969300000032927,0.0,ZBO,120.0,0.012,"[""ZBO"", ""EARTH_NEW"", ""LUNAR_ISRU""]",0.0,6.833333333333333,[]
2040-03,0.0,37.37499999999999,23.958333333333332,"{""A"": 0, ""B"": 0, ""C"": 100.0, ""D"": 110.0, ""E"": 0}","{""C"": 8.3333333333, ""D"": 9.166666666666666}","[{""actual_arrival_month"": ""2040-04"", ""actual_delivered_t"": 15.0, ""actual_delivery_share"": 1.0, ""eligible_t"": 15.0, ""order_month"": ""2039-04"", ""ordered_t"": 15.0, ""planned_arrival_month"": ""2040-04"", ""rejected_t"": 0.0, ""shipment_id"": ""S0052"", ""source_id"": ""A"", ""source_name"": ""Earth-Core""}, {""actual_arrival_month"": ""2040-05"", ""actual_delivered_t"": 15.0, ""actual_delivery_share"": 1.0, ""eligible_t"": 15.0, ""order_month"": ""2039-05"", ""ordered_t"": 15.0, ""planned_arrival_month"": ""2040-05"", ""rejected_t"": 0.0, ""shipment_id"": ""S0053"", ""source_id"": ""A"", ""source_name"": ""Earth-Core""}, {""actual_arrival_month"": ""2040-06"", ""actual_delivered_t"": 15.0, ""actual_delivery_share"": 1.0, ""eligible_t"": 15.0, ""order_month"": ""2039-06"", ""ordered_t"": 15.0, ""planned_arrival_month"": ""2040-06"", ""rejected_t"": 0.0, ""shipment_id"": ""S0054"", ""source_id"": ""A"", ""source_name"": ""Earth-Core""}, {""actual_arrival_month"": ""2040-07"", ""actual_delivered_t"": 15.0, ""actual_delivery_share"": 1.0, ""eligible_t"": 15.0, ""order_month"": ""2039-07"", ""ordered_t"": 15.0, ""planned_arrival_month"": ""2040-07"", ""rejected_t"": 0.0, ""shipment_id"": ""S0055"", ""source_id"": ""A"", ""source_name"": ""Earth-Core""}, {""actual_arrival_month"": ""2040-08"", ""actual_delivered_t"": 15.0, ""actual_delivery_share"": 1.0, ""eligible_t"": 15.0, ""order_month"": ""2039-08"", ""ordered_t"": 15.0, ""planned_arrival_month"": ""2040-08"", ""rejected_t"": 0.0, ""shipment_id"": ""S0056"", ""source_id"": ""A"", ""source_name"": ""Earth-Core""}, {""actual_arrival_month"": ""2040-09"", ""actual_delivered_t"": 15.0, ""actual_delivery_share"": 1.0, ""eligible_t"": 15.0, ""order_month"": ""2039-09"", ""ordered_t"": 15.0, ""planned_arrival_month"": ""2040-09"", ""rejected_t"": 0.0, ""shipment_id"": ""S0057"", ""source_id"": ""A"", ""source_name"": ""Earth-Core""}, {""actual_arrival_month"": ""2040-10"", ""actual_delivered_t"": 15.0, ""actual_delivery_share"": 1.0, ""eligible_t"": 15.0, ""order_month"": ""2039-10"", ""ordered_t"": 15.0, ""planned_arrival_month"": ""2040-10"", ""rejected_t"": 0.0, ""shipment_id"": ""S0058"", ""source_id"": ""A"", ""source_name"": ""Earth-Core""}, {""actual_arrival_month"": ""2040-11"", ""actual_delivered_t"": 15.0, ""actual_delivery_share"": 1.0, ""eligible_t"": 15.0, ""order_month"": ""2039-11"", ""ordered_t"": 15.0, ""planned_arrival_month"": ""2040-11"", ""rejected_t"": 0.0, ""shipment_id"": ""S0059"", ""source_id"": ""A"", ""source_name"": ""Earth-Core""}, {""actual_arrival_month"": ""2040-12"", ""actual_delivered_t"": 15.0, ""actual_delivery_share"": 1.0, ""eligible_t"": 15.0, ""order_month"": ""2039-12"", ""ordered_t"": 15.0, ""planned_arrival_month"": ""2040-12"", ""rejected_t"": 0.0, ""shipment_id"": ""S0060"", ""source_id"": ""A"", ""source_name"": ""Earth-Core""}, {""actual_arrival_month"": ""2040-04"", ""actual_delivered_t"": 9.166666666666664, ""actual_delivery_share"": 1.0, ""eligible_t"": 9.166666666666664, ""order_month"": ""2040-02"", ""ordered_t"": 9.166666666666666, ""planned_arrival_month"": ""2040-04"", ""rejected_t"": 1.7763568394002505e-15, ""shipment_id"": ""S0157"", ""source_id"": ""D"", ""source_name"": ""Lunar-ISRU""}, {""actual_arrival_month"": ""2040-05"", ""actual_delivered_t"": 9.166666666666664, ""actual_delivery_share"": 1.0, ""eligible_t"": 9.166666666666664, ""order_month"": ""2040-03"", ""ordered_t"": 9.166666666666666, ""planned_arrival_month"": ""2040-05"", ""rejected_t"": 1.7763568394002505e-15, ""shipment_id"": ""S0158"", ""source_id"": ""D"", ""source_name"": ""Lunar-ISRU""}]","{""A"": 15.0, ""C"": 8.3333333333, ""D"": 9.166666666666664}","{""A"": 15.0, ""C"": 8.3333333333, ""D"": 9.166666666666664}",32.49999999996666,32.49999999996666,0.38999999999959994,32.10999999996706,0.0,23.958333333333332,8.151666666633727,0.0,5.265000000032934,0.0,ZBO,120.0,0.012,"[""ZBO"", ""EARTH_NEW"", ""LUNAR_ISRU""]",0.0,6.833333333333333,[]
2040-04,0.0,37.37499999999999,23.958333333333332,"{""A"": 0, ""B"": 0, ""C"": 100.0, ""D"": 110.0, ""E"": 0}","{""C"": 8.3333333333, ""D"": 9.166666666666666}","[{""actual_arrival_month"": ""2040-05"", ""actual_delivered_t"": 15.0, ""actual_delivery_share"": 1.0, ""eligible_t"": 15.0, ""order_month"": ""2039-05"", ""ordered_t"": 15.0, ""planned_arrival_month"": ""2040-05"", ""rejected_t"": 0.0, ""shipment_id"": ""S0053"", ""source_id"": ""A"", ""source_name"": ""Earth-Core""}, {""actual_arrival_month"": ""2040-06"", ""actual_delivered_t"": 15.0, ""actual_delivery_share"": 1.0, ""eligible_t"": 15.0, ""order_month"": ""2039-06"", ""ordered_t"": 15.0, ""planned_arrival_month"": ""2040-06"", ""rejected_t"": 0.0, ""shipment_id"": ""S0054"", ""source_id"": ""A"", ""source_name"": ""Earth-Core""}, {""actual_arrival_month"": ""2040-07"", ""actual_delivered_t"": 15.0, ""actual_delivery_share"": 1.0, ""eligible_t"": 15.0, ""order_month"": ""2039-07"", ""ordered_t"": 15.0, ""planned_arrival_month"": ""2040-07"", ""rejected_t"": 0.0, ""shipment_id"": ""S0055"", ""source_id"": ""A"", ""source_name"": ""Earth-Core""}, {""actual_arrival_month"": ""2040-08"", ""actual_delivered_t"": 15.0, ""actual_delivery_share"": 1.0, ""eligible_t"": 15.0, ""order_month"": ""2039-08"", ""ordered_t"": 15.0, ""planned_arrival_month"": ""2040-08"", ""rejected_t"": 0.0, ""shipment_id"": ""S0056"", ""source_id"": ""A"", ""source_name"": ""Earth-Core""}, {""actual_arrival_month"": ""2040-09"", ""actual_delivered_t"": 15.0, ""actual_delivery_share"": 1.0, ""eligible_t"": 15.0, ""order_month"": ""2039-09"", ""ordered_t"": 15.0, ""planned_arrival_month"": ""2040-09"", ""rejected_t"": 0.0, ""shipment_id"": ""S0057"", ""source_id"": ""A"", ""source_name"": ""Earth-Core""}, {""actual_arrival_month"": ""2040-10"", ""actual_delivered_t"": 15.0, ""actual_delivery_share"": 1.0, ""eligible_t"": 15.0, ""order_month"": ""2039-10"", ""ordered_t"": 15.0, ""planned_arrival_month"": ""2040-10"", ""rejected_t"": 0.0, ""shipment_id"": ""S0058"", ""source_id"": ""A"", ""source_name"": ""Earth-Core""}, {""actual_arrival_month"": ""2040-11"", ""actual_delivered_t"": 15.0, ""actual_delivery_share"": 1.0, ""eligible_t"": 15.0, ""order_month"": ""2039-11"", ""ordered_t"": 15.0, ""planned_arrival_month"": ""2040-11"", ""rejected_t"": 0.0, ""shipment_id"": ""S0059"", ""source_id"": ""A"", ""source_name"": ""Earth-Core""}, {""actual_arrival_month"": ""2040-12"", ""actual_delivered_t"": 15.0, ""actual_delivery_share"": 1.0, ""eligible_t"": 15.0, ""order_month"": ""2039-12"", ""ordered_t"": 15.0, ""planned_arrival_month"": ""2040-12"", ""rejected_t"": 0.0, ""shipment_id"": ""S0060"", ""source_id"": ""A"", ""source_name"": ""Earth-Core""}, {""actual_arrival_month"": ""2040-05"", ""actual_delivered_t"": 9.166666666666664, ""actual_delivery_share"": 1.0, ""eligible_t"": 9.166666666666664, ""order_month"": ""2040-03"", ""ordered_t"": 9.166666666666666, ""planned_arrival_month"": ""2040-05"", ""rejected_t"": 1.7763568394002505e-15, ""shipment_id"": ""S0158"", ""source_id"": ""D"", ""source_name"": ""Lunar-ISRU""}, {""actual_arrival_month"": ""2040-06"", ""actual_delivered_t"": 9.166666666666664, ""actual_delivery_share"": 1.0, ""eligible_t"": 9.166666666666664, ""order_month"": ""2040-04"", ""ordered_t"": 9.166666666666666, ""planned_arrival_month"": ""2040-06"", ""rejected_t"": 1.7763568394002505e-15, ""shipment_id"": ""S0159"", ""source_id"": ""D"", ""source_name"": ""Lunar-ISRU""}]","{""A"": 15.0, ""C"": 8.3333333333, ""D"": 9.166666666666664}","{""A"": 15.0, ""C"": 8.3333333333, ""D"": 9.166666666666664}",32.49999999996666,32.49999999996666,0.38999999999959994,32.10999999996706,0.0,23.958333333333332,8.151666666633727,0.0,5.265000000032934,0.0,ZBO,120.0,0.012,"[""ZBO"", ""EARTH_NEW"", ""LUNAR_ISRU""]",0.0,6.833333333333333,[]
2040-05,0.0,37.37499999999999,23.958333333333332,"{""A"": 0, ""B"": 0, ""C"": 100.0, ""D"": 110.0, ""E"": 0}","{""C"": 8.3333333333, ""D"": 9.166666666666666}","[{""actual_arrival_month"": ""2040-06"", ""actual_delivered_t"": 15.0, ""actual_delivery_share"": 1.0, ""eligible_t"": 15.0, ""order_month"": ""2039-06"", ""ordered_t"": 15.0, ""planned_arrival_month"": ""2040-06"", ""rejected_t"": 0.0, ""shipment_id"": ""S0054"", ""source_id"": ""A"", ""source_name"": ""Earth-Core""}, {""actual_arrival_month"": ""2040-07"", ""actual_delivered_t"": 15.0, ""actual_delivery_share"": 1.0, ""eligible_t"": 15.0, ""order_month"": ""2039-07"", ""ordered_t"": 15.0, ""planned_arrival_month"": ""2040-07"", ""rejected_t"": 0.0, ""shipment_id"": ""S0055"", ""source_id"": ""A"", ""source_name"": ""Earth-Core""}, {""actual_arrival_month"": ""2040-08"", ""actual_delivered_t"": 15.0, ""actual_delivery_share"": 1.0, ""eligible_t"": 15.0, ""order_month"": ""2039-08"", ""ordered_t"": 15.0, ""planned_arrival_month"": ""2040-08"", ""rejected_t"": 0.0, ""shipment_id"": ""S0056"", ""source_id"": ""A"", ""source_name"": ""Earth-Core""}, {""actual_arrival_month"": ""2040-09"", ""actual_delivered_t"": 15.0, ""actual_delivery_share"": 1.0, ""eligible_t"": 15.0, ""order_month"": ""2039-09"", ""ordered_t"": 15.0, ""planned_arrival_month"": ""2040-09"", ""rejected_t"": 0.0, ""shipment_id"": ""S0057"", ""source_id"": ""A"", ""source_name"": ""Earth-Core""}, {""actual_arrival_month"": ""2040-10"", ""actual_delivered_t"": 15.0, ""actual_delivery_share"": 1.0, ""eligible_t"": 15.0, ""order_month"": ""2039-10"", ""ordered_t"": 15.0, ""planned_arrival_month"": ""2040-10"", ""rejected_t"": 0.0, ""shipment_id"": ""S0058"", ""source_id"": ""A"", ""source_name"": ""Earth-Core""}, {""actual_arrival_month"": ""2040-11"", ""actual_delivered_t"": 15.0, ""actual_delivery_share"": 1.0, ""eligible_t"": 15.0, ""order_month"": ""2039-11"", ""ordered_t"": 15.0, ""planned_arrival_month"": ""2040-11"", ""rejected_t"": 0.0, ""shipment_id"": ""S0059"", ""source_id"": ""A"", ""source_name"": ""Earth-Core""}, {""actual_arrival_month"": ""2040-12"", ""actual_delivered_t"": 15.0, ""actual_delivery_share"": 1.0, ""eligible_t"": 15.0, ""order_month"": ""2039-12"", ""ordered_t"": 15.0, ""planned_arrival_month"": ""2040-12"", ""rejected_t"": 0.0, ""shipment_id"": ""S0060"", ""source_id"": ""A"", ""source_name"": ""Earth-Core""}, {""actual_arrival_month"": ""2040-06"", ""actual_delivered_t"": 9.166666666666664, ""actual_delivery_share"": 1.0, ""eligible_t"": 9.166666666666664, ""order_month"": ""2040-04"", ""ordered_t"": 9.166666666666666, ""planned_arrival_month"": ""2040-06"", ""rejected_t"": 1.7763568394002505e-15, ""shipment_id"": ""S0159"", ""source_id"": ""D"", ""source_name"": ""Lunar-ISRU""}, {""actual_arrival_month"": ""2040-07"", ""actual_delivered_t"": 9.166666666666664, ""actual_delivery_share"": 1.0, ""eligible_t"": 9.166666666666664, ""order_month"": ""2040-05"", ""ordered_t"": 9.166666666666666, ""planned_arrival_month"": ""2040-07"", ""rejected_t"": 1.7763568394002505e-15, ""shipment_id"": ""S0160"", ""source_id"": ""D"", ""source_name"": ""Lunar-ISRU""}]","{""A"": 15.0, ""C"": 8.3333333333, ""D"": 9.166666666666664}","{""A"": 15.0, ""C"": 8.3333333333, ""D"": 9.166666666666664}",32.49999999996666,32.49999999996666,0.38999999999959994,32.10999999996706,0.0,23.958333333333332,8.151666666633727,0.0,5.265000000032934,0.0,ZBO,120.0,0.012,"[""ZBO"", ""EARTH_NEW"", ""LUNAR_ISRU""]",0.0,6.833333333333333,[]
2040-06,0.0,37.37499999999999,23.958333333333332,"{""A"": 0, ""B"": 0, ""C"": 100.0, ""D"": 110.0, ""E"": 0}","{""C"": 8.3333333333, ""D"": 9.166666666666666}","[{""actual_arrival_month"": ""2040-07"", ""actual_delivered_t"": 15.0, ""actual_delivery_share"": 1.0, ""eligible_t"": 15.0, ""order_month"": ""2039-07"", ""ordered_t"": 15.0, ""planned_arrival_month"": ""2040-07"", ""rejected_t"": 0.0, ""shipment_id"": ""S0055"", ""source_id"": ""A"", ""source_name"": ""Earth-Core""}, {""actual_arrival_month"": ""2040-08"", ""actual_delivered_t"": 15.0, ""actual_delivery_share"": 1.0, ""eligible_t"": 15.0, ""order_month"": ""2039-08"", ""ordered_t"": 15.0, ""planned_arrival_month"": ""2040-08"", ""rejected_t"": 0.0, ""shipment_id"": ""S0056"", ""source_id"": ""A"", ""source_name"": ""Earth-Core""}, {""actual_arrival_month"": ""2040-09"", ""actual_delivered_t"": 15.0, ""actual_delivery_share"": 1.0, ""eligible_t"": 15.0, ""order_month"": ""2039-09"", ""ordered_t"": 15.0, ""planned_arrival_month"": ""2040-09"", ""rejected_t"": 0.0, ""shipment_id"": ""S0057"", ""source_id"": ""A"", ""source_name"": ""Earth-Core""}, {""actual_arrival_month"": ""2040-10"", ""actual_delivered_t"": 15.0, ""actual_delivery_share"": 1.0, ""eligible_t"": 15.0, ""order_month"": ""2039-10"", ""ordered_t"": 15.0, ""planned_arrival_month"": ""2040-10"", ""rejected_t"": 0.0, ""shipment_id"": ""S0058"", ""source_id"": ""A"", ""source_name"": ""Earth-Core""}, {""actual_arrival_month"": ""2040-11"", ""actual_delivered_t"": 15.0, ""actual_delivery_share"": 1.0, ""eligible_t"": 15.0, ""order_month"": ""2039-11"", ""ordered_t"": 15.0, ""planned_arrival_month"": ""2040-11"", ""rejected_t"": 0.0, ""shipment_id"": ""S0059"", ""source_id"": ""A"", ""source_name"": ""Earth-Core""}, {""actual_arrival_month"": ""2040-12"", ""actual_delivered_t"": 15.0, ""actual_delivery_share"": 1.0, ""eligible_t"": 15.0, ""order_month"": ""2039-12"", ""ordered_t"": 15.0, ""planned_arrival_month"": ""2040-12"", ""rejected_t"": 0.0, ""shipment_id"": ""S0060"", ""source_id"": ""A"", ""source_name"": ""Earth-Core""}, {""actual_arrival_month"": ""2040-07"", ""actual_delivered_t"": 9.166666666666664, ""actual_delivery_share"": 1.0, ""eligible_t"": 9.166666666666664, ""order_month"": ""2040-05"", ""ordered_t"": 9.166666666666666, ""planned_arrival_month"": ""2040-07"", ""rejected_t"": 1.7763568394002505e-15, ""shipment_id"": ""S0160"", ""source_id"": ""D"", ""source_name"": ""Lunar-ISRU""}, {""actual_arrival_month"": ""2040-08"", ""actual_delivered_t"": 9.166666666666664, ""actual_delivery_share"": 1.0, ""eligible_t"": 9.166666666666664, ""order_month"": ""2040-06"", ""ordered_t"": 9.166666666666666, ""planned_arrival_month"": ""2040-08"", ""rejected_t"": 1.7763568394002505e-15, ""shipment_id"": ""S0161"", ""source_id"": ""D"", ""source_name"": ""Lunar-ISRU""}]","{""A"": 15.0, ""C"": 8.3333333333, ""D"": 9.166666666666664}","{""A"": 15.0, ""C"": 8.3333333333, ""D"": 9.166666666666664}",32.49999999996666,32.49999999996666,0.38999999999959994,32.10999999996706,0.0,23.958333333333332,8.151666666633727,0.0,5.265000000032934,0.0,ZBO,120.0,0.012,"[""ZBO"", ""EARTH_NEW"", ""LUNAR_ISRU""]",0.0,6.833333333333333,[]
2040-07,0.0,37.37499999999999,23.958333333333332,"{""A"": 0, ""B"": 0, ""C"": 100.0, ""D"": 110.0, ""E"": 0}","{""C"": 8.3333333333, ""D"": 9.166666666666666}","[{""actual_arrival_month"": ""2040-08"", ""actual_delivered_t"": 15.0, ""actual_delivery_share"": 1.0, ""eligible_t"": 15.0, ""order_month"": ""2039-08"", ""ordered_t"": 15.0, ""planned_arrival_month"": ""2040-08"", ""rejected_t"": 0.0, ""shipment_id"": ""S0056"", ""source_id"": ""A"", ""source_name"": ""Earth-Core""}, {""actual_arrival_month"": ""2040-09"", ""actual_delivered_t"": 15.0, ""actual_delivery_share"": 1.0, ""eligible_t"": 15.0, ""order_month"": ""2039-09"", ""ordered_t"": 15.0, ""planned_arrival_month"": ""2040-09"", ""rejected_t"": 0.0, ""shipment_id"": ""S0057"", ""source_id"": ""A"", ""source_name"": ""Earth-Core""}, {""actual_arrival_month"": ""2040-10"", ""actual_delivered_t"": 15.0, ""actual_delivery_share"": 1.0, ""eligible_t"": 15.0, ""order_month"": ""2039-10"", ""ordered_t"": 15.0, ""planned_arrival_month"": ""2040-10"", ""rejected_t"": 0.0, ""shipment_id"": ""S0058"", ""source_id"": ""A"", ""source_name"": ""Earth-Core""}, {""actual_arrival_month"": ""2040-11"", ""actual_delivered_t"": 15.0, ""actual_delivery_share"": 1.0, ""eligible_t"": 15.0, ""order_month"": ""2039-11"", ""ordered_t"": 15.0, ""planned_arrival_month"": ""2040-11"", ""rejected_t"": 0.0, ""shipment_id"": ""S0059"", ""source_id"": ""A"", ""source_name"": ""Earth-Core""}, {""actual_arrival_month"": ""2040-12"", ""actual_delivered_t"": 15.0, ""actual_delivery_share"": 1.0, ""eligible_t"": 15.0, ""order_month"": ""2039-12"", ""ordered_t"": 15.0, ""planned_arrival_month"": ""2040-12"", ""rejected_t"": 0.0, ""shipment_id"": ""S0060"", ""source_id"": ""A"", ""source_name"": ""Earth-Core""}, {""actual_arrival_month"": ""2040-08"", ""actual_delivered_t"": 9.166666666666664, ""actual_delivery_share"": 1.0, ""eligible_t"": 9.166666666666664, ""order_month"": ""2040-06"", ""ordered_t"": 9.166666666666666, ""planned_arrival_month"": ""2040-08"", ""rejected_t"": 1.7763568394002505e-15, ""shipment_id"": ""S0161"", ""source_id"": ""D"", ""source_name"": ""Lunar-ISRU""}, {""actual_arrival_month"": ""2040-09"", ""actual_delivered_t"": 9.166666666666664, ""actual_delivery_share"": 1.0, ""eligible_t"": 9.166666666666664, ""order_month"": ""2040-07"", ""ordered_t"": 9.166666666666666, ""planned_arrival_month"": ""2040-09"", ""rejected_t"": 1.7763568394002505e-15, ""shipment_id"": ""S0162"", ""source_id"": ""D"", ""source_name"": ""Lunar-ISRU""}]","{""A"": 15.0, ""C"": 8.3333333333, ""D"": 9.166666666666664}","{""A"": 15.0, ""C"": 8.3333333333, ""D"": 9.166666666666664}",32.49999999996666,32.49999999996666,0.38999999999959994,32.10999999996706,0.0,23.958333333333332,8.151666666633727,0.0,5.265000000032934,0.0,ZBO,120.0,0.012,"[""ZBO"", ""EARTH_NEW"", ""LUNAR_ISRU""]",0.0,6.833333333333333,[]
2040-08,0.0,37.37499999999999,23.958333333333332,"{""A"": 0, ""B"": 0, ""C"": 100.0, ""D"": 110.0, ""E"": 0}","{""C"": 8.3333333333, ""D"": 9.166666666666666}","[{""actual_arrival_month"": ""2040-09"", ""actual_delivered_t"": 15.0, ""actual_delivery_share"": 1.0, ""eligible_t"": 15.0, ""order_month"": ""2039-09"", ""ordered_t"": 15.0, ""planned_arrival_month"": ""2040-09"", ""rejected_t"": 0.0, ""shipment_id"": ""S0057"", ""source_id"": ""A"", ""source_name"": ""Earth-Core""}, {""actual_arrival_month"": ""2040-10"", ""actual_delivered_t"": 15.0, ""actual_delivery_share"": 1.0, ""eligible_t"": 15.0, ""order_month"": ""2039-10"", ""ordered_t"": 15.0, ""planned_arrival_month"": ""2040-10"", ""rejected_t"": 0.0, ""shipment_id"": ""S0058"", ""source_id"": ""A"", ""source_name"": ""Earth-Core""}, {""actual_arrival_month"": ""2040-11"", ""actual_delivered_t"": 15.0, ""actual_delivery_share"": 1.0, ""eligible_t"": 15.0, ""order_month"": ""2039-11"", ""ordered_t"": 15.0, ""planned_arrival_month"": ""2040-11"", ""rejected_t"": 0.0, ""shipment_id"": ""S0059"", ""source_id"": ""A"", ""source_name"": ""Earth-Core""}, {""actual_arrival_month"": ""2040-12"", ""actual_delivered_t"": 15.0, ""actual_delivery_share"": 1.0, ""eligible_t"": 15.0, ""order_month"": ""2039-12"", ""ordered_t"": 15.0, ""planned_arrival_month"": ""2040-12"", ""rejected_t"": 0.0, ""shipment_id"": ""S0060"", ""source_id"": ""A"", ""source_name"": ""Earth-Core""}, {""actual_arrival_month"": ""2040-09"", ""actual_delivered_t"": 9.166666666666664, ""actual_delivery_share"": 1.0, ""eligible_t"": 9.166666666666664, ""order_month"": ""2040-07"", ""ordered_t"": 9.166666666666666, ""planned_arrival_month"": ""2040-09"", ""rejected_t"": 1.7763568394002505e-15, ""shipment_id"": ""S0162"", ""source_id"": ""D"", ""source_name"": ""Lunar-ISRU""}, {""actual_arrival_month"": ""2040-10"", ""actual_delivered_t"": 9.166666666666664, ""actual_delivery_share"": 1.0, ""eligible_t"": 9.166666666666664, ""order_month"": ""2040-08"", ""ordered_t"": 9.166666666666666, ""planned_arrival_month"": ""2040-10"", ""rejected_t"": 1.7763568394002505e-15, ""shipment_id"": ""S0163"", ""source_id"": ""D"", ""source_name"": ""Lunar-ISRU""}]","{""A"": 15.0, ""C"": 8.3333333333, ""D"": 9.166666666666664}","{""A"": 15.0, ""C"": 8.3333333333, ""D"": 9.166666666666664}",32.49999999996666,32.49999999996666,0.38999999999959994,32.10999999996706,0.0,23.958333333333332,8.151666666633727,0.0,5.265000000032934,0.0,ZBO,120.0,0.012,"[""ZBO"", ""EARTH_NEW"", ""LUNAR_ISRU""]",0.0,6.833333333333333,[]
2040-09,0.0,37.37499999999999,23.958333333333332,"{""A"": 0, ""B"": 0, ""C"": 100.0, ""D"": 110.0, ""E"": 0}","{""C"": 8.3333333333, ""D"": 9.166666666666666}","[{""actual_arrival_month"": ""2040-10"", ""actual_delivered_t"": 15.0, ""actual_delivery_share"": 1.0, ""eligible_t"": 15.0, ""order_month"": ""2039-10"", ""ordered_t"": 15.0, ""planned_arrival_month"": ""2040-10"", ""rejected_t"": 0.0, ""shipment_id"": ""S0058"", ""source_id"": ""A"", ""source_name"": ""Earth-Core""}, {""actual_arrival_month"": ""2040-11"", ""actual_delivered_t"": 15.0, ""actual_delivery_share"": 1.0, ""eligible_t"": 15.0, ""order_month"": ""2039-11"", ""ordered_t"": 15.0, ""planned_arrival_month"": ""2040-11"", ""rejected_t"": 0.0, ""shipment_id"": ""S0059"", ""source_id"": ""A"", ""source_name"": ""Earth-Core""}, {""actual_arrival_month"": ""2040-12"", ""actual_delivered_t"": 15.0, ""actual_delivery_share"": 1.0, ""eligible_t"": 15.0, ""order_month"": ""2039-12"", ""ordered_t"": 15.0, ""planned_arrival_month"": ""2040-12"", ""rejected_t"": 0.0, ""shipment_id"": ""S0060"", ""source_id"": ""A"", ""source_name"": ""Earth-Core""}, {""actual_arrival_month"": ""2040-10"", ""actual_delivered_t"": 9.166666666666664, ""actual_delivery_share"": 1.0, ""eligible_t"": 9.166666666666664, ""order_month"": ""2040-08"", ""ordered_t"": 9.166666666666666, ""planned_arrival_month"": ""2040-10"", ""rejected_t"": 1.7763568394002505e-15, ""shipment_id"": ""S0163"", ""source_id"": ""D"", ""source_name"": ""Lunar-ISRU""}, {""actual_arrival_month"": ""2040-11"", ""actual_delivered_t"": 9.166666666666664, ""actual_delivery_share"": 1.0, ""eligible_t"": 9.166666666666664, ""order_month"": ""2040-09"", ""ordered_t"": 9.166666666666666, ""planned_arrival_month"": ""2040-11"", ""rejected_t"": 1.7763568394002505e-15, ""shipment_id"": ""S0164"", ""source_id"": ""D"", ""source_name"": ""Lunar-ISRU""}]","{""A"": 15.0, ""C"": 8.3333333333, ""D"": 9.166666666666664}","{""A"": 15.0, ""C"": 8.3333333333, ""D"": 9.166666666666664}",32.49999999996666,32.49999999996666,0.38999999999959994,32.10999999996706,0.0,23.958333333333332,8.151666666633727,0.0,5.265000000032934,0.0,ZBO,120.0,0.012,"[""ZBO"", ""EARTH_NEW"", ""LUNAR_ISRU""]",0.0,6.833333333333333,[]
2040-10,0.0,37.37499999999999,23.958333333333332,"{""A"": 0, ""B"": 0, ""C"": 100.0, ""D"": 110.0, ""E"": 0}","{""C"": 8.3333333333, ""D"": 9.166666666666666}","[{""actual_arrival_month"": ""2040-11"", ""actual_delivered_t"": 15.0, ""actual_delivery_share"": 1.0, ""eligible_t"": 15.0, ""order_month"": ""2039-11"", ""ordered_t"": 15.0, ""planned_arrival_month"": ""2040-11"", ""rejected_t"": 0.0, ""shipment_id"": ""S0059"", ""source_id"": ""A"", ""source_name"": ""Earth-Core""}, {""actual_arrival_month"": ""2040-12"", ""actual_delivered_t"": 15.0, ""actual_delivery_share"": 1.0, ""eligible_t"": 15.0, ""order_month"": ""2039-12"", ""ordered_t"": 15.0, ""planned_arrival_month"": ""2040-12"", ""rejected_t"": 0.0, ""shipment_id"": ""S0060"", ""source_id"": ""A"", ""source_name"": ""Earth-Core""}, {""actual_arrival_month"": ""2040-11"", ""actual_delivered_t"": 9.166666666666664, ""actual_delivery_share"": 1.0, ""eligible_t"": 9.166666666666664, ""order_month"": ""2040-09"", ""ordered_t"": 9.166666666666666, ""planned_arrival_month"": ""2040-11"", ""rejected_t"": 1.7763568394002505e-15, ""shipment_id"": ""S0164"", ""source_id"": ""D"", ""source_name"": ""Lunar-ISRU""}, {""actual_arrival_month"": ""2040-12"", ""actual_delivered_t"": 9.166666666666664, ""actual_delivery_share"": 1.0, ""eligible_t"": 9.166666666666664, ""order_month"": ""2040-10"", ""ordered_t"": 9.166666666666666, ""planned_arrival_month"": ""2040-12"", ""rejected_t"": 1.7763568394002505e-15, ""shipment_id"": ""S0165"", ""source_id"": ""D"", ""source_name"": ""Lunar-ISRU""}]","{""A"": 15.0, ""C"": 8.3333333333, ""D"": 9.166666666666664}","{""A"": 15.0, ""C"": 8.3333333333, ""D"": 9.166666666666664}",32.49999999996666,32.49999999996666,0.38999999999959994,32.10999999996706,0.0,23.958333333333332,8.151666666633727,0.0,5.265000000032934,0.0,ZBO,120.0,0.012,"[""ZBO"", ""EARTH_NEW"", ""LUNAR_ISRU""]",0.0,6.833333333333333,[]
2040-11,0.0,37.37499999999999,23.958333333333332,"{""A"": 0, ""B"": 0, ""C"": 100.0, ""D"": 110.0, ""E"": 0}","{""C"": 8.3333333333, ""D"": 9.166666666666666}","[{""actual_arrival_month"": ""2040-12"", ""actual_delivered_t"": 15.0, ""actual_delivery_share"": 1.0, ""eligible_t"": 15.0, ""order_month"": ""2039-12"", ""ordered_t"": 15.0, ""planned_arrival_month"": ""2040-12"", ""rejected_t"": 0.0, ""shipment_id"": ""S0060"", ""source_id"": ""A"", ""source_name"": ""Earth-Core""}, {""actual_arrival_month"": ""2040-12"", ""actual_delivered_t"": 9.166666666666664, ""actual_delivery_share"": 1.0, ""eligible_t"": 9.166666666666664, ""order_month"": ""2040-10"", ""ordered_t"": 9.166666666666666, ""planned_arrival_month"": ""2040-12"", ""rejected_t"": 1.7763568394002505e-15, ""shipment_id"": ""S0165"", ""source_id"": ""D"", ""source_name"": ""Lunar-ISRU""}, {""actual_arrival_month"": ""2041-01"", ""actual_delivered_t"": 9.166666666666664, ""actual_delivery_share"": 1.0, ""eligible_t"": 9.166666666666664, ""order_month"": ""2040-11"", ""ordered_t"": 9.166666666666666, ""planned_arrival_month"": ""2041-01"", ""rejected_t"": 1.7763568394002505e-15, ""shipment_id"": ""S0166"", ""source_id"": ""D"", ""source_name"": ""Lunar-ISRU""}]","{""A"": 15.0, ""C"": 8.3333333333, ""D"": 9.166666666666664}","{""A"": 15.0, ""C"": 8.3333333333, ""D"": 9.166666666666664}",32.49999999996666,32.49999999996666,0.38999999999959994,32.10999999996706,0.0,23.958333333333332,8.151666666633727,0.0,5.265000000032934,0.0,ZBO,120.0,0.012,"[""ZBO"", ""EARTH_NEW"", ""LUNAR_ISRU""]",0.0,6.833333333333333,[]
2040-12,0.0,37.37499999999999,23.958333333333332,"{""A"": 0, ""B"": 0, ""C"": 100.0, ""D"": 110.0, ""E"": 0}","{""C"": 8.3333333333, ""D"": 9.166666666666666}","[{""actual_arrival_month"": ""2041-01"", ""actual_delivered_t"": 9.166666666666664, ""actual_delivery_share"": 1.0, ""eligible_t"": 9.166666666666664, ""order_month"": ""2040-11"", ""ordered_t"": 9.166666666666666, ""planned_arrival_month"": ""2041-01"", ""rejected_t"": 1.7763568394002505e-15, ""shipment_id"": ""S0166"", ""source_id"": ""D"", ""source_name"": ""Lunar-ISRU""}, {""actual_arrival_month"": ""2041-02"", ""actual_delivered_t"": 9.166666666666664, ""actual_delivery_share"": 1.0, ""eligible_t"": 9.166666666666664, ""order_month"": ""2040-12"", ""ordered_t"": 9.166666666666666, ""planned_arrival_month"": ""2041-02"", ""rejected_t"": 1.7763568394002505e-15, ""shipment_id"": ""S0167"", ""source_id"": ""D"", ""source_name"": ""Lunar-ISRU""}]","{""A"": 15.0, ""C"": 8.3333333333, ""D"": 9.166666666666664}","{""A"": 15.0, ""C"": 8.3333333333, ""D"": 9.166666666666664}",32.49999999996666,32.49999999996666,0.38999999999959994,32.10999999996706,0.0,23.958333333333332,8.151666666633727,0.0,5.265000000032934,0.0,ZBO,120.0,0.012,"[""ZBO"", ""EARTH_NEW"", ""LUNAR_ISRU""]",0.0,6.833333333333333,[]
