value,run_id,valid,total_demand_t,critical_demand_t,total_cost_mln,discounted_cost_mln,total_service_level,critical_service_level,total_shortage_t,critical_shortage_t,minimum_inventory_t,final_inventory_t,hard_violation_count,violations
1.0,run-f89f5dac925fd0cd,True,1390.0,950.0,10609.051509873529,9678.56148367706,1.0,1.0,0.0,0.0,9.915525114155358,9.915525114155358,0,[]
1.01,run-e8ff6a4cf92d1048,False,1403.9,950.0,10586.527044120103,9659.772613751717,0.9971618527773739,1.0,3.984474885844566,0.0,0.0,0.0,1,"[{""actual"": 36.710831852416085, ""code"": ""RESERVE_45D"", ""constraint_id"": ""RESERVE_45D"", ""excess_or_gap"": 8.289168147583915, ""human_message"": ""Reserve equivalence is 36.711 days; required 45.000 days."", ""limit"": 45.0, ""operator"": "">="", ""period"": ""2040-01"", ""reason"": ""physical stock or demonstrably equivalent contracted emergency reserve"", ""scenario"": ""BASE"", ""severity"": ""hard"", ""source_id"": null, ""unit"": ""days""}]"
1.02,run-7ec130b8910b4f87,False,1417.8,950.0,10564.866681106403,9641.660790933467,0.9873857561815174,1.0,17.884474885844654,0.0,0.0,0.0,3,"[{""actual"": 40.276950571895476, ""code"": ""RESERVE_45D"", ""constraint_id"": ""RESERVE_45D"", ""excess_or_gap"": 4.723049428104524, ""human_message"": ""Reserve equivalence is 40.277 days; required 45.000 days."", ""limit"": 45.0, ""operator"": "">="", ""period"": ""2039-01"", ""reason"": ""physical stock or demonstrably equivalent contracted emergency reserve"", ""scenario"": ""BASE"", ""severity"": ""hard"", ""source_id"": null, ""unit"": ""days""}, {""actual"": 0.9550415412623313, ""code"": ""BASE_TOTAL_SERVICE"", ""constraint_id"": ""BASE_TOTAL_SERVICE"", ""excess_or_gap"": 0.014958458737668656, ""human_message"": ""Total service is 95.50%; shortage is 17.884 t."", ""limit"": 0.97, ""operator"": "">="", ""period"": ""2040"", ""reason"": ""total demand service minimum"", ""scenario"": ""BASE"", ""severity"": ""hard"", ""source_id"": null, ""unit"": ""share""}, {""actual"": 27.175456678397904, ""code"": ""RESERVE_45D"", ""constraint_id"": ""RESERVE_45D"", ""excess_or_gap"": 17.824543321602096, ""human_message"": ""Reserve equivalence is 27.175 days; required 45.000 days."", ""limit"": 45.0, ""operator"": "">="", ""period"": ""2040-01"", ""reason"": ""physical stock or demonstrably equivalent contracted emergency reserve"", ""scenario"": ""BASE"", ""severity"": ""hard"", ""source_id"": null, ""unit"": ""days""}]"
1.03,run-4837735f5c5953e3,False,1431.7,950.0,10544.781858092705,9624.783444931536,0.9777994867040269,1.0,31.784474885844645,0.0,0.0,0.0,3,"[{""actual"": 32.355572411003386, ""code"": ""RESERVE_45D"", ""constraint_id"": ""RESERVE_45D"", ""excess_or_gap"": 12.644427588996614, ""human_message"": ""Reserve equivalence is 32.356 days; required 45.000 days."", ""limit"": 45.0, ""operator"": "">="", ""period"": ""2039-01"", ""reason"": ""physical stock or demonstrably equivalent contracted emergency reserve"", ""scenario"": ""BASE"", ""severity"": ""hard"", ""source_id"": null, ""unit"": ""days""}, {""actual"": 0.9208750936374294, ""code"": ""BASE_TOTAL_SERVICE"", ""constraint_id"": ""BASE_TOTAL_SERVICE"", ""excess_or_gap"": 0.04912490636257061, ""human_message"": ""Total service is 92.09%; shortage is 31.784 t."", ""limit"": 0.97, ""operator"": "">="", ""period"": ""2040"", ""reason"": ""total demand service minimum"", ""scenario"": ""BASE"", ""severity"": ""hard"", ""source_id"": null, ""unit"": ""share""}, {""actual"": 17.82523442038016, ""code"": ""RESERVE_45D"", ""constraint_id"": ""RESERVE_45D"", ""excess_or_gap"": 27.17476557961984, ""human_message"": ""Reserve equivalence is 17.825 days; required 45.000 days."", ""limit"": 45.0, ""operator"": "">="", ""period"": ""2040-01"", ""reason"": ""physical stock or demonstrably equivalent contracted emergency reserve"", ""scenario"": ""BASE"", ""severity"": ""hard"", ""source_id"": null, ""unit"": ""days""}]"
1.04,run-13cc009a678c4770,False,1445.6,950.0,10527.04288055846,9609.744130245246,0.9683975685626421,1.0,45.68447488584464,0.0,0.0,0.0,3,"[{""actual"": 24.586528445513018, ""code"": ""RESERVE_45D"", ""constraint_id"": ""RESERVE_45D"", ""excess_or_gap"": 20.413471554486982, ""human_message"": ""Reserve equivalence is 24.587 days; required 45.000 days."", ""limit"": 45.0, ""operator"": "">="", ""period"": ""2039-01"", ""reason"": ""physical stock or demonstrably equivalent contracted emergency reserve"", ""scenario"": ""BASE"", ""severity"": ""hard"", ""source_id"": null, ""unit"": ""days""}, {""actual"": 0.8873656930822372, ""code"": ""BASE_TOTAL_SERVICE"", ""constraint_id"": ""BASE_TOTAL_SERVICE"", ""excess_or_gap"": 0.08263430691776275, ""human_message"": ""Total service is 88.74%; shortage is 45.684 t."", ""limit"": 0.97, ""operator"": "">="", ""period"": ""2040"", ""reason"": ""total demand service minimum"", ""scenario"": ""BASE"", ""severity"": ""hard"", ""source_id"": null, ""unit"": ""share""}, {""actual"": 8.654824128862735, ""code"": ""RESERVE_45D"", ""constraint_id"": ""RESERVE_45D"", ""excess_or_gap"": 36.345175871137265, ""human_message"": ""Reserve equivalence is 8.655 days; required 45.000 days."", ""limit"": 45.0, ""operator"": "">="", ""period"": ""2040-01"", ""reason"": ""physical stock or demonstrably equivalent contracted emergency reserve"", ""scenario"": ""BASE"", ""severity"": ""hard"", ""source_id"": null, ""unit"": ""days""}]"
1.05,run-5f8b0299e45ebd3b,False,1459.5,950.0,10512.390726037911,9597.123871680069,0.9591747345763312,1.0,59.58447488584473,0.0,0.0,0.0,4,"[{""actual"": 39.09674920634928, ""code"": ""RESERVE_45D"", ""constraint_id"": ""RESERVE_45D"", ""excess_or_gap"": 5.90325079365072, ""human_message"": ""Reserve equivalence is 39.097 days; required 45.000 days."", ""limit"": 45.0, ""operator"": "">="", ""period"": ""2038-01"", ""reason"": ""physical stock or demonstrably equivalent contracted emergency reserve"", ""scenario"": ""BASE"", ""severity"": ""hard"", ""source_id"": null, ""unit"": ""days""}, {""actual"": 16.965466269841293, ""code"": ""RESERVE_45D"", ""constraint_id"": ""RESERVE_45D"", ""excess_or_gap"": 28.034533730158707, ""human_message"": ""Reserve equivalence is 16.965 days; required 45.000 days."", ""limit"": 45.0, ""operator"": "">="", ""period"": ""2039-01"", ""reason"": ""physical stock or demonstrably equivalent contracted emergency reserve"", ""scenario"": ""BASE"", ""severity"": ""hard"", ""source_id"": null, ""unit"": ""days""}, {""actual"": 0.8554285714285714, ""code"": ""BASE_TOTAL_SERVICE"", ""constraint_id"": ""BASE_TOTAL_SERVICE"", ""excess_or_gap"": 0.11457142857142855, ""human_message"": ""Total service is 85.54%; shortage is 59.202 t."", ""limit"": 0.97, ""operator"": "">="", ""period"": ""2040"", ""reason"": ""total demand service minimum"", ""scenario"": ""BASE"", ""severity"": ""hard"", ""source_id"": null, ""unit"": ""share""}, {""actual"": 0.0, ""code"": ""RESERVE_45D"", ""constraint_id"": ""RESERVE_45D"", ""excess_or_gap"": 45.0, ""human_message"": ""Reserve equivalence is 0.000 days; required 45.000 days."", ""limit"": 45.0, ""operator"": "">="", ""period"": ""2040-01"", ""reason"": ""physical stock or demonstrably equivalent contracted emergency reserve"", ""scenario"": ""BASE"", ""severity"": ""hard"", ""source_id"": null, ""unit"": ""days""}]"
1.06,run-2ce67ca2ddebb972,False,1473.4,950.0,10500.372416996815,9586.646052836195,0.950125916325611,1.0,73.48447488584478,0.0,0.0,0.0,5,"[{""actual"": 32.80527044025161, ""code"": ""RESERVE_45D"", ""constraint_id"": ""RESERVE_45D"", ""excess_or_gap"": 12.194729559748389, ""human_message"": ""Reserve equivalence is 32.805 days; required 45.000 days."", ""limit"": 45.0, ""operator"": "">="", ""period"": ""2038-01"", ""reason"": ""physical stock or demonstrably equivalent contracted emergency reserve"", ""scenario"": ""BASE"", ""severity"": ""hard"", ""source_id"": null, ""unit"": ""days""}, {""actual"": 0.9693912886620142, ""code"": ""BASE_TOTAL_SERVICE"", ""constraint_id"": ""BASE_TOTAL_SERVICE"", ""excess_or_gap"": 0.00060871133798579, ""human_message"": ""Total service is 96.94%; shortage is 10.382 t."", ""limit"": 0.97, ""operator"": "">="", ""period"": ""2039"", ""reason"": ""total demand service minimum"", ""scenario"": ""BASE"", ""severity"": ""hard"", ""source_id"": null, ""unit"": ""share""}, {""actual"": 9.488197720125829, ""code"": ""RESERVE_45D"", ""constraint_id"": ""RESERVE_45D"", ""excess_or_gap"": 35.511802279874175, ""human_message"": ""Reserve equivalence is 9.488 days; required 45.000 days."", ""limit"": 45.0, ""operator"": "">="", ""period"": ""2039-01"", ""reason"": ""physical stock or demonstrably equivalent contracted emergency reserve"", ""scenario"": ""BASE"", ""severity"": ""hard"", ""source_id"": null, ""unit"": ""days""}, {""actual"": 0.8473584905660376, ""code"": ""BASE_TOTAL_SERVICE"", ""constraint_id"": ""BASE_TOTAL_SERVICE"", ""excess_or_gap"": 0.12264150943396235, ""human_message"": ""Total service is 84.74%; shortage is 63.102 t."", ""limit"": 0.97, ""operator"": "">="", ""period"": ""2040"", ""reason"": ""total demand service minimum"", ""scenario"": ""BASE"", ""severity"": ""hard"", ""source_id"": null, ""unit"": ""share""}, {""actual"": 0.0, ""code"": ""RESERVE_45D"", ""constraint_id"": ""RESERVE_45D"", ""excess_or_gap"": 45.0, ""human_message"": ""Reserve equivalence is 0.000 days; required 45.000 days."", ""limit"": 45.0, ""operator"": "">="", ""period"": ""2040-01"", ""reason"": ""physical stock or demonstrably equivalent contracted emergency reserve"", ""scenario"": ""BASE"", ""severity"": ""hard"", ""source_id"": null, ""unit"": ""days""}]"
1.07,run-8a52dd51c06b14b7,False,1487.3,950.0,10490.980210969417,9578.328735440751,0.9412462348646239,1.0,87.38447488584475,0.0,0.0,0.0,5,"[{""actual"": 26.631389408099707, ""code"": ""RESERVE_45D"", ""constraint_id"": ""RESERVE_45D"", ""excess_or_gap"": 18.368610591900293, ""human_message"": ""Reserve equivalence is 26.631 days; required 45.000 days."", ""limit"": 45.0, ""operator"": "">="", ""period"": ""2038-01"", ""reason"": ""physical stock or demonstrably equivalent contracted emergency reserve"", ""scenario"": ""BASE"", ""severity"": ""hard"", ""source_id"": null, ""unit"": ""days""}, {""actual"": 0.9404717439081635, ""code"": ""BASE_TOTAL_SERVICE"", ""constraint_id"": ""BASE_TOTAL_SERVICE"", ""excess_or_gap"": 0.029528256091836513, ""human_message"": ""Total service is 94.05%; shortage is 20.382 t."", ""limit"": 0.97, ""operator"": "">="", ""period"": ""2039"", ""reason"": ""total demand service minimum"", ""scenario"": ""BASE"", ""severity"": ""hard"", ""source_id"": null, ""unit"": ""share""}, {""actual"": 2.150691199376947, ""code"": ""RESERVE_45D"", ""constraint_id"": ""RESERVE_45D"", ""excess_or_gap"": 42.84930880062305, ""human_message"": ""Reserve equivalence is 2.151 days; required 45.000 days."", ""limit"": 45.0, ""operator"": "">="", ""period"": ""2039-01"", ""reason"": ""physical stock or demonstrably equivalent contracted emergency reserve"", ""scenario"": ""BASE"", ""severity"": ""hard"", ""source_id"": null, ""unit"": ""days""}, {""actual"": 0.8394392523364487, ""code"": ""BASE_TOTAL_SERVICE"", ""constraint_id"": ""BASE_TOTAL_SERVICE"", ""excess_or_gap"": 0.1305607476635513, ""human_message"": ""Total service is 83.94%; shortage is 67.002 t."", ""limit"": 0.97, ""operator"": "">="", ""period"": ""2040"", ""reason"": ""total demand service minimum"", ""scenario"": ""BASE"", ""severity"": ""hard"", ""source_id"": null, ""unit"": ""share""}, {""actual"": 0.0, ""code"": ""RESERVE_45D"", ""constraint_id"": ""RESERVE_45D"", ""excess_or_gap"": 45.0, ""human_message"": ""Reserve equivalence is 0.000 days; required 45.000 days."", ""limit"": 45.0, ""operator"": "">="", ""period"": ""2040-01"", ""reason"": ""physical stock or demonstrably equivalent contracted emergency reserve"", ""scenario"": ""BASE"", ""severity"": ""hard"", ""source_id"": null, ""unit"": ""days""}]"
1.08,run-4451dc06ba44fc5b,False,1501.2,950.0,10483.33600494202,9571.46667058855,0.9325309919492109,1.0,101.28447488584476,0.0,0.0,0.0,5,"[{""actual"": 20.571839506172868, ""code"": ""RESERVE_45D"", ""constraint_id"": ""RESERVE_45D"", ""excess_or_gap"": 24.428160493827132, ""human_message"": ""Reserve equivalence is 20.572 days; required 45.000 days."", ""limit"": 45.0, ""operator"": "">="", ""period"": ""2038-01"", ""reason"": ""physical stock or demonstrably equivalent contracted emergency reserve"", ""scenario"": ""BASE"", ""severity"": ""hard"", ""source_id"": null, ""unit"": ""days""}, {""actual"": 0.9259259259259258, ""code"": ""BASE_TOTAL_SERVICE"", ""constraint_id"": ""BASE_TOTAL_SERVICE"", ""excess_or_gap"": 0.044074074074074154, ""human_message"": ""Total service is 92.59%; shortage is 25.600 t."", ""limit"": 0.97, ""operator"": "">="", ""period"": ""2039"", ""reason"": ""total demand service minimum"", ""scenario"": ""BASE"", ""severity"": ""hard"", ""source_id"": null, ""unit"": ""share""}, {""actual"": 0.0, ""code"": ""RESERVE_45D"", ""constraint_id"": ""RESERVE_45D"", ""excess_or_gap"": 45.0, ""human_message"": ""Reserve equivalence is 0.000 days; required 45.000 days."", ""limit"": 45.0, ""operator"": "">="", ""period"": ""2039-01"", ""reason"": ""physical stock or demonstrably equivalent contracted emergency reserve"", ""scenario"": ""BASE"", ""severity"": ""hard"", ""source_id"": null, ""unit"": ""days""}, {""actual"": 0.8316666666666666, ""code"": ""BASE_TOTAL_SERVICE"", ""constraint_id"": ""BASE_TOTAL_SERVICE"", ""excess_or_gap"": 0.13833333333333342, ""human_message"": ""Total service is 83.17%; shortage is 70.902 t."", ""limit"": 0.97, ""operator"": "">="", ""period"": ""2040"", ""reason"": ""total demand service minimum"", ""scenario"": ""BASE"", ""severity"": ""hard"", ""source_id"": null, ""unit"": ""share""}, {""actual"": 0.0, ""code"": ""RESERVE_45D"", ""constraint_id"": ""RESERVE_45D"", ""excess_or_gap"": 45.0, ""human_message"": ""Reserve equivalence is 0.000 days; required 45.000 days."", ""limit"": 45.0, ""operator"": "">="", ""period"": ""2040-01"", ""reason"": ""physical stock or demonstrably equivalent contracted emergency reserve"", ""scenario"": ""BASE"", ""severity"": ""hard"", ""source_id"": null, ""unit"": ""days""}]"
1.09,run-bab18bd98ed5044f,False,1515.1000000000001,950.0,10477.081298914623,9565.8020460103,0.9239756617478418,1.0,115.18447488584482,0.0,0.0,0.0,6,"[{""actual"": 0.9574955050060743, ""code"": ""BASE_TOTAL_SERVICE"", ""constraint_id"": ""BASE_TOTAL_SERVICE"", ""excess_or_gap"": 0.012504494993925697, ""human_message"": ""Total service is 95.75%; shortage is 11.582 t."", ""limit"": 0.97, ""operator"": "">="", ""period"": ""2038"", ""reason"": ""total demand service minimum"", ""scenario"": ""BASE"", ""severity"": ""hard"", ""source_id"": null, ""unit"": ""share""}, {""actual"": 14.623474006116188, ""code"": ""RESERVE_45D"", ""constraint_id"": ""RESERVE_45D"", ""excess_or_gap"": 30.37652599388381, ""human_message"": ""Reserve equivalence is 14.623 days; required 45.000 days."", ""limit"": 45.0, ""operator"": "">="", ""period"": ""2038-01"", ""reason"": ""physical stock or demonstrably equivalent contracted emergency reserve"", ""scenario"": ""BASE"", ""severity"": ""hard"", ""source_id"": null, ""unit"": ""days""}, {""actual"": 0.9174311926605504, ""code"": ""BASE_TOTAL_SERVICE"", ""constraint_id"": ""BASE_TOTAL_SERVICE"", ""excess_or_gap"": 0.052568807339449575, ""human_message"": ""Total service is 91.74%; shortage is 28.800 t."", ""limit"": 0.97, ""operator"": "">="", ""period"": ""2039"", ""reason"": ""total demand service minimum"", ""scenario"": ""BASE"", ""severity"": ""hard"", ""source_id"": null, ""unit"": ""share""}, {""actual"": 0.0, ""code"": ""RESERVE_45D"", ""constraint_id"": ""RESERVE_45D"", ""excess_or_gap"": 45.0, ""human_message"": ""Reserve equivalence is 0.000 days; required 45.000 days."", ""limit"": 45.0, ""operator"": "">="", ""period"": ""2039-01"", ""reason"": ""physical stock or demonstrably equivalent contracted emergency reserve"", ""scenario"": ""BASE"", ""severity"": ""hard"", ""source_id"": null, ""unit"": ""days""}, {""actual"": 0.8240366972477063, ""code"": ""BASE_TOTAL_SERVICE"", ""constraint_id"": ""BASE_TOTAL_SERVICE"", ""excess_or_gap"": 0.14596330275229363, ""human_message"": ""Total service is 82.40%; shortage is 74.802 t."", ""limit"": 0.97, ""operator"": "">="", ""period"": ""2040"", ""reason"": ""total demand service minimum"", ""scenario"": ""BASE"", ""severity"": ""hard"", ""source_id"": null, ""unit"": ""share""}, {""actual"": 0.0, ""code"": ""RESERVE_45D"", ""constraint_id"": ""RESERVE_45D"", ""excess_or_gap"": 45.0, ""human_message"": ""Reserve equivalence is 0.000 days; required 45.000 days."", ""limit"": 45.0, ""operator"": "">="", ""period"": ""2040-01"", ""reason"": ""physical stock or demonstrably equivalent contracted emergency reserve"", ""scenario"": ""BASE"", ""severity"": ""hard"", ""source_id"": null, ""unit"": ""days""}]"
1.1,run-6ba91b7563958716,False,1529.0000000000002,950.0,10471.809695900925,9560.986662778512,0.9155758830046796,1.0,129.08447488584486,0.0,0.0,0.0,6,"[{""actual"": 0.9331546367787463, ""code"": ""BASE_TOTAL_SERVICE"", ""constraint_id"": ""BASE_TOTAL_SERVICE"", ""excess_or_gap"": 0.036845363221253646, ""human_message"": ""Total service is 93.32%; shortage is 18.382 t."", ""limit"": 0.97, ""operator"": "">="", ""period"": ""2038"", ""reason"": ""total demand service minimum"", ""scenario"": ""BASE"", ""severity"": ""hard"", ""source_id"": null, ""unit"": ""share""}, {""actual"": 8.783260606060589, ""code"": ""RESERVE_45D"", ""constraint_id"": ""RESERVE_45D"", ""excess_or_gap"": 36.21673939393941, ""human_message"": ""Reserve equivalence is 8.783 days; required 45.000 days."", ""limit"": 45.0, ""operator"": "">="", ""period"": ""2038-01"", ""reason"": ""physical stock or demonstrably equivalent contracted emergency reserve"", ""scenario"": ""BASE"", ""severity"": ""hard"", ""source_id"": null, ""unit"": ""days""}, {""actual"": 0.9090909090909091, ""code"": ""BASE_TOTAL_SERVICE"", ""constraint_id"": ""BASE_TOTAL_SERVICE"", ""excess_or_gap"": 0.06090909090909091, ""human_message"": ""Total service is 90.91%; shortage is 32.000 t."", ""limit"": 0.97, ""operator"": "">="", ""period"": ""2039"", ""reason"": ""total demand service minimum"", ""scenario"": ""BASE"", ""severity"": ""hard"", ""source_id"": null, ""unit"": ""share""}, {""actual"": 0.0, ""code"": ""RESERVE_45D"", ""constraint_id"": ""RESERVE_45D"", ""excess_or_gap"": 45.0, ""human_message"": ""Reserve equivalence is 0.000 days; required 45.000 days."", ""limit"": 45.0, ""operator"": "">="", ""period"": ""2039-01"", ""reason"": ""physical stock or demonstrably equivalent contracted emergency reserve"", ""scenario"": ""BASE"", ""severity"": ""hard"", ""source_id"": null, ""unit"": ""days""}, {""actual"": 0.8165454545454544, ""code"": ""BASE_TOTAL_SERVICE"", ""constraint_id"": ""BASE_TOTAL_SERVICE"", ""excess_or_gap"": 0.15345454545454562, ""human_message"": ""Total service is 81.65%; shortage is 78.702 t."", ""limit"": 0.97, ""operator"": "">="", ""period"": ""2040"", ""reason"": ""total demand service minimum"", ""scenario"": ""BASE"", ""severity"": ""hard"", ""source_id"": null, ""unit"": ""share""}, {""actual"": 0.0, ""code"": ""RESERVE_45D"", ""constraint_id"": ""RESERVE_45D"", ""excess_or_gap"": 45.0, ""human_message"": ""Reserve equivalence is 0.000 days; required 45.000 days."", ""limit"": 45.0, ""operator"": "">="", ""period"": ""2040-01"", ""reason"": ""physical stock or demonstrably equivalent contracted emergency reserve"", ""scenario"": ""BASE"", ""severity"": ""hard"", ""source_id"": null, ""unit"": ""days""}]"
1.11,run-953c8c5d52c0aa52,False,1542.9,950.0,10467.245092887226,9556.782012728887,0.907327451626259,1.0,142.9844748858449,0.0,0.0,0.0,7,"[{""actual"": 41.16854749486324, ""code"": ""RESERVE_45D"", ""constraint_id"": ""RESERVE_45D"", ""excess_or_gap"": 3.8314525051367596, ""human_message"": ""Reserve equivalence is 41.169 days; required 45.000 days."", ""limit"": 45.0, ""operator"": "">="", ""period"": ""2037-01"", ""reason"": ""physical stock or demonstrably equivalent contracted emergency reserve"", ""scenario"": ""BASE"", ""severity"": ""hard"", ""source_id"": null, ""unit"": ""days""}, {""actual"": 0.9092523427537125, ""code"": ""BASE_TOTAL_SERVICE"", ""constraint_id"": ""BASE_TOTAL_SERVICE"", ""excess_or_gap"": 0.0607476572462875, ""human_message"": ""Total service is 90.93%; shortage is 25.182 t."", ""limit"": 0.97, ""operator"": "">="", ""period"": ""2038"", ""reason"": ""total demand service minimum"", ""scenario"": ""BASE"", ""severity"": ""hard"", ""source_id"": null, ""unit"": ""share""}, {""actual"": 3.048276276276245, ""code"": ""RESERVE_45D"", ""constraint_id"": ""RESERVE_45D"", ""excess_or_gap"": 41.95172372372375, ""human_message"": ""Reserve equivalence is 3.048 days; required 45.000 days."", ""limit"": 45.0, ""operator"": "">="", ""period"": ""2038-01"", ""reason"": ""physical stock or demonstrably equivalent contracted emergency reserve"", ""scenario"": ""BASE"", ""severity"": ""hard"", ""source_id"": null, ""unit"": ""days""}, {""actual"": 0.9009009009009008, ""code"": ""BASE_TOTAL_SERVICE"", ""constraint_id"": ""BASE_TOTAL_SERVICE"", ""excess_or_gap"": 0.06909909909909917, ""human_message"": ""Total service is 90.09%; shortage is 35.200 t."", ""limit"": 0.97, ""operator"": "">="", ""period"": ""2039"", ""reason"": ""total demand service minimum"", ""scenario"": ""BASE"", ""severity"": ""hard"", ""source_id"": null, ""unit"": ""share""}, {""actual"": 0.0, ""code"": ""RESERVE_45D"", ""constraint_id"": ""RESERVE_45D"", ""excess_or_gap"": 45.0, ""human_message"": ""Reserve equivalence is 0.000 days; required 45.000 days."", ""limit"": 45.0, ""operator"": "">="", ""period"": ""2039-01"", ""reason"": ""physical stock or demonstrably equivalent contracted emergency reserve"", ""scenario"": ""BASE"", ""severity"": ""hard"", ""source_id"": null, ""unit"": ""days""}, {""actual"": 0.8091891891891891, ""code"": ""BASE_TOTAL_SERVICE"", ""constraint_id"": ""BASE_TOTAL_SERVICE"", ""excess_or_gap"": 0.16081081081081083, ""human_message"": ""Total service is 80.92%; shortage is 82.602 t."", ""limit"": 0.97, ""operator"": "">="", ""period"": ""2040"", ""reason"": ""total demand service minimum"", ""scenario"": ""BASE"", ""severity"": ""hard"", ""source_id"": null, ""unit"": ""share""}, {""actual"": 0.0, ""code"": ""RESERVE_45D"", ""constraint_id"": ""RESERVE_45D"", ""excess_or_gap"": 45.0, ""human_message"": ""Reserve equivalence is 0.000 days; required 45.000 days."", ""limit"": 45.0, ""operator"": "">="", ""period"": ""2040-01"", ""reason"": ""physical stock or demonstrably equivalent contracted emergency reserve"", ""scenario"": ""BASE"", ""severity"": ""hard"", ""source_id"": null, ""unit"": ""days""}]"
1.12,run-f10e8670a20d2940,False,1556.8000000000002,950.0,10463.237489873527,9553.06108902616,0.8992263136653104,1.0,156.88447488584487,0.0,0.0,0.0,7,"[{""actual"": 36.684429824561406, ""code"": ""RESERVE_45D"", ""constraint_id"": ""RESERVE_45D"", ""excess_or_gap"": 8.315570175438594, ""human_message"": ""Reserve equivalence is 36.684 days; required 45.000 days."", ""limit"": 45.0, ""operator"": "">="", ""period"": ""2037-01"", ""reason"": ""physical stock or demonstrably equivalent contracted emergency reserve"", ""scenario"": ""BASE"", ""severity"": ""hard"", ""source_id"": null, ""unit"": ""days""}, {""actual"": 0.8928571428571429, ""code"": ""BASE_TOTAL_SERVICE"", ""constraint_id"": ""BASE_TOTAL_SERVICE"", ""excess_or_gap"": 0.07714285714285707, ""human_message"": ""Total service is 89.29%; shortage is 30.000 t."", ""limit"": 0.97, ""operator"": "">="", ""period"": ""2038"", ""reason"": ""total demand service minimum"", ""scenario"": ""BASE"", ""severity"": ""hard"", ""source_id"": null, ""unit"": ""share""}, {""actual"": 0.0, ""code"": ""RESERVE_45D"", ""constraint_id"": ""RESERVE_45D"", ""excess_or_gap"": 45.0, ""human_message"": ""Reserve equivalence is 0.000 days; required 45.000 days."", ""limit"": 45.0, ""operator"": "">="", ""period"": ""2038-01"", ""reason"": ""physical stock or demonstrably equivalent contracted emergency reserve"", ""scenario"": ""BASE"", ""severity"": ""hard"", ""source_id"": null, ""unit"": ""days""}, {""actual"": 0.8928571428571428, ""code"": ""BASE_TOTAL_SERVICE"", ""constraint_id"": ""BASE_TOTAL_SERVICE"", ""excess_or_gap"": 0.07714285714285718, ""human_message"": ""Total service is 89.29%; shortage is 38.400 t."", ""limit"": 0.97, ""operator"": "">="", ""period"": ""2039"", ""reason"": ""total demand service minimum"", ""scenario"": ""BASE"", ""severity"": ""hard"", ""source_id"": null, ""unit"": ""share""}, {""actual"": 0.0, ""code"": ""RESERVE_45D"", ""constraint_id"": ""RESERVE_45D"", ""excess_or_gap"": 45.0, ""human_message"": ""Reserve equivalence is 0.000 days; required 45.000 days."", ""limit"": 45.0, ""operator"": "">="", ""period"": ""2039-01"", ""reason"": ""physical stock or demonstrably equivalent contracted emergency reserve"", ""scenario"": ""BASE"", ""severity"": ""hard"", ""source_id"": null, ""unit"": ""days""}, {""actual"": 0.8019642857142856, ""code"": ""BASE_TOTAL_SERVICE"", ""constraint_id"": ""BASE_TOTAL_SERVICE"", ""excess_or_gap"": 0.1680357142857144, ""human_message"": ""Total service is 80.20%; shortage is 86.502 t."", ""limit"": 0.97, ""operator"": "">="", ""period"": ""2040"", ""reason"": ""total demand service minimum"", ""scenario"": ""BASE"", ""severity"": ""hard"", ""source_id"": null, ""unit"": ""share""}, {""actual"": 0.0, ""code"": ""RESERVE_45D"", ""constraint_id"": ""RESERVE_45D"", ""excess_or_gap"": 45.0, ""human_message"": ""Reserve equivalence is 0.000 days; required 45.000 days."", ""limit"": 45.0, ""operator"": "">="", ""period"": ""2040-01"", ""reason"": ""physical stock or demonstrably equivalent contracted emergency reserve"", ""scenario"": ""BASE"", ""severity"": ""hard"", ""source_id"": null, ""unit"": ""days""}]"
1.13,run-e256cf619fd53c42,False,1570.6999999999998,950.0,10459.685486859828,9549.750337993326,0.891268558677122,1.0,170.78447488584456,0.0,0.0,0.0,8,"[{""actual"": 42.48841129372107, ""code"": ""RESERVE_45D"", ""constraint_id"": ""RESERVE_45D"", ""excess_or_gap"": 2.5115887062789284, ""human_message"": ""Reserve equivalence is 42.488 days; required 45.000 days."", ""limit"": 45.0, ""operator"": "">="", ""period"": ""2036-01"", ""reason"": ""physical stock or demonstrably equivalent contracted emergency reserve"", ""scenario"": ""BASE"", ""severity"": ""hard"", ""source_id"": null, ""unit"": ""days""}, {""actual"": 32.27967706877827, ""code"": ""RESERVE_45D"", ""constraint_id"": ""RESERVE_45D"", ""excess_or_gap"": 12.72032293122173, ""human_message"": ""Reserve equivalence is 32.280 days; required 45.000 days."", ""limit"": 45.0, ""operator"": "">="", ""period"": ""2037-01"", ""reason"": ""physical stock or demonstrably equivalent contracted emergency reserve"", ""scenario"": ""BASE"", ""severity"": ""hard"", ""source_id"": null, ""unit"": ""days""}, {""actual"": 0.8849557522123894, ""code"": ""BASE_TOTAL_SERVICE"", ""constraint_id"": ""BASE_TOTAL_SERVICE"", ""excess_or_gap"": 0.08504424778761055, ""human_message"": ""Total service is 88.50%; shortage is 32.500 t."", ""limit"": 0.97, ""operator"": "">="", ""period"": ""2038"", ""reason"": ""total demand service minimum"", ""scenario"": ""BASE"", ""severity"": ""hard"", ""source_id"": null, ""unit"": ""share""}, {""actual"": 0.0, ""code"": ""RESERVE_45D"", ""constraint_id"": ""RESERVE_45D"", ""excess_or_gap"": 45.0, ""human_message"": ""Reserve equivalence is 0.000 days; required 45.000 days."", ""limit"": 45.0, ""operator"": "">="", ""period"": ""2038-01"", ""reason"": ""physical stock or demonstrably equivalent contracted emergency reserve"", ""scenario"": ""BASE"", ""severity"": ""hard"", ""source_id"": null, ""unit"": ""days""}, {""actual"": 0.8849557522123894, ""code"": ""BASE_TOTAL_SERVICE"", ""constraint_id"": ""BASE_TOTAL_SERVICE"", ""excess_or_gap"": 0.08504424778761055, ""human_message"": ""Total service is 88.50%; shortage is 41.600 t."", ""limit"": 0.97, ""operator"": "">="", ""period"": ""2039"", ""reason"": ""total demand service minimum"", ""scenario"": ""BASE"", ""severity"": ""hard"", ""source_id"": null, ""unit"": ""share""}, {""actual"": 0.0, ""code"": ""RESERVE_45D"", ""constraint_id"": ""RESERVE_45D"", ""excess_or_gap"": 45.0, ""human_message"": ""Reserve equivalence is 0.000 days; required 45.000 days."", ""limit"": 45.0, ""operator"": "">="", ""period"": ""2039-01"", ""reason"": ""physical stock or demonstrably equivalent contracted emergency reserve"", ""scenario"": ""BASE"", ""severity"": ""hard"", ""source_id"": null, ""unit"": ""days""}, {""actual"": 0.7948672566371683, ""code"": ""BASE_TOTAL_SERVICE"", ""constraint_id"": ""BASE_TOTAL_SERVICE"", ""excess_or_gap"": 0.1751327433628317, ""human_message"": ""Total service is 79.49%; shortage is 90.402 t."", ""limit"": 0.97, ""operator"": "">="", ""period"": ""2040"", ""reason"": ""total demand service minimum"", ""scenario"": ""BASE"", ""severity"": ""hard"", ""source_id"": null, ""unit"": ""share""}, {""actual"": 0.0, ""code"": ""RESERVE_45D"", ""constraint_id"": ""RESERVE_45D"", ""excess_or_gap"": 45.0, ""human_message"": ""Reserve equivalence is 0.000 days; required 45.000 days."", ""limit"": 45.0, ""operator"": "">="", ""period"": ""2040-01"", ""reason"": ""physical stock or demonstrably equivalent contracted emergency reserve"", ""scenario"": ""BASE"", ""severity"": ""hard"", ""source_id"": null, ""unit"": ""days""}]"
1.14,run-58229650c621d497,False,1584.6,950.0,10456.576483846131,9546.84140101945,0.8834504134255682,1.0,184.6844748858446,0.0,0.0,0.0,9,"[{""actual"": 39.82873851294915, ""code"": ""RESERVE_45D"", ""constraint_id"": ""RESERVE_45D"", ""excess_or_gap"": 5.171261487050849, ""human_message"": ""Reserve equivalence is 39.829 days; required 45.000 days."", ""limit"": 45.0, ""operator"": "">="", ""period"": ""2036-01"", ""reason"": ""physical stock or demonstrably equivalent contracted emergency reserve"", ""scenario"": ""BASE"", ""severity"": ""hard"", ""source_id"": null, ""unit"": ""days""}, {""actual"": 0.9511427752269406, ""code"": ""BASE_TOTAL_SERVICE"", ""constraint_id"": ""BASE_TOTAL_SERVICE"", ""excess_or_gap"": 0.0188572247730594, ""human_message"": ""Total service is 95.11%; shortage is 10.582 t."", ""limit"": 0.97, ""operator"": "">="", ""period"": ""2037"", ""reason"": ""total demand service minimum"", ""scenario"": ""BASE"", ""severity"": ""hard"", ""source_id"": null, ""unit"": ""share""}, {""actual"": 27.952200677131597, ""code"": ""RESERVE_45D"", ""constraint_id"": ""RESERVE_45D"", ""excess_or_gap"": 17.047799322868403, ""human_message"": ""Reserve equivalence is 27.952 days; required 45.000 days."", ""limit"": 45.0, ""operator"": "">="", ""period"": ""2037-01"", ""reason"": ""physical stock or demonstrably equivalent contracted emergency reserve"", ""scenario"": ""BASE"", ""severity"": ""hard"", ""source_id"": null, ""unit"": ""days""}, {""actual"": 0.8771929824561403, ""code"": ""BASE_TOTAL_SERVICE"", ""constraint_id"": ""BASE_TOTAL_SERVICE"", ""excess_or_gap"": 0.09280701754385967, ""human_message"": ""Total service is 87.72%; shortage is 35.000 t."", ""limit"": 0.97, ""operator"": "">="", ""period"": ""2038"", ""reason"": ""total demand service minimum"", ""scenario"": ""BASE"", ""severity"": ""hard"", ""source_id"": null, ""unit"": ""share""}, {""actual"": 0.0, ""code"": ""RESERVE_45D"", ""constraint_id"": ""RESERVE_45D"", ""excess_or_gap"": 45.0, ""human_message"": ""Reserve equivalence is 0.000 days; required 45.000 days."", ""limit"": 45.0, ""operator"": "">="", ""period"": ""2038-01"", ""reason"": ""physical stock or demonstrably equivalent contracted emergency reserve"", ""scenario"": ""BASE"", ""severity"": ""hard"", ""source_id"": null, ""unit"": ""days""}, {""actual"": 0.8771929824561404, ""code"": ""BASE_TOTAL_SERVICE"", ""constraint_id"": ""BASE_TOTAL_SERVICE"", ""excess_or_gap"": 0.09280701754385956, ""human_message"": ""Total service is 87.72%; shortage is 44.800 t."", ""limit"": 0.97, ""operator"": "">="", ""period"": ""2039"", ""reason"": ""total demand service minimum"", ""scenario"": ""BASE"", ""severity"": ""hard"", ""source_id"": null, ""unit"": ""share""}, {""actual"": 0.0, ""code"": ""RESERVE_45D"", ""constraint_id"": ""RESERVE_45D"", ""excess_or_gap"": 45.0, ""human_message"": ""Reserve equivalence is 0.000 days; required 45.000 days."", ""limit"": 45.0, ""operator"": "">="", ""period"": ""2039-01"", ""reason"": ""physical stock or demonstrably equivalent contracted emergency reserve"", ""scenario"": ""BASE"", ""severity"": ""hard"", ""source_id"": null, ""unit"": ""days""}, {""actual"": 0.7878947368421053, ""code"": ""BASE_TOTAL_SERVICE"", ""constraint_id"": ""BASE_TOTAL_SERVICE"", ""excess_or_gap"": 0.18210526315789466, ""human_message"": ""Total service is 78.79%; shortage is 94.302 t."", ""limit"": 0.97, ""operator"": "">="", ""period"": ""2040"", ""reason"": ""total demand service minimum"", ""scenario"": ""BASE"", ""severity"": ""hard"", ""source_id"": null, ""unit"": ""share""}, {""actual"": 0.0, ""code"": ""RESERVE_45D"", ""constraint_id"": ""RESERVE_45D"", ""excess_or_gap"": 45.0, ""human_message"": ""Reserve equivalence is 0.000 days; required 45.000 days."", ""limit"": 45.0, ""operator"": "">="", ""period"": ""2040-01"", ""reason"": ""physical stock or demonstrably equivalent contracted emergency reserve"", ""scenario"": ""BASE"", ""severity"": ""hard"", ""source_id"": null, ""unit"": ""days""}]"
1.15,run-5a9a5f78357f79d5,False,1598.4999999999998,950.0,10453.79648083243,9544.230876743986,0.8757682359175198,1.0,198.58447488584463,0.0,0.0,0.0,9,"[{""actual"": 37.215320910973176, ""code"": ""RESERVE_45D"", ""constraint_id"": ""RESERVE_45D"", ""excess_or_gap"": 7.784679089026824, ""human_message"": ""Reserve equivalence is 37.215 days; required 45.000 days."", ""limit"": 45.0, ""operator"": "">="", ""period"": ""2036-01"", ""reason"": ""physical stock or demonstrably equivalent contracted emergency reserve"", ""scenario"": ""BASE"", ""severity"": ""hard"", ""source_id"": null, ""unit"": ""days""}, {""actual"": 0.9318879867924726, ""code"": ""BASE_TOTAL_SERVICE"", ""constraint_id"": ""BASE_TOTAL_SERVICE"", ""excess_or_gap"": 0.03811201320752733, ""human_message"": ""Total service is 93.19%; shortage is 14.882 t."", ""limit"": 0.97, ""operator"": "">="", ""period"": ""2037"", ""reason"": ""total demand service minimum"", ""scenario"": ""BASE"", ""severity"": ""hard"", ""source_id"": null, ""unit"": ""share""}, {""actual"": 23.699984744469955, ""code"": ""RESERVE_45D"", ""constraint_id"": ""RESERVE_45D"", ""excess_or_gap"": 21.300015255530045, ""human_message"": ""Reserve equivalence is 23.700 days; required 45.000 days."", ""limit"": 45.0, ""operator"": "">="", ""period"": ""2037-01"", ""reason"": ""physical stock or demonstrably equivalent contracted emergency reserve"", ""scenario"": ""BASE"", ""severity"": ""hard"", ""source_id"": null, ""unit"": ""days""}, {""actual"": 0.8695652173913043, ""code"": ""BASE_TOTAL_SERVICE"", ""constraint_id"": ""BASE_TOTAL_SERVICE"", ""excess_or_gap"": 0.10043478260869565, ""human_message"": ""Total service is 86.96%; shortage is 37.500 t."", ""limit"": 0.97, ""operator"": "">="", ""period"": ""2038"", ""reason"": ""total demand service minimum"", ""scenario"": ""BASE"", ""severity"": ""hard"", ""source_id"": null, ""unit"": ""share""}, {""actual"": 0.0, ""code"": ""RESERVE_45D"", ""constraint_id"": ""RESERVE_45D"", ""excess_or_gap"": 45.0, ""human_message"": ""Reserve equivalence is 0.000 days; required 45.000 days."", ""limit"": 45.0, ""operator"": "">="", ""period"": ""2038-01"", ""reason"": ""physical stock or demonstrably equivalent contracted emergency reserve"", ""scenario"": ""BASE"", ""severity"": ""hard"", ""source_id"": null, ""unit"": ""days""}, {""actual"": 0.8695652173913043, ""code"": ""BASE_TOTAL_SERVICE"", ""constraint_id"": ""BASE_TOTAL_SERVICE"", ""excess_or_gap"": 0.10043478260869565, ""human_message"": ""Total service is 86.96%; shortage is 48.000 t."", ""limit"": 0.97, ""operator"": "">="", ""period"": ""2039"", ""reason"": ""total demand service minimum"", ""scenario"": ""BASE"", ""severity"": ""hard"", ""source_id"": null, ""unit"": ""share""}, {""actual"": 0.0, ""code"": ""RESERVE_45D"", ""constraint_id"": ""RESERVE_45D"", ""excess_or_gap"": 45.0, ""human_message"": ""Reserve equivalence is 0.000 days; required 45.000 days."", ""limit"": 45.0, ""operator"": "">="", ""period"": ""2039-01"", ""reason"": ""physical stock or demonstrably equivalent contracted emergency reserve"", ""scenario"": ""BASE"", ""severity"": ""hard"", ""source_id"": null, ""unit"": ""days""}, {""actual"": 0.7810434782608697, ""code"": ""BASE_TOTAL_SERVICE"", ""constraint_id"": ""BASE_TOTAL_SERVICE"", ""excess_or_gap"": 0.18895652173913025, ""human_message"": ""Total service is 78.10%; shortage is 98.202 t."", ""limit"": 0.97, ""operator"": "">="", ""period"": ""2040"", ""reason"": ""total demand service minimum"", ""scenario"": ""BASE"", ""severity"": ""hard"", ""source_id"": null, ""unit"": ""share""}, {""actual"": 0.0, ""code"": ""RESERVE_45D"", ""constraint_id"": ""RESERVE_45D"", ""excess_or_gap"": 45.0, ""human_message"": ""Reserve equivalence is 0.000 days; required 45.000 days."", ""limit"": 45.0, ""operator"": "">="", ""period"": ""2040-01"", ""reason"": ""physical stock or demonstrably equivalent contracted emergency reserve"", ""scenario"": ""BASE"", ""severity"": ""hard"", ""source_id"": null, ""unit"": ""days""}]"
1.16,run-41113ae3211eac85,False,1612.3999999999999,950.0,10451.330729325582,9541.905387848885,0.868218509745817,1.0,212.48447488584463,0.0,0.0,0.0,9,"[{""actual"": 34.64696223316917, ""code"": ""RESERVE_45D"", ""constraint_id"": ""RESERVE_45D"", ""excess_or_gap"": 10.35303776683083, ""human_message"": ""Reserve equivalence is 34.647 days; required 45.000 days."", ""limit"": 45.0, ""operator"": "">="", ""period"": ""2036-01"", ""reason"": ""physical stock or demonstrably equivalent contracted emergency reserve"", ""scenario"": ""BASE"", ""severity"": ""hard"", ""source_id"": null, ""unit"": ""days""}, {""actual"": 0.9129651774689443, ""code"": ""BASE_TOTAL_SERVICE"", ""constraint_id"": ""BASE_TOTAL_SERVICE"", ""excess_or_gap"": 0.05703482253105563, ""human_message"": ""Total service is 91.30%; shortage is 19.182 t."", ""limit"": 0.97, ""operator"": "">="", ""period"": ""2037"", ""reason"": ""total demand service minimum"", ""scenario"": ""BASE"", ""severity"": ""hard"", ""source_id"": null, ""unit"": ""share""}, {""actual"": 19.521082879612923, ""code"": ""RESERVE_45D"", ""constraint_id"": ""RESERVE_45D"", ""excess_or_gap"": 25.478917120387077, ""human_message"": ""Reserve equivalence is 19.521 days; required 45.000 days."", ""limit"": 45.0, ""operator"": "">="", ""period"": ""2037-01"", ""reason"": ""physical stock or demonstrably equivalent contracted emergency reserve"", ""scenario"": ""BASE"", ""severity"": ""hard"", ""source_id"": null, ""unit"": ""days""}, {""actual"": 0.8620689655172413, ""code"": ""BASE_TOTAL_SERVICE"", ""constraint_id"": ""BASE_TOTAL_SERVICE"", ""excess_or_gap"": 0.10793103448275865, ""human_message"": ""Total service is 86.21%; shortage is 40.000 t."", ""limit"": 0.97, ""operator"": "">="", ""period"": ""2038"", ""reason"": ""total demand service minimum"", ""scenario"": ""BASE"", ""severity"": ""hard"", ""source_id"": null, ""unit"": ""share""}, {""actual"": 0.0, ""code"": ""RESERVE_45D"", ""constraint_id"": ""RESERVE_45D"", ""excess_or_gap"": 45.0, ""human_message"": ""Reserve equivalence is 0.000 days; required 45.000 days."", ""limit"": 45.0, ""operator"": "">="", ""period"": ""2038-01"", ""reason"": ""physical stock or demonstrably equivalent contracted emergency reserve"", ""scenario"": ""BASE"", ""severity"": ""hard"", ""source_id"": null, ""unit"": ""days""}, {""actual"": 0.8620689655172414, ""code"": ""BASE_TOTAL_SERVICE"", ""constraint_id"": ""BASE_TOTAL_SERVICE"", ""excess_or_gap"": 0.10793103448275854, ""human_message"": ""Total service is 86.21%; shortage is 51.200 t."", ""limit"": 0.97, ""operator"": "">="", ""period"": ""2039"", ""reason"": ""total demand service minimum"", ""scenario"": ""BASE"", ""severity"": ""hard"", ""source_id"": null, ""unit"": ""share""}, {""actual"": 0.0, ""code"": ""RESERVE_45D"", ""constraint_id"": ""RESERVE_45D"", ""excess_or_gap"": 45.0, ""human_message"": ""Reserve equivalence is 0.000 days; required 45.000 days."", ""limit"": 45.0, ""operator"": "">="", ""period"": ""2039-01"", ""reason"": ""physical stock or demonstrably equivalent contracted emergency reserve"", ""scenario"": ""BASE"", ""severity"": ""hard"", ""source_id"": null, ""unit"": ""days""}, {""actual"": 0.7743103448275862, ""code"": ""BASE_TOTAL_SERVICE"", ""constraint_id"": ""BASE_TOTAL_SERVICE"", ""excess_or_gap"": 0.19568965517241377, ""human_message"": ""Total service is 77.43%; shortage is 102.102 t."", ""limit"": 0.97, ""operator"": "">="", ""period"": ""2040"", ""reason"": ""total demand service minimum"", ""scenario"": ""BASE"", ""severity"": ""hard"", ""source_id"": null, ""unit"": ""share""}, {""actual"": 0.0, ""code"": ""RESERVE_45D"", ""constraint_id"": ""RESERVE_45D"", ""excess_or_gap"": 45.0, ""human_message"": ""Reserve equivalence is 0.000 days; required 45.000 days."", ""limit"": 45.0, ""operator"": "">="", ""period"": ""2040-01"", ""reason"": ""physical stock or demonstrably equivalent contracted emergency reserve"", ""scenario"": ""BASE"", ""severity"": ""hard"", ""source_id"": null, ""unit"": ""days""}]"
1.17,run-ea21907c8ae8656a,False,1626.3,950.0,10449.086477818733,9539.780805983262,0.8607978387223485,1.0,226.38447488584467,0.0,0.0,0.0,9,"[{""actual"": 32.122507122507145, ""code"": ""RESERVE_45D"", ""constraint_id"": ""RESERVE_45D"", ""excess_or_gap"": 12.877492877492855, ""human_message"": ""Reserve equivalence is 32.123 days; required 45.000 days."", ""limit"": 45.0, ""operator"": "">="", ""period"": ""2036-01"", ""reason"": ""physical stock or demonstrably equivalent contracted emergency reserve"", ""scenario"": ""BASE"", ""severity"": ""hard"", ""source_id"": null, ""unit"": ""days""}, {""actual"": 0.894365834971459, ""code"": ""BASE_TOTAL_SERVICE"", ""constraint_id"": ""BASE_TOTAL_SERVICE"", ""excess_or_gap"": 0.07563416502854092, ""human_message"": ""Total service is 89.44%; shortage is 23.482 t."", ""limit"": 0.97, ""operator"": "">="", ""period"": ""2037"", ""reason"": ""total demand service minimum"", ""scenario"": ""BASE"", ""severity"": ""hard"", ""source_id"": null, ""unit"": ""share""}, {""actual"": 15.41361523466794, ""code"": ""RESERVE_45D"", ""constraint_id"": ""RESERVE_45D"", ""excess_or_gap"": 29.58638476533206, ""human_message"": ""Reserve equivalence is 15.414 days; required 45.000 days."", ""limit"": 45.0, ""operator"": "">="", ""period"": ""2037-01"", ""reason"": ""physical stock or demonstrably equivalent contracted emergency reserve"", ""scenario"": ""BASE"", ""severity"": ""hard"", ""source_id"": null, ""unit"": ""days""}, {""actual"": 0.8547008547008547, ""code"": ""BASE_TOTAL_SERVICE"", ""constraint_id"": ""BASE_TOTAL_SERVICE"", ""excess_or_gap"": 0.11529914529914531, ""human_message"": ""Total service is 85.47%; shortage is 42.500 t."", ""limit"": 0.97, ""operator"": "">="", ""period"": ""2038"", ""reason"": ""total demand service minimum"", ""scenario"": ""BASE"", ""severity"": ""hard"", ""source_id"": null, ""unit"": ""share""}, {""actual"": 0.0, ""code"": ""RESERVE_45D"", ""constraint_id"": ""RESERVE_45D"", ""excess_or_gap"": 45.0, ""human_message"": ""Reserve equivalence is 0.000 days; required 45.000 days."", ""limit"": 45.0, ""operator"": "">="", ""period"": ""2038-01"", ""reason"": ""physical stock or demonstrably equivalent contracted emergency reserve"", ""scenario"": ""BASE"", ""severity"": ""hard"", ""source_id"": null, ""unit"": ""days""}, {""actual"": 0.8547008547008548, ""code"": ""BASE_TOTAL_SERVICE"", ""constraint_id"": ""BASE_TOTAL_SERVICE"", ""excess_or_gap"": 0.1152991452991452, ""human_message"": ""Total service is 85.47%; shortage is 54.400 t."", ""limit"": 0.97, ""operator"": "">="", ""period"": ""2039"", ""reason"": ""total demand service minimum"", ""scenario"": ""BASE"", ""severity"": ""hard"", ""source_id"": null, ""unit"": ""share""}, {""actual"": 0.0, ""code"": ""RESERVE_45D"", ""constraint_id"": ""RESERVE_45D"", ""excess_or_gap"": 45.0, ""human_message"": ""Reserve equivalence is 0.000 days; required 45.000 days."", ""limit"": 45.0, ""operator"": "">="", ""period"": ""2039-01"", ""reason"": ""physical stock or demonstrably equivalent contracted emergency reserve"", ""scenario"": ""BASE"", ""severity"": ""hard"", ""source_id"": null, ""unit"": ""days""}, {""actual"": 0.7676923076923078, ""code"": ""BASE_TOTAL_SERVICE"", ""constraint_id"": ""BASE_TOTAL_SERVICE"", ""excess_or_gap"": 0.2023076923076922, ""human_message"": ""Total service is 76.77%; shortage is 106.002 t."", ""limit"": 0.97, ""operator"": "">="", ""period"": ""2040"", ""reason"": ""total demand service minimum"", ""scenario"": ""BASE"", ""severity"": ""hard"", ""source_id"": null, ""unit"": ""share""}, {""actual"": 0.0, ""code"": ""RESERVE_45D"", ""constraint_id"": ""RESERVE_45D"", ""excess_or_gap"": 45.0, ""human_message"": ""Reserve equivalence is 0.000 days; required 45.000 days."", ""limit"": 45.0, ""operator"": "">="", ""period"": ""2040-01"", ""reason"": ""physical stock or demonstrably equivalent contracted emergency reserve"", ""scenario"": ""BASE"", ""severity"": ""hard"", ""source_id"": null, ""unit"": ""days""}]"
1.18,run-7683c7cdac530896,False,1640.2,950.0,10447.035226311884,9537.83128080698,0.8535029417840235,1.0,240.2844748858447,0.0,0.0,0.0,9,"[{""actual"": 29.640839386602135, ""code"": ""RESERVE_45D"", ""constraint_id"": ""RESERVE_45D"", ""excess_or_gap"": 15.359160613397865, ""human_message"": ""Reserve equivalence is 29.641 days; required 45.000 days."", ""limit"": 45.0, ""operator"": "">="", ""period"": ""2036-01"", ""reason"": ""physical stock or demonstrably equivalent contracted emergency reserve"", ""scenario"": ""BASE"", ""severity"": ""hard"", ""source_id"": null, ""unit"": ""days""}, {""actual"": 0.8760817355671512, ""code"": ""BASE_TOTAL_SERVICE"", ""constraint_id"": ""BASE_TOTAL_SERVICE"", ""excess_or_gap"": 0.09391826443284879, ""human_message"": ""Total service is 87.61%; shortage is 27.782 t."", ""limit"": 0.97, ""operator"": "">="", ""period"": ""2037"", ""reason"": ""total demand service minimum"", ""scenario"": ""BASE"", ""severity"": ""hard"", ""source_id"": null, ""unit"": ""share""}, {""actual"": 11.375765685400015, ""code"": ""RESERVE_45D"", ""constraint_id"": ""RESERVE_45D"", ""excess_or_gap"": 33.62423431459999, ""human_message"": ""Reserve equivalence is 11.376 days; required 45.000 days."", ""limit"": 45.0, ""operator"": "">="", ""period"": ""2037-01"", ""reason"": ""physical stock or demonstrably equivalent contracted emergency reserve"", ""scenario"": ""BASE"", ""severity"": ""hard"", ""source_id"": null, ""unit"": ""days""}, {""actual"": 0.847457627118644, ""code"": ""BASE_TOTAL_SERVICE"", ""constraint_id"": ""BASE_TOTAL_SERVICE"", ""excess_or_gap"": 0.12254237288135594, ""human_message"": ""Total service is 84.75%; shortage is 45.000 t."", ""limit"": 0.97, ""operator"": "">="", ""period"": ""2038"", ""reason"": ""total demand service minimum"", ""scenario"": ""BASE"", ""severity"": ""hard"", ""source_id"": null, ""unit"": ""share""}, {""actual"": 0.0, ""code"": ""RESERVE_45D"", ""constraint_id"": ""RESERVE_45D"", ""excess_or_gap"": 45.0, ""human_message"": ""Reserve equivalence is 0.000 days; required 45.000 days."", ""limit"": 45.0, ""operator"": "">="", ""period"": ""2038-01"", ""reason"": ""physical stock or demonstrably equivalent contracted emergency reserve"", ""scenario"": ""BASE"", ""severity"": ""hard"", ""source_id"": null, ""unit"": ""days""}, {""actual"": 0.8474576271186441, ""code"": ""BASE_TOTAL_SERVICE"", ""constraint_id"": ""BASE_TOTAL_SERVICE"", ""excess_or_gap"": 0.12254237288135583, ""human_message"": ""Total service is 84.75%; shortage is 57.600 t."", ""limit"": 0.97, ""operator"": "">="", ""period"": ""2039"", ""reason"": ""total demand service minimum"", ""scenario"": ""BASE"", ""severity"": ""hard"", ""source_id"": null, ""unit"": ""share""}, {""actual"": 0.0, ""code"": ""RESERVE_45D"", ""constraint_id"": ""RESERVE_45D"", ""excess_or_gap"": 45.0, ""human_message"": ""Reserve equivalence is 0.000 days; required 45.000 days."", ""limit"": 45.0, ""operator"": "">="", ""period"": ""2039-01"", ""reason"": ""physical stock or demonstrably equivalent contracted emergency reserve"", ""scenario"": ""BASE"", ""severity"": ""hard"", ""source_id"": null, ""unit"": ""days""}, {""actual"": 0.761186440677966, ""code"": ""BASE_TOTAL_SERVICE"", ""constraint_id"": ""BASE_TOTAL_SERVICE"", ""excess_or_gap"": 0.20881355932203394, ""human_message"": ""Total service is 76.12%; shortage is 109.902 t."", ""limit"": 0.97, ""operator"": "">="", ""period"": ""2040"", ""reason"": ""total demand service minimum"", ""scenario"": ""BASE"", ""severity"": ""hard"", ""source_id"": null, ""unit"": ""share""}, {""actual"": 0.0, ""code"": ""RESERVE_45D"", ""constraint_id"": ""RESERVE_45D"", ""excess_or_gap"": 45.0, ""human_message"": ""Reserve equivalence is 0.000 days; required 45.000 days."", ""limit"": 45.0, ""operator"": "">="", ""period"": ""2040-01"", ""reason"": ""physical stock or demonstrably equivalent contracted emergency reserve"", ""scenario"": ""BASE"", ""severity"": ""hard"", ""source_id"": null, ""unit"": ""days""}]"
1.19,run-dabea8f93311b236,False,1654.1,950.0,10445.148474805033,9536.030961979906,0.8463306481555863,1.0,254.18447488584468,0.0,0.0,0.0,9,"[{""actual"": 27.200880352140874, ""code"": ""RESERVE_45D"", ""constraint_id"": ""RESERVE_45D"", ""excess_or_gap"": 17.799119647859126, ""human_message"": ""Reserve equivalence is 27.201 days; required 45.000 days."", ""limit"": 45.0, ""operator"": "">="", ""period"": ""2036-01"", ""reason"": ""physical stock or demonstrably equivalent contracted emergency reserve"", ""scenario"": ""BASE"", ""severity"": ""hard"", ""source_id"": null, ""unit"": ""days""}, {""actual"": 0.8581049319511513, ""code"": ""BASE_TOTAL_SERVICE"", ""constraint_id"": ""BASE_TOTAL_SERVICE"", ""excess_or_gap"": 0.11189506804884863, ""human_message"": ""Total service is 85.81%; shortage is 32.082 t."", ""limit"": 0.97, ""operator"": "">="", ""period"": ""2037"", ""reason"": ""total demand service minimum"", ""scenario"": ""BASE"", ""severity"": ""hard"", ""source_id"": null, ""unit"": ""share""}, {""actual"": 7.405779153766823, ""code"": ""RESERVE_45D"", ""constraint_id"": ""RESERVE_45D"", ""excess_or_gap"": 37.59422084623318, ""human_message"": ""Reserve equivalence is 7.406 days; required 45.000 days."", ""limit"": 45.0, ""operator"": "">="", ""period"": ""2037-01"", ""reason"": ""physical stock or demonstrably equivalent contracted emergency reserve"", ""scenario"": ""BASE"", ""severity"": ""hard"", ""source_id"": null, ""unit"": ""days""}, {""actual"": 0.8403361344537815, ""code"": ""BASE_TOTAL_SERVICE"", ""constraint_id"": ""BASE_TOTAL_SERVICE"", ""excess_or_gap"": 0.12966386554621845, ""human_message"": ""Total service is 84.03%; shortage is 47.500 t."", ""limit"": 0.97, ""operator"": "">="", ""period"": ""2038"", ""reason"": ""total demand service minimum"", ""scenario"": ""BASE"", ""severity"": ""hard"", ""source_id"": null, ""unit"": ""share""}, {""actual"": 0.0, ""code"": ""RESERVE_45D"", ""constraint_id"": ""RESERVE_45D"", ""excess_or_gap"": 45.0, ""human_message"": ""Reserve equivalence is 0.000 days; required 45.000 days."", ""limit"": 45.0, ""operator"": "">="", ""period"": ""2038-01"", ""reason"": ""physical stock or demonstrably equivalent contracted emergency reserve"", ""scenario"": ""BASE"", ""severity"": ""hard"", ""source_id"": null, ""unit"": ""days""}, {""actual"": 0.8403361344537816, ""code"": ""BASE_TOTAL_SERVICE"", ""constraint_id"": ""BASE_TOTAL_SERVICE"", ""excess_or_gap"": 0.12966386554621834, ""human_message"": ""Total service is 84.03%; shortage is 60.800 t."", ""limit"": 0.97, ""operator"": "">="", ""period"": ""2039"", ""reason"": ""total demand service minimum"", ""scenario"": ""BASE"", ""severity"": ""hard"", ""source_id"": null, ""unit"": ""share""}, {""actual"": 0.0, ""code"": ""RESERVE_45D"", ""constraint_id"": ""RESERVE_45D"", ""excess_or_gap"": 45.0, ""human_message"": ""Reserve equivalence is 0.000 days; required 45.000 days."", ""limit"": 45.0, ""operator"": "">="", ""period"": ""2039-01"", ""reason"": ""physical stock or demonstrably equivalent contracted emergency reserve"", ""scenario"": ""BASE"", ""severity"": ""hard"", ""source_id"": null, ""unit"": ""days""}, {""actual"": 0.7547899159663866, ""code"": ""BASE_TOTAL_SERVICE"", ""constraint_id"": ""BASE_TOTAL_SERVICE"", ""excess_or_gap"": 0.2152100840336134, ""human_message"": ""Total service is 75.48%; shortage is 113.802 t."", ""limit"": 0.97, ""operator"": "">="", ""period"": ""2040"", ""reason"": ""total demand service minimum"", ""scenario"": ""BASE"", ""severity"": ""hard"", ""source_id"": null, ""unit"": ""share""}, {""actual"": 0.0, ""code"": ""RESERVE_45D"", ""constraint_id"": ""RESERVE_45D"", ""excess_or_gap"": 45.0, ""human_message"": ""Reserve equivalence is 0.000 days; required 45.000 days."", ""limit"": 45.0, ""operator"": "">="", ""period"": ""2040-01"", ""reason"": ""physical stock or demonstrably equivalent contracted emergency reserve"", ""scenario"": ""BASE"", ""severity"": ""hard"", ""source_id"": null, ""unit"": ""days""}]"
1.2,run-ff386ef2a6fbdc8b,False,1668.0,950.0,10443.397723298185,9534.353999161902,0.8392778927542898,1.0,268.0844748858447,0.0,0.0,0.0,9,"[{""actual"": 24.801587301587315, ""code"": ""RESERVE_45D"", ""constraint_id"": ""RESERVE_45D"", ""excess_or_gap"": 20.198412698412685, ""human_message"": ""Reserve equivalence is 24.802 days; required 45.000 days."", ""limit"": 45.0, ""operator"": "">="", ""period"": ""2036-01"", ""reason"": ""physical stock or demonstrably equivalent contracted emergency reserve"", ""scenario"": ""BASE"", ""severity"": ""hard"", ""source_id"": null, ""unit"": ""days""}, {""actual"": 0.8404277417287512, ""code"": ""BASE_TOTAL_SERVICE"", ""constraint_id"": ""BASE_TOTAL_SERVICE"", ""excess_or_gap"": 0.12957225827124874, ""human_message"": ""Total service is 84.04%; shortage is 36.382 t."", ""limit"": 0.97, ""operator"": "">="", ""period"": ""2037"", ""reason"": ""total demand service minimum"", ""scenario"": ""BASE"", ""severity"": ""hard"", ""source_id"": null, ""unit"": ""share""}, {""actual"": 3.5019590643275285, ""code"": ""RESERVE_45D"", ""constraint_id"": ""RESERVE_45D"", ""excess_or_gap"": 41.49804093567247, ""human_message"": ""Reserve equivalence is 3.502 days; required 45.000 days."", ""limit"": 45.0, ""operator"": "">="", ""period"": ""2037-01"", ""reason"": ""physical stock or demonstrably equivalent contracted emergency reserve"", ""scenario"": ""BASE"", ""severity"": ""hard"", ""source_id"": null, ""unit"": ""days""}, {""actual"": 0.8333333333333334, ""code"": ""BASE_TOTAL_SERVICE"", ""constraint_id"": ""BASE_TOTAL_SERVICE"", ""excess_or_gap"": 0.1366666666666666, ""human_message"": ""Total service is 83.33%; shortage is 50.000 t."", ""limit"": 0.97, ""operator"": "">="", ""period"": ""2038"", ""reason"": ""total demand service minimum"", ""scenario"": ""BASE"", ""severity"": ""hard"", ""source_id"": null, ""unit"": ""share""}, {""actual"": 0.0, ""code"": ""RESERVE_45D"", ""constraint_id"": ""RESERVE_45D"", ""excess_or_gap"": 45.0, ""human_message"": ""Reserve equivalence is 0.000 days; required 45.000 days."", ""limit"": 45.0, ""operator"": "">="", ""period"": ""2038-01"", ""reason"": ""physical stock or demonstrably equivalent contracted emergency reserve"", ""scenario"": ""BASE"", ""severity"": ""hard"", ""source_id"": null, ""unit"": ""days""}, {""actual"": 0.8333333333333334, ""code"": ""BASE_TOTAL_SERVICE"", ""constraint_id"": ""BASE_TOTAL_SERVICE"", ""excess_or_gap"": 0.1366666666666666, ""human_message"": ""Total service is 83.33%; shortage is 64.000 t."", ""limit"": 0.97, ""operator"": "">="", ""period"": ""2039"", ""reason"": ""total demand service minimum"", ""scenario"": ""BASE"", ""severity"": ""hard"", ""source_id"": null, ""unit"": ""share""}, {""actual"": 0.0, ""code"": ""RESERVE_45D"", ""constraint_id"": ""RESERVE_45D"", ""excess_or_gap"": 45.0, ""human_message"": ""Reserve equivalence is 0.000 days; required 45.000 days."", ""limit"": 45.0, ""operator"": "">="", ""period"": ""2039-01"", ""reason"": ""physical stock or demonstrably equivalent contracted emergency reserve"", ""scenario"": ""BASE"", ""severity"": ""hard"", ""source_id"": null, ""unit"": ""days""}, {""actual"": 0.7485, ""code"": ""BASE_TOTAL_SERVICE"", ""constraint_id"": ""BASE_TOTAL_SERVICE"", ""excess_or_gap"": 0.22149999999999992, ""human_message"": ""Total service is 74.85%; shortage is 117.702 t."", ""limit"": 0.97, ""operator"": "">="", ""period"": ""2040"", ""reason"": ""total demand service minimum"", ""scenario"": ""BASE"", ""severity"": ""hard"", ""source_id"": null, ""unit"": ""share""}, {""actual"": 0.0, ""code"": ""RESERVE_45D"", ""constraint_id"": ""RESERVE_45D"", ""excess_or_gap"": 45.0, ""human_message"": ""Reserve equivalence is 0.000 days; required 45.000 days."", ""limit"": 45.0, ""operator"": "">="", ""period"": ""2040-01"", ""reason"": ""physical stock or demonstrably equivalent contracted emergency reserve"", ""scenario"": ""BASE"", ""severity"": ""hard"", ""source_id"": null, ""unit"": ""days""}]"
1.21,run-319ff93b417bd614,False,1681.9,950.0,10441.754471791335,9532.77483109431,0.8323417118224361,1.0,281.9844748858447,0.0,0.0,0.0,9,"[{""actual"": 22.44195198740656, ""code"": ""RESERVE_45D"", ""constraint_id"": ""RESERVE_45D"", ""excess_or_gap"": 22.55804801259344, ""human_message"": ""Reserve equivalence is 22.442 days; required 45.000 days."", ""limit"": 45.0, ""operator"": "">="", ""period"": ""2036-01"", ""reason"": ""physical stock or demonstrably equivalent contracted emergency reserve"", ""scenario"": ""BASE"", ""severity"": ""hard"", ""source_id"": null, ""unit"": ""days""}, {""actual"": 0.8239669421487602, ""code"": ""BASE_TOTAL_SERVICE"", ""constraint_id"": ""BASE_TOTAL_SERVICE"", ""excess_or_gap"": 0.14603305785123977, ""human_message"": ""Total service is 82.40%; shortage is 40.470 t."", ""limit"": 0.97, ""operator"": "">="", ""period"": ""2037"", ""reason"": ""total demand service minimum"", ""scenario"": ""BASE"", ""severity"": ""hard"", ""source_id"": null, ""unit"": ""share""}, {""actual"": 0.0, ""code"": ""RESERVE_45D"", ""constraint_id"": ""RESERVE_45D"", ""excess_or_gap"": 45.0, ""human_message"": ""Reserve equivalence is 0.000 days; required 45.000 days."", ""limit"": 45.0, ""operator"": "">="", ""period"": ""2037-01"", ""reason"": ""physical stock or demonstrably equivalent contracted emergency reserve"", ""scenario"": ""BASE"", ""severity"": ""hard"", ""source_id"": null, ""unit"": ""days""}, {""actual"": 0.8264462809917356, ""code"": ""BASE_TOTAL_SERVICE"", ""constraint_id"": ""BASE_TOTAL_SERVICE"", ""excess_or_gap"": 0.1435537190082644, ""human_message"": ""Total service is 82.64%; shortage is 52.500 t."", ""limit"": 0.97, ""operator"": "">="", ""period"": ""2038"", ""reason"": ""total demand service minimum"", ""scenario"": ""BASE"", ""severity"": ""hard"", ""source_id"": null, ""unit"": ""share""}, {""actual"": 0.0, ""code"": ""RESERVE_45D"", ""constraint_id"": ""RESERVE_45D"", ""excess_or_gap"": 45.0, ""human_message"": ""Reserve equivalence is 0.000 days; required 45.000 days."", ""limit"": 45.0, ""operator"": "">="", ""period"": ""2038-01"", ""reason"": ""physical stock or demonstrably equivalent contracted emergency reserve"", ""scenario"": ""BASE"", ""severity"": ""hard"", ""source_id"": null, ""unit"": ""days""}, {""actual"": 0.8264462809917356, ""code"": ""BASE_TOTAL_SERVICE"", ""constraint_id"": ""BASE_TOTAL_SERVICE"", ""excess_or_gap"": 0.1435537190082644, ""human_message"": ""Total service is 82.64%; shortage is 67.200 t."", ""limit"": 0.97, ""operator"": "">="", ""period"": ""2039"", ""reason"": ""total demand service minimum"", ""scenario"": ""BASE"", ""severity"": ""hard"", ""source_id"": null, ""unit"": ""share""}, {""actual"": 0.0, ""code"": ""RESERVE_45D"", ""constraint_id"": ""RESERVE_45D"", ""excess_or_gap"": 45.0, ""human_message"": ""Reserve equivalence is 0.000 days; required 45.000 days."", ""limit"": 45.0, ""operator"": "">="", ""period"": ""2039-01"", ""reason"": ""physical stock or demonstrably equivalent contracted emergency reserve"", ""scenario"": ""BASE"", ""severity"": ""hard"", ""source_id"": null, ""unit"": ""days""}, {""actual"": 0.7423140495867769, ""code"": ""BASE_TOTAL_SERVICE"", ""constraint_id"": ""BASE_TOTAL_SERVICE"", ""excess_or_gap"": 0.22768595041322304, ""human_message"": ""Total service is 74.23%; shortage is 121.602 t."", ""limit"": 0.97, ""operator"": "">="", ""period"": ""2040"", ""reason"": ""total demand service minimum"", ""scenario"": ""BASE"", ""severity"": ""hard"", ""source_id"": null, ""unit"": ""share""}, {""actual"": 0.0, ""code"": ""RESERVE_45D"", ""constraint_id"": ""RESERVE_45D"", ""excess_or_gap"": 45.0, ""human_message"": ""Reserve equivalence is 0.000 days; required 45.000 days."", ""limit"": 45.0, ""operator"": "">="", ""period"": ""2040-01"", ""reason"": ""physical stock or demonstrably equivalent contracted emergency reserve"", ""scenario"": ""BASE"", ""severity"": ""hard"", ""source_id"": null, ""unit"": ""days""}]"
1.22,run-ef981e74e91f90d3,False,1695.8,950.0,10440.375548777636,9531.444428224122,0.8255192387747112,1.0,295.8844748858447,0.0,0.0,0.0,9,"[{""actual"": 20.120999219359902, ""code"": ""RESERVE_45D"", ""constraint_id"": ""RESERVE_45D"", ""excess_or_gap"": 24.879000780640098, ""human_message"": ""Reserve equivalence is 20.121 days; required 45.000 days."", ""limit"": 45.0, ""operator"": "">="", ""period"": ""2036-01"", ""reason"": ""physical stock or demonstrably equivalent contracted emergency reserve"", ""scenario"": ""BASE"", ""severity"": ""hard"", ""source_id"": null, ""unit"": ""days""}, {""actual"": 0.8172131147540983, ""code"": ""BASE_TOTAL_SERVICE"", ""constraint_id"": ""BASE_TOTAL_SERVICE"", ""excess_or_gap"": 0.15278688524590167, ""human_message"": ""Total service is 81.72%; shortage is 42.370 t."", ""limit"": 0.97, ""operator"": "">="", ""period"": ""2037"", ""reason"": ""total demand service minimum"", ""scenario"": ""BASE"", ""severity"": ""hard"", ""source_id"": null, ""unit"": ""share""}, {""actual"": 0.0, ""code"": ""RESERVE_45D"", ""constraint_id"": ""RESERVE_45D"", ""excess_or_gap"": 45.0, ""human_message"": ""Reserve equivalence is 0.000 days; required 45.000 days."", ""limit"": 45.0, ""operator"": "">="", ""period"": ""2037-01"", ""reason"": ""physical stock or demonstrably equivalent contracted emergency reserve"", ""scenario"": ""BASE"", ""severity"": ""hard"", ""source_id"": null, ""unit"": ""days""}, {""actual"": 0.819672131147541, ""code"": ""BASE_TOTAL_SERVICE"", ""constraint_id"": ""BASE_TOTAL_SERVICE"", ""excess_or_gap"": 0.15032786885245897, ""human_message"": ""Total service is 81.97%; shortage is 55.000 t."", ""limit"": 0.97, ""operator"": "">="", ""period"": ""2038"", ""reason"": ""total demand service minimum"", ""scenario"": ""BASE"", ""severity"": ""hard"", ""source_id"": null, ""unit"": ""share""}, {""actual"": 0.0, ""code"": ""RESERVE_45D"", ""constraint_id"": ""RESERVE_45D"", ""excess_or_gap"": 45.0, ""human_message"": ""Reserve equivalence is 0.000 days; required 45.000 days."", ""limit"": 45.0, ""operator"": "">="", ""period"": ""2038-01"", ""reason"": ""physical stock or demonstrably equivalent contracted emergency reserve"", ""scenario"": ""BASE"", ""severity"": ""hard"", ""source_id"": null, ""unit"": ""days""}, {""actual"": 0.819672131147541, ""code"": ""BASE_TOTAL_SERVICE"", ""constraint_id"": ""BASE_TOTAL_SERVICE"", ""excess_or_gap"": 0.15032786885245897, ""human_message"": ""Total service is 81.97%; shortage is 70.400 t."", ""limit"": 0.97, ""operator"": "">="", ""period"": ""2039"", ""reason"": ""total demand service minimum"", ""scenario"": ""BASE"", ""severity"": ""hard"", ""source_id"": null, ""unit"": ""share""}, {""actual"": 0.0, ""code"": ""RESERVE_45D"", ""constraint_id"": ""RESERVE_45D"", ""excess_or_gap"": 45.0, ""human_message"": ""Reserve equivalence is 0.000 days; required 45.000 days."", ""limit"": 45.0, ""operator"": "">="", ""period"": ""2039-01"", ""reason"": ""physical stock or demonstrably equivalent contracted emergency reserve"", ""scenario"": ""BASE"", ""severity"": ""hard"", ""source_id"": null, ""unit"": ""days""}, {""actual"": 0.7362295081967214, ""code"": ""BASE_TOTAL_SERVICE"", ""constraint_id"": ""BASE_TOTAL_SERVICE"", ""excess_or_gap"": 0.23377049180327858, ""human_message"": ""Total service is 73.62%; shortage is 125.502 t."", ""limit"": 0.97, ""operator"": "">="", ""period"": ""2040"", ""reason"": ""total demand service minimum"", ""scenario"": ""BASE"", ""severity"": ""hard"", ""source_id"": null, ""unit"": ""share""}, {""actual"": 0.0, ""code"": ""RESERVE_45D"", ""constraint_id"": ""RESERVE_45D"", ""excess_or_gap"": 45.0, ""human_message"": ""Reserve equivalence is 0.000 days; required 45.000 days."", ""limit"": 45.0, ""operator"": "">="", ""period"": ""2040-01"", ""reason"": ""physical stock or demonstrably equivalent contracted emergency reserve"", ""scenario"": ""BASE"", ""severity"": ""hard"", ""source_id"": null, ""unit"": ""days""}]"
1.23,run-d0de21fc2d745a94,False,1709.7,950.0,10439.262065763938,9530.366825353933,0.8188077002480876,1.0,309.7844748858448,0.0,0.0,0.0,9,"[{""actual"": 17.83778552071235, ""code"": ""RESERVE_45D"", ""constraint_id"": ""RESERVE_45D"", ""excess_or_gap"": 27.16221447928765, ""human_message"": ""Reserve equivalence is 17.838 days; required 45.000 days."", ""limit"": 45.0, ""operator"": "">="", ""period"": ""2036-01"", ""reason"": ""physical stock or demonstrably equivalent contracted emergency reserve"", ""scenario"": ""BASE"", ""severity"": ""hard"", ""source_id"": null, ""unit"": ""days""}, {""actual"": 0.810569105691057, ""code"": ""BASE_TOTAL_SERVICE"", ""constraint_id"": ""BASE_TOTAL_SERVICE"", ""excess_or_gap"": 0.15943089430894297, ""human_message"": ""Total service is 81.06%; shortage is 44.270 t."", ""limit"": 0.97, ""operator"": "">="", ""period"": ""2037"", ""reason"": ""total demand service minimum"", ""scenario"": ""BASE"", ""severity"": ""hard"", ""source_id"": null, ""unit"": ""share""}, {""actual"": 0.0, ""code"": ""RESERVE_45D"", ""constraint_id"": ""RESERVE_45D"", ""excess_or_gap"": 45.0, ""human_message"": ""Reserve equivalence is 0.000 days; required 45.000 days."", ""limit"": 45.0, ""operator"": "">="", ""period"": ""2037-01"", ""reason"": ""physical stock or demonstrably equivalent contracted emergency reserve"", ""scenario"": ""BASE"", ""severity"": ""hard"", ""source_id"": null, ""unit"": ""days""}, {""actual"": 0.8130081300813008, ""code"": ""BASE_TOTAL_SERVICE"", ""constraint_id"": ""BASE_TOTAL_SERVICE"", ""excess_or_gap"": 0.15699186991869918, ""human_message"": ""Total service is 81.30%; shortage is 57.500 t."", ""limit"": 0.97, ""operator"": "">="", ""period"": ""2038"", ""reason"": ""total demand service minimum"", ""scenario"": ""BASE"", ""severity"": ""hard"", ""source_id"": null, ""unit"": ""share""}, {""actual"": 0.0, ""code"": ""RESERVE_45D"", ""constraint_id"": ""RESERVE_45D"", ""excess_or_gap"": 45.0, ""human_message"": ""Reserve equivalence is 0.000 days; required 45.000 days."", ""limit"": 45.0, ""operator"": "">="", ""period"": ""2038-01"", ""reason"": ""physical stock or demonstrably equivalent contracted emergency reserve"", ""scenario"": ""BASE"", ""severity"": ""hard"", ""source_id"": null, ""unit"": ""days""}, {""actual"": 0.8130081300813008, ""code"": ""BASE_TOTAL_SERVICE"", ""constraint_id"": ""BASE_TOTAL_SERVICE"", ""excess_or_gap"": 0.15699186991869918, ""human_message"": ""Total service is 81.30%; shortage is 73.600 t."", ""limit"": 0.97, ""operator"": "">="", ""period"": ""2039"", ""reason"": ""total demand service minimum"", ""scenario"": ""BASE"", ""severity"": ""hard"", ""source_id"": null, ""unit"": ""share""}, {""actual"": 0.0, ""code"": ""RESERVE_45D"", ""constraint_id"": ""RESERVE_45D"", ""excess_or_gap"": 45.0, ""human_message"": ""Reserve equivalence is 0.000 days; required 45.000 days."", ""limit"": 45.0, ""operator"": "">="", ""period"": ""2039-01"", ""reason"": ""physical stock or demonstrably equivalent contracted emergency reserve"", ""scenario"": ""BASE"", ""severity"": ""hard"", ""source_id"": null, ""unit"": ""days""}, {""actual"": 0.7302439024390244, ""code"": ""BASE_TOTAL_SERVICE"", ""constraint_id"": ""BASE_TOTAL_SERVICE"", ""excess_or_gap"": 0.2397560975609756, ""human_message"": ""Total service is 73.02%; shortage is 129.402 t."", ""limit"": 0.97, ""operator"": "">="", ""period"": ""2040"", ""reason"": ""total demand service minimum"", ""scenario"": ""BASE"", ""severity"": ""hard"", ""source_id"": null, ""unit"": ""share""}, {""actual"": 0.0, ""code"": ""RESERVE_45D"", ""constraint_id"": ""RESERVE_45D"", ""excess_or_gap"": 45.0, ""human_message"": ""Reserve equivalence is 0.000 days; required 45.000 days."", ""limit"": 45.0, ""operator"": "">="", ""period"": ""2040-01"", ""reason"": ""physical stock or demonstrably equivalent contracted emergency reserve"", ""scenario"": ""BASE"", ""severity"": ""hard"", ""source_id"": null, ""unit"": ""days""}]"
1.24,run-83c81f92cf8b9153,False,1723.6000000000001,950.0,10438.330114257089,9529.462109633123,0.812204412342861,1.0,323.68447488584485,0.0,0.0,0.0,10,"[{""actual"": 0.957301411947899, ""code"": ""BASE_TOTAL_SERVICE"", ""constraint_id"": ""BASE_TOTAL_SERVICE"", ""excess_or_gap"": 0.012698588052101, ""human_message"": ""Total service is 95.73%; shortage is 7.412 t."", ""limit"": 0.97, ""operator"": "">="", ""period"": ""2036"", ""reason"": ""total demand service minimum"", ""scenario"": ""BASE"", ""severity"": ""hard"", ""source_id"": null, ""unit"": ""share""}, {""actual"": 15.591397849462382, ""code"": ""RESERVE_45D"", ""constraint_id"": ""RESERVE_45D"", ""excess_or_gap"": 29.408602150537618, ""human_message"": ""Reserve equivalence is 15.591 days; required 45.000 days."", ""limit"": 45.0, ""operator"": "">="", ""period"": ""2036-01"", ""reason"": ""physical stock or demonstrably equivalent contracted emergency reserve"", ""scenario"": ""BASE"", ""severity"": ""hard"", ""source_id"": null, ""unit"": ""days""}, {""actual"": 0.8040322580645162, ""code"": ""BASE_TOTAL_SERVICE"", ""constraint_id"": ""BASE_TOTAL_SERVICE"", ""excess_or_gap"": 0.1659677419354838, ""human_message"": ""Total service is 80.40%; shortage is 46.170 t."", ""limit"": 0.97, ""operator"": "">="", ""period"": ""2037"", ""reason"": ""total demand service minimum"", ""scenario"": ""BASE"", ""severity"": ""hard"", ""source_id"": null, ""unit"": ""share""}, {""actual"": 0.0, ""code"": ""RESERVE_45D"", ""constraint_id"": ""RESERVE_45D"", ""excess_or_gap"": 45.0, ""human_message"": ""Reserve equivalence is 0.000 days; required 45.000 days."", ""limit"": 45.0, ""operator"": "">="", ""period"": ""2037-01"", ""reason"": ""physical stock or demonstrably equivalent contracted emergency reserve"", ""scenario"": ""BASE"", ""severity"": ""hard"", ""source_id"": null, ""unit"": ""days""}, {""actual"": 0.8064516129032258, ""code"": ""BASE_TOTAL_SERVICE"", ""constraint_id"": ""BASE_TOTAL_SERVICE"", ""excess_or_gap"": 0.16354838709677422, ""human_message"": ""Total service is 80.65%; shortage is 60.000 t."", ""limit"": 0.97, ""operator"": "">="", ""period"": ""2038"", ""reason"": ""total demand service minimum"", ""scenario"": ""BASE"", ""severity"": ""hard"", ""source_id"": null, ""unit"": ""share""}, {""actual"": 0.0, ""code"": ""RESERVE_45D"", ""constraint_id"": ""RESERVE_45D"", ""excess_or_gap"": 45.0, ""human_message"": ""Reserve equivalence is 0.000 days; required 45.000 days."", ""limit"": 45.0, ""operator"": "">="", ""period"": ""2038-01"", ""reason"": ""physical stock or demonstrably equivalent contracted emergency reserve"", ""scenario"": ""BASE"", ""severity"": ""hard"", ""source_id"": null, ""unit"": ""days""}, {""actual"": 0.8064516129032256, ""code"": ""BASE_TOTAL_SERVICE"", ""constraint_id"": ""BASE_TOTAL_SERVICE"", ""excess_or_gap"": 0.16354838709677433, ""human_message"": ""Total service is 80.65%; shortage is 76.800 t."", ""limit"": 0.97, ""operator"": "">="", ""period"": ""2039"", ""reason"": ""total demand service minimum"", ""scenario"": ""BASE"", ""severity"": ""hard"", ""source_id"": null, ""unit"": ""share""}, {""actual"": 0.0, ""code"": ""RESERVE_45D"", ""constraint_id"": ""RESERVE_45D"", ""excess_or_gap"": 45.0, ""human_message"": ""Reserve equivalence is 0.000 days; required 45.000 days."", ""limit"": 45.0, ""operator"": "">="", ""period"": ""2039-01"", ""reason"": ""physical stock or demonstrably equivalent contracted emergency reserve"", ""scenario"": ""BASE"", ""severity"": ""hard"", ""source_id"": null, ""unit"": ""days""}, {""actual"": 0.7243548387096774, ""code"": ""BASE_TOTAL_SERVICE"", ""constraint_id"": ""BASE_TOTAL_SERVICE"", ""excess_or_gap"": 0.24564516129032254, ""human_message"": ""Total service is 72.44%; shortage is 133.302 t."", ""limit"": 0.97, ""operator"": "">="", ""period"": ""2040"", ""reason"": ""total demand service minimum"", ""scenario"": ""BASE"", ""severity"": ""hard"", ""source_id"": null, ""unit"": ""share""}, {""actual"": 0.0, ""code"": ""RESERVE_45D"", ""constraint_id"": ""RESERVE_45D"", ""excess_or_gap"": 45.0, ""human_message"": ""Reserve equivalence is 0.000 days; required 45.000 days."", ""limit"": 45.0, ""operator"": "">="", ""period"": ""2040-01"", ""reason"": ""physical stock or demonstrably equivalent contracted emergency reserve"", ""scenario"": ""BASE"", ""severity"": ""hard"", ""source_id"": null, ""unit"": ""days""}]"
1.25,run-adae92e9575b0427,False,1737.5,950.0,10437.55579124339,9528.707516286744,0.8057067770441182,1.0,337.5844748858448,0.0,0.0,0.0,10,"[{""actual"": 0.9439287149380302, ""code"": ""BASE_TOTAL_SERVICE"", ""constraint_id"": ""BASE_TOTAL_SERVICE"", ""excess_or_gap"": 0.026071285061969762, ""human_message"": ""Total service is 94.39%; shortage is 9.812 t."", ""limit"": 0.97, ""operator"": "">="", ""period"": ""2036"", ""reason"": ""total demand service minimum"", ""scenario"": ""BASE"", ""severity"": ""hard"", ""source_id"": null, ""unit"": ""share""}, {""actual"": 13.380952380952404, ""code"": ""RESERVE_45D"", ""constraint_id"": ""RESERVE_45D"", ""excess_or_gap"": 31.619047619047596, ""human_message"": ""Reserve equivalence is 13.381 days; required 45.000 days."", ""limit"": 45.0, ""operator"": "">="", ""period"": ""2036-01"", ""reason"": ""physical stock or demonstrably equivalent contracted emergency reserve"", ""scenario"": ""BASE"", ""severity"": ""hard"", ""source_id"": null, ""unit"": ""days""}, {""actual"": 0.7976, ""code"": ""BASE_TOTAL_SERVICE"", ""constraint_id"": ""BASE_TOTAL_SERVICE"", ""excess_or_gap"": 0.1724, ""human_message"": ""Total service is 79.76%; shortage is 48.070 t."", ""limit"": 0.97, ""operator"": "">="", ""period"": ""2037"", ""reason"": ""total demand service minimum"", ""scenario"": ""BASE"", ""severity"": ""hard"", ""source_id"": null, ""unit"": ""share""}, {""actual"": 0.0, ""code"": ""RESERVE_45D"", ""constraint_id"": ""RESERVE_45D"", ""excess_or_gap"": 45.0, ""human_message"": ""Reserve equivalence is 0.000 days; required 45.000 days."", ""limit"": 45.0, ""operator"": "">="", ""period"": ""2037-01"", ""reason"": ""physical stock or demonstrably equivalent contracted emergency reserve"", ""scenario"": ""BASE"", ""severity"": ""hard"", ""source_id"": null, ""unit"": ""days""}, {""actual"": 0.8, ""code"": ""BASE_TOTAL_SERVICE"", ""constraint_id"": ""BASE_TOTAL_SERVICE"", ""excess_or_gap"": 0.16999999999999993, ""human_message"": ""Total service is 80.00%; shortage is 62.500 t."", ""limit"": 0.97, ""operator"": "">="", ""period"": ""2038"", ""reason"": ""total demand service minimum"", ""scenario"": ""BASE"", ""severity"": ""hard"", ""source_id"": null, ""unit"": ""share""}, {""actual"": 0.0, ""code"": ""RESERVE_45D"", ""constraint_id"": ""RESERVE_45D"", ""excess_or_gap"": 45.0, ""human_message"": ""Reserve equivalence is 0.000 days; required 45.000 days."", ""limit"": 45.0, ""operator"": "">="", ""period"": ""2038-01"", ""reason"": ""physical stock or demonstrably equivalent contracted emergency reserve"", ""scenario"": ""BASE"", ""severity"": ""hard"", ""source_id"": null, ""unit"": ""days""}, {""actual"": 0.8, ""code"": ""BASE_TOTAL_SERVICE"", ""constraint_id"": ""BASE_TOTAL_SERVICE"", ""excess_or_gap"": 0.16999999999999993, ""human_message"": ""Total service is 80.00%; shortage is 80.000 t."", ""limit"": 0.97, ""operator"": "">="", ""period"": ""2039"", ""reason"": ""total demand service minimum"", ""scenario"": ""BASE"", ""severity"": ""hard"", ""source_id"": null, ""unit"": ""share""}, {""actual"": 0.0, ""code"": ""RESERVE_45D"", ""constraint_id"": ""RESERVE_45D"", ""excess_or_gap"": 45.0, ""human_message"": ""Reserve equivalence is 0.000 days; required 45.000 days."", ""limit"": 45.0, ""operator"": "">="", ""period"": ""2039-01"", ""reason"": ""physical stock or demonstrably equivalent contracted emergency reserve"", ""scenario"": ""BASE"", ""severity"": ""hard"", ""source_id"": null, ""unit"": ""days""}, {""actual"": 0.71856, ""code"": ""BASE_TOTAL_SERVICE"", ""constraint_id"": ""BASE_TOTAL_SERVICE"", ""excess_or_gap"": 0.25144, ""human_message"": ""Total service is 71.86%; shortage is 137.202 t."", ""limit"": 0.97, ""operator"": "">="", ""period"": ""2040"", ""reason"": ""total demand service minimum"", ""scenario"": ""BASE"", ""severity"": ""hard"", ""source_id"": null, ""unit"": ""share""}, {""actual"": 0.0, ""code"": ""RESERVE_45D"", ""constraint_id"": ""RESERVE_45D"", ""excess_or_gap"": 45.0, ""human_message"": ""Reserve equivalence is 0.000 days; required 45.000 days."", ""limit"": 45.0, ""operator"": "">="", ""period"": ""2040-01"", ""reason"": ""physical stock or demonstrably equivalent contracted emergency reserve"", ""scenario"": ""BASE"", ""severity"": ""hard"", ""source_id"": null, ""unit"": ""days""}]"
1.26,run-613af1fb783cab12,False,1751.4,950.0,10436.883419736541,9528.050019613554,0.7993122788136092,1.0,351.48447488584475,0.0,0.0,0.0,10,"[{""actual"": 0.9307682829600638, ""code"": ""BASE_TOTAL_SERVICE"", ""constraint_id"": ""BASE_TOTAL_SERVICE"", ""excess_or_gap"": 0.03923171703993622, ""human_message"": ""Total service is 93.08%; shortage is 12.212 t."", ""limit"": 0.97, ""operator"": "">="", ""period"": ""2036"", ""reason"": ""total demand service minimum"", ""scenario"": ""BASE"", ""severity"": ""hard"", ""source_id"": null, ""unit"": ""share""}, {""actual"": 11.205593348450504, ""code"": ""RESERVE_45D"", ""constraint_id"": ""RESERVE_45D"", ""excess_or_gap"": 33.794406651549494, ""human_message"": ""Reserve equivalence is 11.206 days; required 45.000 days."", ""limit"": 45.0, ""operator"": "">="", ""period"": ""2036-01"", ""reason"": ""physical stock or demonstrably equivalent contracted emergency reserve"", ""scenario"": ""BASE"", ""severity"": ""hard"", ""source_id"": null, ""unit"": ""days""}, {""actual"": 0.7912698412698413, ""code"": ""BASE_TOTAL_SERVICE"", ""constraint_id"": ""BASE_TOTAL_SERVICE"", ""excess_or_gap"": 0.17873015873015863, ""human_message"": ""Total service is 79.13%; shortage is 49.970 t."", ""limit"": 0.97, ""operator"": "">="", ""period"": ""2037"", ""reason"": ""total demand service minimum"", ""scenario"": ""BASE"", ""severity"": ""hard"", ""source_id"": null, ""unit"": ""share""}, {""actual"": 0.0, ""code"": ""RESERVE_45D"", ""constraint_id"": ""RESERVE_45D"", ""excess_or_gap"": 45.0, ""human_message"": ""Reserve equivalence is 0.000 days; required 45.000 days."", ""limit"": 45.0, ""operator"": "">="", ""period"": ""2037-01"", ""reason"": ""physical stock or demonstrably equivalent contracted emergency reserve"", ""scenario"": ""BASE"", ""severity"": ""hard"", ""source_id"": null, ""unit"": ""days""}, {""actual"": 0.7936507936507936, ""code"": ""BASE_TOTAL_SERVICE"", ""constraint_id"": ""BASE_TOTAL_SERVICE"", ""excess_or_gap"": 0.17634920634920637, ""human_message"": ""Total service is 79.37%; shortage is 65.000 t."", ""limit"": 0.97, ""operator"": "">="", ""period"": ""2038"", ""reason"": ""total demand service minimum"", ""scenario"": ""BASE"", ""severity"": ""hard"", ""source_id"": null, ""unit"": ""share""}, {""actual"": 0.0, ""code"": ""RESERVE_45D"", ""constraint_id"": ""RESERVE_45D"", ""excess_or_gap"": 45.0, ""human_message"": ""Reserve equivalence is 0.000 days; required 45.000 days."", ""limit"": 45.0, ""operator"": "">="", ""period"": ""2038-01"", ""reason"": ""physical stock or demonstrably equivalent contracted emergency reserve"", ""scenario"": ""BASE"", ""severity"": ""hard"", ""source_id"": null, ""unit"": ""days""}, {""actual"": 0.7936507936507936, ""code"": ""BASE_TOTAL_SERVICE"", ""constraint_id"": ""BASE_TOTAL_SERVICE"", ""excess_or_gap"": 0.17634920634920637, ""human_message"": ""Total service is 79.37%; shortage is 83.200 t."", ""limit"": 0.97, ""operator"": "">="", ""period"": ""2039"", ""reason"": ""total demand service minimum"", ""scenario"": ""BASE"", ""severity"": ""hard"", ""source_id"": null, ""unit"": ""share""}, {""actual"": 0.0, ""code"": ""RESERVE_45D"", ""constraint_id"": ""RESERVE_45D"", ""excess_or_gap"": 45.0, ""human_message"": ""Reserve equivalence is 0.000 days; required 45.000 days."", ""limit"": 45.0, ""operator"": "">="", ""period"": ""2039-01"", ""reason"": ""physical stock or demonstrably equivalent contracted emergency reserve"", ""scenario"": ""BASE"", ""severity"": ""hard"", ""source_id"": null, ""unit"": ""days""}, {""actual"": 0.7128571428571429, ""code"": ""BASE_TOTAL_SERVICE"", ""constraint_id"": ""BASE_TOTAL_SERVICE"", ""excess_or_gap"": 0.2571428571428571, ""human_message"": ""Total service is 71.29%; shortage is 141.102 t."", ""limit"": 0.97, ""operator"": "">="", ""period"": ""2040"", ""reason"": ""total demand service minimum"", ""scenario"": ""BASE"", ""severity"": ""hard"", ""source_id"": null, ""unit"": ""share""}, {""actual"": 0.0, ""code"": ""RESERVE_45D"", ""constraint_id"": ""RESERVE_45D"", ""excess_or_gap"": 45.0, ""human_message"": ""Reserve equivalence is 0.000 days; required 45.000 days."", ""limit"": 45.0, ""operator"": "">="", ""period"": ""2040-01"", ""reason"": ""physical stock or demonstrably equivalent contracted emergency reserve"", ""scenario"": ""BASE"", ""severity"": ""hard"", ""source_id"": null, ""unit"": ""days""}]"
1.27,run-93c295a5feedf806,False,1765.3,950.0,10436.291908229692,9527.469532464173,0.793018481342636,1.0,365.3844748858448,0.0,0.0,0.0,10,"[{""actual"": 0.9178151018793883, ""code"": ""BASE_TOTAL_SERVICE"", ""constraint_id"": ""BASE_TOTAL_SERVICE"", ""excess_or_gap"": 0.05218489812061167, ""human_message"": ""Total service is 91.78%; shortage is 14.612 t."", ""limit"": 0.97, ""operator"": "">="", ""period"": ""2036"", ""reason"": ""total demand service minimum"", ""scenario"": ""BASE"", ""severity"": ""hard"", ""source_id"": null, ""unit"": ""share""}, {""actual"": 9.064491938507702, ""code"": ""RESERVE_45D"", ""constraint_id"": ""RESERVE_45D"", ""excess_or_gap"": 35.9355080614923, ""human_message"": ""Reserve equivalence is 9.064 days; required 45.000 days."", ""limit"": 45.0, ""operator"": "">="", ""period"": ""2036-01"", ""reason"": ""physical stock or demonstrably equivalent contracted emergency reserve"", ""scenario"": ""BASE"", ""severity"": ""hard"", ""source_id"": null, ""unit"": ""days""}, {""actual"": 0.7850393700787401, ""code"": ""BASE_TOTAL_SERVICE"", ""constraint_id"": ""BASE_TOTAL_SERVICE"", ""excess_or_gap"": 0.18496062992125983, ""human_message"": ""Total service is 78.50%; shortage is 51.870 t."", ""limit"": 0.97, ""operator"": "">="", ""period"": ""2037"", ""reason"": ""total demand service minimum"", ""scenario"": ""BASE"", ""severity"": ""hard"", ""source_id"": null, ""unit"": ""share""}, {""actual"": 0.0, ""code"": ""RESERVE_45D"", ""constraint_id"": ""RESERVE_45D"", ""excess_or_gap"": 45.0, ""human_message"": ""Reserve equivalence is 0.000 days; required 45.000 days."", ""limit"": 45.0, ""operator"": "">="", ""period"": ""2037-01"", ""reason"": ""physical stock or demonstrably equivalent contracted emergency reserve"", ""scenario"": ""BASE"", ""severity"": ""hard"", ""source_id"": null, ""unit"": ""days""}, {""actual"": 0.7874015748031497, ""code"": ""BASE_TOTAL_SERVICE"", ""constraint_id"": ""BASE_TOTAL_SERVICE"", ""excess_or_gap"": 0.18259842519685032, ""human_message"": ""Total service is 78.74%; shortage is 67.500 t."", ""limit"": 0.97, ""operator"": "">="", ""period"": ""2038"", ""reason"": ""total demand service minimum"", ""scenario"": ""BASE"", ""severity"": ""hard"", ""source_id"": null, ""unit"": ""share""}, {""actual"": 0.0, ""code"": ""RESERVE_45D"", ""constraint_id"": ""RESERVE_45D"", ""excess_or_gap"": 45.0, ""human_message"": ""Reserve equivalence is 0.000 days; required 45.000 days."", ""limit"": 45.0, ""operator"": "">="", ""period"": ""2038-01"", ""reason"": ""physical stock or demonstrably equivalent contracted emergency reserve"", ""scenario"": ""BASE"", ""severity"": ""hard"", ""source_id"": null, ""unit"": ""days""}, {""actual"": 0.7874015748031497, ""code"": ""BASE_TOTAL_SERVICE"", ""constraint_id"": ""BASE_TOTAL_SERVICE"", ""excess_or_gap"": 0.18259842519685032, ""human_message"": ""Total service is 78.74%; shortage is 86.400 t."", ""limit"": 0.97, ""operator"": "">="", ""period"": ""2039"", ""reason"": ""total demand service minimum"", ""scenario"": ""BASE"", ""severity"": ""hard"", ""source_id"": null, ""unit"": ""share""}, {""actual"": 0.0, ""code"": ""RESERVE_45D"", ""constraint_id"": ""RESERVE_45D"", ""excess_or_gap"": 45.0, ""human_message"": ""Reserve equivalence is 0.000 days; required 45.000 days."", ""limit"": 45.0, ""operator"": "">="", ""period"": ""2039-01"", ""reason"": ""physical stock or demonstrably equivalent contracted emergency reserve"", ""scenario"": ""BASE"", ""severity"": ""hard"", ""source_id"": null, ""unit"": ""days""}, {""actual"": 0.707244094488189, ""code"": ""BASE_TOTAL_SERVICE"", ""constraint_id"": ""BASE_TOTAL_SERVICE"", ""excess_or_gap"": 0.26275590551181094, ""human_message"": ""Total service is 70.72%; shortage is 145.002 t."", ""limit"": 0.97, ""operator"": "">="", ""period"": ""2040"", ""reason"": ""total demand service minimum"", ""scenario"": ""BASE"", ""severity"": ""hard"", ""source_id"": null, ""unit"": ""share""}, {""actual"": 0.0, ""code"": ""RESERVE_45D"", ""constraint_id"": ""RESERVE_45D"", ""excess_or_gap"": 45.0, ""human_message"": ""Reserve equivalence is 0.000 days; required 45.000 days."", ""limit"": 45.0, ""operator"": "">="", ""period"": ""2040-01"", ""reason"": ""physical stock or demonstrably equivalent contracted emergency reserve"", ""scenario"": ""BASE"", ""severity"": ""hard"", ""source_id"": null, ""unit"": ""days""}]"
1.28,run-7fb49826b7bba23d,False,1779.2,950.0,10435.760908229691,9526.946675321316,0.7868230244571467,1.0,379.2844748858448,0.0,0.0,0.0,10,"[{""actual"": 0.9050643142530984, ""code"": ""BASE_TOTAL_SERVICE"", ""constraint_id"": ""BASE_TOTAL_SERVICE"", ""excess_or_gap"": 0.06493568574690156, ""human_message"": ""Total service is 90.51%; shortage is 17.012 t."", ""limit"": 0.97, ""operator"": "">="", ""period"": ""2036"", ""reason"": ""total demand service minimum"", ""scenario"": ""BASE"", ""severity"": ""hard"", ""source_id"": null, ""unit"": ""share""}, {""actual"": 6.956845238095256, ""code"": ""RESERVE_45D"", ""constraint_id"": ""RESERVE_45D"", ""excess_or_gap"": 38.043154761904745, ""human_message"": ""Reserve equivalence is 6.957 days; required 45.000 days."", ""limit"": 45.0, ""operator"": "">="", ""period"": ""2036-01"", ""reason"": ""physical stock or demonstrably equivalent contracted emergency reserve"", ""scenario"": ""BASE"", ""severity"": ""hard"", ""source_id"": null, ""unit"": ""days""}, {""actual"": 0.7789062499999999, ""code"": ""BASE_TOTAL_SERVICE"", ""constraint_id"": ""BASE_TOTAL_SERVICE"", ""excess_or_gap"": 0.19109375000000006, ""human_message"": ""Total service is 77.89%; shortage is 53.770 t."", ""limit"": 0.97, ""operator"": "">="", ""period"": ""2037"", ""reason"": ""total demand service minimum"", ""scenario"": ""BASE"", ""severity"": ""hard"", ""source_id"": null, ""unit"": ""share""}, {""actual"": 0.0, ""code"": ""RESERVE_45D"", ""constraint_id"": ""RESERVE_45D"", ""excess_or_gap"": 45.0, ""human_message"": ""Reserve equivalence is 0.000 days; required 45.000 days."", ""limit"": 45.0, ""operator"": "">="", ""period"": ""2037-01"", ""reason"": ""physical stock or demonstrably equivalent contracted emergency reserve"", ""scenario"": ""BASE"", ""severity"": ""hard"", ""source_id"": null, ""unit"": ""days""}, {""actual"": 0.78125, ""code"": ""BASE_TOTAL_SERVICE"", ""constraint_id"": ""BASE_TOTAL_SERVICE"", ""excess_or_gap"": 0.18874999999999997, ""human_message"": ""Total service is 78.12%; shortage is 70.000 t."", ""limit"": 0.97, ""operator"": "">="", ""period"": ""2038"", ""reason"": ""total demand service minimum"", ""scenario"": ""BASE"", ""severity"": ""hard"", ""source_id"": null, ""unit"": ""share""}, {""actual"": 0.0, ""code"": ""RESERVE_45D"", ""constraint_id"": ""RESERVE_45D"", ""excess_or_gap"": 45.0, ""human_message"": ""Reserve equivalence is 0.000 days; required 45.000 days."", ""limit"": 45.0, ""operator"": "">="", ""period"": ""2038-01"", ""reason"": ""physical stock or demonstrably equivalent contracted emergency reserve"", ""scenario"": ""BASE"", ""severity"": ""hard"", ""source_id"": null, ""unit"": ""days""}, {""actual"": 0.78125, ""code"": ""BASE_TOTAL_SERVICE"", ""constraint_id"": ""BASE_TOTAL_SERVICE"", ""excess_or_gap"": 0.18874999999999997, ""human_message"": ""Total service is 78.12%; shortage is 89.600 t."", ""limit"": 0.97, ""operator"": "">="", ""period"": ""2039"", ""reason"": ""total demand service minimum"", ""scenario"": ""BASE"", ""severity"": ""hard"", ""source_id"": null, ""unit"": ""share""}, {""actual"": 0.0, ""code"": ""RESERVE_45D"", ""constraint_id"": ""RESERVE_45D"", ""excess_or_gap"": 45.0, ""human_message"": ""Reserve equivalence is 0.000 days; required 45.000 days."", ""limit"": 45.0, ""operator"": "">="", ""period"": ""2039-01"", ""reason"": ""physical stock or demonstrably equivalent contracted emergency reserve"", ""scenario"": ""BASE"", ""severity"": ""hard"", ""source_id"": null, ""unit"": ""days""}, {""actual"": 0.70171875, ""code"": ""BASE_TOTAL_SERVICE"", ""constraint_id"": ""BASE_TOTAL_SERVICE"", ""excess_or_gap"": 0.26828125, ""human_message"": ""Total service is 70.17%; shortage is 148.902 t."", ""limit"": 0.97, ""operator"": "">="", ""period"": ""2040"", ""reason"": ""total demand service minimum"", ""scenario"": ""BASE"", ""severity"": ""hard"", ""source_id"": null, ""unit"": ""share""}, {""actual"": 0.0, ""code"": ""RESERVE_45D"", ""constraint_id"": ""RESERVE_45D"", ""excess_or_gap"": 45.0, ""human_message"": ""Reserve equivalence is 0.000 days; required 45.000 days."", ""limit"": 45.0, ""operator"": "">="", ""period"": ""2040-01"", ""reason"": ""physical stock or demonstrably equivalent contracted emergency reserve"", ""scenario"": ""BASE"", ""severity"": ""hard"", ""source_id"": null, ""unit"": ""days""}]"
1.29,run-ec30aa1aaec57ecf,False,1793.1,950.0,10435.303256722842,9526.493673886222,0.7807236211667812,1.0,393.1844748858448,0.0,0.0,0.0,10,"[{""actual"": 0.8925112132566736, ""code"": ""BASE_TOTAL_SERVICE"", ""constraint_id"": ""BASE_TOTAL_SERVICE"", ""excess_or_gap"": 0.07748878674332638, ""human_message"": ""Total service is 89.25%; shortage is 19.412 t."", ""limit"": 0.97, ""operator"": "">="", ""period"": ""2036"", ""reason"": ""total demand service minimum"", ""scenario"": ""BASE"", ""severity"": ""hard"", ""source_id"": null, ""unit"": ""share""}, {""actual"": 4.881875230712454, ""code"": ""RESERVE_45D"", ""constraint_id"": ""RESERVE_45D"", ""excess_or_gap"": 40.11812476928755, ""human_message"": ""Reserve equivalence is 4.882 days; required 45.000 days."", ""limit"": 45.0, ""operator"": "">="", ""period"": ""2036-01"", ""reason"": ""physical stock or demonstrably equivalent contracted emergency reserve"", ""scenario"": ""BASE"", ""severity"": ""hard"", ""source_id"": null, ""unit"": ""days""}, {""actual"": 0.7728682170542636, ""code"": ""BASE_TOTAL_SERVICE"", ""constraint_id"": ""BASE_TOTAL_SERVICE"", ""excess_or_gap"": 0.1971317829457364, ""human_message"": ""Total service is 77.29%; shortage is 55.670 t."", ""limit"": 0.97, ""operator"": "">="", ""period"": ""2037"", ""reason"": ""total demand service minimum"", ""scenario"": ""BASE"", ""severity"": ""hard"", ""source_id"": null, ""unit"": ""share""}, {""actual"": 0.0, ""code"": ""RESERVE_45D"", ""constraint_id"": ""RESERVE_45D"", ""excess_or_gap"": 45.0, ""human_message"": ""Reserve equivalence is 0.000 days; required 45.000 days."", ""limit"": 45.0, ""operator"": "">="", ""period"": ""2037-01"", ""reason"": ""physical stock or demonstrably equivalent contracted emergency reserve"", ""scenario"": ""BASE"", ""severity"": ""hard"", ""source_id"": null, ""unit"": ""days""}, {""actual"": 0.7751937984496124, ""code"": ""BASE_TOTAL_SERVICE"", ""constraint_id"": ""BASE_TOTAL_SERVICE"", ""excess_or_gap"": 0.19480620155038753, ""human_message"": ""Total service is 77.52%; shortage is 72.500 t."", ""limit"": 0.97, ""operator"": "">="", ""period"": ""2038"", ""reason"": ""total demand service minimum"", ""scenario"": ""BASE"", ""severity"": ""hard"", ""source_id"": null, ""unit"": ""share""}, {""actual"": 0.0, ""code"": ""RESERVE_45D"", ""constraint_id"": ""RESERVE_45D"", ""excess_or_gap"": 45.0, ""human_message"": ""Reserve equivalence is 0.000 days; required 45.000 days."", ""limit"": 45.0, ""operator"": "">="", ""period"": ""2038-01"", ""reason"": ""physical stock or demonstrably equivalent contracted emergency reserve"", ""scenario"": ""BASE"", ""severity"": ""hard"", ""source_id"": null, ""unit"": ""days""}, {""actual"": 0.7751937984496124, ""code"": ""BASE_TOTAL_SERVICE"", ""constraint_id"": ""BASE_TOTAL_SERVICE"", ""excess_or_gap"": 0.19480620155038753, ""human_message"": ""Total service is 77.52%; shortage is 92.800 t."", ""limit"": 0.97, ""operator"": "">="", ""period"": ""2039"", ""reason"": ""total demand service minimum"", ""scenario"": ""BASE"", ""severity"": ""hard"", ""source_id"": null, ""unit"": ""share""}, {""actual"": 0.0, ""code"": ""RESERVE_45D"", ""constraint_id"": ""RESERVE_45D"", ""excess_or_gap"": 45.0, ""human_message"": ""Reserve equivalence is 0.000 days; required 45.000 days."", ""limit"": 45.0, ""operator"": "">="", ""period"": ""2039-01"", ""reason"": ""physical stock or demonstrably equivalent contracted emergency reserve"", ""scenario"": ""BASE"", ""severity"": ""hard"", ""source_id"": null, ""unit"": ""days""}, {""actual"": 0.6962790697674418, ""code"": ""BASE_TOTAL_SERVICE"", ""constraint_id"": ""BASE_TOTAL_SERVICE"", ""excess_or_gap"": 0.27372093023255817, ""human_message"": ""Total service is 69.63%; shortage is 152.802 t."", ""limit"": 0.97, ""operator"": "">="", ""period"": ""2040"", ""reason"": ""total demand service minimum"", ""scenario"": ""BASE"", ""severity"": ""hard"", ""source_id"": null, ""unit"": ""share""}, {""actual"": 0.0, ""code"": ""RESERVE_45D"", ""constraint_id"": ""RESERVE_45D"", ""excess_or_gap"": 45.0, ""human_message"": ""Reserve equivalence is 0.000 days; required 45.000 days."", ""limit"": 45.0, ""operator"": "">="", ""period"": ""2040-01"", ""reason"": ""physical stock or demonstrably equivalent contracted emergency reserve"", ""scenario"": ""BASE"", ""severity"": ""hard"", ""source_id"": null, ""unit"": ""days""}]"
1.3,run-a41a4158acb0ccb9,False,1807.0,950.0,10434.877465215994,9526.07101530827,0.7747180548501137,1.0,407.0844748858447,0.0,0.0,0.0,10,"[{""actual"": 0.8801512368909629, ""code"": ""BASE_TOTAL_SERVICE"", ""constraint_id"": ""BASE_TOTAL_SERVICE"", ""excess_or_gap"": 0.08984876310903711, ""human_message"": ""Total service is 88.02%; shortage is 21.812 t."", ""limit"": 0.97, ""operator"": "">="", ""period"": ""2036"", ""reason"": ""total demand service minimum"", ""scenario"": ""BASE"", ""severity"": ""hard"", ""source_id"": null, ""unit"": ""share""}, {""actual"": 2.8388278388278567, ""code"": ""RESERVE_45D"", ""constraint_id"": ""RESERVE_45D"", ""excess_or_gap"": 42.161172161172146, ""human_message"": ""Reserve equivalence is 2.839 days; required 45.000 days."", ""limit"": 45.0, ""operator"": "">="", ""period"": ""2036-01"", ""reason"": ""physical stock or demonstrably equivalent contracted emergency reserve"", ""scenario"": ""BASE"", ""severity"": ""hard"", ""source_id"": null, ""unit"": ""days""}, {""actual"": 0.7669230769230769, ""code"": ""BASE_TOTAL_SERVICE"", ""constraint_id"": ""BASE_TOTAL_SERVICE"", ""excess_or_gap"": 0.20307692307692304, ""human_message"": ""Total service is 76.69%; shortage is 57.570 t."", ""limit"": 0.97, ""operator"": "">="", ""period"": ""2037"", ""reason"": ""total demand service minimum"", ""scenario"": ""BASE"", ""severity"": ""hard"", ""source_id"": null, ""unit"": ""share""}, {""actual"": 0.0, ""code"": ""RESERVE_45D"", ""constraint_id"": ""RESERVE_45D"", ""excess_or_gap"": 45.0, ""human_message"": ""Reserve equivalence is 0.000 days; required 45.000 days."", ""limit"": 45.0, ""operator"": "">="", ""period"": ""2037-01"", ""reason"": ""physical stock or demonstrably equivalent contracted emergency reserve"", ""scenario"": ""BASE"", ""severity"": ""hard"", ""source_id"": null, ""unit"": ""days""}, {""actual"": 0.7692307692307693, ""code"": ""BASE_TOTAL_SERVICE"", ""constraint_id"": ""BASE_TOTAL_SERVICE"", ""excess_or_gap"": 0.2007692307692307, ""human_message"": ""Total service is 76.92%; shortage is 75.000 t."", ""limit"": 0.97, ""operator"": "">="", ""period"": ""2038"", ""reason"": ""total demand service minimum"", ""scenario"": ""BASE"", ""severity"": ""hard"", ""source_id"": null, ""unit"": ""share""}, {""actual"": 0.0, ""code"": ""RESERVE_45D"", ""constraint_id"": ""RESERVE_45D"", ""excess_or_gap"": 45.0, ""human_message"": ""Reserve equivalence is 0.000 days; required 45.000 days."", ""limit"": 45.0, ""operator"": "">="", ""period"": ""2038-01"", ""reason"": ""physical stock or demonstrably equivalent contracted emergency reserve"", ""scenario"": ""BASE"", ""severity"": ""hard"", ""source_id"": null, ""unit"": ""days""}, {""actual"": 0.7692307692307693, ""code"": ""BASE_TOTAL_SERVICE"", ""constraint_id"": ""BASE_TOTAL_SERVICE"", ""excess_or_gap"": 0.2007692307692307, ""human_message"": ""Total service is 76.92%; shortage is 96.000 t."", ""limit"": 0.97, ""operator"": "">="", ""period"": ""2039"", ""reason"": ""total demand service minimum"", ""scenario"": ""BASE"", ""severity"": ""hard"", ""source_id"": null, ""unit"": ""share""}, {""actual"": 0.0, ""code"": ""RESERVE_45D"", ""constraint_id"": ""RESERVE_45D"", ""excess_or_gap"": 45.0, ""human_message"": ""Reserve equivalence is 0.000 days; required 45.000 days."", ""limit"": 45.0, ""operator"": "">="", ""period"": ""2039-01"", ""reason"": ""physical stock or demonstrably equivalent contracted emergency reserve"", ""scenario"": ""BASE"", ""severity"": ""hard"", ""source_id"": null, ""unit"": ""days""}, {""actual"": 0.690923076923077, ""code"": ""BASE_TOTAL_SERVICE"", ""constraint_id"": ""BASE_TOTAL_SERVICE"", ""excess_or_gap"": 0.279076923076923, ""human_message"": ""Total service is 69.09%; shortage is 156.702 t."", ""limit"": 0.97, ""operator"": "">="", ""period"": ""2040"", ""reason"": ""total demand service minimum"", ""scenario"": ""BASE"", ""severity"": ""hard"", ""source_id"": null, ""unit"": ""share""}, {""actual"": 0.0, ""code"": ""RESERVE_45D"", ""constraint_id"": ""RESERVE_45D"", ""excess_or_gap"": 45.0, ""human_message"": ""Reserve equivalence is 0.000 days; required 45.000 days."", ""limit"": 45.0, ""operator"": "">="", ""period"": ""2040-01"", ""reason"": ""physical stock or demonstrably equivalent contracted emergency reserve"", ""scenario"": ""BASE"", ""severity"": ""hard"", ""source_id"": null, ""unit"": ""days""}]"
1.31,run-33daacf3a6e875dd,False,1820.9,950.0,10434.487465215992,9525.6824438797,0.7688041765688151,1.0,420.98447488584486,0.0,0.0,0.0,10,"[{""actual"": 0.8679799624544997, ""code"": ""BASE_TOTAL_SERVICE"", ""constraint_id"": ""BASE_TOTAL_SERVICE"", ""excess_or_gap"": 0.10202003754550026, ""human_message"": ""Total service is 86.80%; shortage is 24.212 t."", ""limit"": 0.97, ""operator"": "">="", ""period"": ""2036"", ""reason"": ""total demand service minimum"", ""scenario"": ""BASE"", ""severity"": ""hard"", ""source_id"": null, ""unit"": ""share""}, {""actual"": 0.8269720101781348, ""code"": ""RESERVE_45D"", ""constraint_id"": ""RESERVE_45D"", ""excess_or_gap"": 44.17302798982187, ""human_message"": ""Reserve equivalence is 0.827 days; required 45.000 days."", ""limit"": 45.0, ""operator"": "">="", ""period"": ""2036-01"", ""reason"": ""physical stock or demonstrably equivalent contracted emergency reserve"", ""scenario"": ""BASE"", ""severity"": ""hard"", ""source_id"": null, ""unit"": ""days""}, {""actual"": 0.7610687022900764, ""code"": ""BASE_TOTAL_SERVICE"", ""constraint_id"": ""BASE_TOTAL_SERVICE"", ""excess_or_gap"": 0.20893129770992358, ""human_message"": ""Total service is 76.11%; shortage is 59.470 t."", ""limit"": 0.97, ""operator"": "">="", ""period"": ""2037"", ""reason"": ""total demand service minimum"", ""scenario"": ""BASE"", ""severity"": ""hard"", ""source_id"": null, ""unit"": ""share""}, {""actual"": 0.0, ""code"": ""RESERVE_45D"", ""constraint_id"": ""RESERVE_45D"", ""excess_or_gap"": 45.0, ""human_message"": ""Reserve equivalence is 0.000 days; required 45.000 days."", ""limit"": 45.0, ""operator"": "">="", ""period"": ""2037-01"", ""reason"": ""physical stock or demonstrably equivalent contracted emergency reserve"", ""scenario"": ""BASE"", ""severity"": ""hard"", ""source_id"": null, ""unit"": ""days""}, {""actual"": 0.7633587786259542, ""code"": ""BASE_TOTAL_SERVICE"", ""constraint_id"": ""BASE_TOTAL_SERVICE"", ""excess_or_gap"": 0.20664122137404572, ""human_message"": ""Total service is 76.34%; shortage is 77.500 t."", ""limit"": 0.97, ""operator"": "">="", ""period"": ""2038"", ""reason"": ""total demand service minimum"", ""scenario"": ""BASE"", ""severity"": ""hard"", ""source_id"": null, ""unit"": ""share""}, {""actual"": 0.0, ""code"": ""RESERVE_45D"", ""constraint_id"": ""RESERVE_45D"", ""excess_or_gap"": 45.0, ""human_message"": ""Reserve equivalence is 0.000 days; required 45.000 days."", ""limit"": 45.0, ""operator"": "">="", ""period"": ""2038-01"", ""reason"": ""physical stock or demonstrably equivalent contracted emergency reserve"", ""scenario"": ""BASE"", ""severity"": ""hard"", ""source_id"": null, ""unit"": ""days""}, {""actual"": 0.7633587786259541, ""code"": ""BASE_TOTAL_SERVICE"", ""constraint_id"": ""BASE_TOTAL_SERVICE"", ""excess_or_gap"": 0.20664122137404584, ""human_message"": ""Total service is 76.34%; shortage is 99.200 t."", ""limit"": 0.97, ""operator"": "">="", ""period"": ""2039"", ""reason"": ""total demand service minimum"", ""scenario"": ""BASE"", ""severity"": ""hard"", ""source_id"": null, ""unit"": ""share""}, {""actual"": 0.0, ""code"": ""RESERVE_45D"", ""constraint_id"": ""RESERVE_45D"", ""excess_or_gap"": 45.0, ""human_message"": ""Reserve equivalence is 0.000 days; required 45.000 days."", ""limit"": 45.0, ""operator"": "">="", ""period"": ""2039-01"", ""reason"": ""physical stock or demonstrably equivalent contracted emergency reserve"", ""scenario"": ""BASE"", ""severity"": ""hard"", ""source_id"": null, ""unit"": ""days""}, {""actual"": 0.685648854961832, ""code"": ""BASE_TOTAL_SERVICE"", ""constraint_id"": ""BASE_TOTAL_SERVICE"", ""excess_or_gap"": 0.28435114503816794, ""human_message"": ""Total service is 68.56%; shortage is 160.602 t."", ""limit"": 0.97, ""operator"": "">="", ""period"": ""2040"", ""reason"": ""total demand service minimum"", ""scenario"": ""BASE"", ""severity"": ""hard"", ""source_id"": null, ""unit"": ""share""}, {""actual"": 0.0, ""code"": ""RESERVE_45D"", ""constraint_id"": ""RESERVE_45D"", ""excess_or_gap"": 45.0, ""human_message"": ""Reserve equivalence is 0.000 days; required 45.000 days."", ""limit"": 45.0, ""operator"": "">="", ""period"": ""2040-01"", ""reason"": ""physical stock or demonstrably equivalent contracted emergency reserve"", ""scenario"": ""BASE"", ""severity"": ""hard"", ""source_id"": null, ""unit"": ""days""}]"
1.32,run-9c1f5fd7cdc29501,False,1834.8000000000002,950.0,10434.132533709144,9525.328105980156,0.7629799025038997,1.0,434.8844748858449,0.0,0.0,0.0,10,"[{""actual"": 0.859155844155844, ""code"": ""BASE_TOTAL_SERVICE"", ""constraint_id"": ""BASE_TOTAL_SERVICE"", ""excess_or_gap"": 0.11084415584415597, ""human_message"": ""Total service is 85.92%; shortage is 26.028 t."", ""limit"": 0.97, ""operator"": "">="", ""period"": ""2036"", ""reason"": ""total demand service minimum"", ""scenario"": ""BASE"", ""severity"": ""hard"", ""source_id"": null, ""unit"": ""share""}, {""actual"": 0.0, ""code"": ""RESERVE_45D"", ""constraint_id"": ""RESERVE_45D"", ""excess_or_gap"": 45.0, ""human_message"": ""Reserve equivalence is 0.000 days; required 45.000 days."", ""limit"": 45.0, ""operator"": "">="", ""period"": ""2036-01"", ""reason"": ""physical stock or demonstrably equivalent contracted emergency reserve"", ""scenario"": ""BASE"", ""severity"": ""hard"", ""source_id"": null, ""unit"": ""days""}, {""actual"": 0.7553030303030303, ""code"": ""BASE_TOTAL_SERVICE"", ""constraint_id"": ""BASE_TOTAL_SERVICE"", ""excess_or_gap"": 0.21469696969696972, ""human_message"": ""Total service is 75.53%; shortage is 61.370 t."", ""limit"": 0.97, ""operator"": "">="", ""period"": ""2037"", ""reason"": ""total demand service minimum"", ""scenario"": ""BASE"", ""severity"": ""hard"", ""source_id"": null, ""unit"": ""share""}, {""actual"": 0.0, ""code"": ""RESERVE_45D"", ""constraint_id"": ""RESERVE_45D"", ""excess_or_gap"": 45.0, ""human_message"": ""Reserve equivalence is 0.000 days; required 45.000 days."", ""limit"": 45.0, ""operator"": "">="", ""period"": ""2037-01"", ""reason"": ""physical stock or demonstrably equivalent contracted emergency reserve"", ""scenario"": ""BASE"", ""severity"": ""hard"", ""source_id"": null, ""unit"": ""days""}, {""actual"": 0.7575757575757576, ""code"": ""BASE_TOTAL_SERVICE"", ""constraint_id"": ""BASE_TOTAL_SERVICE"", ""excess_or_gap"": 0.2124242424242424, ""human_message"": ""Total service is 75.76%; shortage is 80.000 t."", ""limit"": 0.97, ""operator"": "">="", ""period"": ""2038"", ""reason"": ""total demand service minimum"", ""scenario"": ""BASE"", ""severity"": ""hard"", ""source_id"": null, ""unit"": ""share""}, {""actual"": 0.0, ""code"": ""RESERVE_45D"", ""constraint_id"": ""RESERVE_45D"", ""excess_or_gap"": 45.0, ""human_message"": ""Reserve equivalence is 0.000 days; required 45.000 days."", ""limit"": 45.0, ""operator"": "">="", ""period"": ""2038-01"", ""reason"": ""physical stock or demonstrably equivalent contracted emergency reserve"", ""scenario"": ""BASE"", ""severity"": ""hard"", ""source_id"": null, ""unit"": ""days""}, {""actual"": 0.7575757575757576, ""code"": ""BASE_TOTAL_SERVICE"", ""constraint_id"": ""BASE_TOTAL_SERVICE"", ""excess_or_gap"": 0.2124242424242424, ""human_message"": ""Total service is 75.76%; shortage is 102.400 t."", ""limit"": 0.97, ""operator"": "">="", ""period"": ""2039"", ""reason"": ""total demand service minimum"", ""scenario"": ""BASE"", ""severity"": ""hard"", ""source_id"": null, ""unit"": ""share""}, {""actual"": 0.0, ""code"": ""RESERVE_45D"", ""constraint_id"": ""RESERVE_45D"", ""excess_or_gap"": 45.0, ""human_message"": ""Reserve equivalence is 0.000 days; required 45.000 days."", ""limit"": 45.0, ""operator"": "">="", ""period"": ""2039-01"", ""reason"": ""physical stock or demonstrably equivalent contracted emergency reserve"", ""scenario"": ""BASE"", ""severity"": ""hard"", ""source_id"": null, ""unit"": ""days""}, {""actual"": 0.6804545454545454, ""code"": ""BASE_TOTAL_SERVICE"", ""constraint_id"": ""BASE_TOTAL_SERVICE"", ""excess_or_gap"": 0.28954545454545455, ""human_message"": ""Total service is 68.05%; shortage is 164.502 t."", ""limit"": 0.97, ""operator"": "">="", ""period"": ""2040"", ""reason"": ""total demand service minimum"", ""scenario"": ""BASE"", ""severity"": ""hard"", ""source_id"": null, ""unit"": ""share""}, {""actual"": 0.0, ""code"": ""RESERVE_45D"", ""constraint_id"": ""RESERVE_45D"", ""excess_or_gap"": 45.0, ""human_message"": ""Reserve equivalence is 0.000 days; required 45.000 days."", ""limit"": 45.0, ""operator"": "">="", ""period"": ""2040-01"", ""reason"": ""physical stock or demonstrably equivalent contracted emergency reserve"", ""scenario"": ""BASE"", ""severity"": ""hard"", ""source_id"": null, ""unit"": ""days""}]"
1.33,run-0dfb909045539005,False,1848.7,950.0,10433.802533709144,9524.998105980156,0.7572432115076299,1.0,448.7844748858448,0.0,0.0,0.0,10,"[{""actual"": 0.8526960257787324, ""code"": ""BASE_TOTAL_SERVICE"", ""constraint_id"": ""BASE_TOTAL_SERVICE"", ""excess_or_gap"": 0.11730397422126759, ""human_message"": ""Total service is 85.27%; shortage is 27.428 t."", ""limit"": 0.97, ""operator"": "">="", ""period"": ""2036"", ""reason"": ""total demand service minimum"", ""scenario"": ""BASE"", ""severity"": ""hard"", ""source_id"": null, ""unit"": ""share""}, {""actual"": 0.0, ""code"": ""RESERVE_45D"", ""constraint_id"": ""RESERVE_45D"", ""excess_or_gap"": 45.0, ""human_message"": ""Reserve equivalence is 0.000 days; required 45.000 days."", ""limit"": 45.0, ""operator"": "">="", ""period"": ""2036-01"", ""reason"": ""physical stock or demonstrably equivalent contracted emergency reserve"", ""scenario"": ""BASE"", ""severity"": ""hard"", ""source_id"": null, ""unit"": ""days""}, {""actual"": 0.749624060150376, ""code"": ""BASE_TOTAL_SERVICE"", ""constraint_id"": ""BASE_TOTAL_SERVICE"", ""excess_or_gap"": 0.220375939849624, ""human_message"": ""Total service is 74.96%; shortage is 63.270 t."", ""limit"": 0.97, ""operator"": "">="", ""period"": ""2037"", ""reason"": ""total demand service minimum"", ""scenario"": ""BASE"", ""severity"": ""hard"", ""source_id"": null, ""unit"": ""share""}, {""actual"": 0.0, ""code"": ""RESERVE_45D"", ""constraint_id"": ""RESERVE_45D"", ""excess_or_gap"": 45.0, ""human_message"": ""Reserve equivalence is 0.000 days; required 45.000 days."", ""limit"": 45.0, ""operator"": "">="", ""period"": ""2037-01"", ""reason"": ""physical stock or demonstrably equivalent contracted emergency reserve"", ""scenario"": ""BASE"", ""severity"": ""hard"", ""source_id"": null, ""unit"": ""days""}, {""actual"": 0.7518796992481203, ""code"": ""BASE_TOTAL_SERVICE"", ""constraint_id"": ""BASE_TOTAL_SERVICE"", ""excess_or_gap"": 0.21812030075187971, ""human_message"": ""Total service is 75.19%; shortage is 82.500 t."", ""limit"": 0.97, ""operator"": "">="", ""period"": ""2038"", ""reason"": ""total demand service minimum"", ""scenario"": ""BASE"", ""severity"": ""hard"", ""source_id"": null, ""unit"": ""share""}, {""actual"": 0.0, ""code"": ""RESERVE_45D"", ""constraint_id"": ""RESERVE_45D"", ""excess_or_gap"": 45.0, ""human_message"": ""Reserve equivalence is 0.000 days; required 45.000 days."", ""limit"": 45.0, ""operator"": "">="", ""period"": ""2038-01"", ""reason"": ""physical stock or demonstrably equivalent contracted emergency reserve"", ""scenario"": ""BASE"", ""severity"": ""hard"", ""source_id"": null, ""unit"": ""days""}, {""actual"": 0.7518796992481203, ""code"": ""BASE_TOTAL_SERVICE"", ""constraint_id"": ""BASE_TOTAL_SERVICE"", ""excess_or_gap"": 0.21812030075187971, ""human_message"": ""Total service is 75.19%; shortage is 105.600 t."", ""limit"": 0.97, ""operator"": "">="", ""period"": ""2039"", ""reason"": ""total demand service minimum"", ""scenario"": ""BASE"", ""severity"": ""hard"", ""source_id"": null, ""unit"": ""share""}, {""actual"": 0.0, ""code"": ""RESERVE_45D"", ""constraint_id"": ""RESERVE_45D"", ""excess_or_gap"": 45.0, ""human_message"": ""Reserve equivalence is 0.000 days; required 45.000 days."", ""limit"": 45.0, ""operator"": "">="", ""period"": ""2039-01"", ""reason"": ""physical stock or demonstrably equivalent contracted emergency reserve"", ""scenario"": ""BASE"", ""severity"": ""hard"", ""source_id"": null, ""unit"": ""days""}, {""actual"": 0.6753383458646616, ""code"": ""BASE_TOTAL_SERVICE"", ""constraint_id"": ""BASE_TOTAL_SERVICE"", ""excess_or_gap"": 0.2946616541353384, ""human_message"": ""Total service is 67.53%; shortage is 168.402 t."", ""limit"": 0.97, ""operator"": "">="", ""period"": ""2040"", ""reason"": ""total demand service minimum"", ""scenario"": ""BASE"", ""severity"": ""hard"", ""source_id"": null, ""unit"": ""share""}, {""actual"": 0.0, ""code"": ""RESERVE_45D"", ""constraint_id"": ""RESERVE_45D"", ""excess_or_gap"": 45.0, ""human_message"": ""Reserve equivalence is 0.000 days; required 45.000 days."", ""limit"": 45.0, ""operator"": "">="", ""period"": ""2040-01"", ""reason"": ""physical stock or demonstrably equivalent contracted emergency reserve"", ""scenario"": ""BASE"", ""severity"": ""hard"", ""source_id"": null, ""unit"": ""days""}]"
1.34,run-aa1e794392176c67,False,1862.6000000000001,950.0,10433.472533709144,9524.668105980156,0.7515921427650354,1.0,462.6844748858449,0.0,0.0,0.0,10,"[{""actual"": 0.8463326226012792, ""code"": ""BASE_TOTAL_SERVICE"", ""constraint_id"": ""BASE_TOTAL_SERVICE"", ""excess_or_gap"": 0.1236673773987208, ""human_message"": ""Total service is 84.63%; shortage is 28.828 t."", ""limit"": 0.97, ""operator"": "">="", ""period"": ""2036"", ""reason"": ""total demand service minimum"", ""scenario"": ""BASE"", ""severity"": ""hard"", ""source_id"": null, ""unit"": ""share""}, {""actual"": 0.0, ""code"": ""RESERVE_45D"", ""constraint_id"": ""RESERVE_45D"", ""excess_or_gap"": 45.0, ""human_message"": ""Reserve equivalence is 0.000 days; required 45.000 days."", ""limit"": 45.0, ""operator"": "">="", ""period"": ""2036-01"", ""reason"": ""physical stock or demonstrably equivalent contracted emergency reserve"", ""scenario"": ""BASE"", ""severity"": ""hard"", ""source_id"": null, ""unit"": ""days""}, {""actual"": 0.7440298507462686, ""code"": ""BASE_TOTAL_SERVICE"", ""constraint_id"": ""BASE_TOTAL_SERVICE"", ""excess_or_gap"": 0.22597014925373138, ""human_message"": ""Total service is 74.40%; shortage is 65.170 t."", ""limit"": 0.97, ""operator"": "">="", ""period"": ""2037"", ""reason"": ""total demand service minimum"", ""scenario"": ""BASE"", ""severity"": ""hard"", ""source_id"": null, ""unit"": ""share""}, {""actual"": 0.0, ""code"": ""RESERVE_45D"", ""constraint_id"": ""RESERVE_45D"", ""excess_or_gap"": 45.0, ""human_message"": ""Reserve equivalence is 0.000 days; required 45.000 days."", ""limit"": 45.0, ""operator"": "">="", ""period"": ""2037-01"", ""reason"": ""physical stock or demonstrably equivalent contracted emergency reserve"", ""scenario"": ""BASE"", ""severity"": ""hard"", ""source_id"": null, ""unit"": ""days""}, {""actual"": 0.746268656716418, ""code"": ""BASE_TOTAL_SERVICE"", ""constraint_id"": ""BASE_TOTAL_SERVICE"", ""excess_or_gap"": 0.22373134328358202, ""human_message"": ""Total service is 74.63%; shortage is 85.000 t."", ""limit"": 0.97, ""operator"": "">="", ""period"": ""2038"", ""reason"": ""total demand service minimum"", ""scenario"": ""BASE"", ""severity"": ""hard"", ""source_id"": null, ""unit"": ""share""}, {""actual"": 0.0, ""code"": ""RESERVE_45D"", ""constraint_id"": ""RESERVE_45D"", ""excess_or_gap"": 45.0, ""human_message"": ""Reserve equivalence is 0.000 days; required 45.000 days."", ""limit"": 45.0, ""operator"": "">="", ""period"": ""2038-01"", ""reason"": ""physical stock or demonstrably equivalent contracted emergency reserve"", ""scenario"": ""BASE"", ""severity"": ""hard"", ""source_id"": null, ""unit"": ""days""}, {""actual"": 0.7462686567164178, ""code"": ""BASE_TOTAL_SERVICE"", ""constraint_id"": ""BASE_TOTAL_SERVICE"", ""excess_or_gap"": 0.22373134328358213, ""human_message"": ""Total service is 74.63%; shortage is 108.800 t."", ""limit"": 0.97, ""operator"": "">="", ""period"": ""2039"", ""reason"": ""total demand service minimum"", ""scenario"": ""BASE"", ""severity"": ""hard"", ""source_id"": null, ""unit"": ""share""}, {""actual"": 0.0, ""code"": ""RESERVE_45D"", ""constraint_id"": ""RESERVE_45D"", ""excess_or_gap"": 45.0, ""human_message"": ""Reserve equivalence is 0.000 days; required 45.000 days."", ""limit"": 45.0, ""operator"": "">="", ""period"": ""2039-01"", ""reason"": ""physical stock or demonstrably equivalent contracted emergency reserve"", ""scenario"": ""BASE"", ""severity"": ""hard"", ""source_id"": null, ""unit"": ""days""}, {""actual"": 0.6702985074626865, ""code"": ""BASE_TOTAL_SERVICE"", ""constraint_id"": ""BASE_TOTAL_SERVICE"", ""excess_or_gap"": 0.2997014925373135, ""human_message"": ""Total service is 67.03%; shortage is 172.302 t."", ""limit"": 0.97, ""operator"": "">="", ""period"": ""2040"", ""reason"": ""total demand service minimum"", ""scenario"": ""BASE"", ""severity"": ""hard"", ""source_id"": null, ""unit"": ""share""}, {""actual"": 0.0, ""code"": ""RESERVE_45D"", ""constraint_id"": ""RESERVE_45D"", ""excess_or_gap"": 45.0, ""human_message"": ""Reserve equivalence is 0.000 days; required 45.000 days."", ""limit"": 45.0, ""operator"": "">="", ""period"": ""2040-01"", ""reason"": ""physical stock or demonstrably equivalent contracted emergency reserve"", ""scenario"": ""BASE"", ""severity"": ""hard"", ""source_id"": null, ""unit"": ""days""}]"
1.35,run-a697e80cb3e360ca,False,1876.5,950.0,10433.142533709144,9524.338105980156,0.7460247935593687,1.0,476.58447488584477,0.0,0.0,0.0,10,"[{""actual"": 0.8400634920634921, ""code"": ""BASE_TOTAL_SERVICE"", ""constraint_id"": ""BASE_TOTAL_SERVICE"", ""excess_or_gap"": 0.1299365079365079, ""human_message"": ""Total service is 84.01%; shortage is 30.228 t."", ""limit"": 0.97, ""operator"": "">="", ""period"": ""2036"", ""reason"": ""total demand service minimum"", ""scenario"": ""BASE"", ""severity"": ""hard"", ""source_id"": null, ""unit"": ""share""}, {""actual"": 0.0, ""code"": ""RESERVE_45D"", ""constraint_id"": ""RESERVE_45D"", ""excess_or_gap"": 45.0, ""human_message"": ""Reserve equivalence is 0.000 days; required 45.000 days."", ""limit"": 45.0, ""operator"": "">="", ""period"": ""2036-01"", ""reason"": ""physical stock or demonstrably equivalent contracted emergency reserve"", ""scenario"": ""BASE"", ""severity"": ""hard"", ""source_id"": null, ""unit"": ""days""}, {""actual"": 0.7385185185185186, ""code"": ""BASE_TOTAL_SERVICE"", ""constraint_id"": ""BASE_TOTAL_SERVICE"", ""excess_or_gap"": 0.2314814814814814, ""human_message"": ""Total service is 73.85%; shortage is 67.070 t."", ""limit"": 0.97, ""operator"": "">="", ""period"": ""2037"", ""reason"": ""total demand service minimum"", ""scenario"": ""BASE"", ""severity"": ""hard"", ""source_id"": null, ""unit"": ""share""}, {""actual"": 0.0, ""code"": ""RESERVE_45D"", ""constraint_id"": ""RESERVE_45D"", ""excess_or_gap"": 45.0, ""human_message"": ""Reserve equivalence is 0.000 days; required 45.000 days."", ""limit"": 45.0, ""operator"": "">="", ""period"": ""2037-01"", ""reason"": ""physical stock or demonstrably equivalent contracted emergency reserve"", ""scenario"": ""BASE"", ""severity"": ""hard"", ""source_id"": null, ""unit"": ""days""}, {""actual"": 0.7407407407407407, ""code"": ""BASE_TOTAL_SERVICE"", ""constraint_id"": ""BASE_TOTAL_SERVICE"", ""excess_or_gap"": 0.22925925925925927, ""human_message"": ""Total service is 74.07%; shortage is 87.500 t."", ""limit"": 0.97, ""operator"": "">="", ""period"": ""2038"", ""reason"": ""total demand service minimum"", ""scenario"": ""BASE"", ""severity"": ""hard"", ""source_id"": null, ""unit"": ""share""}, {""actual"": 0.0, ""code"": ""RESERVE_45D"", ""constraint_id"": ""RESERVE_45D"", ""excess_or_gap"": 45.0, ""human_message"": ""Reserve equivalence is 0.000 days; required 45.000 days."", ""limit"": 45.0, ""operator"": "">="", ""period"": ""2038-01"", ""reason"": ""physical stock or demonstrably equivalent contracted emergency reserve"", ""scenario"": ""BASE"", ""severity"": ""hard"", ""source_id"": null, ""unit"": ""days""}, {""actual"": 0.7407407407407407, ""code"": ""BASE_TOTAL_SERVICE"", ""constraint_id"": ""BASE_TOTAL_SERVICE"", ""excess_or_gap"": 0.22925925925925927, ""human_message"": ""Total service is 74.07%; shortage is 112.000 t."", ""limit"": 0.97, ""operator"": "">="", ""period"": ""2039"", ""reason"": ""total demand service minimum"", ""scenario"": ""BASE"", ""severity"": ""hard"", ""source_id"": null, ""unit"": ""share""}, {""actual"": 0.0, ""code"": ""RESERVE_45D"", ""constraint_id"": ""RESERVE_45D"", ""excess_or_gap"": 45.0, ""human_message"": ""Reserve equivalence is 0.000 days; required 45.000 days."", ""limit"": 45.0, ""operator"": "">="", ""period"": ""2039-01"", ""reason"": ""physical stock or demonstrably equivalent contracted emergency reserve"", ""scenario"": ""BASE"", ""severity"": ""hard"", ""source_id"": null, ""unit"": ""days""}, {""actual"": 0.6653333333333333, ""code"": ""BASE_TOTAL_SERVICE"", ""constraint_id"": ""BASE_TOTAL_SERVICE"", ""excess_or_gap"": 0.30466666666666664, ""human_message"": ""Total service is 66.53%; shortage is 176.202 t."", ""limit"": 0.97, ""operator"": "">="", ""period"": ""2040"", ""reason"": ""total demand service minimum"", ""scenario"": ""BASE"", ""severity"": ""hard"", ""source_id"": null, ""unit"": ""share""}, {""actual"": 0.0, ""code"": ""RESERVE_45D"", ""constraint_id"": ""RESERVE_45D"", ""excess_or_gap"": 45.0, ""human_message"": ""Reserve equivalence is 0.000 days; required 45.000 days."", ""limit"": 45.0, ""operator"": "">="", ""period"": ""2040-01"", ""reason"": ""physical stock or demonstrably equivalent contracted emergency reserve"", ""scenario"": ""BASE"", ""severity"": ""hard"", ""source_id"": null, ""unit"": ""days""}]"
1.36,run-2f86db936a86a20e,False,1890.4,950.0,10432.812533709144,9524.008105980156,0.740539317136138,1.0,490.484474885845,0.0,0.0,0.0,11,"[{""actual"": 0.9662906258393769, ""code"": ""BASE_TOTAL_SERVICE"", ""constraint_id"": ""BASE_TOTAL_SERVICE"", ""excess_or_gap"": 0.0037093741606231134, ""human_message"": ""Total service is 96.63%; shortage is 4.584 t."", ""limit"": 0.97, ""operator"": "">="", ""period"": ""2035"", ""reason"": ""total demand service minimum"", ""scenario"": ""BASE"", ""severity"": ""hard"", ""source_id"": null, ""unit"": ""share""}, {""actual"": 0.8338865546218487, ""code"": ""BASE_TOTAL_SERVICE"", ""constraint_id"": ""BASE_TOTAL_SERVICE"", ""excess_or_gap"": 0.1361134453781513, ""human_message"": ""Total service is 83.39%; shortage is 31.628 t."", ""limit"": 0.97, ""operator"": "">="", ""period"": ""2036"", ""reason"": ""total demand service minimum"", ""scenario"": ""BASE"", ""severity"": ""hard"", ""source_id"": null, ""unit"": ""share""}, {""actual"": 0.0, ""code"": ""RESERVE_45D"", ""constraint_id"": ""RESERVE_45D"", ""excess_or_gap"": 45.0, ""human_message"": ""Reserve equivalence is 0.000 days; required 45.000 days."", ""limit"": 45.0, ""operator"": "">="", ""period"": ""2036-01"", ""reason"": ""physical stock or demonstrably equivalent contracted emergency reserve"", ""scenario"": ""BASE"", ""severity"": ""hard"", ""source_id"": null, ""unit"": ""days""}, {""actual"": 0.7330882352941176, ""code"": ""BASE_TOTAL_SERVICE"", ""constraint_id"": ""BASE_TOTAL_SERVICE"", ""excess_or_gap"": 0.23691176470588238, ""human_message"": ""Total service is 73.31%; shortage is 68.970 t."", ""limit"": 0.97, ""operator"": "">="", ""period"": ""2037"", ""reason"": ""total demand service minimum"", ""scenario"": ""BASE"", ""severity"": ""hard"", ""source_id"": null, ""unit"": ""share""}, {""actual"": 0.0, ""code"": ""RESERVE_45D"", ""constraint_id"": ""RESERVE_45D"", ""excess_or_gap"": 45.0, ""human_message"": ""Reserve equivalence is 0.000 days; required 45.000 days."", ""limit"": 45.0, ""operator"": "">="", ""period"": ""2037-01"", ""reason"": ""physical stock or demonstrably equivalent contracted emergency reserve"", ""scenario"": ""BASE"", ""severity"": ""hard"", ""source_id"": null, ""unit"": ""days""}, {""actual"": 0.7352941176470589, ""code"": ""BASE_TOTAL_SERVICE"", ""constraint_id"": ""BASE_TOTAL_SERVICE"", ""excess_or_gap"": 0.2347058823529411, ""human_message"": ""Total service is 73.53%; shortage is 90.000 t."", ""limit"": 0.97, ""operator"": "">="", ""period"": ""2038"", ""reason"": ""total demand service minimum"", ""scenario"": ""BASE"", ""severity"": ""hard"", ""source_id"": null, ""unit"": ""share""}, {""actual"": 0.0, ""code"": ""RESERVE_45D"", ""constraint_id"": ""RESERVE_45D"", ""excess_or_gap"": 45.0, ""human_message"": ""Reserve equivalence is 0.000 days; required 45.000 days."", ""limit"": 45.0, ""operator"": "">="", ""period"": ""2038-01"", ""reason"": ""physical stock or demonstrably equivalent contracted emergency reserve"", ""scenario"": ""BASE"", ""severity"": ""hard"", ""source_id"": null, ""unit"": ""days""}, {""actual"": 0.7352941176470588, ""code"": ""BASE_TOTAL_SERVICE"", ""constraint_id"": ""BASE_TOTAL_SERVICE"", ""excess_or_gap"": 0.2347058823529412, ""human_message"": ""Total service is 73.53%; shortage is 115.200 t."", ""limit"": 0.97, ""operator"": "">="", ""period"": ""2039"", ""reason"": ""total demand service minimum"", ""scenario"": ""BASE"", ""severity"": ""hard"", ""source_id"": null, ""unit"": ""share""}, {""actual"": 0.0, ""code"": ""RESERVE_45D"", ""constraint_id"": ""RESERVE_45D"", ""excess_or_gap"": 45.0, ""human_message"": ""Reserve equivalence is 0.000 days; required 45.000 days."", ""limit"": 45.0, ""operator"": "">="", ""period"": ""2039-01"", ""reason"": ""physical stock or demonstrably equivalent contracted emergency reserve"", ""scenario"": ""BASE"", ""severity"": ""hard"", ""source_id"": null, ""unit"": ""days""}, {""actual"": 0.6604411764705881, ""code"": ""BASE_TOTAL_SERVICE"", ""constraint_id"": ""BASE_TOTAL_SERVICE"", ""excess_or_gap"": 0.3095588235294119, ""human_message"": ""Total service is 66.04%; shortage is 180.102 t."", ""limit"": 0.97, ""operator"": "">="", ""period"": ""2040"", ""reason"": ""total demand service minimum"", ""scenario"": ""BASE"", ""severity"": ""hard"", ""source_id"": null, ""unit"": ""share""}, {""actual"": 0.0, ""code"": ""RESERVE_45D"", ""constraint_id"": ""RESERVE_45D"", ""excess_or_gap"": 45.0, ""human_message"": ""Reserve equivalence is 0.000 days; required 45.000 days."", ""limit"": 45.0, ""operator"": "">="", ""period"": ""2040-01"", ""reason"": ""physical stock or demonstrably equivalent contracted emergency reserve"", ""scenario"": ""BASE"", ""severity"": ""hard"", ""source_id"": null, ""unit"": ""days""}]"
1.37,run-594df1bdb010f8cc,False,1904.3000000000002,950.0,10432.507602202295,9523.703174473307,0.7351339206606917,0.999561403508772,504.3844748858449,0.41666666666666696,0.0,0.0,11,"[{""actual"": 0.9592374095923741, ""code"": ""BASE_TOTAL_SERVICE"", ""constraint_id"": ""BASE_TOTAL_SERVICE"", ""excess_or_gap"": 0.010762590407625838, ""human_message"": ""Total service is 95.92%; shortage is 5.584 t."", ""limit"": 0.97, ""operator"": "">="", ""period"": ""2035"", ""reason"": ""total demand service minimum"", ""scenario"": ""BASE"", ""severity"": ""hard"", ""source_id"": null, ""unit"": ""share""}, {""actual"": 0.8277997914494264, ""code"": ""BASE_TOTAL_SERVICE"", ""constraint_id"": ""BASE_TOTAL_SERVICE"", ""excess_or_gap"": 0.14220020855057358, ""human_message"": ""Total service is 82.78%; shortage is 33.028 t."", ""limit"": 0.97, ""operator"": "">="", ""period"": ""2036"", ""reason"": ""total demand service minimum"", ""scenario"": ""BASE"", ""severity"": ""hard"", ""source_id"": null, ""unit"": ""share""}, {""actual"": 0.0, ""code"": ""RESERVE_45D"", ""constraint_id"": ""RESERVE_45D"", ""excess_or_gap"": 45.0, ""human_message"": ""Reserve equivalence is 0.000 days; required 45.000 days."", ""limit"": 45.0, ""operator"": "">="", ""period"": ""2036-01"", ""reason"": ""physical stock or demonstrably equivalent contracted emergency reserve"", ""scenario"": ""BASE"", ""severity"": ""hard"", ""source_id"": null, ""unit"": ""days""}, {""actual"": 0.7277372262773723, ""code"": ""BASE_TOTAL_SERVICE"", ""constraint_id"": ""BASE_TOTAL_SERVICE"", ""excess_or_gap"": 0.24226277372262772, ""human_message"": ""Total service is 72.77%; shortage is 70.870 t."", ""limit"": 0.97, ""operator"": "">="", ""period"": ""2037"", ""reason"": ""total demand service minimum"", ""scenario"": ""BASE"", ""severity"": ""hard"", ""source_id"": null, ""unit"": ""share""}, {""actual"": 0.0, ""code"": ""RESERVE_45D"", ""constraint_id"": ""RESERVE_45D"", ""excess_or_gap"": 45.0, ""human_message"": ""Reserve equivalence is 0.000 days; required 45.000 days."", ""limit"": 45.0, ""operator"": "">="", ""period"": ""2037-01"", ""reason"": ""physical stock or demonstrably equivalent contracted emergency reserve"", ""scenario"": ""BASE"", ""severity"": ""hard"", ""source_id"": null, ""unit"": ""days""}, {""actual"": 0.7299270072992701, ""code"": ""BASE_TOTAL_SERVICE"", ""constraint_id"": ""BASE_TOTAL_SERVICE"", ""excess_or_gap"": 0.2400729927007299, ""human_message"": ""Total service is 72.99%; shortage is 92.500 t."", ""limit"": 0.97, ""operator"": "">="", ""period"": ""2038"", ""reason"": ""total demand service minimum"", ""scenario"": ""BASE"", ""severity"": ""hard"", ""source_id"": null, ""unit"": ""share""}, {""actual"": 0.0, ""code"": ""RESERVE_45D"", ""constraint_id"": ""RESERVE_45D"", ""excess_or_gap"": 45.0, ""human_message"": ""Reserve equivalence is 0.000 days; required 45.000 days."", ""limit"": 45.0, ""operator"": "">="", ""period"": ""2038-01"", ""reason"": ""physical stock or demonstrably equivalent contracted emergency reserve"", ""scenario"": ""BASE"", ""severity"": ""hard"", ""source_id"": null, ""unit"": ""days""}, {""actual"": 0.72992700729927, ""code"": ""BASE_TOTAL_SERVICE"", ""constraint_id"": ""BASE_TOTAL_SERVICE"", ""excess_or_gap"": 0.24007299270073001, ""human_message"": ""Total service is 72.99%; shortage is 118.400 t."", ""limit"": 0.97, ""operator"": "">="", ""period"": ""2039"", ""reason"": ""total demand service minimum"", ""scenario"": ""BASE"", ""severity"": ""hard"", ""source_id"": null, ""unit"": ""share""}, {""actual"": 0.0, ""code"": ""RESERVE_45D"", ""constraint_id"": ""RESERVE_45D"", ""excess_or_gap"": 45.0, ""human_message"": ""Reserve equivalence is 0.000 days; required 45.000 days."", ""limit"": 45.0, ""operator"": "">="", ""period"": ""2039-01"", ""reason"": ""physical stock or demonstrably equivalent contracted emergency reserve"", ""scenario"": ""BASE"", ""severity"": ""hard"", ""source_id"": null, ""unit"": ""days""}, {""actual"": 0.6556204379562043, ""code"": ""BASE_TOTAL_SERVICE"", ""constraint_id"": ""BASE_TOTAL_SERVICE"", ""excess_or_gap"": 0.3143795620437957, ""human_message"": ""Total service is 65.56%; shortage is 184.002 t."", ""limit"": 0.97, ""operator"": "">="", ""period"": ""2040"", ""reason"": ""total demand service minimum"", ""scenario"": ""BASE"", ""severity"": ""hard"", ""source_id"": null, ""unit"": ""share""}, {""actual"": 0.0, ""code"": ""RESERVE_45D"", ""constraint_id"": ""RESERVE_45D"", ""excess_or_gap"": 45.0, ""human_message"": ""Reserve equivalence is 0.000 days; required 45.000 days."", ""limit"": 45.0, ""operator"": "">="", ""period"": ""2040-01"", ""reason"": ""physical stock or demonstrably equivalent contracted emergency reserve"", ""scenario"": ""BASE"", ""severity"": ""hard"", ""source_id"": null, ""unit"": ""days""}]"
1.38,run-68058ea0f8b59c07,False,1918.1999999999998,950.0,10432.232602202293,9523.428174473305,0.7298068632645999,0.999561403508772,518.2844748858446,0.41666666666666696,0.0,0.0,11,"[{""actual"": 0.9522864138706902, ""code"": ""BASE_TOTAL_SERVICE"", ""constraint_id"": ""BASE_TOTAL_SERVICE"", ""excess_or_gap"": 0.017713586129309733, ""human_message"": ""Total service is 95.23%; shortage is 6.584 t."", ""limit"": 0.97, ""operator"": "">="", ""period"": ""2035"", ""reason"": ""total demand service minimum"", ""scenario"": ""BASE"", ""severity"": ""hard"", ""source_id"": null, ""unit"": ""share""}, {""actual"": 0.8218012422360248, ""code"": ""BASE_TOTAL_SERVICE"", ""constraint_id"": ""BASE_TOTAL_SERVICE"", ""excess_or_gap"": 0.14819875776397518, ""human_message"": ""Total service is 82.18%; shortage is 34.428 t."", ""limit"": 0.97, ""operator"": "">="", ""period"": ""2036"", ""reason"": ""total demand service minimum"", ""scenario"": ""BASE"", ""severity"": ""hard"", ""source_id"": null, ""unit"": ""share""}, {""actual"": 0.0, ""code"": ""RESERVE_45D"", ""constraint_id"": ""RESERVE_45D"", ""excess_or_gap"": 45.0, ""human_message"": ""Reserve equivalence is 0.000 days; required 45.000 days."", ""limit"": 45.0, ""operator"": "">="", ""period"": ""2036-01"", ""reason"": ""physical stock or demonstrably equivalent contracted emergency reserve"", ""scenario"": ""BASE"", ""severity"": ""hard"", ""source_id"": null, ""unit"": ""days""}, {""actual"": 0.722463768115942, ""code"": ""BASE_TOTAL_SERVICE"", ""constraint_id"": ""BASE_TOTAL_SERVICE"", ""excess_or_gap"": 0.24753623188405793, ""human_message"": ""Total service is 72.25%; shortage is 72.770 t."", ""limit"": 0.97, ""operator"": "">="", ""period"": ""2037"", ""reason"": ""total demand service minimum"", ""scenario"": ""BASE"", ""severity"": ""hard"", ""source_id"": null, ""unit"": ""share""}, {""actual"": 0.0, ""code"": ""RESERVE_45D"", ""constraint_id"": ""RESERVE_45D"", ""excess_or_gap"": 45.0, ""human_message"": ""Reserve equivalence is 0.000 days; required 45.000 days."", ""limit"": 45.0, ""operator"": "">="", ""period"": ""2037-01"", ""reason"": ""physical stock or demonstrably equivalent contracted emergency reserve"", ""scenario"": ""BASE"", ""severity"": ""hard"", ""source_id"": null, ""unit"": ""days""}, {""actual"": 0.7246376811594203, ""code"": ""BASE_TOTAL_SERVICE"", ""constraint_id"": ""BASE_TOTAL_SERVICE"", ""excess_or_gap"": 0.24536231884057969, ""human_message"": ""Total service is 72.46%; shortage is 95.000 t."", ""limit"": 0.97, ""operator"": "">="", ""period"": ""2038"", ""reason"": ""total demand service minimum"", ""scenario"": ""BASE"", ""severity"": ""hard"", ""source_id"": null, ""unit"": ""share""}, {""actual"": 0.0, ""code"": ""RESERVE_45D"", ""constraint_id"": ""RESERVE_45D"", ""excess_or_gap"": 45.0, ""human_message"": ""Reserve equivalence is 0.000 days; required 45.000 days."", ""limit"": 45.0, ""operator"": "">="", ""period"": ""2038-01"", ""reason"": ""physical stock or demonstrably equivalent contracted emergency reserve"", ""scenario"": ""BASE"", ""severity"": ""hard"", ""source_id"": null, ""unit"": ""days""}, {""actual"": 0.7246376811594204, ""code"": ""BASE_TOTAL_SERVICE"", ""constraint_id"": ""BASE_TOTAL_SERVICE"", ""excess_or_gap"": 0.24536231884057957, ""human_message"": ""Total service is 72.46%; shortage is 121.600 t."", ""limit"": 0.97, ""operator"": "">="", ""period"": ""2039"", ""reason"": ""total demand service minimum"", ""scenario"": ""BASE"", ""severity"": ""hard"", ""source_id"": null, ""unit"": ""share""}, {""actual"": 0.0, ""code"": ""RESERVE_45D"", ""constraint_id"": ""RESERVE_45D"", ""excess_or_gap"": 45.0, ""human_message"": ""Reserve equivalence is 0.000 days; required 45.000 days."", ""limit"": 45.0, ""operator"": "">="", ""period"": ""2039-01"", ""reason"": ""physical stock or demonstrably equivalent contracted emergency reserve"", ""scenario"": ""BASE"", ""severity"": ""hard"", ""source_id"": null, ""unit"": ""days""}, {""actual"": 0.6508695652173914, ""code"": ""BASE_TOTAL_SERVICE"", ""constraint_id"": ""BASE_TOTAL_SERVICE"", ""excess_or_gap"": 0.3191304347826086, ""human_message"": ""Total service is 65.09%; shortage is 187.902 t."", ""limit"": 0.97, ""operator"": "">="", ""period"": ""2040"", ""reason"": ""total demand service minimum"", ""scenario"": ""BASE"", ""severity"": ""hard"", ""source_id"": null, ""unit"": ""share""}, {""actual"": 0.0, ""code"": ""RESERVE_45D"", ""constraint_id"": ""RESERVE_45D"", ""excess_or_gap"": 45.0, ""human_message"": ""Reserve equivalence is 0.000 days; required 45.000 days."", ""limit"": 45.0, ""operator"": "">="", ""period"": ""2040-01"", ""reason"": ""physical stock or demonstrably equivalent contracted emergency reserve"", ""scenario"": ""BASE"", ""severity"": ""hard"", ""source_id"": null, ""unit"": ""days""}]"
1.39,run-514820d5a92fc879,False,1932.1,950.0,10431.957602202294,9523.153174473306,0.7245564541763653,0.999561403508772,532.1844748858446,0.41666666666666696,0.0,0.0,11,"[{""actual"": 0.9454354324759373, ""code"": ""BASE_TOTAL_SERVICE"", ""constraint_id"": ""BASE_TOTAL_SERVICE"", ""excess_or_gap"": 0.024564567524062664, ""human_message"": ""Total service is 94.54%; shortage is 7.584 t."", ""limit"": 0.97, ""operator"": "">="", ""period"": ""2035"", ""reason"": ""total demand service minimum"", ""scenario"": ""BASE"", ""severity"": ""hard"", ""source_id"": null, ""unit"": ""share""}, {""actual"": 0.8158890030832477, ""code"": ""BASE_TOTAL_SERVICE"", ""constraint_id"": ""BASE_TOTAL_SERVICE"", ""excess_or_gap"": 0.15411099691675223, ""human_message"": ""Total service is 81.59%; shortage is 35.828 t."", ""limit"": 0.97, ""operator"": "">="", ""period"": ""2036"", ""reason"": ""total demand service minimum"", ""scenario"": ""BASE"", ""severity"": ""hard"", ""source_id"": null, ""unit"": ""share""}, {""actual"": 0.0, ""code"": ""RESERVE_45D"", ""constraint_id"": ""RESERVE_45D"", ""excess_or_gap"": 45.0, ""human_message"": ""Reserve equivalence is 0.000 days; required 45.000 days."", ""limit"": 45.0, ""operator"": "">="", ""period"": ""2036-01"", ""reason"": ""physical stock or demonstrably equivalent contracted emergency reserve"", ""scenario"": ""BASE"", ""severity"": ""hard"", ""source_id"": null, ""unit"": ""days""}, {""actual"": 0.7172661870503598, ""code"": ""BASE_TOTAL_SERVICE"", ""constraint_id"": ""BASE_TOTAL_SERVICE"", ""excess_or_gap"": 0.25273381294964015, ""human_message"": ""Total service is 71.73%; shortage is 74.670 t."", ""limit"": 0.97, ""operator"": "">="", ""period"": ""2037"", ""reason"": ""total demand service minimum"", ""scenario"": ""BASE"", ""severity"": ""hard"", ""source_id"": null, ""unit"": ""share""}, {""actual"": 0.0, ""code"": ""RESERVE_45D"", ""constraint_id"": ""RESERVE_45D"", ""excess_or_gap"": 45.0, ""human_message"": ""Reserve equivalence is 0.000 days; required 45.000 days."", ""limit"": 45.0, ""operator"": "">="", ""period"": ""2037-01"", ""reason"": ""physical stock or demonstrably equivalent contracted emergency reserve"", ""scenario"": ""BASE"", ""severity"": ""hard"", ""source_id"": null, ""unit"": ""days""}, {""actual"": 0.7194244604316546, ""code"": ""BASE_TOTAL_SERVICE"", ""constraint_id"": ""BASE_TOTAL_SERVICE"", ""excess_or_gap"": 0.25057553956834533, ""human_message"": ""Total service is 71.94%; shortage is 97.500 t."", ""limit"": 0.97, ""operator"": "">="", ""period"": ""2038"", ""reason"": ""total demand service minimum"", ""scenario"": ""BASE"", ""severity"": ""hard"", ""source_id"": null, ""unit"": ""share""}, {""actual"": 0.0, ""code"": ""RESERVE_45D"", ""constraint_id"": ""RESERVE_45D"", ""excess_or_gap"": 45.0, ""human_message"": ""Reserve equivalence is 0.000 days; required 45.000 days."", ""limit"": 45.0, ""operator"": "">="", ""period"": ""2038-01"", ""reason"": ""physical stock or demonstrably equivalent contracted emergency reserve"", ""scenario"": ""BASE"", ""severity"": ""hard"", ""source_id"": null, ""unit"": ""days""}, {""actual"": 0.7194244604316548, ""code"": ""BASE_TOTAL_SERVICE"", ""constraint_id"": ""BASE_TOTAL_SERVICE"", ""excess_or_gap"": 0.2505755395683452, ""human_message"": ""Total service is 71.94%; shortage is 124.800 t."", ""limit"": 0.97, ""operator"": "">="", ""period"": ""2039"", ""reason"": ""total demand service minimum"", ""scenario"": ""BASE"", ""severity"": ""hard"", ""source_id"": null, ""unit"": ""share""}, {""actual"": 0.0, ""code"": ""RESERVE_45D"", ""constraint_id"": ""RESERVE_45D"", ""excess_or_gap"": 45.0, ""human_message"": ""Reserve equivalence is 0.000 days; required 45.000 days."", ""limit"": 45.0, ""operator"": "">="", ""period"": ""2039-01"", ""reason"": ""physical stock or demonstrably equivalent contracted emergency reserve"", ""scenario"": ""BASE"", ""severity"": ""hard"", ""source_id"": null, ""unit"": ""days""}, {""actual"": 0.6461870503597124, ""code"": ""BASE_TOTAL_SERVICE"", ""constraint_id"": ""BASE_TOTAL_SERVICE"", ""excess_or_gap"": 0.3238129496402876, ""human_message"": ""Total service is 64.62%; shortage is 191.802 t."", ""limit"": 0.97, ""operator"": "">="", ""period"": ""2040"", ""reason"": ""total demand service minimum"", ""scenario"": ""BASE"", ""severity"": ""hard"", ""source_id"": null, ""unit"": ""share""}, {""actual"": 0.0, ""code"": ""RESERVE_45D"", ""constraint_id"": ""RESERVE_45D"", ""excess_or_gap"": 45.0, ""human_message"": ""Reserve equivalence is 0.000 days; required 45.000 days."", ""limit"": 45.0, ""operator"": "">="", ""period"": ""2040-01"", ""reason"": ""physical stock or demonstrably equivalent contracted emergency reserve"", ""scenario"": ""BASE"", ""severity"": ""hard"", ""source_id"": null, ""unit"": ""days""}]"
1.4,run-64fbae68a1c453a5,False,1946.0,950.0,10431.682602202294,9522.878174473306,0.7193810509322484,0.999561403508772,546.0844748858448,0.41666666666666696,0.0,0.0,11,"[{""actual"": 0.9386823222439661, ""code"": ""BASE_TOTAL_SERVICE"", ""constraint_id"": ""BASE_TOTAL_SERVICE"", ""excess_or_gap"": 0.03131767775603389, ""human_message"": ""Total service is 93.87%; shortage is 8.584 t."", ""limit"": 0.97, ""operator"": "">="", ""period"": ""2035"", ""reason"": ""total demand service minimum"", ""scenario"": ""BASE"", ""severity"": ""hard"", ""source_id"": null, ""unit"": ""share""}, {""actual"": 0.8100612244897959, ""code"": ""BASE_TOTAL_SERVICE"", ""constraint_id"": ""BASE_TOTAL_SERVICE"", ""excess_or_gap"": 0.15993877551020408, ""human_message"": ""Total service is 81.01%; shortage is 37.228 t."", ""limit"": 0.97, ""operator"": "">="", ""period"": ""2036"", ""reason"": ""total demand service minimum"", ""scenario"": ""BASE"", ""severity"": ""hard"", ""source_id"": null, ""unit"": ""share""}, {""actual"": 0.0, ""code"": ""RESERVE_45D"", ""constraint_id"": ""RESERVE_45D"", ""excess_or_gap"": 45.0, ""human_message"": ""Reserve equivalence is 0.000 days; required 45.000 days."", ""limit"": 45.0, ""operator"": "">="", ""period"": ""2036-01"", ""reason"": ""physical stock or demonstrably equivalent contracted emergency reserve"", ""scenario"": ""BASE"", ""severity"": ""hard"", ""source_id"": null, ""unit"": ""days""}, {""actual"": 0.7121428571428572, ""code"": ""BASE_TOTAL_SERVICE"", ""constraint_id"": ""BASE_TOTAL_SERVICE"", ""excess_or_gap"": 0.2578571428571428, ""human_message"": ""Total service is 71.21%; shortage is 76.570 t."", ""limit"": 0.97, ""operator"": "">="", ""period"": ""2037"", ""reason"": ""total demand service minimum"", ""scenario"": ""BASE"", ""severity"": ""hard"", ""source_id"": null, ""unit"": ""share""}, {""actual"": 0.0, ""code"": ""RESERVE_45D"", ""constraint_id"": ""RESERVE_45D"", ""excess_or_gap"": 45.0, ""human_message"": ""Reserve equivalence is 0.000 days; required 45.000 days."", ""limit"": 45.0, ""operator"": "">="", ""period"": ""2037-01"", ""reason"": ""physical stock or demonstrably equivalent contracted emergency reserve"", ""scenario"": ""BASE"", ""severity"": ""hard"", ""source_id"": null, ""unit"": ""days""}, {""actual"": 0.7142857142857143, ""code"": ""BASE_TOTAL_SERVICE"", ""constraint_id"": ""BASE_TOTAL_SERVICE"", ""excess_or_gap"": 0.25571428571428567, ""human_message"": ""Total service is 71.43%; shortage is 100.000 t."", ""limit"": 0.97, ""operator"": "">="", ""period"": ""2038"", ""reason"": ""total demand service minimum"", ""scenario"": ""BASE"", ""severity"": ""hard"", ""source_id"": null, ""unit"": ""share""}, {""actual"": 0.0, ""code"": ""RESERVE_45D"", ""constraint_id"": ""RESERVE_45D"", ""excess_or_gap"": 45.0, ""human_message"": ""Reserve equivalence is 0.000 days; required 45.000 days."", ""limit"": 45.0, ""operator"": "">="", ""period"": ""2038-01"", ""reason"": ""physical stock or demonstrably equivalent contracted emergency reserve"", ""scenario"": ""BASE"", ""severity"": ""hard"", ""source_id"": null, ""unit"": ""days""}, {""actual"": 0.7142857142857143, ""code"": ""BASE_TOTAL_SERVICE"", ""constraint_id"": ""BASE_TOTAL_SERVICE"", ""excess_or_gap"": 0.25571428571428567, ""human_message"": ""Total service is 71.43%; shortage is 128.000 t."", ""limit"": 0.97, ""operator"": "">="", ""period"": ""2039"", ""reason"": ""total demand service minimum"", ""scenario"": ""BASE"", ""severity"": ""hard"", ""source_id"": null, ""unit"": ""share""}, {""actual"": 0.0, ""code"": ""RESERVE_45D"", ""constraint_id"": ""RESERVE_45D"", ""excess_or_gap"": 45.0, ""human_message"": ""Reserve equivalence is 0.000 days; required 45.000 days."", ""limit"": 45.0, ""operator"": "">="", ""period"": ""2039-01"", ""reason"": ""physical stock or demonstrably equivalent contracted emergency reserve"", ""scenario"": ""BASE"", ""severity"": ""hard"", ""source_id"": null, ""unit"": ""days""}, {""actual"": 0.6415714285714286, ""code"": ""BASE_TOTAL_SERVICE"", ""constraint_id"": ""BASE_TOTAL_SERVICE"", ""excess_or_gap"": 0.3284285714285714, ""human_message"": ""Total service is 64.16%; shortage is 195.702 t."", ""limit"": 0.97, ""operator"": "">="", ""period"": ""2040"", ""reason"": ""total demand service minimum"", ""scenario"": ""BASE"", ""severity"": ""hard"", ""source_id"": null, ""unit"": ""share""}, {""actual"": 0.0, ""code"": ""RESERVE_45D"", ""constraint_id"": ""RESERVE_45D"", ""excess_or_gap"": 45.0, ""human_message"": ""Reserve equivalence is 0.000 days; required 45.000 days."", ""limit"": 45.0, ""operator"": "">="", ""period"": ""2040-01"", ""reason"": ""physical stock or demonstrably equivalent contracted emergency reserve"", ""scenario"": ""BASE"", ""severity"": ""hard"", ""source_id"": null, ""unit"": ""days""}]"
1.41,run-cbaafe7e0860ad41,False,1959.9,950.0,10431.407602202295,9522.603174473306,0.7142790576632253,0.999561403508772,559.9844748858447,0.41666666666666696,0.0,0.0,11,"[{""actual"": 0.9320250008096118, ""code"": ""BASE_TOTAL_SERVICE"", ""constraint_id"": ""BASE_TOTAL_SERVICE"", ""excess_or_gap"": 0.03797499919038816, ""human_message"": ""Total service is 93.20%; shortage is 9.584 t."", ""limit"": 0.97, ""operator"": "">="", ""period"": ""2035"", ""reason"": ""total demand service minimum"", ""scenario"": ""BASE"", ""severity"": ""hard"", ""source_id"": null, ""unit"": ""share""}, {""actual"": 0.8043161094224924, ""code"": ""BASE_TOTAL_SERVICE"", ""constraint_id"": ""BASE_TOTAL_SERVICE"", ""excess_or_gap"": 0.16568389057750754, ""human_message"": ""Total service is 80.43%; shortage is 38.628 t."", ""limit"": 0.97, ""operator"": "">="", ""period"": ""2036"", ""reason"": ""total demand service minimum"", ""scenario"": ""BASE"", ""severity"": ""hard"", ""source_id"": null, ""unit"": ""share""}, {""actual"": 0.0, ""code"": ""RESERVE_45D"", ""constraint_id"": ""RESERVE_45D"", ""excess_or_gap"": 45.0, ""human_message"": ""Reserve equivalence is 0.000 days; required 45.000 days."", ""limit"": 45.0, ""operator"": "">="", ""period"": ""2036-01"", ""reason"": ""physical stock or demonstrably equivalent contracted emergency reserve"", ""scenario"": ""BASE"", ""severity"": ""hard"", ""source_id"": null, ""unit"": ""days""}, {""actual"": 0.7070921985815604, ""code"": ""BASE_TOTAL_SERVICE"", ""constraint_id"": ""BASE_TOTAL_SERVICE"", ""excess_or_gap"": 0.2629078014184396, ""human_message"": ""Total service is 70.71%; shortage is 78.470 t."", ""limit"": 0.97, ""operator"": "">="", ""period"": ""2037"", ""reason"": ""total demand service minimum"", ""scenario"": ""BASE"", ""severity"": ""hard"", ""source_id"": null, ""unit"": ""share""}, {""actual"": 0.0, ""code"": ""RESERVE_45D"", ""constraint_id"": ""RESERVE_45D"", ""excess_or_gap"": 45.0, ""human_message"": ""Reserve equivalence is 0.000 days; required 45.000 days."", ""limit"": 45.0, ""operator"": "">="", ""period"": ""2037-01"", ""reason"": ""physical stock or demonstrably equivalent contracted emergency reserve"", ""scenario"": ""BASE"", ""severity"": ""hard"", ""source_id"": null, ""unit"": ""days""}, {""actual"": 0.7092198581560284, ""code"": ""BASE_TOTAL_SERVICE"", ""constraint_id"": ""BASE_TOTAL_SERVICE"", ""excess_or_gap"": 0.2607801418439716, ""human_message"": ""Total service is 70.92%; shortage is 102.500 t."", ""limit"": 0.97, ""operator"": "">="", ""period"": ""2038"", ""reason"": ""total demand service minimum"", ""scenario"": ""BASE"", ""severity"": ""hard"", ""source_id"": null, ""unit"": ""share""}, {""actual"": 0.0, ""code"": ""RESERVE_45D"", ""constraint_id"": ""RESERVE_45D"", ""excess_or_gap"": 45.0, ""human_message"": ""Reserve equivalence is 0.000 days; required 45.000 days."", ""limit"": 45.0, ""operator"": "">="", ""period"": ""2038-01"", ""reason"": ""physical stock or demonstrably equivalent contracted emergency reserve"", ""scenario"": ""BASE"", ""severity"": ""hard"", ""source_id"": null, ""unit"": ""days""}, {""actual"": 0.7092198581560283, ""code"": ""BASE_TOTAL_SERVICE"", ""constraint_id"": ""BASE_TOTAL_SERVICE"", ""excess_or_gap"": 0.2607801418439717, ""human_message"": ""Total service is 70.92%; shortage is 131.200 t."", ""limit"": 0.97, ""operator"": "">="", ""period"": ""2039"", ""reason"": ""total demand service minimum"", ""scenario"": ""BASE"", ""severity"": ""hard"", ""source_id"": null, ""unit"": ""share""}, {""actual"": 0.0, ""code"": ""RESERVE_45D"", ""constraint_id"": ""RESERVE_45D"", ""excess_or_gap"": 45.0, ""human_message"": ""Reserve equivalence is 0.000 days; required 45.000 days."", ""limit"": 45.0, ""operator"": "">="", ""period"": ""2039-01"", ""reason"": ""physical stock or demonstrably equivalent contracted emergency reserve"", ""scenario"": ""BASE"", ""severity"": ""hard"", ""source_id"": null, ""unit"": ""days""}, {""actual"": 0.6370212765957447, ""code"": ""BASE_TOTAL_SERVICE"", ""constraint_id"": ""BASE_TOTAL_SERVICE"", ""excess_or_gap"": 0.3329787234042553, ""human_message"": ""Total service is 63.70%; shortage is 199.602 t."", ""limit"": 0.97, ""operator"": "">="", ""period"": ""2040"", ""reason"": ""total demand service minimum"", ""scenario"": ""BASE"", ""severity"": ""hard"", ""source_id"": null, ""unit"": ""share""}, {""actual"": 0.0, ""code"": ""RESERVE_45D"", ""constraint_id"": ""RESERVE_45D"", ""excess_or_gap"": 45.0, ""human_message"": ""Reserve equivalence is 0.000 days; required 45.000 days."", ""limit"": 45.0, ""operator"": "">="", ""period"": ""2040-01"", ""reason"": ""physical stock or demonstrably equivalent contracted emergency reserve"", ""scenario"": ""BASE"", ""severity"": ""hard"", ""source_id"": null, ""unit"": ""days""}]"
1.42,run-bff5aa39a4b91d83,False,1973.8,950.0,10431.132602202295,9522.328174473307,0.7092489234543294,0.999561403508772,573.8844748858447,0.41666666666666696,0.0,0.0,11,"[{""actual"": 0.9254614444658823, ""code"": ""BASE_TOTAL_SERVICE"", ""constraint_id"": ""BASE_TOTAL_SERVICE"", ""excess_or_gap"": 0.044538555534117674, ""human_message"": ""Total service is 92.55%; shortage is 10.584 t."", ""limit"": 0.97, ""operator"": "">="", ""period"": ""2035"", ""reason"": ""total demand service minimum"", ""scenario"": ""BASE"", ""severity"": ""hard"", ""source_id"": null, ""unit"": ""share""}, {""actual"": 0.7986519114688128, ""code"": ""BASE_TOTAL_SERVICE"", ""constraint_id"": ""BASE_TOTAL_SERVICE"", ""excess_or_gap"": 0.17134808853118721, ""human_message"": ""Total service is 79.87%; shortage is 40.028 t."", ""limit"": 0.97, ""operator"": "">="", ""period"": ""2036"", ""reason"": ""total demand service minimum"", ""scenario"": ""BASE"", ""severity"": ""hard"", ""source_id"": null, ""unit"": ""share""}, {""actual"": 0.0, ""code"": ""RESERVE_45D"", ""constraint_id"": ""RESERVE_45D"", ""excess_or_gap"": 45.0, ""human_message"": ""Reserve equivalence is 0.000 days; required 45.000 days."", ""limit"": 45.0, ""operator"": "">="", ""period"": ""2036-01"", ""reason"": ""physical stock or demonstrably equivalent contracted emergency reserve"", ""scenario"": ""BASE"", ""severity"": ""hard"", ""source_id"": null, ""unit"": ""days""}, {""actual"": 0.702112676056338, ""code"": ""BASE_TOTAL_SERVICE"", ""constraint_id"": ""BASE_TOTAL_SERVICE"", ""excess_or_gap"": 0.267887323943662, ""human_message"": ""Total service is 70.21%; shortage is 80.370 t."", ""limit"": 0.97, ""operator"": "">="", ""period"": ""2037"", ""reason"": ""total demand service minimum"", ""scenario"": ""BASE"", ""severity"": ""hard"", ""source_id"": null, ""unit"": ""share""}, {""actual"": 0.0, ""code"": ""RESERVE_45D"", ""constraint_id"": ""RESERVE_45D"", ""excess_or_gap"": 45.0, ""human_message"": ""Reserve equivalence is 0.000 days; required 45.000 days."", ""limit"": 45.0, ""operator"": "">="", ""period"": ""2037-01"", ""reason"": ""physical stock or demonstrably equivalent contracted emergency reserve"", ""scenario"": ""BASE"", ""severity"": ""hard"", ""source_id"": null, ""unit"": ""days""}, {""actual"": 0.704225352112676, ""code"": ""BASE_TOTAL_SERVICE"", ""constraint_id"": ""BASE_TOTAL_SERVICE"", ""excess_or_gap"": 0.26577464788732397, ""human_message"": ""Total service is 70.42%; shortage is 105.000 t."", ""limit"": 0.97, ""operator"": "">="", ""period"": ""2038"", ""reason"": ""total demand service minimum"", ""scenario"": ""BASE"", ""severity"": ""hard"", ""source_id"": null, ""unit"": ""share""}, {""actual"": 0.0, ""code"": ""RESERVE_45D"", ""constraint_id"": ""RESERVE_45D"", ""excess_or_gap"": 45.0, ""human_message"": ""Reserve equivalence is 0.000 days; required 45.000 days."", ""limit"": 45.0, ""operator"": "">="", ""period"": ""2038-01"", ""reason"": ""physical stock or demonstrably equivalent contracted emergency reserve"", ""scenario"": ""BASE"", ""severity"": ""hard"", ""source_id"": null, ""unit"": ""days""}, {""actual"": 0.7042253521126761, ""code"": ""BASE_TOTAL_SERVICE"", ""constraint_id"": ""BASE_TOTAL_SERVICE"", ""excess_or_gap"": 0.26577464788732386, ""human_message"": ""Total service is 70.42%; shortage is 134.400 t."", ""limit"": 0.97, ""operator"": "">="", ""period"": ""2039"", ""reason"": ""total demand service minimum"", ""scenario"": ""BASE"", ""severity"": ""hard"", ""source_id"": null, ""unit"": ""share""}, {""actual"": 0.0, ""code"": ""RESERVE_45D"", ""constraint_id"": ""RESERVE_45D"", ""excess_or_gap"": 45.0, ""human_message"": ""Reserve equivalence is 0.000 days; required 45.000 days."", ""limit"": 45.0, ""operator"": "">="", ""period"": ""2039-01"", ""reason"": ""physical stock or demonstrably equivalent contracted emergency reserve"", ""scenario"": ""BASE"", ""severity"": ""hard"", ""source_id"": null, ""unit"": ""days""}, {""actual"": 0.6325352112676057, ""code"": ""BASE_TOTAL_SERVICE"", ""constraint_id"": ""BASE_TOTAL_SERVICE"", ""excess_or_gap"": 0.33746478873239427, ""human_message"": ""Total service is 63.25%; shortage is 203.502 t."", ""limit"": 0.97, ""operator"": "">="", ""period"": ""2040"", ""reason"": ""total demand service minimum"", ""scenario"": ""BASE"", ""severity"": ""hard"", ""source_id"": null, ""unit"": ""share""}, {""actual"": 0.0, ""code"": ""RESERVE_45D"", ""constraint_id"": ""RESERVE_45D"", ""excess_or_gap"": 45.0, ""human_message"": ""Reserve equivalence is 0.000 days; required 45.000 days."", ""limit"": 45.0, ""operator"": "">="", ""period"": ""2040-01"", ""reason"": ""physical stock or demonstrably equivalent contracted emergency reserve"", ""scenario"": ""BASE"", ""severity"": ""hard"", ""source_id"": null, ""unit"": ""days""}]"
1.43,run-bab86535c791dccc,False,1987.6999999999998,950.0,10430.872670695444,9522.068242966456,0.7042891407728307,0.9991228070175439,587.7844748858447,0.8333333333333339,0.0,0.0,12,"[{""actual"": 0.9895833333333334, ""code"": ""BASE_CRITICAL_SERVICE"", ""constraint_id"": ""BASE_CRITICAL_SERVICE"", ""excess_or_gap"": 0.0004166666666666208, ""human_message"": ""Critical service is 98.96%; shortage is 0.833 t."", ""limit"": 0.99, ""operator"": "">="", ""period"": ""2035"", ""reason"": ""critical demand service minimum"", ""scenario"": ""BASE"", ""severity"": ""hard"", ""source_id"": null, ""unit"": ""share""}, {""actual"": 0.9189896861129738, ""code"": ""BASE_TOTAL_SERVICE"", ""constraint_id"": ""BASE_TOTAL_SERVICE"", ""excess_or_gap"": 0.05101031388702615, ""human_message"": ""Total service is 91.90%; shortage is 11.584 t."", ""limit"": 0.97, ""operator"": "">="", ""period"": ""2035"", ""reason"": ""total demand service minimum"", ""scenario"": ""BASE"", ""severity"": ""hard"", ""source_id"": null, ""unit"": ""share""}, {""actual"": 0.7930669330669331, ""code"": ""BASE_TOTAL_SERVICE"", ""constraint_id"": ""BASE_TOTAL_SERVICE"", ""excess_or_gap"": 0.17693306693306687, ""human_message"": ""Total service is 79.31%; shortage is 41.428 t."", ""limit"": 0.97, ""operator"": "">="", ""period"": ""2036"", ""reason"": ""total demand service minimum"", ""scenario"": ""BASE"", ""severity"": ""hard"", ""source_id"": null, ""unit"": ""share""}, {""actual"": 0.0, ""code"": ""RESERVE_45D"", ""constraint_id"": ""RESERVE_45D"", ""excess_or_gap"": 45.0, ""human_message"": ""Reserve equivalence is 0.000 days; required 45.000 days."", ""limit"": 45.0, ""operator"": "">="", ""period"": ""2036-01"", ""reason"": ""physical stock or demonstrably equivalent contracted emergency reserve"", ""scenario"": ""BASE"", ""severity"": ""hard"", ""source_id"": null, ""unit"": ""days""}, {""actual"": 0.6972027972027972, ""code"": ""BASE_TOTAL_SERVICE"", ""constraint_id"": ""BASE_TOTAL_SERVICE"", ""excess_or_gap"": 0.27279720279720276, ""human_message"": ""Total service is 69.72%; shortage is 82.270 t."", ""limit"": 0.97, ""operator"": "">="", ""period"": ""2037"", ""reason"": ""total demand service minimum"", ""scenario"": ""BASE"", ""severity"": ""hard"", ""source_id"": null, ""unit"": ""share""}, {""actual"": 0.0, ""code"": ""RESERVE_45D"", ""constraint_id"": ""RESERVE_45D"", ""excess_or_gap"": 45.0, ""human_message"": ""Reserve equivalence is 0.000 days; required 45.000 days."", ""limit"": 45.0, ""operator"": "">="", ""period"": ""2037-01"", ""reason"": ""physical stock or demonstrably equivalent contracted emergency reserve"", ""scenario"": ""BASE"", ""severity"": ""hard"", ""source_id"": null, ""unit"": ""days""}, {""actual"": 0.6993006993006993, ""code"": ""BASE_TOTAL_SERVICE"", ""constraint_id"": ""BASE_TOTAL_SERVICE"", ""excess_or_gap"": 0.2706993006993007, ""human_message"": ""Total service is 69.93%; shortage is 107.500 t."", ""limit"": 0.97, ""operator"": "">="", ""period"": ""2038"", ""reason"": ""total demand service minimum"", ""scenario"": ""BASE"", ""severity"": ""hard"", ""source_id"": null, ""unit"": ""share""}, {""actual"": 0.0, ""code"": ""RESERVE_45D"", ""constraint_id"": ""RESERVE_45D"", ""excess_or_gap"": 45.0, ""human_message"": ""Reserve equivalence is 0.000 days; required 45.000 days."", ""limit"": 45.0, ""operator"": "">="", ""period"": ""2038-01"", ""reason"": ""physical stock or demonstrably equivalent contracted emergency reserve"", ""scenario"": ""BASE"", ""severity"": ""hard"", ""source_id"": null, ""unit"": ""days""}, {""actual"": 0.6993006993006993, ""code"": ""BASE_TOTAL_SERVICE"", ""constraint_id"": ""BASE_TOTAL_SERVICE"", ""excess_or_gap"": 0.2706993006993007, ""human_message"": ""Total service is 69.93%; shortage is 137.600 t."", ""limit"": 0.97, ""operator"": "">="", ""period"": ""2039"", ""reason"": ""total demand service minimum"", ""scenario"": ""BASE"", ""severity"": ""hard"", ""source_id"": null, ""unit"": ""share""}, {""actual"": 0.0, ""code"": ""RESERVE_45D"", ""constraint_id"": ""RESERVE_45D"", ""excess_or_gap"": 45.0, ""human_message"": ""Reserve equivalence is 0.000 days; required 45.000 days."", ""limit"": 45.0, ""operator"": "">="", ""period"": ""2039-01"", ""reason"": ""physical stock or demonstrably equivalent contracted emergency reserve"", ""scenario"": ""BASE"", ""severity"": ""hard"", ""source_id"": null, ""unit"": ""days""}, {""actual"": 0.6281118881118882, ""code"": ""BASE_TOTAL_SERVICE"", ""constraint_id"": ""BASE_TOTAL_SERVICE"", ""excess_or_gap"": 0.34188811188811175, ""human_message"": ""Total service is 62.81%; shortage is 207.402 t."", ""limit"": 0.97, ""operator"": "">="", ""period"": ""2040"", ""reason"": ""total demand service minimum"", ""scenario"": ""BASE"", ""severity"": ""hard"", ""source_id"": null, ""unit"": ""share""}, {""actual"": 0.0, ""code"": ""RESERVE_45D"", ""constraint_id"": ""RESERVE_45D"", ""excess_or_gap"": 45.0, ""human_message"": ""Reserve equivalence is 0.000 days; required 45.000 days."", ""limit"": 45.0, ""operator"": "">="", ""period"": ""2040-01"", ""reason"": ""physical stock or demonstrably equivalent contracted emergency reserve"", ""scenario"": ""BASE"", ""severity"": ""hard"", ""source_id"": null, ""unit"": ""days""}]"
1.44,run-48a7935f0d78c45f,False,2001.6,950.0,10430.647670695445,9521.843242966457,0.6993982439619082,0.9991228070175439,601.6844748858448,0.8333333333333339,0.0,0.0,12,"[{""actual"": 0.9895833333333334, ""code"": ""BASE_CRITICAL_SERVICE"", ""constraint_id"": ""BASE_CRITICAL_SERVICE"", ""excess_or_gap"": 0.0004166666666666208, ""human_message"": ""Critical service is 98.96%; shortage is 0.833 t."", ""limit"": 0.99, ""operator"": "">="", ""period"": ""2035"", ""reason"": ""critical demand service minimum"", ""scenario"": ""BASE"", ""severity"": ""hard"", ""source_id"": null, ""unit"": ""share""}, {""actual"": 0.9126078132927449, ""code"": ""BASE_TOTAL_SERVICE"", ""constraint_id"": ""BASE_TOTAL_SERVICE"", ""excess_or_gap"": 0.0573921867072551, ""human_message"": ""Total service is 91.26%; shortage is 12.584 t."", ""limit"": 0.97, ""operator"": "">="", ""period"": ""2035"", ""reason"": ""total demand service minimum"", ""scenario"": ""BASE"", ""severity"": ""hard"", ""source_id"": null, ""unit"": ""share""}, {""actual"": 0.7875595238095237, ""code"": ""BASE_TOTAL_SERVICE"", ""constraint_id"": ""BASE_TOTAL_SERVICE"", ""excess_or_gap"": 0.18244047619047632, ""human_message"": ""Total service is 78.76%; shortage is 42.828 t."", ""limit"": 0.97, ""operator"": "">="", ""period"": ""2036"", ""reason"": ""total demand service minimum"", ""scenario"": ""BASE"", ""severity"": ""hard"", ""source_id"": null, ""unit"": ""share""}, {""actual"": 0.0, ""code"": ""RESERVE_45D"", ""constraint_id"": ""RESERVE_45D"", ""excess_or_gap"": 45.0, ""human_message"": ""Reserve equivalence is 0.000 days; required 45.000 days."", ""limit"": 45.0, ""operator"": "">="", ""period"": ""2036-01"", ""reason"": ""physical stock or demonstrably equivalent contracted emergency reserve"", ""scenario"": ""BASE"", ""severity"": ""hard"", ""source_id"": null, ""unit"": ""days""}, {""actual"": 0.6923611111111112, ""code"": ""BASE_TOTAL_SERVICE"", ""constraint_id"": ""BASE_TOTAL_SERVICE"", ""excess_or_gap"": 0.27763888888888877, ""human_message"": ""Total service is 69.24%; shortage is 84.170 t."", ""limit"": 0.97, ""operator"": "">="", ""period"": ""2037"", ""reason"": ""total demand service minimum"", ""scenario"": ""BASE"", ""severity"": ""hard"", ""source_id"": null, ""unit"": ""share""}, {""actual"": 0.0, ""code"": ""RESERVE_45D"", ""constraint_id"": ""RESERVE_45D"", ""excess_or_gap"": 45.0, ""human_message"": ""Reserve equivalence is 0.000 days; required 45.000 days."", ""limit"": 45.0, ""operator"": "">="", ""period"": ""2037-01"", ""reason"": ""physical stock or demonstrably equivalent contracted emergency reserve"", ""scenario"": ""BASE"", ""severity"": ""hard"", ""source_id"": null, ""unit"": ""days""}, {""actual"": 0.6944444444444444, ""code"": ""BASE_TOTAL_SERVICE"", ""constraint_id"": ""BASE_TOTAL_SERVICE"", ""excess_or_gap"": 0.27555555555555555, ""human_message"": ""Total service is 69.44%; shortage is 110.000 t."", ""limit"": 0.97, ""operator"": "">="", ""period"": ""2038"", ""reason"": ""total demand service minimum"", ""scenario"": ""BASE"", ""severity"": ""hard"", ""source_id"": null, ""unit"": ""share""}, {""actual"": 0.0, ""code"": ""RESERVE_45D"", ""constraint_id"": ""RESERVE_45D"", ""excess_or_gap"": 45.0, ""human_message"": ""Reserve equivalence is 0.000 days; required 45.000 days."", ""limit"": 45.0, ""operator"": "">="", ""period"": ""2038-01"", ""reason"": ""physical stock or demonstrably equivalent contracted emergency reserve"", ""scenario"": ""BASE"", ""severity"": ""hard"", ""source_id"": null, ""unit"": ""days""}, {""actual"": 0.6944444444444445, ""code"": ""BASE_TOTAL_SERVICE"", ""constraint_id"": ""BASE_TOTAL_SERVICE"", ""excess_or_gap"": 0.27555555555555544, ""human_message"": ""Total service is 69.44%; shortage is 140.800 t."", ""limit"": 0.97, ""operator"": "">="", ""period"": ""2039"", ""reason"": ""total demand service minimum"", ""scenario"": ""BASE"", ""severity"": ""hard"", ""source_id"": null, ""unit"": ""share""}, {""actual"": 0.0, ""code"": ""RESERVE_45D"", ""constraint_id"": ""RESERVE_45D"", ""excess_or_gap"": 45.0, ""human_message"": ""Reserve equivalence is 0.000 days; required 45.000 days."", ""limit"": 45.0, ""operator"": "">="", ""period"": ""2039-01"", ""reason"": ""physical stock or demonstrably equivalent contracted emergency reserve"", ""scenario"": ""BASE"", ""severity"": ""hard"", ""source_id"": null, ""unit"": ""days""}, {""actual"": 0.62375, ""code"": ""BASE_TOTAL_SERVICE"", ""constraint_id"": ""BASE_TOTAL_SERVICE"", ""excess_or_gap"": 0.34624999999999995, ""human_message"": ""Total service is 62.38%; shortage is 211.302 t."", ""limit"": 0.97, ""operator"": "">="", ""period"": ""2040"", ""reason"": ""total demand service minimum"", ""scenario"": ""BASE"", ""severity"": ""hard"", ""source_id"": null, ""unit"": ""share""}, {""actual"": 0.0, ""code"": ""RESERVE_45D"", ""constraint_id"": ""RESERVE_45D"", ""excess_or_gap"": 45.0, ""human_message"": ""Reserve equivalence is 0.000 days; required 45.000 days."", ""limit"": 45.0, ""operator"": "">="", ""period"": ""2040-01"", ""reason"": ""physical stock or demonstrably equivalent contracted emergency reserve"", ""scenario"": ""BASE"", ""severity"": ""hard"", ""source_id"": null, ""unit"": ""days""}]"
1.45,run-135c4d4e6cb53cdf,False,2015.5,950.0,10430.422670695445,9521.618242966457,0.6945748077966536,0.9991228070175439,615.5844748858447,0.8333333333333339,0.0,0.0,12,"[{""actual"": 0.9895833333333334, ""code"": ""BASE_CRITICAL_SERVICE"", ""constraint_id"": ""BASE_CRITICAL_SERVICE"", ""excess_or_gap"": 0.0004166666666666208, ""human_message"": ""Critical service is 98.96%; shortage is 0.833 t."", ""limit"": 0.99, ""operator"": "">="", ""period"": ""2035"", ""reason"": ""critical demand service minimum"", ""scenario"": ""BASE"", ""severity"": ""hard"", ""source_id"": null, ""unit"": ""share""}, {""actual"": 0.906313966304519, ""code"": ""BASE_TOTAL_SERVICE"", ""constraint_id"": ""BASE_TOTAL_SERVICE"", ""excess_or_gap"": 0.06368603369548098, ""human_message"": ""Total service is 90.63%; shortage is 13.584 t."", ""limit"": 0.97, ""operator"": "">="", ""period"": ""2035"", ""reason"": ""total demand service minimum"", ""scenario"": ""BASE"", ""severity"": ""hard"", ""source_id"": null, ""unit"": ""share""}, {""actual"": 0.7821280788177339, ""code"": ""BASE_TOTAL_SERVICE"", ""constraint_id"": ""BASE_TOTAL_SERVICE"", ""excess_or_gap"": 0.18787192118226603, ""human_message"": ""Total service is 78.21%; shortage is 44.228 t."", ""limit"": 0.97, ""operator"": "">="", ""period"": ""2036"", ""reason"": ""total demand service minimum"", ""scenario"": ""BASE"", ""severity"": ""hard"", ""source_id"": null, ""unit"": ""share""}, {""actual"": 0.0, ""code"": ""RESERVE_45D"", ""constraint_id"": ""RESERVE_45D"", ""excess_or_gap"": 45.0, ""human_message"": ""Reserve equivalence is 0.000 days; required 45.000 days."", ""limit"": 45.0, ""operator"": "">="", ""period"": ""2036-01"", ""reason"": ""physical stock or demonstrably equivalent contracted emergency reserve"", ""scenario"": ""BASE"", ""severity"": ""hard"", ""source_id"": null, ""unit"": ""days""}, {""actual"": 0.6875862068965517, ""code"": ""BASE_TOTAL_SERVICE"", ""constraint_id"": ""BASE_TOTAL_SERVICE"", ""excess_or_gap"": 0.2824137931034483, ""human_message"": ""Total service is 68.76%; shortage is 86.070 t."", ""limit"": 0.97, ""operator"": "">="", ""period"": ""2037"", ""reason"": ""total demand service minimum"", ""scenario"": ""BASE"", ""severity"": ""hard"", ""source_id"": null, ""unit"": ""share""}, {""actual"": 0.0, ""code"": ""RESERVE_45D"", ""constraint_id"": ""RESERVE_45D"", ""excess_or_gap"": 45.0, ""human_message"": ""Reserve equivalence is 0.000 days; required 45.000 days."", ""limit"": 45.0, ""operator"": "">="", ""period"": ""2037-01"", ""reason"": ""physical stock or demonstrably equivalent contracted emergency reserve"", ""scenario"": ""BASE"", ""severity"": ""hard"", ""source_id"": null, ""unit"": ""days""}, {""actual"": 0.6896551724137931, ""code"": ""BASE_TOTAL_SERVICE"", ""constraint_id"": ""BASE_TOTAL_SERVICE"", ""excess_or_gap"": 0.2803448275862068, ""human_message"": ""Total service is 68.97%; shortage is 112.500 t."", ""limit"": 0.97, ""operator"": "">="", ""period"": ""2038"", ""reason"": ""total demand service minimum"", ""scenario"": ""BASE"", ""severity"": ""hard"", ""source_id"": null, ""unit"": ""share""}, {""actual"": 0.0, ""code"": ""RESERVE_45D"", ""constraint_id"": ""RESERVE_45D"", ""excess_or_gap"": 45.0, ""human_message"": ""Reserve equivalence is 0.000 days; required 45.000 days."", ""limit"": 45.0, ""operator"": "">="", ""period"": ""2038-01"", ""reason"": ""physical stock or demonstrably equivalent contracted emergency reserve"", ""scenario"": ""BASE"", ""severity"": ""hard"", ""source_id"": null, ""unit"": ""days""}, {""actual"": 0.6896551724137931, ""code"": ""BASE_TOTAL_SERVICE"", ""constraint_id"": ""BASE_TOTAL_SERVICE"", ""excess_or_gap"": 0.2803448275862068, ""human_message"": ""Total service is 68.97%; shortage is 144.000 t."", ""limit"": 0.97, ""operator"": "">="", ""period"": ""2039"", ""reason"": ""total demand service minimum"", ""scenario"": ""BASE"", ""severity"": ""hard"", ""source_id"": null, ""unit"": ""share""}, {""actual"": 0.0, ""code"": ""RESERVE_45D"", ""constraint_id"": ""RESERVE_45D"", ""excess_or_gap"": 45.0, ""human_message"": ""Reserve equivalence is 0.000 days; required 45.000 days."", ""limit"": 45.0, ""operator"": "">="", ""period"": ""2039-01"", ""reason"": ""physical stock or demonstrably equivalent contracted emergency reserve"", ""scenario"": ""BASE"", ""severity"": ""hard"", ""source_id"": null, ""unit"": ""days""}, {""actual"": 0.619448275862069, ""code"": ""BASE_TOTAL_SERVICE"", ""constraint_id"": ""BASE_TOTAL_SERVICE"", ""excess_or_gap"": 0.350551724137931, ""human_message"": ""Total service is 61.94%; shortage is 215.202 t."", ""limit"": 0.97, ""operator"": "">="", ""period"": ""2040"", ""reason"": ""total demand service minimum"", ""scenario"": ""BASE"", ""severity"": ""hard"", ""source_id"": null, ""unit"": ""share""}, {""actual"": 0.0, ""code"": ""RESERVE_45D"", ""constraint_id"": ""RESERVE_45D"", ""excess_or_gap"": 45.0, ""human_message"": ""Reserve equivalence is 0.000 days; required 45.000 days."", ""limit"": 45.0, ""operator"": "">="", ""period"": ""2040-01"", ""reason"": ""physical stock or demonstrably equivalent contracted emergency reserve"", ""scenario"": ""BASE"", ""severity"": ""hard"", ""source_id"": null, ""unit"": ""days""}]"
1.46,run-e3dd54ccc7279651,False,2029.3999999999999,950.0,10430.197670695445,9521.393242966456,0.6898174460994163,0.9991228070175439,629.4844748858446,0.8333333333333339,0.0,0.0,12,"[{""actual"": 0.9895833333333334, ""code"": ""BASE_CRITICAL_SERVICE"", ""constraint_id"": ""BASE_CRITICAL_SERVICE"", ""excess_or_gap"": 0.0004166666666666208, ""human_message"": ""Critical service is 98.96%; shortage is 0.833 t."", ""limit"": 0.99, ""operator"": "">="", ""period"": ""2035"", ""reason"": ""critical demand service minimum"", ""scenario"": ""BASE"", ""severity"": ""hard"", ""source_id"": null, ""unit"": ""share""}, {""actual"": 0.9001063363983237, ""code"": ""BASE_TOTAL_SERVICE"", ""constraint_id"": ""BASE_TOTAL_SERVICE"", ""excess_or_gap"": 0.06989366360167626, ""human_message"": ""Total service is 90.01%; shortage is 14.584 t."", ""limit"": 0.97, ""operator"": "">="", ""period"": ""2035"", ""reason"": ""total demand service minimum"", ""scenario"": ""BASE"", ""severity"": ""hard"", ""source_id"": null, ""unit"": ""share""}, {""actual"": 0.7767710371819959, ""code"": ""BASE_TOTAL_SERVICE"", ""constraint_id"": ""BASE_TOTAL_SERVICE"", ""excess_or_gap"": 0.19322896281800406, ""human_message"": ""Total service is 77.68%; shortage is 45.628 t."", ""limit"": 0.97, ""operator"": "">="", ""period"": ""2036"", ""reason"": ""total demand service minimum"", ""scenario"": ""BASE"", ""severity"": ""hard"", ""source_id"": null, ""unit"": ""share""}, {""actual"": 0.0, ""code"": ""RESERVE_45D"", ""constraint_id"": ""RESERVE_45D"", ""excess_or_gap"": 45.0, ""human_message"": ""Reserve equivalence is 0.000 days; required 45.000 days."", ""limit"": 45.0, ""operator"": "">="", ""period"": ""2036-01"", ""reason"": ""physical stock or demonstrably equivalent contracted emergency reserve"", ""scenario"": ""BASE"", ""severity"": ""hard"", ""source_id"": null, ""unit"": ""days""}, {""actual"": 0.6828767123287672, ""code"": ""BASE_TOTAL_SERVICE"", ""constraint_id"": ""BASE_TOTAL_SERVICE"", ""excess_or_gap"": 0.28712328767123274, ""human_message"": ""Total service is 68.29%; shortage is 87.970 t."", ""limit"": 0.97, ""operator"": "">="", ""period"": ""2037"", ""reason"": ""total demand service minimum"", ""scenario"": ""BASE"", ""severity"": ""hard"", ""source_id"": null, ""unit"": ""share""}, {""actual"": 0.0, ""code"": ""RESERVE_45D"", ""constraint_id"": ""RESERVE_45D"", ""excess_or_gap"": 45.0, ""human_message"": ""Reserve equivalence is 0.000 days; required 45.000 days."", ""limit"": 45.0, ""operator"": "">="", ""period"": ""2037-01"", ""reason"": ""physical stock or demonstrably equivalent contracted emergency reserve"", ""scenario"": ""BASE"", ""severity"": ""hard"", ""source_id"": null, ""unit"": ""days""}, {""actual"": 0.684931506849315, ""code"": ""BASE_TOTAL_SERVICE"", ""constraint_id"": ""BASE_TOTAL_SERVICE"", ""excess_or_gap"": 0.28506849315068494, ""human_message"": ""Total service is 68.49%; shortage is 115.000 t."", ""limit"": 0.97, ""operator"": "">="", ""period"": ""2038"", ""reason"": ""total demand service minimum"", ""scenario"": ""BASE"", ""severity"": ""hard"", ""source_id"": null, ""unit"": ""share""}, {""actual"": 0.0, ""code"": ""RESERVE_45D"", ""constraint_id"": ""RESERVE_45D"", ""excess_or_gap"": 45.0, ""human_message"": ""Reserve equivalence is 0.000 days; required 45.000 days."", ""limit"": 45.0, ""operator"": "">="", ""period"": ""2038-01"", ""reason"": ""physical stock or demonstrably equivalent contracted emergency reserve"", ""scenario"": ""BASE"", ""severity"": ""hard"", ""source_id"": null, ""unit"": ""days""}, {""actual"": 0.6849315068493151, ""code"": ""BASE_TOTAL_SERVICE"", ""constraint_id"": ""BASE_TOTAL_SERVICE"", ""excess_or_gap"": 0.28506849315068483, ""human_message"": ""Total service is 68.49%; shortage is 147.200 t."", ""limit"": 0.97, ""operator"": "">="", ""period"": ""2039"", ""reason"": ""total demand service minimum"", ""scenario"": ""BASE"", ""severity"": ""hard"", ""source_id"": null, ""unit"": ""share""}, {""actual"": 0.0, ""code"": ""RESERVE_45D"", ""constraint_id"": ""RESERVE_45D"", ""excess_or_gap"": 45.0, ""human_message"": ""Reserve equivalence is 0.000 days; required 45.000 days."", ""limit"": 45.0, ""operator"": "">="", ""period"": ""2039-01"", ""reason"": ""physical stock or demonstrably equivalent contracted emergency reserve"", ""scenario"": ""BASE"", ""severity"": ""hard"", ""source_id"": null, ""unit"": ""days""}, {""actual"": 0.6152054794520548, ""code"": ""BASE_TOTAL_SERVICE"", ""constraint_id"": ""BASE_TOTAL_SERVICE"", ""excess_or_gap"": 0.35479452054794514, ""human_message"": ""Total service is 61.52%; shortage is 219.102 t."", ""limit"": 0.97, ""operator"": "">="", ""period"": ""2040"", ""reason"": ""total demand service minimum"", ""scenario"": ""BASE"", ""severity"": ""hard"", ""source_id"": null, ""unit"": ""share""}, {""actual"": 0.0, ""code"": ""RESERVE_45D"", ""constraint_id"": ""RESERVE_45D"", ""excess_or_gap"": 45.0, ""human_message"": ""Reserve equivalence is 0.000 days; required 45.000 days."", ""limit"": 45.0, ""operator"": "">="", ""period"": ""2040-01"", ""reason"": ""physical stock or demonstrably equivalent contracted emergency reserve"", ""scenario"": ""BASE"", ""severity"": ""hard"", ""source_id"": null, ""unit"": ""days""}]"
1.47,run-a7de8f3721dbad87,False,2043.3,950.0,10429.972670695444,9521.168242966456,0.6851248104116652,0.9991228070175439,643.3844748858447,0.8333333333333339,0.0,0.0,12,"[{""actual"": 0.9895833333333334, ""code"": ""BASE_CRITICAL_SERVICE"", ""constraint_id"": ""BASE_CRITICAL_SERVICE"", ""excess_or_gap"": 0.0004166666666666208, ""human_message"": ""Critical service is 98.96%; shortage is 0.833 t."", ""limit"": 0.99, ""operator"": "">="", ""period"": ""2035"", ""reason"": ""critical demand service minimum"", ""scenario"": ""BASE"", ""severity"": ""hard"", ""source_id"": null, ""unit"": ""share""}, {""actual"": 0.8939831640418725, ""code"": ""BASE_TOTAL_SERVICE"", ""constraint_id"": ""BASE_TOTAL_SERVICE"", ""excess_or_gap"": 0.07601683595812747, ""human_message"": ""Total service is 89.40%; shortage is 15.584 t."", ""limit"": 0.97, ""operator"": "">="", ""period"": ""2035"", ""reason"": ""total demand service minimum"", ""scenario"": ""BASE"", ""severity"": ""hard"", ""source_id"": null, ""unit"": ""share""}, {""actual"": 0.7714868804664723, ""code"": ""BASE_TOTAL_SERVICE"", ""constraint_id"": ""BASE_TOTAL_SERVICE"", ""excess_or_gap"": 0.19851311953352768, ""human_message"": ""Total service is 77.15%; shortage is 47.028 t."", ""limit"": 0.97, ""operator"": "">="", ""period"": ""2036"", ""reason"": ""total demand service minimum"", ""scenario"": ""BASE"", ""severity"": ""hard"", ""source_id"": null, ""unit"": ""share""}, {""actual"": 0.0, ""code"": ""RESERVE_45D"", ""constraint_id"": ""RESERVE_45D"", ""excess_or_gap"": 45.0, ""human_message"": ""Reserve equivalence is 0.000 days; required 45.000 days."", ""limit"": 45.0, ""operator"": "">="", ""period"": ""2036-01"", ""reason"": ""physical stock or demonstrably equivalent contracted emergency reserve"", ""scenario"": ""BASE"", ""severity"": ""hard"", ""source_id"": null, ""unit"": ""days""}, {""actual"": 0.6782312925170068, ""code"": ""BASE_TOTAL_SERVICE"", ""constraint_id"": ""BASE_TOTAL_SERVICE"", ""excess_or_gap"": 0.2917687074829932, ""human_message"": ""Total service is 67.82%; shortage is 89.870 t."", ""limit"": 0.97, ""operator"": "">="", ""period"": ""2037"", ""reason"": ""total demand service minimum"", ""scenario"": ""BASE"", ""severity"": ""hard"", ""source_id"": null, ""unit"": ""share""}, {""actual"": 0.0, ""code"": ""RESERVE_45D"", ""constraint_id"": ""RESERVE_45D"", ""excess_or_gap"": 45.0, ""human_message"": ""Reserve equivalence is 0.000 days; required 45.000 days."", ""limit"": 45.0, ""operator"": "">="", ""period"": ""2037-01"", ""reason"": ""physical stock or demonstrably equivalent contracted emergency reserve"", ""scenario"": ""BASE"", ""severity"": ""hard"", ""source_id"": null, ""unit"": ""days""}, {""actual"": 0.6802721088435374, ""code"": ""BASE_TOTAL_SERVICE"", ""constraint_id"": ""BASE_TOTAL_SERVICE"", ""excess_or_gap"": 0.2897278911564626, ""human_message"": ""Total service is 68.03%; shortage is 117.500 t."", ""limit"": 0.97, ""operator"": "">="", ""period"": ""2038"", ""reason"": ""total demand service minimum"", ""scenario"": ""BASE"", ""severity"": ""hard"", ""source_id"": null, ""unit"": ""share""}, {""actual"": 0.0, ""code"": ""RESERVE_45D"", ""constraint_id"": ""RESERVE_45D"", ""excess_or_gap"": 45.0, ""human_message"": ""Reserve equivalence is 0.000 days; required 45.000 days."", ""limit"": 45.0, ""operator"": "">="", ""period"": ""2038-01"", ""reason"": ""physical stock or demonstrably equivalent contracted emergency reserve"", ""scenario"": ""BASE"", ""severity"": ""hard"", ""source_id"": null, ""unit"": ""days""}, {""actual"": 0.6802721088435374, ""code"": ""BASE_TOTAL_SERVICE"", ""constraint_id"": ""BASE_TOTAL_SERVICE"", ""excess_or_gap"": 0.2897278911564626, ""human_message"": ""Total service is 68.03%; shortage is 150.400 t."", ""limit"": 0.97, ""operator"": "">="", ""period"": ""2039"", ""reason"": ""total demand service minimum"", ""scenario"": ""BASE"", ""severity"": ""hard"", ""source_id"": null, ""unit"": ""share""}, {""actual"": 0.0, ""code"": ""RESERVE_45D"", ""constraint_id"": ""RESERVE_45D"", ""excess_or_gap"": 45.0, ""human_message"": ""Reserve equivalence is 0.000 days; required 45.000 days."", ""limit"": 45.0, ""operator"": "">="", ""period"": ""2039-01"", ""reason"": ""physical stock or demonstrably equivalent contracted emergency reserve"", ""scenario"": ""BASE"", ""severity"": ""hard"", ""source_id"": null, ""unit"": ""days""}, {""actual"": 0.6110204081632653, ""code"": ""BASE_TOTAL_SERVICE"", ""constraint_id"": ""BASE_TOTAL_SERVICE"", ""excess_or_gap"": 0.35897959183673467, ""human_message"": ""Total service is 61.10%; shortage is 223.002 t."", ""limit"": 0.97, ""operator"": "">="", ""period"": ""2040"", ""reason"": ""total demand service minimum"", ""scenario"": ""BASE"", ""severity"": ""hard"", ""source_id"": null, ""unit"": ""share""}, {""actual"": 0.0, ""code"": ""RESERVE_45D"", ""constraint_id"": ""RESERVE_45D"", ""excess_or_gap"": 45.0, ""human_message"": ""Reserve equivalence is 0.000 days; required 45.000 days."", ""limit"": 45.0, ""operator"": "">="", ""period"": ""2040-01"", ""reason"": ""physical stock or demonstrably equivalent contracted emergency reserve"", ""scenario"": ""BASE"", ""severity"": ""hard"", ""source_id"": null, ""unit"": ""days""}]"
1.48,run-38c9bfcfdbac9e82,False,2057.2,950.0,10429.747670695444,9520.943242966456,0.6804955887196945,0.9991228070175439,657.2844748858447,0.8333333333333339,0.0,0.0,12,"[{""actual"": 0.9895833333333334, ""code"": ""BASE_CRITICAL_SERVICE"", ""constraint_id"": ""BASE_CRITICAL_SERVICE"", ""excess_or_gap"": 0.0004166666666666208, ""human_message"": ""Critical service is 98.96%; shortage is 0.833 t."", ""limit"": 0.99, ""operator"": "">="", ""period"": ""2035"", ""reason"": ""critical demand service minimum"", ""scenario"": ""BASE"", ""severity"": ""hard"", ""source_id"": null, ""unit"": ""share""}, {""actual"": 0.8879427372578058, ""code"": ""BASE_TOTAL_SERVICE"", ""constraint_id"": ""BASE_TOTAL_SERVICE"", ""excess_or_gap"": 0.08205726274219416, ""human_message"": ""Total service is 88.79%; shortage is 16.584 t."", ""limit"": 0.97, ""operator"": "">="", ""period"": ""2035"", ""reason"": ""total demand service minimum"", ""scenario"": ""BASE"", ""severity"": ""hard"", ""source_id"": null, ""unit"": ""share""}, {""actual"": 0.7662741312741312, ""code"": ""BASE_TOTAL_SERVICE"", ""constraint_id"": ""BASE_TOTAL_SERVICE"", ""excess_or_gap"": 0.20372586872586873, ""human_message"": ""Total service is 76.63%; shortage is 48.428 t."", ""limit"": 0.97, ""operator"": "">="", ""period"": ""2036"", ""reason"": ""total demand service minimum"", ""scenario"": ""BASE"", ""severity"": ""hard"", ""source_id"": null, ""unit"": ""share""}, {""actual"": 0.0, ""code"": ""RESERVE_45D"", ""constraint_id"": ""RESERVE_45D"", ""excess_or_gap"": 45.0, ""human_message"": ""Reserve equivalence is 0.000 days; required 45.000 days."", ""limit"": 45.0, ""operator"": "">="", ""period"": ""2036-01"", ""reason"": ""physical stock or demonstrably equivalent contracted emergency reserve"", ""scenario"": ""BASE"", ""severity"": ""hard"", ""source_id"": null, ""unit"": ""days""}, {""actual"": 0.6736486486486487, ""code"": ""BASE_TOTAL_SERVICE"", ""constraint_id"": ""BASE_TOTAL_SERVICE"", ""excess_or_gap"": 0.29635135135135127, ""human_message"": ""Total service is 67.36%; shortage is 91.770 t."", ""limit"": 0.97, ""operator"": "">="", ""period"": ""2037"", ""reason"": ""total demand service minimum"", ""scenario"": ""BASE"", ""severity"": ""hard"", ""source_id"": null, ""unit"": ""share""}, {""actual"": 0.0, ""code"": ""RESERVE_45D"", ""constraint_id"": ""RESERVE_45D"", ""excess_or_gap"": 45.0, ""human_message"": ""Reserve equivalence is 0.000 days; required 45.000 days."", ""limit"": 45.0, ""operator"": "">="", ""period"": ""2037-01"", ""reason"": ""physical stock or demonstrably equivalent contracted emergency reserve"", ""scenario"": ""BASE"", ""severity"": ""hard"", ""source_id"": null, ""unit"": ""days""}, {""actual"": 0.6756756756756757, ""code"": ""BASE_TOTAL_SERVICE"", ""constraint_id"": ""BASE_TOTAL_SERVICE"", ""excess_or_gap"": 0.2943243243243243, ""human_message"": ""Total service is 67.57%; shortage is 120.000 t."", ""limit"": 0.97, ""operator"": "">="", ""period"": ""2038"", ""reason"": ""total demand service minimum"", ""scenario"": ""BASE"", ""severity"": ""hard"", ""source_id"": null, ""unit"": ""share""}, {""actual"": 0.0, ""code"": ""RESERVE_45D"", ""constraint_id"": ""RESERVE_45D"", ""excess_or_gap"": 45.0, ""human_message"": ""Reserve equivalence is 0.000 days; required 45.000 days."", ""limit"": 45.0, ""operator"": "">="", ""period"": ""2038-01"", ""reason"": ""physical stock or demonstrably equivalent contracted emergency reserve"", ""scenario"": ""BASE"", ""severity"": ""hard"", ""source_id"": null, ""unit"": ""days""}, {""actual"": 0.6756756756756757, ""code"": ""BASE_TOTAL_SERVICE"", ""constraint_id"": ""BASE_TOTAL_SERVICE"", ""excess_or_gap"": 0.2943243243243243, ""human_message"": ""Total service is 67.57%; shortage is 153.600 t."", ""limit"": 0.97, ""operator"": "">="", ""period"": ""2039"", ""reason"": ""total demand service minimum"", ""scenario"": ""BASE"", ""severity"": ""hard"", ""source_id"": null, ""unit"": ""share""}, {""actual"": 0.0, ""code"": ""RESERVE_45D"", ""constraint_id"": ""RESERVE_45D"", ""excess_or_gap"": 45.0, ""human_message"": ""Reserve equivalence is 0.000 days; required 45.000 days."", ""limit"": 45.0, ""operator"": "">="", ""period"": ""2039-01"", ""reason"": ""physical stock or demonstrably equivalent contracted emergency reserve"", ""scenario"": ""BASE"", ""severity"": ""hard"", ""source_id"": null, ""unit"": ""days""}, {""actual"": 0.6068918918918919, ""code"": ""BASE_TOTAL_SERVICE"", ""constraint_id"": ""BASE_TOTAL_SERVICE"", ""excess_or_gap"": 0.3631081081081081, ""human_message"": ""Total service is 60.69%; shortage is 226.902 t."", ""limit"": 0.97, ""operator"": "">="", ""period"": ""2040"", ""reason"": ""total demand service minimum"", ""scenario"": ""BASE"", ""severity"": ""hard"", ""source_id"": null, ""unit"": ""share""}, {""actual"": 0.0, ""code"": ""RESERVE_45D"", ""constraint_id"": ""RESERVE_45D"", ""excess_or_gap"": 45.0, ""human_message"": ""Reserve equivalence is 0.000 days; required 45.000 days."", ""limit"": 45.0, ""operator"": "">="", ""period"": ""2040-01"", ""reason"": ""physical stock or demonstrably equivalent contracted emergency reserve"", ""scenario"": ""BASE"", ""severity"": ""hard"", ""source_id"": null, ""unit"": ""days""}]"
1.49,run-1f37e28f615caa60,False,2071.1,950.0,10429.522670695445,9520.718242966457,0.6759285042316427,0.9991228070175439,671.1844748858448,0.8333333333333339,0.0,0.0,12,"[{""actual"": 0.9895833333333334, ""code"": ""BASE_CRITICAL_SERVICE"", ""constraint_id"": ""BASE_CRITICAL_SERVICE"", ""excess_or_gap"": 0.0004166666666666208, ""human_message"": ""Critical service is 98.96%; shortage is 0.833 t."", ""limit"": 0.99, ""operator"": "">="", ""period"": ""2035"", ""reason"": ""critical demand service minimum"", ""scenario"": ""BASE"", ""severity"": ""hard"", ""source_id"": null, ""unit"": ""share""}, {""actual"": 0.8819833900278876, ""code"": ""BASE_TOTAL_SERVICE"", ""constraint_id"": ""BASE_TOTAL_SERVICE"", ""excess_or_gap"": 0.08801660997211236, ""human_message"": ""Total service is 88.20%; shortage is 17.584 t."", ""limit"": 0.97, ""operator"": "">="", ""period"": ""2035"", ""reason"": ""total demand service minimum"", ""scenario"": ""BASE"", ""severity"": ""hard"", ""source_id"": null, ""unit"": ""share""}, {""actual"": 0.7611313518696069, ""code"": ""BASE_TOTAL_SERVICE"", ""constraint_id"": ""BASE_TOTAL_SERVICE"", ""excess_or_gap"": 0.20886864813039308, ""human_message"": ""Total service is 76.11%; shortage is 49.828 t."", ""limit"": 0.97, ""operator"": "">="", ""period"": ""2036"", ""reason"": ""total demand service minimum"", ""scenario"": ""BASE"", ""severity"": ""hard"", ""source_id"": null, ""unit"": ""share""}, {""actual"": 0.0, ""code"": ""RESERVE_45D"", ""constraint_id"": ""RESERVE_45D"", ""excess_or_gap"": 45.0, ""human_message"": ""Reserve equivalence is 0.000 days; required 45.000 days."", ""limit"": 45.0, ""operator"": "">="", ""period"": ""2036-01"", ""reason"": ""physical stock or demonstrably equivalent contracted emergency reserve"", ""scenario"": ""BASE"", ""severity"": ""hard"", ""source_id"": null, ""unit"": ""days""}, {""actual"": 0.6691275167785234, ""code"": ""BASE_TOTAL_SERVICE"", ""constraint_id"": ""BASE_TOTAL_SERVICE"", ""excess_or_gap"": 0.3008724832214765, ""human_message"": ""Total service is 66.91%; shortage is 93.670 t."", ""limit"": 0.97, ""operator"": "">="", ""period"": ""2037"", ""reason"": ""total demand service minimum"", ""scenario"": ""BASE"", ""severity"": ""hard"", ""source_id"": null, ""unit"": ""share""}, {""actual"": 0.0, ""code"": ""RESERVE_45D"", ""constraint_id"": ""RESERVE_45D"", ""excess_or_gap"": 45.0, ""human_message"": ""Reserve equivalence is 0.000 days; required 45.000 days."", ""limit"": 45.0, ""operator"": "">="", ""period"": ""2037-01"", ""reason"": ""physical stock or demonstrably equivalent contracted emergency reserve"", ""scenario"": ""BASE"", ""severity"": ""hard"", ""source_id"": null, ""unit"": ""days""}, {""actual"": 0.6711409395973155, ""code"": ""BASE_TOTAL_SERVICE"", ""constraint_id"": ""BASE_TOTAL_SERVICE"", ""excess_or_gap"": 0.2988590604026845, ""human_message"": ""Total service is 67.11%; shortage is 122.500 t."", ""limit"": 0.97, ""operator"": "">="", ""period"": ""2038"", ""reason"": ""total demand service minimum"", ""scenario"": ""BASE"", ""severity"": ""hard"", ""source_id"": null, ""unit"": ""share""}, {""actual"": 0.0, ""code"": ""RESERVE_45D"", ""constraint_id"": ""RESERVE_45D"", ""excess_or_gap"": 45.0, ""human_message"": ""Reserve equivalence is 0.000 days; required 45.000 days."", ""limit"": 45.0, ""operator"": "">="", ""period"": ""2038-01"", ""reason"": ""physical stock or demonstrably equivalent contracted emergency reserve"", ""scenario"": ""BASE"", ""severity"": ""hard"", ""source_id"": null, ""unit"": ""days""}, {""actual"": 0.6711409395973155, ""code"": ""BASE_TOTAL_SERVICE"", ""constraint_id"": ""BASE_TOTAL_SERVICE"", ""excess_or_gap"": 0.2988590604026845, ""human_message"": ""Total service is 67.11%; shortage is 156.800 t."", ""limit"": 0.97, ""operator"": "">="", ""period"": ""2039"", ""reason"": ""total demand service minimum"", ""scenario"": ""BASE"", ""severity"": ""hard"", ""source_id"": null, ""unit"": ""share""}, {""actual"": 0.0, ""code"": ""RESERVE_45D"", ""constraint_id"": ""RESERVE_45D"", ""excess_or_gap"": 45.0, ""human_message"": ""Reserve equivalence is 0.000 days; required 45.000 days."", ""limit"": 45.0, ""operator"": "">="", ""period"": ""2039-01"", ""reason"": ""physical stock or demonstrably equivalent contracted emergency reserve"", ""scenario"": ""BASE"", ""severity"": ""hard"", ""source_id"": null, ""unit"": ""days""}, {""actual"": 0.6028187919463087, ""code"": ""BASE_TOTAL_SERVICE"", ""constraint_id"": ""BASE_TOTAL_SERVICE"", ""excess_or_gap"": 0.36718120805369125, ""human_message"": ""Total service is 60.28%; shortage is 230.802 t."", ""limit"": 0.97, ""operator"": "">="", ""period"": ""2040"", ""reason"": ""total demand service minimum"", ""scenario"": ""BASE"", ""severity"": ""hard"", ""source_id"": null, ""unit"": ""share""}, {""actual"": 0.0, ""code"": ""RESERVE_45D"", ""constraint_id"": ""RESERVE_45D"", ""excess_or_gap"": 45.0, ""human_message"": ""Reserve equivalence is 0.000 days; required 45.000 days."", ""limit"": 45.0, ""operator"": "">="", ""period"": ""2040-01"", ""reason"": ""physical stock or demonstrably equivalent contracted emergency reserve"", ""scenario"": ""BASE"", ""severity"": ""hard"", ""source_id"": null, ""unit"": ""days""}]"
1.5,run-ff9af5859a409b39,False,2085.0,950.0,10429.297670695445,9520.493242966457,0.6714223142034318,0.9988584474885844,685.0844748858448,1.0844748858447426,0.0,0.0,12,"[{""actual"": 0.9864440639269407, ""code"": ""BASE_CRITICAL_SERVICE"", ""constraint_id"": ""BASE_CRITICAL_SERVICE"", ""excess_or_gap"": 0.0035559360730592626, ""human_message"": ""Critical service is 98.64%; shortage is 1.084 t."", ""limit"": 0.99, ""operator"": "">="", ""period"": ""2035"", ""reason"": ""critical demand service minimum"", ""scenario"": ""BASE"", ""severity"": ""hard"", ""source_id"": null, ""unit"": ""share""}, {""actual"": 0.876103500761035, ""code"": ""BASE_TOTAL_SERVICE"", ""constraint_id"": ""BASE_TOTAL_SERVICE"", ""excess_or_gap"": 0.09389649923896493, ""human_message"": ""Total service is 87.61%; shortage is 18.584 t."", ""limit"": 0.97, ""operator"": "">="", ""period"": ""2035"", ""reason"": ""total demand service minimum"", ""scenario"": ""BASE"", ""severity"": ""hard"", ""source_id"": null, ""unit"": ""share""}, {""actual"": 0.7560571428571428, ""code"": ""BASE_TOTAL_SERVICE"", ""constraint_id"": ""BASE_TOTAL_SERVICE"", ""excess_or_gap"": 0.2139428571428572, ""human_message"": ""Total service is 75.61%; shortage is 51.228 t."", ""limit"": 0.97, ""operator"": "">="", ""period"": ""2036"", ""reason"": ""total demand service minimum"", ""scenario"": ""BASE"", ""severity"": ""hard"", ""source_id"": null, ""unit"": ""share""}, {""actual"": 0.0, ""code"": ""RESERVE_45D"", ""constraint_id"": ""RESERVE_45D"", ""excess_or_gap"": 45.0, ""human_message"": ""Reserve equivalence is 0.000 days; required 45.000 days."", ""limit"": 45.0, ""operator"": "">="", ""period"": ""2036-01"", ""reason"": ""physical stock or demonstrably equivalent contracted emergency reserve"", ""scenario"": ""BASE"", ""severity"": ""hard"", ""source_id"": null, ""unit"": ""days""}, {""actual"": 0.6646666666666667, ""code"": ""BASE_TOTAL_SERVICE"", ""constraint_id"": ""BASE_TOTAL_SERVICE"", ""excess_or_gap"": 0.30533333333333323, ""human_message"": ""Total service is 66.47%; shortage is 95.570 t."", ""limit"": 0.97, ""operator"": "">="", ""period"": ""2037"", ""reason"": ""total demand service minimum"", ""scenario"": ""BASE"", ""severity"": ""hard"", ""source_id"": null, ""unit"": ""share""}, {""actual"": 0.0, ""code"": ""RESERVE_45D"", ""constraint_id"": ""RESERVE_45D"", ""excess_or_gap"": 45.0, ""human_message"": ""Reserve equivalence is 0.000 days; required 45.000 days."", ""limit"": 45.0, ""operator"": "">="", ""period"": ""2037-01"", ""reason"": ""physical stock or demonstrably equivalent contracted emergency reserve"", ""scenario"": ""BASE"", ""severity"": ""hard"", ""source_id"": null, ""unit"": ""days""}, {""actual"": 0.6666666666666666, ""code"": ""BASE_TOTAL_SERVICE"", ""constraint_id"": ""BASE_TOTAL_SERVICE"", ""excess_or_gap"": 0.30333333333333334, ""human_message"": ""Total service is 66.67%; shortage is 125.000 t."", ""limit"": 0.97, ""operator"": "">="", ""period"": ""2038"", ""reason"": ""total demand service minimum"", ""scenario"": ""BASE"", ""severity"": ""hard"", ""source_id"": null, ""unit"": ""share""}, {""actual"": 0.0, ""code"": ""RESERVE_45D"", ""constraint_id"": ""RESERVE_45D"", ""excess_or_gap"": 45.0, ""human_message"": ""Reserve equivalence is 0.000 days; required 45.000 days."", ""limit"": 45.0, ""operator"": "">="", ""period"": ""2038-01"", ""reason"": ""physical stock or demonstrably equivalent contracted emergency reserve"", ""scenario"": ""BASE"", ""severity"": ""hard"", ""source_id"": null, ""unit"": ""days""}, {""actual"": 0.6666666666666666, ""code"": ""BASE_TOTAL_SERVICE"", ""constraint_id"": ""BASE_TOTAL_SERVICE"", ""excess_or_gap"": 0.30333333333333334, ""human_message"": ""Total service is 66.67%; shortage is 160.000 t."", ""limit"": 0.97, ""operator"": "">="", ""period"": ""2039"", ""reason"": ""total demand service minimum"", ""scenario"": ""BASE"", ""severity"": ""hard"", ""source_id"": null, ""unit"": ""share""}, {""actual"": 0.0, ""code"": ""RESERVE_45D"", ""constraint_id"": ""RESERVE_45D"", ""excess_or_gap"": 45.0, ""human_message"": ""Reserve equivalence is 0.000 days; required 45.000 days."", ""limit"": 45.0, ""operator"": "">="", ""period"": ""2039-01"", ""reason"": ""physical stock or demonstrably equivalent contracted emergency reserve"", ""scenario"": ""BASE"", ""severity"": ""hard"", ""source_id"": null, ""unit"": ""days""}, {""actual"": 0.5988, ""code"": ""BASE_TOTAL_SERVICE"", ""constraint_id"": ""BASE_TOTAL_SERVICE"", ""excess_or_gap"": 0.3712, ""human_message"": ""Total service is 59.88%; shortage is 234.702 t."", ""limit"": 0.97, ""operator"": "">="", ""period"": ""2040"", ""reason"": ""total demand service minimum"", ""scenario"": ""BASE"", ""severity"": ""hard"", ""source_id"": null, ""unit"": ""share""}, {""actual"": 0.0, ""code"": ""RESERVE_45D"", ""constraint_id"": ""RESERVE_45D"", ""excess_or_gap"": 45.0, ""human_message"": ""Reserve equivalence is 0.000 days; required 45.000 days."", ""limit"": 45.0, ""operator"": "">="", ""period"": ""2040-01"", ""reason"": ""physical stock or demonstrably equivalent contracted emergency reserve"", ""scenario"": ""BASE"", ""severity"": ""hard"", ""source_id"": null, ""unit"": ""days""}]"
