month,opening_inventory_t,demand_total_t,demand_critical_t,reserved_by_source,requested_order_by_source,pipeline,planned_arrival_by_source,gross_delivery_by_source,gross_delivery_t,losses_t,net_delivery_t,accepted_delivery_t,overflow_t,available_inventory_t,served_critical_t,served_noncritical_t,shortage_critical_t,shortage_noncritical_t,closing_inventory_t,active_storage_id,active_storage_capacity_t,active_loss_rate,active_investments,holding_cost_mln,fixed_opex_mln,violations
2035-01,38.2,8.333333333333334,6.666666666666667,"{""A"": 100.0, ""B"": 40.0, ""C"": 0, ""D"": 0, ""E"": 20.0}","{""A"": 7.5, ""B"": 1.6666666666666667}","[{""actual_arrival_month"": ""2036-01"", ""actual_delivery_share"": 1.0, ""availability_share"": 1.0, ""feasible_t"": 7.5, ""gross_delivery_t"": 7.5, ""order_month"": ""2035-01"", ""planned_arrival_month"": ""2036-01"", ""requested_t"": 7.5, ""shipment_id"": ""S0001"", ""source_id"": ""A"", ""source_name"": ""Earth-Core"", ""unfulfilled_request_t"": 0.0}, {""actual_arrival_month"": ""2035-05"", ""actual_delivery_share"": 1.0, ""availability_share"": 1.0, ""feasible_t"": 1.6666666666666667, ""gross_delivery_t"": 1.6666666666666667, ""order_month"": ""2035-01"", ""planned_arrival_month"": ""2035-05"", ""requested_t"": 1.6666666666666667, ""shipment_id"": ""S0073"", ""source_id"": ""B"", ""source_name"": ""Earth-Flex"", ""unfulfilled_request_t"": 0.0}]",{},{},0,0.0,0.0,0.0,0.0,38.2,6.666666666666667,1.666666666666667,0.0,0.0,29.866666666666667,BASE,70.0,0.045,[],2.042,0.0,[]
2035-02,29.866666666666667,8.333333333333334,6.666666666666667,"{""A"": 100.0, ""B"": 40.0, ""C"": 0, ""D"": 0, ""E"": 20.0}","{""A"": 7.5, ""B"": 1.6666666666666667}","[{""actual_arrival_month"": ""2036-01"", ""actual_delivery_share"": 1.0, ""availability_share"": 1.0, ""feasible_t"": 7.5, ""gross_delivery_t"": 7.5, ""order_month"": ""2035-01"", ""planned_arrival_month"": ""2036-01"", ""requested_t"": 7.5, ""shipment_id"": ""S0001"", ""source_id"": ""A"", ""source_name"": ""Earth-Core"", ""unfulfilled_request_t"": 0.0}, {""actual_arrival_month"": ""2036-02"", ""actual_delivery_share"": 1.0, ""availability_share"": 1.0, ""feasible_t"": 7.5, ""gross_delivery_t"": 7.5, ""order_month"": ""2035-02"", ""planned_arrival_month"": ""2036-02"", ""requested_t"": 7.5, ""shipment_id"": ""S0002"", ""source_id"": ""A"", ""source_name"": ""Earth-Core"", ""unfulfilled_request_t"": 0.0}, {""actual_arrival_month"": ""2035-05"", ""actual_delivery_share"": 1.0, ""availability_share"": 1.0, ""feasible_t"": 1.6666666666666667, ""gross_delivery_t"": 1.6666666666666667, ""order_month"": ""2035-01"", ""planned_arrival_month"": ""2035-05"", ""requested_t"": 1.6666666666666667, ""shipment_id"": ""S0073"", ""source_id"": ""B"", ""source_name"": ""Earth-Flex"", ""unfulfilled_request_t"": 0.0}, {""actual_arrival_month"": ""2035-06"", ""actual_delivery_share"": 1.0, ""availability_share"": 1.0, ""feasible_t"": 1.6666666666666667, ""gross_delivery_t"": 1.6666666666666667, ""order_month"": ""2035-02"", ""planned_arrival_month"": ""2035-06"", ""requested_t"": 1.6666666666666667, ""shipment_id"": ""S0074"", ""source_id"": ""B"", ""source_name"": ""Earth-Flex"", ""unfulfilled_request_t"": 0.0}]",{},{},0,0.0,0.0,0.0,0.0,29.866666666666667,6.666666666666667,1.666666666666667,0.0,0.0,21.53333333333333,BASE,70.0,0.045,[],1.5419999999999998,0.0,[]
2035-03,21.53333333333333,8.333333333333334,6.666666666666667,"{""A"": 100.0, ""B"": 40.0, ""C"": 0, ""D"": 0, ""E"": 20.0}","{""A"": 7.5, ""B"": 1.6666666666666667}","[{""actual_arrival_month"": ""2036-01"", ""actual_delivery_share"": 1.0, ""availability_share"": 1.0, ""feasible_t"": 7.5, ""gross_delivery_t"": 7.5, ""order_month"": ""2035-01"", ""planned_arrival_month"": ""2036-01"", ""requested_t"": 7.5, ""shipment_id"": ""S0001"", ""source_id"": ""A"", ""source_name"": ""Earth-Core"", ""unfulfilled_request_t"": 0.0}, {""actual_arrival_month"": ""2036-02"", ""actual_delivery_share"": 1.0, ""availability_share"": 1.0, ""feasible_t"": 7.5, ""gross_delivery_t"": 7.5, ""order_month"": ""2035-02"", ""planned_arrival_month"": ""2036-02"", ""requested_t"": 7.5, ""shipment_id"": ""S0002"", ""source_id"": ""A"", ""source_name"": ""Earth-Core"", ""unfulfilled_request_t"": 0.0}, {""actual_arrival_month"": ""2036-03"", ""actual_delivery_share"": 1.0, ""availability_share"": 1.0, ""feasible_t"": 7.5, ""gross_delivery_t"": 7.5, ""order_month"": ""2035-03"", ""planned_arrival_month"": ""2036-03"", ""requested_t"": 7.5, ""shipment_id"": ""S0003"", ""source_id"": ""A"", ""source_name"": ""Earth-Core"", ""unfulfilled_request_t"": 0.0}, {""actual_arrival_month"": ""2035-05"", ""actual_delivery_share"": 1.0, ""availability_share"": 1.0, ""feasible_t"": 1.6666666666666667, ""gross_delivery_t"": 1.6666666666666667, ""order_month"": ""2035-01"", ""planned_arrival_month"": ""2035-05"", ""requested_t"": 1.6666666666666667, ""shipment_id"": ""S0073"", ""source_id"": ""B"", ""source_name"": ""Earth-Flex"", ""unfulfilled_request_t"": 0.0}, {""actual_arrival_month"": ""2035-06"", ""actual_delivery_share"": 1.0, ""availability_share"": 1.0, ""feasible_t"": 1.6666666666666667, ""gross_delivery_t"": 1.6666666666666667, ""order_month"": ""2035-02"", ""planned_arrival_month"": ""2035-06"", ""requested_t"": 1.6666666666666667, ""shipment_id"": ""S0074"", ""source_id"": ""B"", ""source_name"": ""Earth-Flex"", ""unfulfilled_request_t"": 0.0}, {""actual_arrival_month"": ""2035-07"", ""actual_delivery_share"": 1.0, ""availability_share"": 1.0, ""feasible_t"": 1.6666666666666667, ""gross_delivery_t"": 1.6666666666666667, ""order_month"": ""2035-03"", ""planned_arrival_month"": ""2035-07"", ""requested_t"": 1.6666666666666667, ""shipment_id"": ""S0075"", ""source_id"": ""B"", ""source_name"": ""Earth-Flex"", ""unfulfilled_request_t"": 0.0}]",{},{},0,0.0,0.0,0.0,0.0,21.53333333333333,6.666666666666667,1.666666666666667,0.0,0.0,13.199999999999996,BASE,70.0,0.045,[],1.0419999999999998,0.0,[]
2035-04,13.199999999999996,8.333333333333334,6.666666666666667,"{""A"": 100.0, ""B"": 40.0, ""C"": 0, ""D"": 0, ""E"": 20.0}","{""A"": 7.5, ""B"": 1.6666666666666667}","[{""actual_arrival_month"": ""2036-01"", ""actual_delivery_share"": 1.0, ""availability_share"": 1.0, ""feasible_t"": 7.5, ""gross_delivery_t"": 7.5, ""order_month"": ""2035-01"", ""planned_arrival_month"": ""2036-01"", ""requested_t"": 7.5, ""shipment_id"": ""S0001"", ""source_id"": ""A"", ""source_name"": ""Earth-Core"", ""unfulfilled_request_t"": 0.0}, {""actual_arrival_month"": ""2036-02"", ""actual_delivery_share"": 1.0, ""availability_share"": 1.0, ""feasible_t"": 7.5, ""gross_delivery_t"": 7.5, ""order_month"": ""2035-02"", ""planned_arrival_month"": ""2036-02"", ""requested_t"": 7.5, ""shipment_id"": ""S0002"", ""source_id"": ""A"", ""source_name"": ""Earth-Core"", ""unfulfilled_request_t"": 0.0}, {""actual_arrival_month"": ""2036-03"", ""actual_delivery_share"": 1.0, ""availability_share"": 1.0, ""feasible_t"": 7.5, ""gross_delivery_t"": 7.5, ""order_month"": ""2035-03"", ""planned_arrival_month"": ""2036-03"", ""requested_t"": 7.5, ""shipment_id"": ""S0003"", ""source_id"": ""A"", ""source_name"": ""Earth-Core"", ""unfulfilled_request_t"": 0.0}, {""actual_arrival_month"": ""2036-04"", ""actual_delivery_share"": 1.0, ""availability_share"": 1.0, ""feasible_t"": 7.5, ""gross_delivery_t"": 7.5, ""order_month"": ""2035-04"", ""planned_arrival_month"": ""2036-04"", ""requested_t"": 7.5, ""shipment_id"": ""S0004"", ""source_id"": ""A"", ""source_name"": ""Earth-Core"", ""unfulfilled_request_t"": 0.0}, {""actual_arrival_month"": ""2035-05"", ""actual_delivery_share"": 1.0, ""availability_share"": 1.0, ""feasible_t"": 1.6666666666666667, ""gross_delivery_t"": 1.6666666666666667, ""order_month"": ""2035-01"", ""planned_arrival_month"": ""2035-05"", ""requested_t"": 1.6666666666666667, ""shipment_id"": ""S0073"", ""source_id"": ""B"", ""source_name"": ""Earth-Flex"", ""unfulfilled_request_t"": 0.0}, {""actual_arrival_month"": ""2035-06"", ""actual_delivery_share"": 1.0, ""availability_share"": 1.0, ""feasible_t"": 1.6666666666666667, ""gross_delivery_t"": 1.6666666666666667, ""order_month"": ""2035-02"", ""planned_arrival_month"": ""2035-06"", ""requested_t"": 1.6666666666666667, ""shipment_id"": ""S0074"", ""source_id"": ""B"", ""source_name"": ""Earth-Flex"", ""unfulfilled_request_t"": 0.0}, {""actual_arrival_month"": ""2035-07"", ""actual_delivery_share"": 1.0, ""availability_share"": 1.0, ""feasible_t"": 1.6666666666666667, ""gross_delivery_t"": 1.6666666666666667, ""order_month"": ""2035-03"", ""planned_arrival_month"": ""2035-07"", ""requested_t"": 1.6666666666666667, ""shipment_id"": ""S0075"", ""source_id"": ""B"", ""source_name"": ""Earth-Flex"", ""unfulfilled_request_t"": 0.0}, {""actual_arrival_month"": ""2035-08"", ""actual_delivery_share"": 1.0, ""availability_share"": 1.0, ""feasible_t"": 1.6666666666666667, ""gross_delivery_t"": 1.6666666666666667, ""order_month"": ""2035-04"", ""planned_arrival_month"": ""2035-08"", ""requested_t"": 1.6666666666666667, ""shipment_id"": ""S0076"", ""source_id"": ""B"", ""source_name"": ""Earth-Flex"", ""unfulfilled_request_t"": 0.0}]",{},{},0,0.0,0.0,0.0,0.0,13.199999999999996,6.666666666666667,1.666666666666667,0.0,0.0,4.866666666666662,BASE,70.0,0.045,[],0.5419999999999997,0.0,[]
2035-05,4.866666666666662,8.333333333333334,6.666666666666667,"{""A"": 100.0, ""B"": 40.0, ""C"": 0, ""D"": 0, ""E"": 20.0}","{""A"": 7.5, ""B"": 1.6666666666666667}","[{""actual_arrival_month"": ""2036-01"", ""actual_delivery_share"": 1.0, ""availability_share"": 1.0, ""feasible_t"": 7.5, ""gross_delivery_t"": 7.5, ""order_month"": ""2035-01"", ""planned_arrival_month"": ""2036-01"", ""requested_t"": 7.5, ""shipment_id"": ""S0001"", ""source_id"": ""A"", ""source_name"": ""Earth-Core"", ""unfulfilled_request_t"": 0.0}, {""actual_arrival_month"": ""2036-02"", ""actual_delivery_share"": 1.0, ""availability_share"": 1.0, ""feasible_t"": 7.5, ""gross_delivery_t"": 7.5, ""order_month"": ""2035-02"", ""planned_arrival_month"": ""2036-02"", ""requested_t"": 7.5, ""shipment_id"": ""S0002"", ""source_id"": ""A"", ""source_name"": ""Earth-Core"", ""unfulfilled_request_t"": 0.0}, {""actual_arrival_month"": ""2036-03"", ""actual_delivery_share"": 1.0, ""availability_share"": 1.0, ""feasible_t"": 7.5, ""gross_delivery_t"": 7.5, ""order_month"": ""2035-03"", ""planned_arrival_month"": ""2036-03"", ""requested_t"": 7.5, ""shipment_id"": ""S0003"", ""source_id"": ""A"", ""source_name"": ""Earth-Core"", ""unfulfilled_request_t"": 0.0}, {""actual_arrival_month"": ""2036-04"", ""actual_delivery_share"": 1.0, ""availability_share"": 1.0, ""feasible_t"": 7.5, ""gross_delivery_t"": 7.5, ""order_month"": ""2035-04"", ""planned_arrival_month"": ""2036-04"", ""requested_t"": 7.5, ""shipment_id"": ""S0004"", ""source_id"": ""A"", ""source_name"": ""Earth-Core"", ""unfulfilled_request_t"": 0.0}, {""actual_arrival_month"": ""2036-05"", ""actual_delivery_share"": 1.0, ""availability_share"": 1.0, ""feasible_t"": 7.5, ""gross_delivery_t"": 7.5, ""order_month"": ""2035-05"", ""planned_arrival_month"": ""2036-05"", ""requested_t"": 7.5, ""shipment_id"": ""S0005"", ""source_id"": ""A"", ""source_name"": ""Earth-Core"", ""unfulfilled_request_t"": 0.0}, {""actual_arrival_month"": ""2035-06"", ""actual_delivery_share"": 1.0, ""availability_share"": 1.0, ""feasible_t"": 1.6666666666666667, ""gross_delivery_t"": 1.6666666666666667, ""order_month"": ""2035-02"", ""planned_arrival_month"": ""2035-06"", ""requested_t"": 1.6666666666666667, ""shipment_id"": ""S0074"", ""source_id"": ""B"", ""source_name"": ""Earth-Flex"", ""unfulfilled_request_t"": 0.0}, {""actual_arrival_month"": ""2035-07"", ""actual_delivery_share"": 1.0, ""availability_share"": 1.0, ""feasible_t"": 1.6666666666666667, ""gross_delivery_t"": 1.6666666666666667, ""order_month"": ""2035-03"", ""planned_arrival_month"": ""2035-07"", ""requested_t"": 1.6666666666666667, ""shipment_id"": ""S0075"", ""source_id"": ""B"", ""source_name"": ""Earth-Flex"", ""unfulfilled_request_t"": 0.0}, {""actual_arrival_month"": ""2035-08"", ""actual_delivery_share"": 1.0, ""availability_share"": 1.0, ""feasible_t"": 1.6666666666666667, ""gross_delivery_t"": 1.6666666666666667, ""order_month"": ""2035-04"", ""planned_arrival_month"": ""2035-08"", ""requested_t"": 1.6666666666666667, ""shipment_id"": ""S0076"", ""source_id"": ""B"", ""source_name"": ""Earth-Flex"", ""unfulfilled_request_t"": 0.0}, {""actual_arrival_month"": ""2035-09"", ""actual_delivery_share"": 1.0, ""availability_share"": 1.0, ""feasible_t"": 1.6666666666666667, ""gross_delivery_t"": 1.6666666666666667, ""order_month"": ""2035-05"", ""planned_arrival_month"": ""2035-09"", ""requested_t"": 1.6666666666666667, ""shipment_id"": ""S0077"", ""source_id"": ""B"", ""source_name"": ""Earth-Flex"", ""unfulfilled_request_t"": 0.0}]","{""B"": 1.6666666666666667}","{""B"": 1.6666666666666667}",1.6666666666666667,0.075,1.5916666666666668,1.5916666666666668,0.0,6.458333333333329,6.458333333333329,0.0,0.20833333333333837,1.666666666666667,0.0,BASE,70.0,0.045,[],0.14599999999999985,0.0,[]
2035-06,0.0,8.333333333333334,6.666666666666667,"{""A"": 100.0, ""B"": 40.0, ""C"": 0, ""D"": 0, ""E"": 20.0}","{""A"": 7.5, ""B"": 1.6666666666666667}","[{""actual_arrival_month"": ""2036-01"", ""actual_delivery_share"": 1.0, ""availability_share"": 1.0, ""feasible_t"": 7.5, ""gross_delivery_t"": 7.5, ""order_month"": ""2035-01"", ""planned_arrival_month"": ""2036-01"", ""requested_t"": 7.5, ""shipment_id"": ""S0001"", ""source_id"": ""A"", ""source_name"": ""Earth-Core"", ""unfulfilled_request_t"": 0.0}, {""actual_arrival_month"": ""2036-02"", ""actual_delivery_share"": 1.0, ""availability_share"": 1.0, ""feasible_t"": 7.5, ""gross_delivery_t"": 7.5, ""order_month"": ""2035-02"", ""planned_arrival_month"": ""2036-02"", ""requested_t"": 7.5, ""shipment_id"": ""S0002"", ""source_id"": ""A"", ""source_name"": ""Earth-Core"", ""unfulfilled_request_t"": 0.0}, {""actual_arrival_month"": ""2036-03"", ""actual_delivery_share"": 1.0, ""availability_share"": 1.0, ""feasible_t"": 7.5, ""gross_delivery_t"": 7.5, ""order_month"": ""2035-03"", ""planned_arrival_month"": ""2036-03"", ""requested_t"": 7.5, ""shipment_id"": ""S0003"", ""source_id"": ""A"", ""source_name"": ""Earth-Core"", ""unfulfilled_request_t"": 0.0}, {""actual_arrival_month"": ""2036-04"", ""actual_delivery_share"": 1.0, ""availability_share"": 1.0, ""feasible_t"": 7.5, ""gross_delivery_t"": 7.5, ""order_month"": ""2035-04"", ""planned_arrival_month"": ""2036-04"", ""requested_t"": 7.5, ""shipment_id"": ""S0004"", ""source_id"": ""A"", ""source_name"": ""Earth-Core"", ""unfulfilled_request_t"": 0.0}, {""actual_arrival_month"": ""2036-05"", ""actual_delivery_share"": 1.0, ""availability_share"": 1.0, ""feasible_t"": 7.5, ""gross_delivery_t"": 7.5, ""order_month"": ""2035-05"", ""planned_arrival_month"": ""2036-05"", ""requested_t"": 7.5, ""shipment_id"": ""S0005"", ""source_id"": ""A"", ""source_name"": ""Earth-Core"", ""unfulfilled_request_t"": 0.0}, {""actual_arrival_month"": ""2036-06"", ""actual_delivery_share"": 1.0, ""availability_share"": 1.0, ""feasible_t"": 7.5, ""gross_delivery_t"": 7.5, ""order_month"": ""2035-06"", ""planned_arrival_month"": ""2036-06"", ""requested_t"": 7.5, ""shipment_id"": ""S0006"", ""source_id"": ""A"", ""source_name"": ""Earth-Core"", ""unfulfilled_request_t"": 0.0}, {""actual_arrival_month"": ""2035-07"", ""actual_delivery_share"": 1.0, ""availability_share"": 1.0, ""feasible_t"": 1.6666666666666667, ""gross_delivery_t"": 1.6666666666666667, ""order_month"": ""2035-03"", ""planned_arrival_month"": ""2035-07"", ""requested_t"": 1.6666666666666667, ""shipment_id"": ""S0075"", ""source_id"": ""B"", ""source_name"": ""Earth-Flex"", ""unfulfilled_request_t"": 0.0}, {""actual_arrival_month"": ""2035-08"", ""actual_delivery_share"": 1.0, ""availability_share"": 1.0, ""feasible_t"": 1.6666666666666667, ""gross_delivery_t"": 1.6666666666666667, ""order_month"": ""2035-04"", ""planned_arrival_month"": ""2035-08"", ""requested_t"": 1.6666666666666667, ""shipment_id"": ""S0076"", ""source_id"": ""B"", ""source_name"": ""Earth-Flex"", ""unfulfilled_request_t"": 0.0}, {""actual_arrival_month"": ""2035-09"", ""actual_delivery_share"": 1.0, ""availability_share"": 1.0, ""feasible_t"": 1.6666666666666667, ""gross_delivery_t"": 1.6666666666666667, ""order_month"": ""2035-05"", ""planned_arrival_month"": ""2035-09"", ""requested_t"": 1.6666666666666667, ""shipment_id"": ""S0077"", ""source_id"": ""B"", ""source_name"": ""Earth-Flex"", ""unfulfilled_request_t"": 0.0}, {""actual_arrival_month"": ""2035-10"", ""actual_delivery_share"": 1.0, ""availability_share"": 1.0, ""feasible_t"": 1.6666666666666667, ""gross_delivery_t"": 1.6666666666666667, ""order_month"": ""2035-06"", ""planned_arrival_month"": ""2035-10"", ""requested_t"": 1.6666666666666667, ""shipment_id"": ""S0078"", ""source_id"": ""B"", ""source_name"": ""Earth-Flex"", ""unfulfilled_request_t"": 0.0}]","{""B"": 1.6666666666666667}","{""B"": 1.6666666666666667}",1.6666666666666667,0.075,1.5916666666666668,1.5916666666666668,0.0,1.5916666666666668,1.5916666666666668,0.0,5.075,1.666666666666667,0.0,BASE,70.0,0.045,[],0.0,0.0,[]
2035-07,0.0,8.333333333333334,6.666666666666667,"{""A"": 100.0, ""B"": 40.0, ""C"": 0, ""D"": 0, ""E"": 20.0}","{""A"": 7.5, ""B"": 1.6666666666666667}","[{""actual_arrival_month"": ""2036-01"", ""actual_delivery_share"": 1.0, ""availability_share"": 1.0, ""feasible_t"": 7.5, ""gross_delivery_t"": 7.5, ""order_month"": ""2035-01"", ""planned_arrival_month"": ""2036-01"", ""requested_t"": 7.5, ""shipment_id"": ""S0001"", ""source_id"": ""A"", ""source_name"": ""Earth-Core"", ""unfulfilled_request_t"": 0.0}, {""actual_arrival_month"": ""2036-02"", ""actual_delivery_share"": 1.0, ""availability_share"": 1.0, ""feasible_t"": 7.5, ""gross_delivery_t"": 7.5, ""order_month"": ""2035-02"", ""planned_arrival_month"": ""2036-02"", ""requested_t"": 7.5, ""shipment_id"": ""S0002"", ""source_id"": ""A"", ""source_name"": ""Earth-Core"", ""unfulfilled_request_t"": 0.0}, {""actual_arrival_month"": ""2036-03"", ""actual_delivery_share"": 1.0, ""availability_share"": 1.0, ""feasible_t"": 7.5, ""gross_delivery_t"": 7.5, ""order_month"": ""2035-03"", ""planned_arrival_month"": ""2036-03"", ""requested_t"": 7.5, ""shipment_id"": ""S0003"", ""source_id"": ""A"", ""source_name"": ""Earth-Core"", ""unfulfilled_request_t"": 0.0}, {""actual_arrival_month"": ""2036-04"", ""actual_delivery_share"": 1.0, ""availability_share"": 1.0, ""feasible_t"": 7.5, ""gross_delivery_t"": 7.5, ""order_month"": ""2035-04"", ""planned_arrival_month"": ""2036-04"", ""requested_t"": 7.5, ""shipment_id"": ""S0004"", ""source_id"": ""A"", ""source_name"": ""Earth-Core"", ""unfulfilled_request_t"": 0.0}, {""actual_arrival_month"": ""2036-05"", ""actual_delivery_share"": 1.0, ""availability_share"": 1.0, ""feasible_t"": 7.5, ""gross_delivery_t"": 7.5, ""order_month"": ""2035-05"", ""planned_arrival_month"": ""2036-05"", ""requested_t"": 7.5, ""shipment_id"": ""S0005"", ""source_id"": ""A"", ""source_name"": ""Earth-Core"", ""unfulfilled_request_t"": 0.0}, {""actual_arrival_month"": ""2036-06"", ""actual_delivery_share"": 1.0, ""availability_share"": 1.0, ""feasible_t"": 7.5, ""gross_delivery_t"": 7.5, ""order_month"": ""2035-06"", ""planned_arrival_month"": ""2036-06"", ""requested_t"": 7.5, ""shipment_id"": ""S0006"", ""source_id"": ""A"", ""source_name"": ""Earth-Core"", ""unfulfilled_request_t"": 0.0}, {""actual_arrival_month"": ""2036-07"", ""actual_delivery_share"": 1.0, ""availability_share"": 1.0, ""feasible_t"": 7.5, ""gross_delivery_t"": 7.5, ""order_month"": ""2035-07"", ""planned_arrival_month"": ""2036-07"", ""requested_t"": 7.5, ""shipment_id"": ""S0007"", ""source_id"": ""A"", ""source_name"": ""Earth-Core"", ""unfulfilled_request_t"": 0.0}, {""actual_arrival_month"": ""2035-08"", ""actual_delivery_share"": 1.0, ""availability_share"": 1.0, ""feasible_t"": 1.6666666666666667, ""gross_delivery_t"": 1.6666666666666667, ""order_month"": ""2035-04"", ""planned_arrival_month"": ""2035-08"", ""requested_t"": 1.6666666666666667, ""shipment_id"": ""S0076"", ""source_id"": ""B"", ""source_name"": ""Earth-Flex"", ""unfulfilled_request_t"": 0.0}, {""actual_arrival_month"": ""2035-09"", ""actual_delivery_share"": 1.0, ""availability_share"": 1.0, ""feasible_t"": 1.6666666666666667, ""gross_delivery_t"": 1.6666666666666667, ""order_month"": ""2035-05"", ""planned_arrival_month"": ""2035-09"", ""requested_t"": 1.6666666666666667, ""shipment_id"": ""S0077"", ""source_id"": ""B"", ""source_name"": ""Earth-Flex"", ""unfulfilled_request_t"": 0.0}, {""actual_arrival_month"": ""2035-10"", ""actual_delivery_share"": 1.0, ""availability_share"": 1.0, ""feasible_t"": 1.6666666666666667, ""gross_delivery_t"": 1.6666666666666667, ""order_month"": ""2035-06"", ""planned_arrival_month"": ""2035-10"", ""requested_t"": 1.6666666666666667, ""shipment_id"": ""S0078"", ""source_id"": ""B"", ""source_name"": ""Earth-Flex"", ""unfulfilled_request_t"": 0.0}, {""actual_arrival_month"": ""2035-11"", ""actual_delivery_share"": 1.0, ""availability_share"": 1.0, ""feasible_t"": 1.6666666666666667, ""gross_delivery_t"": 1.6666666666666667, ""order_month"": ""2035-07"", ""planned_arrival_month"": ""2035-11"", ""requested_t"": 1.6666666666666667, ""shipment_id"": ""S0079"", ""source_id"": ""B"", ""source_name"": ""Earth-Flex"", ""unfulfilled_request_t"": 0.0}]","{""B"": 1.6666666666666667}","{""B"": 1.6666666666666667}",1.6666666666666667,0.075,1.5916666666666668,1.5916666666666668,0.0,1.5916666666666668,1.5916666666666668,0.0,5.075,1.666666666666667,0.0,BASE,70.0,0.045,[],0.0,0.0,[]
2035-08,0.0,8.333333333333334,6.666666666666667,"{""A"": 100.0, ""B"": 40.0, ""C"": 0, ""D"": 0, ""E"": 20.0}","{""A"": 7.5, ""B"": 1.6666666666666667}","[{""actual_arrival_month"": ""2036-01"", ""actual_delivery_share"": 1.0, ""availability_share"": 1.0, ""feasible_t"": 7.5, ""gross_delivery_t"": 7.5, ""order_month"": ""2035-01"", ""planned_arrival_month"": ""2036-01"", ""requested_t"": 7.5, ""shipment_id"": ""S0001"", ""source_id"": ""A"", ""source_name"": ""Earth-Core"", ""unfulfilled_request_t"": 0.0}, {""actual_arrival_month"": ""2036-02"", ""actual_delivery_share"": 1.0, ""availability_share"": 1.0, ""feasible_t"": 7.5, ""gross_delivery_t"": 7.5, ""order_month"": ""2035-02"", ""planned_arrival_month"": ""2036-02"", ""requested_t"": 7.5, ""shipment_id"": ""S0002"", ""source_id"": ""A"", ""source_name"": ""Earth-Core"", ""unfulfilled_request_t"": 0.0}, {""actual_arrival_month"": ""2036-03"", ""actual_delivery_share"": 1.0, ""availability_share"": 1.0, ""feasible_t"": 7.5, ""gross_delivery_t"": 7.5, ""order_month"": ""2035-03"", ""planned_arrival_month"": ""2036-03"", ""requested_t"": 7.5, ""shipment_id"": ""S0003"", ""source_id"": ""A"", ""source_name"": ""Earth-Core"", ""unfulfilled_request_t"": 0.0}, {""actual_arrival_month"": ""2036-04"", ""actual_delivery_share"": 1.0, ""availability_share"": 1.0, ""feasible_t"": 7.5, ""gross_delivery_t"": 7.5, ""order_month"": ""2035-04"", ""planned_arrival_month"": ""2036-04"", ""requested_t"": 7.5, ""shipment_id"": ""S0004"", ""source_id"": ""A"", ""source_name"": ""Earth-Core"", ""unfulfilled_request_t"": 0.0}, {""actual_arrival_month"": ""2036-05"", ""actual_delivery_share"": 1.0, ""availability_share"": 1.0, ""feasible_t"": 7.5, ""gross_delivery_t"": 7.5, ""order_month"": ""2035-05"", ""planned_arrival_month"": ""2036-05"", ""requested_t"": 7.5, ""shipment_id"": ""S0005"", ""source_id"": ""A"", ""source_name"": ""Earth-Core"", ""unfulfilled_request_t"": 0.0}, {""actual_arrival_month"": ""2036-06"", ""actual_delivery_share"": 1.0, ""availability_share"": 1.0, ""feasible_t"": 7.5, ""gross_delivery_t"": 7.5, ""order_month"": ""2035-06"", ""planned_arrival_month"": ""2036-06"", ""requested_t"": 7.5, ""shipment_id"": ""S0006"", ""source_id"": ""A"", ""source_name"": ""Earth-Core"", ""unfulfilled_request_t"": 0.0}, {""actual_arrival_month"": ""2036-07"", ""actual_delivery_share"": 1.0, ""availability_share"": 1.0, ""feasible_t"": 7.5, ""gross_delivery_t"": 7.5, ""order_month"": ""2035-07"", ""planned_arrival_month"": ""2036-07"", ""requested_t"": 7.5, ""shipment_id"": ""S0007"", ""source_id"": ""A"", ""source_name"": ""Earth-Core"", ""unfulfilled_request_t"": 0.0}, {""actual_arrival_month"": ""2036-08"", ""actual_delivery_share"": 1.0, ""availability_share"": 1.0, ""feasible_t"": 7.5, ""gross_delivery_t"": 7.5, ""order_month"": ""2035-08"", ""planned_arrival_month"": ""2036-08"", ""requested_t"": 7.5, ""shipment_id"": ""S0008"", ""source_id"": ""A"", ""source_name"": ""Earth-Core"", ""unfulfilled_request_t"": 0.0}, {""actual_arrival_month"": ""2035-09"", ""actual_delivery_share"": 1.0, ""availability_share"": 1.0, ""feasible_t"": 1.6666666666666667, ""gross_delivery_t"": 1.6666666666666667, ""order_month"": ""2035-05"", ""planned_arrival_month"": ""2035-09"", ""requested_t"": 1.6666666666666667, ""shipment_id"": ""S0077"", ""source_id"": ""B"", ""source_name"": ""Earth-Flex"", ""unfulfilled_request_t"": 0.0}, {""actual_arrival_month"": ""2035-10"", ""actual_delivery_share"": 1.0, ""availability_share"": 1.0, ""feasible_t"": 1.6666666666666667, ""gross_delivery_t"": 1.6666666666666667, ""order_month"": ""2035-06"", ""planned_arrival_month"": ""2035-10"", ""requested_t"": 1.6666666666666667, ""shipment_id"": ""S0078"", ""source_id"": ""B"", ""source_name"": ""Earth-Flex"", ""unfulfilled_request_t"": 0.0}, {""actual_arrival_month"": ""2035-11"", ""actual_delivery_share"": 1.0, ""availability_share"": 1.0, ""feasible_t"": 1.6666666666666667, ""gross_delivery_t"": 1.6666666666666667, ""order_month"": ""2035-07"", ""planned_arrival_month"": ""2035-11"", ""requested_t"": 1.6666666666666667, ""shipment_id"": ""S0079"", ""source_id"": ""B"", ""source_name"": ""Earth-Flex"", ""unfulfilled_request_t"": 0.0}, {""actual_arrival_month"": ""2035-12"", ""actual_delivery_share"": 1.0, ""availability_share"": 1.0, ""feasible_t"": 1.6666666666666667, ""gross_delivery_t"": 1.6666666666666667, ""order_month"": ""2035-08"", ""planned_arrival_month"": ""2035-12"", ""requested_t"": 1.6666666666666667, ""shipment_id"": ""S0080"", ""source_id"": ""B"", ""source_name"": ""Earth-Flex"", ""unfulfilled_request_t"": 0.0}]","{""B"": 1.6666666666666667}","{""B"": 1.6666666666666667}",1.6666666666666667,0.075,1.5916666666666668,1.5916666666666668,0.0,1.5916666666666668,1.5916666666666668,0.0,5.075,1.666666666666667,0.0,BASE,70.0,0.045,[],0.0,0.0,[]
2035-09,0.0,8.333333333333334,6.666666666666667,"{""A"": 100.0, ""B"": 40.0, ""C"": 0, ""D"": 0, ""E"": 20.0}","{""A"": 7.5, ""B"": 1.6666666666666667}","[{""actual_arrival_month"": ""2036-01"", ""actual_delivery_share"": 1.0, ""availability_share"": 1.0, ""feasible_t"": 7.5, ""gross_delivery_t"": 7.5, ""order_month"": ""2035-01"", ""planned_arrival_month"": ""2036-01"", ""requested_t"": 7.5, ""shipment_id"": ""S0001"", ""source_id"": ""A"", ""source_name"": ""Earth-Core"", ""unfulfilled_request_t"": 0.0}, {""actual_arrival_month"": ""2036-02"", ""actual_delivery_share"": 1.0, ""availability_share"": 1.0, ""feasible_t"": 7.5, ""gross_delivery_t"": 7.5, ""order_month"": ""2035-02"", ""planned_arrival_month"": ""2036-02"", ""requested_t"": 7.5, ""shipment_id"": ""S0002"", ""source_id"": ""A"", ""source_name"": ""Earth-Core"", ""unfulfilled_request_t"": 0.0}, {""actual_arrival_month"": ""2036-03"", ""actual_delivery_share"": 1.0, ""availability_share"": 1.0, ""feasible_t"": 7.5, ""gross_delivery_t"": 7.5, ""order_month"": ""2035-03"", ""planned_arrival_month"": ""2036-03"", ""requested_t"": 7.5, ""shipment_id"": ""S0003"", ""source_id"": ""A"", ""source_name"": ""Earth-Core"", ""unfulfilled_request_t"": 0.0}, {""actual_arrival_month"": ""2036-04"", ""actual_delivery_share"": 1.0, ""availability_share"": 1.0, ""feasible_t"": 7.5, ""gross_delivery_t"": 7.5, ""order_month"": ""2035-04"", ""planned_arrival_month"": ""2036-04"", ""requested_t"": 7.5, ""shipment_id"": ""S0004"", ""source_id"": ""A"", ""source_name"": ""Earth-Core"", ""unfulfilled_request_t"": 0.0}, {""actual_arrival_month"": ""2036-05"", ""actual_delivery_share"": 1.0, ""availability_share"": 1.0, ""feasible_t"": 7.5, ""gross_delivery_t"": 7.5, ""order_month"": ""2035-05"", ""planned_arrival_month"": ""2036-05"", ""requested_t"": 7.5, ""shipment_id"": ""S0005"", ""source_id"": ""A"", ""source_name"": ""Earth-Core"", ""unfulfilled_request_t"": 0.0}, {""actual_arrival_month"": ""2036-06"", ""actual_delivery_share"": 1.0, ""availability_share"": 1.0, ""feasible_t"": 7.5, ""gross_delivery_t"": 7.5, ""order_month"": ""2035-06"", ""planned_arrival_month"": ""2036-06"", ""requested_t"": 7.5, ""shipment_id"": ""S0006"", ""source_id"": ""A"", ""source_name"": ""Earth-Core"", ""unfulfilled_request_t"": 0.0}, {""actual_arrival_month"": ""2036-07"", ""actual_delivery_share"": 1.0, ""availability_share"": 1.0, ""feasible_t"": 7.5, ""gross_delivery_t"": 7.5, ""order_month"": ""2035-07"", ""planned_arrival_month"": ""2036-07"", ""requested_t"": 7.5, ""shipment_id"": ""S0007"", ""source_id"": ""A"", ""source_name"": ""Earth-Core"", ""unfulfilled_request_t"": 0.0}, {""actual_arrival_month"": ""2036-08"", ""actual_delivery_share"": 1.0, ""availability_share"": 1.0, ""feasible_t"": 7.5, ""gross_delivery_t"": 7.5, ""order_month"": ""2035-08"", ""planned_arrival_month"": ""2036-08"", ""requested_t"": 7.5, ""shipment_id"": ""S0008"", ""source_id"": ""A"", ""source_name"": ""Earth-Core"", ""unfulfilled_request_t"": 0.0}, {""actual_arrival_month"": ""2036-09"", ""actual_delivery_share"": 1.0, ""availability_share"": 1.0, ""feasible_t"": 7.5, ""gross_delivery_t"": 7.5, ""order_month"": ""2035-09"", ""planned_arrival_month"": ""2036-09"", ""requested_t"": 7.5, ""shipment_id"": ""S0009"", ""source_id"": ""A"", ""source_name"": ""Earth-Core"", ""unfulfilled_request_t"": 0.0}, {""actual_arrival_month"": ""2035-10"", ""actual_delivery_share"": 1.0, ""availability_share"": 1.0, ""feasible_t"": 1.6666666666666667, ""gross_delivery_t"": 1.6666666666666667, ""order_month"": ""2035-06"", ""planned_arrival_month"": ""2035-10"", ""requested_t"": 1.6666666666666667, ""shipment_id"": ""S0078"", ""source_id"": ""B"", ""source_name"": ""Earth-Flex"", ""unfulfilled_request_t"": 0.0}, {""actual_arrival_month"": ""2035-11"", ""actual_delivery_share"": 1.0, ""availability_share"": 1.0, ""feasible_t"": 1.6666666666666667, ""gross_delivery_t"": 1.6666666666666667, ""order_month"": ""2035-07"", ""planned_arrival_month"": ""2035-11"", ""requested_t"": 1.6666666666666667, ""shipment_id"": ""S0079"", ""source_id"": ""B"", ""source_name"": ""Earth-Flex"", ""unfulfilled_request_t"": 0.0}, {""actual_arrival_month"": ""2035-12"", ""actual_delivery_share"": 1.0, ""availability_share"": 1.0, ""feasible_t"": 1.6666666666666667, ""gross_delivery_t"": 1.6666666666666667, ""order_month"": ""2035-08"", ""planned_arrival_month"": ""2035-12"", ""requested_t"": 1.6666666666666667, ""shipment_id"": ""S0080"", ""source_id"": ""B"", ""source_name"": ""Earth-Flex"", ""unfulfilled_request_t"": 0.0}, {""actual_arrival_month"": ""2036-01"", ""actual_delivery_share"": 1.0, ""availability_share"": 1.0, ""feasible_t"": 1.6666666666666667, ""gross_delivery_t"": 1.6666666666666667, ""order_month"": ""2035-09"", ""planned_arrival_month"": ""2036-01"", ""requested_t"": 1.6666666666666667, ""shipment_id"": ""S0081"", ""source_id"": ""B"", ""source_name"": ""Earth-Flex"", ""unfulfilled_request_t"": 0.0}]","{""B"": 1.6666666666666667}","{""B"": 1.6666666666666667}",1.6666666666666667,0.075,1.5916666666666668,1.5916666666666668,0.0,1.5916666666666668,1.5916666666666668,0.0,5.075,1.666666666666667,0.0,BASE,70.0,0.045,[],0.0,0.0,[]
2035-10,0.0,8.333333333333334,6.666666666666667,"{""A"": 100.0, ""B"": 40.0, ""C"": 0, ""D"": 0, ""E"": 20.0}","{""A"": 7.5, ""B"": 1.6666666666666667}","[{""actual_arrival_month"": ""2036-01"", ""actual_delivery_share"": 1.0, ""availability_share"": 1.0, ""feasible_t"": 7.5, ""gross_delivery_t"": 7.5, ""order_month"": ""2035-01"", ""planned_arrival_month"": ""2036-01"", ""requested_t"": 7.5, ""shipment_id"": ""S0001"", ""source_id"": ""A"", ""source_name"": ""Earth-Core"", ""unfulfilled_request_t"": 0.0}, {""actual_arrival_month"": ""2036-02"", ""actual_delivery_share"": 1.0, ""availability_share"": 1.0, ""feasible_t"": 7.5, ""gross_delivery_t"": 7.5, ""order_month"": ""2035-02"", ""planned_arrival_month"": ""2036-02"", ""requested_t"": 7.5, ""shipment_id"": ""S0002"", ""source_id"": ""A"", ""source_name"": ""Earth-Core"", ""unfulfilled_request_t"": 0.0}, {""actual_arrival_month"": ""2036-03"", ""actual_delivery_share"": 1.0, ""availability_share"": 1.0, ""feasible_t"": 7.5, ""gross_delivery_t"": 7.5, ""order_month"": ""2035-03"", ""planned_arrival_month"": ""2036-03"", ""requested_t"": 7.5, ""shipment_id"": ""S0003"", ""source_id"": ""A"", ""source_name"": ""Earth-Core"", ""unfulfilled_request_t"": 0.0}, {""actual_arrival_month"": ""2036-04"", ""actual_delivery_share"": 1.0, ""availability_share"": 1.0, ""feasible_t"": 7.5, ""gross_delivery_t"": 7.5, ""order_month"": ""2035-04"", ""planned_arrival_month"": ""2036-04"", ""requested_t"": 7.5, ""shipment_id"": ""S0004"", ""source_id"": ""A"", ""source_name"": ""Earth-Core"", ""unfulfilled_request_t"": 0.0}, {""actual_arrival_month"": ""2036-05"", ""actual_delivery_share"": 1.0, ""availability_share"": 1.0, ""feasible_t"": 7.5, ""gross_delivery_t"": 7.5, ""order_month"": ""2035-05"", ""planned_arrival_month"": ""2036-05"", ""requested_t"": 7.5, ""shipment_id"": ""S0005"", ""source_id"": ""A"", ""source_name"": ""Earth-Core"", ""unfulfilled_request_t"": 0.0}, {""actual_arrival_month"": ""2036-06"", ""actual_delivery_share"": 1.0, ""availability_share"": 1.0, ""feasible_t"": 7.5, ""gross_delivery_t"": 7.5, ""order_month"": ""2035-06"", ""planned_arrival_month"": ""2036-06"", ""requested_t"": 7.5, ""shipment_id"": ""S0006"", ""source_id"": ""A"", ""source_name"": ""Earth-Core"", ""unfulfilled_request_t"": 0.0}, {""actual_arrival_month"": ""2036-07"", ""actual_delivery_share"": 1.0, ""availability_share"": 1.0, ""feasible_t"": 7.5, ""gross_delivery_t"": 7.5, ""order_month"": ""2035-07"", ""planned_arrival_month"": ""2036-07"", ""requested_t"": 7.5, ""shipment_id"": ""S0007"", ""source_id"": ""A"", ""source_name"": ""Earth-Core"", ""unfulfilled_request_t"": 0.0}, {""actual_arrival_month"": ""2036-08"", ""actual_delivery_share"": 1.0, ""availability_share"": 1.0, ""feasible_t"": 7.5, ""gross_delivery_t"": 7.5, ""order_month"": ""2035-08"", ""planned_arrival_month"": ""2036-08"", ""requested_t"": 7.5, ""shipment_id"": ""S0008"", ""source_id"": ""A"", ""source_name"": ""Earth-Core"", ""unfulfilled_request_t"": 0.0}, {""actual_arrival_month"": ""2036-09"", ""actual_delivery_share"": 1.0, ""availability_share"": 1.0, ""feasible_t"": 7.5, ""gross_delivery_t"": 7.5, ""order_month"": ""2035-09"", ""planned_arrival_month"": ""2036-09"", ""requested_t"": 7.5, ""shipment_id"": ""S0009"", ""source_id"": ""A"", ""source_name"": ""Earth-Core"", ""unfulfilled_request_t"": 0.0}, {""actual_arrival_month"": ""2036-10"", ""actual_delivery_share"": 1.0, ""availability_share"": 1.0, ""feasible_t"": 7.5, ""gross_delivery_t"": 7.5, ""order_month"": ""2035-10"", ""planned_arrival_month"": ""2036-10"", ""requested_t"": 7.5, ""shipment_id"": ""S0010"", ""source_id"": ""A"", ""source_name"": ""Earth-Core"", ""unfulfilled_request_t"": 0.0}, {""actual_arrival_month"": ""2035-11"", ""actual_delivery_share"": 1.0, ""availability_share"": 1.0, ""feasible_t"": 1.6666666666666667, ""gross_delivery_t"": 1.6666666666666667, ""order_month"": ""2035-07"", ""planned_arrival_month"": ""2035-11"", ""requested_t"": 1.6666666666666667, ""shipment_id"": ""S0079"", ""source_id"": ""B"", ""source_name"": ""Earth-Flex"", ""unfulfilled_request_t"": 0.0}, {""actual_arrival_month"": ""2035-12"", ""actual_delivery_share"": 1.0, ""availability_share"": 1.0, ""feasible_t"": 1.6666666666666667, ""gross_delivery_t"": 1.6666666666666667, ""order_month"": ""2035-08"", ""planned_arrival_month"": ""2035-12"", ""requested_t"": 1.6666666666666667, ""shipment_id"": ""S0080"", ""source_id"": ""B"", ""source_name"": ""Earth-Flex"", ""unfulfilled_request_t"": 0.0}, {""actual_arrival_month"": ""2036-01"", ""actual_delivery_share"": 1.0, ""availability_share"": 1.0, ""feasible_t"": 1.6666666666666667, ""gross_delivery_t"": 1.6666666666666667, ""order_month"": ""2035-09"", ""planned_arrival_month"": ""2036-01"", ""requested_t"": 1.6666666666666667, ""shipment_id"": ""S0081"", ""source_id"": ""B"", ""source_name"": ""Earth-Flex"", ""unfulfilled_request_t"": 0.0}, {""actual_arrival_month"": ""2036-02"", ""actual_delivery_share"": 1.0, ""availability_share"": 1.0, ""feasible_t"": 1.6666666666666667, ""gross_delivery_t"": 1.6666666666666667, ""order_month"": ""2035-10"", ""planned_arrival_month"": ""2036-02"", ""requested_t"": 1.6666666666666667, ""shipment_id"": ""S0082"", ""source_id"": ""B"", ""source_name"": ""Earth-Flex"", ""unfulfilled_request_t"": 0.0}]","{""B"": 1.6666666666666667}","{""B"": 1.6666666666666667}",1.6666666666666667,0.075,1.5916666666666668,1.5916666666666668,0.0,1.5916666666666668,1.5916666666666668,0.0,5.075,1.666666666666667,0.0,BASE,70.0,0.045,[],0.0,0.0,[]
2035-11,0.0,8.333333333333334,6.666666666666667,"{""A"": 100.0, ""B"": 40.0, ""C"": 0, ""D"": 0, ""E"": 20.0}","{""A"": 7.5, ""B"": 1.6666666666666667}","[{""actual_arrival_month"": ""2036-01"", ""actual_delivery_share"": 1.0, ""availability_share"": 1.0, ""feasible_t"": 7.5, ""gross_delivery_t"": 7.5, ""order_month"": ""2035-01"", ""planned_arrival_month"": ""2036-01"", ""requested_t"": 7.5, ""shipment_id"": ""S0001"", ""source_id"": ""A"", ""source_name"": ""Earth-Core"", ""unfulfilled_request_t"": 0.0}, {""actual_arrival_month"": ""2036-02"", ""actual_delivery_share"": 1.0, ""availability_share"": 1.0, ""feasible_t"": 7.5, ""gross_delivery_t"": 7.5, ""order_month"": ""2035-02"", ""planned_arrival_month"": ""2036-02"", ""requested_t"": 7.5, ""shipment_id"": ""S0002"", ""source_id"": ""A"", ""source_name"": ""Earth-Core"", ""unfulfilled_request_t"": 0.0}, {""actual_arrival_month"": ""2036-03"", ""actual_delivery_share"": 1.0, ""availability_share"": 1.0, ""feasible_t"": 7.5, ""gross_delivery_t"": 7.5, ""order_month"": ""2035-03"", ""planned_arrival_month"": ""2036-03"", ""requested_t"": 7.5, ""shipment_id"": ""S0003"", ""source_id"": ""A"", ""source_name"": ""Earth-Core"", ""unfulfilled_request_t"": 0.0}, {""actual_arrival_month"": ""2036-04"", ""actual_delivery_share"": 1.0, ""availability_share"": 1.0, ""feasible_t"": 7.5, ""gross_delivery_t"": 7.5, ""order_month"": ""2035-04"", ""planned_arrival_month"": ""2036-04"", ""requested_t"": 7.5, ""shipment_id"": ""S0004"", ""source_id"": ""A"", ""source_name"": ""Earth-Core"", ""unfulfilled_request_t"": 0.0}, {""actual_arrival_month"": ""2036-05"", ""actual_delivery_share"": 1.0, ""availability_share"": 1.0, ""feasible_t"": 7.5, ""gross_delivery_t"": 7.5, ""order_month"": ""2035-05"", ""planned_arrival_month"": ""2036-05"", ""requested_t"": 7.5, ""shipment_id"": ""S0005"", ""source_id"": ""A"", ""source_name"": ""Earth-Core"", ""unfulfilled_request_t"": 0.0}, {""actual_arrival_month"": ""2036-06"", ""actual_delivery_share"": 1.0, ""availability_share"": 1.0, ""feasible_t"": 7.5, ""gross_delivery_t"": 7.5, ""order_month"": ""2035-06"", ""planned_arrival_month"": ""2036-06"", ""requested_t"": 7.5, ""shipment_id"": ""S0006"", ""source_id"": ""A"", ""source_name"": ""Earth-Core"", ""unfulfilled_request_t"": 0.0}, {""actual_arrival_month"": ""2036-07"", ""actual_delivery_share"": 1.0, ""availability_share"": 1.0, ""feasible_t"": 7.5, ""gross_delivery_t"": 7.5, ""order_month"": ""2035-07"", ""planned_arrival_month"": ""2036-07"", ""requested_t"": 7.5, ""shipment_id"": ""S0007"", ""source_id"": ""A"", ""source_name"": ""Earth-Core"", ""unfulfilled_request_t"": 0.0}, {""actual_arrival_month"": ""2036-08"", ""actual_delivery_share"": 1.0, ""availability_share"": 1.0, ""feasible_t"": 7.5, ""gross_delivery_t"": 7.5, ""order_month"": ""2035-08"", ""planned_arrival_month"": ""2036-08"", ""requested_t"": 7.5, ""shipment_id"": ""S0008"", ""source_id"": ""A"", ""source_name"": ""Earth-Core"", ""unfulfilled_request_t"": 0.0}, {""actual_arrival_month"": ""2036-09"", ""actual_delivery_share"": 1.0, ""availability_share"": 1.0, ""feasible_t"": 7.5, ""gross_delivery_t"": 7.5, ""order_month"": ""2035-09"", ""planned_arrival_month"": ""2036-09"", ""requested_t"": 7.5, ""shipment_id"": ""S0009"", ""source_id"": ""A"", ""source_name"": ""Earth-Core"", ""unfulfilled_request_t"": 0.0}, {""actual_arrival_month"": ""2036-10"", ""actual_delivery_share"": 1.0, ""availability_share"": 1.0, ""feasible_t"": 7.5, ""gross_delivery_t"": 7.5, ""order_month"": ""2035-10"", ""planned_arrival_month"": ""2036-10"", ""requested_t"": 7.5, ""shipment_id"": ""S0010"", ""source_id"": ""A"", ""source_name"": ""Earth-Core"", ""unfulfilled_request_t"": 0.0}, {""actual_arrival_month"": ""2036-11"", ""actual_delivery_share"": 1.0, ""availability_share"": 1.0, ""feasible_t"": 7.5, ""gross_delivery_t"": 7.5, ""order_month"": ""2035-11"", ""planned_arrival_month"": ""2036-11"", ""requested_t"": 7.5, ""shipment_id"": ""S0011"", ""source_id"": ""A"", ""source_name"": ""Earth-Core"", ""unfulfilled_request_t"": 0.0}, {""actual_arrival_month"": ""2035-12"", ""actual_delivery_share"": 1.0, ""availability_share"": 1.0, ""feasible_t"": 1.6666666666666667, ""gross_delivery_t"": 1.6666666666666667, ""order_month"": ""2035-08"", ""planned_arrival_month"": ""2035-12"", ""requested_t"": 1.6666666666666667, ""shipment_id"": ""S0080"", ""source_id"": ""B"", ""source_name"": ""Earth-Flex"", ""unfulfilled_request_t"": 0.0}, {""actual_arrival_month"": ""2036-01"", ""actual_delivery_share"": 1.0, ""availability_share"": 1.0, ""feasible_t"": 1.6666666666666667, ""gross_delivery_t"": 1.6666666666666667, ""order_month"": ""2035-09"", ""planned_arrival_month"": ""2036-01"", ""requested_t"": 1.6666666666666667, ""shipment_id"": ""S0081"", ""source_id"": ""B"", ""source_name"": ""Earth-Flex"", ""unfulfilled_request_t"": 0.0}, {""actual_arrival_month"": ""2036-02"", ""actual_delivery_share"": 1.0, ""availability_share"": 1.0, ""feasible_t"": 1.6666666666666667, ""gross_delivery_t"": 1.6666666666666667, ""order_month"": ""2035-10"", ""planned_arrival_month"": ""2036-02"", ""requested_t"": 1.6666666666666667, ""shipment_id"": ""S0082"", ""source_id"": ""B"", ""source_name"": ""Earth-Flex"", ""unfulfilled_request_t"": 0.0}, {""actual_arrival_month"": ""2036-03"", ""actual_delivery_share"": 1.0, ""availability_share"": 1.0, ""feasible_t"": 1.6666666666666667, ""gross_delivery_t"": 1.6666666666666667, ""order_month"": ""2035-11"", ""planned_arrival_month"": ""2036-03"", ""requested_t"": 1.6666666666666667, ""shipment_id"": ""S0083"", ""source_id"": ""B"", ""source_name"": ""Earth-Flex"", ""unfulfilled_request_t"": 0.0}]","{""B"": 1.6666666666666667}","{""B"": 1.6666666666666667}",1.6666666666666667,0.075,1.5916666666666668,1.5916666666666668,0.0,1.5916666666666668,1.5916666666666668,0.0,5.075,1.666666666666667,0.0,BASE,70.0,0.045,[],0.0,0.0,[]
2035-12,0.0,8.333333333333334,6.666666666666667,"{""A"": 100.0, ""B"": 40.0, ""C"": 0, ""D"": 0, ""E"": 20.0}","{""A"": 7.5, ""B"": 1.6666666666666667}","[{""actual_arrival_month"": ""2036-01"", ""actual_delivery_share"": 1.0, ""availability_share"": 1.0, ""feasible_t"": 7.5, ""gross_delivery_t"": 7.5, ""order_month"": ""2035-01"", ""planned_arrival_month"": ""2036-01"", ""requested_t"": 7.5, ""shipment_id"": ""S0001"", ""source_id"": ""A"", ""source_name"": ""Earth-Core"", ""unfulfilled_request_t"": 0.0}, {""actual_arrival_month"": ""2036-02"", ""actual_delivery_share"": 1.0, ""availability_share"": 1.0, ""feasible_t"": 7.5, ""gross_delivery_t"": 7.5, ""order_month"": ""2035-02"", ""planned_arrival_month"": ""2036-02"", ""requested_t"": 7.5, ""shipment_id"": ""S0002"", ""source_id"": ""A"", ""source_name"": ""Earth-Core"", ""unfulfilled_request_t"": 0.0}, {""actual_arrival_month"": ""2036-03"", ""actual_delivery_share"": 1.0, ""availability_share"": 1.0, ""feasible_t"": 7.5, ""gross_delivery_t"": 7.5, ""order_month"": ""2035-03"", ""planned_arrival_month"": ""2036-03"", ""requested_t"": 7.5, ""shipment_id"": ""S0003"", ""source_id"": ""A"", ""source_name"": ""Earth-Core"", ""unfulfilled_request_t"": 0.0}, {""actual_arrival_month"": ""2036-04"", ""actual_delivery_share"": 1.0, ""availability_share"": 1.0, ""feasible_t"": 7.5, ""gross_delivery_t"": 7.5, ""order_month"": ""2035-04"", ""planned_arrival_month"": ""2036-04"", ""requested_t"": 7.5, ""shipment_id"": ""S0004"", ""source_id"": ""A"", ""source_name"": ""Earth-Core"", ""unfulfilled_request_t"": 0.0}, {""actual_arrival_month"": ""2036-05"", ""actual_delivery_share"": 1.0, ""availability_share"": 1.0, ""feasible_t"": 7.5, ""gross_delivery_t"": 7.5, ""order_month"": ""2035-05"", ""planned_arrival_month"": ""2036-05"", ""requested_t"": 7.5, ""shipment_id"": ""S0005"", ""source_id"": ""A"", ""source_name"": ""Earth-Core"", ""unfulfilled_request_t"": 0.0}, {""actual_arrival_month"": ""2036-06"", ""actual_delivery_share"": 1.0, ""availability_share"": 1.0, ""feasible_t"": 7.5, ""gross_delivery_t"": 7.5, ""order_month"": ""2035-06"", ""planned_arrival_month"": ""2036-06"", ""requested_t"": 7.5, ""shipment_id"": ""S0006"", ""source_id"": ""A"", ""source_name"": ""Earth-Core"", ""unfulfilled_request_t"": 0.0}, {""actual_arrival_month"": ""2036-07"", ""actual_delivery_share"": 1.0, ""availability_share"": 1.0, ""feasible_t"": 7.5, ""gross_delivery_t"": 7.5, ""order_month"": ""2035-07"", ""planned_arrival_month"": ""2036-07"", ""requested_t"": 7.5, ""shipment_id"": ""S0007"", ""source_id"": ""A"", ""source_name"": ""Earth-Core"", ""unfulfilled_request_t"": 0.0}, {""actual_arrival_month"": ""2036-08"", ""actual_delivery_share"": 1.0, ""availability_share"": 1.0, ""feasible_t"": 7.5, ""gross_delivery_t"": 7.5, ""order_month"": ""2035-08"", ""planned_arrival_month"": ""2036-08"", ""requested_t"": 7.5, ""shipment_id"": ""S0008"", ""source_id"": ""A"", ""source_name"": ""Earth-Core"", ""unfulfilled_request_t"": 0.0}, {""actual_arrival_month"": ""2036-09"", ""actual_delivery_share"": 1.0, ""availability_share"": 1.0, ""feasible_t"": 7.5, ""gross_delivery_t"": 7.5, ""order_month"": ""2035-09"", ""planned_arrival_month"": ""2036-09"", ""requested_t"": 7.5, ""shipment_id"": ""S0009"", ""source_id"": ""A"", ""source_name"": ""Earth-Core"", ""unfulfilled_request_t"": 0.0}, {""actual_arrival_month"": ""2036-10"", ""actual_delivery_share"": 1.0, ""availability_share"": 1.0, ""feasible_t"": 7.5, ""gross_delivery_t"": 7.5, ""order_month"": ""2035-10"", ""planned_arrival_month"": ""2036-10"", ""requested_t"": 7.5, ""shipment_id"": ""S0010"", ""source_id"": ""A"", ""source_name"": ""Earth-Core"", ""unfulfilled_request_t"": 0.0}, {""actual_arrival_month"": ""2036-11"", ""actual_delivery_share"": 1.0, ""availability_share"": 1.0, ""feasible_t"": 7.5, ""gross_delivery_t"": 7.5, ""order_month"": ""2035-11"", ""planned_arrival_month"": ""2036-11"", ""requested_t"": 7.5, ""shipment_id"": ""S0011"", ""source_id"": ""A"", ""source_name"": ""Earth-Core"", ""unfulfilled_request_t"": 0.0}, {""actual_arrival_month"": ""2036-12"", ""actual_delivery_share"": 1.0, ""availability_share"": 1.0, ""feasible_t"": 7.5, ""gross_delivery_t"": 7.5, ""order_month"": ""2035-12"", ""planned_arrival_month"": ""2036-12"", ""requested_t"": 7.5, ""shipment_id"": ""S0012"", ""source_id"": ""A"", ""source_name"": ""Earth-Core"", ""unfulfilled_request_t"": 0.0}, {""actual_arrival_month"": ""2036-01"", ""actual_delivery_share"": 1.0, ""availability_share"": 1.0, ""feasible_t"": 1.6666666666666667, ""gross_delivery_t"": 1.6666666666666667, ""order_month"": ""2035-09"", ""planned_arrival_month"": ""2036-01"", ""requested_t"": 1.6666666666666667, ""shipment_id"": ""S0081"", ""source_id"": ""B"", ""source_name"": ""Earth-Flex"", ""unfulfilled_request_t"": 0.0}, {""actual_arrival_month"": ""2036-02"", ""actual_delivery_share"": 1.0, ""availability_share"": 1.0, ""feasible_t"": 1.6666666666666667, ""gross_delivery_t"": 1.6666666666666667, ""order_month"": ""2035-10"", ""planned_arrival_month"": ""2036-02"", ""requested_t"": 1.6666666666666667, ""shipment_id"": ""S0082"", ""source_id"": ""B"", ""source_name"": ""Earth-Flex"", ""unfulfilled_request_t"": 0.0}, {""actual_arrival_month"": ""2036-03"", ""actual_delivery_share"": 1.0, ""availability_share"": 1.0, ""feasible_t"": 1.6666666666666667, ""gross_delivery_t"": 1.6666666666666667, ""order_month"": ""2035-11"", ""planned_arrival_month"": ""2036-03"", ""requested_t"": 1.6666666666666667, ""shipment_id"": ""S0083"", ""source_id"": ""B"", ""source_name"": ""Earth-Flex"", ""unfulfilled_request_t"": 0.0}, {""actual_arrival_month"": ""2036-04"", ""actual_delivery_share"": 1.0, ""availability_share"": 1.0, ""feasible_t"": 1.6666666666666667, ""gross_delivery_t"": 1.6666666666666667, ""order_month"": ""2035-12"", ""planned_arrival_month"": ""2036-04"", ""requested_t"": 1.6666666666666667, ""shipment_id"": ""S0084"", ""source_id"": ""B"", ""source_name"": ""Earth-Flex"", ""unfulfilled_request_t"": 0.0}]","{""B"": 1.6666666666666667}","{""B"": 1.6666666666666667}",1.6666666666666667,0.075,1.5916666666666668,1.5916666666666668,0.0,1.5916666666666668,1.5916666666666668,0.0,5.075,1.666666666666667,0.0,BASE,70.0,0.045,[],0.0,0.0,[]
2036-01,0.0,11.666666666666666,8.75,"{""A"": 110.0, ""B"": 45.0, ""C"": 0, ""D"": 0, ""E"": 35.0}","{""A"": 8.333333333333334, ""B"": 2.0833333333333335, ""E"": 2.9166666666666665}","[{""actual_arrival_month"": ""2036-02"", ""actual_delivery_share"": 1.0, ""availability_share"": 1.0, ""feasible_t"": 7.5, ""gross_delivery_t"": 7.5, ""order_month"": ""2035-02"", ""planned_arrival_month"": ""2036-02"", ""requested_t"": 7.5, ""shipment_id"": ""S0002"", ""source_id"": ""A"", ""source_name"": ""Earth-Core"", ""unfulfilled_request_t"": 0.0}, {""actual_arrival_month"": ""2036-03"", ""actual_delivery_share"": 1.0, ""availability_share"": 1.0, ""feasible_t"": 7.5, ""gross_delivery_t"": 7.5, ""order_month"": ""2035-03"", ""planned_arrival_month"": ""2036-03"", ""requested_t"": 7.5, ""shipment_id"": ""S0003"", ""source_id"": ""A"", ""source_name"": ""Earth-Core"", ""unfulfilled_request_t"": 0.0}, {""actual_arrival_month"": ""2036-04"", ""actual_delivery_share"": 1.0, ""availability_share"": 1.0, ""feasible_t"": 7.5, ""gross_delivery_t"": 7.5, ""order_month"": ""2035-04"", ""planned_arrival_month"": ""2036-04"", ""requested_t"": 7.5, ""shipment_id"": ""S0004"", ""source_id"": ""A"", ""source_name"": ""Earth-Core"", ""unfulfilled_request_t"": 0.0}, {""actual_arrival_month"": ""2036-05"", ""actual_delivery_share"": 1.0, ""availability_share"": 1.0, ""feasible_t"": 7.5, ""gross_delivery_t"": 7.5, ""order_month"": ""2035-05"", ""planned_arrival_month"": ""2036-05"", ""requested_t"": 7.5, ""shipment_id"": ""S0005"", ""source_id"": ""A"", ""source_name"": ""Earth-Core"", ""unfulfilled_request_t"": 0.0}, {""actual_arrival_month"": ""2036-06"", ""actual_delivery_share"": 1.0, ""availability_share"": 1.0, ""feasible_t"": 7.5, ""gross_delivery_t"": 7.5, ""order_month"": ""2035-06"", ""planned_arrival_month"": ""2036-06"", ""requested_t"": 7.5, ""shipment_id"": ""S0006"", ""source_id"": ""A"", ""source_name"": ""Earth-Core"", ""unfulfilled_request_t"": 0.0}, {""actual_arrival_month"": ""2036-07"", ""actual_delivery_share"": 1.0, ""availability_share"": 1.0, ""feasible_t"": 7.5, ""gross_delivery_t"": 7.5, ""order_month"": ""2035-07"", ""planned_arrival_month"": ""2036-07"", ""requested_t"": 7.5, ""shipment_id"": ""S0007"", ""source_id"": ""A"", ""source_name"": ""Earth-Core"", ""unfulfilled_request_t"": 0.0}, {""actual_arrival_month"": ""2036-08"", ""actual_delivery_share"": 1.0, ""availability_share"": 1.0, ""feasible_t"": 7.5, ""gross_delivery_t"": 7.5, ""order_month"": ""2035-08"", ""planned_arrival_month"": ""2036-08"", ""requested_t"": 7.5, ""shipment_id"": ""S0008"", ""source_id"": ""A"", ""source_name"": ""Earth-Core"", ""unfulfilled_request_t"": 0.0}, {""actual_arrival_month"": ""2036-09"", ""actual_delivery_share"": 1.0, ""availability_share"": 1.0, ""feasible_t"": 7.5, ""gross_delivery_t"": 7.5, ""order_month"": ""2035-09"", ""planned_arrival_month"": ""2036-09"", ""requested_t"": 7.5, ""shipment_id"": ""S0009"", ""source_id"": ""A"", ""source_name"": ""Earth-Core"", ""unfulfilled_request_t"": 0.0}, {""actual_arrival_month"": ""2036-10"", ""actual_delivery_share"": 1.0, ""availability_share"": 1.0, ""feasible_t"": 7.5, ""gross_delivery_t"": 7.5, ""order_month"": ""2035-10"", ""planned_arrival_month"": ""2036-10"", ""requested_t"": 7.5, ""shipment_id"": ""S0010"", ""source_id"": ""A"", ""source_name"": ""Earth-Core"", ""unfulfilled_request_t"": 0.0}, {""actual_arrival_month"": ""2036-11"", ""actual_delivery_share"": 1.0, ""availability_share"": 1.0, ""feasible_t"": 7.5, ""gross_delivery_t"": 7.5, ""order_month"": ""2035-11"", ""planned_arrival_month"": ""2036-11"", ""requested_t"": 7.5, ""shipment_id"": ""S0011"", ""source_id"": ""A"", ""source_name"": ""Earth-Core"", ""unfulfilled_request_t"": 0.0}, {""actual_arrival_month"": ""2036-12"", ""actual_delivery_share"": 1.0, ""availability_share"": 1.0, ""feasible_t"": 7.5, ""gross_delivery_t"": 7.5, ""order_month"": ""2035-12"", ""planned_arrival_month"": ""2036-12"", ""requested_t"": 7.5, ""shipment_id"": ""S0012"", ""source_id"": ""A"", ""source_name"": ""Earth-Core"", ""unfulfilled_request_t"": 0.0}, {""actual_arrival_month"": ""2037-01"", ""actual_delivery_share"": 1.0, ""availability_share"": 1.0, ""feasible_t"": 8.333333333333334, ""gross_delivery_t"": 8.333333333333334, ""order_month"": ""2036-01"", ""planned_arrival_month"": ""2037-01"", ""requested_t"": 8.333333333333334, ""shipment_id"": ""S0013"", ""source_id"": ""A"", ""source_name"": ""Earth-Core"", ""unfulfilled_request_t"": 0.0}, {""actual_arrival_month"": ""2036-02"", ""actual_delivery_share"": 1.0, ""availability_share"": 1.0, ""feasible_t"": 1.6666666666666667, ""gross_delivery_t"": 1.6666666666666667, ""order_month"": ""2035-10"", ""planned_arrival_month"": ""2036-02"", ""requested_t"": 1.6666666666666667, ""shipment_id"": ""S0082"", ""source_id"": ""B"", ""source_name"": ""Earth-Flex"", ""unfulfilled_request_t"": 0.0}, {""actual_arrival_month"": ""2036-03"", ""actual_delivery_share"": 1.0, ""availability_share"": 1.0, ""feasible_t"": 1.6666666666666667, ""gross_delivery_t"": 1.6666666666666667, ""order_month"": ""2035-11"", ""planned_arrival_month"": ""2036-03"", ""requested_t"": 1.6666666666666667, ""shipment_id"": ""S0083"", ""source_id"": ""B"", ""source_name"": ""Earth-Flex"", ""unfulfilled_request_t"": 0.0}, {""actual_arrival_month"": ""2036-04"", ""actual_delivery_share"": 1.0, ""availability_share"": 1.0, ""feasible_t"": 1.6666666666666667, ""gross_delivery_t"": 1.6666666666666667, ""order_month"": ""2035-12"", ""planned_arrival_month"": ""2036-04"", ""requested_t"": 1.6666666666666667, ""shipment_id"": ""S0084"", ""source_id"": ""B"", ""source_name"": ""Earth-Flex"", ""unfulfilled_request_t"": 0.0}, {""actual_arrival_month"": ""2036-05"", ""actual_delivery_share"": 1.0, ""availability_share"": 1.0, ""feasible_t"": 2.0833333333333335, ""gross_delivery_t"": 2.0833333333333335, ""order_month"": ""2036-01"", ""planned_arrival_month"": ""2036-05"", ""requested_t"": 2.0833333333333335, ""shipment_id"": ""S0085"", ""source_id"": ""B"", ""source_name"": ""Earth-Flex"", ""unfulfilled_request_t"": 0.0}, {""actual_arrival_month"": ""2036-03"", ""actual_delivery_share"": 1.0, ""availability_share"": 1.0, ""feasible_t"": 2.9166666666666665, ""gross_delivery_t"": 2.9166666666666665, ""order_month"": ""2036-01"", ""planned_arrival_month"": ""2036-03"", ""requested_t"": 2.9166666666666665, ""shipment_id"": ""S0145"", ""source_id"": ""E"", ""source_name"": ""Emergency"", ""unfulfilled_request_t"": 0.0}]","{""A"": 7.5, ""B"": 1.6666666666666667}","{""A"": 7.5, ""B"": 1.6666666666666667}",9.166666666666666,0.11,9.056666666666667,9.056666666666667,0.0,9.056666666666667,8.75,0.30666666666666664,0.0,2.6099999999999994,0.0,ZBO,120.0,0.012,"[""ZBO""]",0.0,1.0,"[""RESERVE_45D""]"
2036-02,0.0,11.666666666666666,8.75,"{""A"": 110.0, ""B"": 45.0, ""C"": 0, ""D"": 0, ""E"": 35.0}","{""A"": 8.333333333333334, ""B"": 2.0833333333333335, ""E"": 2.9166666666666665}","[{""actual_arrival_month"": ""2036-03"", ""actual_delivery_share"": 1.0, ""availability_share"": 1.0, ""feasible_t"": 7.5, ""gross_delivery_t"": 7.5, ""order_month"": ""2035-03"", ""planned_arrival_month"": ""2036-03"", ""requested_t"": 7.5, ""shipment_id"": ""S0003"", ""source_id"": ""A"", ""source_name"": ""Earth-Core"", ""unfulfilled_request_t"": 0.0}, {""actual_arrival_month"": ""2036-04"", ""actual_delivery_share"": 1.0, ""availability_share"": 1.0, ""feasible_t"": 7.5, ""gross_delivery_t"": 7.5, ""order_month"": ""2035-04"", ""planned_arrival_month"": ""2036-04"", ""requested_t"": 7.5, ""shipment_id"": ""S0004"", ""source_id"": ""A"", ""source_name"": ""Earth-Core"", ""unfulfilled_request_t"": 0.0}, {""actual_arrival_month"": ""2036-05"", ""actual_delivery_share"": 1.0, ""availability_share"": 1.0, ""feasible_t"": 7.5, ""gross_delivery_t"": 7.5, ""order_month"": ""2035-05"", ""planned_arrival_month"": ""2036-05"", ""requested_t"": 7.5, ""shipment_id"": ""S0005"", ""source_id"": ""A"", ""source_name"": ""Earth-Core"", ""unfulfilled_request_t"": 0.0}, {""actual_arrival_month"": ""2036-06"", ""actual_delivery_share"": 1.0, ""availability_share"": 1.0, ""feasible_t"": 7.5, ""gross_delivery_t"": 7.5, ""order_month"": ""2035-06"", ""planned_arrival_month"": ""2036-06"", ""requested_t"": 7.5, ""shipment_id"": ""S0006"", ""source_id"": ""A"", ""source_name"": ""Earth-Core"", ""unfulfilled_request_t"": 0.0}, {""actual_arrival_month"": ""2036-07"", ""actual_delivery_share"": 1.0, ""availability_share"": 1.0, ""feasible_t"": 7.5, ""gross_delivery_t"": 7.5, ""order_month"": ""2035-07"", ""planned_arrival_month"": ""2036-07"", ""requested_t"": 7.5, ""shipment_id"": ""S0007"", ""source_id"": ""A"", ""source_name"": ""Earth-Core"", ""unfulfilled_request_t"": 0.0}, {""actual_arrival_month"": ""2036-08"", ""actual_delivery_share"": 1.0, ""availability_share"": 1.0, ""feasible_t"": 7.5, ""gross_delivery_t"": 7.5, ""order_month"": ""2035-08"", ""planned_arrival_month"": ""2036-08"", ""requested_t"": 7.5, ""shipment_id"": ""S0008"", ""source_id"": ""A"", ""source_name"": ""Earth-Core"", ""unfulfilled_request_t"": 0.0}, {""actual_arrival_month"": ""2036-09"", ""actual_delivery_share"": 1.0, ""availability_share"": 1.0, ""feasible_t"": 7.5, ""gross_delivery_t"": 7.5, ""order_month"": ""2035-09"", ""planned_arrival_month"": ""2036-09"", ""requested_t"": 7.5, ""shipment_id"": ""S0009"", ""source_id"": ""A"", ""source_name"": ""Earth-Core"", ""unfulfilled_request_t"": 0.0}, {""actual_arrival_month"": ""2036-10"", ""actual_delivery_share"": 1.0, ""availability_share"": 1.0, ""feasible_t"": 7.5, ""gross_delivery_t"": 7.5, ""order_month"": ""2035-10"", ""planned_arrival_month"": ""2036-10"", ""requested_t"": 7.5, ""shipment_id"": ""S0010"", ""source_id"": ""A"", ""source_name"": ""Earth-Core"", ""unfulfilled_request_t"": 0.0}, {""actual_arrival_month"": ""2036-11"", ""actual_delivery_share"": 1.0, ""availability_share"": 1.0, ""feasible_t"": 7.5, ""gross_delivery_t"": 7.5, ""order_month"": ""2035-11"", ""planned_arrival_month"": ""2036-11"", ""requested_t"": 7.5, ""shipment_id"": ""S0011"", ""source_id"": ""A"", ""source_name"": ""Earth-Core"", ""unfulfilled_request_t"": 0.0}, {""actual_arrival_month"": ""2036-12"", ""actual_delivery_share"": 1.0, ""availability_share"": 1.0, ""feasible_t"": 7.5, ""gross_delivery_t"": 7.5, ""order_month"": ""2035-12"", ""planned_arrival_month"": ""2036-12"", ""requested_t"": 7.5, ""shipment_id"": ""S0012"", ""source_id"": ""A"", ""source_name"": ""Earth-Core"", ""unfulfilled_request_t"": 0.0}, {""actual_arrival_month"": ""2037-01"", ""actual_delivery_share"": 1.0, ""availability_share"": 1.0, ""feasible_t"": 8.333333333333334, ""gross_delivery_t"": 8.333333333333334, ""order_month"": ""2036-01"", ""planned_arrival_month"": ""2037-01"", ""requested_t"": 8.333333333333334, ""shipment_id"": ""S0013"", ""source_id"": ""A"", ""source_name"": ""Earth-Core"", ""unfulfilled_request_t"": 0.0}, {""actual_arrival_month"": ""2037-02"", ""actual_delivery_share"": 1.0, ""availability_share"": 1.0, ""feasible_t"": 8.333333333333334, ""gross_delivery_t"": 8.333333333333334, ""order_month"": ""2036-02"", ""planned_arrival_month"": ""2037-02"", ""requested_t"": 8.333333333333334, ""shipment_id"": ""S0014"", ""source_id"": ""A"", ""source_name"": ""Earth-Core"", ""unfulfilled_request_t"": 0.0}, {""actual_arrival_month"": ""2036-03"", ""actual_delivery_share"": 1.0, ""availability_share"": 1.0, ""feasible_t"": 1.6666666666666667, ""gross_delivery_t"": 1.6666666666666667, ""order_month"": ""2035-11"", ""planned_arrival_month"": ""2036-03"", ""requested_t"": 1.6666666666666667, ""shipment_id"": ""S0083"", ""source_id"": ""B"", ""source_name"": ""Earth-Flex"", ""unfulfilled_request_t"": 0.0}, {""actual_arrival_month"": ""2036-04"", ""actual_delivery_share"": 1.0, ""availability_share"": 1.0, ""feasible_t"": 1.6666666666666667, ""gross_delivery_t"": 1.6666666666666667, ""order_month"": ""2035-12"", ""planned_arrival_month"": ""2036-04"", ""requested_t"": 1.6666666666666667, ""shipment_id"": ""S0084"", ""source_id"": ""B"", ""source_name"": ""Earth-Flex"", ""unfulfilled_request_t"": 0.0}, {""actual_arrival_month"": ""2036-05"", ""actual_delivery_share"": 1.0, ""availability_share"": 1.0, ""feasible_t"": 2.0833333333333335, ""gross_delivery_t"": 2.0833333333333335, ""order_month"": ""2036-01"", ""planned_arrival_month"": ""2036-05"", ""requested_t"": 2.0833333333333335, ""shipment_id"": ""S0085"", ""source_id"": ""B"", ""source_name"": ""Earth-Flex"", ""unfulfilled_request_t"": 0.0}, {""actual_arrival_month"": ""2036-06"", ""actual_delivery_share"": 1.0, ""availability_share"": 1.0, ""feasible_t"": 2.0833333333333335, ""gross_delivery_t"": 2.0833333333333335, ""order_month"": ""2036-02"", ""planned_arrival_month"": ""2036-06"", ""requested_t"": 2.0833333333333335, ""shipment_id"": ""S0086"", ""source_id"": ""B"", ""source_name"": ""Earth-Flex"", ""unfulfilled_request_t"": 0.0}, {""actual_arrival_month"": ""2036-03"", ""actual_delivery_share"": 1.0, ""availability_share"": 1.0, ""feasible_t"": 2.9166666666666665, ""gross_delivery_t"": 2.9166666666666665, ""order_month"": ""2036-01"", ""planned_arrival_month"": ""2036-03"", ""requested_t"": 2.9166666666666665, ""shipment_id"": ""S0145"", ""source_id"": ""E"", ""source_name"": ""Emergency"", ""unfulfilled_request_t"": 0.0}, {""actual_arrival_month"": ""2036-04"", ""actual_delivery_share"": 1.0, ""availability_share"": 1.0, ""feasible_t"": 2.9166666666666665, ""gross_delivery_t"": 2.9166666666666665, ""order_month"": ""2036-02"", ""planned_arrival_month"": ""2036-04"", ""requested_t"": 2.9166666666666665, ""shipment_id"": ""S0146"", ""source_id"": ""E"", ""source_name"": ""Emergency"", ""unfulfilled_request_t"": 0.0}]","{""A"": 7.5, ""B"": 1.6666666666666667}","{""A"": 7.5, ""B"": 1.6666666666666667}",9.166666666666666,0.11,9.056666666666667,9.056666666666667,0.0,9.056666666666667,8.75,0.30666666666666664,0.0,2.6099999999999994,0.0,ZBO,120.0,0.012,"[""ZBO""]",0.0,1.0,[]
2036-03,0.0,11.666666666666666,8.75,"{""A"": 110.0, ""B"": 45.0, ""C"": 0, ""D"": 0, ""E"": 35.0}","{""A"": 8.333333333333334, ""B"": 2.0833333333333335, ""E"": 2.9166666666666665}","[{""actual_arrival_month"": ""2036-04"", ""actual_delivery_share"": 1.0, ""availability_share"": 1.0, ""feasible_t"": 7.5, ""gross_delivery_t"": 7.5, ""order_month"": ""2035-04"", ""planned_arrival_month"": ""2036-04"", ""requested_t"": 7.5, ""shipment_id"": ""S0004"", ""source_id"": ""A"", ""source_name"": ""Earth-Core"", ""unfulfilled_request_t"": 0.0}, {""actual_arrival_month"": ""2036-05"", ""actual_delivery_share"": 1.0, ""availability_share"": 1.0, ""feasible_t"": 7.5, ""gross_delivery_t"": 7.5, ""order_month"": ""2035-05"", ""planned_arrival_month"": ""2036-05"", ""requested_t"": 7.5, ""shipment_id"": ""S0005"", ""source_id"": ""A"", ""source_name"": ""Earth-Core"", ""unfulfilled_request_t"": 0.0}, {""actual_arrival_month"": ""2036-06"", ""actual_delivery_share"": 1.0, ""availability_share"": 1.0, ""feasible_t"": 7.5, ""gross_delivery_t"": 7.5, ""order_month"": ""2035-06"", ""planned_arrival_month"": ""2036-06"", ""requested_t"": 7.5, ""shipment_id"": ""S0006"", ""source_id"": ""A"", ""source_name"": ""Earth-Core"", ""unfulfilled_request_t"": 0.0}, {""actual_arrival_month"": ""2036-07"", ""actual_delivery_share"": 1.0, ""availability_share"": 1.0, ""feasible_t"": 7.5, ""gross_delivery_t"": 7.5, ""order_month"": ""2035-07"", ""planned_arrival_month"": ""2036-07"", ""requested_t"": 7.5, ""shipment_id"": ""S0007"", ""source_id"": ""A"", ""source_name"": ""Earth-Core"", ""unfulfilled_request_t"": 0.0}, {""actual_arrival_month"": ""2036-08"", ""actual_delivery_share"": 1.0, ""availability_share"": 1.0, ""feasible_t"": 7.5, ""gross_delivery_t"": 7.5, ""order_month"": ""2035-08"", ""planned_arrival_month"": ""2036-08"", ""requested_t"": 7.5, ""shipment_id"": ""S0008"", ""source_id"": ""A"", ""source_name"": ""Earth-Core"", ""unfulfilled_request_t"": 0.0}, {""actual_arrival_month"": ""2036-09"", ""actual_delivery_share"": 1.0, ""availability_share"": 1.0, ""feasible_t"": 7.5, ""gross_delivery_t"": 7.5, ""order_month"": ""2035-09"", ""planned_arrival_month"": ""2036-09"", ""requested_t"": 7.5, ""shipment_id"": ""S0009"", ""source_id"": ""A"", ""source_name"": ""Earth-Core"", ""unfulfilled_request_t"": 0.0}, {""actual_arrival_month"": ""2036-10"", ""actual_delivery_share"": 1.0, ""availability_share"": 1.0, ""feasible_t"": 7.5, ""gross_delivery_t"": 7.5, ""order_month"": ""2035-10"", ""planned_arrival_month"": ""2036-10"", ""requested_t"": 7.5, ""shipment_id"": ""S0010"", ""source_id"": ""A"", ""source_name"": ""Earth-Core"", ""unfulfilled_request_t"": 0.0}, {""actual_arrival_month"": ""2036-11"", ""actual_delivery_share"": 1.0, ""availability_share"": 1.0, ""feasible_t"": 7.5, ""gross_delivery_t"": 7.5, ""order_month"": ""2035-11"", ""planned_arrival_month"": ""2036-11"", ""requested_t"": 7.5, ""shipment_id"": ""S0011"", ""source_id"": ""A"", ""source_name"": ""Earth-Core"", ""unfulfilled_request_t"": 0.0}, {""actual_arrival_month"": ""2036-12"", ""actual_delivery_share"": 1.0, ""availability_share"": 1.0, ""feasible_t"": 7.5, ""gross_delivery_t"": 7.5, ""order_month"": ""2035-12"", ""planned_arrival_month"": ""2036-12"", ""requested_t"": 7.5, ""shipment_id"": ""S0012"", ""source_id"": ""A"", ""source_name"": ""Earth-Core"", ""unfulfilled_request_t"": 0.0}, {""actual_arrival_month"": ""2037-01"", ""actual_delivery_share"": 1.0, ""availability_share"": 1.0, ""feasible_t"": 8.333333333333334, ""gross_delivery_t"": 8.333333333333334, ""order_month"": ""2036-01"", ""planned_arrival_month"": ""2037-01"", ""requested_t"": 8.333333333333334, ""shipment_id"": ""S0013"", ""source_id"": ""A"", ""source_name"": ""Earth-Core"", ""unfulfilled_request_t"": 0.0}, {""actual_arrival_month"": ""2037-02"", ""actual_delivery_share"": 1.0, ""availability_share"": 1.0, ""feasible_t"": 8.333333333333334, ""gross_delivery_t"": 8.333333333333334, ""order_month"": ""2036-02"", ""planned_arrival_month"": ""2037-02"", ""requested_t"": 8.333333333333334, ""shipment_id"": ""S0014"", ""source_id"": ""A"", ""source_name"": ""Earth-Core"", ""unfulfilled_request_t"": 0.0}, {""actual_arrival_month"": ""2037-03"", ""actual_delivery_share"": 1.0, ""availability_share"": 1.0, ""feasible_t"": 8.333333333333334, ""gross_delivery_t"": 8.333333333333334, ""order_month"": ""2036-03"", ""planned_arrival_month"": ""2037-03"", ""requested_t"": 8.333333333333334, ""shipment_id"": ""S0015"", ""source_id"": ""A"", ""source_name"": ""Earth-Core"", ""unfulfilled_request_t"": 0.0}, {""actual_arrival_month"": ""2036-04"", ""actual_delivery_share"": 1.0, ""availability_share"": 1.0, ""feasible_t"": 1.6666666666666667, ""gross_delivery_t"": 1.6666666666666667, ""order_month"": ""2035-12"", ""planned_arrival_month"": ""2036-04"", ""requested_t"": 1.6666666666666667, ""shipment_id"": ""S0084"", ""source_id"": ""B"", ""source_name"": ""Earth-Flex"", ""unfulfilled_request_t"": 0.0}, {""actual_arrival_month"": ""2036-05"", ""actual_delivery_share"": 1.0, ""availability_share"": 1.0, ""feasible_t"": 2.0833333333333335, ""gross_delivery_t"": 2.0833333333333335, ""order_month"": ""2036-01"", ""planned_arrival_month"": ""2036-05"", ""requested_t"": 2.0833333333333335, ""shipment_id"": ""S0085"", ""source_id"": ""B"", ""source_name"": ""Earth-Flex"", ""unfulfilled_request_t"": 0.0}, {""actual_arrival_month"": ""2036-06"", ""actual_delivery_share"": 1.0, ""availability_share"": 1.0, ""feasible_t"": 2.0833333333333335, ""gross_delivery_t"": 2.0833333333333335, ""order_month"": ""2036-02"", ""planned_arrival_month"": ""2036-06"", ""requested_t"": 2.0833333333333335, ""shipment_id"": ""S0086"", ""source_id"": ""B"", ""source_name"": ""Earth-Flex"", ""unfulfilled_request_t"": 0.0}, {""actual_arrival_month"": ""2036-07"", ""actual_delivery_share"": 1.0, ""availability_share"": 1.0, ""feasible_t"": 2.0833333333333335, ""gross_delivery_t"": 2.0833333333333335, ""order_month"": ""2036-03"", ""planned_arrival_month"": ""2036-07"", ""requested_t"": 2.0833333333333335, ""shipment_id"": ""S0087"", ""source_id"": ""B"", ""source_name"": ""Earth-Flex"", ""unfulfilled_request_t"": 0.0}, {""actual_arrival_month"": ""2036-04"", ""actual_delivery_share"": 1.0, ""availability_share"": 1.0, ""feasible_t"": 2.9166666666666665, ""gross_delivery_t"": 2.9166666666666665, ""order_month"": ""2036-02"", ""planned_arrival_month"": ""2036-04"", ""requested_t"": 2.9166666666666665, ""shipment_id"": ""S0146"", ""source_id"": ""E"", ""source_name"": ""Emergency"", ""unfulfilled_request_t"": 0.0}, {""actual_arrival_month"": ""2036-05"", ""actual_delivery_share"": 1.0, ""availability_share"": 1.0, ""feasible_t"": 2.9166666666666665, ""gross_delivery_t"": 2.9166666666666665, ""order_month"": ""2036-03"", ""planned_arrival_month"": ""2036-05"", ""requested_t"": 2.9166666666666665, ""shipment_id"": ""S0147"", ""source_id"": ""E"", ""source_name"": ""Emergency"", ""unfulfilled_request_t"": 0.0}]","{""A"": 7.5, ""B"": 1.6666666666666667, ""E"": 2.9166666666666665}","{""A"": 7.5, ""B"": 1.6666666666666667, ""E"": 2.9166666666666665}",12.083333333333332,0.145,11.938333333333333,11.938333333333333,0.0,11.938333333333333,8.75,2.916666666666666,0.0,0.0,0.2716666666666665,ZBO,120.0,0.012,"[""ZBO""]",0.008149999999999996,1.0,[]
2036-04,0.2716666666666665,11.666666666666666,8.75,"{""A"": 110.0, ""B"": 45.0, ""C"": 0, ""D"": 0, ""E"": 35.0}","{""A"": 8.333333333333334, ""B"": 2.0833333333333335, ""E"": 2.9166666666666665}","[{""actual_arrival_month"": ""2036-05"", ""actual_delivery_share"": 1.0, ""availability_share"": 1.0, ""feasible_t"": 7.5, ""gross_delivery_t"": 7.5, ""order_month"": ""2035-05"", ""planned_arrival_month"": ""2036-05"", ""requested_t"": 7.5, ""shipment_id"": ""S0005"", ""source_id"": ""A"", ""source_name"": ""Earth-Core"", ""unfulfilled_request_t"": 0.0}, {""actual_arrival_month"": ""2036-06"", ""actual_delivery_share"": 1.0, ""availability_share"": 1.0, ""feasible_t"": 7.5, ""gross_delivery_t"": 7.5, ""order_month"": ""2035-06"", ""planned_arrival_month"": ""2036-06"", ""requested_t"": 7.5, ""shipment_id"": ""S0006"", ""source_id"": ""A"", ""source_name"": ""Earth-Core"", ""unfulfilled_request_t"": 0.0}, {""actual_arrival_month"": ""2036-07"", ""actual_delivery_share"": 1.0, ""availability_share"": 1.0, ""feasible_t"": 7.5, ""gross_delivery_t"": 7.5, ""order_month"": ""2035-07"", ""planned_arrival_month"": ""2036-07"", ""requested_t"": 7.5, ""shipment_id"": ""S0007"", ""source_id"": ""A"", ""source_name"": ""Earth-Core"", ""unfulfilled_request_t"": 0.0}, {""actual_arrival_month"": ""2036-08"", ""actual_delivery_share"": 1.0, ""availability_share"": 1.0, ""feasible_t"": 7.5, ""gross_delivery_t"": 7.5, ""order_month"": ""2035-08"", ""planned_arrival_month"": ""2036-08"", ""requested_t"": 7.5, ""shipment_id"": ""S0008"", ""source_id"": ""A"", ""source_name"": ""Earth-Core"", ""unfulfilled_request_t"": 0.0}, {""actual_arrival_month"": ""2036-09"", ""actual_delivery_share"": 1.0, ""availability_share"": 1.0, ""feasible_t"": 7.5, ""gross_delivery_t"": 7.5, ""order_month"": ""2035-09"", ""planned_arrival_month"": ""2036-09"", ""requested_t"": 7.5, ""shipment_id"": ""S0009"", ""source_id"": ""A"", ""source_name"": ""Earth-Core"", ""unfulfilled_request_t"": 0.0}, {""actual_arrival_month"": ""2036-10"", ""actual_delivery_share"": 1.0, ""availability_share"": 1.0, ""feasible_t"": 7.5, ""gross_delivery_t"": 7.5, ""order_month"": ""2035-10"", ""planned_arrival_month"": ""2036-10"", ""requested_t"": 7.5, ""shipment_id"": ""S0010"", ""source_id"": ""A"", ""source_name"": ""Earth-Core"", ""unfulfilled_request_t"": 0.0}, {""actual_arrival_month"": ""2036-11"", ""actual_delivery_share"": 1.0, ""availability_share"": 1.0, ""feasible_t"": 7.5, ""gross_delivery_t"": 7.5, ""order_month"": ""2035-11"", ""planned_arrival_month"": ""2036-11"", ""requested_t"": 7.5, ""shipment_id"": ""S0011"", ""source_id"": ""A"", ""source_name"": ""Earth-Core"", ""unfulfilled_request_t"": 0.0}, {""actual_arrival_month"": ""2036-12"", ""actual_delivery_share"": 1.0, ""availability_share"": 1.0, ""feasible_t"": 7.5, ""gross_delivery_t"": 7.5, ""order_month"": ""2035-12"", ""planned_arrival_month"": ""2036-12"", ""requested_t"": 7.5, ""shipment_id"": ""S0012"", ""source_id"": ""A"", ""source_name"": ""Earth-Core"", ""unfulfilled_request_t"": 0.0}, {""actual_arrival_month"": ""2037-01"", ""actual_delivery_share"": 1.0, ""availability_share"": 1.0, ""feasible_t"": 8.333333333333334, ""gross_delivery_t"": 8.333333333333334, ""order_month"": ""2036-01"", ""planned_arrival_month"": ""2037-01"", ""requested_t"": 8.333333333333334, ""shipment_id"": ""S0013"", ""source_id"": ""A"", ""source_name"": ""Earth-Core"", ""unfulfilled_request_t"": 0.0}, {""actual_arrival_month"": ""2037-02"", ""actual_delivery_share"": 1.0, ""availability_share"": 1.0, ""feasible_t"": 8.333333333333334, ""gross_delivery_t"": 8.333333333333334, ""order_month"": ""2036-02"", ""planned_arrival_month"": ""2037-02"", ""requested_t"": 8.333333333333334, ""shipment_id"": ""S0014"", ""source_id"": ""A"", ""source_name"": ""Earth-Core"", ""unfulfilled_request_t"": 0.0}, {""actual_arrival_month"": ""2037-03"", ""actual_delivery_share"": 1.0, ""availability_share"": 1.0, ""feasible_t"": 8.333333333333334, ""gross_delivery_t"": 8.333333333333334, ""order_month"": ""2036-03"", ""planned_arrival_month"": ""2037-03"", ""requested_t"": 8.333333333333334, ""shipment_id"": ""S0015"", ""source_id"": ""A"", ""source_name"": ""Earth-Core"", ""unfulfilled_request_t"": 0.0}, {""actual_arrival_month"": ""2037-04"", ""actual_delivery_share"": 1.0, ""availability_share"": 1.0, ""feasible_t"": 8.333333333333334, ""gross_delivery_t"": 8.333333333333334, ""order_month"": ""2036-04"", ""planned_arrival_month"": ""2037-04"", ""requested_t"": 8.333333333333334, ""shipment_id"": ""S0016"", ""source_id"": ""A"", ""source_name"": ""Earth-Core"", ""unfulfilled_request_t"": 0.0}, {""actual_arrival_month"": ""2036-05"", ""actual_delivery_share"": 1.0, ""availability_share"": 1.0, ""feasible_t"": 2.0833333333333335, ""gross_delivery_t"": 2.0833333333333335, ""order_month"": ""2036-01"", ""planned_arrival_month"": ""2036-05"", ""requested_t"": 2.0833333333333335, ""shipment_id"": ""S0085"", ""source_id"": ""B"", ""source_name"": ""Earth-Flex"", ""unfulfilled_request_t"": 0.0}, {""actual_arrival_month"": ""2036-06"", ""actual_delivery_share"": 1.0, ""availability_share"": 1.0, ""feasible_t"": 2.0833333333333335, ""gross_delivery_t"": 2.0833333333333335, ""order_month"": ""2036-02"", ""planned_arrival_month"": ""2036-06"", ""requested_t"": 2.0833333333333335, ""shipment_id"": ""S0086"", ""source_id"": ""B"", ""source_name"": ""Earth-Flex"", ""unfulfilled_request_t"": 0.0}, {""actual_arrival_month"": ""2036-07"", ""actual_delivery_share"": 1.0, ""availability_share"": 1.0, ""feasible_t"": 2.0833333333333335, ""gross_delivery_t"": 2.0833333333333335, ""order_month"": ""2036-03"", ""planned_arrival_month"": ""2036-07"", ""requested_t"": 2.0833333333333335, ""shipment_id"": ""S0087"", ""source_id"": ""B"", ""source_name"": ""Earth-Flex"", ""unfulfilled_request_t"": 0.0}, {""actual_arrival_month"": ""2036-08"", ""actual_delivery_share"": 1.0, ""availability_share"": 1.0, ""feasible_t"": 2.0833333333333335, ""gross_delivery_t"": 2.0833333333333335, ""order_month"": ""2036-04"", ""planned_arrival_month"": ""2036-08"", ""requested_t"": 2.0833333333333335, ""shipment_id"": ""S0088"", ""source_id"": ""B"", ""source_name"": ""Earth-Flex"", ""unfulfilled_request_t"": 0.0}, {""actual_arrival_month"": ""2036-05"", ""actual_delivery_share"": 1.0, ""availability_share"": 1.0, ""feasible_t"": 2.9166666666666665, ""gross_delivery_t"": 2.9166666666666665, ""order_month"": ""2036-03"", ""planned_arrival_month"": ""2036-05"", ""requested_t"": 2.9166666666666665, ""shipment_id"": ""S0147"", ""source_id"": ""E"", ""source_name"": ""Emergency"", ""unfulfilled_request_t"": 0.0}, {""actual_arrival_month"": ""2036-06"", ""actual_delivery_share"": 1.0, ""availability_share"": 1.0, ""feasible_t"": 2.9166666666666665, ""gross_delivery_t"": 2.9166666666666665, ""order_month"": ""2036-04"", ""planned_arrival_month"": ""2036-06"", ""requested_t"": 2.9166666666666665, ""shipment_id"": ""S0148"", ""source_id"": ""E"", ""source_name"": ""Emergency"", ""unfulfilled_request_t"": 0.0}]","{""A"": 7.5, ""B"": 1.6666666666666667, ""E"": 2.9166666666666665}","{""A"": 7.5, ""B"": 1.6666666666666667, ""E"": 2.9166666666666665}",12.083333333333332,0.145,11.938333333333333,11.938333333333333,0.0,12.209999999999999,8.75,2.916666666666666,0.0,0.0,0.543333333333333,ZBO,120.0,0.012,"[""ZBO""]",0.024449999999999986,1.0,[]
2036-05,0.543333333333333,11.666666666666666,8.75,"{""A"": 110.0, ""B"": 45.0, ""C"": 0, ""D"": 0, ""E"": 35.0}","{""A"": 8.333333333333334, ""B"": 2.0833333333333335, ""E"": 2.9166666666666665}","[{""actual_arrival_month"": ""2036-06"", ""actual_delivery_share"": 1.0, ""availability_share"": 1.0, ""feasible_t"": 7.5, ""gross_delivery_t"": 7.5, ""order_month"": ""2035-06"", ""planned_arrival_month"": ""2036-06"", ""requested_t"": 7.5, ""shipment_id"": ""S0006"", ""source_id"": ""A"", ""source_name"": ""Earth-Core"", ""unfulfilled_request_t"": 0.0}, {""actual_arrival_month"": ""2036-07"", ""actual_delivery_share"": 1.0, ""availability_share"": 1.0, ""feasible_t"": 7.5, ""gross_delivery_t"": 7.5, ""order_month"": ""2035-07"", ""planned_arrival_month"": ""2036-07"", ""requested_t"": 7.5, ""shipment_id"": ""S0007"", ""source_id"": ""A"", ""source_name"": ""Earth-Core"", ""unfulfilled_request_t"": 0.0}, {""actual_arrival_month"": ""2036-08"", ""actual_delivery_share"": 1.0, ""availability_share"": 1.0, ""feasible_t"": 7.5, ""gross_delivery_t"": 7.5, ""order_month"": ""2035-08"", ""planned_arrival_month"": ""2036-08"", ""requested_t"": 7.5, ""shipment_id"": ""S0008"", ""source_id"": ""A"", ""source_name"": ""Earth-Core"", ""unfulfilled_request_t"": 0.0}, {""actual_arrival_month"": ""2036-09"", ""actual_delivery_share"": 1.0, ""availability_share"": 1.0, ""feasible_t"": 7.5, ""gross_delivery_t"": 7.5, ""order_month"": ""2035-09"", ""planned_arrival_month"": ""2036-09"", ""requested_t"": 7.5, ""shipment_id"": ""S0009"", ""source_id"": ""A"", ""source_name"": ""Earth-Core"", ""unfulfilled_request_t"": 0.0}, {""actual_arrival_month"": ""2036-10"", ""actual_delivery_share"": 1.0, ""availability_share"": 1.0, ""feasible_t"": 7.5, ""gross_delivery_t"": 7.5, ""order_month"": ""2035-10"", ""planned_arrival_month"": ""2036-10"", ""requested_t"": 7.5, ""shipment_id"": ""S0010"", ""source_id"": ""A"", ""source_name"": ""Earth-Core"", ""unfulfilled_request_t"": 0.0}, {""actual_arrival_month"": ""2036-11"", ""actual_delivery_share"": 1.0, ""availability_share"": 1.0, ""feasible_t"": 7.5, ""gross_delivery_t"": 7.5, ""order_month"": ""2035-11"", ""planned_arrival_month"": ""2036-11"", ""requested_t"": 7.5, ""shipment_id"": ""S0011"", ""source_id"": ""A"", ""source_name"": ""Earth-Core"", ""unfulfilled_request_t"": 0.0}, {""actual_arrival_month"": ""2036-12"", ""actual_delivery_share"": 1.0, ""availability_share"": 1.0, ""feasible_t"": 7.5, ""gross_delivery_t"": 7.5, ""order_month"": ""2035-12"", ""planned_arrival_month"": ""2036-12"", ""requested_t"": 7.5, ""shipment_id"": ""S0012"", ""source_id"": ""A"", ""source_name"": ""Earth-Core"", ""unfulfilled_request_t"": 0.0}, {""actual_arrival_month"": ""2037-01"", ""actual_delivery_share"": 1.0, ""availability_share"": 1.0, ""feasible_t"": 8.333333333333334, ""gross_delivery_t"": 8.333333333333334, ""order_month"": ""2036-01"", ""planned_arrival_month"": ""2037-01"", ""requested_t"": 8.333333333333334, ""shipment_id"": ""S0013"", ""source_id"": ""A"", ""source_name"": ""Earth-Core"", ""unfulfilled_request_t"": 0.0}, {""actual_arrival_month"": ""2037-02"", ""actual_delivery_share"": 1.0, ""availability_share"": 1.0, ""feasible_t"": 8.333333333333334, ""gross_delivery_t"": 8.333333333333334, ""order_month"": ""2036-02"", ""planned_arrival_month"": ""2037-02"", ""requested_t"": 8.333333333333334, ""shipment_id"": ""S0014"", ""source_id"": ""A"", ""source_name"": ""Earth-Core"", ""unfulfilled_request_t"": 0.0}, {""actual_arrival_month"": ""2037-03"", ""actual_delivery_share"": 1.0, ""availability_share"": 1.0, ""feasible_t"": 8.333333333333334, ""gross_delivery_t"": 8.333333333333334, ""order_month"": ""2036-03"", ""planned_arrival_month"": ""2037-03"", ""requested_t"": 8.333333333333334, ""shipment_id"": ""S0015"", ""source_id"": ""A"", ""source_name"": ""Earth-Core"", ""unfulfilled_request_t"": 0.0}, {""actual_arrival_month"": ""2037-04"", ""actual_delivery_share"": 1.0, ""availability_share"": 1.0, ""feasible_t"": 8.333333333333334, ""gross_delivery_t"": 8.333333333333334, ""order_month"": ""2036-04"", ""planned_arrival_month"": ""2037-04"", ""requested_t"": 8.333333333333334, ""shipment_id"": ""S0016"", ""source_id"": ""A"", ""source_name"": ""Earth-Core"", ""unfulfilled_request_t"": 0.0}, {""actual_arrival_month"": ""2037-05"", ""actual_delivery_share"": 1.0, ""availability_share"": 1.0, ""feasible_t"": 8.333333333333334, ""gross_delivery_t"": 8.333333333333334, ""order_month"": ""2036-05"", ""planned_arrival_month"": ""2037-05"", ""requested_t"": 8.333333333333334, ""shipment_id"": ""S0017"", ""source_id"": ""A"", ""source_name"": ""Earth-Core"", ""unfulfilled_request_t"": 0.0}, {""actual_arrival_month"": ""2036-06"", ""actual_delivery_share"": 1.0, ""availability_share"": 1.0, ""feasible_t"": 2.0833333333333335, ""gross_delivery_t"": 2.0833333333333335, ""order_month"": ""2036-02"", ""planned_arrival_month"": ""2036-06"", ""requested_t"": 2.0833333333333335, ""shipment_id"": ""S0086"", ""source_id"": ""B"", ""source_name"": ""Earth-Flex"", ""unfulfilled_request_t"": 0.0}, {""actual_arrival_month"": ""2036-07"", ""actual_delivery_share"": 1.0, ""availability_share"": 1.0, ""feasible_t"": 2.0833333333333335, ""gross_delivery_t"": 2.0833333333333335, ""order_month"": ""2036-03"", ""planned_arrival_month"": ""2036-07"", ""requested_t"": 2.0833333333333335, ""shipment_id"": ""S0087"", ""source_id"": ""B"", ""source_name"": ""Earth-Flex"", ""unfulfilled_request_t"": 0.0}, {""actual_arrival_month"": ""2036-08"", ""actual_delivery_share"": 1.0, ""availability_share"": 1.0, ""feasible_t"": 2.0833333333333335, ""gross_delivery_t"": 2.0833333333333335, ""order_month"": ""2036-04"", ""planned_arrival_month"": ""2036-08"", ""requested_t"": 2.0833333333333335, ""shipment_id"": ""S0088"", ""source_id"": ""B"", ""source_name"": ""Earth-Flex"", ""unfulfilled_request_t"": 0.0}, {""actual_arrival_month"": ""2036-09"", ""actual_delivery_share"": 1.0, ""availability_share"": 1.0, ""feasible_t"": 2.0833333333333335, ""gross_delivery_t"": 2.0833333333333335, ""order_month"": ""2036-05"", ""planned_arrival_month"": ""2036-09"", ""requested_t"": 2.0833333333333335, ""shipment_id"": ""S0089"", ""source_id"": ""B"", ""source_name"": ""Earth-Flex"", ""unfulfilled_request_t"": 0.0}, {""actual_arrival_month"": ""2036-06"", ""actual_delivery_share"": 1.0, ""availability_share"": 1.0, ""feasible_t"": 2.9166666666666665, ""gross_delivery_t"": 2.9166666666666665, ""order_month"": ""2036-04"", ""planned_arrival_month"": ""2036-06"", ""requested_t"": 2.9166666666666665, ""shipment_id"": ""S0148"", ""source_id"": ""E"", ""source_name"": ""Emergency"", ""unfulfilled_request_t"": 0.0}, {""actual_arrival_month"": ""2036-07"", ""actual_delivery_share"": 1.0, ""availability_share"": 1.0, ""feasible_t"": 2.9166666666666665, ""gross_delivery_t"": 2.9166666666666665, ""order_month"": ""2036-05"", ""planned_arrival_month"": ""2036-07"", ""requested_t"": 2.9166666666666665, ""shipment_id"": ""S0149"", ""source_id"": ""E"", ""source_name"": ""Emergency"", ""unfulfilled_request_t"": 0.0}]","{""A"": 7.5, ""B"": 2.0833333333333335, ""E"": 2.9166666666666665}","{""A"": 7.5, ""B"": 2.0833333333333335, ""E"": 2.9166666666666665}",12.5,0.15,12.35,12.35,0.0,12.893333333333333,8.75,2.916666666666666,0.0,0.0,1.2266666666666666,ZBO,120.0,0.012,"[""ZBO""]",0.05309999999999999,1.0,[]
2036-06,1.2266666666666666,11.666666666666666,8.75,"{""A"": 110.0, ""B"": 45.0, ""C"": 0, ""D"": 0, ""E"": 35.0}","{""A"": 8.333333333333334, ""B"": 2.0833333333333335, ""E"": 2.9166666666666665}","[{""actual_arrival_month"": ""2036-07"", ""actual_delivery_share"": 1.0, ""availability_share"": 1.0, ""feasible_t"": 7.5, ""gross_delivery_t"": 7.5, ""order_month"": ""2035-07"", ""planned_arrival_month"": ""2036-07"", ""requested_t"": 7.5, ""shipment_id"": ""S0007"", ""source_id"": ""A"", ""source_name"": ""Earth-Core"", ""unfulfilled_request_t"": 0.0}, {""actual_arrival_month"": ""2036-08"", ""actual_delivery_share"": 1.0, ""availability_share"": 1.0, ""feasible_t"": 7.5, ""gross_delivery_t"": 7.5, ""order_month"": ""2035-08"", ""planned_arrival_month"": ""2036-08"", ""requested_t"": 7.5, ""shipment_id"": ""S0008"", ""source_id"": ""A"", ""source_name"": ""Earth-Core"", ""unfulfilled_request_t"": 0.0}, {""actual_arrival_month"": ""2036-09"", ""actual_delivery_share"": 1.0, ""availability_share"": 1.0, ""feasible_t"": 7.5, ""gross_delivery_t"": 7.5, ""order_month"": ""2035-09"", ""planned_arrival_month"": ""2036-09"", ""requested_t"": 7.5, ""shipment_id"": ""S0009"", ""source_id"": ""A"", ""source_name"": ""Earth-Core"", ""unfulfilled_request_t"": 0.0}, {""actual_arrival_month"": ""2036-10"", ""actual_delivery_share"": 1.0, ""availability_share"": 1.0, ""feasible_t"": 7.5, ""gross_delivery_t"": 7.5, ""order_month"": ""2035-10"", ""planned_arrival_month"": ""2036-10"", ""requested_t"": 7.5, ""shipment_id"": ""S0010"", ""source_id"": ""A"", ""source_name"": ""Earth-Core"", ""unfulfilled_request_t"": 0.0}, {""actual_arrival_month"": ""2036-11"", ""actual_delivery_share"": 1.0, ""availability_share"": 1.0, ""feasible_t"": 7.5, ""gross_delivery_t"": 7.5, ""order_month"": ""2035-11"", ""planned_arrival_month"": ""2036-11"", ""requested_t"": 7.5, ""shipment_id"": ""S0011"", ""source_id"": ""A"", ""source_name"": ""Earth-Core"", ""unfulfilled_request_t"": 0.0}, {""actual_arrival_month"": ""2036-12"", ""actual_delivery_share"": 1.0, ""availability_share"": 1.0, ""feasible_t"": 7.5, ""gross_delivery_t"": 7.5, ""order_month"": ""2035-12"", ""planned_arrival_month"": ""2036-12"", ""requested_t"": 7.5, ""shipment_id"": ""S0012"", ""source_id"": ""A"", ""source_name"": ""Earth-Core"", ""unfulfilled_request_t"": 0.0}, {""actual_arrival_month"": ""2037-01"", ""actual_delivery_share"": 1.0, ""availability_share"": 1.0, ""feasible_t"": 8.333333333333334, ""gross_delivery_t"": 8.333333333333334, ""order_month"": ""2036-01"", ""planned_arrival_month"": ""2037-01"", ""requested_t"": 8.333333333333334, ""shipment_id"": ""S0013"", ""source_id"": ""A"", ""source_name"": ""Earth-Core"", ""unfulfilled_request_t"": 0.0}, {""actual_arrival_month"": ""2037-02"", ""actual_delivery_share"": 1.0, ""availability_share"": 1.0, ""feasible_t"": 8.333333333333334, ""gross_delivery_t"": 8.333333333333334, ""order_month"": ""2036-02"", ""planned_arrival_month"": ""2037-02"", ""requested_t"": 8.333333333333334, ""shipment_id"": ""S0014"", ""source_id"": ""A"", ""source_name"": ""Earth-Core"", ""unfulfilled_request_t"": 0.0}, {""actual_arrival_month"": ""2037-03"", ""actual_delivery_share"": 1.0, ""availability_share"": 1.0, ""feasible_t"": 8.333333333333334, ""gross_delivery_t"": 8.333333333333334, ""order_month"": ""2036-03"", ""planned_arrival_month"": ""2037-03"", ""requested_t"": 8.333333333333334, ""shipment_id"": ""S0015"", ""source_id"": ""A"", ""source_name"": ""Earth-Core"", ""unfulfilled_request_t"": 0.0}, {""actual_arrival_month"": ""2037-04"", ""actual_delivery_share"": 1.0, ""availability_share"": 1.0, ""feasible_t"": 8.333333333333334, ""gross_delivery_t"": 8.333333333333334, ""order_month"": ""2036-04"", ""planned_arrival_month"": ""2037-04"", ""requested_t"": 8.333333333333334, ""shipment_id"": ""S0016"", ""source_id"": ""A"", ""source_name"": ""Earth-Core"", ""unfulfilled_request_t"": 0.0}, {""actual_arrival_month"": ""2037-05"", ""actual_delivery_share"": 1.0, ""availability_share"": 1.0, ""feasible_t"": 8.333333333333334, ""gross_delivery_t"": 8.333333333333334, ""order_month"": ""2036-05"", ""planned_arrival_month"": ""2037-05"", ""requested_t"": 8.333333333333334, ""shipment_id"": ""S0017"", ""source_id"": ""A"", ""source_name"": ""Earth-Core"", ""unfulfilled_request_t"": 0.0}, {""actual_arrival_month"": ""2037-06"", ""actual_delivery_share"": 1.0, ""availability_share"": 1.0, ""feasible_t"": 8.333333333333334, ""gross_delivery_t"": 8.333333333333334, ""order_month"": ""2036-06"", ""planned_arrival_month"": ""2037-06"", ""requested_t"": 8.333333333333334, ""shipment_id"": ""S0018"", ""source_id"": ""A"", ""source_name"": ""Earth-Core"", ""unfulfilled_request_t"": 0.0}, {""actual_arrival_month"": ""2036-07"", ""actual_delivery_share"": 1.0, ""availability_share"": 1.0, ""feasible_t"": 2.0833333333333335, ""gross_delivery_t"": 2.0833333333333335, ""order_month"": ""2036-03"", ""planned_arrival_month"": ""2036-07"", ""requested_t"": 2.0833333333333335, ""shipment_id"": ""S0087"", ""source_id"": ""B"", ""source_name"": ""Earth-Flex"", ""unfulfilled_request_t"": 0.0}, {""actual_arrival_month"": ""2036-08"", ""actual_delivery_share"": 1.0, ""availability_share"": 1.0, ""feasible_t"": 2.0833333333333335, ""gross_delivery_t"": 2.0833333333333335, ""order_month"": ""2036-04"", ""planned_arrival_month"": ""2036-08"", ""requested_t"": 2.0833333333333335, ""shipment_id"": ""S0088"", ""source_id"": ""B"", ""source_name"": ""Earth-Flex"", ""unfulfilled_request_t"": 0.0}, {""actual_arrival_month"": ""2036-09"", ""actual_delivery_share"": 1.0, ""availability_share"": 1.0, ""feasible_t"": 2.0833333333333335, ""gross_delivery_t"": 2.0833333333333335, ""order_month"": ""2036-05"", ""planned_arrival_month"": ""2036-09"", ""requested_t"": 2.0833333333333335, ""shipment_id"": ""S0089"", ""source_id"": ""B"", ""source_name"": ""Earth-Flex"", ""unfulfilled_request_t"": 0.0}, {""actual_arrival_month"": ""2036-10"", ""actual_delivery_share"": 1.0, ""availability_share"": 1.0, ""feasible_t"": 2.0833333333333335, ""gross_delivery_t"": 2.0833333333333335, ""order_month"": ""2036-06"", ""planned_arrival_month"": ""2036-10"", ""requested_t"": 2.0833333333333335, ""shipment_id"": ""S0090"", ""source_id"": ""B"", ""source_name"": ""Earth-Flex"", ""unfulfilled_request_t"": 0.0}, {""actual_arrival_month"": ""2036-07"", ""actual_delivery_share"": 1.0, ""availability_share"": 1.0, ""feasible_t"": 2.9166666666666665, ""gross_delivery_t"": 2.9166666666666665, ""order_month"": ""2036-05"", ""planned_arrival_month"": ""2036-07"", ""requested_t"": 2.9166666666666665, ""shipment_id"": ""S0149"", ""source_id"": ""E"", ""source_name"": ""Emergency"", ""unfulfilled_request_t"": 0.0}, {""actual_arrival_month"": ""2036-08"", ""actual_delivery_share"": 1.0, ""availability_share"": 1.0, ""feasible_t"": 2.9166666666666665, ""gross_delivery_t"": 2.9166666666666665, ""order_month"": ""2036-06"", ""planned_arrival_month"": ""2036-08"", ""requested_t"": 2.9166666666666665, ""shipment_id"": ""S0150"", ""source_id"": ""E"", ""source_name"": ""Emergency"", ""unfulfilled_request_t"": 0.0}]","{""A"": 7.5, ""B"": 2.0833333333333335, ""E"": 2.9166666666666665}","{""A"": 7.5, ""B"": 2.0833333333333335, ""E"": 2.9166666666666665}",12.5,0.15,12.35,12.35,0.0,13.576666666666666,8.75,2.916666666666666,0.0,0.0,1.9100000000000001,ZBO,120.0,0.012,"[""ZBO""]",0.0941,1.0,[]
2036-07,1.9100000000000001,11.666666666666666,8.75,"{""A"": 110.0, ""B"": 45.0, ""C"": 0, ""D"": 0, ""E"": 35.0}","{""A"": 8.333333333333334, ""B"": 2.0833333333333335, ""E"": 2.9166666666666665}","[{""actual_arrival_month"": ""2036-08"", ""actual_delivery_share"": 1.0, ""availability_share"": 1.0, ""feasible_t"": 7.5, ""gross_delivery_t"": 7.5, ""order_month"": ""2035-08"", ""planned_arrival_month"": ""2036-08"", ""requested_t"": 7.5, ""shipment_id"": ""S0008"", ""source_id"": ""A"", ""source_name"": ""Earth-Core"", ""unfulfilled_request_t"": 0.0}, {""actual_arrival_month"": ""2036-09"", ""actual_delivery_share"": 1.0, ""availability_share"": 1.0, ""feasible_t"": 7.5, ""gross_delivery_t"": 7.5, ""order_month"": ""2035-09"", ""planned_arrival_month"": ""2036-09"", ""requested_t"": 7.5, ""shipment_id"": ""S0009"", ""source_id"": ""A"", ""source_name"": ""Earth-Core"", ""unfulfilled_request_t"": 0.0}, {""actual_arrival_month"": ""2036-10"", ""actual_delivery_share"": 1.0, ""availability_share"": 1.0, ""feasible_t"": 7.5, ""gross_delivery_t"": 7.5, ""order_month"": ""2035-10"", ""planned_arrival_month"": ""2036-10"", ""requested_t"": 7.5, ""shipment_id"": ""S0010"", ""source_id"": ""A"", ""source_name"": ""Earth-Core"", ""unfulfilled_request_t"": 0.0}, {""actual_arrival_month"": ""2036-11"", ""actual_delivery_share"": 1.0, ""availability_share"": 1.0, ""feasible_t"": 7.5, ""gross_delivery_t"": 7.5, ""order_month"": ""2035-11"", ""planned_arrival_month"": ""2036-11"", ""requested_t"": 7.5, ""shipment_id"": ""S0011"", ""source_id"": ""A"", ""source_name"": ""Earth-Core"", ""unfulfilled_request_t"": 0.0}, {""actual_arrival_month"": ""2036-12"", ""actual_delivery_share"": 1.0, ""availability_share"": 1.0, ""feasible_t"": 7.5, ""gross_delivery_t"": 7.5, ""order_month"": ""2035-12"", ""planned_arrival_month"": ""2036-12"", ""requested_t"": 7.5, ""shipment_id"": ""S0012"", ""source_id"": ""A"", ""source_name"": ""Earth-Core"", ""unfulfilled_request_t"": 0.0}, {""actual_arrival_month"": ""2037-01"", ""actual_delivery_share"": 1.0, ""availability_share"": 1.0, ""feasible_t"": 8.333333333333334, ""gross_delivery_t"": 8.333333333333334, ""order_month"": ""2036-01"", ""planned_arrival_month"": ""2037-01"", ""requested_t"": 8.333333333333334, ""shipment_id"": ""S0013"", ""source_id"": ""A"", ""source_name"": ""Earth-Core"", ""unfulfilled_request_t"": 0.0}, {""actual_arrival_month"": ""2037-02"", ""actual_delivery_share"": 1.0, ""availability_share"": 1.0, ""feasible_t"": 8.333333333333334, ""gross_delivery_t"": 8.333333333333334, ""order_month"": ""2036-02"", ""planned_arrival_month"": ""2037-02"", ""requested_t"": 8.333333333333334, ""shipment_id"": ""S0014"", ""source_id"": ""A"", ""source_name"": ""Earth-Core"", ""unfulfilled_request_t"": 0.0}, {""actual_arrival_month"": ""2037-03"", ""actual_delivery_share"": 1.0, ""availability_share"": 1.0, ""feasible_t"": 8.333333333333334, ""gross_delivery_t"": 8.333333333333334, ""order_month"": ""2036-03"", ""planned_arrival_month"": ""2037-03"", ""requested_t"": 8.333333333333334, ""shipment_id"": ""S0015"", ""source_id"": ""A"", ""source_name"": ""Earth-Core"", ""unfulfilled_request_t"": 0.0}, {""actual_arrival_month"": ""2037-04"", ""actual_delivery_share"": 1.0, ""availability_share"": 1.0, ""feasible_t"": 8.333333333333334, ""gross_delivery_t"": 8.333333333333334, ""order_month"": ""2036-04"", ""planned_arrival_month"": ""2037-04"", ""requested_t"": 8.333333333333334, ""shipment_id"": ""S0016"", ""source_id"": ""A"", ""source_name"": ""Earth-Core"", ""unfulfilled_request_t"": 0.0}, {""actual_arrival_month"": ""2037-05"", ""actual_delivery_share"": 1.0, ""availability_share"": 1.0, ""feasible_t"": 8.333333333333334, ""gross_delivery_t"": 8.333333333333334, ""order_month"": ""2036-05"", ""planned_arrival_month"": ""2037-05"", ""requested_t"": 8.333333333333334, ""shipment_id"": ""S0017"", ""source_id"": ""A"", ""source_name"": ""Earth-Core"", ""unfulfilled_request_t"": 0.0}, {""actual_arrival_month"": ""2037-06"", ""actual_delivery_share"": 1.0, ""availability_share"": 1.0, ""feasible_t"": 8.333333333333334, ""gross_delivery_t"": 8.333333333333334, ""order_month"": ""2036-06"", ""planned_arrival_month"": ""2037-06"", ""requested_t"": 8.333333333333334, ""shipment_id"": ""S0018"", ""source_id"": ""A"", ""source_name"": ""Earth-Core"", ""unfulfilled_request_t"": 0.0}, {""actual_arrival_month"": ""2037-07"", ""actual_delivery_share"": 1.0, ""availability_share"": 1.0, ""feasible_t"": 8.333333333333334, ""gross_delivery_t"": 8.333333333333334, ""order_month"": ""2036-07"", ""planned_arrival_month"": ""2037-07"", ""requested_t"": 8.333333333333334, ""shipment_id"": ""S0019"", ""source_id"": ""A"", ""source_name"": ""Earth-Core"", ""unfulfilled_request_t"": 0.0}, {""actual_arrival_month"": ""2036-08"", ""actual_delivery_share"": 1.0, ""availability_share"": 1.0, ""feasible_t"": 2.0833333333333335, ""gross_delivery_t"": 2.0833333333333335, ""order_month"": ""2036-04"", ""planned_arrival_month"": ""2036-08"", ""requested_t"": 2.0833333333333335, ""shipment_id"": ""S0088"", ""source_id"": ""B"", ""source_name"": ""Earth-Flex"", ""unfulfilled_request_t"": 0.0}, {""actual_arrival_month"": ""2036-09"", ""actual_delivery_share"": 1.0, ""availability_share"": 1.0, ""feasible_t"": 2.0833333333333335, ""gross_delivery_t"": 2.0833333333333335, ""order_month"": ""2036-05"", ""planned_arrival_month"": ""2036-09"", ""requested_t"": 2.0833333333333335, ""shipment_id"": ""S0089"", ""source_id"": ""B"", ""source_name"": ""Earth-Flex"", ""unfulfilled_request_t"": 0.0}, {""actual_arrival_month"": ""2036-10"", ""actual_delivery_share"": 1.0, ""availability_share"": 1.0, ""feasible_t"": 2.0833333333333335, ""gross_delivery_t"": 2.0833333333333335, ""order_month"": ""2036-06"", ""planned_arrival_month"": ""2036-10"", ""requested_t"": 2.0833333333333335, ""shipment_id"": ""S0090"", ""source_id"": ""B"", ""source_name"": ""Earth-Flex"", ""unfulfilled_request_t"": 0.0}, {""actual_arrival_month"": ""2036-11"", ""actual_delivery_share"": 1.0, ""availability_share"": 1.0, ""feasible_t"": 2.0833333333333335, ""gross_delivery_t"": 2.0833333333333335, ""order_month"": ""2036-07"", ""planned_arrival_month"": ""2036-11"", ""requested_t"": 2.0833333333333335, ""shipment_id"": ""S0091"", ""source_id"": ""B"", ""source_name"": ""Earth-Flex"", ""unfulfilled_request_t"": 0.0}, {""actual_arrival_month"": ""2036-08"", ""actual_delivery_share"": 1.0, ""availability_share"": 1.0, ""feasible_t"": 2.9166666666666665, ""gross_delivery_t"": 2.9166666666666665, ""order_month"": ""2036-06"", ""planned_arrival_month"": ""2036-08"", ""requested_t"": 2.9166666666666665, ""shipment_id"": ""S0150"", ""source_id"": ""E"", ""source_name"": ""Emergency"", ""unfulfilled_request_t"": 0.0}, {""actual_arrival_month"": ""2036-09"", ""actual_delivery_share"": 1.0, ""availability_share"": 1.0, ""feasible_t"": 2.9166666666666665, ""gross_delivery_t"": 2.9166666666666665, ""order_month"": ""2036-07"", ""planned_arrival_month"": ""2036-09"", ""requested_t"": 2.9166666666666665, ""shipment_id"": ""S0151"", ""source_id"": ""E"", ""source_name"": ""Emergency"", ""unfulfilled_request_t"": 0.0}]","{""A"": 7.5, ""B"": 2.0833333333333335, ""E"": 2.9166666666666665}","{""A"": 7.5, ""B"": 2.0833333333333335, ""E"": 2.9166666666666665}",12.5,0.15,12.35,12.35,0.0,14.26,8.75,2.916666666666666,0.0,0.0,2.5933333333333337,ZBO,120.0,0.012,"[""ZBO""]",0.13510000000000003,1.0,[]
2036-08,2.5933333333333337,11.666666666666666,8.75,"{""A"": 110.0, ""B"": 45.0, ""C"": 0, ""D"": 0, ""E"": 35.0}","{""A"": 8.333333333333334, ""B"": 2.0833333333333335, ""E"": 2.9166666666666665}","[{""actual_arrival_month"": ""2036-09"", ""actual_delivery_share"": 1.0, ""availability_share"": 1.0, ""feasible_t"": 7.5, ""gross_delivery_t"": 7.5, ""order_month"": ""2035-09"", ""planned_arrival_month"": ""2036-09"", ""requested_t"": 7.5, ""shipment_id"": ""S0009"", ""source_id"": ""A"", ""source_name"": ""Earth-Core"", ""unfulfilled_request_t"": 0.0}, {""actual_arrival_month"": ""2036-10"", ""actual_delivery_share"": 1.0, ""availability_share"": 1.0, ""feasible_t"": 7.5, ""gross_delivery_t"": 7.5, ""order_month"": ""2035-10"", ""planned_arrival_month"": ""2036-10"", ""requested_t"": 7.5, ""shipment_id"": ""S0010"", ""source_id"": ""A"", ""source_name"": ""Earth-Core"", ""unfulfilled_request_t"": 0.0}, {""actual_arrival_month"": ""2036-11"", ""actual_delivery_share"": 1.0, ""availability_share"": 1.0, ""feasible_t"": 7.5, ""gross_delivery_t"": 7.5, ""order_month"": ""2035-11"", ""planned_arrival_month"": ""2036-11"", ""requested_t"": 7.5, ""shipment_id"": ""S0011"", ""source_id"": ""A"", ""source_name"": ""Earth-Core"", ""unfulfilled_request_t"": 0.0}, {""actual_arrival_month"": ""2036-12"", ""actual_delivery_share"": 1.0, ""availability_share"": 1.0, ""feasible_t"": 7.5, ""gross_delivery_t"": 7.5, ""order_month"": ""2035-12"", ""planned_arrival_month"": ""2036-12"", ""requested_t"": 7.5, ""shipment_id"": ""S0012"", ""source_id"": ""A"", ""source_name"": ""Earth-Core"", ""unfulfilled_request_t"": 0.0}, {""actual_arrival_month"": ""2037-01"", ""actual_delivery_share"": 1.0, ""availability_share"": 1.0, ""feasible_t"": 8.333333333333334, ""gross_delivery_t"": 8.333333333333334, ""order_month"": ""2036-01"", ""planned_arrival_month"": ""2037-01"", ""requested_t"": 8.333333333333334, ""shipment_id"": ""S0013"", ""source_id"": ""A"", ""source_name"": ""Earth-Core"", ""unfulfilled_request_t"": 0.0}, {""actual_arrival_month"": ""2037-02"", ""actual_delivery_share"": 1.0, ""availability_share"": 1.0, ""feasible_t"": 8.333333333333334, ""gross_delivery_t"": 8.333333333333334, ""order_month"": ""2036-02"", ""planned_arrival_month"": ""2037-02"", ""requested_t"": 8.333333333333334, ""shipment_id"": ""S0014"", ""source_id"": ""A"", ""source_name"": ""Earth-Core"", ""unfulfilled_request_t"": 0.0}, {""actual_arrival_month"": ""2037-03"", ""actual_delivery_share"": 1.0, ""availability_share"": 1.0, ""feasible_t"": 8.333333333333334, ""gross_delivery_t"": 8.333333333333334, ""order_month"": ""2036-03"", ""planned_arrival_month"": ""2037-03"", ""requested_t"": 8.333333333333334, ""shipment_id"": ""S0015"", ""source_id"": ""A"", ""source_name"": ""Earth-Core"", ""unfulfilled_request_t"": 0.0}, {""actual_arrival_month"": ""2037-04"", ""actual_delivery_share"": 1.0, ""availability_share"": 1.0, ""feasible_t"": 8.333333333333334, ""gross_delivery_t"": 8.333333333333334, ""order_month"": ""2036-04"", ""planned_arrival_month"": ""2037-04"", ""requested_t"": 8.333333333333334, ""shipment_id"": ""S0016"", ""source_id"": ""A"", ""source_name"": ""Earth-Core"", ""unfulfilled_request_t"": 0.0}, {""actual_arrival_month"": ""2037-05"", ""actual_delivery_share"": 1.0, ""availability_share"": 1.0, ""feasible_t"": 8.333333333333334, ""gross_delivery_t"": 8.333333333333334, ""order_month"": ""2036-05"", ""planned_arrival_month"": ""2037-05"", ""requested_t"": 8.333333333333334, ""shipment_id"": ""S0017"", ""source_id"": ""A"", ""source_name"": ""Earth-Core"", ""unfulfilled_request_t"": 0.0}, {""actual_arrival_month"": ""2037-06"", ""actual_delivery_share"": 1.0, ""availability_share"": 1.0, ""feasible_t"": 8.333333333333334, ""gross_delivery_t"": 8.333333333333334, ""order_month"": ""2036-06"", ""planned_arrival_month"": ""2037-06"", ""requested_t"": 8.333333333333334, ""shipment_id"": ""S0018"", ""source_id"": ""A"", ""source_name"": ""Earth-Core"", ""unfulfilled_request_t"": 0.0}, {""actual_arrival_month"": ""2037-07"", ""actual_delivery_share"": 1.0, ""availability_share"": 1.0, ""feasible_t"": 8.333333333333334, ""gross_delivery_t"": 8.333333333333334, ""order_month"": ""2036-07"", ""planned_arrival_month"": ""2037-07"", ""requested_t"": 8.333333333333334, ""shipment_id"": ""S0019"", ""source_id"": ""A"", ""source_name"": ""Earth-Core"", ""unfulfilled_request_t"": 0.0}, {""actual_arrival_month"": ""2037-08"", ""actual_delivery_share"": 1.0, ""availability_share"": 1.0, ""feasible_t"": 8.333333333333334, ""gross_delivery_t"": 8.333333333333334, ""order_month"": ""2036-08"", ""planned_arrival_month"": ""2037-08"", ""requested_t"": 8.333333333333334, ""shipment_id"": ""S0020"", ""source_id"": ""A"", ""source_name"": ""Earth-Core"", ""unfulfilled_request_t"": 0.0}, {""actual_arrival_month"": ""2036-09"", ""actual_delivery_share"": 1.0, ""availability_share"": 1.0, ""feasible_t"": 2.0833333333333335, ""gross_delivery_t"": 2.0833333333333335, ""order_month"": ""2036-05"", ""planned_arrival_month"": ""2036-09"", ""requested_t"": 2.0833333333333335, ""shipment_id"": ""S0089"", ""source_id"": ""B"", ""source_name"": ""Earth-Flex"", ""unfulfilled_request_t"": 0.0}, {""actual_arrival_month"": ""2036-10"", ""actual_delivery_share"": 1.0, ""availability_share"": 1.0, ""feasible_t"": 2.0833333333333335, ""gross_delivery_t"": 2.0833333333333335, ""order_month"": ""2036-06"", ""planned_arrival_month"": ""2036-10"", ""requested_t"": 2.0833333333333335, ""shipment_id"": ""S0090"", ""source_id"": ""B"", ""source_name"": ""Earth-Flex"", ""unfulfilled_request_t"": 0.0}, {""actual_arrival_month"": ""2036-11"", ""actual_delivery_share"": 1.0, ""availability_share"": 1.0, ""feasible_t"": 2.0833333333333335, ""gross_delivery_t"": 2.0833333333333335, ""order_month"": ""2036-07"", ""planned_arrival_month"": ""2036-11"", ""requested_t"": 2.0833333333333335, ""shipment_id"": ""S0091"", ""source_id"": ""B"", ""source_name"": ""Earth-Flex"", ""unfulfilled_request_t"": 0.0}, {""actual_arrival_month"": ""2036-12"", ""actual_delivery_share"": 1.0, ""availability_share"": 1.0, ""feasible_t"": 2.0833333333333335, ""gross_delivery_t"": 2.0833333333333335, ""order_month"": ""2036-08"", ""planned_arrival_month"": ""2036-12"", ""requested_t"": 2.0833333333333335, ""shipment_id"": ""S0092"", ""source_id"": ""B"", ""source_name"": ""Earth-Flex"", ""unfulfilled_request_t"": 0.0}, {""actual_arrival_month"": ""2036-09"", ""actual_delivery_share"": 1.0, ""availability_share"": 1.0, ""feasible_t"": 2.9166666666666665, ""gross_delivery_t"": 2.9166666666666665, ""order_month"": ""2036-07"", ""planned_arrival_month"": ""2036-09"", ""requested_t"": 2.9166666666666665, ""shipment_id"": ""S0151"", ""source_id"": ""E"", ""source_name"": ""Emergency"", ""unfulfilled_request_t"": 0.0}, {""actual_arrival_month"": ""2036-10"", ""actual_delivery_share"": 1.0, ""availability_share"": 1.0, ""feasible_t"": 2.9166666666666665, ""gross_delivery_t"": 2.9166666666666665, ""order_month"": ""2036-08"", ""planned_arrival_month"": ""2036-10"", ""requested_t"": 2.9166666666666665, ""shipment_id"": ""S0152"", ""source_id"": ""E"", ""source_name"": ""Emergency"", ""unfulfilled_request_t"": 0.0}]","{""A"": 7.5, ""B"": 2.0833333333333335, ""E"": 2.9166666666666665}","{""A"": 7.5, ""B"": 2.0833333333333335, ""E"": 2.9166666666666665}",12.5,0.15,12.35,12.35,0.0,14.943333333333333,8.75,2.916666666666666,0.0,0.0,3.2766666666666673,ZBO,120.0,0.012,"[""ZBO""]",0.17610000000000003,1.0,[]
2036-09,3.2766666666666673,11.666666666666666,8.75,"{""A"": 110.0, ""B"": 45.0, ""C"": 0, ""D"": 0, ""E"": 35.0}","{""A"": 8.333333333333334, ""B"": 2.0833333333333335, ""E"": 2.9166666666666665}","[{""actual_arrival_month"": ""2036-10"", ""actual_delivery_share"": 1.0, ""availability_share"": 1.0, ""feasible_t"": 7.5, ""gross_delivery_t"": 7.5, ""order_month"": ""2035-10"", ""planned_arrival_month"": ""2036-10"", ""requested_t"": 7.5, ""shipment_id"": ""S0010"", ""source_id"": ""A"", ""source_name"": ""Earth-Core"", ""unfulfilled_request_t"": 0.0}, {""actual_arrival_month"": ""2036-11"", ""actual_delivery_share"": 1.0, ""availability_share"": 1.0, ""feasible_t"": 7.5, ""gross_delivery_t"": 7.5, ""order_month"": ""2035-11"", ""planned_arrival_month"": ""2036-11"", ""requested_t"": 7.5, ""shipment_id"": ""S0011"", ""source_id"": ""A"", ""source_name"": ""Earth-Core"", ""unfulfilled_request_t"": 0.0}, {""actual_arrival_month"": ""2036-12"", ""actual_delivery_share"": 1.0, ""availability_share"": 1.0, ""feasible_t"": 7.5, ""gross_delivery_t"": 7.5, ""order_month"": ""2035-12"", ""planned_arrival_month"": ""2036-12"", ""requested_t"": 7.5, ""shipment_id"": ""S0012"", ""source_id"": ""A"", ""source_name"": ""Earth-Core"", ""unfulfilled_request_t"": 0.0}, {""actual_arrival_month"": ""2037-01"", ""actual_delivery_share"": 1.0, ""availability_share"": 1.0, ""feasible_t"": 8.333333333333334, ""gross_delivery_t"": 8.333333333333334, ""order_month"": ""2036-01"", ""planned_arrival_month"": ""2037-01"", ""requested_t"": 8.333333333333334, ""shipment_id"": ""S0013"", ""source_id"": ""A"", ""source_name"": ""Earth-Core"", ""unfulfilled_request_t"": 0.0}, {""actual_arrival_month"": ""2037-02"", ""actual_delivery_share"": 1.0, ""availability_share"": 1.0, ""feasible_t"": 8.333333333333334, ""gross_delivery_t"": 8.333333333333334, ""order_month"": ""2036-02"", ""planned_arrival_month"": ""2037-02"", ""requested_t"": 8.333333333333334, ""shipment_id"": ""S0014"", ""source_id"": ""A"", ""source_name"": ""Earth-Core"", ""unfulfilled_request_t"": 0.0}, {""actual_arrival_month"": ""2037-03"", ""actual_delivery_share"": 1.0, ""availability_share"": 1.0, ""feasible_t"": 8.333333333333334, ""gross_delivery_t"": 8.333333333333334, ""order_month"": ""2036-03"", ""planned_arrival_month"": ""2037-03"", ""requested_t"": 8.333333333333334, ""shipment_id"": ""S0015"", ""source_id"": ""A"", ""source_name"": ""Earth-Core"", ""unfulfilled_request_t"": 0.0}, {""actual_arrival_month"": ""2037-04"", ""actual_delivery_share"": 1.0, ""availability_share"": 1.0, ""feasible_t"": 8.333333333333334, ""gross_delivery_t"": 8.333333333333334, ""order_month"": ""2036-04"", ""planned_arrival_month"": ""2037-04"", ""requested_t"": 8.333333333333334, ""shipment_id"": ""S0016"", ""source_id"": ""A"", ""source_name"": ""Earth-Core"", ""unfulfilled_request_t"": 0.0}, {""actual_arrival_month"": ""2037-05"", ""actual_delivery_share"": 1.0, ""availability_share"": 1.0, ""feasible_t"": 8.333333333333334, ""gross_delivery_t"": 8.333333333333334, ""order_month"": ""2036-05"", ""planned_arrival_month"": ""2037-05"", ""requested_t"": 8.333333333333334, ""shipment_id"": ""S0017"", ""source_id"": ""A"", ""source_name"": ""Earth-Core"", ""unfulfilled_request_t"": 0.0}, {""actual_arrival_month"": ""2037-06"", ""actual_delivery_share"": 1.0, ""availability_share"": 1.0, ""feasible_t"": 8.333333333333334, ""gross_delivery_t"": 8.333333333333334, ""order_month"": ""2036-06"", ""planned_arrival_month"": ""2037-06"", ""requested_t"": 8.333333333333334, ""shipment_id"": ""S0018"", ""source_id"": ""A"", ""source_name"": ""Earth-Core"", ""unfulfilled_request_t"": 0.0}, {""actual_arrival_month"": ""2037-07"", ""actual_delivery_share"": 1.0, ""availability_share"": 1.0, ""feasible_t"": 8.333333333333334, ""gross_delivery_t"": 8.333333333333334, ""order_month"": ""2036-07"", ""planned_arrival_month"": ""2037-07"", ""requested_t"": 8.333333333333334, ""shipment_id"": ""S0019"", ""source_id"": ""A"", ""source_name"": ""Earth-Core"", ""unfulfilled_request_t"": 0.0}, {""actual_arrival_month"": ""2037-08"", ""actual_delivery_share"": 1.0, ""availability_share"": 1.0, ""feasible_t"": 8.333333333333334, ""gross_delivery_t"": 8.333333333333334, ""order_month"": ""2036-08"", ""planned_arrival_month"": ""2037-08"", ""requested_t"": 8.333333333333334, ""shipment_id"": ""S0020"", ""source_id"": ""A"", ""source_name"": ""Earth-Core"", ""unfulfilled_request_t"": 0.0}, {""actual_arrival_month"": ""2037-09"", ""actual_delivery_share"": 1.0, ""availability_share"": 1.0, ""feasible_t"": 8.333333333333334, ""gross_delivery_t"": 8.333333333333334, ""order_month"": ""2036-09"", ""planned_arrival_month"": ""2037-09"", ""requested_t"": 8.333333333333334, ""shipment_id"": ""S0021"", ""source_id"": ""A"", ""source_name"": ""Earth-Core"", ""unfulfilled_request_t"": 0.0}, {""actual_arrival_month"": ""2036-10"", ""actual_delivery_share"": 1.0, ""availability_share"": 1.0, ""feasible_t"": 2.0833333333333335, ""gross_delivery_t"": 2.0833333333333335, ""order_month"": ""2036-06"", ""planned_arrival_month"": ""2036-10"", ""requested_t"": 2.0833333333333335, ""shipment_id"": ""S0090"", ""source_id"": ""B"", ""source_name"": ""Earth-Flex"", ""unfulfilled_request_t"": 0.0}, {""actual_arrival_month"": ""2036-11"", ""actual_delivery_share"": 1.0, ""availability_share"": 1.0, ""feasible_t"": 2.0833333333333335, ""gross_delivery_t"": 2.0833333333333335, ""order_month"": ""2036-07"", ""planned_arrival_month"": ""2036-11"", ""requested_t"": 2.0833333333333335, ""shipment_id"": ""S0091"", ""source_id"": ""B"", ""source_name"": ""Earth-Flex"", ""unfulfilled_request_t"": 0.0}, {""actual_arrival_month"": ""2036-12"", ""actual_delivery_share"": 1.0, ""availability_share"": 1.0, ""feasible_t"": 2.0833333333333335, ""gross_delivery_t"": 2.0833333333333335, ""order_month"": ""2036-08"", ""planned_arrival_month"": ""2036-12"", ""requested_t"": 2.0833333333333335, ""shipment_id"": ""S0092"", ""source_id"": ""B"", ""source_name"": ""Earth-Flex"", ""unfulfilled_request_t"": 0.0}, {""actual_arrival_month"": ""2037-01"", ""actual_delivery_share"": 1.0, ""availability_share"": 1.0, ""feasible_t"": 2.0833333333333335, ""gross_delivery_t"": 2.0833333333333335, ""order_month"": ""2036-09"", ""planned_arrival_month"": ""2037-01"", ""requested_t"": 2.0833333333333335, ""shipment_id"": ""S0093"", ""source_id"": ""B"", ""source_name"": ""Earth-Flex"", ""unfulfilled_request_t"": 0.0}, {""actual_arrival_month"": ""2036-10"", ""actual_delivery_share"": 1.0, ""availability_share"": 1.0, ""feasible_t"": 2.9166666666666665, ""gross_delivery_t"": 2.9166666666666665, ""order_month"": ""2036-08"", ""planned_arrival_month"": ""2036-10"", ""requested_t"": 2.9166666666666665, ""shipment_id"": ""S0152"", ""source_id"": ""E"", ""source_name"": ""Emergency"", ""unfulfilled_request_t"": 0.0}, {""actual_arrival_month"": ""2036-11"", ""actual_delivery_share"": 1.0, ""availability_share"": 1.0, ""feasible_t"": 2.9166666666666665, ""gross_delivery_t"": 2.9166666666666665, ""order_month"": ""2036-09"", ""planned_arrival_month"": ""2036-11"", ""requested_t"": 2.9166666666666665, ""shipment_id"": ""S0153"", ""source_id"": ""E"", ""source_name"": ""Emergency"", ""unfulfilled_request_t"": 0.0}]","{""A"": 7.5, ""B"": 2.0833333333333335, ""E"": 2.9166666666666665}","{""A"": 7.5, ""B"": 2.0833333333333335, ""E"": 2.9166666666666665}",12.5,0.15,12.35,12.35,0.0,15.626666666666667,8.75,2.916666666666666,0.0,0.0,3.960000000000001,ZBO,120.0,0.012,"[""ZBO""]",0.21710000000000004,1.0,[]
2036-10,3.960000000000001,11.666666666666666,8.75,"{""A"": 110.0, ""B"": 45.0, ""C"": 0, ""D"": 0, ""E"": 35.0}","{""A"": 8.333333333333334, ""B"": 2.0833333333333335, ""E"": 2.9166666666666665}","[{""actual_arrival_month"": ""2036-11"", ""actual_delivery_share"": 1.0, ""availability_share"": 1.0, ""feasible_t"": 7.5, ""gross_delivery_t"": 7.5, ""order_month"": ""2035-11"", ""planned_arrival_month"": ""2036-11"", ""requested_t"": 7.5, ""shipment_id"": ""S0011"", ""source_id"": ""A"", ""source_name"": ""Earth-Core"", ""unfulfilled_request_t"": 0.0}, {""actual_arrival_month"": ""2036-12"", ""actual_delivery_share"": 1.0, ""availability_share"": 1.0, ""feasible_t"": 7.5, ""gross_delivery_t"": 7.5, ""order_month"": ""2035-12"", ""planned_arrival_month"": ""2036-12"", ""requested_t"": 7.5, ""shipment_id"": ""S0012"", ""source_id"": ""A"", ""source_name"": ""Earth-Core"", ""unfulfilled_request_t"": 0.0}, {""actual_arrival_month"": ""2037-01"", ""actual_delivery_share"": 1.0, ""availability_share"": 1.0, ""feasible_t"": 8.333333333333334, ""gross_delivery_t"": 8.333333333333334, ""order_month"": ""2036-01"", ""planned_arrival_month"": ""2037-01"", ""requested_t"": 8.333333333333334, ""shipment_id"": ""S0013"", ""source_id"": ""A"", ""source_name"": ""Earth-Core"", ""unfulfilled_request_t"": 0.0}, {""actual_arrival_month"": ""2037-02"", ""actual_delivery_share"": 1.0, ""availability_share"": 1.0, ""feasible_t"": 8.333333333333334, ""gross_delivery_t"": 8.333333333333334, ""order_month"": ""2036-02"", ""planned_arrival_month"": ""2037-02"", ""requested_t"": 8.333333333333334, ""shipment_id"": ""S0014"", ""source_id"": ""A"", ""source_name"": ""Earth-Core"", ""unfulfilled_request_t"": 0.0}, {""actual_arrival_month"": ""2037-03"", ""actual_delivery_share"": 1.0, ""availability_share"": 1.0, ""feasible_t"": 8.333333333333334, ""gross_delivery_t"": 8.333333333333334, ""order_month"": ""2036-03"", ""planned_arrival_month"": ""2037-03"", ""requested_t"": 8.333333333333334, ""shipment_id"": ""S0015"", ""source_id"": ""A"", ""source_name"": ""Earth-Core"", ""unfulfilled_request_t"": 0.0}, {""actual_arrival_month"": ""2037-04"", ""actual_delivery_share"": 1.0, ""availability_share"": 1.0, ""feasible_t"": 8.333333333333334, ""gross_delivery_t"": 8.333333333333334, ""order_month"": ""2036-04"", ""planned_arrival_month"": ""2037-04"", ""requested_t"": 8.333333333333334, ""shipment_id"": ""S0016"", ""source_id"": ""A"", ""source_name"": ""Earth-Core"", ""unfulfilled_request_t"": 0.0}, {""actual_arrival_month"": ""2037-05"", ""actual_delivery_share"": 1.0, ""availability_share"": 1.0, ""feasible_t"": 8.333333333333334, ""gross_delivery_t"": 8.333333333333334, ""order_month"": ""2036-05"", ""planned_arrival_month"": ""2037-05"", ""requested_t"": 8.333333333333334, ""shipment_id"": ""S0017"", ""source_id"": ""A"", ""source_name"": ""Earth-Core"", ""unfulfilled_request_t"": 0.0}, {""actual_arrival_month"": ""2037-06"", ""actual_delivery_share"": 1.0, ""availability_share"": 1.0, ""feasible_t"": 8.333333333333334, ""gross_delivery_t"": 8.333333333333334, ""order_month"": ""2036-06"", ""planned_arrival_month"": ""2037-06"", ""requested_t"": 8.333333333333334, ""shipment_id"": ""S0018"", ""source_id"": ""A"", ""source_name"": ""Earth-Core"", ""unfulfilled_request_t"": 0.0}, {""actual_arrival_month"": ""2037-07"", ""actual_delivery_share"": 1.0, ""availability_share"": 1.0, ""feasible_t"": 8.333333333333334, ""gross_delivery_t"": 8.333333333333334, ""order_month"": ""2036-07"", ""planned_arrival_month"": ""2037-07"", ""requested_t"": 8.333333333333334, ""shipment_id"": ""S0019"", ""source_id"": ""A"", ""source_name"": ""Earth-Core"", ""unfulfilled_request_t"": 0.0}, {""actual_arrival_month"": ""2037-08"", ""actual_delivery_share"": 1.0, ""availability_share"": 1.0, ""feasible_t"": 8.333333333333334, ""gross_delivery_t"": 8.333333333333334, ""order_month"": ""2036-08"", ""planned_arrival_month"": ""2037-08"", ""requested_t"": 8.333333333333334, ""shipment_id"": ""S0020"", ""source_id"": ""A"", ""source_name"": ""Earth-Core"", ""unfulfilled_request_t"": 0.0}, {""actual_arrival_month"": ""2037-09"", ""actual_delivery_share"": 1.0, ""availability_share"": 1.0, ""feasible_t"": 8.333333333333334, ""gross_delivery_t"": 8.333333333333334, ""order_month"": ""2036-09"", ""planned_arrival_month"": ""2037-09"", ""requested_t"": 8.333333333333334, ""shipment_id"": ""S0021"", ""source_id"": ""A"", ""source_name"": ""Earth-Core"", ""unfulfilled_request_t"": 0.0}, {""actual_arrival_month"": ""2037-10"", ""actual_delivery_share"": 1.0, ""availability_share"": 1.0, ""feasible_t"": 8.333333333333334, ""gross_delivery_t"": 8.333333333333334, ""order_month"": ""2036-10"", ""planned_arrival_month"": ""2037-10"", ""requested_t"": 8.333333333333334, ""shipment_id"": ""S0022"", ""source_id"": ""A"", ""source_name"": ""Earth-Core"", ""unfulfilled_request_t"": 0.0}, {""actual_arrival_month"": ""2036-11"", ""actual_delivery_share"": 1.0, ""availability_share"": 1.0, ""feasible_t"": 2.0833333333333335, ""gross_delivery_t"": 2.0833333333333335, ""order_month"": ""2036-07"", ""planned_arrival_month"": ""2036-11"", ""requested_t"": 2.0833333333333335, ""shipment_id"": ""S0091"", ""source_id"": ""B"", ""source_name"": ""Earth-Flex"", ""unfulfilled_request_t"": 0.0}, {""actual_arrival_month"": ""2036-12"", ""actual_delivery_share"": 1.0, ""availability_share"": 1.0, ""feasible_t"": 2.0833333333333335, ""gross_delivery_t"": 2.0833333333333335, ""order_month"": ""2036-08"", ""planned_arrival_month"": ""2036-12"", ""requested_t"": 2.0833333333333335, ""shipment_id"": ""S0092"", ""source_id"": ""B"", ""source_name"": ""Earth-Flex"", ""unfulfilled_request_t"": 0.0}, {""actual_arrival_month"": ""2037-01"", ""actual_delivery_share"": 1.0, ""availability_share"": 1.0, ""feasible_t"": 2.0833333333333335, ""gross_delivery_t"": 2.0833333333333335, ""order_month"": ""2036-09"", ""planned_arrival_month"": ""2037-01"", ""requested_t"": 2.0833333333333335, ""shipment_id"": ""S0093"", ""source_id"": ""B"", ""source_name"": ""Earth-Flex"", ""unfulfilled_request_t"": 0.0}, {""actual_arrival_month"": ""2037-02"", ""actual_delivery_share"": 1.0, ""availability_share"": 1.0, ""feasible_t"": 2.0833333333333335, ""gross_delivery_t"": 2.0833333333333335, ""order_month"": ""2036-10"", ""planned_arrival_month"": ""2037-02"", ""requested_t"": 2.0833333333333335, ""shipment_id"": ""S0094"", ""source_id"": ""B"", ""source_name"": ""Earth-Flex"", ""unfulfilled_request_t"": 0.0}, {""actual_arrival_month"": ""2036-11"", ""actual_delivery_share"": 1.0, ""availability_share"": 1.0, ""feasible_t"": 2.9166666666666665, ""gross_delivery_t"": 2.9166666666666665, ""order_month"": ""2036-09"", ""planned_arrival_month"": ""2036-11"", ""requested_t"": 2.9166666666666665, ""shipment_id"": ""S0153"", ""source_id"": ""E"", ""source_name"": ""Emergency"", ""unfulfilled_request_t"": 0.0}, {""actual_arrival_month"": ""2036-12"", ""actual_delivery_share"": 1.0, ""availability_share"": 1.0, ""feasible_t"": 2.9166666666666665, ""gross_delivery_t"": 2.9166666666666665, ""order_month"": ""2036-10"", ""planned_arrival_month"": ""2036-12"", ""requested_t"": 2.9166666666666665, ""shipment_id"": ""S0154"", ""source_id"": ""E"", ""source_name"": ""Emergency"", ""unfulfilled_request_t"": 0.0}]","{""A"": 7.5, ""B"": 2.0833333333333335, ""E"": 2.9166666666666665}","{""A"": 7.5, ""B"": 2.0833333333333335, ""E"": 2.9166666666666665}",12.5,0.15,12.35,12.35,0.0,16.310000000000002,8.75,2.916666666666666,0.0,0.0,4.643333333333336,ZBO,120.0,0.012,"[""ZBO""]",0.2581000000000001,1.0,[]
2036-11,4.643333333333336,11.666666666666666,8.75,"{""A"": 110.0, ""B"": 45.0, ""C"": 0, ""D"": 0, ""E"": 35.0}","{""A"": 8.333333333333334, ""B"": 2.0833333333333335, ""E"": 2.9166666666666665}","[{""actual_arrival_month"": ""2036-12"", ""actual_delivery_share"": 1.0, ""availability_share"": 1.0, ""feasible_t"": 7.5, ""gross_delivery_t"": 7.5, ""order_month"": ""2035-12"", ""planned_arrival_month"": ""2036-12"", ""requested_t"": 7.5, ""shipment_id"": ""S0012"", ""source_id"": ""A"", ""source_name"": ""Earth-Core"", ""unfulfilled_request_t"": 0.0}, {""actual_arrival_month"": ""2037-01"", ""actual_delivery_share"": 1.0, ""availability_share"": 1.0, ""feasible_t"": 8.333333333333334, ""gross_delivery_t"": 8.333333333333334, ""order_month"": ""2036-01"", ""planned_arrival_month"": ""2037-01"", ""requested_t"": 8.333333333333334, ""shipment_id"": ""S0013"", ""source_id"": ""A"", ""source_name"": ""Earth-Core"", ""unfulfilled_request_t"": 0.0}, {""actual_arrival_month"": ""2037-02"", ""actual_delivery_share"": 1.0, ""availability_share"": 1.0, ""feasible_t"": 8.333333333333334, ""gross_delivery_t"": 8.333333333333334, ""order_month"": ""2036-02"", ""planned_arrival_month"": ""2037-02"", ""requested_t"": 8.333333333333334, ""shipment_id"": ""S0014"", ""source_id"": ""A"", ""source_name"": ""Earth-Core"", ""unfulfilled_request_t"": 0.0}, {""actual_arrival_month"": ""2037-03"", ""actual_delivery_share"": 1.0, ""availability_share"": 1.0, ""feasible_t"": 8.333333333333334, ""gross_delivery_t"": 8.333333333333334, ""order_month"": ""2036-03"", ""planned_arrival_month"": ""2037-03"", ""requested_t"": 8.333333333333334, ""shipment_id"": ""S0015"", ""source_id"": ""A"", ""source_name"": ""Earth-Core"", ""unfulfilled_request_t"": 0.0}, {""actual_arrival_month"": ""2037-04"", ""actual_delivery_share"": 1.0, ""availability_share"": 1.0, ""feasible_t"": 8.333333333333334, ""gross_delivery_t"": 8.333333333333334, ""order_month"": ""2036-04"", ""planned_arrival_month"": ""2037-04"", ""requested_t"": 8.333333333333334, ""shipment_id"": ""S0016"", ""source_id"": ""A"", ""source_name"": ""Earth-Core"", ""unfulfilled_request_t"": 0.0}, {""actual_arrival_month"": ""2037-05"", ""actual_delivery_share"": 1.0, ""availability_share"": 1.0, ""feasible_t"": 8.333333333333334, ""gross_delivery_t"": 8.333333333333334, ""order_month"": ""2036-05"", ""planned_arrival_month"": ""2037-05"", ""requested_t"": 8.333333333333334, ""shipment_id"": ""S0017"", ""source_id"": ""A"", ""source_name"": ""Earth-Core"", ""unfulfilled_request_t"": 0.0}, {""actual_arrival_month"": ""2037-06"", ""actual_delivery_share"": 1.0, ""availability_share"": 1.0, ""feasible_t"": 8.333333333333334, ""gross_delivery_t"": 8.333333333333334, ""order_month"": ""2036-06"", ""planned_arrival_month"": ""2037-06"", ""requested_t"": 8.333333333333334, ""shipment_id"": ""S0018"", ""source_id"": ""A"", ""source_name"": ""Earth-Core"", ""unfulfilled_request_t"": 0.0}, {""actual_arrival_month"": ""2037-07"", ""actual_delivery_share"": 1.0, ""availability_share"": 1.0, ""feasible_t"": 8.333333333333334, ""gross_delivery_t"": 8.333333333333334, ""order_month"": ""2036-07"", ""planned_arrival_month"": ""2037-07"", ""requested_t"": 8.333333333333334, ""shipment_id"": ""S0019"", ""source_id"": ""A"", ""source_name"": ""Earth-Core"", ""unfulfilled_request_t"": 0.0}, {""actual_arrival_month"": ""2037-08"", ""actual_delivery_share"": 1.0, ""availability_share"": 1.0, ""feasible_t"": 8.333333333333334, ""gross_delivery_t"": 8.333333333333334, ""order_month"": ""2036-08"", ""planned_arrival_month"": ""2037-08"", ""requested_t"": 8.333333333333334, ""shipment_id"": ""S0020"", ""source_id"": ""A"", ""source_name"": ""Earth-Core"", ""unfulfilled_request_t"": 0.0}, {""actual_arrival_month"": ""2037-09"", ""actual_delivery_share"": 1.0, ""availability_share"": 1.0, ""feasible_t"": 8.333333333333334, ""gross_delivery_t"": 8.333333333333334, ""order_month"": ""2036-09"", ""planned_arrival_month"": ""2037-09"", ""requested_t"": 8.333333333333334, ""shipment_id"": ""S0021"", ""source_id"": ""A"", ""source_name"": ""Earth-Core"", ""unfulfilled_request_t"": 0.0}, {""actual_arrival_month"": ""2037-10"", ""actual_delivery_share"": 1.0, ""availability_share"": 1.0, ""feasible_t"": 8.333333333333334, ""gross_delivery_t"": 8.333333333333334, ""order_month"": ""2036-10"", ""planned_arrival_month"": ""2037-10"", ""requested_t"": 8.333333333333334, ""shipment_id"": ""S0022"", ""source_id"": ""A"", ""source_name"": ""Earth-Core"", ""unfulfilled_request_t"": 0.0}, {""actual_arrival_month"": ""2037-11"", ""actual_delivery_share"": 1.0, ""availability_share"": 1.0, ""feasible_t"": 8.333333333333334, ""gross_delivery_t"": 8.333333333333334, ""order_month"": ""2036-11"", ""planned_arrival_month"": ""2037-11"", ""requested_t"": 8.333333333333334, ""shipment_id"": ""S0023"", ""source_id"": ""A"", ""source_name"": ""Earth-Core"", ""unfulfilled_request_t"": 0.0}, {""actual_arrival_month"": ""2036-12"", ""actual_delivery_share"": 1.0, ""availability_share"": 1.0, ""feasible_t"": 2.0833333333333335, ""gross_delivery_t"": 2.0833333333333335, ""order_month"": ""2036-08"", ""planned_arrival_month"": ""2036-12"", ""requested_t"": 2.0833333333333335, ""shipment_id"": ""S0092"", ""source_id"": ""B"", ""source_name"": ""Earth-Flex"", ""unfulfilled_request_t"": 0.0}, {""actual_arrival_month"": ""2037-01"", ""actual_delivery_share"": 1.0, ""availability_share"": 1.0, ""feasible_t"": 2.0833333333333335, ""gross_delivery_t"": 2.0833333333333335, ""order_month"": ""2036-09"", ""planned_arrival_month"": ""2037-01"", ""requested_t"": 2.0833333333333335, ""shipment_id"": ""S0093"", ""source_id"": ""B"", ""source_name"": ""Earth-Flex"", ""unfulfilled_request_t"": 0.0}, {""actual_arrival_month"": ""2037-02"", ""actual_delivery_share"": 1.0, ""availability_share"": 1.0, ""feasible_t"": 2.0833333333333335, ""gross_delivery_t"": 2.0833333333333335, ""order_month"": ""2036-10"", ""planned_arrival_month"": ""2037-02"", ""requested_t"": 2.0833333333333335, ""shipment_id"": ""S0094"", ""source_id"": ""B"", ""source_name"": ""Earth-Flex"", ""unfulfilled_request_t"": 0.0}, {""actual_arrival_month"": ""2037-03"", ""actual_delivery_share"": 1.0, ""availability_share"": 1.0, ""feasible_t"": 2.0833333333333335, ""gross_delivery_t"": 2.0833333333333335, ""order_month"": ""2036-11"", ""planned_arrival_month"": ""2037-03"", ""requested_t"": 2.0833333333333335, ""shipment_id"": ""S0095"", ""source_id"": ""B"", ""source_name"": ""Earth-Flex"", ""unfulfilled_request_t"": 0.0}, {""actual_arrival_month"": ""2036-12"", ""actual_delivery_share"": 1.0, ""availability_share"": 1.0, ""feasible_t"": 2.9166666666666665, ""gross_delivery_t"": 2.9166666666666665, ""order_month"": ""2036-10"", ""planned_arrival_month"": ""2036-12"", ""requested_t"": 2.9166666666666665, ""shipment_id"": ""S0154"", ""source_id"": ""E"", ""source_name"": ""Emergency"", ""unfulfilled_request_t"": 0.0}, {""actual_arrival_month"": ""2037-01"", ""actual_delivery_share"": 1.0, ""availability_share"": 1.0, ""feasible_t"": 2.9166666666666665, ""gross_delivery_t"": 2.9166666666666665, ""order_month"": ""2036-11"", ""planned_arrival_month"": ""2037-01"", ""requested_t"": 2.9166666666666665, ""shipment_id"": ""S0155"", ""source_id"": ""E"", ""source_name"": ""Emergency"", ""unfulfilled_request_t"": 0.0}]","{""A"": 7.5, ""B"": 2.0833333333333335, ""E"": 2.9166666666666665}","{""A"": 7.5, ""B"": 2.0833333333333335, ""E"": 2.9166666666666665}",12.5,0.15,12.35,12.35,0.0,16.993333333333336,8.75,2.916666666666666,0.0,0.0,5.32666666666667,ZBO,120.0,0.012,"[""ZBO""]",0.2991000000000002,1.0,[]
2036-12,5.32666666666667,11.666666666666666,8.75,"{""A"": 110.0, ""B"": 45.0, ""C"": 0, ""D"": 0, ""E"": 35.0}","{""A"": 8.333333333333334, ""B"": 2.0833333333333335, ""E"": 2.9166666666666665}","[{""actual_arrival_month"": ""2037-01"", ""actual_delivery_share"": 1.0, ""availability_share"": 1.0, ""feasible_t"": 8.333333333333334, ""gross_delivery_t"": 8.333333333333334, ""order_month"": ""2036-01"", ""planned_arrival_month"": ""2037-01"", ""requested_t"": 8.333333333333334, ""shipment_id"": ""S0013"", ""source_id"": ""A"", ""source_name"": ""Earth-Core"", ""unfulfilled_request_t"": 0.0}, {""actual_arrival_month"": ""2037-02"", ""actual_delivery_share"": 1.0, ""availability_share"": 1.0, ""feasible_t"": 8.333333333333334, ""gross_delivery_t"": 8.333333333333334, ""order_month"": ""2036-02"", ""planned_arrival_month"": ""2037-02"", ""requested_t"": 8.333333333333334, ""shipment_id"": ""S0014"", ""source_id"": ""A"", ""source_name"": ""Earth-Core"", ""unfulfilled_request_t"": 0.0}, {""actual_arrival_month"": ""2037-03"", ""actual_delivery_share"": 1.0, ""availability_share"": 1.0, ""feasible_t"": 8.333333333333334, ""gross_delivery_t"": 8.333333333333334, ""order_month"": ""2036-03"", ""planned_arrival_month"": ""2037-03"", ""requested_t"": 8.333333333333334, ""shipment_id"": ""S0015"", ""source_id"": ""A"", ""source_name"": ""Earth-Core"", ""unfulfilled_request_t"": 0.0}, {""actual_arrival_month"": ""2037-04"", ""actual_delivery_share"": 1.0, ""availability_share"": 1.0, ""feasible_t"": 8.333333333333334, ""gross_delivery_t"": 8.333333333333334, ""order_month"": ""2036-04"", ""planned_arrival_month"": ""2037-04"", ""requested_t"": 8.333333333333334, ""shipment_id"": ""S0016"", ""source_id"": ""A"", ""source_name"": ""Earth-Core"", ""unfulfilled_request_t"": 0.0}, {""actual_arrival_month"": ""2037-05"", ""actual_delivery_share"": 1.0, ""availability_share"": 1.0, ""feasible_t"": 8.333333333333334, ""gross_delivery_t"": 8.333333333333334, ""order_month"": ""2036-05"", ""planned_arrival_month"": ""2037-05"", ""requested_t"": 8.333333333333334, ""shipment_id"": ""S0017"", ""source_id"": ""A"", ""source_name"": ""Earth-Core"", ""unfulfilled_request_t"": 0.0}, {""actual_arrival_month"": ""2037-06"", ""actual_delivery_share"": 1.0, ""availability_share"": 1.0, ""feasible_t"": 8.333333333333334, ""gross_delivery_t"": 8.333333333333334, ""order_month"": ""2036-06"", ""planned_arrival_month"": ""2037-06"", ""requested_t"": 8.333333333333334, ""shipment_id"": ""S0018"", ""source_id"": ""A"", ""source_name"": ""Earth-Core"", ""unfulfilled_request_t"": 0.0}, {""actual_arrival_month"": ""2037-07"", ""actual_delivery_share"": 1.0, ""availability_share"": 1.0, ""feasible_t"": 8.333333333333334, ""gross_delivery_t"": 8.333333333333334, ""order_month"": ""2036-07"", ""planned_arrival_month"": ""2037-07"", ""requested_t"": 8.333333333333334, ""shipment_id"": ""S0019"", ""source_id"": ""A"", ""source_name"": ""Earth-Core"", ""unfulfilled_request_t"": 0.0}, {""actual_arrival_month"": ""2037-08"", ""actual_delivery_share"": 1.0, ""availability_share"": 1.0, ""feasible_t"": 8.333333333333334, ""gross_delivery_t"": 8.333333333333334, ""order_month"": ""2036-08"", ""planned_arrival_month"": ""2037-08"", ""requested_t"": 8.333333333333334, ""shipment_id"": ""S0020"", ""source_id"": ""A"", ""source_name"": ""Earth-Core"", ""unfulfilled_request_t"": 0.0}, {""actual_arrival_month"": ""2037-09"", ""actual_delivery_share"": 1.0, ""availability_share"": 1.0, ""feasible_t"": 8.333333333333334, ""gross_delivery_t"": 8.333333333333334, ""order_month"": ""2036-09"", ""planned_arrival_month"": ""2037-09"", ""requested_t"": 8.333333333333334, ""shipment_id"": ""S0021"", ""source_id"": ""A"", ""source_name"": ""Earth-Core"", ""unfulfilled_request_t"": 0.0}, {""actual_arrival_month"": ""2037-10"", ""actual_delivery_share"": 1.0, ""availability_share"": 1.0, ""feasible_t"": 8.333333333333334, ""gross_delivery_t"": 8.333333333333334, ""order_month"": ""2036-10"", ""planned_arrival_month"": ""2037-10"", ""requested_t"": 8.333333333333334, ""shipment_id"": ""S0022"", ""source_id"": ""A"", ""source_name"": ""Earth-Core"", ""unfulfilled_request_t"": 0.0}, {""actual_arrival_month"": ""2037-11"", ""actual_delivery_share"": 1.0, ""availability_share"": 1.0, ""feasible_t"": 8.333333333333334, ""gross_delivery_t"": 8.333333333333334, ""order_month"": ""2036-11"", ""planned_arrival_month"": ""2037-11"", ""requested_t"": 8.333333333333334, ""shipment_id"": ""S0023"", ""source_id"": ""A"", ""source_name"": ""Earth-Core"", ""unfulfilled_request_t"": 0.0}, {""actual_arrival_month"": ""2037-12"", ""actual_delivery_share"": 1.0, ""availability_share"": 1.0, ""feasible_t"": 8.333333333333334, ""gross_delivery_t"": 8.333333333333334, ""order_month"": ""2036-12"", ""planned_arrival_month"": ""2037-12"", ""requested_t"": 8.333333333333334, ""shipment_id"": ""S0024"", ""source_id"": ""A"", ""source_name"": ""Earth-Core"", ""unfulfilled_request_t"": 0.0}, {""actual_arrival_month"": ""2037-01"", ""actual_delivery_share"": 1.0, ""availability_share"": 1.0, ""feasible_t"": 2.0833333333333335, ""gross_delivery_t"": 2.0833333333333335, ""order_month"": ""2036-09"", ""planned_arrival_month"": ""2037-01"", ""requested_t"": 2.0833333333333335, ""shipment_id"": ""S0093"", ""source_id"": ""B"", ""source_name"": ""Earth-Flex"", ""unfulfilled_request_t"": 0.0}, {""actual_arrival_month"": ""2037-02"", ""actual_delivery_share"": 1.0, ""availability_share"": 1.0, ""feasible_t"": 2.0833333333333335, ""gross_delivery_t"": 2.0833333333333335, ""order_month"": ""2036-10"", ""planned_arrival_month"": ""2037-02"", ""requested_t"": 2.0833333333333335, ""shipment_id"": ""S0094"", ""source_id"": ""B"", ""source_name"": ""Earth-Flex"", ""unfulfilled_request_t"": 0.0}, {""actual_arrival_month"": ""2037-03"", ""actual_delivery_share"": 1.0, ""availability_share"": 1.0, ""feasible_t"": 2.0833333333333335, ""gross_delivery_t"": 2.0833333333333335, ""order_month"": ""2036-11"", ""planned_arrival_month"": ""2037-03"", ""requested_t"": 2.0833333333333335, ""shipment_id"": ""S0095"", ""source_id"": ""B"", ""source_name"": ""Earth-Flex"", ""unfulfilled_request_t"": 0.0}, {""actual_arrival_month"": ""2037-04"", ""actual_delivery_share"": 1.0, ""availability_share"": 1.0, ""feasible_t"": 2.0833333333333335, ""gross_delivery_t"": 2.0833333333333335, ""order_month"": ""2036-12"", ""planned_arrival_month"": ""2037-04"", ""requested_t"": 2.0833333333333335, ""shipment_id"": ""S0096"", ""source_id"": ""B"", ""source_name"": ""Earth-Flex"", ""unfulfilled_request_t"": 0.0}, {""actual_arrival_month"": ""2037-01"", ""actual_delivery_share"": 1.0, ""availability_share"": 1.0, ""feasible_t"": 2.9166666666666665, ""gross_delivery_t"": 2.9166666666666665, ""order_month"": ""2036-11"", ""planned_arrival_month"": ""2037-01"", ""requested_t"": 2.9166666666666665, ""shipment_id"": ""S0155"", ""source_id"": ""E"", ""source_name"": ""Emergency"", ""unfulfilled_request_t"": 0.0}, {""actual_arrival_month"": ""2037-02"", ""actual_delivery_share"": 1.0, ""availability_share"": 1.0, ""feasible_t"": 2.9166666666666665, ""gross_delivery_t"": 2.9166666666666665, ""order_month"": ""2036-12"", ""planned_arrival_month"": ""2037-02"", ""requested_t"": 2.9166666666666665, ""shipment_id"": ""S0156"", ""source_id"": ""E"", ""source_name"": ""Emergency"", ""unfulfilled_request_t"": 0.0}]","{""A"": 7.5, ""B"": 2.0833333333333335, ""E"": 2.9166666666666665}","{""A"": 7.5, ""B"": 2.0833333333333335, ""E"": 2.9166666666666665}",12.5,0.15,12.35,12.35,0.0,17.67666666666667,8.75,2.916666666666666,0.0,0.0,6.010000000000003,ZBO,120.0,0.012,"[""ZBO""]",0.34010000000000024,1.0,[]
2037-01,6.010000000000003,15.833333333333334,11.25,"{""A"": 130.0, ""B"": 50.0, ""C"": 0, ""D"": 0, ""E"": 50.0}","{""A"": 10.0, ""B"": 2.5, ""E"": 4.166666666666667}","[{""actual_arrival_month"": ""2037-02"", ""actual_delivery_share"": 1.0, ""availability_share"": 1.0, ""feasible_t"": 8.333333333333334, ""gross_delivery_t"": 8.333333333333334, ""order_month"": ""2036-02"", ""planned_arrival_month"": ""2037-02"", ""requested_t"": 8.333333333333334, ""shipment_id"": ""S0014"", ""source_id"": ""A"", ""source_name"": ""Earth-Core"", ""unfulfilled_request_t"": 0.0}, {""actual_arrival_month"": ""2037-03"", ""actual_delivery_share"": 1.0, ""availability_share"": 1.0, ""feasible_t"": 8.333333333333334, ""gross_delivery_t"": 8.333333333333334, ""order_month"": ""2036-03"", ""planned_arrival_month"": ""2037-03"", ""requested_t"": 8.333333333333334, ""shipment_id"": ""S0015"", ""source_id"": ""A"", ""source_name"": ""Earth-Core"", ""unfulfilled_request_t"": 0.0}, {""actual_arrival_month"": ""2037-04"", ""actual_delivery_share"": 1.0, ""availability_share"": 1.0, ""feasible_t"": 8.333333333333334, ""gross_delivery_t"": 8.333333333333334, ""order_month"": ""2036-04"", ""planned_arrival_month"": ""2037-04"", ""requested_t"": 8.333333333333334, ""shipment_id"": ""S0016"", ""source_id"": ""A"", ""source_name"": ""Earth-Core"", ""unfulfilled_request_t"": 0.0}, {""actual_arrival_month"": ""2037-05"", ""actual_delivery_share"": 1.0, ""availability_share"": 1.0, ""feasible_t"": 8.333333333333334, ""gross_delivery_t"": 8.333333333333334, ""order_month"": ""2036-05"", ""planned_arrival_month"": ""2037-05"", ""requested_t"": 8.333333333333334, ""shipment_id"": ""S0017"", ""source_id"": ""A"", ""source_name"": ""Earth-Core"", ""unfulfilled_request_t"": 0.0}, {""actual_arrival_month"": ""2037-06"", ""actual_delivery_share"": 1.0, ""availability_share"": 1.0, ""feasible_t"": 8.333333333333334, ""gross_delivery_t"": 8.333333333333334, ""order_month"": ""2036-06"", ""planned_arrival_month"": ""2037-06"", ""requested_t"": 8.333333333333334, ""shipment_id"": ""S0018"", ""source_id"": ""A"", ""source_name"": ""Earth-Core"", ""unfulfilled_request_t"": 0.0}, {""actual_arrival_month"": ""2037-07"", ""actual_delivery_share"": 1.0, ""availability_share"": 1.0, ""feasible_t"": 8.333333333333334, ""gross_delivery_t"": 8.333333333333334, ""order_month"": ""2036-07"", ""planned_arrival_month"": ""2037-07"", ""requested_t"": 8.333333333333334, ""shipment_id"": ""S0019"", ""source_id"": ""A"", ""source_name"": ""Earth-Core"", ""unfulfilled_request_t"": 0.0}, {""actual_arrival_month"": ""2037-08"", ""actual_delivery_share"": 1.0, ""availability_share"": 1.0, ""feasible_t"": 8.333333333333334, ""gross_delivery_t"": 8.333333333333334, ""order_month"": ""2036-08"", ""planned_arrival_month"": ""2037-08"", ""requested_t"": 8.333333333333334, ""shipment_id"": ""S0020"", ""source_id"": ""A"", ""source_name"": ""Earth-Core"", ""unfulfilled_request_t"": 0.0}, {""actual_arrival_month"": ""2037-09"", ""actual_delivery_share"": 1.0, ""availability_share"": 1.0, ""feasible_t"": 8.333333333333334, ""gross_delivery_t"": 8.333333333333334, ""order_month"": ""2036-09"", ""planned_arrival_month"": ""2037-09"", ""requested_t"": 8.333333333333334, ""shipment_id"": ""S0021"", ""source_id"": ""A"", ""source_name"": ""Earth-Core"", ""unfulfilled_request_t"": 0.0}, {""actual_arrival_month"": ""2037-10"", ""actual_delivery_share"": 1.0, ""availability_share"": 1.0, ""feasible_t"": 8.333333333333334, ""gross_delivery_t"": 8.333333333333334, ""order_month"": ""2036-10"", ""planned_arrival_month"": ""2037-10"", ""requested_t"": 8.333333333333334, ""shipment_id"": ""S0022"", ""source_id"": ""A"", ""source_name"": ""Earth-Core"", ""unfulfilled_request_t"": 0.0}, {""actual_arrival_month"": ""2037-11"", ""actual_delivery_share"": 1.0, ""availability_share"": 1.0, ""feasible_t"": 8.333333333333334, ""gross_delivery_t"": 8.333333333333334, ""order_month"": ""2036-11"", ""planned_arrival_month"": ""2037-11"", ""requested_t"": 8.333333333333334, ""shipment_id"": ""S0023"", ""source_id"": ""A"", ""source_name"": ""Earth-Core"", ""unfulfilled_request_t"": 0.0}, {""actual_arrival_month"": ""2037-12"", ""actual_delivery_share"": 1.0, ""availability_share"": 1.0, ""feasible_t"": 8.333333333333334, ""gross_delivery_t"": 8.333333333333334, ""order_month"": ""2036-12"", ""planned_arrival_month"": ""2037-12"", ""requested_t"": 8.333333333333334, ""shipment_id"": ""S0024"", ""source_id"": ""A"", ""source_name"": ""Earth-Core"", ""unfulfilled_request_t"": 0.0}, {""actual_arrival_month"": ""2038-01"", ""actual_delivery_share"": 1.0, ""availability_share"": 1.0, ""feasible_t"": 10.0, ""gross_delivery_t"": 10.0, ""order_month"": ""2037-01"", ""planned_arrival_month"": ""2038-01"", ""requested_t"": 10.0, ""shipment_id"": ""S0025"", ""source_id"": ""A"", ""source_name"": ""Earth-Core"", ""unfulfilled_request_t"": 0.0}, {""actual_arrival_month"": ""2037-02"", ""actual_delivery_share"": 1.0, ""availability_share"": 1.0, ""feasible_t"": 2.0833333333333335, ""gross_delivery_t"": 2.0833333333333335, ""order_month"": ""2036-10"", ""planned_arrival_month"": ""2037-02"", ""requested_t"": 2.0833333333333335, ""shipment_id"": ""S0094"", ""source_id"": ""B"", ""source_name"": ""Earth-Flex"", ""unfulfilled_request_t"": 0.0}, {""actual_arrival_month"": ""2037-03"", ""actual_delivery_share"": 1.0, ""availability_share"": 1.0, ""feasible_t"": 2.0833333333333335, ""gross_delivery_t"": 2.0833333333333335, ""order_month"": ""2036-11"", ""planned_arrival_month"": ""2037-03"", ""requested_t"": 2.0833333333333335, ""shipment_id"": ""S0095"", ""source_id"": ""B"", ""source_name"": ""Earth-Flex"", ""unfulfilled_request_t"": 0.0}, {""actual_arrival_month"": ""2037-04"", ""actual_delivery_share"": 1.0, ""availability_share"": 1.0, ""feasible_t"": 2.0833333333333335, ""gross_delivery_t"": 2.0833333333333335, ""order_month"": ""2036-12"", ""planned_arrival_month"": ""2037-04"", ""requested_t"": 2.0833333333333335, ""shipment_id"": ""S0096"", ""source_id"": ""B"", ""source_name"": ""Earth-Flex"", ""unfulfilled_request_t"": 0.0}, {""actual_arrival_month"": ""2037-05"", ""actual_delivery_share"": 1.0, ""availability_share"": 1.0, ""feasible_t"": 2.5, ""gross_delivery_t"": 2.5, ""order_month"": ""2037-01"", ""planned_arrival_month"": ""2037-05"", ""requested_t"": 2.5, ""shipment_id"": ""S0097"", ""source_id"": ""B"", ""source_name"": ""Earth-Flex"", ""unfulfilled_request_t"": 0.0}, {""actual_arrival_month"": ""2037-02"", ""actual_delivery_share"": 1.0, ""availability_share"": 1.0, ""feasible_t"": 2.9166666666666665, ""gross_delivery_t"": 2.9166666666666665, ""order_month"": ""2036-12"", ""planned_arrival_month"": ""2037-02"", ""requested_t"": 2.9166666666666665, ""shipment_id"": ""S0156"", ""source_id"": ""E"", ""source_name"": ""Emergency"", ""unfulfilled_request_t"": 0.0}, {""actual_arrival_month"": ""2037-03"", ""actual_delivery_share"": 1.0, ""availability_share"": 1.0, ""feasible_t"": 4.166666666666667, ""gross_delivery_t"": 4.166666666666667, ""order_month"": ""2037-01"", ""planned_arrival_month"": ""2037-03"", ""requested_t"": 4.166666666666667, ""shipment_id"": ""S0157"", ""source_id"": ""E"", ""source_name"": ""Emergency"", ""unfulfilled_request_t"": 0.0}]","{""A"": 8.333333333333334, ""B"": 2.0833333333333335, ""E"": 2.9166666666666665}","{""A"": 8.333333333333334, ""B"": 2.0833333333333335, ""E"": 2.9166666666666665}",13.333333333333334,0.16,13.173333333333334,13.173333333333334,0.0,19.183333333333337,11.25,4.583333333333334,0.0,0.0,3.350000000000003,ZBO,120.0,0.012,"[""ZBO""]",0.2808000000000002,1.0,"[""RESERVE_45D""]"
2037-02,3.350000000000003,15.833333333333334,11.25,"{""A"": 130.0, ""B"": 50.0, ""C"": 0, ""D"": 0, ""E"": 50.0}","{""A"": 10.0, ""B"": 2.5, ""E"": 4.166666666666667}","[{""actual_arrival_month"": ""2037-03"", ""actual_delivery_share"": 1.0, ""availability_share"": 1.0, ""feasible_t"": 8.333333333333334, ""gross_delivery_t"": 8.333333333333334, ""order_month"": ""2036-03"", ""planned_arrival_month"": ""2037-03"", ""requested_t"": 8.333333333333334, ""shipment_id"": ""S0015"", ""source_id"": ""A"", ""source_name"": ""Earth-Core"", ""unfulfilled_request_t"": 0.0}, {""actual_arrival_month"": ""2037-04"", ""actual_delivery_share"": 1.0, ""availability_share"": 1.0, ""feasible_t"": 8.333333333333334, ""gross_delivery_t"": 8.333333333333334, ""order_month"": ""2036-04"", ""planned_arrival_month"": ""2037-04"", ""requested_t"": 8.333333333333334, ""shipment_id"": ""S0016"", ""source_id"": ""A"", ""source_name"": ""Earth-Core"", ""unfulfilled_request_t"": 0.0}, {""actual_arrival_month"": ""2037-05"", ""actual_delivery_share"": 1.0, ""availability_share"": 1.0, ""feasible_t"": 8.333333333333334, ""gross_delivery_t"": 8.333333333333334, ""order_month"": ""2036-05"", ""planned_arrival_month"": ""2037-05"", ""requested_t"": 8.333333333333334, ""shipment_id"": ""S0017"", ""source_id"": ""A"", ""source_name"": ""Earth-Core"", ""unfulfilled_request_t"": 0.0}, {""actual_arrival_month"": ""2037-06"", ""actual_delivery_share"": 1.0, ""availability_share"": 1.0, ""feasible_t"": 8.333333333333334, ""gross_delivery_t"": 8.333333333333334, ""order_month"": ""2036-06"", ""planned_arrival_month"": ""2037-06"", ""requested_t"": 8.333333333333334, ""shipment_id"": ""S0018"", ""source_id"": ""A"", ""source_name"": ""Earth-Core"", ""unfulfilled_request_t"": 0.0}, {""actual_arrival_month"": ""2037-07"", ""actual_delivery_share"": 1.0, ""availability_share"": 1.0, ""feasible_t"": 8.333333333333334, ""gross_delivery_t"": 8.333333333333334, ""order_month"": ""2036-07"", ""planned_arrival_month"": ""2037-07"", ""requested_t"": 8.333333333333334, ""shipment_id"": ""S0019"", ""source_id"": ""A"", ""source_name"": ""Earth-Core"", ""unfulfilled_request_t"": 0.0}, {""actual_arrival_month"": ""2037-08"", ""actual_delivery_share"": 1.0, ""availability_share"": 1.0, ""feasible_t"": 8.333333333333334, ""gross_delivery_t"": 8.333333333333334, ""order_month"": ""2036-08"", ""planned_arrival_month"": ""2037-08"", ""requested_t"": 8.333333333333334, ""shipment_id"": ""S0020"", ""source_id"": ""A"", ""source_name"": ""Earth-Core"", ""unfulfilled_request_t"": 0.0}, {""actual_arrival_month"": ""2037-09"", ""actual_delivery_share"": 1.0, ""availability_share"": 1.0, ""feasible_t"": 8.333333333333334, ""gross_delivery_t"": 8.333333333333334, ""order_month"": ""2036-09"", ""planned_arrival_month"": ""2037-09"", ""requested_t"": 8.333333333333334, ""shipment_id"": ""S0021"", ""source_id"": ""A"", ""source_name"": ""Earth-Core"", ""unfulfilled_request_t"": 0.0}, {""actual_arrival_month"": ""2037-10"", ""actual_delivery_share"": 1.0, ""availability_share"": 1.0, ""feasible_t"": 8.333333333333334, ""gross_delivery_t"": 8.333333333333334, ""order_month"": ""2036-10"", ""planned_arrival_month"": ""2037-10"", ""requested_t"": 8.333333333333334, ""shipment_id"": ""S0022"", ""source_id"": ""A"", ""source_name"": ""Earth-Core"", ""unfulfilled_request_t"": 0.0}, {""actual_arrival_month"": ""2037-11"", ""actual_delivery_share"": 1.0, ""availability_share"": 1.0, ""feasible_t"": 8.333333333333334, ""gross_delivery_t"": 8.333333333333334, ""order_month"": ""2036-11"", ""planned_arrival_month"": ""2037-11"", ""requested_t"": 8.333333333333334, ""shipment_id"": ""S0023"", ""source_id"": ""A"", ""source_name"": ""Earth-Core"", ""unfulfilled_request_t"": 0.0}, {""actual_arrival_month"": ""2037-12"", ""actual_delivery_share"": 1.0, ""availability_share"": 1.0, ""feasible_t"": 8.333333333333334, ""gross_delivery_t"": 8.333333333333334, ""order_month"": ""2036-12"", ""planned_arrival_month"": ""2037-12"", ""requested_t"": 8.333333333333334, ""shipment_id"": ""S0024"", ""source_id"": ""A"", ""source_name"": ""Earth-Core"", ""unfulfilled_request_t"": 0.0}, {""actual_arrival_month"": ""2038-01"", ""actual_delivery_share"": 1.0, ""availability_share"": 1.0, ""feasible_t"": 10.0, ""gross_delivery_t"": 10.0, ""order_month"": ""2037-01"", ""planned_arrival_month"": ""2038-01"", ""requested_t"": 10.0, ""shipment_id"": ""S0025"", ""source_id"": ""A"", ""source_name"": ""Earth-Core"", ""unfulfilled_request_t"": 0.0}, {""actual_arrival_month"": ""2038-02"", ""actual_delivery_share"": 1.0, ""availability_share"": 1.0, ""feasible_t"": 10.0, ""gross_delivery_t"": 10.0, ""order_month"": ""2037-02"", ""planned_arrival_month"": ""2038-02"", ""requested_t"": 10.0, ""shipment_id"": ""S0026"", ""source_id"": ""A"", ""source_name"": ""Earth-Core"", ""unfulfilled_request_t"": 0.0}, {""actual_arrival_month"": ""2037-03"", ""actual_delivery_share"": 1.0, ""availability_share"": 1.0, ""feasible_t"": 2.0833333333333335, ""gross_delivery_t"": 2.0833333333333335, ""order_month"": ""2036-11"", ""planned_arrival_month"": ""2037-03"", ""requested_t"": 2.0833333333333335, ""shipment_id"": ""S0095"", ""source_id"": ""B"", ""source_name"": ""Earth-Flex"", ""unfulfilled_request_t"": 0.0}, {""actual_arrival_month"": ""2037-04"", ""actual_delivery_share"": 1.0, ""availability_share"": 1.0, ""feasible_t"": 2.0833333333333335, ""gross_delivery_t"": 2.0833333333333335, ""order_month"": ""2036-12"", ""planned_arrival_month"": ""2037-04"", ""requested_t"": 2.0833333333333335, ""shipment_id"": ""S0096"", ""source_id"": ""B"", ""source_name"": ""Earth-Flex"", ""unfulfilled_request_t"": 0.0}, {""actual_arrival_month"": ""2037-05"", ""actual_delivery_share"": 1.0, ""availability_share"": 1.0, ""feasible_t"": 2.5, ""gross_delivery_t"": 2.5, ""order_month"": ""2037-01"", ""planned_arrival_month"": ""2037-05"", ""requested_t"": 2.5, ""shipment_id"": ""S0097"", ""source_id"": ""B"", ""source_name"": ""Earth-Flex"", ""unfulfilled_request_t"": 0.0}, {""actual_arrival_month"": ""2037-06"", ""actual_delivery_share"": 1.0, ""availability_share"": 1.0, ""feasible_t"": 2.5, ""gross_delivery_t"": 2.5, ""order_month"": ""2037-02"", ""planned_arrival_month"": ""2037-06"", ""requested_t"": 2.5, ""shipment_id"": ""S0098"", ""source_id"": ""B"", ""source_name"": ""Earth-Flex"", ""unfulfilled_request_t"": 0.0}, {""actual_arrival_month"": ""2037-03"", ""actual_delivery_share"": 1.0, ""availability_share"": 1.0, ""feasible_t"": 4.166666666666667, ""gross_delivery_t"": 4.166666666666667, ""order_month"": ""2037-01"", ""planned_arrival_month"": ""2037-03"", ""requested_t"": 4.166666666666667, ""shipment_id"": ""S0157"", ""source_id"": ""E"", ""source_name"": ""Emergency"", ""unfulfilled_request_t"": 0.0}, {""actual_arrival_month"": ""2037-04"", ""actual_delivery_share"": 1.0, ""availability_share"": 1.0, ""feasible_t"": 4.166666666666667, ""gross_delivery_t"": 4.166666666666667, ""order_month"": ""2037-02"", ""planned_arrival_month"": ""2037-04"", ""requested_t"": 4.166666666666667, ""shipment_id"": ""S0158"", ""source_id"": ""E"", ""source_name"": ""Emergency"", ""unfulfilled_request_t"": 0.0}]","{""A"": 8.333333333333334, ""B"": 2.0833333333333335, ""E"": 2.9166666666666665}","{""A"": 8.333333333333334, ""B"": 2.0833333333333335, ""E"": 2.9166666666666665}",13.333333333333334,0.16,13.173333333333334,13.173333333333334,0.0,16.523333333333337,11.25,4.583333333333334,0.0,0.0,0.690000000000003,ZBO,120.0,0.012,"[""ZBO""]",0.12120000000000018,1.0,[]
2037-03,0.690000000000003,15.833333333333334,11.25,"{""A"": 130.0, ""B"": 50.0, ""C"": 0, ""D"": 0, ""E"": 50.0}","{""A"": 10.0, ""B"": 2.5, ""E"": 4.166666666666667}","[{""actual_arrival_month"": ""2037-04"", ""actual_delivery_share"": 1.0, ""availability_share"": 1.0, ""feasible_t"": 8.333333333333334, ""gross_delivery_t"": 8.333333333333334, ""order_month"": ""2036-04"", ""planned_arrival_month"": ""2037-04"", ""requested_t"": 8.333333333333334, ""shipment_id"": ""S0016"", ""source_id"": ""A"", ""source_name"": ""Earth-Core"", ""unfulfilled_request_t"": 0.0}, {""actual_arrival_month"": ""2037-05"", ""actual_delivery_share"": 1.0, ""availability_share"": 1.0, ""feasible_t"": 8.333333333333334, ""gross_delivery_t"": 8.333333333333334, ""order_month"": ""2036-05"", ""planned_arrival_month"": ""2037-05"", ""requested_t"": 8.333333333333334, ""shipment_id"": ""S0017"", ""source_id"": ""A"", ""source_name"": ""Earth-Core"", ""unfulfilled_request_t"": 0.0}, {""actual_arrival_month"": ""2037-06"", ""actual_delivery_share"": 1.0, ""availability_share"": 1.0, ""feasible_t"": 8.333333333333334, ""gross_delivery_t"": 8.333333333333334, ""order_month"": ""2036-06"", ""planned_arrival_month"": ""2037-06"", ""requested_t"": 8.333333333333334, ""shipment_id"": ""S0018"", ""source_id"": ""A"", ""source_name"": ""Earth-Core"", ""unfulfilled_request_t"": 0.0}, {""actual_arrival_month"": ""2037-07"", ""actual_delivery_share"": 1.0, ""availability_share"": 1.0, ""feasible_t"": 8.333333333333334, ""gross_delivery_t"": 8.333333333333334, ""order_month"": ""2036-07"", ""planned_arrival_month"": ""2037-07"", ""requested_t"": 8.333333333333334, ""shipment_id"": ""S0019"", ""source_id"": ""A"", ""source_name"": ""Earth-Core"", ""unfulfilled_request_t"": 0.0}, {""actual_arrival_month"": ""2037-08"", ""actual_delivery_share"": 1.0, ""availability_share"": 1.0, ""feasible_t"": 8.333333333333334, ""gross_delivery_t"": 8.333333333333334, ""order_month"": ""2036-08"", ""planned_arrival_month"": ""2037-08"", ""requested_t"": 8.333333333333334, ""shipment_id"": ""S0020"", ""source_id"": ""A"", ""source_name"": ""Earth-Core"", ""unfulfilled_request_t"": 0.0}, {""actual_arrival_month"": ""2037-09"", ""actual_delivery_share"": 1.0, ""availability_share"": 1.0, ""feasible_t"": 8.333333333333334, ""gross_delivery_t"": 8.333333333333334, ""order_month"": ""2036-09"", ""planned_arrival_month"": ""2037-09"", ""requested_t"": 8.333333333333334, ""shipment_id"": ""S0021"", ""source_id"": ""A"", ""source_name"": ""Earth-Core"", ""unfulfilled_request_t"": 0.0}, {""actual_arrival_month"": ""2037-10"", ""actual_delivery_share"": 1.0, ""availability_share"": 1.0, ""feasible_t"": 8.333333333333334, ""gross_delivery_t"": 8.333333333333334, ""order_month"": ""2036-10"", ""planned_arrival_month"": ""2037-10"", ""requested_t"": 8.333333333333334, ""shipment_id"": ""S0022"", ""source_id"": ""A"", ""source_name"": ""Earth-Core"", ""unfulfilled_request_t"": 0.0}, {""actual_arrival_month"": ""2037-11"", ""actual_delivery_share"": 1.0, ""availability_share"": 1.0, ""feasible_t"": 8.333333333333334, ""gross_delivery_t"": 8.333333333333334, ""order_month"": ""2036-11"", ""planned_arrival_month"": ""2037-11"", ""requested_t"": 8.333333333333334, ""shipment_id"": ""S0023"", ""source_id"": ""A"", ""source_name"": ""Earth-Core"", ""unfulfilled_request_t"": 0.0}, {""actual_arrival_month"": ""2037-12"", ""actual_delivery_share"": 1.0, ""availability_share"": 1.0, ""feasible_t"": 8.333333333333334, ""gross_delivery_t"": 8.333333333333334, ""order_month"": ""2036-12"", ""planned_arrival_month"": ""2037-12"", ""requested_t"": 8.333333333333334, ""shipment_id"": ""S0024"", ""source_id"": ""A"", ""source_name"": ""Earth-Core"", ""unfulfilled_request_t"": 0.0}, {""actual_arrival_month"": ""2038-01"", ""actual_delivery_share"": 1.0, ""availability_share"": 1.0, ""feasible_t"": 10.0, ""gross_delivery_t"": 10.0, ""order_month"": ""2037-01"", ""planned_arrival_month"": ""2038-01"", ""requested_t"": 10.0, ""shipment_id"": ""S0025"", ""source_id"": ""A"", ""source_name"": ""Earth-Core"", ""unfulfilled_request_t"": 0.0}, {""actual_arrival_month"": ""2038-02"", ""actual_delivery_share"": 1.0, ""availability_share"": 1.0, ""feasible_t"": 10.0, ""gross_delivery_t"": 10.0, ""order_month"": ""2037-02"", ""planned_arrival_month"": ""2038-02"", ""requested_t"": 10.0, ""shipment_id"": ""S0026"", ""source_id"": ""A"", ""source_name"": ""Earth-Core"", ""unfulfilled_request_t"": 0.0}, {""actual_arrival_month"": ""2038-03"", ""actual_delivery_share"": 1.0, ""availability_share"": 1.0, ""feasible_t"": 10.0, ""gross_delivery_t"": 10.0, ""order_month"": ""2037-03"", ""planned_arrival_month"": ""2038-03"", ""requested_t"": 10.0, ""shipment_id"": ""S0027"", ""source_id"": ""A"", ""source_name"": ""Earth-Core"", ""unfulfilled_request_t"": 0.0}, {""actual_arrival_month"": ""2037-04"", ""actual_delivery_share"": 1.0, ""availability_share"": 1.0, ""feasible_t"": 2.0833333333333335, ""gross_delivery_t"": 2.0833333333333335, ""order_month"": ""2036-12"", ""planned_arrival_month"": ""2037-04"", ""requested_t"": 2.0833333333333335, ""shipment_id"": ""S0096"", ""source_id"": ""B"", ""source_name"": ""Earth-Flex"", ""unfulfilled_request_t"": 0.0}, {""actual_arrival_month"": ""2037-05"", ""actual_delivery_share"": 1.0, ""availability_share"": 1.0, ""feasible_t"": 2.5, ""gross_delivery_t"": 2.5, ""order_month"": ""2037-01"", ""planned_arrival_month"": ""2037-05"", ""requested_t"": 2.5, ""shipment_id"": ""S0097"", ""source_id"": ""B"", ""source_name"": ""Earth-Flex"", ""unfulfilled_request_t"": 0.0}, {""actual_arrival_month"": ""2037-06"", ""actual_delivery_share"": 1.0, ""availability_share"": 1.0, ""feasible_t"": 2.5, ""gross_delivery_t"": 2.5, ""order_month"": ""2037-02"", ""planned_arrival_month"": ""2037-06"", ""requested_t"": 2.5, ""shipment_id"": ""S0098"", ""source_id"": ""B"", ""source_name"": ""Earth-Flex"", ""unfulfilled_request_t"": 0.0}, {""actual_arrival_month"": ""2037-07"", ""actual_delivery_share"": 1.0, ""availability_share"": 1.0, ""feasible_t"": 2.5, ""gross_delivery_t"": 2.5, ""order_month"": ""2037-03"", ""planned_arrival_month"": ""2037-07"", ""requested_t"": 2.5, ""shipment_id"": ""S0099"", ""source_id"": ""B"", ""source_name"": ""Earth-Flex"", ""unfulfilled_request_t"": 0.0}, {""actual_arrival_month"": ""2037-04"", ""actual_delivery_share"": 1.0, ""availability_share"": 1.0, ""feasible_t"": 4.166666666666667, ""gross_delivery_t"": 4.166666666666667, ""order_month"": ""2037-02"", ""planned_arrival_month"": ""2037-04"", ""requested_t"": 4.166666666666667, ""shipment_id"": ""S0158"", ""source_id"": ""E"", ""source_name"": ""Emergency"", ""unfulfilled_request_t"": 0.0}, {""actual_arrival_month"": ""2037-05"", ""actual_delivery_share"": 1.0, ""availability_share"": 1.0, ""feasible_t"": 4.166666666666667, ""gross_delivery_t"": 4.166666666666667, ""order_month"": ""2037-03"", ""planned_arrival_month"": ""2037-05"", ""requested_t"": 4.166666666666667, ""shipment_id"": ""S0159"", ""source_id"": ""E"", ""source_name"": ""Emergency"", ""unfulfilled_request_t"": 0.0}]","{""A"": 8.333333333333334, ""B"": 2.0833333333333335, ""E"": 4.166666666666667}","{""A"": 8.333333333333334, ""B"": 2.0833333333333335, ""E"": 4.166666666666667}",14.583333333333336,0.17500000000000004,14.408333333333335,14.408333333333335,0.0,15.098333333333338,11.25,3.848333333333338,0.0,0.7349999999999959,0.0,ZBO,120.0,0.012,"[""ZBO""]",0.02070000000000009,1.0,[]
2037-04,0.0,15.833333333333334,11.25,"{""A"": 130.0, ""B"": 50.0, ""C"": 0, ""D"": 0, ""E"": 50.0}","{""A"": 10.0, ""B"": 2.5, ""E"": 4.166666666666667}","[{""actual_arrival_month"": ""2037-05"", ""actual_delivery_share"": 1.0, ""availability_share"": 1.0, ""feasible_t"": 8.333333333333334, ""gross_delivery_t"": 8.333333333333334, ""order_month"": ""2036-05"", ""planned_arrival_month"": ""2037-05"", ""requested_t"": 8.333333333333334, ""shipment_id"": ""S0017"", ""source_id"": ""A"", ""source_name"": ""Earth-Core"", ""unfulfilled_request_t"": 0.0}, {""actual_arrival_month"": ""2037-06"", ""actual_delivery_share"": 1.0, ""availability_share"": 1.0, ""feasible_t"": 8.333333333333334, ""gross_delivery_t"": 8.333333333333334, ""order_month"": ""2036-06"", ""planned_arrival_month"": ""2037-06"", ""requested_t"": 8.333333333333334, ""shipment_id"": ""S0018"", ""source_id"": ""A"", ""source_name"": ""Earth-Core"", ""unfulfilled_request_t"": 0.0}, {""actual_arrival_month"": ""2037-07"", ""actual_delivery_share"": 1.0, ""availability_share"": 1.0, ""feasible_t"": 8.333333333333334, ""gross_delivery_t"": 8.333333333333334, ""order_month"": ""2036-07"", ""planned_arrival_month"": ""2037-07"", ""requested_t"": 8.333333333333334, ""shipment_id"": ""S0019"", ""source_id"": ""A"", ""source_name"": ""Earth-Core"", ""unfulfilled_request_t"": 0.0}, {""actual_arrival_month"": ""2037-08"", ""actual_delivery_share"": 1.0, ""availability_share"": 1.0, ""feasible_t"": 8.333333333333334, ""gross_delivery_t"": 8.333333333333334, ""order_month"": ""2036-08"", ""planned_arrival_month"": ""2037-08"", ""requested_t"": 8.333333333333334, ""shipment_id"": ""S0020"", ""source_id"": ""A"", ""source_name"": ""Earth-Core"", ""unfulfilled_request_t"": 0.0}, {""actual_arrival_month"": ""2037-09"", ""actual_delivery_share"": 1.0, ""availability_share"": 1.0, ""feasible_t"": 8.333333333333334, ""gross_delivery_t"": 8.333333333333334, ""order_month"": ""2036-09"", ""planned_arrival_month"": ""2037-09"", ""requested_t"": 8.333333333333334, ""shipment_id"": ""S0021"", ""source_id"": ""A"", ""source_name"": ""Earth-Core"", ""unfulfilled_request_t"": 0.0}, {""actual_arrival_month"": ""2037-10"", ""actual_delivery_share"": 1.0, ""availability_share"": 1.0, ""feasible_t"": 8.333333333333334, ""gross_delivery_t"": 8.333333333333334, ""order_month"": ""2036-10"", ""planned_arrival_month"": ""2037-10"", ""requested_t"": 8.333333333333334, ""shipment_id"": ""S0022"", ""source_id"": ""A"", ""source_name"": ""Earth-Core"", ""unfulfilled_request_t"": 0.0}, {""actual_arrival_month"": ""2037-11"", ""actual_delivery_share"": 1.0, ""availability_share"": 1.0, ""feasible_t"": 8.333333333333334, ""gross_delivery_t"": 8.333333333333334, ""order_month"": ""2036-11"", ""planned_arrival_month"": ""2037-11"", ""requested_t"": 8.333333333333334, ""shipment_id"": ""S0023"", ""source_id"": ""A"", ""source_name"": ""Earth-Core"", ""unfulfilled_request_t"": 0.0}, {""actual_arrival_month"": ""2037-12"", ""actual_delivery_share"": 1.0, ""availability_share"": 1.0, ""feasible_t"": 8.333333333333334, ""gross_delivery_t"": 8.333333333333334, ""order_month"": ""2036-12"", ""planned_arrival_month"": ""2037-12"", ""requested_t"": 8.333333333333334, ""shipment_id"": ""S0024"", ""source_id"": ""A"", ""source_name"": ""Earth-Core"", ""unfulfilled_request_t"": 0.0}, {""actual_arrival_month"": ""2038-01"", ""actual_delivery_share"": 1.0, ""availability_share"": 1.0, ""feasible_t"": 10.0, ""gross_delivery_t"": 10.0, ""order_month"": ""2037-01"", ""planned_arrival_month"": ""2038-01"", ""requested_t"": 10.0, ""shipment_id"": ""S0025"", ""source_id"": ""A"", ""source_name"": ""Earth-Core"", ""unfulfilled_request_t"": 0.0}, {""actual_arrival_month"": ""2038-02"", ""actual_delivery_share"": 1.0, ""availability_share"": 1.0, ""feasible_t"": 10.0, ""gross_delivery_t"": 10.0, ""order_month"": ""2037-02"", ""planned_arrival_month"": ""2038-02"", ""requested_t"": 10.0, ""shipment_id"": ""S0026"", ""source_id"": ""A"", ""source_name"": ""Earth-Core"", ""unfulfilled_request_t"": 0.0}, {""actual_arrival_month"": ""2038-03"", ""actual_delivery_share"": 1.0, ""availability_share"": 1.0, ""feasible_t"": 10.0, ""gross_delivery_t"": 10.0, ""order_month"": ""2037-03"", ""planned_arrival_month"": ""2038-03"", ""requested_t"": 10.0, ""shipment_id"": ""S0027"", ""source_id"": ""A"", ""source_name"": ""Earth-Core"", ""unfulfilled_request_t"": 0.0}, {""actual_arrival_month"": ""2038-04"", ""actual_delivery_share"": 1.0, ""availability_share"": 1.0, ""feasible_t"": 10.0, ""gross_delivery_t"": 10.0, ""order_month"": ""2037-04"", ""planned_arrival_month"": ""2038-04"", ""requested_t"": 10.0, ""shipment_id"": ""S0028"", ""source_id"": ""A"", ""source_name"": ""Earth-Core"", ""unfulfilled_request_t"": 0.0}, {""actual_arrival_month"": ""2037-05"", ""actual_delivery_share"": 1.0, ""availability_share"": 1.0, ""feasible_t"": 2.5, ""gross_delivery_t"": 2.5, ""order_month"": ""2037-01"", ""planned_arrival_month"": ""2037-05"", ""requested_t"": 2.5, ""shipment_id"": ""S0097"", ""source_id"": ""B"", ""source_name"": ""Earth-Flex"", ""unfulfilled_request_t"": 0.0}, {""actual_arrival_month"": ""2037-06"", ""actual_delivery_share"": 1.0, ""availability_share"": 1.0, ""feasible_t"": 2.5, ""gross_delivery_t"": 2.5, ""order_month"": ""2037-02"", ""planned_arrival_month"": ""2037-06"", ""requested_t"": 2.5, ""shipment_id"": ""S0098"", ""source_id"": ""B"", ""source_name"": ""Earth-Flex"", ""unfulfilled_request_t"": 0.0}, {""actual_arrival_month"": ""2037-07"", ""actual_delivery_share"": 1.0, ""availability_share"": 1.0, ""feasible_t"": 2.5, ""gross_delivery_t"": 2.5, ""order_month"": ""2037-03"", ""planned_arrival_month"": ""2037-07"", ""requested_t"": 2.5, ""shipment_id"": ""S0099"", ""source_id"": ""B"", ""source_name"": ""Earth-Flex"", ""unfulfilled_request_t"": 0.0}, {""actual_arrival_month"": ""2037-08"", ""actual_delivery_share"": 1.0, ""availability_share"": 1.0, ""feasible_t"": 2.5, ""gross_delivery_t"": 2.5, ""order_month"": ""2037-04"", ""planned_arrival_month"": ""2037-08"", ""requested_t"": 2.5, ""shipment_id"": ""S0100"", ""source_id"": ""B"", ""source_name"": ""Earth-Flex"", ""unfulfilled_request_t"": 0.0}, {""actual_arrival_month"": ""2037-05"", ""actual_delivery_share"": 1.0, ""availability_share"": 1.0, ""feasible_t"": 4.166666666666667, ""gross_delivery_t"": 4.166666666666667, ""order_month"": ""2037-03"", ""planned_arrival_month"": ""2037-05"", ""requested_t"": 4.166666666666667, ""shipment_id"": ""S0159"", ""source_id"": ""E"", ""source_name"": ""Emergency"", ""unfulfilled_request_t"": 0.0}, {""actual_arrival_month"": ""2037-06"", ""actual_delivery_share"": 1.0, ""availability_share"": 1.0, ""feasible_t"": 4.166666666666667, ""gross_delivery_t"": 4.166666666666667, ""order_month"": ""2037-04"", ""planned_arrival_month"": ""2037-06"", ""requested_t"": 4.166666666666667, ""shipment_id"": ""S0160"", ""source_id"": ""E"", ""source_name"": ""Emergency"", ""unfulfilled_request_t"": 0.0}]","{""A"": 8.333333333333334, ""B"": 2.0833333333333335, ""E"": 4.166666666666667}","{""A"": 8.333333333333334, ""B"": 2.0833333333333335, ""E"": 4.166666666666667}",14.583333333333336,0.17500000000000004,14.408333333333335,14.408333333333335,0.0,14.408333333333335,11.25,3.158333333333335,0.0,1.424999999999999,0.0,ZBO,120.0,0.012,"[""ZBO""]",0.0,1.0,[]
2037-05,0.0,15.833333333333334,11.25,"{""A"": 130.0, ""B"": 50.0, ""C"": 0, ""D"": 0, ""E"": 50.0}","{""A"": 10.0, ""B"": 2.5, ""E"": 4.166666666666667}","[{""actual_arrival_month"": ""2037-06"", ""actual_delivery_share"": 1.0, ""availability_share"": 1.0, ""feasible_t"": 8.333333333333334, ""gross_delivery_t"": 8.333333333333334, ""order_month"": ""2036-06"", ""planned_arrival_month"": ""2037-06"", ""requested_t"": 8.333333333333334, ""shipment_id"": ""S0018"", ""source_id"": ""A"", ""source_name"": ""Earth-Core"", ""unfulfilled_request_t"": 0.0}, {""actual_arrival_month"": ""2037-07"", ""actual_delivery_share"": 1.0, ""availability_share"": 1.0, ""feasible_t"": 8.333333333333334, ""gross_delivery_t"": 8.333333333333334, ""order_month"": ""2036-07"", ""planned_arrival_month"": ""2037-07"", ""requested_t"": 8.333333333333334, ""shipment_id"": ""S0019"", ""source_id"": ""A"", ""source_name"": ""Earth-Core"", ""unfulfilled_request_t"": 0.0}, {""actual_arrival_month"": ""2037-08"", ""actual_delivery_share"": 1.0, ""availability_share"": 1.0, ""feasible_t"": 8.333333333333334, ""gross_delivery_t"": 8.333333333333334, ""order_month"": ""2036-08"", ""planned_arrival_month"": ""2037-08"", ""requested_t"": 8.333333333333334, ""shipment_id"": ""S0020"", ""source_id"": ""A"", ""source_name"": ""Earth-Core"", ""unfulfilled_request_t"": 0.0}, {""actual_arrival_month"": ""2037-09"", ""actual_delivery_share"": 1.0, ""availability_share"": 1.0, ""feasible_t"": 8.333333333333334, ""gross_delivery_t"": 8.333333333333334, ""order_month"": ""2036-09"", ""planned_arrival_month"": ""2037-09"", ""requested_t"": 8.333333333333334, ""shipment_id"": ""S0021"", ""source_id"": ""A"", ""source_name"": ""Earth-Core"", ""unfulfilled_request_t"": 0.0}, {""actual_arrival_month"": ""2037-10"", ""actual_delivery_share"": 1.0, ""availability_share"": 1.0, ""feasible_t"": 8.333333333333334, ""gross_delivery_t"": 8.333333333333334, ""order_month"": ""2036-10"", ""planned_arrival_month"": ""2037-10"", ""requested_t"": 8.333333333333334, ""shipment_id"": ""S0022"", ""source_id"": ""A"", ""source_name"": ""Earth-Core"", ""unfulfilled_request_t"": 0.0}, {""actual_arrival_month"": ""2037-11"", ""actual_delivery_share"": 1.0, ""availability_share"": 1.0, ""feasible_t"": 8.333333333333334, ""gross_delivery_t"": 8.333333333333334, ""order_month"": ""2036-11"", ""planned_arrival_month"": ""2037-11"", ""requested_t"": 8.333333333333334, ""shipment_id"": ""S0023"", ""source_id"": ""A"", ""source_name"": ""Earth-Core"", ""unfulfilled_request_t"": 0.0}, {""actual_arrival_month"": ""2037-12"", ""actual_delivery_share"": 1.0, ""availability_share"": 1.0, ""feasible_t"": 8.333333333333334, ""gross_delivery_t"": 8.333333333333334, ""order_month"": ""2036-12"", ""planned_arrival_month"": ""2037-12"", ""requested_t"": 8.333333333333334, ""shipment_id"": ""S0024"", ""source_id"": ""A"", ""source_name"": ""Earth-Core"", ""unfulfilled_request_t"": 0.0}, {""actual_arrival_month"": ""2038-01"", ""actual_delivery_share"": 1.0, ""availability_share"": 1.0, ""feasible_t"": 10.0, ""gross_delivery_t"": 10.0, ""order_month"": ""2037-01"", ""planned_arrival_month"": ""2038-01"", ""requested_t"": 10.0, ""shipment_id"": ""S0025"", ""source_id"": ""A"", ""source_name"": ""Earth-Core"", ""unfulfilled_request_t"": 0.0}, {""actual_arrival_month"": ""2038-02"", ""actual_delivery_share"": 1.0, ""availability_share"": 1.0, ""feasible_t"": 10.0, ""gross_delivery_t"": 10.0, ""order_month"": ""2037-02"", ""planned_arrival_month"": ""2038-02"", ""requested_t"": 10.0, ""shipment_id"": ""S0026"", ""source_id"": ""A"", ""source_name"": ""Earth-Core"", ""unfulfilled_request_t"": 0.0}, {""actual_arrival_month"": ""2038-03"", ""actual_delivery_share"": 1.0, ""availability_share"": 1.0, ""feasible_t"": 10.0, ""gross_delivery_t"": 10.0, ""order_month"": ""2037-03"", ""planned_arrival_month"": ""2038-03"", ""requested_t"": 10.0, ""shipment_id"": ""S0027"", ""source_id"": ""A"", ""source_name"": ""Earth-Core"", ""unfulfilled_request_t"": 0.0}, {""actual_arrival_month"": ""2038-04"", ""actual_delivery_share"": 1.0, ""availability_share"": 1.0, ""feasible_t"": 10.0, ""gross_delivery_t"": 10.0, ""order_month"": ""2037-04"", ""planned_arrival_month"": ""2038-04"", ""requested_t"": 10.0, ""shipment_id"": ""S0028"", ""source_id"": ""A"", ""source_name"": ""Earth-Core"", ""unfulfilled_request_t"": 0.0}, {""actual_arrival_month"": ""2038-05"", ""actual_delivery_share"": 1.0, ""availability_share"": 1.0, ""feasible_t"": 10.0, ""gross_delivery_t"": 10.0, ""order_month"": ""2037-05"", ""planned_arrival_month"": ""2038-05"", ""requested_t"": 10.0, ""shipment_id"": ""S0029"", ""source_id"": ""A"", ""source_name"": ""Earth-Core"", ""unfulfilled_request_t"": 0.0}, {""actual_arrival_month"": ""2037-06"", ""actual_delivery_share"": 1.0, ""availability_share"": 1.0, ""feasible_t"": 2.5, ""gross_delivery_t"": 2.5, ""order_month"": ""2037-02"", ""planned_arrival_month"": ""2037-06"", ""requested_t"": 2.5, ""shipment_id"": ""S0098"", ""source_id"": ""B"", ""source_name"": ""Earth-Flex"", ""unfulfilled_request_t"": 0.0}, {""actual_arrival_month"": ""2037-07"", ""actual_delivery_share"": 1.0, ""availability_share"": 1.0, ""feasible_t"": 2.5, ""gross_delivery_t"": 2.5, ""order_month"": ""2037-03"", ""planned_arrival_month"": ""2037-07"", ""requested_t"": 2.5, ""shipment_id"": ""S0099"", ""source_id"": ""B"", ""source_name"": ""Earth-Flex"", ""unfulfilled_request_t"": 0.0}, {""actual_arrival_month"": ""2037-08"", ""actual_delivery_share"": 1.0, ""availability_share"": 1.0, ""feasible_t"": 2.5, ""gross_delivery_t"": 2.5, ""order_month"": ""2037-04"", ""planned_arrival_month"": ""2037-08"", ""requested_t"": 2.5, ""shipment_id"": ""S0100"", ""source_id"": ""B"", ""source_name"": ""Earth-Flex"", ""unfulfilled_request_t"": 0.0}, {""actual_arrival_month"": ""2037-09"", ""actual_delivery_share"": 1.0, ""availability_share"": 1.0, ""feasible_t"": 2.5, ""gross_delivery_t"": 2.5, ""order_month"": ""2037-05"", ""planned_arrival_month"": ""2037-09"", ""requested_t"": 2.5, ""shipment_id"": ""S0101"", ""source_id"": ""B"", ""source_name"": ""Earth-Flex"", ""unfulfilled_request_t"": 0.0}, {""actual_arrival_month"": ""2037-06"", ""actual_delivery_share"": 1.0, ""availability_share"": 1.0, ""feasible_t"": 4.166666666666667, ""gross_delivery_t"": 4.166666666666667, ""order_month"": ""2037-04"", ""planned_arrival_month"": ""2037-06"", ""requested_t"": 4.166666666666667, ""shipment_id"": ""S0160"", ""source_id"": ""E"", ""source_name"": ""Emergency"", ""unfulfilled_request_t"": 0.0}, {""actual_arrival_month"": ""2037-07"", ""actual_delivery_share"": 1.0, ""availability_share"": 1.0, ""feasible_t"": 4.166666666666667, ""gross_delivery_t"": 4.166666666666667, ""order_month"": ""2037-05"", ""planned_arrival_month"": ""2037-07"", ""requested_t"": 4.166666666666667, ""shipment_id"": ""S0161"", ""source_id"": ""E"", ""source_name"": ""Emergency"", ""unfulfilled_request_t"": 0.0}]","{""A"": 8.333333333333334, ""B"": 2.5, ""E"": 4.166666666666667}","{""A"": 8.333333333333334, ""B"": 2.5, ""E"": 4.166666666666667}",15.0,0.18,14.82,14.82,0.0,14.82,11.25,3.5700000000000003,0.0,1.0133333333333336,0.0,ZBO,120.0,0.012,"[""ZBO""]",0.0,1.0,[]
2037-06,0.0,15.833333333333334,11.25,"{""A"": 130.0, ""B"": 50.0, ""C"": 0, ""D"": 0, ""E"": 50.0}","{""A"": 10.0, ""B"": 2.5, ""E"": 4.166666666666667}","[{""actual_arrival_month"": ""2037-07"", ""actual_delivery_share"": 1.0, ""availability_share"": 1.0, ""feasible_t"": 8.333333333333334, ""gross_delivery_t"": 8.333333333333334, ""order_month"": ""2036-07"", ""planned_arrival_month"": ""2037-07"", ""requested_t"": 8.333333333333334, ""shipment_id"": ""S0019"", ""source_id"": ""A"", ""source_name"": ""Earth-Core"", ""unfulfilled_request_t"": 0.0}, {""actual_arrival_month"": ""2037-08"", ""actual_delivery_share"": 1.0, ""availability_share"": 1.0, ""feasible_t"": 8.333333333333334, ""gross_delivery_t"": 8.333333333333334, ""order_month"": ""2036-08"", ""planned_arrival_month"": ""2037-08"", ""requested_t"": 8.333333333333334, ""shipment_id"": ""S0020"", ""source_id"": ""A"", ""source_name"": ""Earth-Core"", ""unfulfilled_request_t"": 0.0}, {""actual_arrival_month"": ""2037-09"", ""actual_delivery_share"": 1.0, ""availability_share"": 1.0, ""feasible_t"": 8.333333333333334, ""gross_delivery_t"": 8.333333333333334, ""order_month"": ""2036-09"", ""planned_arrival_month"": ""2037-09"", ""requested_t"": 8.333333333333334, ""shipment_id"": ""S0021"", ""source_id"": ""A"", ""source_name"": ""Earth-Core"", ""unfulfilled_request_t"": 0.0}, {""actual_arrival_month"": ""2037-10"", ""actual_delivery_share"": 1.0, ""availability_share"": 1.0, ""feasible_t"": 8.333333333333334, ""gross_delivery_t"": 8.333333333333334, ""order_month"": ""2036-10"", ""planned_arrival_month"": ""2037-10"", ""requested_t"": 8.333333333333334, ""shipment_id"": ""S0022"", ""source_id"": ""A"", ""source_name"": ""Earth-Core"", ""unfulfilled_request_t"": 0.0}, {""actual_arrival_month"": ""2037-11"", ""actual_delivery_share"": 1.0, ""availability_share"": 1.0, ""feasible_t"": 8.333333333333334, ""gross_delivery_t"": 8.333333333333334, ""order_month"": ""2036-11"", ""planned_arrival_month"": ""2037-11"", ""requested_t"": 8.333333333333334, ""shipment_id"": ""S0023"", ""source_id"": ""A"", ""source_name"": ""Earth-Core"", ""unfulfilled_request_t"": 0.0}, {""actual_arrival_month"": ""2037-12"", ""actual_delivery_share"": 1.0, ""availability_share"": 1.0, ""feasible_t"": 8.333333333333334, ""gross_delivery_t"": 8.333333333333334, ""order_month"": ""2036-12"", ""planned_arrival_month"": ""2037-12"", ""requested_t"": 8.333333333333334, ""shipment_id"": ""S0024"", ""source_id"": ""A"", ""source_name"": ""Earth-Core"", ""unfulfilled_request_t"": 0.0}, {""actual_arrival_month"": ""2038-01"", ""actual_delivery_share"": 1.0, ""availability_share"": 1.0, ""feasible_t"": 10.0, ""gross_delivery_t"": 10.0, ""order_month"": ""2037-01"", ""planned_arrival_month"": ""2038-01"", ""requested_t"": 10.0, ""shipment_id"": ""S0025"", ""source_id"": ""A"", ""source_name"": ""Earth-Core"", ""unfulfilled_request_t"": 0.0}, {""actual_arrival_month"": ""2038-02"", ""actual_delivery_share"": 1.0, ""availability_share"": 1.0, ""feasible_t"": 10.0, ""gross_delivery_t"": 10.0, ""order_month"": ""2037-02"", ""planned_arrival_month"": ""2038-02"", ""requested_t"": 10.0, ""shipment_id"": ""S0026"", ""source_id"": ""A"", ""source_name"": ""Earth-Core"", ""unfulfilled_request_t"": 0.0}, {""actual_arrival_month"": ""2038-03"", ""actual_delivery_share"": 1.0, ""availability_share"": 1.0, ""feasible_t"": 10.0, ""gross_delivery_t"": 10.0, ""order_month"": ""2037-03"", ""planned_arrival_month"": ""2038-03"", ""requested_t"": 10.0, ""shipment_id"": ""S0027"", ""source_id"": ""A"", ""source_name"": ""Earth-Core"", ""unfulfilled_request_t"": 0.0}, {""actual_arrival_month"": ""2038-04"", ""actual_delivery_share"": 1.0, ""availability_share"": 1.0, ""feasible_t"": 10.0, ""gross_delivery_t"": 10.0, ""order_month"": ""2037-04"", ""planned_arrival_month"": ""2038-04"", ""requested_t"": 10.0, ""shipment_id"": ""S0028"", ""source_id"": ""A"", ""source_name"": ""Earth-Core"", ""unfulfilled_request_t"": 0.0}, {""actual_arrival_month"": ""2038-05"", ""actual_delivery_share"": 1.0, ""availability_share"": 1.0, ""feasible_t"": 10.0, ""gross_delivery_t"": 10.0, ""order_month"": ""2037-05"", ""planned_arrival_month"": ""2038-05"", ""requested_t"": 10.0, ""shipment_id"": ""S0029"", ""source_id"": ""A"", ""source_name"": ""Earth-Core"", ""unfulfilled_request_t"": 0.0}, {""actual_arrival_month"": ""2038-06"", ""actual_delivery_share"": 1.0, ""availability_share"": 1.0, ""feasible_t"": 10.0, ""gross_delivery_t"": 10.0, ""order_month"": ""2037-06"", ""planned_arrival_month"": ""2038-06"", ""requested_t"": 10.0, ""shipment_id"": ""S0030"", ""source_id"": ""A"", ""source_name"": ""Earth-Core"", ""unfulfilled_request_t"": 0.0}, {""actual_arrival_month"": ""2037-07"", ""actual_delivery_share"": 1.0, ""availability_share"": 1.0, ""feasible_t"": 2.5, ""gross_delivery_t"": 2.5, ""order_month"": ""2037-03"", ""planned_arrival_month"": ""2037-07"", ""requested_t"": 2.5, ""shipment_id"": ""S0099"", ""source_id"": ""B"", ""source_name"": ""Earth-Flex"", ""unfulfilled_request_t"": 0.0}, {""actual_arrival_month"": ""2037-08"", ""actual_delivery_share"": 1.0, ""availability_share"": 1.0, ""feasible_t"": 2.5, ""gross_delivery_t"": 2.5, ""order_month"": ""2037-04"", ""planned_arrival_month"": ""2037-08"", ""requested_t"": 2.5, ""shipment_id"": ""S0100"", ""source_id"": ""B"", ""source_name"": ""Earth-Flex"", ""unfulfilled_request_t"": 0.0}, {""actual_arrival_month"": ""2037-09"", ""actual_delivery_share"": 1.0, ""availability_share"": 1.0, ""feasible_t"": 2.5, ""gross_delivery_t"": 2.5, ""order_month"": ""2037-05"", ""planned_arrival_month"": ""2037-09"", ""requested_t"": 2.5, ""shipment_id"": ""S0101"", ""source_id"": ""B"", ""source_name"": ""Earth-Flex"", ""unfulfilled_request_t"": 0.0}, {""actual_arrival_month"": ""2037-10"", ""actual_delivery_share"": 1.0, ""availability_share"": 1.0, ""feasible_t"": 2.5, ""gross_delivery_t"": 2.5, ""order_month"": ""2037-06"", ""planned_arrival_month"": ""2037-10"", ""requested_t"": 2.5, ""shipment_id"": ""S0102"", ""source_id"": ""B"", ""source_name"": ""Earth-Flex"", ""unfulfilled_request_t"": 0.0}, {""actual_arrival_month"": ""2037-07"", ""actual_delivery_share"": 1.0, ""availability_share"": 1.0, ""feasible_t"": 4.166666666666667, ""gross_delivery_t"": 4.166666666666667, ""order_month"": ""2037-05"", ""planned_arrival_month"": ""2037-07"", ""requested_t"": 4.166666666666667, ""shipment_id"": ""S0161"", ""source_id"": ""E"", ""source_name"": ""Emergency"", ""unfulfilled_request_t"": 0.0}, {""actual_arrival_month"": ""2037-08"", ""actual_delivery_share"": 1.0, ""availability_share"": 1.0, ""feasible_t"": 4.166666666666667, ""gross_delivery_t"": 4.166666666666667, ""order_month"": ""2037-06"", ""planned_arrival_month"": ""2037-08"", ""requested_t"": 4.166666666666667, ""shipment_id"": ""S0162"", ""source_id"": ""E"", ""source_name"": ""Emergency"", ""unfulfilled_request_t"": 0.0}]","{""A"": 8.333333333333334, ""B"": 2.5, ""E"": 4.166666666666667}","{""A"": 8.333333333333334, ""B"": 2.5, ""E"": 4.166666666666667}",15.0,0.18,14.82,14.82,0.0,14.82,11.25,3.5700000000000003,0.0,1.0133333333333336,0.0,ZBO,120.0,0.012,"[""ZBO""]",0.0,1.0,[]
2037-07,0.0,15.833333333333334,11.25,"{""A"": 130.0, ""B"": 50.0, ""C"": 0, ""D"": 0, ""E"": 50.0}","{""A"": 10.0, ""B"": 2.5, ""E"": 4.166666666666667}","[{""actual_arrival_month"": ""2037-08"", ""actual_delivery_share"": 1.0, ""availability_share"": 1.0, ""feasible_t"": 8.333333333333334, ""gross_delivery_t"": 8.333333333333334, ""order_month"": ""2036-08"", ""planned_arrival_month"": ""2037-08"", ""requested_t"": 8.333333333333334, ""shipment_id"": ""S0020"", ""source_id"": ""A"", ""source_name"": ""Earth-Core"", ""unfulfilled_request_t"": 0.0}, {""actual_arrival_month"": ""2037-09"", ""actual_delivery_share"": 1.0, ""availability_share"": 1.0, ""feasible_t"": 8.333333333333334, ""gross_delivery_t"": 8.333333333333334, ""order_month"": ""2036-09"", ""planned_arrival_month"": ""2037-09"", ""requested_t"": 8.333333333333334, ""shipment_id"": ""S0021"", ""source_id"": ""A"", ""source_name"": ""Earth-Core"", ""unfulfilled_request_t"": 0.0}, {""actual_arrival_month"": ""2037-10"", ""actual_delivery_share"": 1.0, ""availability_share"": 1.0, ""feasible_t"": 8.333333333333334, ""gross_delivery_t"": 8.333333333333334, ""order_month"": ""2036-10"", ""planned_arrival_month"": ""2037-10"", ""requested_t"": 8.333333333333334, ""shipment_id"": ""S0022"", ""source_id"": ""A"", ""source_name"": ""Earth-Core"", ""unfulfilled_request_t"": 0.0}, {""actual_arrival_month"": ""2037-11"", ""actual_delivery_share"": 1.0, ""availability_share"": 1.0, ""feasible_t"": 8.333333333333334, ""gross_delivery_t"": 8.333333333333334, ""order_month"": ""2036-11"", ""planned_arrival_month"": ""2037-11"", ""requested_t"": 8.333333333333334, ""shipment_id"": ""S0023"", ""source_id"": ""A"", ""source_name"": ""Earth-Core"", ""unfulfilled_request_t"": 0.0}, {""actual_arrival_month"": ""2037-12"", ""actual_delivery_share"": 1.0, ""availability_share"": 1.0, ""feasible_t"": 8.333333333333334, ""gross_delivery_t"": 8.333333333333334, ""order_month"": ""2036-12"", ""planned_arrival_month"": ""2037-12"", ""requested_t"": 8.333333333333334, ""shipment_id"": ""S0024"", ""source_id"": ""A"", ""source_name"": ""Earth-Core"", ""unfulfilled_request_t"": 0.0}, {""actual_arrival_month"": ""2038-01"", ""actual_delivery_share"": 1.0, ""availability_share"": 1.0, ""feasible_t"": 10.0, ""gross_delivery_t"": 10.0, ""order_month"": ""2037-01"", ""planned_arrival_month"": ""2038-01"", ""requested_t"": 10.0, ""shipment_id"": ""S0025"", ""source_id"": ""A"", ""source_name"": ""Earth-Core"", ""unfulfilled_request_t"": 0.0}, {""actual_arrival_month"": ""2038-02"", ""actual_delivery_share"": 1.0, ""availability_share"": 1.0, ""feasible_t"": 10.0, ""gross_delivery_t"": 10.0, ""order_month"": ""2037-02"", ""planned_arrival_month"": ""2038-02"", ""requested_t"": 10.0, ""shipment_id"": ""S0026"", ""source_id"": ""A"", ""source_name"": ""Earth-Core"", ""unfulfilled_request_t"": 0.0}, {""actual_arrival_month"": ""2038-03"", ""actual_delivery_share"": 1.0, ""availability_share"": 1.0, ""feasible_t"": 10.0, ""gross_delivery_t"": 10.0, ""order_month"": ""2037-03"", ""planned_arrival_month"": ""2038-03"", ""requested_t"": 10.0, ""shipment_id"": ""S0027"", ""source_id"": ""A"", ""source_name"": ""Earth-Core"", ""unfulfilled_request_t"": 0.0}, {""actual_arrival_month"": ""2038-04"", ""actual_delivery_share"": 1.0, ""availability_share"": 1.0, ""feasible_t"": 10.0, ""gross_delivery_t"": 10.0, ""order_month"": ""2037-04"", ""planned_arrival_month"": ""2038-04"", ""requested_t"": 10.0, ""shipment_id"": ""S0028"", ""source_id"": ""A"", ""source_name"": ""Earth-Core"", ""unfulfilled_request_t"": 0.0}, {""actual_arrival_month"": ""2038-05"", ""actual_delivery_share"": 1.0, ""availability_share"": 1.0, ""feasible_t"": 10.0, ""gross_delivery_t"": 10.0, ""order_month"": ""2037-05"", ""planned_arrival_month"": ""2038-05"", ""requested_t"": 10.0, ""shipment_id"": ""S0029"", ""source_id"": ""A"", ""source_name"": ""Earth-Core"", ""unfulfilled_request_t"": 0.0}, {""actual_arrival_month"": ""2038-06"", ""actual_delivery_share"": 1.0, ""availability_share"": 1.0, ""feasible_t"": 10.0, ""gross_delivery_t"": 10.0, ""order_month"": ""2037-06"", ""planned_arrival_month"": ""2038-06"", ""requested_t"": 10.0, ""shipment_id"": ""S0030"", ""source_id"": ""A"", ""source_name"": ""Earth-Core"", ""unfulfilled_request_t"": 0.0}, {""actual_arrival_month"": ""2038-07"", ""actual_delivery_share"": 1.0, ""availability_share"": 1.0, ""feasible_t"": 10.0, ""gross_delivery_t"": 10.0, ""order_month"": ""2037-07"", ""planned_arrival_month"": ""2038-07"", ""requested_t"": 10.0, ""shipment_id"": ""S0031"", ""source_id"": ""A"", ""source_name"": ""Earth-Core"", ""unfulfilled_request_t"": 0.0}, {""actual_arrival_month"": ""2037-08"", ""actual_delivery_share"": 1.0, ""availability_share"": 1.0, ""feasible_t"": 2.5, ""gross_delivery_t"": 2.5, ""order_month"": ""2037-04"", ""planned_arrival_month"": ""2037-08"", ""requested_t"": 2.5, ""shipment_id"": ""S0100"", ""source_id"": ""B"", ""source_name"": ""Earth-Flex"", ""unfulfilled_request_t"": 0.0}, {""actual_arrival_month"": ""2037-09"", ""actual_delivery_share"": 1.0, ""availability_share"": 1.0, ""feasible_t"": 2.5, ""gross_delivery_t"": 2.5, ""order_month"": ""2037-05"", ""planned_arrival_month"": ""2037-09"", ""requested_t"": 2.5, ""shipment_id"": ""S0101"", ""source_id"": ""B"", ""source_name"": ""Earth-Flex"", ""unfulfilled_request_t"": 0.0}, {""actual_arrival_month"": ""2037-10"", ""actual_delivery_share"": 1.0, ""availability_share"": 1.0, ""feasible_t"": 2.5, ""gross_delivery_t"": 2.5, ""order_month"": ""2037-06"", ""planned_arrival_month"": ""2037-10"", ""requested_t"": 2.5, ""shipment_id"": ""S0102"", ""source_id"": ""B"", ""source_name"": ""Earth-Flex"", ""unfulfilled_request_t"": 0.0}, {""actual_arrival_month"": ""2037-11"", ""actual_delivery_share"": 1.0, ""availability_share"": 1.0, ""feasible_t"": 2.5, ""gross_delivery_t"": 2.5, ""order_month"": ""2037-07"", ""planned_arrival_month"": ""2037-11"", ""requested_t"": 2.5, ""shipment_id"": ""S0103"", ""source_id"": ""B"", ""source_name"": ""Earth-Flex"", ""unfulfilled_request_t"": 0.0}, {""actual_arrival_month"": ""2037-08"", ""actual_delivery_share"": 1.0, ""availability_share"": 1.0, ""feasible_t"": 4.166666666666667, ""gross_delivery_t"": 4.166666666666667, ""order_month"": ""2037-06"", ""planned_arrival_month"": ""2037-08"", ""requested_t"": 4.166666666666667, ""shipment_id"": ""S0162"", ""source_id"": ""E"", ""source_name"": ""Emergency"", ""unfulfilled_request_t"": 0.0}, {""actual_arrival_month"": ""2037-09"", ""actual_delivery_share"": 1.0, ""availability_share"": 1.0, ""feasible_t"": 4.166666666666667, ""gross_delivery_t"": 4.166666666666667, ""order_month"": ""2037-07"", ""planned_arrival_month"": ""2037-09"", ""requested_t"": 4.166666666666667, ""shipment_id"": ""S0163"", ""source_id"": ""E"", ""source_name"": ""Emergency"", ""unfulfilled_request_t"": 0.0}]","{""A"": 8.333333333333334, ""B"": 2.5, ""E"": 4.166666666666667}","{""A"": 8.333333333333334, ""B"": 2.5, ""E"": 4.166666666666667}",15.0,0.18,14.82,14.82,0.0,14.82,11.25,3.5700000000000003,0.0,1.0133333333333336,0.0,ZBO,120.0,0.012,"[""ZBO""]",0.0,1.0,[]
2037-08,0.0,15.833333333333334,11.25,"{""A"": 130.0, ""B"": 50.0, ""C"": 0, ""D"": 0, ""E"": 50.0}","{""A"": 10.0, ""B"": 2.5, ""E"": 4.166666666666667}","[{""actual_arrival_month"": ""2037-09"", ""actual_delivery_share"": 1.0, ""availability_share"": 1.0, ""feasible_t"": 8.333333333333334, ""gross_delivery_t"": 8.333333333333334, ""order_month"": ""2036-09"", ""planned_arrival_month"": ""2037-09"", ""requested_t"": 8.333333333333334, ""shipment_id"": ""S0021"", ""source_id"": ""A"", ""source_name"": ""Earth-Core"", ""unfulfilled_request_t"": 0.0}, {""actual_arrival_month"": ""2037-10"", ""actual_delivery_share"": 1.0, ""availability_share"": 1.0, ""feasible_t"": 8.333333333333334, ""gross_delivery_t"": 8.333333333333334, ""order_month"": ""2036-10"", ""planned_arrival_month"": ""2037-10"", ""requested_t"": 8.333333333333334, ""shipment_id"": ""S0022"", ""source_id"": ""A"", ""source_name"": ""Earth-Core"", ""unfulfilled_request_t"": 0.0}, {""actual_arrival_month"": ""2037-11"", ""actual_delivery_share"": 1.0, ""availability_share"": 1.0, ""feasible_t"": 8.333333333333334, ""gross_delivery_t"": 8.333333333333334, ""order_month"": ""2036-11"", ""planned_arrival_month"": ""2037-11"", ""requested_t"": 8.333333333333334, ""shipment_id"": ""S0023"", ""source_id"": ""A"", ""source_name"": ""Earth-Core"", ""unfulfilled_request_t"": 0.0}, {""actual_arrival_month"": ""2037-12"", ""actual_delivery_share"": 1.0, ""availability_share"": 1.0, ""feasible_t"": 8.333333333333334, ""gross_delivery_t"": 8.333333333333334, ""order_month"": ""2036-12"", ""planned_arrival_month"": ""2037-12"", ""requested_t"": 8.333333333333334, ""shipment_id"": ""S0024"", ""source_id"": ""A"", ""source_name"": ""Earth-Core"", ""unfulfilled_request_t"": 0.0}, {""actual_arrival_month"": ""2038-01"", ""actual_delivery_share"": 1.0, ""availability_share"": 1.0, ""feasible_t"": 10.0, ""gross_delivery_t"": 10.0, ""order_month"": ""2037-01"", ""planned_arrival_month"": ""2038-01"", ""requested_t"": 10.0, ""shipment_id"": ""S0025"", ""source_id"": ""A"", ""source_name"": ""Earth-Core"", ""unfulfilled_request_t"": 0.0}, {""actual_arrival_month"": ""2038-02"", ""actual_delivery_share"": 1.0, ""availability_share"": 1.0, ""feasible_t"": 10.0, ""gross_delivery_t"": 10.0, ""order_month"": ""2037-02"", ""planned_arrival_month"": ""2038-02"", ""requested_t"": 10.0, ""shipment_id"": ""S0026"", ""source_id"": ""A"", ""source_name"": ""Earth-Core"", ""unfulfilled_request_t"": 0.0}, {""actual_arrival_month"": ""2038-03"", ""actual_delivery_share"": 1.0, ""availability_share"": 1.0, ""feasible_t"": 10.0, ""gross_delivery_t"": 10.0, ""order_month"": ""2037-03"", ""planned_arrival_month"": ""2038-03"", ""requested_t"": 10.0, ""shipment_id"": ""S0027"", ""source_id"": ""A"", ""source_name"": ""Earth-Core"", ""unfulfilled_request_t"": 0.0}, {""actual_arrival_month"": ""2038-04"", ""actual_delivery_share"": 1.0, ""availability_share"": 1.0, ""feasible_t"": 10.0, ""gross_delivery_t"": 10.0, ""order_month"": ""2037-04"", ""planned_arrival_month"": ""2038-04"", ""requested_t"": 10.0, ""shipment_id"": ""S0028"", ""source_id"": ""A"", ""source_name"": ""Earth-Core"", ""unfulfilled_request_t"": 0.0}, {""actual_arrival_month"": ""2038-05"", ""actual_delivery_share"": 1.0, ""availability_share"": 1.0, ""feasible_t"": 10.0, ""gross_delivery_t"": 10.0, ""order_month"": ""2037-05"", ""planned_arrival_month"": ""2038-05"", ""requested_t"": 10.0, ""shipment_id"": ""S0029"", ""source_id"": ""A"", ""source_name"": ""Earth-Core"", ""unfulfilled_request_t"": 0.0}, {""actual_arrival_month"": ""2038-06"", ""actual_delivery_share"": 1.0, ""availability_share"": 1.0, ""feasible_t"": 10.0, ""gross_delivery_t"": 10.0, ""order_month"": ""2037-06"", ""planned_arrival_month"": ""2038-06"", ""requested_t"": 10.0, ""shipment_id"": ""S0030"", ""source_id"": ""A"", ""source_name"": ""Earth-Core"", ""unfulfilled_request_t"": 0.0}, {""actual_arrival_month"": ""2038-07"", ""actual_delivery_share"": 1.0, ""availability_share"": 1.0, ""feasible_t"": 10.0, ""gross_delivery_t"": 10.0, ""order_month"": ""2037-07"", ""planned_arrival_month"": ""2038-07"", ""requested_t"": 10.0, ""shipment_id"": ""S0031"", ""source_id"": ""A"", ""source_name"": ""Earth-Core"", ""unfulfilled_request_t"": 0.0}, {""actual_arrival_month"": ""2038-08"", ""actual_delivery_share"": 1.0, ""availability_share"": 1.0, ""feasible_t"": 10.0, ""gross_delivery_t"": 10.0, ""order_month"": ""2037-08"", ""planned_arrival_month"": ""2038-08"", ""requested_t"": 10.0, ""shipment_id"": ""S0032"", ""source_id"": ""A"", ""source_name"": ""Earth-Core"", ""unfulfilled_request_t"": 0.0}, {""actual_arrival_month"": ""2037-09"", ""actual_delivery_share"": 1.0, ""availability_share"": 1.0, ""feasible_t"": 2.5, ""gross_delivery_t"": 2.5, ""order_month"": ""2037-05"", ""planned_arrival_month"": ""2037-09"", ""requested_t"": 2.5, ""shipment_id"": ""S0101"", ""source_id"": ""B"", ""source_name"": ""Earth-Flex"", ""unfulfilled_request_t"": 0.0}, {""actual_arrival_month"": ""2037-10"", ""actual_delivery_share"": 1.0, ""availability_share"": 1.0, ""feasible_t"": 2.5, ""gross_delivery_t"": 2.5, ""order_month"": ""2037-06"", ""planned_arrival_month"": ""2037-10"", ""requested_t"": 2.5, ""shipment_id"": ""S0102"", ""source_id"": ""B"", ""source_name"": ""Earth-Flex"", ""unfulfilled_request_t"": 0.0}, {""actual_arrival_month"": ""2037-11"", ""actual_delivery_share"": 1.0, ""availability_share"": 1.0, ""feasible_t"": 2.5, ""gross_delivery_t"": 2.5, ""order_month"": ""2037-07"", ""planned_arrival_month"": ""2037-11"", ""requested_t"": 2.5, ""shipment_id"": ""S0103"", ""source_id"": ""B"", ""source_name"": ""Earth-Flex"", ""unfulfilled_request_t"": 0.0}, {""actual_arrival_month"": ""2037-12"", ""actual_delivery_share"": 1.0, ""availability_share"": 1.0, ""feasible_t"": 2.5, ""gross_delivery_t"": 2.5, ""order_month"": ""2037-08"", ""planned_arrival_month"": ""2037-12"", ""requested_t"": 2.5, ""shipment_id"": ""S0104"", ""source_id"": ""B"", ""source_name"": ""Earth-Flex"", ""unfulfilled_request_t"": 0.0}, {""actual_arrival_month"": ""2037-09"", ""actual_delivery_share"": 1.0, ""availability_share"": 1.0, ""feasible_t"": 4.166666666666667, ""gross_delivery_t"": 4.166666666666667, ""order_month"": ""2037-07"", ""planned_arrival_month"": ""2037-09"", ""requested_t"": 4.166666666666667, ""shipment_id"": ""S0163"", ""source_id"": ""E"", ""source_name"": ""Emergency"", ""unfulfilled_request_t"": 0.0}, {""actual_arrival_month"": ""2037-10"", ""actual_delivery_share"": 1.0, ""availability_share"": 1.0, ""feasible_t"": 4.166666666666667, ""gross_delivery_t"": 4.166666666666667, ""order_month"": ""2037-08"", ""planned_arrival_month"": ""2037-10"", ""requested_t"": 4.166666666666667, ""shipment_id"": ""S0164"", ""source_id"": ""E"", ""source_name"": ""Emergency"", ""unfulfilled_request_t"": 0.0}]","{""A"": 8.333333333333334, ""B"": 2.5, ""E"": 4.166666666666667}","{""A"": 8.333333333333334, ""B"": 2.5, ""E"": 4.166666666666667}",15.0,0.18,14.82,14.82,0.0,14.82,11.25,3.5700000000000003,0.0,1.0133333333333336,0.0,ZBO,120.0,0.012,"[""ZBO""]",0.0,1.0,[]
2037-09,0.0,15.833333333333334,11.25,"{""A"": 130.0, ""B"": 50.0, ""C"": 0, ""D"": 0, ""E"": 50.0}","{""A"": 10.0, ""B"": 2.5, ""E"": 4.166666666666667}","[{""actual_arrival_month"": ""2037-10"", ""actual_delivery_share"": 1.0, ""availability_share"": 1.0, ""feasible_t"": 8.333333333333334, ""gross_delivery_t"": 8.333333333333334, ""order_month"": ""2036-10"", ""planned_arrival_month"": ""2037-10"", ""requested_t"": 8.333333333333334, ""shipment_id"": ""S0022"", ""source_id"": ""A"", ""source_name"": ""Earth-Core"", ""unfulfilled_request_t"": 0.0}, {""actual_arrival_month"": ""2037-11"", ""actual_delivery_share"": 1.0, ""availability_share"": 1.0, ""feasible_t"": 8.333333333333334, ""gross_delivery_t"": 8.333333333333334, ""order_month"": ""2036-11"", ""planned_arrival_month"": ""2037-11"", ""requested_t"": 8.333333333333334, ""shipment_id"": ""S0023"", ""source_id"": ""A"", ""source_name"": ""Earth-Core"", ""unfulfilled_request_t"": 0.0}, {""actual_arrival_month"": ""2037-12"", ""actual_delivery_share"": 1.0, ""availability_share"": 1.0, ""feasible_t"": 8.333333333333334, ""gross_delivery_t"": 8.333333333333334, ""order_month"": ""2036-12"", ""planned_arrival_month"": ""2037-12"", ""requested_t"": 8.333333333333334, ""shipment_id"": ""S0024"", ""source_id"": ""A"", ""source_name"": ""Earth-Core"", ""unfulfilled_request_t"": 0.0}, {""actual_arrival_month"": ""2038-01"", ""actual_delivery_share"": 1.0, ""availability_share"": 1.0, ""feasible_t"": 10.0, ""gross_delivery_t"": 10.0, ""order_month"": ""2037-01"", ""planned_arrival_month"": ""2038-01"", ""requested_t"": 10.0, ""shipment_id"": ""S0025"", ""source_id"": ""A"", ""source_name"": ""Earth-Core"", ""unfulfilled_request_t"": 0.0}, {""actual_arrival_month"": ""2038-02"", ""actual_delivery_share"": 1.0, ""availability_share"": 1.0, ""feasible_t"": 10.0, ""gross_delivery_t"": 10.0, ""order_month"": ""2037-02"", ""planned_arrival_month"": ""2038-02"", ""requested_t"": 10.0, ""shipment_id"": ""S0026"", ""source_id"": ""A"", ""source_name"": ""Earth-Core"", ""unfulfilled_request_t"": 0.0}, {""actual_arrival_month"": ""2038-03"", ""actual_delivery_share"": 1.0, ""availability_share"": 1.0, ""feasible_t"": 10.0, ""gross_delivery_t"": 10.0, ""order_month"": ""2037-03"", ""planned_arrival_month"": ""2038-03"", ""requested_t"": 10.0, ""shipment_id"": ""S0027"", ""source_id"": ""A"", ""source_name"": ""Earth-Core"", ""unfulfilled_request_t"": 0.0}, {""actual_arrival_month"": ""2038-04"", ""actual_delivery_share"": 1.0, ""availability_share"": 1.0, ""feasible_t"": 10.0, ""gross_delivery_t"": 10.0, ""order_month"": ""2037-04"", ""planned_arrival_month"": ""2038-04"", ""requested_t"": 10.0, ""shipment_id"": ""S0028"", ""source_id"": ""A"", ""source_name"": ""Earth-Core"", ""unfulfilled_request_t"": 0.0}, {""actual_arrival_month"": ""2038-05"", ""actual_delivery_share"": 1.0, ""availability_share"": 1.0, ""feasible_t"": 10.0, ""gross_delivery_t"": 10.0, ""order_month"": ""2037-05"", ""planned_arrival_month"": ""2038-05"", ""requested_t"": 10.0, ""shipment_id"": ""S0029"", ""source_id"": ""A"", ""source_name"": ""Earth-Core"", ""unfulfilled_request_t"": 0.0}, {""actual_arrival_month"": ""2038-06"", ""actual_delivery_share"": 1.0, ""availability_share"": 1.0, ""feasible_t"": 10.0, ""gross_delivery_t"": 10.0, ""order_month"": ""2037-06"", ""planned_arrival_month"": ""2038-06"", ""requested_t"": 10.0, ""shipment_id"": ""S0030"", ""source_id"": ""A"", ""source_name"": ""Earth-Core"", ""unfulfilled_request_t"": 0.0}, {""actual_arrival_month"": ""2038-07"", ""actual_delivery_share"": 1.0, ""availability_share"": 1.0, ""feasible_t"": 10.0, ""gross_delivery_t"": 10.0, ""order_month"": ""2037-07"", ""planned_arrival_month"": ""2038-07"", ""requested_t"": 10.0, ""shipment_id"": ""S0031"", ""source_id"": ""A"", ""source_name"": ""Earth-Core"", ""unfulfilled_request_t"": 0.0}, {""actual_arrival_month"": ""2038-08"", ""actual_delivery_share"": 1.0, ""availability_share"": 1.0, ""feasible_t"": 10.0, ""gross_delivery_t"": 10.0, ""order_month"": ""2037-08"", ""planned_arrival_month"": ""2038-08"", ""requested_t"": 10.0, ""shipment_id"": ""S0032"", ""source_id"": ""A"", ""source_name"": ""Earth-Core"", ""unfulfilled_request_t"": 0.0}, {""actual_arrival_month"": ""2038-09"", ""actual_delivery_share"": 1.0, ""availability_share"": 1.0, ""feasible_t"": 10.0, ""gross_delivery_t"": 10.0, ""order_month"": ""2037-09"", ""planned_arrival_month"": ""2038-09"", ""requested_t"": 10.0, ""shipment_id"": ""S0033"", ""source_id"": ""A"", ""source_name"": ""Earth-Core"", ""unfulfilled_request_t"": 0.0}, {""actual_arrival_month"": ""2037-10"", ""actual_delivery_share"": 1.0, ""availability_share"": 1.0, ""feasible_t"": 2.5, ""gross_delivery_t"": 2.5, ""order_month"": ""2037-06"", ""planned_arrival_month"": ""2037-10"", ""requested_t"": 2.5, ""shipment_id"": ""S0102"", ""source_id"": ""B"", ""source_name"": ""Earth-Flex"", ""unfulfilled_request_t"": 0.0}, {""actual_arrival_month"": ""2037-11"", ""actual_delivery_share"": 1.0, ""availability_share"": 1.0, ""feasible_t"": 2.5, ""gross_delivery_t"": 2.5, ""order_month"": ""2037-07"", ""planned_arrival_month"": ""2037-11"", ""requested_t"": 2.5, ""shipment_id"": ""S0103"", ""source_id"": ""B"", ""source_name"": ""Earth-Flex"", ""unfulfilled_request_t"": 0.0}, {""actual_arrival_month"": ""2037-12"", ""actual_delivery_share"": 1.0, ""availability_share"": 1.0, ""feasible_t"": 2.5, ""gross_delivery_t"": 2.5, ""order_month"": ""2037-08"", ""planned_arrival_month"": ""2037-12"", ""requested_t"": 2.5, ""shipment_id"": ""S0104"", ""source_id"": ""B"", ""source_name"": ""Earth-Flex"", ""unfulfilled_request_t"": 0.0}, {""actual_arrival_month"": ""2038-01"", ""actual_delivery_share"": 1.0, ""availability_share"": 1.0, ""feasible_t"": 2.5, ""gross_delivery_t"": 2.5, ""order_month"": ""2037-09"", ""planned_arrival_month"": ""2038-01"", ""requested_t"": 2.5, ""shipment_id"": ""S0105"", ""source_id"": ""B"", ""source_name"": ""Earth-Flex"", ""unfulfilled_request_t"": 0.0}, {""actual_arrival_month"": ""2037-10"", ""actual_delivery_share"": 1.0, ""availability_share"": 1.0, ""feasible_t"": 4.166666666666667, ""gross_delivery_t"": 4.166666666666667, ""order_month"": ""2037-08"", ""planned_arrival_month"": ""2037-10"", ""requested_t"": 4.166666666666667, ""shipment_id"": ""S0164"", ""source_id"": ""E"", ""source_name"": ""Emergency"", ""unfulfilled_request_t"": 0.0}, {""actual_arrival_month"": ""2037-11"", ""actual_delivery_share"": 1.0, ""availability_share"": 1.0, ""feasible_t"": 4.166666666666667, ""gross_delivery_t"": 4.166666666666667, ""order_month"": ""2037-09"", ""planned_arrival_month"": ""2037-11"", ""requested_t"": 4.166666666666667, ""shipment_id"": ""S0165"", ""source_id"": ""E"", ""source_name"": ""Emergency"", ""unfulfilled_request_t"": 0.0}]","{""A"": 8.333333333333334, ""B"": 2.5, ""E"": 4.166666666666667}","{""A"": 8.333333333333334, ""B"": 2.5, ""E"": 4.166666666666667}",15.0,0.18,14.82,14.82,0.0,14.82,11.25,3.5700000000000003,0.0,1.0133333333333336,0.0,ZBO,120.0,0.012,"[""ZBO""]",0.0,1.0,[]
2037-10,0.0,15.833333333333334,11.25,"{""A"": 130.0, ""B"": 50.0, ""C"": 0, ""D"": 0, ""E"": 50.0}","{""A"": 10.0, ""B"": 2.5, ""E"": 4.166666666666667}","[{""actual_arrival_month"": ""2037-11"", ""actual_delivery_share"": 1.0, ""availability_share"": 1.0, ""feasible_t"": 8.333333333333334, ""gross_delivery_t"": 8.333333333333334, ""order_month"": ""2036-11"", ""planned_arrival_month"": ""2037-11"", ""requested_t"": 8.333333333333334, ""shipment_id"": ""S0023"", ""source_id"": ""A"", ""source_name"": ""Earth-Core"", ""unfulfilled_request_t"": 0.0}, {""actual_arrival_month"": ""2037-12"", ""actual_delivery_share"": 1.0, ""availability_share"": 1.0, ""feasible_t"": 8.333333333333334, ""gross_delivery_t"": 8.333333333333334, ""order_month"": ""2036-12"", ""planned_arrival_month"": ""2037-12"", ""requested_t"": 8.333333333333334, ""shipment_id"": ""S0024"", ""source_id"": ""A"", ""source_name"": ""Earth-Core"", ""unfulfilled_request_t"": 0.0}, {""actual_arrival_month"": ""2038-01"", ""actual_delivery_share"": 1.0, ""availability_share"": 1.0, ""feasible_t"": 10.0, ""gross_delivery_t"": 10.0, ""order_month"": ""2037-01"", ""planned_arrival_month"": ""2038-01"", ""requested_t"": 10.0, ""shipment_id"": ""S0025"", ""source_id"": ""A"", ""source_name"": ""Earth-Core"", ""unfulfilled_request_t"": 0.0}, {""actual_arrival_month"": ""2038-02"", ""actual_delivery_share"": 1.0, ""availability_share"": 1.0, ""feasible_t"": 10.0, ""gross_delivery_t"": 10.0, ""order_month"": ""2037-02"", ""planned_arrival_month"": ""2038-02"", ""requested_t"": 10.0, ""shipment_id"": ""S0026"", ""source_id"": ""A"", ""source_name"": ""Earth-Core"", ""unfulfilled_request_t"": 0.0}, {""actual_arrival_month"": ""2038-03"", ""actual_delivery_share"": 1.0, ""availability_share"": 1.0, ""feasible_t"": 10.0, ""gross_delivery_t"": 10.0, ""order_month"": ""2037-03"", ""planned_arrival_month"": ""2038-03"", ""requested_t"": 10.0, ""shipment_id"": ""S0027"", ""source_id"": ""A"", ""source_name"": ""Earth-Core"", ""unfulfilled_request_t"": 0.0}, {""actual_arrival_month"": ""2038-04"", ""actual_delivery_share"": 1.0, ""availability_share"": 1.0, ""feasible_t"": 10.0, ""gross_delivery_t"": 10.0, ""order_month"": ""2037-04"", ""planned_arrival_month"": ""2038-04"", ""requested_t"": 10.0, ""shipment_id"": ""S0028"", ""source_id"": ""A"", ""source_name"": ""Earth-Core"", ""unfulfilled_request_t"": 0.0}, {""actual_arrival_month"": ""2038-05"", ""actual_delivery_share"": 1.0, ""availability_share"": 1.0, ""feasible_t"": 10.0, ""gross_delivery_t"": 10.0, ""order_month"": ""2037-05"", ""planned_arrival_month"": ""2038-05"", ""requested_t"": 10.0, ""shipment_id"": ""S0029"", ""source_id"": ""A"", ""source_name"": ""Earth-Core"", ""unfulfilled_request_t"": 0.0}, {""actual_arrival_month"": ""2038-06"", ""actual_delivery_share"": 1.0, ""availability_share"": 1.0, ""feasible_t"": 10.0, ""gross_delivery_t"": 10.0, ""order_month"": ""2037-06"", ""planned_arrival_month"": ""2038-06"", ""requested_t"": 10.0, ""shipment_id"": ""S0030"", ""source_id"": ""A"", ""source_name"": ""Earth-Core"", ""unfulfilled_request_t"": 0.0}, {""actual_arrival_month"": ""2038-07"", ""actual_delivery_share"": 1.0, ""availability_share"": 1.0, ""feasible_t"": 10.0, ""gross_delivery_t"": 10.0, ""order_month"": ""2037-07"", ""planned_arrival_month"": ""2038-07"", ""requested_t"": 10.0, ""shipment_id"": ""S0031"", ""source_id"": ""A"", ""source_name"": ""Earth-Core"", ""unfulfilled_request_t"": 0.0}, {""actual_arrival_month"": ""2038-08"", ""actual_delivery_share"": 1.0, ""availability_share"": 1.0, ""feasible_t"": 10.0, ""gross_delivery_t"": 10.0, ""order_month"": ""2037-08"", ""planned_arrival_month"": ""2038-08"", ""requested_t"": 10.0, ""shipment_id"": ""S0032"", ""source_id"": ""A"", ""source_name"": ""Earth-Core"", ""unfulfilled_request_t"": 0.0}, {""actual_arrival_month"": ""2038-09"", ""actual_delivery_share"": 1.0, ""availability_share"": 1.0, ""feasible_t"": 10.0, ""gross_delivery_t"": 10.0, ""order_month"": ""2037-09"", ""planned_arrival_month"": ""2038-09"", ""requested_t"": 10.0, ""shipment_id"": ""S0033"", ""source_id"": ""A"", ""source_name"": ""Earth-Core"", ""unfulfilled_request_t"": 0.0}, {""actual_arrival_month"": ""2038-10"", ""actual_delivery_share"": 1.0, ""availability_share"": 1.0, ""feasible_t"": 10.0, ""gross_delivery_t"": 10.0, ""order_month"": ""2037-10"", ""planned_arrival_month"": ""2038-10"", ""requested_t"": 10.0, ""shipment_id"": ""S0034"", ""source_id"": ""A"", ""source_name"": ""Earth-Core"", ""unfulfilled_request_t"": 0.0}, {""actual_arrival_month"": ""2037-11"", ""actual_delivery_share"": 1.0, ""availability_share"": 1.0, ""feasible_t"": 2.5, ""gross_delivery_t"": 2.5, ""order_month"": ""2037-07"", ""planned_arrival_month"": ""2037-11"", ""requested_t"": 2.5, ""shipment_id"": ""S0103"", ""source_id"": ""B"", ""source_name"": ""Earth-Flex"", ""unfulfilled_request_t"": 0.0}, {""actual_arrival_month"": ""2037-12"", ""actual_delivery_share"": 1.0, ""availability_share"": 1.0, ""feasible_t"": 2.5, ""gross_delivery_t"": 2.5, ""order_month"": ""2037-08"", ""planned_arrival_month"": ""2037-12"", ""requested_t"": 2.5, ""shipment_id"": ""S0104"", ""source_id"": ""B"", ""source_name"": ""Earth-Flex"", ""unfulfilled_request_t"": 0.0}, {""actual_arrival_month"": ""2038-01"", ""actual_delivery_share"": 1.0, ""availability_share"": 1.0, ""feasible_t"": 2.5, ""gross_delivery_t"": 2.5, ""order_month"": ""2037-09"", ""planned_arrival_month"": ""2038-01"", ""requested_t"": 2.5, ""shipment_id"": ""S0105"", ""source_id"": ""B"", ""source_name"": ""Earth-Flex"", ""unfulfilled_request_t"": 0.0}, {""actual_arrival_month"": ""2038-02"", ""actual_delivery_share"": 1.0, ""availability_share"": 1.0, ""feasible_t"": 2.5, ""gross_delivery_t"": 2.5, ""order_month"": ""2037-10"", ""planned_arrival_month"": ""2038-02"", ""requested_t"": 2.5, ""shipment_id"": ""S0106"", ""source_id"": ""B"", ""source_name"": ""Earth-Flex"", ""unfulfilled_request_t"": 0.0}, {""actual_arrival_month"": ""2037-11"", ""actual_delivery_share"": 1.0, ""availability_share"": 1.0, ""feasible_t"": 4.166666666666667, ""gross_delivery_t"": 4.166666666666667, ""order_month"": ""2037-09"", ""planned_arrival_month"": ""2037-11"", ""requested_t"": 4.166666666666667, ""shipment_id"": ""S0165"", ""source_id"": ""E"", ""source_name"": ""Emergency"", ""unfulfilled_request_t"": 0.0}, {""actual_arrival_month"": ""2037-12"", ""actual_delivery_share"": 1.0, ""availability_share"": 1.0, ""feasible_t"": 4.166666666666667, ""gross_delivery_t"": 4.166666666666667, ""order_month"": ""2037-10"", ""planned_arrival_month"": ""2037-12"", ""requested_t"": 4.166666666666667, ""shipment_id"": ""S0166"", ""source_id"": ""E"", ""source_name"": ""Emergency"", ""unfulfilled_request_t"": 0.0}]","{""A"": 8.333333333333334, ""B"": 2.5, ""E"": 4.166666666666667}","{""A"": 8.333333333333334, ""B"": 2.5, ""E"": 4.166666666666667}",15.0,0.18,14.82,14.82,0.0,14.82,11.25,3.5700000000000003,0.0,1.0133333333333336,0.0,ZBO,120.0,0.012,"[""ZBO""]",0.0,1.0,[]
2037-11,0.0,15.833333333333334,11.25,"{""A"": 130.0, ""B"": 50.0, ""C"": 0, ""D"": 0, ""E"": 50.0}","{""A"": 10.0, ""B"": 2.5, ""E"": 4.166666666666667}","[{""actual_arrival_month"": ""2037-12"", ""actual_delivery_share"": 1.0, ""availability_share"": 1.0, ""feasible_t"": 8.333333333333334, ""gross_delivery_t"": 8.333333333333334, ""order_month"": ""2036-12"", ""planned_arrival_month"": ""2037-12"", ""requested_t"": 8.333333333333334, ""shipment_id"": ""S0024"", ""source_id"": ""A"", ""source_name"": ""Earth-Core"", ""unfulfilled_request_t"": 0.0}, {""actual_arrival_month"": ""2038-01"", ""actual_delivery_share"": 1.0, ""availability_share"": 1.0, ""feasible_t"": 10.0, ""gross_delivery_t"": 10.0, ""order_month"": ""2037-01"", ""planned_arrival_month"": ""2038-01"", ""requested_t"": 10.0, ""shipment_id"": ""S0025"", ""source_id"": ""A"", ""source_name"": ""Earth-Core"", ""unfulfilled_request_t"": 0.0}, {""actual_arrival_month"": ""2038-02"", ""actual_delivery_share"": 1.0, ""availability_share"": 1.0, ""feasible_t"": 10.0, ""gross_delivery_t"": 10.0, ""order_month"": ""2037-02"", ""planned_arrival_month"": ""2038-02"", ""requested_t"": 10.0, ""shipment_id"": ""S0026"", ""source_id"": ""A"", ""source_name"": ""Earth-Core"", ""unfulfilled_request_t"": 0.0}, {""actual_arrival_month"": ""2038-03"", ""actual_delivery_share"": 1.0, ""availability_share"": 1.0, ""feasible_t"": 10.0, ""gross_delivery_t"": 10.0, ""order_month"": ""2037-03"", ""planned_arrival_month"": ""2038-03"", ""requested_t"": 10.0, ""shipment_id"": ""S0027"", ""source_id"": ""A"", ""source_name"": ""Earth-Core"", ""unfulfilled_request_t"": 0.0}, {""actual_arrival_month"": ""2038-04"", ""actual_delivery_share"": 1.0, ""availability_share"": 1.0, ""feasible_t"": 10.0, ""gross_delivery_t"": 10.0, ""order_month"": ""2037-04"", ""planned_arrival_month"": ""2038-04"", ""requested_t"": 10.0, ""shipment_id"": ""S0028"", ""source_id"": ""A"", ""source_name"": ""Earth-Core"", ""unfulfilled_request_t"": 0.0}, {""actual_arrival_month"": ""2038-05"", ""actual_delivery_share"": 1.0, ""availability_share"": 1.0, ""feasible_t"": 10.0, ""gross_delivery_t"": 10.0, ""order_month"": ""2037-05"", ""planned_arrival_month"": ""2038-05"", ""requested_t"": 10.0, ""shipment_id"": ""S0029"", ""source_id"": ""A"", ""source_name"": ""Earth-Core"", ""unfulfilled_request_t"": 0.0}, {""actual_arrival_month"": ""2038-06"", ""actual_delivery_share"": 1.0, ""availability_share"": 1.0, ""feasible_t"": 10.0, ""gross_delivery_t"": 10.0, ""order_month"": ""2037-06"", ""planned_arrival_month"": ""2038-06"", ""requested_t"": 10.0, ""shipment_id"": ""S0030"", ""source_id"": ""A"", ""source_name"": ""Earth-Core"", ""unfulfilled_request_t"": 0.0}, {""actual_arrival_month"": ""2038-07"", ""actual_delivery_share"": 1.0, ""availability_share"": 1.0, ""feasible_t"": 10.0, ""gross_delivery_t"": 10.0, ""order_month"": ""2037-07"", ""planned_arrival_month"": ""2038-07"", ""requested_t"": 10.0, ""shipment_id"": ""S0031"", ""source_id"": ""A"", ""source_name"": ""Earth-Core"", ""unfulfilled_request_t"": 0.0}, {""actual_arrival_month"": ""2038-08"", ""actual_delivery_share"": 1.0, ""availability_share"": 1.0, ""feasible_t"": 10.0, ""gross_delivery_t"": 10.0, ""order_month"": ""2037-08"", ""planned_arrival_month"": ""2038-08"", ""requested_t"": 10.0, ""shipment_id"": ""S0032"", ""source_id"": ""A"", ""source_name"": ""Earth-Core"", ""unfulfilled_request_t"": 0.0}, {""actual_arrival_month"": ""2038-09"", ""actual_delivery_share"": 1.0, ""availability_share"": 1.0, ""feasible_t"": 10.0, ""gross_delivery_t"": 10.0, ""order_month"": ""2037-09"", ""planned_arrival_month"": ""2038-09"", ""requested_t"": 10.0, ""shipment_id"": ""S0033"", ""source_id"": ""A"", ""source_name"": ""Earth-Core"", ""unfulfilled_request_t"": 0.0}, {""actual_arrival_month"": ""2038-10"", ""actual_delivery_share"": 1.0, ""availability_share"": 1.0, ""feasible_t"": 10.0, ""gross_delivery_t"": 10.0, ""order_month"": ""2037-10"", ""planned_arrival_month"": ""2038-10"", ""requested_t"": 10.0, ""shipment_id"": ""S0034"", ""source_id"": ""A"", ""source_name"": ""Earth-Core"", ""unfulfilled_request_t"": 0.0}, {""actual_arrival_month"": ""2038-11"", ""actual_delivery_share"": 1.0, ""availability_share"": 1.0, ""feasible_t"": 10.0, ""gross_delivery_t"": 10.0, ""order_month"": ""2037-11"", ""planned_arrival_month"": ""2038-11"", ""requested_t"": 10.0, ""shipment_id"": ""S0035"", ""source_id"": ""A"", ""source_name"": ""Earth-Core"", ""unfulfilled_request_t"": 0.0}, {""actual_arrival_month"": ""2037-12"", ""actual_delivery_share"": 1.0, ""availability_share"": 1.0, ""feasible_t"": 2.5, ""gross_delivery_t"": 2.5, ""order_month"": ""2037-08"", ""planned_arrival_month"": ""2037-12"", ""requested_t"": 2.5, ""shipment_id"": ""S0104"", ""source_id"": ""B"", ""source_name"": ""Earth-Flex"", ""unfulfilled_request_t"": 0.0}, {""actual_arrival_month"": ""2038-01"", ""actual_delivery_share"": 1.0, ""availability_share"": 1.0, ""feasible_t"": 2.5, ""gross_delivery_t"": 2.5, ""order_month"": ""2037-09"", ""planned_arrival_month"": ""2038-01"", ""requested_t"": 2.5, ""shipment_id"": ""S0105"", ""source_id"": ""B"", ""source_name"": ""Earth-Flex"", ""unfulfilled_request_t"": 0.0}, {""actual_arrival_month"": ""2038-02"", ""actual_delivery_share"": 1.0, ""availability_share"": 1.0, ""feasible_t"": 2.5, ""gross_delivery_t"": 2.5, ""order_month"": ""2037-10"", ""planned_arrival_month"": ""2038-02"", ""requested_t"": 2.5, ""shipment_id"": ""S0106"", ""source_id"": ""B"", ""source_name"": ""Earth-Flex"", ""unfulfilled_request_t"": 0.0}, {""actual_arrival_month"": ""2038-03"", ""actual_delivery_share"": 1.0, ""availability_share"": 1.0, ""feasible_t"": 2.5, ""gross_delivery_t"": 2.5, ""order_month"": ""2037-11"", ""planned_arrival_month"": ""2038-03"", ""requested_t"": 2.5, ""shipment_id"": ""S0107"", ""source_id"": ""B"", ""source_name"": ""Earth-Flex"", ""unfulfilled_request_t"": 0.0}, {""actual_arrival_month"": ""2037-12"", ""actual_delivery_share"": 1.0, ""availability_share"": 1.0, ""feasible_t"": 4.166666666666667, ""gross_delivery_t"": 4.166666666666667, ""order_month"": ""2037-10"", ""planned_arrival_month"": ""2037-12"", ""requested_t"": 4.166666666666667, ""shipment_id"": ""S0166"", ""source_id"": ""E"", ""source_name"": ""Emergency"", ""unfulfilled_request_t"": 0.0}, {""actual_arrival_month"": ""2038-01"", ""actual_delivery_share"": 1.0, ""availability_share"": 1.0, ""feasible_t"": 4.166666666666667, ""gross_delivery_t"": 4.166666666666667, ""order_month"": ""2037-11"", ""planned_arrival_month"": ""2038-01"", ""requested_t"": 4.166666666666667, ""shipment_id"": ""S0167"", ""source_id"": ""E"", ""source_name"": ""Emergency"", ""unfulfilled_request_t"": 0.0}]","{""A"": 8.333333333333334, ""B"": 2.5, ""E"": 4.166666666666667}","{""A"": 8.333333333333334, ""B"": 2.5, ""E"": 4.166666666666667}",15.0,0.18,14.82,14.82,0.0,14.82,11.25,3.5700000000000003,0.0,1.0133333333333336,0.0,ZBO,120.0,0.012,"[""ZBO""]",0.0,1.0,[]
2037-12,0.0,15.833333333333334,11.25,"{""A"": 130.0, ""B"": 50.0, ""C"": 0, ""D"": 0, ""E"": 50.0}","{""A"": 10.0, ""B"": 2.5, ""E"": 4.166666666666667}","[{""actual_arrival_month"": ""2038-01"", ""actual_delivery_share"": 1.0, ""availability_share"": 1.0, ""feasible_t"": 10.0, ""gross_delivery_t"": 10.0, ""order_month"": ""2037-01"", ""planned_arrival_month"": ""2038-01"", ""requested_t"": 10.0, ""shipment_id"": ""S0025"", ""source_id"": ""A"", ""source_name"": ""Earth-Core"", ""unfulfilled_request_t"": 0.0}, {""actual_arrival_month"": ""2038-02"", ""actual_delivery_share"": 1.0, ""availability_share"": 1.0, ""feasible_t"": 10.0, ""gross_delivery_t"": 10.0, ""order_month"": ""2037-02"", ""planned_arrival_month"": ""2038-02"", ""requested_t"": 10.0, ""shipment_id"": ""S0026"", ""source_id"": ""A"", ""source_name"": ""Earth-Core"", ""unfulfilled_request_t"": 0.0}, {""actual_arrival_month"": ""2038-03"", ""actual_delivery_share"": 1.0, ""availability_share"": 1.0, ""feasible_t"": 10.0, ""gross_delivery_t"": 10.0, ""order_month"": ""2037-03"", ""planned_arrival_month"": ""2038-03"", ""requested_t"": 10.0, ""shipment_id"": ""S0027"", ""source_id"": ""A"", ""source_name"": ""Earth-Core"", ""unfulfilled_request_t"": 0.0}, {""actual_arrival_month"": ""2038-04"", ""actual_delivery_share"": 1.0, ""availability_share"": 1.0, ""feasible_t"": 10.0, ""gross_delivery_t"": 10.0, ""order_month"": ""2037-04"", ""planned_arrival_month"": ""2038-04"", ""requested_t"": 10.0, ""shipment_id"": ""S0028"", ""source_id"": ""A"", ""source_name"": ""Earth-Core"", ""unfulfilled_request_t"": 0.0}, {""actual_arrival_month"": ""2038-05"", ""actual_delivery_share"": 1.0, ""availability_share"": 1.0, ""feasible_t"": 10.0, ""gross_delivery_t"": 10.0, ""order_month"": ""2037-05"", ""planned_arrival_month"": ""2038-05"", ""requested_t"": 10.0, ""shipment_id"": ""S0029"", ""source_id"": ""A"", ""source_name"": ""Earth-Core"", ""unfulfilled_request_t"": 0.0}, {""actual_arrival_month"": ""2038-06"", ""actual_delivery_share"": 1.0, ""availability_share"": 1.0, ""feasible_t"": 10.0, ""gross_delivery_t"": 10.0, ""order_month"": ""2037-06"", ""planned_arrival_month"": ""2038-06"", ""requested_t"": 10.0, ""shipment_id"": ""S0030"", ""source_id"": ""A"", ""source_name"": ""Earth-Core"", ""unfulfilled_request_t"": 0.0}, {""actual_arrival_month"": ""2038-07"", ""actual_delivery_share"": 1.0, ""availability_share"": 1.0, ""feasible_t"": 10.0, ""gross_delivery_t"": 10.0, ""order_month"": ""2037-07"", ""planned_arrival_month"": ""2038-07"", ""requested_t"": 10.0, ""shipment_id"": ""S0031"", ""source_id"": ""A"", ""source_name"": ""Earth-Core"", ""unfulfilled_request_t"": 0.0}, {""actual_arrival_month"": ""2038-08"", ""actual_delivery_share"": 1.0, ""availability_share"": 1.0, ""feasible_t"": 10.0, ""gross_delivery_t"": 10.0, ""order_month"": ""2037-08"", ""planned_arrival_month"": ""2038-08"", ""requested_t"": 10.0, ""shipment_id"": ""S0032"", ""source_id"": ""A"", ""source_name"": ""Earth-Core"", ""unfulfilled_request_t"": 0.0}, {""actual_arrival_month"": ""2038-09"", ""actual_delivery_share"": 1.0, ""availability_share"": 1.0, ""feasible_t"": 10.0, ""gross_delivery_t"": 10.0, ""order_month"": ""2037-09"", ""planned_arrival_month"": ""2038-09"", ""requested_t"": 10.0, ""shipment_id"": ""S0033"", ""source_id"": ""A"", ""source_name"": ""Earth-Core"", ""unfulfilled_request_t"": 0.0}, {""actual_arrival_month"": ""2038-10"", ""actual_delivery_share"": 1.0, ""availability_share"": 1.0, ""feasible_t"": 10.0, ""gross_delivery_t"": 10.0, ""order_month"": ""2037-10"", ""planned_arrival_month"": ""2038-10"", ""requested_t"": 10.0, ""shipment_id"": ""S0034"", ""source_id"": ""A"", ""source_name"": ""Earth-Core"", ""unfulfilled_request_t"": 0.0}, {""actual_arrival_month"": ""2038-11"", ""actual_delivery_share"": 1.0, ""availability_share"": 1.0, ""feasible_t"": 10.0, ""gross_delivery_t"": 10.0, ""order_month"": ""2037-11"", ""planned_arrival_month"": ""2038-11"", ""requested_t"": 10.0, ""shipment_id"": ""S0035"", ""source_id"": ""A"", ""source_name"": ""Earth-Core"", ""unfulfilled_request_t"": 0.0}, {""actual_arrival_month"": ""2038-12"", ""actual_delivery_share"": 1.0, ""availability_share"": 1.0, ""feasible_t"": 10.0, ""gross_delivery_t"": 10.0, ""order_month"": ""2037-12"", ""planned_arrival_month"": ""2038-12"", ""requested_t"": 10.0, ""shipment_id"": ""S0036"", ""source_id"": ""A"", ""source_name"": ""Earth-Core"", ""unfulfilled_request_t"": 0.0}, {""actual_arrival_month"": ""2038-01"", ""actual_delivery_share"": 1.0, ""availability_share"": 1.0, ""feasible_t"": 2.5, ""gross_delivery_t"": 2.5, ""order_month"": ""2037-09"", ""planned_arrival_month"": ""2038-01"", ""requested_t"": 2.5, ""shipment_id"": ""S0105"", ""source_id"": ""B"", ""source_name"": ""Earth-Flex"", ""unfulfilled_request_t"": 0.0}, {""actual_arrival_month"": ""2038-02"", ""actual_delivery_share"": 1.0, ""availability_share"": 1.0, ""feasible_t"": 2.5, ""gross_delivery_t"": 2.5, ""order_month"": ""2037-10"", ""planned_arrival_month"": ""2038-02"", ""requested_t"": 2.5, ""shipment_id"": ""S0106"", ""source_id"": ""B"", ""source_name"": ""Earth-Flex"", ""unfulfilled_request_t"": 0.0}, {""actual_arrival_month"": ""2038-03"", ""actual_delivery_share"": 1.0, ""availability_share"": 1.0, ""feasible_t"": 2.5, ""gross_delivery_t"": 2.5, ""order_month"": ""2037-11"", ""planned_arrival_month"": ""2038-03"", ""requested_t"": 2.5, ""shipment_id"": ""S0107"", ""source_id"": ""B"", ""source_name"": ""Earth-Flex"", ""unfulfilled_request_t"": 0.0}, {""actual_arrival_month"": ""2038-04"", ""actual_delivery_share"": 1.0, ""availability_share"": 1.0, ""feasible_t"": 2.5, ""gross_delivery_t"": 2.5, ""order_month"": ""2037-12"", ""planned_arrival_month"": ""2038-04"", ""requested_t"": 2.5, ""shipment_id"": ""S0108"", ""source_id"": ""B"", ""source_name"": ""Earth-Flex"", ""unfulfilled_request_t"": 0.0}, {""actual_arrival_month"": ""2038-01"", ""actual_delivery_share"": 1.0, ""availability_share"": 1.0, ""feasible_t"": 4.166666666666667, ""gross_delivery_t"": 4.166666666666667, ""order_month"": ""2037-11"", ""planned_arrival_month"": ""2038-01"", ""requested_t"": 4.166666666666667, ""shipment_id"": ""S0167"", ""source_id"": ""E"", ""source_name"": ""Emergency"", ""unfulfilled_request_t"": 0.0}, {""actual_arrival_month"": ""2038-02"", ""actual_delivery_share"": 1.0, ""availability_share"": 1.0, ""feasible_t"": 4.166666666666667, ""gross_delivery_t"": 4.166666666666667, ""order_month"": ""2037-12"", ""planned_arrival_month"": ""2038-02"", ""requested_t"": 4.166666666666667, ""shipment_id"": ""S0168"", ""source_id"": ""E"", ""source_name"": ""Emergency"", ""unfulfilled_request_t"": 0.0}]","{""A"": 8.333333333333334, ""B"": 2.5, ""E"": 4.166666666666667}","{""A"": 8.333333333333334, ""B"": 2.5, ""E"": 4.166666666666667}",15.0,0.18,14.82,14.82,0.0,14.82,11.25,3.5700000000000003,0.0,1.0133333333333336,0.0,ZBO,120.0,0.012,"[""ZBO""]",0.0,1.0,[]
2038-01,0.0,23.958333333333332,16.291666666666664,"{""A"": 150.0, ""B"": 60.0, ""C"": 0, ""D"": 0, ""E"": 65.0}","{""A"": 11.666666666666666, ""B"": 3.3333333333333335, ""E"": 5.416666666666667}","[{""actual_arrival_month"": ""2038-02"", ""actual_delivery_share"": 1.0, ""availability_share"": 1.0, ""feasible_t"": 10.0, ""gross_delivery_t"": 10.0, ""order_month"": ""2037-02"", ""planned_arrival_month"": ""2038-02"", ""requested_t"": 10.0, ""shipment_id"": ""S0026"", ""source_id"": ""A"", ""source_name"": ""Earth-Core"", ""unfulfilled_request_t"": 0.0}, {""actual_arrival_month"": ""2038-03"", ""actual_delivery_share"": 1.0, ""availability_share"": 1.0, ""feasible_t"": 10.0, ""gross_delivery_t"": 10.0, ""order_month"": ""2037-03"", ""planned_arrival_month"": ""2038-03"", ""requested_t"": 10.0, ""shipment_id"": ""S0027"", ""source_id"": ""A"", ""source_name"": ""Earth-Core"", ""unfulfilled_request_t"": 0.0}, {""actual_arrival_month"": ""2038-04"", ""actual_delivery_share"": 1.0, ""availability_share"": 1.0, ""feasible_t"": 10.0, ""gross_delivery_t"": 10.0, ""order_month"": ""2037-04"", ""planned_arrival_month"": ""2038-04"", ""requested_t"": 10.0, ""shipment_id"": ""S0028"", ""source_id"": ""A"", ""source_name"": ""Earth-Core"", ""unfulfilled_request_t"": 0.0}, {""actual_arrival_month"": ""2038-05"", ""actual_delivery_share"": 1.0, ""availability_share"": 1.0, ""feasible_t"": 10.0, ""gross_delivery_t"": 10.0, ""order_month"": ""2037-05"", ""planned_arrival_month"": ""2038-05"", ""requested_t"": 10.0, ""shipment_id"": ""S0029"", ""source_id"": ""A"", ""source_name"": ""Earth-Core"", ""unfulfilled_request_t"": 0.0}, {""actual_arrival_month"": ""2038-06"", ""actual_delivery_share"": 1.0, ""availability_share"": 1.0, ""feasible_t"": 10.0, ""gross_delivery_t"": 10.0, ""order_month"": ""2037-06"", ""planned_arrival_month"": ""2038-06"", ""requested_t"": 10.0, ""shipment_id"": ""S0030"", ""source_id"": ""A"", ""source_name"": ""Earth-Core"", ""unfulfilled_request_t"": 0.0}, {""actual_arrival_month"": ""2038-07"", ""actual_delivery_share"": 1.0, ""availability_share"": 1.0, ""feasible_t"": 10.0, ""gross_delivery_t"": 10.0, ""order_month"": ""2037-07"", ""planned_arrival_month"": ""2038-07"", ""requested_t"": 10.0, ""shipment_id"": ""S0031"", ""source_id"": ""A"", ""source_name"": ""Earth-Core"", ""unfulfilled_request_t"": 0.0}, {""actual_arrival_month"": ""2038-08"", ""actual_delivery_share"": 1.0, ""availability_share"": 1.0, ""feasible_t"": 10.0, ""gross_delivery_t"": 10.0, ""order_month"": ""2037-08"", ""planned_arrival_month"": ""2038-08"", ""requested_t"": 10.0, ""shipment_id"": ""S0032"", ""source_id"": ""A"", ""source_name"": ""Earth-Core"", ""unfulfilled_request_t"": 0.0}, {""actual_arrival_month"": ""2038-09"", ""actual_delivery_share"": 1.0, ""availability_share"": 1.0, ""feasible_t"": 10.0, ""gross_delivery_t"": 10.0, ""order_month"": ""2037-09"", ""planned_arrival_month"": ""2038-09"", ""requested_t"": 10.0, ""shipment_id"": ""S0033"", ""source_id"": ""A"", ""source_name"": ""Earth-Core"", ""unfulfilled_request_t"": 0.0}, {""actual_arrival_month"": ""2038-10"", ""actual_delivery_share"": 1.0, ""availability_share"": 1.0, ""feasible_t"": 10.0, ""gross_delivery_t"": 10.0, ""order_month"": ""2037-10"", ""planned_arrival_month"": ""2038-10"", ""requested_t"": 10.0, ""shipment_id"": ""S0034"", ""source_id"": ""A"", ""source_name"": ""Earth-Core"", ""unfulfilled_request_t"": 0.0}, {""actual_arrival_month"": ""2038-11"", ""actual_delivery_share"": 1.0, ""availability_share"": 1.0, ""feasible_t"": 10.0, ""gross_delivery_t"": 10.0, ""order_month"": ""2037-11"", ""planned_arrival_month"": ""2038-11"", ""requested_t"": 10.0, ""shipment_id"": ""S0035"", ""source_id"": ""A"", ""source_name"": ""Earth-Core"", ""unfulfilled_request_t"": 0.0}, {""actual_arrival_month"": ""2038-12"", ""actual_delivery_share"": 1.0, ""availability_share"": 1.0, ""feasible_t"": 10.0, ""gross_delivery_t"": 10.0, ""order_month"": ""2037-12"", ""planned_arrival_month"": ""2038-12"", ""requested_t"": 10.0, ""shipment_id"": ""S0036"", ""source_id"": ""A"", ""source_name"": ""Earth-Core"", ""unfulfilled_request_t"": 0.0}, {""actual_arrival_month"": ""2039-01"", ""actual_delivery_share"": 1.0, ""availability_share"": 1.0, ""feasible_t"": 11.666666666666666, ""gross_delivery_t"": 11.666666666666666, ""order_month"": ""2038-01"", ""planned_arrival_month"": ""2039-01"", ""requested_t"": 11.666666666666666, ""shipment_id"": ""S0037"", ""source_id"": ""A"", ""source_name"": ""Earth-Core"", ""unfulfilled_request_t"": 0.0}, {""actual_arrival_month"": ""2038-02"", ""actual_delivery_share"": 1.0, ""availability_share"": 1.0, ""feasible_t"": 2.5, ""gross_delivery_t"": 2.5, ""order_month"": ""2037-10"", ""planned_arrival_month"": ""2038-02"", ""requested_t"": 2.5, ""shipment_id"": ""S0106"", ""source_id"": ""B"", ""source_name"": ""Earth-Flex"", ""unfulfilled_request_t"": 0.0}, {""actual_arrival_month"": ""2038-03"", ""actual_delivery_share"": 1.0, ""availability_share"": 1.0, ""feasible_t"": 2.5, ""gross_delivery_t"": 2.5, ""order_month"": ""2037-11"", ""planned_arrival_month"": ""2038-03"", ""requested_t"": 2.5, ""shipment_id"": ""S0107"", ""source_id"": ""B"", ""source_name"": ""Earth-Flex"", ""unfulfilled_request_t"": 0.0}, {""actual_arrival_month"": ""2038-04"", ""actual_delivery_share"": 1.0, ""availability_share"": 1.0, ""feasible_t"": 2.5, ""gross_delivery_t"": 2.5, ""order_month"": ""2037-12"", ""planned_arrival_month"": ""2038-04"", ""requested_t"": 2.5, ""shipment_id"": ""S0108"", ""source_id"": ""B"", ""source_name"": ""Earth-Flex"", ""unfulfilled_request_t"": 0.0}, {""actual_arrival_month"": ""2038-05"", ""actual_delivery_share"": 1.0, ""availability_share"": 1.0, ""feasible_t"": 3.3333333333333335, ""gross_delivery_t"": 3.3333333333333335, ""order_month"": ""2038-01"", ""planned_arrival_month"": ""2038-05"", ""requested_t"": 3.3333333333333335, ""shipment_id"": ""S0109"", ""source_id"": ""B"", ""source_name"": ""Earth-Flex"", ""unfulfilled_request_t"": 0.0}, {""actual_arrival_month"": ""2038-02"", ""actual_delivery_share"": 1.0, ""availability_share"": 1.0, ""feasible_t"": 4.166666666666667, ""gross_delivery_t"": 4.166666666666667, ""order_month"": ""2037-12"", ""planned_arrival_month"": ""2038-02"", ""requested_t"": 4.166666666666667, ""shipment_id"": ""S0168"", ""source_id"": ""E"", ""source_name"": ""Emergency"", ""unfulfilled_request_t"": 0.0}, {""actual_arrival_month"": ""2038-03"", ""actual_delivery_share"": 1.0, ""availability_share"": 1.0, ""feasible_t"": 5.416666666666667, ""gross_delivery_t"": 5.416666666666667, ""order_month"": ""2038-01"", ""planned_arrival_month"": ""2038-03"", ""requested_t"": 5.416666666666667, ""shipment_id"": ""S0169"", ""source_id"": ""E"", ""source_name"": ""Emergency"", ""unfulfilled_request_t"": 0.0}]","{""A"": 10.0, ""B"": 2.5, ""E"": 4.166666666666667}","{""A"": 10.0, ""B"": 2.5, ""E"": 4.166666666666667}",16.666666666666668,0.2,16.46666666666667,16.46666666666667,0.0,16.46666666666667,16.291666666666664,0.17500000000000426,0.0,7.491666666666664,0.0,ZBO,120.0,0.012,"[""ZBO""]",0.0,1.0,"[""RESERVE_45D""]"
2038-02,0.0,23.958333333333332,16.291666666666664,"{""A"": 150.0, ""B"": 60.0, ""C"": 0, ""D"": 0, ""E"": 65.0}","{""A"": 11.666666666666666, ""B"": 3.3333333333333335, ""E"": 5.416666666666667}","[{""actual_arrival_month"": ""2038-03"", ""actual_delivery_share"": 1.0, ""availability_share"": 1.0, ""feasible_t"": 10.0, ""gross_delivery_t"": 10.0, ""order_month"": ""2037-03"", ""planned_arrival_month"": ""2038-03"", ""requested_t"": 10.0, ""shipment_id"": ""S0027"", ""source_id"": ""A"", ""source_name"": ""Earth-Core"", ""unfulfilled_request_t"": 0.0}, {""actual_arrival_month"": ""2038-04"", ""actual_delivery_share"": 1.0, ""availability_share"": 1.0, ""feasible_t"": 10.0, ""gross_delivery_t"": 10.0, ""order_month"": ""2037-04"", ""planned_arrival_month"": ""2038-04"", ""requested_t"": 10.0, ""shipment_id"": ""S0028"", ""source_id"": ""A"", ""source_name"": ""Earth-Core"", ""unfulfilled_request_t"": 0.0}, {""actual_arrival_month"": ""2038-05"", ""actual_delivery_share"": 1.0, ""availability_share"": 1.0, ""feasible_t"": 10.0, ""gross_delivery_t"": 10.0, ""order_month"": ""2037-05"", ""planned_arrival_month"": ""2038-05"", ""requested_t"": 10.0, ""shipment_id"": ""S0029"", ""source_id"": ""A"", ""source_name"": ""Earth-Core"", ""unfulfilled_request_t"": 0.0}, {""actual_arrival_month"": ""2038-06"", ""actual_delivery_share"": 1.0, ""availability_share"": 1.0, ""feasible_t"": 10.0, ""gross_delivery_t"": 10.0, ""order_month"": ""2037-06"", ""planned_arrival_month"": ""2038-06"", ""requested_t"": 10.0, ""shipment_id"": ""S0030"", ""source_id"": ""A"", ""source_name"": ""Earth-Core"", ""unfulfilled_request_t"": 0.0}, {""actual_arrival_month"": ""2038-07"", ""actual_delivery_share"": 1.0, ""availability_share"": 1.0, ""feasible_t"": 10.0, ""gross_delivery_t"": 10.0, ""order_month"": ""2037-07"", ""planned_arrival_month"": ""2038-07"", ""requested_t"": 10.0, ""shipment_id"": ""S0031"", ""source_id"": ""A"", ""source_name"": ""Earth-Core"", ""unfulfilled_request_t"": 0.0}, {""actual_arrival_month"": ""2038-08"", ""actual_delivery_share"": 1.0, ""availability_share"": 1.0, ""feasible_t"": 10.0, ""gross_delivery_t"": 10.0, ""order_month"": ""2037-08"", ""planned_arrival_month"": ""2038-08"", ""requested_t"": 10.0, ""shipment_id"": ""S0032"", ""source_id"": ""A"", ""source_name"": ""Earth-Core"", ""unfulfilled_request_t"": 0.0}, {""actual_arrival_month"": ""2038-09"", ""actual_delivery_share"": 1.0, ""availability_share"": 1.0, ""feasible_t"": 10.0, ""gross_delivery_t"": 10.0, ""order_month"": ""2037-09"", ""planned_arrival_month"": ""2038-09"", ""requested_t"": 10.0, ""shipment_id"": ""S0033"", ""source_id"": ""A"", ""source_name"": ""Earth-Core"", ""unfulfilled_request_t"": 0.0}, {""actual_arrival_month"": ""2038-10"", ""actual_delivery_share"": 1.0, ""availability_share"": 1.0, ""feasible_t"": 10.0, ""gross_delivery_t"": 10.0, ""order_month"": ""2037-10"", ""planned_arrival_month"": ""2038-10"", ""requested_t"": 10.0, ""shipment_id"": ""S0034"", ""source_id"": ""A"", ""source_name"": ""Earth-Core"", ""unfulfilled_request_t"": 0.0}, {""actual_arrival_month"": ""2038-11"", ""actual_delivery_share"": 1.0, ""availability_share"": 1.0, ""feasible_t"": 10.0, ""gross_delivery_t"": 10.0, ""order_month"": ""2037-11"", ""planned_arrival_month"": ""2038-11"", ""requested_t"": 10.0, ""shipment_id"": ""S0035"", ""source_id"": ""A"", ""source_name"": ""Earth-Core"", ""unfulfilled_request_t"": 0.0}, {""actual_arrival_month"": ""2038-12"", ""actual_delivery_share"": 1.0, ""availability_share"": 1.0, ""feasible_t"": 10.0, ""gross_delivery_t"": 10.0, ""order_month"": ""2037-12"", ""planned_arrival_month"": ""2038-12"", ""requested_t"": 10.0, ""shipment_id"": ""S0036"", ""source_id"": ""A"", ""source_name"": ""Earth-Core"", ""unfulfilled_request_t"": 0.0}, {""actual_arrival_month"": ""2039-01"", ""actual_delivery_share"": 1.0, ""availability_share"": 1.0, ""feasible_t"": 11.666666666666666, ""gross_delivery_t"": 11.666666666666666, ""order_month"": ""2038-01"", ""planned_arrival_month"": ""2039-01"", ""requested_t"": 11.666666666666666, ""shipment_id"": ""S0037"", ""source_id"": ""A"", ""source_name"": ""Earth-Core"", ""unfulfilled_request_t"": 0.0}, {""actual_arrival_month"": ""2039-02"", ""actual_delivery_share"": 1.0, ""availability_share"": 1.0, ""feasible_t"": 11.666666666666666, ""gross_delivery_t"": 11.666666666666666, ""order_month"": ""2038-02"", ""planned_arrival_month"": ""2039-02"", ""requested_t"": 11.666666666666666, ""shipment_id"": ""S0038"", ""source_id"": ""A"", ""source_name"": ""Earth-Core"", ""unfulfilled_request_t"": 0.0}, {""actual_arrival_month"": ""2038-03"", ""actual_delivery_share"": 1.0, ""availability_share"": 1.0, ""feasible_t"": 2.5, ""gross_delivery_t"": 2.5, ""order_month"": ""2037-11"", ""planned_arrival_month"": ""2038-03"", ""requested_t"": 2.5, ""shipment_id"": ""S0107"", ""source_id"": ""B"", ""source_name"": ""Earth-Flex"", ""unfulfilled_request_t"": 0.0}, {""actual_arrival_month"": ""2038-04"", ""actual_delivery_share"": 1.0, ""availability_share"": 1.0, ""feasible_t"": 2.5, ""gross_delivery_t"": 2.5, ""order_month"": ""2037-12"", ""planned_arrival_month"": ""2038-04"", ""requested_t"": 2.5, ""shipment_id"": ""S0108"", ""source_id"": ""B"", ""source_name"": ""Earth-Flex"", ""unfulfilled_request_t"": 0.0}, {""actual_arrival_month"": ""2038-05"", ""actual_delivery_share"": 1.0, ""availability_share"": 1.0, ""feasible_t"": 3.3333333333333335, ""gross_delivery_t"": 3.3333333333333335, ""order_month"": ""2038-01"", ""planned_arrival_month"": ""2038-05"", ""requested_t"": 3.3333333333333335, ""shipment_id"": ""S0109"", ""source_id"": ""B"", ""source_name"": ""Earth-Flex"", ""unfulfilled_request_t"": 0.0}, {""actual_arrival_month"": ""2038-06"", ""actual_delivery_share"": 1.0, ""availability_share"": 1.0, ""feasible_t"": 3.3333333333333335, ""gross_delivery_t"": 3.3333333333333335, ""order_month"": ""2038-02"", ""planned_arrival_month"": ""2038-06"", ""requested_t"": 3.3333333333333335, ""shipment_id"": ""S0110"", ""source_id"": ""B"", ""source_name"": ""Earth-Flex"", ""unfulfilled_request_t"": 0.0}, {""actual_arrival_month"": ""2038-03"", ""actual_delivery_share"": 1.0, ""availability_share"": 1.0, ""feasible_t"": 5.416666666666667, ""gross_delivery_t"": 5.416666666666667, ""order_month"": ""2038-01"", ""planned_arrival_month"": ""2038-03"", ""requested_t"": 5.416666666666667, ""shipment_id"": ""S0169"", ""source_id"": ""E"", ""source_name"": ""Emergency"", ""unfulfilled_request_t"": 0.0}, {""actual_arrival_month"": ""2038-04"", ""actual_delivery_share"": 1.0, ""availability_share"": 1.0, ""feasible_t"": 5.416666666666667, ""gross_delivery_t"": 5.416666666666667, ""order_month"": ""2038-02"", ""planned_arrival_month"": ""2038-04"", ""requested_t"": 5.416666666666667, ""shipment_id"": ""S0170"", ""source_id"": ""E"", ""source_name"": ""Emergency"", ""unfulfilled_request_t"": 0.0}]","{""A"": 10.0, ""B"": 2.5, ""E"": 4.166666666666667}","{""A"": 10.0, ""B"": 2.5, ""E"": 4.166666666666667}",16.666666666666668,0.2,16.46666666666667,16.46666666666667,0.0,16.46666666666667,16.291666666666664,0.17500000000000426,0.0,7.491666666666664,0.0,ZBO,120.0,0.012,"[""ZBO""]",0.0,1.0,[]
2038-03,0.0,23.958333333333332,16.291666666666664,"{""A"": 150.0, ""B"": 60.0, ""C"": 0, ""D"": 0, ""E"": 65.0}","{""A"": 11.666666666666666, ""B"": 3.3333333333333335, ""E"": 5.416666666666667}","[{""actual_arrival_month"": ""2038-04"", ""actual_delivery_share"": 1.0, ""availability_share"": 1.0, ""feasible_t"": 10.0, ""gross_delivery_t"": 10.0, ""order_month"": ""2037-04"", ""planned_arrival_month"": ""2038-04"", ""requested_t"": 10.0, ""shipment_id"": ""S0028"", ""source_id"": ""A"", ""source_name"": ""Earth-Core"", ""unfulfilled_request_t"": 0.0}, {""actual_arrival_month"": ""2038-05"", ""actual_delivery_share"": 1.0, ""availability_share"": 1.0, ""feasible_t"": 10.0, ""gross_delivery_t"": 10.0, ""order_month"": ""2037-05"", ""planned_arrival_month"": ""2038-05"", ""requested_t"": 10.0, ""shipment_id"": ""S0029"", ""source_id"": ""A"", ""source_name"": ""Earth-Core"", ""unfulfilled_request_t"": 0.0}, {""actual_arrival_month"": ""2038-06"", ""actual_delivery_share"": 1.0, ""availability_share"": 1.0, ""feasible_t"": 10.0, ""gross_delivery_t"": 10.0, ""order_month"": ""2037-06"", ""planned_arrival_month"": ""2038-06"", ""requested_t"": 10.0, ""shipment_id"": ""S0030"", ""source_id"": ""A"", ""source_name"": ""Earth-Core"", ""unfulfilled_request_t"": 0.0}, {""actual_arrival_month"": ""2038-07"", ""actual_delivery_share"": 1.0, ""availability_share"": 1.0, ""feasible_t"": 10.0, ""gross_delivery_t"": 10.0, ""order_month"": ""2037-07"", ""planned_arrival_month"": ""2038-07"", ""requested_t"": 10.0, ""shipment_id"": ""S0031"", ""source_id"": ""A"", ""source_name"": ""Earth-Core"", ""unfulfilled_request_t"": 0.0}, {""actual_arrival_month"": ""2038-08"", ""actual_delivery_share"": 1.0, ""availability_share"": 1.0, ""feasible_t"": 10.0, ""gross_delivery_t"": 10.0, ""order_month"": ""2037-08"", ""planned_arrival_month"": ""2038-08"", ""requested_t"": 10.0, ""shipment_id"": ""S0032"", ""source_id"": ""A"", ""source_name"": ""Earth-Core"", ""unfulfilled_request_t"": 0.0}, {""actual_arrival_month"": ""2038-09"", ""actual_delivery_share"": 1.0, ""availability_share"": 1.0, ""feasible_t"": 10.0, ""gross_delivery_t"": 10.0, ""order_month"": ""2037-09"", ""planned_arrival_month"": ""2038-09"", ""requested_t"": 10.0, ""shipment_id"": ""S0033"", ""source_id"": ""A"", ""source_name"": ""Earth-Core"", ""unfulfilled_request_t"": 0.0}, {""actual_arrival_month"": ""2038-10"", ""actual_delivery_share"": 1.0, ""availability_share"": 1.0, ""feasible_t"": 10.0, ""gross_delivery_t"": 10.0, ""order_month"": ""2037-10"", ""planned_arrival_month"": ""2038-10"", ""requested_t"": 10.0, ""shipment_id"": ""S0034"", ""source_id"": ""A"", ""source_name"": ""Earth-Core"", ""unfulfilled_request_t"": 0.0}, {""actual_arrival_month"": ""2038-11"", ""actual_delivery_share"": 1.0, ""availability_share"": 1.0, ""feasible_t"": 10.0, ""gross_delivery_t"": 10.0, ""order_month"": ""2037-11"", ""planned_arrival_month"": ""2038-11"", ""requested_t"": 10.0, ""shipment_id"": ""S0035"", ""source_id"": ""A"", ""source_name"": ""Earth-Core"", ""unfulfilled_request_t"": 0.0}, {""actual_arrival_month"": ""2038-12"", ""actual_delivery_share"": 1.0, ""availability_share"": 1.0, ""feasible_t"": 10.0, ""gross_delivery_t"": 10.0, ""order_month"": ""2037-12"", ""planned_arrival_month"": ""2038-12"", ""requested_t"": 10.0, ""shipment_id"": ""S0036"", ""source_id"": ""A"", ""source_name"": ""Earth-Core"", ""unfulfilled_request_t"": 0.0}, {""actual_arrival_month"": ""2039-01"", ""actual_delivery_share"": 1.0, ""availability_share"": 1.0, ""feasible_t"": 11.666666666666666, ""gross_delivery_t"": 11.666666666666666, ""order_month"": ""2038-01"", ""planned_arrival_month"": ""2039-01"", ""requested_t"": 11.666666666666666, ""shipment_id"": ""S0037"", ""source_id"": ""A"", ""source_name"": ""Earth-Core"", ""unfulfilled_request_t"": 0.0}, {""actual_arrival_month"": ""2039-02"", ""actual_delivery_share"": 1.0, ""availability_share"": 1.0, ""feasible_t"": 11.666666666666666, ""gross_delivery_t"": 11.666666666666666, ""order_month"": ""2038-02"", ""planned_arrival_month"": ""2039-02"", ""requested_t"": 11.666666666666666, ""shipment_id"": ""S0038"", ""source_id"": ""A"", ""source_name"": ""Earth-Core"", ""unfulfilled_request_t"": 0.0}, {""actual_arrival_month"": ""2039-03"", ""actual_delivery_share"": 1.0, ""availability_share"": 1.0, ""feasible_t"": 11.666666666666666, ""gross_delivery_t"": 11.666666666666666, ""order_month"": ""2038-03"", ""planned_arrival_month"": ""2039-03"", ""requested_t"": 11.666666666666666, ""shipment_id"": ""S0039"", ""source_id"": ""A"", ""source_name"": ""Earth-Core"", ""unfulfilled_request_t"": 0.0}, {""actual_arrival_month"": ""2038-04"", ""actual_delivery_share"": 1.0, ""availability_share"": 1.0, ""feasible_t"": 2.5, ""gross_delivery_t"": 2.5, ""order_month"": ""2037-12"", ""planned_arrival_month"": ""2038-04"", ""requested_t"": 2.5, ""shipment_id"": ""S0108"", ""source_id"": ""B"", ""source_name"": ""Earth-Flex"", ""unfulfilled_request_t"": 0.0}, {""actual_arrival_month"": ""2038-05"", ""actual_delivery_share"": 1.0, ""availability_share"": 1.0, ""feasible_t"": 3.3333333333333335, ""gross_delivery_t"": 3.3333333333333335, ""order_month"": ""2038-01"", ""planned_arrival_month"": ""2038-05"", ""requested_t"": 3.3333333333333335, ""shipment_id"": ""S0109"", ""source_id"": ""B"", ""source_name"": ""Earth-Flex"", ""unfulfilled_request_t"": 0.0}, {""actual_arrival_month"": ""2038-06"", ""actual_delivery_share"": 1.0, ""availability_share"": 1.0, ""feasible_t"": 3.3333333333333335, ""gross_delivery_t"": 3.3333333333333335, ""order_month"": ""2038-02"", ""planned_arrival_month"": ""2038-06"", ""requested_t"": 3.3333333333333335, ""shipment_id"": ""S0110"", ""source_id"": ""B"", ""source_name"": ""Earth-Flex"", ""unfulfilled_request_t"": 0.0}, {""actual_arrival_month"": ""2038-07"", ""actual_delivery_share"": 1.0, ""availability_share"": 1.0, ""feasible_t"": 3.3333333333333335, ""gross_delivery_t"": 3.3333333333333335, ""order_month"": ""2038-03"", ""planned_arrival_month"": ""2038-07"", ""requested_t"": 3.3333333333333335, ""shipment_id"": ""S0111"", ""source_id"": ""B"", ""source_name"": ""Earth-Flex"", ""unfulfilled_request_t"": 0.0}, {""actual_arrival_month"": ""2038-04"", ""actual_delivery_share"": 1.0, ""availability_share"": 1.0, ""feasible_t"": 5.416666666666667, ""gross_delivery_t"": 5.416666666666667, ""order_month"": ""2038-02"", ""planned_arrival_month"": ""2038-04"", ""requested_t"": 5.416666666666667, ""shipment_id"": ""S0170"", ""source_id"": ""E"", ""source_name"": ""Emergency"", ""unfulfilled_request_t"": 0.0}, {""actual_arrival_month"": ""2038-05"", ""actual_delivery_share"": 1.0, ""availability_share"": 1.0, ""feasible_t"": 5.416666666666667, ""gross_delivery_t"": 5.416666666666667, ""order_month"": ""2038-03"", ""planned_arrival_month"": ""2038-05"", ""requested_t"": 5.416666666666667, ""shipment_id"": ""S0171"", ""source_id"": ""E"", ""source_name"": ""Emergency"", ""unfulfilled_request_t"": 0.0}]","{""A"": 10.0, ""B"": 2.5, ""E"": 5.416666666666667}","{""A"": 10.0, ""B"": 2.5, ""E"": 5.416666666666667}",17.916666666666668,0.21500000000000002,17.701666666666668,17.701666666666668,0.0,17.701666666666668,16.291666666666664,1.4100000000000037,0.0,6.256666666666664,0.0,ZBO,120.0,0.012,"[""ZBO""]",0.0,1.0,[]
2038-04,0.0,23.958333333333332,16.291666666666664,"{""A"": 150.0, ""B"": 60.0, ""C"": 0, ""D"": 0, ""E"": 65.0}","{""A"": 11.666666666666666, ""B"": 3.3333333333333335, ""E"": 5.416666666666667}","[{""actual_arrival_month"": ""2038-05"", ""actual_delivery_share"": 1.0, ""availability_share"": 1.0, ""feasible_t"": 10.0, ""gross_delivery_t"": 10.0, ""order_month"": ""2037-05"", ""planned_arrival_month"": ""2038-05"", ""requested_t"": 10.0, ""shipment_id"": ""S0029"", ""source_id"": ""A"", ""source_name"": ""Earth-Core"", ""unfulfilled_request_t"": 0.0}, {""actual_arrival_month"": ""2038-06"", ""actual_delivery_share"": 1.0, ""availability_share"": 1.0, ""feasible_t"": 10.0, ""gross_delivery_t"": 10.0, ""order_month"": ""2037-06"", ""planned_arrival_month"": ""2038-06"", ""requested_t"": 10.0, ""shipment_id"": ""S0030"", ""source_id"": ""A"", ""source_name"": ""Earth-Core"", ""unfulfilled_request_t"": 0.0}, {""actual_arrival_month"": ""2038-07"", ""actual_delivery_share"": 1.0, ""availability_share"": 1.0, ""feasible_t"": 10.0, ""gross_delivery_t"": 10.0, ""order_month"": ""2037-07"", ""planned_arrival_month"": ""2038-07"", ""requested_t"": 10.0, ""shipment_id"": ""S0031"", ""source_id"": ""A"", ""source_name"": ""Earth-Core"", ""unfulfilled_request_t"": 0.0}, {""actual_arrival_month"": ""2038-08"", ""actual_delivery_share"": 1.0, ""availability_share"": 1.0, ""feasible_t"": 10.0, ""gross_delivery_t"": 10.0, ""order_month"": ""2037-08"", ""planned_arrival_month"": ""2038-08"", ""requested_t"": 10.0, ""shipment_id"": ""S0032"", ""source_id"": ""A"", ""source_name"": ""Earth-Core"", ""unfulfilled_request_t"": 0.0}, {""actual_arrival_month"": ""2038-09"", ""actual_delivery_share"": 1.0, ""availability_share"": 1.0, ""feasible_t"": 10.0, ""gross_delivery_t"": 10.0, ""order_month"": ""2037-09"", ""planned_arrival_month"": ""2038-09"", ""requested_t"": 10.0, ""shipment_id"": ""S0033"", ""source_id"": ""A"", ""source_name"": ""Earth-Core"", ""unfulfilled_request_t"": 0.0}, {""actual_arrival_month"": ""2038-10"", ""actual_delivery_share"": 1.0, ""availability_share"": 1.0, ""feasible_t"": 10.0, ""gross_delivery_t"": 10.0, ""order_month"": ""2037-10"", ""planned_arrival_month"": ""2038-10"", ""requested_t"": 10.0, ""shipment_id"": ""S0034"", ""source_id"": ""A"", ""source_name"": ""Earth-Core"", ""unfulfilled_request_t"": 0.0}, {""actual_arrival_month"": ""2038-11"", ""actual_delivery_share"": 1.0, ""availability_share"": 1.0, ""feasible_t"": 10.0, ""gross_delivery_t"": 10.0, ""order_month"": ""2037-11"", ""planned_arrival_month"": ""2038-11"", ""requested_t"": 10.0, ""shipment_id"": ""S0035"", ""source_id"": ""A"", ""source_name"": ""Earth-Core"", ""unfulfilled_request_t"": 0.0}, {""actual_arrival_month"": ""2038-12"", ""actual_delivery_share"": 1.0, ""availability_share"": 1.0, ""feasible_t"": 10.0, ""gross_delivery_t"": 10.0, ""order_month"": ""2037-12"", ""planned_arrival_month"": ""2038-12"", ""requested_t"": 10.0, ""shipment_id"": ""S0036"", ""source_id"": ""A"", ""source_name"": ""Earth-Core"", ""unfulfilled_request_t"": 0.0}, {""actual_arrival_month"": ""2039-01"", ""actual_delivery_share"": 1.0, ""availability_share"": 1.0, ""feasible_t"": 11.666666666666666, ""gross_delivery_t"": 11.666666666666666, ""order_month"": ""2038-01"", ""planned_arrival_month"": ""2039-01"", ""requested_t"": 11.666666666666666, ""shipment_id"": ""S0037"", ""source_id"": ""A"", ""source_name"": ""Earth-Core"", ""unfulfilled_request_t"": 0.0}, {""actual_arrival_month"": ""2039-02"", ""actual_delivery_share"": 1.0, ""availability_share"": 1.0, ""feasible_t"": 11.666666666666666, ""gross_delivery_t"": 11.666666666666666, ""order_month"": ""2038-02"", ""planned_arrival_month"": ""2039-02"", ""requested_t"": 11.666666666666666, ""shipment_id"": ""S0038"", ""source_id"": ""A"", ""source_name"": ""Earth-Core"", ""unfulfilled_request_t"": 0.0}, {""actual_arrival_month"": ""2039-03"", ""actual_delivery_share"": 1.0, ""availability_share"": 1.0, ""feasible_t"": 11.666666666666666, ""gross_delivery_t"": 11.666666666666666, ""order_month"": ""2038-03"", ""planned_arrival_month"": ""2039-03"", ""requested_t"": 11.666666666666666, ""shipment_id"": ""S0039"", ""source_id"": ""A"", ""source_name"": ""Earth-Core"", ""unfulfilled_request_t"": 0.0}, {""actual_arrival_month"": ""2039-04"", ""actual_delivery_share"": 1.0, ""availability_share"": 1.0, ""feasible_t"": 11.666666666666666, ""gross_delivery_t"": 11.666666666666666, ""order_month"": ""2038-04"", ""planned_arrival_month"": ""2039-04"", ""requested_t"": 11.666666666666666, ""shipment_id"": ""S0040"", ""source_id"": ""A"", ""source_name"": ""Earth-Core"", ""unfulfilled_request_t"": 0.0}, {""actual_arrival_month"": ""2038-05"", ""actual_delivery_share"": 1.0, ""availability_share"": 1.0, ""feasible_t"": 3.3333333333333335, ""gross_delivery_t"": 3.3333333333333335, ""order_month"": ""2038-01"", ""planned_arrival_month"": ""2038-05"", ""requested_t"": 3.3333333333333335, ""shipment_id"": ""S0109"", ""source_id"": ""B"", ""source_name"": ""Earth-Flex"", ""unfulfilled_request_t"": 0.0}, {""actual_arrival_month"": ""2038-06"", ""actual_delivery_share"": 1.0, ""availability_share"": 1.0, ""feasible_t"": 3.3333333333333335, ""gross_delivery_t"": 3.3333333333333335, ""order_month"": ""2038-02"", ""planned_arrival_month"": ""2038-06"", ""requested_t"": 3.3333333333333335, ""shipment_id"": ""S0110"", ""source_id"": ""B"", ""source_name"": ""Earth-Flex"", ""unfulfilled_request_t"": 0.0}, {""actual_arrival_month"": ""2038-07"", ""actual_delivery_share"": 1.0, ""availability_share"": 1.0, ""feasible_t"": 3.3333333333333335, ""gross_delivery_t"": 3.3333333333333335, ""order_month"": ""2038-03"", ""planned_arrival_month"": ""2038-07"", ""requested_t"": 3.3333333333333335, ""shipment_id"": ""S0111"", ""source_id"": ""B"", ""source_name"": ""Earth-Flex"", ""unfulfilled_request_t"": 0.0}, {""actual_arrival_month"": ""2038-08"", ""actual_delivery_share"": 1.0, ""availability_share"": 1.0, ""feasible_t"": 3.3333333333333335, ""gross_delivery_t"": 3.3333333333333335, ""order_month"": ""2038-04"", ""planned_arrival_month"": ""2038-08"", ""requested_t"": 3.3333333333333335, ""shipment_id"": ""S0112"", ""source_id"": ""B"", ""source_name"": ""Earth-Flex"", ""unfulfilled_request_t"": 0.0}, {""actual_arrival_month"": ""2038-05"", ""actual_delivery_share"": 1.0, ""availability_share"": 1.0, ""feasible_t"": 5.416666666666667, ""gross_delivery_t"": 5.416666666666667, ""order_month"": ""2038-03"", ""planned_arrival_month"": ""2038-05"", ""requested_t"": 5.416666666666667, ""shipment_id"": ""S0171"", ""source_id"": ""E"", ""source_name"": ""Emergency"", ""unfulfilled_request_t"": 0.0}, {""actual_arrival_month"": ""2038-06"", ""actual_delivery_share"": 1.0, ""availability_share"": 1.0, ""feasible_t"": 5.416666666666667, ""gross_delivery_t"": 5.416666666666667, ""order_month"": ""2038-04"", ""planned_arrival_month"": ""2038-06"", ""requested_t"": 5.416666666666667, ""shipment_id"": ""S0172"", ""source_id"": ""E"", ""source_name"": ""Emergency"", ""unfulfilled_request_t"": 0.0}]","{""A"": 10.0, ""B"": 2.5, ""E"": 5.416666666666667}","{""A"": 10.0, ""B"": 2.5, ""E"": 5.416666666666667}",17.916666666666668,0.21500000000000002,17.701666666666668,17.701666666666668,0.0,17.701666666666668,16.291666666666664,1.4100000000000037,0.0,6.256666666666664,0.0,ZBO,120.0,0.012,"[""ZBO""]",0.0,1.0,[]
2038-05,0.0,23.958333333333332,16.291666666666664,"{""A"": 150.0, ""B"": 60.0, ""C"": 0, ""D"": 0, ""E"": 65.0}","{""A"": 11.666666666666666, ""B"": 3.3333333333333335, ""E"": 5.416666666666667}","[{""actual_arrival_month"": ""2038-06"", ""actual_delivery_share"": 1.0, ""availability_share"": 1.0, ""feasible_t"": 10.0, ""gross_delivery_t"": 10.0, ""order_month"": ""2037-06"", ""planned_arrival_month"": ""2038-06"", ""requested_t"": 10.0, ""shipment_id"": ""S0030"", ""source_id"": ""A"", ""source_name"": ""Earth-Core"", ""unfulfilled_request_t"": 0.0}, {""actual_arrival_month"": ""2038-07"", ""actual_delivery_share"": 1.0, ""availability_share"": 1.0, ""feasible_t"": 10.0, ""gross_delivery_t"": 10.0, ""order_month"": ""2037-07"", ""planned_arrival_month"": ""2038-07"", ""requested_t"": 10.0, ""shipment_id"": ""S0031"", ""source_id"": ""A"", ""source_name"": ""Earth-Core"", ""unfulfilled_request_t"": 0.0}, {""actual_arrival_month"": ""2038-08"", ""actual_delivery_share"": 1.0, ""availability_share"": 1.0, ""feasible_t"": 10.0, ""gross_delivery_t"": 10.0, ""order_month"": ""2037-08"", ""planned_arrival_month"": ""2038-08"", ""requested_t"": 10.0, ""shipment_id"": ""S0032"", ""source_id"": ""A"", ""source_name"": ""Earth-Core"", ""unfulfilled_request_t"": 0.0}, {""actual_arrival_month"": ""2038-09"", ""actual_delivery_share"": 1.0, ""availability_share"": 1.0, ""feasible_t"": 10.0, ""gross_delivery_t"": 10.0, ""order_month"": ""2037-09"", ""planned_arrival_month"": ""2038-09"", ""requested_t"": 10.0, ""shipment_id"": ""S0033"", ""source_id"": ""A"", ""source_name"": ""Earth-Core"", ""unfulfilled_request_t"": 0.0}, {""actual_arrival_month"": ""2038-10"", ""actual_delivery_share"": 1.0, ""availability_share"": 1.0, ""feasible_t"": 10.0, ""gross_delivery_t"": 10.0, ""order_month"": ""2037-10"", ""planned_arrival_month"": ""2038-10"", ""requested_t"": 10.0, ""shipment_id"": ""S0034"", ""source_id"": ""A"", ""source_name"": ""Earth-Core"", ""unfulfilled_request_t"": 0.0}, {""actual_arrival_month"": ""2038-11"", ""actual_delivery_share"": 1.0, ""availability_share"": 1.0, ""feasible_t"": 10.0, ""gross_delivery_t"": 10.0, ""order_month"": ""2037-11"", ""planned_arrival_month"": ""2038-11"", ""requested_t"": 10.0, ""shipment_id"": ""S0035"", ""source_id"": ""A"", ""source_name"": ""Earth-Core"", ""unfulfilled_request_t"": 0.0}, {""actual_arrival_month"": ""2038-12"", ""actual_delivery_share"": 1.0, ""availability_share"": 1.0, ""feasible_t"": 10.0, ""gross_delivery_t"": 10.0, ""order_month"": ""2037-12"", ""planned_arrival_month"": ""2038-12"", ""requested_t"": 10.0, ""shipment_id"": ""S0036"", ""source_id"": ""A"", ""source_name"": ""Earth-Core"", ""unfulfilled_request_t"": 0.0}, {""actual_arrival_month"": ""2039-01"", ""actual_delivery_share"": 1.0, ""availability_share"": 1.0, ""feasible_t"": 11.666666666666666, ""gross_delivery_t"": 11.666666666666666, ""order_month"": ""2038-01"", ""planned_arrival_month"": ""2039-01"", ""requested_t"": 11.666666666666666, ""shipment_id"": ""S0037"", ""source_id"": ""A"", ""source_name"": ""Earth-Core"", ""unfulfilled_request_t"": 0.0}, {""actual_arrival_month"": ""2039-02"", ""actual_delivery_share"": 1.0, ""availability_share"": 1.0, ""feasible_t"": 11.666666666666666, ""gross_delivery_t"": 11.666666666666666, ""order_month"": ""2038-02"", ""planned_arrival_month"": ""2039-02"", ""requested_t"": 11.666666666666666, ""shipment_id"": ""S0038"", ""source_id"": ""A"", ""source_name"": ""Earth-Core"", ""unfulfilled_request_t"": 0.0}, {""actual_arrival_month"": ""2039-03"", ""actual_delivery_share"": 1.0, ""availability_share"": 1.0, ""feasible_t"": 11.666666666666666, ""gross_delivery_t"": 11.666666666666666, ""order_month"": ""2038-03"", ""planned_arrival_month"": ""2039-03"", ""requested_t"": 11.666666666666666, ""shipment_id"": ""S0039"", ""source_id"": ""A"", ""source_name"": ""Earth-Core"", ""unfulfilled_request_t"": 0.0}, {""actual_arrival_month"": ""2039-04"", ""actual_delivery_share"": 1.0, ""availability_share"": 1.0, ""feasible_t"": 11.666666666666666, ""gross_delivery_t"": 11.666666666666666, ""order_month"": ""2038-04"", ""planned_arrival_month"": ""2039-04"", ""requested_t"": 11.666666666666666, ""shipment_id"": ""S0040"", ""source_id"": ""A"", ""source_name"": ""Earth-Core"", ""unfulfilled_request_t"": 0.0}, {""actual_arrival_month"": ""2039-05"", ""actual_delivery_share"": 1.0, ""availability_share"": 1.0, ""feasible_t"": 11.666666666666666, ""gross_delivery_t"": 11.666666666666666, ""order_month"": ""2038-05"", ""planned_arrival_month"": ""2039-05"", ""requested_t"": 11.666666666666666, ""shipment_id"": ""S0041"", ""source_id"": ""A"", ""source_name"": ""Earth-Core"", ""unfulfilled_request_t"": 0.0}, {""actual_arrival_month"": ""2038-06"", ""actual_delivery_share"": 1.0, ""availability_share"": 1.0, ""feasible_t"": 3.3333333333333335, ""gross_delivery_t"": 3.3333333333333335, ""order_month"": ""2038-02"", ""planned_arrival_month"": ""2038-06"", ""requested_t"": 3.3333333333333335, ""shipment_id"": ""S0110"", ""source_id"": ""B"", ""source_name"": ""Earth-Flex"", ""unfulfilled_request_t"": 0.0}, {""actual_arrival_month"": ""2038-07"", ""actual_delivery_share"": 1.0, ""availability_share"": 1.0, ""feasible_t"": 3.3333333333333335, ""gross_delivery_t"": 3.3333333333333335, ""order_month"": ""2038-03"", ""planned_arrival_month"": ""2038-07"", ""requested_t"": 3.3333333333333335, ""shipment_id"": ""S0111"", ""source_id"": ""B"", ""source_name"": ""Earth-Flex"", ""unfulfilled_request_t"": 0.0}, {""actual_arrival_month"": ""2038-08"", ""actual_delivery_share"": 1.0, ""availability_share"": 1.0, ""feasible_t"": 3.3333333333333335, ""gross_delivery_t"": 3.3333333333333335, ""order_month"": ""2038-04"", ""planned_arrival_month"": ""2038-08"", ""requested_t"": 3.3333333333333335, ""shipment_id"": ""S0112"", ""source_id"": ""B"", ""source_name"": ""Earth-Flex"", ""unfulfilled_request_t"": 0.0}, {""actual_arrival_month"": ""2038-09"", ""actual_delivery_share"": 1.0, ""availability_share"": 1.0, ""feasible_t"": 3.3333333333333335, ""gross_delivery_t"": 3.3333333333333335, ""order_month"": ""2038-05"", ""planned_arrival_month"": ""2038-09"", ""requested_t"": 3.3333333333333335, ""shipment_id"": ""S0113"", ""source_id"": ""B"", ""source_name"": ""Earth-Flex"", ""unfulfilled_request_t"": 0.0}, {""actual_arrival_month"": ""2038-06"", ""actual_delivery_share"": 1.0, ""availability_share"": 1.0, ""feasible_t"": 5.416666666666667, ""gross_delivery_t"": 5.416666666666667, ""order_month"": ""2038-04"", ""planned_arrival_month"": ""2038-06"", ""requested_t"": 5.416666666666667, ""shipment_id"": ""S0172"", ""source_id"": ""E"", ""source_name"": ""Emergency"", ""unfulfilled_request_t"": 0.0}, {""actual_arrival_month"": ""2038-07"", ""actual_delivery_share"": 1.0, ""availability_share"": 1.0, ""feasible_t"": 5.416666666666667, ""gross_delivery_t"": 5.416666666666667, ""order_month"": ""2038-05"", ""planned_arrival_month"": ""2038-07"", ""requested_t"": 5.416666666666667, ""shipment_id"": ""S0173"", ""source_id"": ""E"", ""source_name"": ""Emergency"", ""unfulfilled_request_t"": 0.0}]","{""A"": 10.0, ""B"": 3.3333333333333335, ""E"": 5.416666666666667}","{""A"": 10.0, ""B"": 3.3333333333333335, ""E"": 5.416666666666667}",18.75,0.225,18.525,18.525,0.0,18.525,16.291666666666664,2.2333333333333343,0.0,5.433333333333334,0.0,ZBO,120.0,0.012,"[""ZBO""]",0.0,1.0,[]
2038-06,0.0,23.958333333333332,16.291666666666664,"{""A"": 150.0, ""B"": 60.0, ""C"": 0, ""D"": 0, ""E"": 65.0}","{""A"": 11.666666666666666, ""B"": 3.3333333333333335, ""E"": 5.416666666666667}","[{""actual_arrival_month"": ""2038-07"", ""actual_delivery_share"": 1.0, ""availability_share"": 1.0, ""feasible_t"": 10.0, ""gross_delivery_t"": 10.0, ""order_month"": ""2037-07"", ""planned_arrival_month"": ""2038-07"", ""requested_t"": 10.0, ""shipment_id"": ""S0031"", ""source_id"": ""A"", ""source_name"": ""Earth-Core"", ""unfulfilled_request_t"": 0.0}, {""actual_arrival_month"": ""2038-08"", ""actual_delivery_share"": 1.0, ""availability_share"": 1.0, ""feasible_t"": 10.0, ""gross_delivery_t"": 10.0, ""order_month"": ""2037-08"", ""planned_arrival_month"": ""2038-08"", ""requested_t"": 10.0, ""shipment_id"": ""S0032"", ""source_id"": ""A"", ""source_name"": ""Earth-Core"", ""unfulfilled_request_t"": 0.0}, {""actual_arrival_month"": ""2038-09"", ""actual_delivery_share"": 1.0, ""availability_share"": 1.0, ""feasible_t"": 10.0, ""gross_delivery_t"": 10.0, ""order_month"": ""2037-09"", ""planned_arrival_month"": ""2038-09"", ""requested_t"": 10.0, ""shipment_id"": ""S0033"", ""source_id"": ""A"", ""source_name"": ""Earth-Core"", ""unfulfilled_request_t"": 0.0}, {""actual_arrival_month"": ""2038-10"", ""actual_delivery_share"": 1.0, ""availability_share"": 1.0, ""feasible_t"": 10.0, ""gross_delivery_t"": 10.0, ""order_month"": ""2037-10"", ""planned_arrival_month"": ""2038-10"", ""requested_t"": 10.0, ""shipment_id"": ""S0034"", ""source_id"": ""A"", ""source_name"": ""Earth-Core"", ""unfulfilled_request_t"": 0.0}, {""actual_arrival_month"": ""2038-11"", ""actual_delivery_share"": 1.0, ""availability_share"": 1.0, ""feasible_t"": 10.0, ""gross_delivery_t"": 10.0, ""order_month"": ""2037-11"", ""planned_arrival_month"": ""2038-11"", ""requested_t"": 10.0, ""shipment_id"": ""S0035"", ""source_id"": ""A"", ""source_name"": ""Earth-Core"", ""unfulfilled_request_t"": 0.0}, {""actual_arrival_month"": ""2038-12"", ""actual_delivery_share"": 1.0, ""availability_share"": 1.0, ""feasible_t"": 10.0, ""gross_delivery_t"": 10.0, ""order_month"": ""2037-12"", ""planned_arrival_month"": ""2038-12"", ""requested_t"": 10.0, ""shipment_id"": ""S0036"", ""source_id"": ""A"", ""source_name"": ""Earth-Core"", ""unfulfilled_request_t"": 0.0}, {""actual_arrival_month"": ""2039-01"", ""actual_delivery_share"": 1.0, ""availability_share"": 1.0, ""feasible_t"": 11.666666666666666, ""gross_delivery_t"": 11.666666666666666, ""order_month"": ""2038-01"", ""planned_arrival_month"": ""2039-01"", ""requested_t"": 11.666666666666666, ""shipment_id"": ""S0037"", ""source_id"": ""A"", ""source_name"": ""Earth-Core"", ""unfulfilled_request_t"": 0.0}, {""actual_arrival_month"": ""2039-02"", ""actual_delivery_share"": 1.0, ""availability_share"": 1.0, ""feasible_t"": 11.666666666666666, ""gross_delivery_t"": 11.666666666666666, ""order_month"": ""2038-02"", ""planned_arrival_month"": ""2039-02"", ""requested_t"": 11.666666666666666, ""shipment_id"": ""S0038"", ""source_id"": ""A"", ""source_name"": ""Earth-Core"", ""unfulfilled_request_t"": 0.0}, {""actual_arrival_month"": ""2039-03"", ""actual_delivery_share"": 1.0, ""availability_share"": 1.0, ""feasible_t"": 11.666666666666666, ""gross_delivery_t"": 11.666666666666666, ""order_month"": ""2038-03"", ""planned_arrival_month"": ""2039-03"", ""requested_t"": 11.666666666666666, ""shipment_id"": ""S0039"", ""source_id"": ""A"", ""source_name"": ""Earth-Core"", ""unfulfilled_request_t"": 0.0}, {""actual_arrival_month"": ""2039-04"", ""actual_delivery_share"": 1.0, ""availability_share"": 1.0, ""feasible_t"": 11.666666666666666, ""gross_delivery_t"": 11.666666666666666, ""order_month"": ""2038-04"", ""planned_arrival_month"": ""2039-04"", ""requested_t"": 11.666666666666666, ""shipment_id"": ""S0040"", ""source_id"": ""A"", ""source_name"": ""Earth-Core"", ""unfulfilled_request_t"": 0.0}, {""actual_arrival_month"": ""2039-05"", ""actual_delivery_share"": 1.0, ""availability_share"": 1.0, ""feasible_t"": 11.666666666666666, ""gross_delivery_t"": 11.666666666666666, ""order_month"": ""2038-05"", ""planned_arrival_month"": ""2039-05"", ""requested_t"": 11.666666666666666, ""shipment_id"": ""S0041"", ""source_id"": ""A"", ""source_name"": ""Earth-Core"", ""unfulfilled_request_t"": 0.0}, {""actual_arrival_month"": ""2039-06"", ""actual_delivery_share"": 1.0, ""availability_share"": 1.0, ""feasible_t"": 11.666666666666666, ""gross_delivery_t"": 11.666666666666666, ""order_month"": ""2038-06"", ""planned_arrival_month"": ""2039-06"", ""requested_t"": 11.666666666666666, ""shipment_id"": ""S0042"", ""source_id"": ""A"", ""source_name"": ""Earth-Core"", ""unfulfilled_request_t"": 0.0}, {""actual_arrival_month"": ""2038-07"", ""actual_delivery_share"": 1.0, ""availability_share"": 1.0, ""feasible_t"": 3.3333333333333335, ""gross_delivery_t"": 3.3333333333333335, ""order_month"": ""2038-03"", ""planned_arrival_month"": ""2038-07"", ""requested_t"": 3.3333333333333335, ""shipment_id"": ""S0111"", ""source_id"": ""B"", ""source_name"": ""Earth-Flex"", ""unfulfilled_request_t"": 0.0}, {""actual_arrival_month"": ""2038-08"", ""actual_delivery_share"": 1.0, ""availability_share"": 1.0, ""feasible_t"": 3.3333333333333335, ""gross_delivery_t"": 3.3333333333333335, ""order_month"": ""2038-04"", ""planned_arrival_month"": ""2038-08"", ""requested_t"": 3.3333333333333335, ""shipment_id"": ""S0112"", ""source_id"": ""B"", ""source_name"": ""Earth-Flex"", ""unfulfilled_request_t"": 0.0}, {""actual_arrival_month"": ""2038-09"", ""actual_delivery_share"": 1.0, ""availability_share"": 1.0, ""feasible_t"": 3.3333333333333335, ""gross_delivery_t"": 3.3333333333333335, ""order_month"": ""2038-05"", ""planned_arrival_month"": ""2038-09"", ""requested_t"": 3.3333333333333335, ""shipment_id"": ""S0113"", ""source_id"": ""B"", ""source_name"": ""Earth-Flex"", ""unfulfilled_request_t"": 0.0}, {""actual_arrival_month"": ""2038-10"", ""actual_delivery_share"": 1.0, ""availability_share"": 1.0, ""feasible_t"": 3.3333333333333335, ""gross_delivery_t"": 3.3333333333333335, ""order_month"": ""2038-06"", ""planned_arrival_month"": ""2038-10"", ""requested_t"": 3.3333333333333335, ""shipment_id"": ""S0114"", ""source_id"": ""B"", ""source_name"": ""Earth-Flex"", ""unfulfilled_request_t"": 0.0}, {""actual_arrival_month"": ""2038-07"", ""actual_delivery_share"": 1.0, ""availability_share"": 1.0, ""feasible_t"": 5.416666666666667, ""gross_delivery_t"": 5.416666666666667, ""order_month"": ""2038-05"", ""planned_arrival_month"": ""2038-07"", ""requested_t"": 5.416666666666667, ""shipment_id"": ""S0173"", ""source_id"": ""E"", ""source_name"": ""Emergency"", ""unfulfilled_request_t"": 0.0}, {""actual_arrival_month"": ""2038-08"", ""actual_delivery_share"": 1.0, ""availability_share"": 1.0, ""feasible_t"": 5.416666666666667, ""gross_delivery_t"": 5.416666666666667, ""order_month"": ""2038-06"", ""planned_arrival_month"": ""2038-08"", ""requested_t"": 5.416666666666667, ""shipment_id"": ""S0174"", ""source_id"": ""E"", ""source_name"": ""Emergency"", ""unfulfilled_request_t"": 0.0}]","{""A"": 10.0, ""B"": 3.3333333333333335, ""E"": 5.416666666666667}","{""A"": 10.0, ""B"": 3.3333333333333335, ""E"": 5.416666666666667}",18.75,0.225,18.525,18.525,0.0,18.525,16.291666666666664,2.2333333333333343,0.0,5.433333333333334,0.0,ZBO,120.0,0.012,"[""ZBO""]",0.0,1.0,[]
2038-07,0.0,23.958333333333332,16.291666666666664,"{""A"": 150.0, ""B"": 60.0, ""C"": 0, ""D"": 0, ""E"": 65.0}","{""A"": 11.666666666666666, ""B"": 3.3333333333333335, ""E"": 5.416666666666667}","[{""actual_arrival_month"": ""2038-08"", ""actual_delivery_share"": 1.0, ""availability_share"": 1.0, ""feasible_t"": 10.0, ""gross_delivery_t"": 10.0, ""order_month"": ""2037-08"", ""planned_arrival_month"": ""2038-08"", ""requested_t"": 10.0, ""shipment_id"": ""S0032"", ""source_id"": ""A"", ""source_name"": ""Earth-Core"", ""unfulfilled_request_t"": 0.0}, {""actual_arrival_month"": ""2038-09"", ""actual_delivery_share"": 1.0, ""availability_share"": 1.0, ""feasible_t"": 10.0, ""gross_delivery_t"": 10.0, ""order_month"": ""2037-09"", ""planned_arrival_month"": ""2038-09"", ""requested_t"": 10.0, ""shipment_id"": ""S0033"", ""source_id"": ""A"", ""source_name"": ""Earth-Core"", ""unfulfilled_request_t"": 0.0}, {""actual_arrival_month"": ""2038-10"", ""actual_delivery_share"": 1.0, ""availability_share"": 1.0, ""feasible_t"": 10.0, ""gross_delivery_t"": 10.0, ""order_month"": ""2037-10"", ""planned_arrival_month"": ""2038-10"", ""requested_t"": 10.0, ""shipment_id"": ""S0034"", ""source_id"": ""A"", ""source_name"": ""Earth-Core"", ""unfulfilled_request_t"": 0.0}, {""actual_arrival_month"": ""2038-11"", ""actual_delivery_share"": 1.0, ""availability_share"": 1.0, ""feasible_t"": 10.0, ""gross_delivery_t"": 10.0, ""order_month"": ""2037-11"", ""planned_arrival_month"": ""2038-11"", ""requested_t"": 10.0, ""shipment_id"": ""S0035"", ""source_id"": ""A"", ""source_name"": ""Earth-Core"", ""unfulfilled_request_t"": 0.0}, {""actual_arrival_month"": ""2038-12"", ""actual_delivery_share"": 1.0, ""availability_share"": 1.0, ""feasible_t"": 10.0, ""gross_delivery_t"": 10.0, ""order_month"": ""2037-12"", ""planned_arrival_month"": ""2038-12"", ""requested_t"": 10.0, ""shipment_id"": ""S0036"", ""source_id"": ""A"", ""source_name"": ""Earth-Core"", ""unfulfilled_request_t"": 0.0}, {""actual_arrival_month"": ""2039-01"", ""actual_delivery_share"": 1.0, ""availability_share"": 1.0, ""feasible_t"": 11.666666666666666, ""gross_delivery_t"": 11.666666666666666, ""order_month"": ""2038-01"", ""planned_arrival_month"": ""2039-01"", ""requested_t"": 11.666666666666666, ""shipment_id"": ""S0037"", ""source_id"": ""A"", ""source_name"": ""Earth-Core"", ""unfulfilled_request_t"": 0.0}, {""actual_arrival_month"": ""2039-02"", ""actual_delivery_share"": 1.0, ""availability_share"": 1.0, ""feasible_t"": 11.666666666666666, ""gross_delivery_t"": 11.666666666666666, ""order_month"": ""2038-02"", ""planned_arrival_month"": ""2039-02"", ""requested_t"": 11.666666666666666, ""shipment_id"": ""S0038"", ""source_id"": ""A"", ""source_name"": ""Earth-Core"", ""unfulfilled_request_t"": 0.0}, {""actual_arrival_month"": ""2039-03"", ""actual_delivery_share"": 1.0, ""availability_share"": 1.0, ""feasible_t"": 11.666666666666666, ""gross_delivery_t"": 11.666666666666666, ""order_month"": ""2038-03"", ""planned_arrival_month"": ""2039-03"", ""requested_t"": 11.666666666666666, ""shipment_id"": ""S0039"", ""source_id"": ""A"", ""source_name"": ""Earth-Core"", ""unfulfilled_request_t"": 0.0}, {""actual_arrival_month"": ""2039-04"", ""actual_delivery_share"": 1.0, ""availability_share"": 1.0, ""feasible_t"": 11.666666666666666, ""gross_delivery_t"": 11.666666666666666, ""order_month"": ""2038-04"", ""planned_arrival_month"": ""2039-04"", ""requested_t"": 11.666666666666666, ""shipment_id"": ""S0040"", ""source_id"": ""A"", ""source_name"": ""Earth-Core"", ""unfulfilled_request_t"": 0.0}, {""actual_arrival_month"": ""2039-05"", ""actual_delivery_share"": 1.0, ""availability_share"": 1.0, ""feasible_t"": 11.666666666666666, ""gross_delivery_t"": 11.666666666666666, ""order_month"": ""2038-05"", ""planned_arrival_month"": ""2039-05"", ""requested_t"": 11.666666666666666, ""shipment_id"": ""S0041"", ""source_id"": ""A"", ""source_name"": ""Earth-Core"", ""unfulfilled_request_t"": 0.0}, {""actual_arrival_month"": ""2039-06"", ""actual_delivery_share"": 1.0, ""availability_share"": 1.0, ""feasible_t"": 11.666666666666666, ""gross_delivery_t"": 11.666666666666666, ""order_month"": ""2038-06"", ""planned_arrival_month"": ""2039-06"", ""requested_t"": 11.666666666666666, ""shipment_id"": ""S0042"", ""source_id"": ""A"", ""source_name"": ""Earth-Core"", ""unfulfilled_request_t"": 0.0}, {""actual_arrival_month"": ""2039-07"", ""actual_delivery_share"": 1.0, ""availability_share"": 1.0, ""feasible_t"": 11.666666666666666, ""gross_delivery_t"": 11.666666666666666, ""order_month"": ""2038-07"", ""planned_arrival_month"": ""2039-07"", ""requested_t"": 11.666666666666666, ""shipment_id"": ""S0043"", ""source_id"": ""A"", ""source_name"": ""Earth-Core"", ""unfulfilled_request_t"": 0.0}, {""actual_arrival_month"": ""2038-08"", ""actual_delivery_share"": 1.0, ""availability_share"": 1.0, ""feasible_t"": 3.3333333333333335, ""gross_delivery_t"": 3.3333333333333335, ""order_month"": ""2038-04"", ""planned_arrival_month"": ""2038-08"", ""requested_t"": 3.3333333333333335, ""shipment_id"": ""S0112"", ""source_id"": ""B"", ""source_name"": ""Earth-Flex"", ""unfulfilled_request_t"": 0.0}, {""actual_arrival_month"": ""2038-09"", ""actual_delivery_share"": 1.0, ""availability_share"": 1.0, ""feasible_t"": 3.3333333333333335, ""gross_delivery_t"": 3.3333333333333335, ""order_month"": ""2038-05"", ""planned_arrival_month"": ""2038-09"", ""requested_t"": 3.3333333333333335, ""shipment_id"": ""S0113"", ""source_id"": ""B"", ""source_name"": ""Earth-Flex"", ""unfulfilled_request_t"": 0.0}, {""actual_arrival_month"": ""2038-10"", ""actual_delivery_share"": 1.0, ""availability_share"": 1.0, ""feasible_t"": 3.3333333333333335, ""gross_delivery_t"": 3.3333333333333335, ""order_month"": ""2038-06"", ""planned_arrival_month"": ""2038-10"", ""requested_t"": 3.3333333333333335, ""shipment_id"": ""S0114"", ""source_id"": ""B"", ""source_name"": ""Earth-Flex"", ""unfulfilled_request_t"": 0.0}, {""actual_arrival_month"": ""2038-11"", ""actual_delivery_share"": 1.0, ""availability_share"": 1.0, ""feasible_t"": 3.3333333333333335, ""gross_delivery_t"": 3.3333333333333335, ""order_month"": ""2038-07"", ""planned_arrival_month"": ""2038-11"", ""requested_t"": 3.3333333333333335, ""shipment_id"": ""S0115"", ""source_id"": ""B"", ""source_name"": ""Earth-Flex"", ""unfulfilled_request_t"": 0.0}, {""actual_arrival_month"": ""2038-08"", ""actual_delivery_share"": 1.0, ""availability_share"": 1.0, ""feasible_t"": 5.416666666666667, ""gross_delivery_t"": 5.416666666666667, ""order_month"": ""2038-06"", ""planned_arrival_month"": ""2038-08"", ""requested_t"": 5.416666666666667, ""shipment_id"": ""S0174"", ""source_id"": ""E"", ""source_name"": ""Emergency"", ""unfulfilled_request_t"": 0.0}, {""actual_arrival_month"": ""2038-09"", ""actual_delivery_share"": 1.0, ""availability_share"": 1.0, ""feasible_t"": 5.416666666666667, ""gross_delivery_t"": 5.416666666666667, ""order_month"": ""2038-07"", ""planned_arrival_month"": ""2038-09"", ""requested_t"": 5.416666666666667, ""shipment_id"": ""S0175"", ""source_id"": ""E"", ""source_name"": ""Emergency"", ""unfulfilled_request_t"": 0.0}]","{""A"": 10.0, ""B"": 3.3333333333333335, ""E"": 5.416666666666667}","{""A"": 10.0, ""B"": 3.3333333333333335, ""E"": 5.416666666666667}",18.75,0.225,18.525,18.525,0.0,18.525,16.291666666666664,2.2333333333333343,0.0,5.433333333333334,0.0,ZBO,120.0,0.012,"[""ZBO""]",0.0,1.0,[]
2038-08,0.0,23.958333333333332,16.291666666666664,"{""A"": 150.0, ""B"": 60.0, ""C"": 0, ""D"": 0, ""E"": 65.0}","{""A"": 11.666666666666666, ""B"": 3.3333333333333335, ""E"": 5.416666666666667}","[{""actual_arrival_month"": ""2038-09"", ""actual_delivery_share"": 1.0, ""availability_share"": 1.0, ""feasible_t"": 10.0, ""gross_delivery_t"": 10.0, ""order_month"": ""2037-09"", ""planned_arrival_month"": ""2038-09"", ""requested_t"": 10.0, ""shipment_id"": ""S0033"", ""source_id"": ""A"", ""source_name"": ""Earth-Core"", ""unfulfilled_request_t"": 0.0}, {""actual_arrival_month"": ""2038-10"", ""actual_delivery_share"": 1.0, ""availability_share"": 1.0, ""feasible_t"": 10.0, ""gross_delivery_t"": 10.0, ""order_month"": ""2037-10"", ""planned_arrival_month"": ""2038-10"", ""requested_t"": 10.0, ""shipment_id"": ""S0034"", ""source_id"": ""A"", ""source_name"": ""Earth-Core"", ""unfulfilled_request_t"": 0.0}, {""actual_arrival_month"": ""2038-11"", ""actual_delivery_share"": 1.0, ""availability_share"": 1.0, ""feasible_t"": 10.0, ""gross_delivery_t"": 10.0, ""order_month"": ""2037-11"", ""planned_arrival_month"": ""2038-11"", ""requested_t"": 10.0, ""shipment_id"": ""S0035"", ""source_id"": ""A"", ""source_name"": ""Earth-Core"", ""unfulfilled_request_t"": 0.0}, {""actual_arrival_month"": ""2038-12"", ""actual_delivery_share"": 1.0, ""availability_share"": 1.0, ""feasible_t"": 10.0, ""gross_delivery_t"": 10.0, ""order_month"": ""2037-12"", ""planned_arrival_month"": ""2038-12"", ""requested_t"": 10.0, ""shipment_id"": ""S0036"", ""source_id"": ""A"", ""source_name"": ""Earth-Core"", ""unfulfilled_request_t"": 0.0}, {""actual_arrival_month"": ""2039-01"", ""actual_delivery_share"": 1.0, ""availability_share"": 1.0, ""feasible_t"": 11.666666666666666, ""gross_delivery_t"": 11.666666666666666, ""order_month"": ""2038-01"", ""planned_arrival_month"": ""2039-01"", ""requested_t"": 11.666666666666666, ""shipment_id"": ""S0037"", ""source_id"": ""A"", ""source_name"": ""Earth-Core"", ""unfulfilled_request_t"": 0.0}, {""actual_arrival_month"": ""2039-02"", ""actual_delivery_share"": 1.0, ""availability_share"": 1.0, ""feasible_t"": 11.666666666666666, ""gross_delivery_t"": 11.666666666666666, ""order_month"": ""2038-02"", ""planned_arrival_month"": ""2039-02"", ""requested_t"": 11.666666666666666, ""shipment_id"": ""S0038"", ""source_id"": ""A"", ""source_name"": ""Earth-Core"", ""unfulfilled_request_t"": 0.0}, {""actual_arrival_month"": ""2039-03"", ""actual_delivery_share"": 1.0, ""availability_share"": 1.0, ""feasible_t"": 11.666666666666666, ""gross_delivery_t"": 11.666666666666666, ""order_month"": ""2038-03"", ""planned_arrival_month"": ""2039-03"", ""requested_t"": 11.666666666666666, ""shipment_id"": ""S0039"", ""source_id"": ""A"", ""source_name"": ""Earth-Core"", ""unfulfilled_request_t"": 0.0}, {""actual_arrival_month"": ""2039-04"", ""actual_delivery_share"": 1.0, ""availability_share"": 1.0, ""feasible_t"": 11.666666666666666, ""gross_delivery_t"": 11.666666666666666, ""order_month"": ""2038-04"", ""planned_arrival_month"": ""2039-04"", ""requested_t"": 11.666666666666666, ""shipment_id"": ""S0040"", ""source_id"": ""A"", ""source_name"": ""Earth-Core"", ""unfulfilled_request_t"": 0.0}, {""actual_arrival_month"": ""2039-05"", ""actual_delivery_share"": 1.0, ""availability_share"": 1.0, ""feasible_t"": 11.666666666666666, ""gross_delivery_t"": 11.666666666666666, ""order_month"": ""2038-05"", ""planned_arrival_month"": ""2039-05"", ""requested_t"": 11.666666666666666, ""shipment_id"": ""S0041"", ""source_id"": ""A"", ""source_name"": ""Earth-Core"", ""unfulfilled_request_t"": 0.0}, {""actual_arrival_month"": ""2039-06"", ""actual_delivery_share"": 1.0, ""availability_share"": 1.0, ""feasible_t"": 11.666666666666666, ""gross_delivery_t"": 11.666666666666666, ""order_month"": ""2038-06"", ""planned_arrival_month"": ""2039-06"", ""requested_t"": 11.666666666666666, ""shipment_id"": ""S0042"", ""source_id"": ""A"", ""source_name"": ""Earth-Core"", ""unfulfilled_request_t"": 0.0}, {""actual_arrival_month"": ""2039-07"", ""actual_delivery_share"": 1.0, ""availability_share"": 1.0, ""feasible_t"": 11.666666666666666, ""gross_delivery_t"": 11.666666666666666, ""order_month"": ""2038-07"", ""planned_arrival_month"": ""2039-07"", ""requested_t"": 11.666666666666666, ""shipment_id"": ""S0043"", ""source_id"": ""A"", ""source_name"": ""Earth-Core"", ""unfulfilled_request_t"": 0.0}, {""actual_arrival_month"": ""2039-08"", ""actual_delivery_share"": 1.0, ""availability_share"": 1.0, ""feasible_t"": 11.666666666666666, ""gross_delivery_t"": 11.666666666666666, ""order_month"": ""2038-08"", ""planned_arrival_month"": ""2039-08"", ""requested_t"": 11.666666666666666, ""shipment_id"": ""S0044"", ""source_id"": ""A"", ""source_name"": ""Earth-Core"", ""unfulfilled_request_t"": 0.0}, {""actual_arrival_month"": ""2038-09"", ""actual_delivery_share"": 1.0, ""availability_share"": 1.0, ""feasible_t"": 3.3333333333333335, ""gross_delivery_t"": 3.3333333333333335, ""order_month"": ""2038-05"", ""planned_arrival_month"": ""2038-09"", ""requested_t"": 3.3333333333333335, ""shipment_id"": ""S0113"", ""source_id"": ""B"", ""source_name"": ""Earth-Flex"", ""unfulfilled_request_t"": 0.0}, {""actual_arrival_month"": ""2038-10"", ""actual_delivery_share"": 1.0, ""availability_share"": 1.0, ""feasible_t"": 3.3333333333333335, ""gross_delivery_t"": 3.3333333333333335, ""order_month"": ""2038-06"", ""planned_arrival_month"": ""2038-10"", ""requested_t"": 3.3333333333333335, ""shipment_id"": ""S0114"", ""source_id"": ""B"", ""source_name"": ""Earth-Flex"", ""unfulfilled_request_t"": 0.0}, {""actual_arrival_month"": ""2038-11"", ""actual_delivery_share"": 1.0, ""availability_share"": 1.0, ""feasible_t"": 3.3333333333333335, ""gross_delivery_t"": 3.3333333333333335, ""order_month"": ""2038-07"", ""planned_arrival_month"": ""2038-11"", ""requested_t"": 3.3333333333333335, ""shipment_id"": ""S0115"", ""source_id"": ""B"", ""source_name"": ""Earth-Flex"", ""unfulfilled_request_t"": 0.0}, {""actual_arrival_month"": ""2038-12"", ""actual_delivery_share"": 1.0, ""availability_share"": 1.0, ""feasible_t"": 3.3333333333333335, ""gross_delivery_t"": 3.3333333333333335, ""order_month"": ""2038-08"", ""planned_arrival_month"": ""2038-12"", ""requested_t"": 3.3333333333333335, ""shipment_id"": ""S0116"", ""source_id"": ""B"", ""source_name"": ""Earth-Flex"", ""unfulfilled_request_t"": 0.0}, {""actual_arrival_month"": ""2038-09"", ""actual_delivery_share"": 1.0, ""availability_share"": 1.0, ""feasible_t"": 5.416666666666667, ""gross_delivery_t"": 5.416666666666667, ""order_month"": ""2038-07"", ""planned_arrival_month"": ""2038-09"", ""requested_t"": 5.416666666666667, ""shipment_id"": ""S0175"", ""source_id"": ""E"", ""source_name"": ""Emergency"", ""unfulfilled_request_t"": 0.0}, {""actual_arrival_month"": ""2038-10"", ""actual_delivery_share"": 1.0, ""availability_share"": 1.0, ""feasible_t"": 5.416666666666667, ""gross_delivery_t"": 5.416666666666667, ""order_month"": ""2038-08"", ""planned_arrival_month"": ""2038-10"", ""requested_t"": 5.416666666666667, ""shipment_id"": ""S0176"", ""source_id"": ""E"", ""source_name"": ""Emergency"", ""unfulfilled_request_t"": 0.0}]","{""A"": 10.0, ""B"": 3.3333333333333335, ""E"": 5.416666666666667}","{""A"": 10.0, ""B"": 3.3333333333333335, ""E"": 5.416666666666667}",18.75,0.225,18.525,18.525,0.0,18.525,16.291666666666664,2.2333333333333343,0.0,5.433333333333334,0.0,ZBO,120.0,0.012,"[""ZBO""]",0.0,1.0,[]
2038-09,0.0,23.958333333333332,16.291666666666664,"{""A"": 150.0, ""B"": 60.0, ""C"": 0, ""D"": 0, ""E"": 65.0}","{""A"": 11.666666666666666, ""B"": 3.3333333333333335, ""E"": 5.416666666666667}","[{""actual_arrival_month"": ""2038-10"", ""actual_delivery_share"": 1.0, ""availability_share"": 1.0, ""feasible_t"": 10.0, ""gross_delivery_t"": 10.0, ""order_month"": ""2037-10"", ""planned_arrival_month"": ""2038-10"", ""requested_t"": 10.0, ""shipment_id"": ""S0034"", ""source_id"": ""A"", ""source_name"": ""Earth-Core"", ""unfulfilled_request_t"": 0.0}, {""actual_arrival_month"": ""2038-11"", ""actual_delivery_share"": 1.0, ""availability_share"": 1.0, ""feasible_t"": 10.0, ""gross_delivery_t"": 10.0, ""order_month"": ""2037-11"", ""planned_arrival_month"": ""2038-11"", ""requested_t"": 10.0, ""shipment_id"": ""S0035"", ""source_id"": ""A"", ""source_name"": ""Earth-Core"", ""unfulfilled_request_t"": 0.0}, {""actual_arrival_month"": ""2038-12"", ""actual_delivery_share"": 1.0, ""availability_share"": 1.0, ""feasible_t"": 10.0, ""gross_delivery_t"": 10.0, ""order_month"": ""2037-12"", ""planned_arrival_month"": ""2038-12"", ""requested_t"": 10.0, ""shipment_id"": ""S0036"", ""source_id"": ""A"", ""source_name"": ""Earth-Core"", ""unfulfilled_request_t"": 0.0}, {""actual_arrival_month"": ""2039-01"", ""actual_delivery_share"": 1.0, ""availability_share"": 1.0, ""feasible_t"": 11.666666666666666, ""gross_delivery_t"": 11.666666666666666, ""order_month"": ""2038-01"", ""planned_arrival_month"": ""2039-01"", ""requested_t"": 11.666666666666666, ""shipment_id"": ""S0037"", ""source_id"": ""A"", ""source_name"": ""Earth-Core"", ""unfulfilled_request_t"": 0.0}, {""actual_arrival_month"": ""2039-02"", ""actual_delivery_share"": 1.0, ""availability_share"": 1.0, ""feasible_t"": 11.666666666666666, ""gross_delivery_t"": 11.666666666666666, ""order_month"": ""2038-02"", ""planned_arrival_month"": ""2039-02"", ""requested_t"": 11.666666666666666, ""shipment_id"": ""S0038"", ""source_id"": ""A"", ""source_name"": ""Earth-Core"", ""unfulfilled_request_t"": 0.0}, {""actual_arrival_month"": ""2039-03"", ""actual_delivery_share"": 1.0, ""availability_share"": 1.0, ""feasible_t"": 11.666666666666666, ""gross_delivery_t"": 11.666666666666666, ""order_month"": ""2038-03"", ""planned_arrival_month"": ""2039-03"", ""requested_t"": 11.666666666666666, ""shipment_id"": ""S0039"", ""source_id"": ""A"", ""source_name"": ""Earth-Core"", ""unfulfilled_request_t"": 0.0}, {""actual_arrival_month"": ""2039-04"", ""actual_delivery_share"": 1.0, ""availability_share"": 1.0, ""feasible_t"": 11.666666666666666, ""gross_delivery_t"": 11.666666666666666, ""order_month"": ""2038-04"", ""planned_arrival_month"": ""2039-04"", ""requested_t"": 11.666666666666666, ""shipment_id"": ""S0040"", ""source_id"": ""A"", ""source_name"": ""Earth-Core"", ""unfulfilled_request_t"": 0.0}, {""actual_arrival_month"": ""2039-05"", ""actual_delivery_share"": 1.0, ""availability_share"": 1.0, ""feasible_t"": 11.666666666666666, ""gross_delivery_t"": 11.666666666666666, ""order_month"": ""2038-05"", ""planned_arrival_month"": ""2039-05"", ""requested_t"": 11.666666666666666, ""shipment_id"": ""S0041"", ""source_id"": ""A"", ""source_name"": ""Earth-Core"", ""unfulfilled_request_t"": 0.0}, {""actual_arrival_month"": ""2039-06"", ""actual_delivery_share"": 1.0, ""availability_share"": 1.0, ""feasible_t"": 11.666666666666666, ""gross_delivery_t"": 11.666666666666666, ""order_month"": ""2038-06"", ""planned_arrival_month"": ""2039-06"", ""requested_t"": 11.666666666666666, ""shipment_id"": ""S0042"", ""source_id"": ""A"", ""source_name"": ""Earth-Core"", ""unfulfilled_request_t"": 0.0}, {""actual_arrival_month"": ""2039-07"", ""actual_delivery_share"": 1.0, ""availability_share"": 1.0, ""feasible_t"": 11.666666666666666, ""gross_delivery_t"": 11.666666666666666, ""order_month"": ""2038-07"", ""planned_arrival_month"": ""2039-07"", ""requested_t"": 11.666666666666666, ""shipment_id"": ""S0043"", ""source_id"": ""A"", ""source_name"": ""Earth-Core"", ""unfulfilled_request_t"": 0.0}, {""actual_arrival_month"": ""2039-08"", ""actual_delivery_share"": 1.0, ""availability_share"": 1.0, ""feasible_t"": 11.666666666666666, ""gross_delivery_t"": 11.666666666666666, ""order_month"": ""2038-08"", ""planned_arrival_month"": ""2039-08"", ""requested_t"": 11.666666666666666, ""shipment_id"": ""S0044"", ""source_id"": ""A"", ""source_name"": ""Earth-Core"", ""unfulfilled_request_t"": 0.0}, {""actual_arrival_month"": ""2039-09"", ""actual_delivery_share"": 1.0, ""availability_share"": 1.0, ""feasible_t"": 11.666666666666666, ""gross_delivery_t"": 11.666666666666666, ""order_month"": ""2038-09"", ""planned_arrival_month"": ""2039-09"", ""requested_t"": 11.666666666666666, ""shipment_id"": ""S0045"", ""source_id"": ""A"", ""source_name"": ""Earth-Core"", ""unfulfilled_request_t"": 0.0}, {""actual_arrival_month"": ""2038-10"", ""actual_delivery_share"": 1.0, ""availability_share"": 1.0, ""feasible_t"": 3.3333333333333335, ""gross_delivery_t"": 3.3333333333333335, ""order_month"": ""2038-06"", ""planned_arrival_month"": ""2038-10"", ""requested_t"": 3.3333333333333335, ""shipment_id"": ""S0114"", ""source_id"": ""B"", ""source_name"": ""Earth-Flex"", ""unfulfilled_request_t"": 0.0}, {""actual_arrival_month"": ""2038-11"", ""actual_delivery_share"": 1.0, ""availability_share"": 1.0, ""feasible_t"": 3.3333333333333335, ""gross_delivery_t"": 3.3333333333333335, ""order_month"": ""2038-07"", ""planned_arrival_month"": ""2038-11"", ""requested_t"": 3.3333333333333335, ""shipment_id"": ""S0115"", ""source_id"": ""B"", ""source_name"": ""Earth-Flex"", ""unfulfilled_request_t"": 0.0}, {""actual_arrival_month"": ""2038-12"", ""actual_delivery_share"": 1.0, ""availability_share"": 1.0, ""feasible_t"": 3.3333333333333335, ""gross_delivery_t"": 3.3333333333333335, ""order_month"": ""2038-08"", ""planned_arrival_month"": ""2038-12"", ""requested_t"": 3.3333333333333335, ""shipment_id"": ""S0116"", ""source_id"": ""B"", ""source_name"": ""Earth-Flex"", ""unfulfilled_request_t"": 0.0}, {""actual_arrival_month"": ""2039-01"", ""actual_delivery_share"": 1.0, ""availability_share"": 1.0, ""feasible_t"": 3.3333333333333335, ""gross_delivery_t"": 3.3333333333333335, ""order_month"": ""2038-09"", ""planned_arrival_month"": ""2039-01"", ""requested_t"": 3.3333333333333335, ""shipment_id"": ""S0117"", ""source_id"": ""B"", ""source_name"": ""Earth-Flex"", ""unfulfilled_request_t"": 0.0}, {""actual_arrival_month"": ""2038-10"", ""actual_delivery_share"": 1.0, ""availability_share"": 1.0, ""feasible_t"": 5.416666666666667, ""gross_delivery_t"": 5.416666666666667, ""order_month"": ""2038-08"", ""planned_arrival_month"": ""2038-10"", ""requested_t"": 5.416666666666667, ""shipment_id"": ""S0176"", ""source_id"": ""E"", ""source_name"": ""Emergency"", ""unfulfilled_request_t"": 0.0}, {""actual_arrival_month"": ""2038-11"", ""actual_delivery_share"": 1.0, ""availability_share"": 1.0, ""feasible_t"": 5.416666666666667, ""gross_delivery_t"": 5.416666666666667, ""order_month"": ""2038-09"", ""planned_arrival_month"": ""2038-11"", ""requested_t"": 5.416666666666667, ""shipment_id"": ""S0177"", ""source_id"": ""E"", ""source_name"": ""Emergency"", ""unfulfilled_request_t"": 0.0}]","{""A"": 10.0, ""B"": 3.3333333333333335, ""E"": 5.416666666666667}","{""A"": 10.0, ""B"": 3.3333333333333335, ""E"": 5.416666666666667}",18.75,0.225,18.525,18.525,0.0,18.525,16.291666666666664,2.2333333333333343,0.0,5.433333333333334,0.0,ZBO,120.0,0.012,"[""ZBO""]",0.0,1.0,[]
2038-10,0.0,23.958333333333332,16.291666666666664,"{""A"": 150.0, ""B"": 60.0, ""C"": 0, ""D"": 0, ""E"": 65.0}","{""A"": 11.666666666666666, ""B"": 3.3333333333333335, ""E"": 5.416666666666667}","[{""actual_arrival_month"": ""2038-11"", ""actual_delivery_share"": 1.0, ""availability_share"": 1.0, ""feasible_t"": 10.0, ""gross_delivery_t"": 10.0, ""order_month"": ""2037-11"", ""planned_arrival_month"": ""2038-11"", ""requested_t"": 10.0, ""shipment_id"": ""S0035"", ""source_id"": ""A"", ""source_name"": ""Earth-Core"", ""unfulfilled_request_t"": 0.0}, {""actual_arrival_month"": ""2038-12"", ""actual_delivery_share"": 1.0, ""availability_share"": 1.0, ""feasible_t"": 10.0, ""gross_delivery_t"": 10.0, ""order_month"": ""2037-12"", ""planned_arrival_month"": ""2038-12"", ""requested_t"": 10.0, ""shipment_id"": ""S0036"", ""source_id"": ""A"", ""source_name"": ""Earth-Core"", ""unfulfilled_request_t"": 0.0}, {""actual_arrival_month"": ""2039-01"", ""actual_delivery_share"": 1.0, ""availability_share"": 1.0, ""feasible_t"": 11.666666666666666, ""gross_delivery_t"": 11.666666666666666, ""order_month"": ""2038-01"", ""planned_arrival_month"": ""2039-01"", ""requested_t"": 11.666666666666666, ""shipment_id"": ""S0037"", ""source_id"": ""A"", ""source_name"": ""Earth-Core"", ""unfulfilled_request_t"": 0.0}, {""actual_arrival_month"": ""2039-02"", ""actual_delivery_share"": 1.0, ""availability_share"": 1.0, ""feasible_t"": 11.666666666666666, ""gross_delivery_t"": 11.666666666666666, ""order_month"": ""2038-02"", ""planned_arrival_month"": ""2039-02"", ""requested_t"": 11.666666666666666, ""shipment_id"": ""S0038"", ""source_id"": ""A"", ""source_name"": ""Earth-Core"", ""unfulfilled_request_t"": 0.0}, {""actual_arrival_month"": ""2039-03"", ""actual_delivery_share"": 1.0, ""availability_share"": 1.0, ""feasible_t"": 11.666666666666666, ""gross_delivery_t"": 11.666666666666666, ""order_month"": ""2038-03"", ""planned_arrival_month"": ""2039-03"", ""requested_t"": 11.666666666666666, ""shipment_id"": ""S0039"", ""source_id"": ""A"", ""source_name"": ""Earth-Core"", ""unfulfilled_request_t"": 0.0}, {""actual_arrival_month"": ""2039-04"", ""actual_delivery_share"": 1.0, ""availability_share"": 1.0, ""feasible_t"": 11.666666666666666, ""gross_delivery_t"": 11.666666666666666, ""order_month"": ""2038-04"", ""planned_arrival_month"": ""2039-04"", ""requested_t"": 11.666666666666666, ""shipment_id"": ""S0040"", ""source_id"": ""A"", ""source_name"": ""Earth-Core"", ""unfulfilled_request_t"": 0.0}, {""actual_arrival_month"": ""2039-05"", ""actual_delivery_share"": 1.0, ""availability_share"": 1.0, ""feasible_t"": 11.666666666666666, ""gross_delivery_t"": 11.666666666666666, ""order_month"": ""2038-05"", ""planned_arrival_month"": ""2039-05"", ""requested_t"": 11.666666666666666, ""shipment_id"": ""S0041"", ""source_id"": ""A"", ""source_name"": ""Earth-Core"", ""unfulfilled_request_t"": 0.0}, {""actual_arrival_month"": ""2039-06"", ""actual_delivery_share"": 1.0, ""availability_share"": 1.0, ""feasible_t"": 11.666666666666666, ""gross_delivery_t"": 11.666666666666666, ""order_month"": ""2038-06"", ""planned_arrival_month"": ""2039-06"", ""requested_t"": 11.666666666666666, ""shipment_id"": ""S0042"", ""source_id"": ""A"", ""source_name"": ""Earth-Core"", ""unfulfilled_request_t"": 0.0}, {""actual_arrival_month"": ""2039-07"", ""actual_delivery_share"": 1.0, ""availability_share"": 1.0, ""feasible_t"": 11.666666666666666, ""gross_delivery_t"": 11.666666666666666, ""order_month"": ""2038-07"", ""planned_arrival_month"": ""2039-07"", ""requested_t"": 11.666666666666666, ""shipment_id"": ""S0043"", ""source_id"": ""A"", ""source_name"": ""Earth-Core"", ""unfulfilled_request_t"": 0.0}, {""actual_arrival_month"": ""2039-08"", ""actual_delivery_share"": 1.0, ""availability_share"": 1.0, ""feasible_t"": 11.666666666666666, ""gross_delivery_t"": 11.666666666666666, ""order_month"": ""2038-08"", ""planned_arrival_month"": ""2039-08"", ""requested_t"": 11.666666666666666, ""shipment_id"": ""S0044"", ""source_id"": ""A"", ""source_name"": ""Earth-Core"", ""unfulfilled_request_t"": 0.0}, {""actual_arrival_month"": ""2039-09"", ""actual_delivery_share"": 1.0, ""availability_share"": 1.0, ""feasible_t"": 11.666666666666666, ""gross_delivery_t"": 11.666666666666666, ""order_month"": ""2038-09"", ""planned_arrival_month"": ""2039-09"", ""requested_t"": 11.666666666666666, ""shipment_id"": ""S0045"", ""source_id"": ""A"", ""source_name"": ""Earth-Core"", ""unfulfilled_request_t"": 0.0}, {""actual_arrival_month"": ""2039-10"", ""actual_delivery_share"": 1.0, ""availability_share"": 1.0, ""feasible_t"": 11.666666666666666, ""gross_delivery_t"": 11.666666666666666, ""order_month"": ""2038-10"", ""planned_arrival_month"": ""2039-10"", ""requested_t"": 11.666666666666666, ""shipment_id"": ""S0046"", ""source_id"": ""A"", ""source_name"": ""Earth-Core"", ""unfulfilled_request_t"": 0.0}, {""actual_arrival_month"": ""2038-11"", ""actual_delivery_share"": 1.0, ""availability_share"": 1.0, ""feasible_t"": 3.3333333333333335, ""gross_delivery_t"": 3.3333333333333335, ""order_month"": ""2038-07"", ""planned_arrival_month"": ""2038-11"", ""requested_t"": 3.3333333333333335, ""shipment_id"": ""S0115"", ""source_id"": ""B"", ""source_name"": ""Earth-Flex"", ""unfulfilled_request_t"": 0.0}, {""actual_arrival_month"": ""2038-12"", ""actual_delivery_share"": 1.0, ""availability_share"": 1.0, ""feasible_t"": 3.3333333333333335, ""gross_delivery_t"": 3.3333333333333335, ""order_month"": ""2038-08"", ""planned_arrival_month"": ""2038-12"", ""requested_t"": 3.3333333333333335, ""shipment_id"": ""S0116"", ""source_id"": ""B"", ""source_name"": ""Earth-Flex"", ""unfulfilled_request_t"": 0.0}, {""actual_arrival_month"": ""2039-01"", ""actual_delivery_share"": 1.0, ""availability_share"": 1.0, ""feasible_t"": 3.3333333333333335, ""gross_delivery_t"": 3.3333333333333335, ""order_month"": ""2038-09"", ""planned_arrival_month"": ""2039-01"", ""requested_t"": 3.3333333333333335, ""shipment_id"": ""S0117"", ""source_id"": ""B"", ""source_name"": ""Earth-Flex"", ""unfulfilled_request_t"": 0.0}, {""actual_arrival_month"": ""2039-02"", ""actual_delivery_share"": 1.0, ""availability_share"": 1.0, ""feasible_t"": 3.3333333333333335, ""gross_delivery_t"": 3.3333333333333335, ""order_month"": ""2038-10"", ""planned_arrival_month"": ""2039-02"", ""requested_t"": 3.3333333333333335, ""shipment_id"": ""S0118"", ""source_id"": ""B"", ""source_name"": ""Earth-Flex"", ""unfulfilled_request_t"": 0.0}, {""actual_arrival_month"": ""2038-11"", ""actual_delivery_share"": 1.0, ""availability_share"": 1.0, ""feasible_t"": 5.416666666666667, ""gross_delivery_t"": 5.416666666666667, ""order_month"": ""2038-09"", ""planned_arrival_month"": ""2038-11"", ""requested_t"": 5.416666666666667, ""shipment_id"": ""S0177"", ""source_id"": ""E"", ""source_name"": ""Emergency"", ""unfulfilled_request_t"": 0.0}, {""actual_arrival_month"": ""2038-12"", ""actual_delivery_share"": 1.0, ""availability_share"": 1.0, ""feasible_t"": 5.416666666666667, ""gross_delivery_t"": 5.416666666666667, ""order_month"": ""2038-10"", ""planned_arrival_month"": ""2038-12"", ""requested_t"": 5.416666666666667, ""shipment_id"": ""S0178"", ""source_id"": ""E"", ""source_name"": ""Emergency"", ""unfulfilled_request_t"": 0.0}]","{""A"": 10.0, ""B"": 3.3333333333333335, ""E"": 5.416666666666667}","{""A"": 10.0, ""B"": 3.3333333333333335, ""E"": 5.416666666666667}",18.75,0.225,18.525,18.525,0.0,18.525,16.291666666666664,2.2333333333333343,0.0,5.433333333333334,0.0,ZBO,120.0,0.012,"[""ZBO""]",0.0,1.0,[]
2038-11,0.0,23.958333333333332,16.291666666666664,"{""A"": 150.0, ""B"": 60.0, ""C"": 0, ""D"": 0, ""E"": 65.0}","{""A"": 11.666666666666666, ""B"": 3.3333333333333335, ""E"": 5.416666666666667}","[{""actual_arrival_month"": ""2038-12"", ""actual_delivery_share"": 1.0, ""availability_share"": 1.0, ""feasible_t"": 10.0, ""gross_delivery_t"": 10.0, ""order_month"": ""2037-12"", ""planned_arrival_month"": ""2038-12"", ""requested_t"": 10.0, ""shipment_id"": ""S0036"", ""source_id"": ""A"", ""source_name"": ""Earth-Core"", ""unfulfilled_request_t"": 0.0}, {""actual_arrival_month"": ""2039-01"", ""actual_delivery_share"": 1.0, ""availability_share"": 1.0, ""feasible_t"": 11.666666666666666, ""gross_delivery_t"": 11.666666666666666, ""order_month"": ""2038-01"", ""planned_arrival_month"": ""2039-01"", ""requested_t"": 11.666666666666666, ""shipment_id"": ""S0037"", ""source_id"": ""A"", ""source_name"": ""Earth-Core"", ""unfulfilled_request_t"": 0.0}, {""actual_arrival_month"": ""2039-02"", ""actual_delivery_share"": 1.0, ""availability_share"": 1.0, ""feasible_t"": 11.666666666666666, ""gross_delivery_t"": 11.666666666666666, ""order_month"": ""2038-02"", ""planned_arrival_month"": ""2039-02"", ""requested_t"": 11.666666666666666, ""shipment_id"": ""S0038"", ""source_id"": ""A"", ""source_name"": ""Earth-Core"", ""unfulfilled_request_t"": 0.0}, {""actual_arrival_month"": ""2039-03"", ""actual_delivery_share"": 1.0, ""availability_share"": 1.0, ""feasible_t"": 11.666666666666666, ""gross_delivery_t"": 11.666666666666666, ""order_month"": ""2038-03"", ""planned_arrival_month"": ""2039-03"", ""requested_t"": 11.666666666666666, ""shipment_id"": ""S0039"", ""source_id"": ""A"", ""source_name"": ""Earth-Core"", ""unfulfilled_request_t"": 0.0}, {""actual_arrival_month"": ""2039-04"", ""actual_delivery_share"": 1.0, ""availability_share"": 1.0, ""feasible_t"": 11.666666666666666, ""gross_delivery_t"": 11.666666666666666, ""order_month"": ""2038-04"", ""planned_arrival_month"": ""2039-04"", ""requested_t"": 11.666666666666666, ""shipment_id"": ""S0040"", ""source_id"": ""A"", ""source_name"": ""Earth-Core"", ""unfulfilled_request_t"": 0.0}, {""actual_arrival_month"": ""2039-05"", ""actual_delivery_share"": 1.0, ""availability_share"": 1.0, ""feasible_t"": 11.666666666666666, ""gross_delivery_t"": 11.666666666666666, ""order_month"": ""2038-05"", ""planned_arrival_month"": ""2039-05"", ""requested_t"": 11.666666666666666, ""shipment_id"": ""S0041"", ""source_id"": ""A"", ""source_name"": ""Earth-Core"", ""unfulfilled_request_t"": 0.0}, {""actual_arrival_month"": ""2039-06"", ""actual_delivery_share"": 1.0, ""availability_share"": 1.0, ""feasible_t"": 11.666666666666666, ""gross_delivery_t"": 11.666666666666666, ""order_month"": ""2038-06"", ""planned_arrival_month"": ""2039-06"", ""requested_t"": 11.666666666666666, ""shipment_id"": ""S0042"", ""source_id"": ""A"", ""source_name"": ""Earth-Core"", ""unfulfilled_request_t"": 0.0}, {""actual_arrival_month"": ""2039-07"", ""actual_delivery_share"": 1.0, ""availability_share"": 1.0, ""feasible_t"": 11.666666666666666, ""gross_delivery_t"": 11.666666666666666, ""order_month"": ""2038-07"", ""planned_arrival_month"": ""2039-07"", ""requested_t"": 11.666666666666666, ""shipment_id"": ""S0043"", ""source_id"": ""A"", ""source_name"": ""Earth-Core"", ""unfulfilled_request_t"": 0.0}, {""actual_arrival_month"": ""2039-08"", ""actual_delivery_share"": 1.0, ""availability_share"": 1.0, ""feasible_t"": 11.666666666666666, ""gross_delivery_t"": 11.666666666666666, ""order_month"": ""2038-08"", ""planned_arrival_month"": ""2039-08"", ""requested_t"": 11.666666666666666, ""shipment_id"": ""S0044"", ""source_id"": ""A"", ""source_name"": ""Earth-Core"", ""unfulfilled_request_t"": 0.0}, {""actual_arrival_month"": ""2039-09"", ""actual_delivery_share"": 1.0, ""availability_share"": 1.0, ""feasible_t"": 11.666666666666666, ""gross_delivery_t"": 11.666666666666666, ""order_month"": ""2038-09"", ""planned_arrival_month"": ""2039-09"", ""requested_t"": 11.666666666666666, ""shipment_id"": ""S0045"", ""source_id"": ""A"", ""source_name"": ""Earth-Core"", ""unfulfilled_request_t"": 0.0}, {""actual_arrival_month"": ""2039-10"", ""actual_delivery_share"": 1.0, ""availability_share"": 1.0, ""feasible_t"": 11.666666666666666, ""gross_delivery_t"": 11.666666666666666, ""order_month"": ""2038-10"", ""planned_arrival_month"": ""2039-10"", ""requested_t"": 11.666666666666666, ""shipment_id"": ""S0046"", ""source_id"": ""A"", ""source_name"": ""Earth-Core"", ""unfulfilled_request_t"": 0.0}, {""actual_arrival_month"": ""2039-11"", ""actual_delivery_share"": 1.0, ""availability_share"": 1.0, ""feasible_t"": 11.666666666666666, ""gross_delivery_t"": 11.666666666666666, ""order_month"": ""2038-11"", ""planned_arrival_month"": ""2039-11"", ""requested_t"": 11.666666666666666, ""shipment_id"": ""S0047"", ""source_id"": ""A"", ""source_name"": ""Earth-Core"", ""unfulfilled_request_t"": 0.0}, {""actual_arrival_month"": ""2038-12"", ""actual_delivery_share"": 1.0, ""availability_share"": 1.0, ""feasible_t"": 3.3333333333333335, ""gross_delivery_t"": 3.3333333333333335, ""order_month"": ""2038-08"", ""planned_arrival_month"": ""2038-12"", ""requested_t"": 3.3333333333333335, ""shipment_id"": ""S0116"", ""source_id"": ""B"", ""source_name"": ""Earth-Flex"", ""unfulfilled_request_t"": 0.0}, {""actual_arrival_month"": ""2039-01"", ""actual_delivery_share"": 1.0, ""availability_share"": 1.0, ""feasible_t"": 3.3333333333333335, ""gross_delivery_t"": 3.3333333333333335, ""order_month"": ""2038-09"", ""planned_arrival_month"": ""2039-01"", ""requested_t"": 3.3333333333333335, ""shipment_id"": ""S0117"", ""source_id"": ""B"", ""source_name"": ""Earth-Flex"", ""unfulfilled_request_t"": 0.0}, {""actual_arrival_month"": ""2039-02"", ""actual_delivery_share"": 1.0, ""availability_share"": 1.0, ""feasible_t"": 3.3333333333333335, ""gross_delivery_t"": 3.3333333333333335, ""order_month"": ""2038-10"", ""planned_arrival_month"": ""2039-02"", ""requested_t"": 3.3333333333333335, ""shipment_id"": ""S0118"", ""source_id"": ""B"", ""source_name"": ""Earth-Flex"", ""unfulfilled_request_t"": 0.0}, {""actual_arrival_month"": ""2039-03"", ""actual_delivery_share"": 1.0, ""availability_share"": 1.0, ""feasible_t"": 3.3333333333333335, ""gross_delivery_t"": 3.3333333333333335, ""order_month"": ""2038-11"", ""planned_arrival_month"": ""2039-03"", ""requested_t"": 3.3333333333333335, ""shipment_id"": ""S0119"", ""source_id"": ""B"", ""source_name"": ""Earth-Flex"", ""unfulfilled_request_t"": 0.0}, {""actual_arrival_month"": ""2038-12"", ""actual_delivery_share"": 1.0, ""availability_share"": 1.0, ""feasible_t"": 5.416666666666667, ""gross_delivery_t"": 5.416666666666667, ""order_month"": ""2038-10"", ""planned_arrival_month"": ""2038-12"", ""requested_t"": 5.416666666666667, ""shipment_id"": ""S0178"", ""source_id"": ""E"", ""source_name"": ""Emergency"", ""unfulfilled_request_t"": 0.0}, {""actual_arrival_month"": ""2039-01"", ""actual_delivery_share"": 1.0, ""availability_share"": 1.0, ""feasible_t"": 5.416666666666667, ""gross_delivery_t"": 5.416666666666667, ""order_month"": ""2038-11"", ""planned_arrival_month"": ""2039-01"", ""requested_t"": 5.416666666666667, ""shipment_id"": ""S0179"", ""source_id"": ""E"", ""source_name"": ""Emergency"", ""unfulfilled_request_t"": 0.0}]","{""A"": 10.0, ""B"": 3.3333333333333335, ""E"": 5.416666666666667}","{""A"": 10.0, ""B"": 3.3333333333333335, ""E"": 5.416666666666667}",18.75,0.225,18.525,18.525,0.0,18.525,16.291666666666664,2.2333333333333343,0.0,5.433333333333334,0.0,ZBO,120.0,0.012,"[""ZBO""]",0.0,1.0,[]
2038-12,0.0,23.958333333333332,16.291666666666664,"{""A"": 150.0, ""B"": 60.0, ""C"": 0, ""D"": 0, ""E"": 65.0}","{""A"": 11.666666666666666, ""B"": 3.3333333333333335, ""E"": 5.416666666666667}","[{""actual_arrival_month"": ""2039-01"", ""actual_delivery_share"": 1.0, ""availability_share"": 1.0, ""feasible_t"": 11.666666666666666, ""gross_delivery_t"": 11.666666666666666, ""order_month"": ""2038-01"", ""planned_arrival_month"": ""2039-01"", ""requested_t"": 11.666666666666666, ""shipment_id"": ""S0037"", ""source_id"": ""A"", ""source_name"": ""Earth-Core"", ""unfulfilled_request_t"": 0.0}, {""actual_arrival_month"": ""2039-02"", ""actual_delivery_share"": 1.0, ""availability_share"": 1.0, ""feasible_t"": 11.666666666666666, ""gross_delivery_t"": 11.666666666666666, ""order_month"": ""2038-02"", ""planned_arrival_month"": ""2039-02"", ""requested_t"": 11.666666666666666, ""shipment_id"": ""S0038"", ""source_id"": ""A"", ""source_name"": ""Earth-Core"", ""unfulfilled_request_t"": 0.0}, {""actual_arrival_month"": ""2039-03"", ""actual_delivery_share"": 1.0, ""availability_share"": 1.0, ""feasible_t"": 11.666666666666666, ""gross_delivery_t"": 11.666666666666666, ""order_month"": ""2038-03"", ""planned_arrival_month"": ""2039-03"", ""requested_t"": 11.666666666666666, ""shipment_id"": ""S0039"", ""source_id"": ""A"", ""source_name"": ""Earth-Core"", ""unfulfilled_request_t"": 0.0}, {""actual_arrival_month"": ""2039-04"", ""actual_delivery_share"": 1.0, ""availability_share"": 1.0, ""feasible_t"": 11.666666666666666, ""gross_delivery_t"": 11.666666666666666, ""order_month"": ""2038-04"", ""planned_arrival_month"": ""2039-04"", ""requested_t"": 11.666666666666666, ""shipment_id"": ""S0040"", ""source_id"": ""A"", ""source_name"": ""Earth-Core"", ""unfulfilled_request_t"": 0.0}, {""actual_arrival_month"": ""2039-05"", ""actual_delivery_share"": 1.0, ""availability_share"": 1.0, ""feasible_t"": 11.666666666666666, ""gross_delivery_t"": 11.666666666666666, ""order_month"": ""2038-05"", ""planned_arrival_month"": ""2039-05"", ""requested_t"": 11.666666666666666, ""shipment_id"": ""S0041"", ""source_id"": ""A"", ""source_name"": ""Earth-Core"", ""unfulfilled_request_t"": 0.0}, {""actual_arrival_month"": ""2039-06"", ""actual_delivery_share"": 1.0, ""availability_share"": 1.0, ""feasible_t"": 11.666666666666666, ""gross_delivery_t"": 11.666666666666666, ""order_month"": ""2038-06"", ""planned_arrival_month"": ""2039-06"", ""requested_t"": 11.666666666666666, ""shipment_id"": ""S0042"", ""source_id"": ""A"", ""source_name"": ""Earth-Core"", ""unfulfilled_request_t"": 0.0}, {""actual_arrival_month"": ""2039-07"", ""actual_delivery_share"": 1.0, ""availability_share"": 1.0, ""feasible_t"": 11.666666666666666, ""gross_delivery_t"": 11.666666666666666, ""order_month"": ""2038-07"", ""planned_arrival_month"": ""2039-07"", ""requested_t"": 11.666666666666666, ""shipment_id"": ""S0043"", ""source_id"": ""A"", ""source_name"": ""Earth-Core"", ""unfulfilled_request_t"": 0.0}, {""actual_arrival_month"": ""2039-08"", ""actual_delivery_share"": 1.0, ""availability_share"": 1.0, ""feasible_t"": 11.666666666666666, ""gross_delivery_t"": 11.666666666666666, ""order_month"": ""2038-08"", ""planned_arrival_month"": ""2039-08"", ""requested_t"": 11.666666666666666, ""shipment_id"": ""S0044"", ""source_id"": ""A"", ""source_name"": ""Earth-Core"", ""unfulfilled_request_t"": 0.0}, {""actual_arrival_month"": ""2039-09"", ""actual_delivery_share"": 1.0, ""availability_share"": 1.0, ""feasible_t"": 11.666666666666666, ""gross_delivery_t"": 11.666666666666666, ""order_month"": ""2038-09"", ""planned_arrival_month"": ""2039-09"", ""requested_t"": 11.666666666666666, ""shipment_id"": ""S0045"", ""source_id"": ""A"", ""source_name"": ""Earth-Core"", ""unfulfilled_request_t"": 0.0}, {""actual_arrival_month"": ""2039-10"", ""actual_delivery_share"": 1.0, ""availability_share"": 1.0, ""feasible_t"": 11.666666666666666, ""gross_delivery_t"": 11.666666666666666, ""order_month"": ""2038-10"", ""planned_arrival_month"": ""2039-10"", ""requested_t"": 11.666666666666666, ""shipment_id"": ""S0046"", ""source_id"": ""A"", ""source_name"": ""Earth-Core"", ""unfulfilled_request_t"": 0.0}, {""actual_arrival_month"": ""2039-11"", ""actual_delivery_share"": 1.0, ""availability_share"": 1.0, ""feasible_t"": 11.666666666666666, ""gross_delivery_t"": 11.666666666666666, ""order_month"": ""2038-11"", ""planned_arrival_month"": ""2039-11"", ""requested_t"": 11.666666666666666, ""shipment_id"": ""S0047"", ""source_id"": ""A"", ""source_name"": ""Earth-Core"", ""unfulfilled_request_t"": 0.0}, {""actual_arrival_month"": ""2039-12"", ""actual_delivery_share"": 1.0, ""availability_share"": 1.0, ""feasible_t"": 11.666666666666666, ""gross_delivery_t"": 11.666666666666666, ""order_month"": ""2038-12"", ""planned_arrival_month"": ""2039-12"", ""requested_t"": 11.666666666666666, ""shipment_id"": ""S0048"", ""source_id"": ""A"", ""source_name"": ""Earth-Core"", ""unfulfilled_request_t"": 0.0}, {""actual_arrival_month"": ""2039-01"", ""actual_delivery_share"": 1.0, ""availability_share"": 1.0, ""feasible_t"": 3.3333333333333335, ""gross_delivery_t"": 3.3333333333333335, ""order_month"": ""2038-09"", ""planned_arrival_month"": ""2039-01"", ""requested_t"": 3.3333333333333335, ""shipment_id"": ""S0117"", ""source_id"": ""B"", ""source_name"": ""Earth-Flex"", ""unfulfilled_request_t"": 0.0}, {""actual_arrival_month"": ""2039-02"", ""actual_delivery_share"": 1.0, ""availability_share"": 1.0, ""feasible_t"": 3.3333333333333335, ""gross_delivery_t"": 3.3333333333333335, ""order_month"": ""2038-10"", ""planned_arrival_month"": ""2039-02"", ""requested_t"": 3.3333333333333335, ""shipment_id"": ""S0118"", ""source_id"": ""B"", ""source_name"": ""Earth-Flex"", ""unfulfilled_request_t"": 0.0}, {""actual_arrival_month"": ""2039-03"", ""actual_delivery_share"": 1.0, ""availability_share"": 1.0, ""feasible_t"": 3.3333333333333335, ""gross_delivery_t"": 3.3333333333333335, ""order_month"": ""2038-11"", ""planned_arrival_month"": ""2039-03"", ""requested_t"": 3.3333333333333335, ""shipment_id"": ""S0119"", ""source_id"": ""B"", ""source_name"": ""Earth-Flex"", ""unfulfilled_request_t"": 0.0}, {""actual_arrival_month"": ""2039-04"", ""actual_delivery_share"": 1.0, ""availability_share"": 1.0, ""feasible_t"": 3.3333333333333335, ""gross_delivery_t"": 3.3333333333333335, ""order_month"": ""2038-12"", ""planned_arrival_month"": ""2039-04"", ""requested_t"": 3.3333333333333335, ""shipment_id"": ""S0120"", ""source_id"": ""B"", ""source_name"": ""Earth-Flex"", ""unfulfilled_request_t"": 0.0}, {""actual_arrival_month"": ""2039-01"", ""actual_delivery_share"": 1.0, ""availability_share"": 1.0, ""feasible_t"": 5.416666666666667, ""gross_delivery_t"": 5.416666666666667, ""order_month"": ""2038-11"", ""planned_arrival_month"": ""2039-01"", ""requested_t"": 5.416666666666667, ""shipment_id"": ""S0179"", ""source_id"": ""E"", ""source_name"": ""Emergency"", ""unfulfilled_request_t"": 0.0}, {""actual_arrival_month"": ""2039-02"", ""actual_delivery_share"": 1.0, ""availability_share"": 1.0, ""feasible_t"": 5.416666666666667, ""gross_delivery_t"": 5.416666666666667, ""order_month"": ""2038-12"", ""planned_arrival_month"": ""2039-02"", ""requested_t"": 5.416666666666667, ""shipment_id"": ""S0180"", ""source_id"": ""E"", ""source_name"": ""Emergency"", ""unfulfilled_request_t"": 0.0}]","{""A"": 10.0, ""B"": 3.3333333333333335, ""E"": 5.416666666666667}","{""A"": 10.0, ""B"": 3.3333333333333335, ""E"": 5.416666666666667}",18.75,0.225,18.525,18.525,0.0,18.525,16.291666666666664,2.2333333333333343,0.0,5.433333333333334,0.0,ZBO,120.0,0.012,"[""ZBO""]",0.0,1.0,[]
2039-01,0.0,30.666666666666668,20.124999999999996,"{""A"": 190.0, ""B"": 90.0, ""C"": 0, ""D"": 0, ""E"": 20.0}","{""A"": 15.0, ""B"": 6.25}","[{""actual_arrival_month"": ""2039-02"", ""actual_delivery_share"": 1.0, ""availability_share"": 1.0, ""feasible_t"": 11.666666666666666, ""gross_delivery_t"": 11.666666666666666, ""order_month"": ""2038-02"", ""planned_arrival_month"": ""2039-02"", ""requested_t"": 11.666666666666666, ""shipment_id"": ""S0038"", ""source_id"": ""A"", ""source_name"": ""Earth-Core"", ""unfulfilled_request_t"": 0.0}, {""actual_arrival_month"": ""2039-03"", ""actual_delivery_share"": 1.0, ""availability_share"": 1.0, ""feasible_t"": 11.666666666666666, ""gross_delivery_t"": 11.666666666666666, ""order_month"": ""2038-03"", ""planned_arrival_month"": ""2039-03"", ""requested_t"": 11.666666666666666, ""shipment_id"": ""S0039"", ""source_id"": ""A"", ""source_name"": ""Earth-Core"", ""unfulfilled_request_t"": 0.0}, {""actual_arrival_month"": ""2039-04"", ""actual_delivery_share"": 1.0, ""availability_share"": 1.0, ""feasible_t"": 11.666666666666666, ""gross_delivery_t"": 11.666666666666666, ""order_month"": ""2038-04"", ""planned_arrival_month"": ""2039-04"", ""requested_t"": 11.666666666666666, ""shipment_id"": ""S0040"", ""source_id"": ""A"", ""source_name"": ""Earth-Core"", ""unfulfilled_request_t"": 0.0}, {""actual_arrival_month"": ""2039-05"", ""actual_delivery_share"": 1.0, ""availability_share"": 1.0, ""feasible_t"": 11.666666666666666, ""gross_delivery_t"": 11.666666666666666, ""order_month"": ""2038-05"", ""planned_arrival_month"": ""2039-05"", ""requested_t"": 11.666666666666666, ""shipment_id"": ""S0041"", ""source_id"": ""A"", ""source_name"": ""Earth-Core"", ""unfulfilled_request_t"": 0.0}, {""actual_arrival_month"": ""2039-06"", ""actual_delivery_share"": 1.0, ""availability_share"": 1.0, ""feasible_t"": 11.666666666666666, ""gross_delivery_t"": 11.666666666666666, ""order_month"": ""2038-06"", ""planned_arrival_month"": ""2039-06"", ""requested_t"": 11.666666666666666, ""shipment_id"": ""S0042"", ""source_id"": ""A"", ""source_name"": ""Earth-Core"", ""unfulfilled_request_t"": 0.0}, {""actual_arrival_month"": ""2039-07"", ""actual_delivery_share"": 1.0, ""availability_share"": 1.0, ""feasible_t"": 11.666666666666666, ""gross_delivery_t"": 11.666666666666666, ""order_month"": ""2038-07"", ""planned_arrival_month"": ""2039-07"", ""requested_t"": 11.666666666666666, ""shipment_id"": ""S0043"", ""source_id"": ""A"", ""source_name"": ""Earth-Core"", ""unfulfilled_request_t"": 0.0}, {""actual_arrival_month"": ""2039-08"", ""actual_delivery_share"": 1.0, ""availability_share"": 1.0, ""feasible_t"": 11.666666666666666, ""gross_delivery_t"": 11.666666666666666, ""order_month"": ""2038-08"", ""planned_arrival_month"": ""2039-08"", ""requested_t"": 11.666666666666666, ""shipment_id"": ""S0044"", ""source_id"": ""A"", ""source_name"": ""Earth-Core"", ""unfulfilled_request_t"": 0.0}, {""actual_arrival_month"": ""2039-09"", ""actual_delivery_share"": 1.0, ""availability_share"": 1.0, ""feasible_t"": 11.666666666666666, ""gross_delivery_t"": 11.666666666666666, ""order_month"": ""2038-09"", ""planned_arrival_month"": ""2039-09"", ""requested_t"": 11.666666666666666, ""shipment_id"": ""S0045"", ""source_id"": ""A"", ""source_name"": ""Earth-Core"", ""unfulfilled_request_t"": 0.0}, {""actual_arrival_month"": ""2039-10"", ""actual_delivery_share"": 1.0, ""availability_share"": 1.0, ""feasible_t"": 11.666666666666666, ""gross_delivery_t"": 11.666666666666666, ""order_month"": ""2038-10"", ""planned_arrival_month"": ""2039-10"", ""requested_t"": 11.666666666666666, ""shipment_id"": ""S0046"", ""source_id"": ""A"", ""source_name"": ""Earth-Core"", ""unfulfilled_request_t"": 0.0}, {""actual_arrival_month"": ""2039-11"", ""actual_delivery_share"": 1.0, ""availability_share"": 1.0, ""feasible_t"": 11.666666666666666, ""gross_delivery_t"": 11.666666666666666, ""order_month"": ""2038-11"", ""planned_arrival_month"": ""2039-11"", ""requested_t"": 11.666666666666666, ""shipment_id"": ""S0047"", ""source_id"": ""A"", ""source_name"": ""Earth-Core"", ""unfulfilled_request_t"": 0.0}, {""actual_arrival_month"": ""2039-12"", ""actual_delivery_share"": 1.0, ""availability_share"": 1.0, ""feasible_t"": 11.666666666666666, ""gross_delivery_t"": 11.666666666666666, ""order_month"": ""2038-12"", ""planned_arrival_month"": ""2039-12"", ""requested_t"": 11.666666666666666, ""shipment_id"": ""S0048"", ""source_id"": ""A"", ""source_name"": ""Earth-Core"", ""unfulfilled_request_t"": 0.0}, {""actual_arrival_month"": ""2040-01"", ""actual_delivery_share"": 1.0, ""availability_share"": 1.0, ""feasible_t"": 15.0, ""gross_delivery_t"": 15.0, ""order_month"": ""2039-01"", ""planned_arrival_month"": ""2040-01"", ""requested_t"": 15.0, ""shipment_id"": ""S0049"", ""source_id"": ""A"", ""source_name"": ""Earth-Core"", ""unfulfilled_request_t"": 0.0}, {""actual_arrival_month"": ""2039-02"", ""actual_delivery_share"": 1.0, ""availability_share"": 1.0, ""feasible_t"": 3.3333333333333335, ""gross_delivery_t"": 3.3333333333333335, ""order_month"": ""2038-10"", ""planned_arrival_month"": ""2039-02"", ""requested_t"": 3.3333333333333335, ""shipment_id"": ""S0118"", ""source_id"": ""B"", ""source_name"": ""Earth-Flex"", ""unfulfilled_request_t"": 0.0}, {""actual_arrival_month"": ""2039-03"", ""actual_delivery_share"": 1.0, ""availability_share"": 1.0, ""feasible_t"": 3.3333333333333335, ""gross_delivery_t"": 3.3333333333333335, ""order_month"": ""2038-11"", ""planned_arrival_month"": ""2039-03"", ""requested_t"": 3.3333333333333335, ""shipment_id"": ""S0119"", ""source_id"": ""B"", ""source_name"": ""Earth-Flex"", ""unfulfilled_request_t"": 0.0}, {""actual_arrival_month"": ""2039-04"", ""actual_delivery_share"": 1.0, ""availability_share"": 1.0, ""feasible_t"": 3.3333333333333335, ""gross_delivery_t"": 3.3333333333333335, ""order_month"": ""2038-12"", ""planned_arrival_month"": ""2039-04"", ""requested_t"": 3.3333333333333335, ""shipment_id"": ""S0120"", ""source_id"": ""B"", ""source_name"": ""Earth-Flex"", ""unfulfilled_request_t"": 0.0}, {""actual_arrival_month"": ""2039-05"", ""actual_delivery_share"": 1.0, ""availability_share"": 1.0, ""feasible_t"": 6.25, ""gross_delivery_t"": 6.25, ""order_month"": ""2039-01"", ""planned_arrival_month"": ""2039-05"", ""requested_t"": 6.25, ""shipment_id"": ""S0121"", ""source_id"": ""B"", ""source_name"": ""Earth-Flex"", ""unfulfilled_request_t"": 0.0}, {""actual_arrival_month"": ""2039-02"", ""actual_delivery_share"": 1.0, ""availability_share"": 1.0, ""feasible_t"": 5.416666666666667, ""gross_delivery_t"": 5.416666666666667, ""order_month"": ""2038-12"", ""planned_arrival_month"": ""2039-02"", ""requested_t"": 5.416666666666667, ""shipment_id"": ""S0180"", ""source_id"": ""E"", ""source_name"": ""Emergency"", ""unfulfilled_request_t"": 0.0}]","{""A"": 11.666666666666666, ""B"": 3.3333333333333335, ""E"": 5.416666666666667}","{""A"": 11.666666666666666, ""B"": 3.3333333333333335, ""E"": 5.416666666666667}",20.416666666666668,0.24500000000000002,20.171666666666667,20.171666666666667,0.0,20.171666666666667,20.124999999999996,0.04666666666667041,0.0,10.495000000000001,0.0,ZBO,120.0,0.012,"[""ZBO""]",0.0,1.0,"[""RESERVE_45D""]"
2039-02,0.0,30.666666666666668,20.124999999999996,"{""A"": 190.0, ""B"": 90.0, ""C"": 0, ""D"": 0, ""E"": 20.0}","{""A"": 15.0, ""B"": 6.25}","[{""actual_arrival_month"": ""2039-03"", ""actual_delivery_share"": 1.0, ""availability_share"": 1.0, ""feasible_t"": 11.666666666666666, ""gross_delivery_t"": 11.666666666666666, ""order_month"": ""2038-03"", ""planned_arrival_month"": ""2039-03"", ""requested_t"": 11.666666666666666, ""shipment_id"": ""S0039"", ""source_id"": ""A"", ""source_name"": ""Earth-Core"", ""unfulfilled_request_t"": 0.0}, {""actual_arrival_month"": ""2039-04"", ""actual_delivery_share"": 1.0, ""availability_share"": 1.0, ""feasible_t"": 11.666666666666666, ""gross_delivery_t"": 11.666666666666666, ""order_month"": ""2038-04"", ""planned_arrival_month"": ""2039-04"", ""requested_t"": 11.666666666666666, ""shipment_id"": ""S0040"", ""source_id"": ""A"", ""source_name"": ""Earth-Core"", ""unfulfilled_request_t"": 0.0}, {""actual_arrival_month"": ""2039-05"", ""actual_delivery_share"": 1.0, ""availability_share"": 1.0, ""feasible_t"": 11.666666666666666, ""gross_delivery_t"": 11.666666666666666, ""order_month"": ""2038-05"", ""planned_arrival_month"": ""2039-05"", ""requested_t"": 11.666666666666666, ""shipment_id"": ""S0041"", ""source_id"": ""A"", ""source_name"": ""Earth-Core"", ""unfulfilled_request_t"": 0.0}, {""actual_arrival_month"": ""2039-06"", ""actual_delivery_share"": 1.0, ""availability_share"": 1.0, ""feasible_t"": 11.666666666666666, ""gross_delivery_t"": 11.666666666666666, ""order_month"": ""2038-06"", ""planned_arrival_month"": ""2039-06"", ""requested_t"": 11.666666666666666, ""shipment_id"": ""S0042"", ""source_id"": ""A"", ""source_name"": ""Earth-Core"", ""unfulfilled_request_t"": 0.0}, {""actual_arrival_month"": ""2039-07"", ""actual_delivery_share"": 1.0, ""availability_share"": 1.0, ""feasible_t"": 11.666666666666666, ""gross_delivery_t"": 11.666666666666666, ""order_month"": ""2038-07"", ""planned_arrival_month"": ""2039-07"", ""requested_t"": 11.666666666666666, ""shipment_id"": ""S0043"", ""source_id"": ""A"", ""source_name"": ""Earth-Core"", ""unfulfilled_request_t"": 0.0}, {""actual_arrival_month"": ""2039-08"", ""actual_delivery_share"": 1.0, ""availability_share"": 1.0, ""feasible_t"": 11.666666666666666, ""gross_delivery_t"": 11.666666666666666, ""order_month"": ""2038-08"", ""planned_arrival_month"": ""2039-08"", ""requested_t"": 11.666666666666666, ""shipment_id"": ""S0044"", ""source_id"": ""A"", ""source_name"": ""Earth-Core"", ""unfulfilled_request_t"": 0.0}, {""actual_arrival_month"": ""2039-09"", ""actual_delivery_share"": 1.0, ""availability_share"": 1.0, ""feasible_t"": 11.666666666666666, ""gross_delivery_t"": 11.666666666666666, ""order_month"": ""2038-09"", ""planned_arrival_month"": ""2039-09"", ""requested_t"": 11.666666666666666, ""shipment_id"": ""S0045"", ""source_id"": ""A"", ""source_name"": ""Earth-Core"", ""unfulfilled_request_t"": 0.0}, {""actual_arrival_month"": ""2039-10"", ""actual_delivery_share"": 1.0, ""availability_share"": 1.0, ""feasible_t"": 11.666666666666666, ""gross_delivery_t"": 11.666666666666666, ""order_month"": ""2038-10"", ""planned_arrival_month"": ""2039-10"", ""requested_t"": 11.666666666666666, ""shipment_id"": ""S0046"", ""source_id"": ""A"", ""source_name"": ""Earth-Core"", ""unfulfilled_request_t"": 0.0}, {""actual_arrival_month"": ""2039-11"", ""actual_delivery_share"": 1.0, ""availability_share"": 1.0, ""feasible_t"": 11.666666666666666, ""gross_delivery_t"": 11.666666666666666, ""order_month"": ""2038-11"", ""planned_arrival_month"": ""2039-11"", ""requested_t"": 11.666666666666666, ""shipment_id"": ""S0047"", ""source_id"": ""A"", ""source_name"": ""Earth-Core"", ""unfulfilled_request_t"": 0.0}, {""actual_arrival_month"": ""2039-12"", ""actual_delivery_share"": 1.0, ""availability_share"": 1.0, ""feasible_t"": 11.666666666666666, ""gross_delivery_t"": 11.666666666666666, ""order_month"": ""2038-12"", ""planned_arrival_month"": ""2039-12"", ""requested_t"": 11.666666666666666, ""shipment_id"": ""S0048"", ""source_id"": ""A"", ""source_name"": ""Earth-Core"", ""unfulfilled_request_t"": 0.0}, {""actual_arrival_month"": ""2040-01"", ""actual_delivery_share"": 1.0, ""availability_share"": 1.0, ""feasible_t"": 15.0, ""gross_delivery_t"": 15.0, ""order_month"": ""2039-01"", ""planned_arrival_month"": ""2040-01"", ""requested_t"": 15.0, ""shipment_id"": ""S0049"", ""source_id"": ""A"", ""source_name"": ""Earth-Core"", ""unfulfilled_request_t"": 0.0}, {""actual_arrival_month"": ""2040-02"", ""actual_delivery_share"": 1.0, ""availability_share"": 1.0, ""feasible_t"": 15.0, ""gross_delivery_t"": 15.0, ""order_month"": ""2039-02"", ""planned_arrival_month"": ""2040-02"", ""requested_t"": 15.0, ""shipment_id"": ""S0050"", ""source_id"": ""A"", ""source_name"": ""Earth-Core"", ""unfulfilled_request_t"": 0.0}, {""actual_arrival_month"": ""2039-03"", ""actual_delivery_share"": 1.0, ""availability_share"": 1.0, ""feasible_t"": 3.3333333333333335, ""gross_delivery_t"": 3.3333333333333335, ""order_month"": ""2038-11"", ""planned_arrival_month"": ""2039-03"", ""requested_t"": 3.3333333333333335, ""shipment_id"": ""S0119"", ""source_id"": ""B"", ""source_name"": ""Earth-Flex"", ""unfulfilled_request_t"": 0.0}, {""actual_arrival_month"": ""2039-04"", ""actual_delivery_share"": 1.0, ""availability_share"": 1.0, ""feasible_t"": 3.3333333333333335, ""gross_delivery_t"": 3.3333333333333335, ""order_month"": ""2038-12"", ""planned_arrival_month"": ""2039-04"", ""requested_t"": 3.3333333333333335, ""shipment_id"": ""S0120"", ""source_id"": ""B"", ""source_name"": ""Earth-Flex"", ""unfulfilled_request_t"": 0.0}, {""actual_arrival_month"": ""2039-05"", ""actual_delivery_share"": 1.0, ""availability_share"": 1.0, ""feasible_t"": 6.25, ""gross_delivery_t"": 6.25, ""order_month"": ""2039-01"", ""planned_arrival_month"": ""2039-05"", ""requested_t"": 6.25, ""shipment_id"": ""S0121"", ""source_id"": ""B"", ""source_name"": ""Earth-Flex"", ""unfulfilled_request_t"": 0.0}, {""actual_arrival_month"": ""2039-06"", ""actual_delivery_share"": 1.0, ""availability_share"": 1.0, ""feasible_t"": 6.25, ""gross_delivery_t"": 6.25, ""order_month"": ""2039-02"", ""planned_arrival_month"": ""2039-06"", ""requested_t"": 6.25, ""shipment_id"": ""S0122"", ""source_id"": ""B"", ""source_name"": ""Earth-Flex"", ""unfulfilled_request_t"": 0.0}]","{""A"": 11.666666666666666, ""B"": 3.3333333333333335, ""E"": 5.416666666666667}","{""A"": 11.666666666666666, ""B"": 3.3333333333333335, ""E"": 5.416666666666667}",20.416666666666668,0.24500000000000002,20.171666666666667,20.171666666666667,0.0,20.171666666666667,20.124999999999996,0.04666666666667041,0.0,10.495000000000001,0.0,ZBO,120.0,0.012,"[""ZBO""]",0.0,1.0,[]
2039-03,0.0,30.666666666666668,20.124999999999996,"{""A"": 190.0, ""B"": 90.0, ""C"": 0, ""D"": 0, ""E"": 20.0}","{""A"": 15.0, ""B"": 6.25}","[{""actual_arrival_month"": ""2039-04"", ""actual_delivery_share"": 1.0, ""availability_share"": 1.0, ""feasible_t"": 11.666666666666666, ""gross_delivery_t"": 11.666666666666666, ""order_month"": ""2038-04"", ""planned_arrival_month"": ""2039-04"", ""requested_t"": 11.666666666666666, ""shipment_id"": ""S0040"", ""source_id"": ""A"", ""source_name"": ""Earth-Core"", ""unfulfilled_request_t"": 0.0}, {""actual_arrival_month"": ""2039-05"", ""actual_delivery_share"": 1.0, ""availability_share"": 1.0, ""feasible_t"": 11.666666666666666, ""gross_delivery_t"": 11.666666666666666, ""order_month"": ""2038-05"", ""planned_arrival_month"": ""2039-05"", ""requested_t"": 11.666666666666666, ""shipment_id"": ""S0041"", ""source_id"": ""A"", ""source_name"": ""Earth-Core"", ""unfulfilled_request_t"": 0.0}, {""actual_arrival_month"": ""2039-06"", ""actual_delivery_share"": 1.0, ""availability_share"": 1.0, ""feasible_t"": 11.666666666666666, ""gross_delivery_t"": 11.666666666666666, ""order_month"": ""2038-06"", ""planned_arrival_month"": ""2039-06"", ""requested_t"": 11.666666666666666, ""shipment_id"": ""S0042"", ""source_id"": ""A"", ""source_name"": ""Earth-Core"", ""unfulfilled_request_t"": 0.0}, {""actual_arrival_month"": ""2039-07"", ""actual_delivery_share"": 1.0, ""availability_share"": 1.0, ""feasible_t"": 11.666666666666666, ""gross_delivery_t"": 11.666666666666666, ""order_month"": ""2038-07"", ""planned_arrival_month"": ""2039-07"", ""requested_t"": 11.666666666666666, ""shipment_id"": ""S0043"", ""source_id"": ""A"", ""source_name"": ""Earth-Core"", ""unfulfilled_request_t"": 0.0}, {""actual_arrival_month"": ""2039-08"", ""actual_delivery_share"": 1.0, ""availability_share"": 1.0, ""feasible_t"": 11.666666666666666, ""gross_delivery_t"": 11.666666666666666, ""order_month"": ""2038-08"", ""planned_arrival_month"": ""2039-08"", ""requested_t"": 11.666666666666666, ""shipment_id"": ""S0044"", ""source_id"": ""A"", ""source_name"": ""Earth-Core"", ""unfulfilled_request_t"": 0.0}, {""actual_arrival_month"": ""2039-09"", ""actual_delivery_share"": 1.0, ""availability_share"": 1.0, ""feasible_t"": 11.666666666666666, ""gross_delivery_t"": 11.666666666666666, ""order_month"": ""2038-09"", ""planned_arrival_month"": ""2039-09"", ""requested_t"": 11.666666666666666, ""shipment_id"": ""S0045"", ""source_id"": ""A"", ""source_name"": ""Earth-Core"", ""unfulfilled_request_t"": 0.0}, {""actual_arrival_month"": ""2039-10"", ""actual_delivery_share"": 1.0, ""availability_share"": 1.0, ""feasible_t"": 11.666666666666666, ""gross_delivery_t"": 11.666666666666666, ""order_month"": ""2038-10"", ""planned_arrival_month"": ""2039-10"", ""requested_t"": 11.666666666666666, ""shipment_id"": ""S0046"", ""source_id"": ""A"", ""source_name"": ""Earth-Core"", ""unfulfilled_request_t"": 0.0}, {""actual_arrival_month"": ""2039-11"", ""actual_delivery_share"": 1.0, ""availability_share"": 1.0, ""feasible_t"": 11.666666666666666, ""gross_delivery_t"": 11.666666666666666, ""order_month"": ""2038-11"", ""planned_arrival_month"": ""2039-11"", ""requested_t"": 11.666666666666666, ""shipment_id"": ""S0047"", ""source_id"": ""A"", ""source_name"": ""Earth-Core"", ""unfulfilled_request_t"": 0.0}, {""actual_arrival_month"": ""2039-12"", ""actual_delivery_share"": 1.0, ""availability_share"": 1.0, ""feasible_t"": 11.666666666666666, ""gross_delivery_t"": 11.666666666666666, ""order_month"": ""2038-12"", ""planned_arrival_month"": ""2039-12"", ""requested_t"": 11.666666666666666, ""shipment_id"": ""S0048"", ""source_id"": ""A"", ""source_name"": ""Earth-Core"", ""unfulfilled_request_t"": 0.0}, {""actual_arrival_month"": ""2040-01"", ""actual_delivery_share"": 1.0, ""availability_share"": 1.0, ""feasible_t"": 15.0, ""gross_delivery_t"": 15.0, ""order_month"": ""2039-01"", ""planned_arrival_month"": ""2040-01"", ""requested_t"": 15.0, ""shipment_id"": ""S0049"", ""source_id"": ""A"", ""source_name"": ""Earth-Core"", ""unfulfilled_request_t"": 0.0}, {""actual_arrival_month"": ""2040-02"", ""actual_delivery_share"": 1.0, ""availability_share"": 1.0, ""feasible_t"": 15.0, ""gross_delivery_t"": 15.0, ""order_month"": ""2039-02"", ""planned_arrival_month"": ""2040-02"", ""requested_t"": 15.0, ""shipment_id"": ""S0050"", ""source_id"": ""A"", ""source_name"": ""Earth-Core"", ""unfulfilled_request_t"": 0.0}, {""actual_arrival_month"": ""2040-03"", ""actual_delivery_share"": 1.0, ""availability_share"": 1.0, ""feasible_t"": 15.0, ""gross_delivery_t"": 15.0, ""order_month"": ""2039-03"", ""planned_arrival_month"": ""2040-03"", ""requested_t"": 15.0, ""shipment_id"": ""S0051"", ""source_id"": ""A"", ""source_name"": ""Earth-Core"", ""unfulfilled_request_t"": 0.0}, {""actual_arrival_month"": ""2039-04"", ""actual_delivery_share"": 1.0, ""availability_share"": 1.0, ""feasible_t"": 3.3333333333333335, ""gross_delivery_t"": 3.3333333333333335, ""order_month"": ""2038-12"", ""planned_arrival_month"": ""2039-04"", ""requested_t"": 3.3333333333333335, ""shipment_id"": ""S0120"", ""source_id"": ""B"", ""source_name"": ""Earth-Flex"", ""unfulfilled_request_t"": 0.0}, {""actual_arrival_month"": ""2039-05"", ""actual_delivery_share"": 1.0, ""availability_share"": 1.0, ""feasible_t"": 6.25, ""gross_delivery_t"": 6.25, ""order_month"": ""2039-01"", ""planned_arrival_month"": ""2039-05"", ""requested_t"": 6.25, ""shipment_id"": ""S0121"", ""source_id"": ""B"", ""source_name"": ""Earth-Flex"", ""unfulfilled_request_t"": 0.0}, {""actual_arrival_month"": ""2039-06"", ""actual_delivery_share"": 1.0, ""availability_share"": 1.0, ""feasible_t"": 6.25, ""gross_delivery_t"": 6.25, ""order_month"": ""2039-02"", ""planned_arrival_month"": ""2039-06"", ""requested_t"": 6.25, ""shipment_id"": ""S0122"", ""source_id"": ""B"", ""source_name"": ""Earth-Flex"", ""unfulfilled_request_t"": 0.0}, {""actual_arrival_month"": ""2039-07"", ""actual_delivery_share"": 1.0, ""availability_share"": 1.0, ""feasible_t"": 6.25, ""gross_delivery_t"": 6.25, ""order_month"": ""2039-03"", ""planned_arrival_month"": ""2039-07"", ""requested_t"": 6.25, ""shipment_id"": ""S0123"", ""source_id"": ""B"", ""source_name"": ""Earth-Flex"", ""unfulfilled_request_t"": 0.0}]","{""A"": 11.666666666666666, ""B"": 3.3333333333333335}","{""A"": 11.666666666666666, ""B"": 3.3333333333333335}",15.0,0.18,14.82,14.82,0.0,14.82,14.82,0.0,5.304999999999996,10.541666666666671,0.0,ZBO,120.0,0.012,"[""ZBO""]",0.0,1.0,[]
2039-04,0.0,30.666666666666668,20.124999999999996,"{""A"": 190.0, ""B"": 90.0, ""C"": 0, ""D"": 0, ""E"": 20.0}","{""A"": 15.0, ""B"": 6.25}","[{""actual_arrival_month"": ""2039-05"", ""actual_delivery_share"": 1.0, ""availability_share"": 1.0, ""feasible_t"": 11.666666666666666, ""gross_delivery_t"": 11.666666666666666, ""order_month"": ""2038-05"", ""planned_arrival_month"": ""2039-05"", ""requested_t"": 11.666666666666666, ""shipment_id"": ""S0041"", ""source_id"": ""A"", ""source_name"": ""Earth-Core"", ""unfulfilled_request_t"": 0.0}, {""actual_arrival_month"": ""2039-06"", ""actual_delivery_share"": 1.0, ""availability_share"": 1.0, ""feasible_t"": 11.666666666666666, ""gross_delivery_t"": 11.666666666666666, ""order_month"": ""2038-06"", ""planned_arrival_month"": ""2039-06"", ""requested_t"": 11.666666666666666, ""shipment_id"": ""S0042"", ""source_id"": ""A"", ""source_name"": ""Earth-Core"", ""unfulfilled_request_t"": 0.0}, {""actual_arrival_month"": ""2039-07"", ""actual_delivery_share"": 1.0, ""availability_share"": 1.0, ""feasible_t"": 11.666666666666666, ""gross_delivery_t"": 11.666666666666666, ""order_month"": ""2038-07"", ""planned_arrival_month"": ""2039-07"", ""requested_t"": 11.666666666666666, ""shipment_id"": ""S0043"", ""source_id"": ""A"", ""source_name"": ""Earth-Core"", ""unfulfilled_request_t"": 0.0}, {""actual_arrival_month"": ""2039-08"", ""actual_delivery_share"": 1.0, ""availability_share"": 1.0, ""feasible_t"": 11.666666666666666, ""gross_delivery_t"": 11.666666666666666, ""order_month"": ""2038-08"", ""planned_arrival_month"": ""2039-08"", ""requested_t"": 11.666666666666666, ""shipment_id"": ""S0044"", ""source_id"": ""A"", ""source_name"": ""Earth-Core"", ""unfulfilled_request_t"": 0.0}, {""actual_arrival_month"": ""2039-09"", ""actual_delivery_share"": 1.0, ""availability_share"": 1.0, ""feasible_t"": 11.666666666666666, ""gross_delivery_t"": 11.666666666666666, ""order_month"": ""2038-09"", ""planned_arrival_month"": ""2039-09"", ""requested_t"": 11.666666666666666, ""shipment_id"": ""S0045"", ""source_id"": ""A"", ""source_name"": ""Earth-Core"", ""unfulfilled_request_t"": 0.0}, {""actual_arrival_month"": ""2039-10"", ""actual_delivery_share"": 1.0, ""availability_share"": 1.0, ""feasible_t"": 11.666666666666666, ""gross_delivery_t"": 11.666666666666666, ""order_month"": ""2038-10"", ""planned_arrival_month"": ""2039-10"", ""requested_t"": 11.666666666666666, ""shipment_id"": ""S0046"", ""source_id"": ""A"", ""source_name"": ""Earth-Core"", ""unfulfilled_request_t"": 0.0}, {""actual_arrival_month"": ""2039-11"", ""actual_delivery_share"": 1.0, ""availability_share"": 1.0, ""feasible_t"": 11.666666666666666, ""gross_delivery_t"": 11.666666666666666, ""order_month"": ""2038-11"", ""planned_arrival_month"": ""2039-11"", ""requested_t"": 11.666666666666666, ""shipment_id"": ""S0047"", ""source_id"": ""A"", ""source_name"": ""Earth-Core"", ""unfulfilled_request_t"": 0.0}, {""actual_arrival_month"": ""2039-12"", ""actual_delivery_share"": 1.0, ""availability_share"": 1.0, ""feasible_t"": 11.666666666666666, ""gross_delivery_t"": 11.666666666666666, ""order_month"": ""2038-12"", ""planned_arrival_month"": ""2039-12"", ""requested_t"": 11.666666666666666, ""shipment_id"": ""S0048"", ""source_id"": ""A"", ""source_name"": ""Earth-Core"", ""unfulfilled_request_t"": 0.0}, {""actual_arrival_month"": ""2040-01"", ""actual_delivery_share"": 1.0, ""availability_share"": 1.0, ""feasible_t"": 15.0, ""gross_delivery_t"": 15.0, ""order_month"": ""2039-01"", ""planned_arrival_month"": ""2040-01"", ""requested_t"": 15.0, ""shipment_id"": ""S0049"", ""source_id"": ""A"", ""source_name"": ""Earth-Core"", ""unfulfilled_request_t"": 0.0}, {""actual_arrival_month"": ""2040-02"", ""actual_delivery_share"": 1.0, ""availability_share"": 1.0, ""feasible_t"": 15.0, ""gross_delivery_t"": 15.0, ""order_month"": ""2039-02"", ""planned_arrival_month"": ""2040-02"", ""requested_t"": 15.0, ""shipment_id"": ""S0050"", ""source_id"": ""A"", ""source_name"": ""Earth-Core"", ""unfulfilled_request_t"": 0.0}, {""actual_arrival_month"": ""2040-03"", ""actual_delivery_share"": 1.0, ""availability_share"": 1.0, ""feasible_t"": 15.0, ""gross_delivery_t"": 15.0, ""order_month"": ""2039-03"", ""planned_arrival_month"": ""2040-03"", ""requested_t"": 15.0, ""shipment_id"": ""S0051"", ""source_id"": ""A"", ""source_name"": ""Earth-Core"", ""unfulfilled_request_t"": 0.0}, {""actual_arrival_month"": ""2040-04"", ""actual_delivery_share"": 1.0, ""availability_share"": 1.0, ""feasible_t"": 15.0, ""gross_delivery_t"": 15.0, ""order_month"": ""2039-04"", ""planned_arrival_month"": ""2040-04"", ""requested_t"": 15.0, ""shipment_id"": ""S0052"", ""source_id"": ""A"", ""source_name"": ""Earth-Core"", ""unfulfilled_request_t"": 0.0}, {""actual_arrival_month"": ""2039-05"", ""actual_delivery_share"": 1.0, ""availability_share"": 1.0, ""feasible_t"": 6.25, ""gross_delivery_t"": 6.25, ""order_month"": ""2039-01"", ""planned_arrival_month"": ""2039-05"", ""requested_t"": 6.25, ""shipment_id"": ""S0121"", ""source_id"": ""B"", ""source_name"": ""Earth-Flex"", ""unfulfilled_request_t"": 0.0}, {""actual_arrival_month"": ""2039-06"", ""actual_delivery_share"": 1.0, ""availability_share"": 1.0, ""feasible_t"": 6.25, ""gross_delivery_t"": 6.25, ""order_month"": ""2039-02"", ""planned_arrival_month"": ""2039-06"", ""requested_t"": 6.25, ""shipment_id"": ""S0122"", ""source_id"": ""B"", ""source_name"": ""Earth-Flex"", ""unfulfilled_request_t"": 0.0}, {""actual_arrival_month"": ""2039-07"", ""actual_delivery_share"": 1.0, ""availability_share"": 1.0, ""feasible_t"": 6.25, ""gross_delivery_t"": 6.25, ""order_month"": ""2039-03"", ""planned_arrival_month"": ""2039-07"", ""requested_t"": 6.25, ""shipment_id"": ""S0123"", ""source_id"": ""B"", ""source_name"": ""Earth-Flex"", ""unfulfilled_request_t"": 0.0}, {""actual_arrival_month"": ""2039-08"", ""actual_delivery_share"": 1.0, ""availability_share"": 1.0, ""feasible_t"": 6.25, ""gross_delivery_t"": 6.25, ""order_month"": ""2039-04"", ""planned_arrival_month"": ""2039-08"", ""requested_t"": 6.25, ""shipment_id"": ""S0124"", ""source_id"": ""B"", ""source_name"": ""Earth-Flex"", ""unfulfilled_request_t"": 0.0}]","{""A"": 11.666666666666666, ""B"": 3.3333333333333335}","{""A"": 11.666666666666666, ""B"": 3.3333333333333335}",15.0,0.18,14.82,14.82,0.0,14.82,14.82,0.0,5.304999999999996,10.541666666666671,0.0,ZBO,120.0,0.012,"[""ZBO""]",0.0,1.0,[]
2039-05,0.0,30.666666666666668,20.124999999999996,"{""A"": 190.0, ""B"": 90.0, ""C"": 0, ""D"": 0, ""E"": 20.0}","{""A"": 15.0, ""B"": 6.25}","[{""actual_arrival_month"": ""2039-06"", ""actual_delivery_share"": 1.0, ""availability_share"": 1.0, ""feasible_t"": 11.666666666666666, ""gross_delivery_t"": 11.666666666666666, ""order_month"": ""2038-06"", ""planned_arrival_month"": ""2039-06"", ""requested_t"": 11.666666666666666, ""shipment_id"": ""S0042"", ""source_id"": ""A"", ""source_name"": ""Earth-Core"", ""unfulfilled_request_t"": 0.0}, {""actual_arrival_month"": ""2039-07"", ""actual_delivery_share"": 1.0, ""availability_share"": 1.0, ""feasible_t"": 11.666666666666666, ""gross_delivery_t"": 11.666666666666666, ""order_month"": ""2038-07"", ""planned_arrival_month"": ""2039-07"", ""requested_t"": 11.666666666666666, ""shipment_id"": ""S0043"", ""source_id"": ""A"", ""source_name"": ""Earth-Core"", ""unfulfilled_request_t"": 0.0}, {""actual_arrival_month"": ""2039-08"", ""actual_delivery_share"": 1.0, ""availability_share"": 1.0, ""feasible_t"": 11.666666666666666, ""gross_delivery_t"": 11.666666666666666, ""order_month"": ""2038-08"", ""planned_arrival_month"": ""2039-08"", ""requested_t"": 11.666666666666666, ""shipment_id"": ""S0044"", ""source_id"": ""A"", ""source_name"": ""Earth-Core"", ""unfulfilled_request_t"": 0.0}, {""actual_arrival_month"": ""2039-09"", ""actual_delivery_share"": 1.0, ""availability_share"": 1.0, ""feasible_t"": 11.666666666666666, ""gross_delivery_t"": 11.666666666666666, ""order_month"": ""2038-09"", ""planned_arrival_month"": ""2039-09"", ""requested_t"": 11.666666666666666, ""shipment_id"": ""S0045"", ""source_id"": ""A"", ""source_name"": ""Earth-Core"", ""unfulfilled_request_t"": 0.0}, {""actual_arrival_month"": ""2039-10"", ""actual_delivery_share"": 1.0, ""availability_share"": 1.0, ""feasible_t"": 11.666666666666666, ""gross_delivery_t"": 11.666666666666666, ""order_month"": ""2038-10"", ""planned_arrival_month"": ""2039-10"", ""requested_t"": 11.666666666666666, ""shipment_id"": ""S0046"", ""source_id"": ""A"", ""source_name"": ""Earth-Core"", ""unfulfilled_request_t"": 0.0}, {""actual_arrival_month"": ""2039-11"", ""actual_delivery_share"": 1.0, ""availability_share"": 1.0, ""feasible_t"": 11.666666666666666, ""gross_delivery_t"": 11.666666666666666, ""order_month"": ""2038-11"", ""planned_arrival_month"": ""2039-11"", ""requested_t"": 11.666666666666666, ""shipment_id"": ""S0047"", ""source_id"": ""A"", ""source_name"": ""Earth-Core"", ""unfulfilled_request_t"": 0.0}, {""actual_arrival_month"": ""2039-12"", ""actual_delivery_share"": 1.0, ""availability_share"": 1.0, ""feasible_t"": 11.666666666666666, ""gross_delivery_t"": 11.666666666666666, ""order_month"": ""2038-12"", ""planned_arrival_month"": ""2039-12"", ""requested_t"": 11.666666666666666, ""shipment_id"": ""S0048"", ""source_id"": ""A"", ""source_name"": ""Earth-Core"", ""unfulfilled_request_t"": 0.0}, {""actual_arrival_month"": ""2040-01"", ""actual_delivery_share"": 1.0, ""availability_share"": 1.0, ""feasible_t"": 15.0, ""gross_delivery_t"": 15.0, ""order_month"": ""2039-01"", ""planned_arrival_month"": ""2040-01"", ""requested_t"": 15.0, ""shipment_id"": ""S0049"", ""source_id"": ""A"", ""source_name"": ""Earth-Core"", ""unfulfilled_request_t"": 0.0}, {""actual_arrival_month"": ""2040-02"", ""actual_delivery_share"": 1.0, ""availability_share"": 1.0, ""feasible_t"": 15.0, ""gross_delivery_t"": 15.0, ""order_month"": ""2039-02"", ""planned_arrival_month"": ""2040-02"", ""requested_t"": 15.0, ""shipment_id"": ""S0050"", ""source_id"": ""A"", ""source_name"": ""Earth-Core"", ""unfulfilled_request_t"": 0.0}, {""actual_arrival_month"": ""2040-03"", ""actual_delivery_share"": 1.0, ""availability_share"": 1.0, ""feasible_t"": 15.0, ""gross_delivery_t"": 15.0, ""order_month"": ""2039-03"", ""planned_arrival_month"": ""2040-03"", ""requested_t"": 15.0, ""shipment_id"": ""S0051"", ""source_id"": ""A"", ""source_name"": ""Earth-Core"", ""unfulfilled_request_t"": 0.0}, {""actual_arrival_month"": ""2040-04"", ""actual_delivery_share"": 1.0, ""availability_share"": 1.0, ""feasible_t"": 15.0, ""gross_delivery_t"": 15.0, ""order_month"": ""2039-04"", ""planned_arrival_month"": ""2040-04"", ""requested_t"": 15.0, ""shipment_id"": ""S0052"", ""source_id"": ""A"", ""source_name"": ""Earth-Core"", ""unfulfilled_request_t"": 0.0}, {""actual_arrival_month"": ""2040-05"", ""actual_delivery_share"": 1.0, ""availability_share"": 1.0, ""feasible_t"": 15.0, ""gross_delivery_t"": 15.0, ""order_month"": ""2039-05"", ""planned_arrival_month"": ""2040-05"", ""requested_t"": 15.0, ""shipment_id"": ""S0053"", ""source_id"": ""A"", ""source_name"": ""Earth-Core"", ""unfulfilled_request_t"": 0.0}, {""actual_arrival_month"": ""2039-06"", ""actual_delivery_share"": 1.0, ""availability_share"": 1.0, ""feasible_t"": 6.25, ""gross_delivery_t"": 6.25, ""order_month"": ""2039-02"", ""planned_arrival_month"": ""2039-06"", ""requested_t"": 6.25, ""shipment_id"": ""S0122"", ""source_id"": ""B"", ""source_name"": ""Earth-Flex"", ""unfulfilled_request_t"": 0.0}, {""actual_arrival_month"": ""2039-07"", ""actual_delivery_share"": 1.0, ""availability_share"": 1.0, ""feasible_t"": 6.25, ""gross_delivery_t"": 6.25, ""order_month"": ""2039-03"", ""planned_arrival_month"": ""2039-07"", ""requested_t"": 6.25, ""shipment_id"": ""S0123"", ""source_id"": ""B"", ""source_name"": ""Earth-Flex"", ""unfulfilled_request_t"": 0.0}, {""actual_arrival_month"": ""2039-08"", ""actual_delivery_share"": 1.0, ""availability_share"": 1.0, ""feasible_t"": 6.25, ""gross_delivery_t"": 6.25, ""order_month"": ""2039-04"", ""planned_arrival_month"": ""2039-08"", ""requested_t"": 6.25, ""shipment_id"": ""S0124"", ""source_id"": ""B"", ""source_name"": ""Earth-Flex"", ""unfulfilled_request_t"": 0.0}, {""actual_arrival_month"": ""2039-09"", ""actual_delivery_share"": 1.0, ""availability_share"": 1.0, ""feasible_t"": 6.25, ""gross_delivery_t"": 6.25, ""order_month"": ""2039-05"", ""planned_arrival_month"": ""2039-09"", ""requested_t"": 6.25, ""shipment_id"": ""S0125"", ""source_id"": ""B"", ""source_name"": ""Earth-Flex"", ""unfulfilled_request_t"": 0.0}]","{""A"": 11.666666666666666, ""B"": 6.25}","{""A"": 11.666666666666666, ""B"": 6.25}",17.916666666666664,0.21499999999999997,17.701666666666664,17.701666666666664,0.0,17.701666666666664,17.701666666666664,0.0,2.423333333333332,10.541666666666671,0.0,ZBO,120.0,0.012,"[""ZBO""]",0.0,1.0,[]
2039-06,0.0,30.666666666666668,20.124999999999996,"{""A"": 190.0, ""B"": 90.0, ""C"": 0, ""D"": 0, ""E"": 20.0}","{""A"": 15.0, ""B"": 6.25}","[{""actual_arrival_month"": ""2039-07"", ""actual_delivery_share"": 1.0, ""availability_share"": 1.0, ""feasible_t"": 11.666666666666666, ""gross_delivery_t"": 11.666666666666666, ""order_month"": ""2038-07"", ""planned_arrival_month"": ""2039-07"", ""requested_t"": 11.666666666666666, ""shipment_id"": ""S0043"", ""source_id"": ""A"", ""source_name"": ""Earth-Core"", ""unfulfilled_request_t"": 0.0}, {""actual_arrival_month"": ""2039-08"", ""actual_delivery_share"": 1.0, ""availability_share"": 1.0, ""feasible_t"": 11.666666666666666, ""gross_delivery_t"": 11.666666666666666, ""order_month"": ""2038-08"", ""planned_arrival_month"": ""2039-08"", ""requested_t"": 11.666666666666666, ""shipment_id"": ""S0044"", ""source_id"": ""A"", ""source_name"": ""Earth-Core"", ""unfulfilled_request_t"": 0.0}, {""actual_arrival_month"": ""2039-09"", ""actual_delivery_share"": 1.0, ""availability_share"": 1.0, ""feasible_t"": 11.666666666666666, ""gross_delivery_t"": 11.666666666666666, ""order_month"": ""2038-09"", ""planned_arrival_month"": ""2039-09"", ""requested_t"": 11.666666666666666, ""shipment_id"": ""S0045"", ""source_id"": ""A"", ""source_name"": ""Earth-Core"", ""unfulfilled_request_t"": 0.0}, {""actual_arrival_month"": ""2039-10"", ""actual_delivery_share"": 1.0, ""availability_share"": 1.0, ""feasible_t"": 11.666666666666666, ""gross_delivery_t"": 11.666666666666666, ""order_month"": ""2038-10"", ""planned_arrival_month"": ""2039-10"", ""requested_t"": 11.666666666666666, ""shipment_id"": ""S0046"", ""source_id"": ""A"", ""source_name"": ""Earth-Core"", ""unfulfilled_request_t"": 0.0}, {""actual_arrival_month"": ""2039-11"", ""actual_delivery_share"": 1.0, ""availability_share"": 1.0, ""feasible_t"": 11.666666666666666, ""gross_delivery_t"": 11.666666666666666, ""order_month"": ""2038-11"", ""planned_arrival_month"": ""2039-11"", ""requested_t"": 11.666666666666666, ""shipment_id"": ""S0047"", ""source_id"": ""A"", ""source_name"": ""Earth-Core"", ""unfulfilled_request_t"": 0.0}, {""actual_arrival_month"": ""2039-12"", ""actual_delivery_share"": 1.0, ""availability_share"": 1.0, ""feasible_t"": 11.666666666666666, ""gross_delivery_t"": 11.666666666666666, ""order_month"": ""2038-12"", ""planned_arrival_month"": ""2039-12"", ""requested_t"": 11.666666666666666, ""shipment_id"": ""S0048"", ""source_id"": ""A"", ""source_name"": ""Earth-Core"", ""unfulfilled_request_t"": 0.0}, {""actual_arrival_month"": ""2040-01"", ""actual_delivery_share"": 1.0, ""availability_share"": 1.0, ""feasible_t"": 15.0, ""gross_delivery_t"": 15.0, ""order_month"": ""2039-01"", ""planned_arrival_month"": ""2040-01"", ""requested_t"": 15.0, ""shipment_id"": ""S0049"", ""source_id"": ""A"", ""source_name"": ""Earth-Core"", ""unfulfilled_request_t"": 0.0}, {""actual_arrival_month"": ""2040-02"", ""actual_delivery_share"": 1.0, ""availability_share"": 1.0, ""feasible_t"": 15.0, ""gross_delivery_t"": 15.0, ""order_month"": ""2039-02"", ""planned_arrival_month"": ""2040-02"", ""requested_t"": 15.0, ""shipment_id"": ""S0050"", ""source_id"": ""A"", ""source_name"": ""Earth-Core"", ""unfulfilled_request_t"": 0.0}, {""actual_arrival_month"": ""2040-03"", ""actual_delivery_share"": 1.0, ""availability_share"": 1.0, ""feasible_t"": 15.0, ""gross_delivery_t"": 15.0, ""order_month"": ""2039-03"", ""planned_arrival_month"": ""2040-03"", ""requested_t"": 15.0, ""shipment_id"": ""S0051"", ""source_id"": ""A"", ""source_name"": ""Earth-Core"", ""unfulfilled_request_t"": 0.0}, {""actual_arrival_month"": ""2040-04"", ""actual_delivery_share"": 1.0, ""availability_share"": 1.0, ""feasible_t"": 15.0, ""gross_delivery_t"": 15.0, ""order_month"": ""2039-04"", ""planned_arrival_month"": ""2040-04"", ""requested_t"": 15.0, ""shipment_id"": ""S0052"", ""source_id"": ""A"", ""source_name"": ""Earth-Core"", ""unfulfilled_request_t"": 0.0}, {""actual_arrival_month"": ""2040-05"", ""actual_delivery_share"": 1.0, ""availability_share"": 1.0, ""feasible_t"": 15.0, ""gross_delivery_t"": 15.0, ""order_month"": ""2039-05"", ""planned_arrival_month"": ""2040-05"", ""requested_t"": 15.0, ""shipment_id"": ""S0053"", ""source_id"": ""A"", ""source_name"": ""Earth-Core"", ""unfulfilled_request_t"": 0.0}, {""actual_arrival_month"": ""2040-06"", ""actual_delivery_share"": 1.0, ""availability_share"": 1.0, ""feasible_t"": 15.0, ""gross_delivery_t"": 15.0, ""order_month"": ""2039-06"", ""planned_arrival_month"": ""2040-06"", ""requested_t"": 15.0, ""shipment_id"": ""S0054"", ""source_id"": ""A"", ""source_name"": ""Earth-Core"", ""unfulfilled_request_t"": 0.0}, {""actual_arrival_month"": ""2039-07"", ""actual_delivery_share"": 1.0, ""availability_share"": 1.0, ""feasible_t"": 6.25, ""gross_delivery_t"": 6.25, ""order_month"": ""2039-03"", ""planned_arrival_month"": ""2039-07"", ""requested_t"": 6.25, ""shipment_id"": ""S0123"", ""source_id"": ""B"", ""source_name"": ""Earth-Flex"", ""unfulfilled_request_t"": 0.0}, {""actual_arrival_month"": ""2039-08"", ""actual_delivery_share"": 1.0, ""availability_share"": 1.0, ""feasible_t"": 6.25, ""gross_delivery_t"": 6.25, ""order_month"": ""2039-04"", ""planned_arrival_month"": ""2039-08"", ""requested_t"": 6.25, ""shipment_id"": ""S0124"", ""source_id"": ""B"", ""source_name"": ""Earth-Flex"", ""unfulfilled_request_t"": 0.0}, {""actual_arrival_month"": ""2039-09"", ""actual_delivery_share"": 1.0, ""availability_share"": 1.0, ""feasible_t"": 6.25, ""gross_delivery_t"": 6.25, ""order_month"": ""2039-05"", ""planned_arrival_month"": ""2039-09"", ""requested_t"": 6.25, ""shipment_id"": ""S0125"", ""source_id"": ""B"", ""source_name"": ""Earth-Flex"", ""unfulfilled_request_t"": 0.0}, {""actual_arrival_month"": ""2039-10"", ""actual_delivery_share"": 1.0, ""availability_share"": 1.0, ""feasible_t"": 6.25, ""gross_delivery_t"": 6.25, ""order_month"": ""2039-06"", ""planned_arrival_month"": ""2039-10"", ""requested_t"": 6.25, ""shipment_id"": ""S0126"", ""source_id"": ""B"", ""source_name"": ""Earth-Flex"", ""unfulfilled_request_t"": 0.0}]","{""A"": 11.666666666666666, ""B"": 6.25}","{""A"": 11.666666666666666, ""B"": 6.25}",17.916666666666664,0.21499999999999997,17.701666666666664,17.701666666666664,0.0,17.701666666666664,17.701666666666664,0.0,2.423333333333332,10.541666666666671,0.0,ZBO,120.0,0.012,"[""ZBO""]",0.0,1.0,[]
2039-07,0.0,30.666666666666668,20.124999999999996,"{""A"": 190.0, ""B"": 90.0, ""C"": 0, ""D"": 0, ""E"": 20.0}","{""A"": 15.0, ""B"": 6.25}","[{""actual_arrival_month"": ""2039-08"", ""actual_delivery_share"": 1.0, ""availability_share"": 1.0, ""feasible_t"": 11.666666666666666, ""gross_delivery_t"": 11.666666666666666, ""order_month"": ""2038-08"", ""planned_arrival_month"": ""2039-08"", ""requested_t"": 11.666666666666666, ""shipment_id"": ""S0044"", ""source_id"": ""A"", ""source_name"": ""Earth-Core"", ""unfulfilled_request_t"": 0.0}, {""actual_arrival_month"": ""2039-09"", ""actual_delivery_share"": 1.0, ""availability_share"": 1.0, ""feasible_t"": 11.666666666666666, ""gross_delivery_t"": 11.666666666666666, ""order_month"": ""2038-09"", ""planned_arrival_month"": ""2039-09"", ""requested_t"": 11.666666666666666, ""shipment_id"": ""S0045"", ""source_id"": ""A"", ""source_name"": ""Earth-Core"", ""unfulfilled_request_t"": 0.0}, {""actual_arrival_month"": ""2039-10"", ""actual_delivery_share"": 1.0, ""availability_share"": 1.0, ""feasible_t"": 11.666666666666666, ""gross_delivery_t"": 11.666666666666666, ""order_month"": ""2038-10"", ""planned_arrival_month"": ""2039-10"", ""requested_t"": 11.666666666666666, ""shipment_id"": ""S0046"", ""source_id"": ""A"", ""source_name"": ""Earth-Core"", ""unfulfilled_request_t"": 0.0}, {""actual_arrival_month"": ""2039-11"", ""actual_delivery_share"": 1.0, ""availability_share"": 1.0, ""feasible_t"": 11.666666666666666, ""gross_delivery_t"": 11.666666666666666, ""order_month"": ""2038-11"", ""planned_arrival_month"": ""2039-11"", ""requested_t"": 11.666666666666666, ""shipment_id"": ""S0047"", ""source_id"": ""A"", ""source_name"": ""Earth-Core"", ""unfulfilled_request_t"": 0.0}, {""actual_arrival_month"": ""2039-12"", ""actual_delivery_share"": 1.0, ""availability_share"": 1.0, ""feasible_t"": 11.666666666666666, ""gross_delivery_t"": 11.666666666666666, ""order_month"": ""2038-12"", ""planned_arrival_month"": ""2039-12"", ""requested_t"": 11.666666666666666, ""shipment_id"": ""S0048"", ""source_id"": ""A"", ""source_name"": ""Earth-Core"", ""unfulfilled_request_t"": 0.0}, {""actual_arrival_month"": ""2040-01"", ""actual_delivery_share"": 1.0, ""availability_share"": 1.0, ""feasible_t"": 15.0, ""gross_delivery_t"": 15.0, ""order_month"": ""2039-01"", ""planned_arrival_month"": ""2040-01"", ""requested_t"": 15.0, ""shipment_id"": ""S0049"", ""source_id"": ""A"", ""source_name"": ""Earth-Core"", ""unfulfilled_request_t"": 0.0}, {""actual_arrival_month"": ""2040-02"", ""actual_delivery_share"": 1.0, ""availability_share"": 1.0, ""feasible_t"": 15.0, ""gross_delivery_t"": 15.0, ""order_month"": ""2039-02"", ""planned_arrival_month"": ""2040-02"", ""requested_t"": 15.0, ""shipment_id"": ""S0050"", ""source_id"": ""A"", ""source_name"": ""Earth-Core"", ""unfulfilled_request_t"": 0.0}, {""actual_arrival_month"": ""2040-03"", ""actual_delivery_share"": 1.0, ""availability_share"": 1.0, ""feasible_t"": 15.0, ""gross_delivery_t"": 15.0, ""order_month"": ""2039-03"", ""planned_arrival_month"": ""2040-03"", ""requested_t"": 15.0, ""shipment_id"": ""S0051"", ""source_id"": ""A"", ""source_name"": ""Earth-Core"", ""unfulfilled_request_t"": 0.0}, {""actual_arrival_month"": ""2040-04"", ""actual_delivery_share"": 1.0, ""availability_share"": 1.0, ""feasible_t"": 15.0, ""gross_delivery_t"": 15.0, ""order_month"": ""2039-04"", ""planned_arrival_month"": ""2040-04"", ""requested_t"": 15.0, ""shipment_id"": ""S0052"", ""source_id"": ""A"", ""source_name"": ""Earth-Core"", ""unfulfilled_request_t"": 0.0}, {""actual_arrival_month"": ""2040-05"", ""actual_delivery_share"": 1.0, ""availability_share"": 1.0, ""feasible_t"": 15.0, ""gross_delivery_t"": 15.0, ""order_month"": ""2039-05"", ""planned_arrival_month"": ""2040-05"", ""requested_t"": 15.0, ""shipment_id"": ""S0053"", ""source_id"": ""A"", ""source_name"": ""Earth-Core"", ""unfulfilled_request_t"": 0.0}, {""actual_arrival_month"": ""2040-06"", ""actual_delivery_share"": 1.0, ""availability_share"": 1.0, ""feasible_t"": 15.0, ""gross_delivery_t"": 15.0, ""order_month"": ""2039-06"", ""planned_arrival_month"": ""2040-06"", ""requested_t"": 15.0, ""shipment_id"": ""S0054"", ""source_id"": ""A"", ""source_name"": ""Earth-Core"", ""unfulfilled_request_t"": 0.0}, {""actual_arrival_month"": ""2040-07"", ""actual_delivery_share"": 1.0, ""availability_share"": 1.0, ""feasible_t"": 15.0, ""gross_delivery_t"": 15.0, ""order_month"": ""2039-07"", ""planned_arrival_month"": ""2040-07"", ""requested_t"": 15.0, ""shipment_id"": ""S0055"", ""source_id"": ""A"", ""source_name"": ""Earth-Core"", ""unfulfilled_request_t"": 0.0}, {""actual_arrival_month"": ""2039-08"", ""actual_delivery_share"": 1.0, ""availability_share"": 1.0, ""feasible_t"": 6.25, ""gross_delivery_t"": 6.25, ""order_month"": ""2039-04"", ""planned_arrival_month"": ""2039-08"", ""requested_t"": 6.25, ""shipment_id"": ""S0124"", ""source_id"": ""B"", ""source_name"": ""Earth-Flex"", ""unfulfilled_request_t"": 0.0}, {""actual_arrival_month"": ""2039-09"", ""actual_delivery_share"": 1.0, ""availability_share"": 1.0, ""feasible_t"": 6.25, ""gross_delivery_t"": 6.25, ""order_month"": ""2039-05"", ""planned_arrival_month"": ""2039-09"", ""requested_t"": 6.25, ""shipment_id"": ""S0125"", ""source_id"": ""B"", ""source_name"": ""Earth-Flex"", ""unfulfilled_request_t"": 0.0}, {""actual_arrival_month"": ""2039-10"", ""actual_delivery_share"": 1.0, ""availability_share"": 1.0, ""feasible_t"": 6.25, ""gross_delivery_t"": 6.25, ""order_month"": ""2039-06"", ""planned_arrival_month"": ""2039-10"", ""requested_t"": 6.25, ""shipment_id"": ""S0126"", ""source_id"": ""B"", ""source_name"": ""Earth-Flex"", ""unfulfilled_request_t"": 0.0}, {""actual_arrival_month"": ""2039-11"", ""actual_delivery_share"": 1.0, ""availability_share"": 1.0, ""feasible_t"": 6.25, ""gross_delivery_t"": 6.25, ""order_month"": ""2039-07"", ""planned_arrival_month"": ""2039-11"", ""requested_t"": 6.25, ""shipment_id"": ""S0127"", ""source_id"": ""B"", ""source_name"": ""Earth-Flex"", ""unfulfilled_request_t"": 0.0}]","{""A"": 11.666666666666666, ""B"": 6.25}","{""A"": 11.666666666666666, ""B"": 6.25}",17.916666666666664,0.21499999999999997,17.701666666666664,17.701666666666664,0.0,17.701666666666664,17.701666666666664,0.0,2.423333333333332,10.541666666666671,0.0,ZBO,120.0,0.012,"[""ZBO""]",0.0,1.0,[]
2039-08,0.0,30.666666666666668,20.124999999999996,"{""A"": 190.0, ""B"": 90.0, ""C"": 0, ""D"": 0, ""E"": 20.0}","{""A"": 15.0, ""B"": 6.25}","[{""actual_arrival_month"": ""2039-09"", ""actual_delivery_share"": 1.0, ""availability_share"": 1.0, ""feasible_t"": 11.666666666666666, ""gross_delivery_t"": 11.666666666666666, ""order_month"": ""2038-09"", ""planned_arrival_month"": ""2039-09"", ""requested_t"": 11.666666666666666, ""shipment_id"": ""S0045"", ""source_id"": ""A"", ""source_name"": ""Earth-Core"", ""unfulfilled_request_t"": 0.0}, {""actual_arrival_month"": ""2039-10"", ""actual_delivery_share"": 1.0, ""availability_share"": 1.0, ""feasible_t"": 11.666666666666666, ""gross_delivery_t"": 11.666666666666666, ""order_month"": ""2038-10"", ""planned_arrival_month"": ""2039-10"", ""requested_t"": 11.666666666666666, ""shipment_id"": ""S0046"", ""source_id"": ""A"", ""source_name"": ""Earth-Core"", ""unfulfilled_request_t"": 0.0}, {""actual_arrival_month"": ""2039-11"", ""actual_delivery_share"": 1.0, ""availability_share"": 1.0, ""feasible_t"": 11.666666666666666, ""gross_delivery_t"": 11.666666666666666, ""order_month"": ""2038-11"", ""planned_arrival_month"": ""2039-11"", ""requested_t"": 11.666666666666666, ""shipment_id"": ""S0047"", ""source_id"": ""A"", ""source_name"": ""Earth-Core"", ""unfulfilled_request_t"": 0.0}, {""actual_arrival_month"": ""2039-12"", ""actual_delivery_share"": 1.0, ""availability_share"": 1.0, ""feasible_t"": 11.666666666666666, ""gross_delivery_t"": 11.666666666666666, ""order_month"": ""2038-12"", ""planned_arrival_month"": ""2039-12"", ""requested_t"": 11.666666666666666, ""shipment_id"": ""S0048"", ""source_id"": ""A"", ""source_name"": ""Earth-Core"", ""unfulfilled_request_t"": 0.0}, {""actual_arrival_month"": ""2040-01"", ""actual_delivery_share"": 1.0, ""availability_share"": 1.0, ""feasible_t"": 15.0, ""gross_delivery_t"": 15.0, ""order_month"": ""2039-01"", ""planned_arrival_month"": ""2040-01"", ""requested_t"": 15.0, ""shipment_id"": ""S0049"", ""source_id"": ""A"", ""source_name"": ""Earth-Core"", ""unfulfilled_request_t"": 0.0}, {""actual_arrival_month"": ""2040-02"", ""actual_delivery_share"": 1.0, ""availability_share"": 1.0, ""feasible_t"": 15.0, ""gross_delivery_t"": 15.0, ""order_month"": ""2039-02"", ""planned_arrival_month"": ""2040-02"", ""requested_t"": 15.0, ""shipment_id"": ""S0050"", ""source_id"": ""A"", ""source_name"": ""Earth-Core"", ""unfulfilled_request_t"": 0.0}, {""actual_arrival_month"": ""2040-03"", ""actual_delivery_share"": 1.0, ""availability_share"": 1.0, ""feasible_t"": 15.0, ""gross_delivery_t"": 15.0, ""order_month"": ""2039-03"", ""planned_arrival_month"": ""2040-03"", ""requested_t"": 15.0, ""shipment_id"": ""S0051"", ""source_id"": ""A"", ""source_name"": ""Earth-Core"", ""unfulfilled_request_t"": 0.0}, {""actual_arrival_month"": ""2040-04"", ""actual_delivery_share"": 1.0, ""availability_share"": 1.0, ""feasible_t"": 15.0, ""gross_delivery_t"": 15.0, ""order_month"": ""2039-04"", ""planned_arrival_month"": ""2040-04"", ""requested_t"": 15.0, ""shipment_id"": ""S0052"", ""source_id"": ""A"", ""source_name"": ""Earth-Core"", ""unfulfilled_request_t"": 0.0}, {""actual_arrival_month"": ""2040-05"", ""actual_delivery_share"": 1.0, ""availability_share"": 1.0, ""feasible_t"": 15.0, ""gross_delivery_t"": 15.0, ""order_month"": ""2039-05"", ""planned_arrival_month"": ""2040-05"", ""requested_t"": 15.0, ""shipment_id"": ""S0053"", ""source_id"": ""A"", ""source_name"": ""Earth-Core"", ""unfulfilled_request_t"": 0.0}, {""actual_arrival_month"": ""2040-06"", ""actual_delivery_share"": 1.0, ""availability_share"": 1.0, ""feasible_t"": 15.0, ""gross_delivery_t"": 15.0, ""order_month"": ""2039-06"", ""planned_arrival_month"": ""2040-06"", ""requested_t"": 15.0, ""shipment_id"": ""S0054"", ""source_id"": ""A"", ""source_name"": ""Earth-Core"", ""unfulfilled_request_t"": 0.0}, {""actual_arrival_month"": ""2040-07"", ""actual_delivery_share"": 1.0, ""availability_share"": 1.0, ""feasible_t"": 15.0, ""gross_delivery_t"": 15.0, ""order_month"": ""2039-07"", ""planned_arrival_month"": ""2040-07"", ""requested_t"": 15.0, ""shipment_id"": ""S0055"", ""source_id"": ""A"", ""source_name"": ""Earth-Core"", ""unfulfilled_request_t"": 0.0}, {""actual_arrival_month"": ""2040-08"", ""actual_delivery_share"": 1.0, ""availability_share"": 1.0, ""feasible_t"": 15.0, ""gross_delivery_t"": 15.0, ""order_month"": ""2039-08"", ""planned_arrival_month"": ""2040-08"", ""requested_t"": 15.0, ""shipment_id"": ""S0056"", ""source_id"": ""A"", ""source_name"": ""Earth-Core"", ""unfulfilled_request_t"": 0.0}, {""actual_arrival_month"": ""2039-09"", ""actual_delivery_share"": 1.0, ""availability_share"": 1.0, ""feasible_t"": 6.25, ""gross_delivery_t"": 6.25, ""order_month"": ""2039-05"", ""planned_arrival_month"": ""2039-09"", ""requested_t"": 6.25, ""shipment_id"": ""S0125"", ""source_id"": ""B"", ""source_name"": ""Earth-Flex"", ""unfulfilled_request_t"": 0.0}, {""actual_arrival_month"": ""2039-10"", ""actual_delivery_share"": 1.0, ""availability_share"": 1.0, ""feasible_t"": 6.25, ""gross_delivery_t"": 6.25, ""order_month"": ""2039-06"", ""planned_arrival_month"": ""2039-10"", ""requested_t"": 6.25, ""shipment_id"": ""S0126"", ""source_id"": ""B"", ""source_name"": ""Earth-Flex"", ""unfulfilled_request_t"": 0.0}, {""actual_arrival_month"": ""2039-11"", ""actual_delivery_share"": 1.0, ""availability_share"": 1.0, ""feasible_t"": 6.25, ""gross_delivery_t"": 6.25, ""order_month"": ""2039-07"", ""planned_arrival_month"": ""2039-11"", ""requested_t"": 6.25, ""shipment_id"": ""S0127"", ""source_id"": ""B"", ""source_name"": ""Earth-Flex"", ""unfulfilled_request_t"": 0.0}, {""actual_arrival_month"": ""2039-12"", ""actual_delivery_share"": 1.0, ""availability_share"": 1.0, ""feasible_t"": 6.25, ""gross_delivery_t"": 6.25, ""order_month"": ""2039-08"", ""planned_arrival_month"": ""2039-12"", ""requested_t"": 6.25, ""shipment_id"": ""S0128"", ""source_id"": ""B"", ""source_name"": ""Earth-Flex"", ""unfulfilled_request_t"": 0.0}]","{""A"": 11.666666666666666, ""B"": 6.25}","{""A"": 11.666666666666666, ""B"": 6.25}",17.916666666666664,0.21499999999999997,17.701666666666664,17.701666666666664,0.0,17.701666666666664,17.701666666666664,0.0,2.423333333333332,10.541666666666671,0.0,ZBO,120.0,0.012,"[""ZBO""]",0.0,1.0,[]
2039-09,0.0,30.666666666666668,20.124999999999996,"{""A"": 190.0, ""B"": 90.0, ""C"": 0, ""D"": 0, ""E"": 20.0}","{""A"": 15.0, ""B"": 6.25}","[{""actual_arrival_month"": ""2039-10"", ""actual_delivery_share"": 1.0, ""availability_share"": 1.0, ""feasible_t"": 11.666666666666666, ""gross_delivery_t"": 11.666666666666666, ""order_month"": ""2038-10"", ""planned_arrival_month"": ""2039-10"", ""requested_t"": 11.666666666666666, ""shipment_id"": ""S0046"", ""source_id"": ""A"", ""source_name"": ""Earth-Core"", ""unfulfilled_request_t"": 0.0}, {""actual_arrival_month"": ""2039-11"", ""actual_delivery_share"": 1.0, ""availability_share"": 1.0, ""feasible_t"": 11.666666666666666, ""gross_delivery_t"": 11.666666666666666, ""order_month"": ""2038-11"", ""planned_arrival_month"": ""2039-11"", ""requested_t"": 11.666666666666666, ""shipment_id"": ""S0047"", ""source_id"": ""A"", ""source_name"": ""Earth-Core"", ""unfulfilled_request_t"": 0.0}, {""actual_arrival_month"": ""2039-12"", ""actual_delivery_share"": 1.0, ""availability_share"": 1.0, ""feasible_t"": 11.666666666666666, ""gross_delivery_t"": 11.666666666666666, ""order_month"": ""2038-12"", ""planned_arrival_month"": ""2039-12"", ""requested_t"": 11.666666666666666, ""shipment_id"": ""S0048"", ""source_id"": ""A"", ""source_name"": ""Earth-Core"", ""unfulfilled_request_t"": 0.0}, {""actual_arrival_month"": ""2040-01"", ""actual_delivery_share"": 1.0, ""availability_share"": 1.0, ""feasible_t"": 15.0, ""gross_delivery_t"": 15.0, ""order_month"": ""2039-01"", ""planned_arrival_month"": ""2040-01"", ""requested_t"": 15.0, ""shipment_id"": ""S0049"", ""source_id"": ""A"", ""source_name"": ""Earth-Core"", ""unfulfilled_request_t"": 0.0}, {""actual_arrival_month"": ""2040-02"", ""actual_delivery_share"": 1.0, ""availability_share"": 1.0, ""feasible_t"": 15.0, ""gross_delivery_t"": 15.0, ""order_month"": ""2039-02"", ""planned_arrival_month"": ""2040-02"", ""requested_t"": 15.0, ""shipment_id"": ""S0050"", ""source_id"": ""A"", ""source_name"": ""Earth-Core"", ""unfulfilled_request_t"": 0.0}, {""actual_arrival_month"": ""2040-03"", ""actual_delivery_share"": 1.0, ""availability_share"": 1.0, ""feasible_t"": 15.0, ""gross_delivery_t"": 15.0, ""order_month"": ""2039-03"", ""planned_arrival_month"": ""2040-03"", ""requested_t"": 15.0, ""shipment_id"": ""S0051"", ""source_id"": ""A"", ""source_name"": ""Earth-Core"", ""unfulfilled_request_t"": 0.0}, {""actual_arrival_month"": ""2040-04"", ""actual_delivery_share"": 1.0, ""availability_share"": 1.0, ""feasible_t"": 15.0, ""gross_delivery_t"": 15.0, ""order_month"": ""2039-04"", ""planned_arrival_month"": ""2040-04"", ""requested_t"": 15.0, ""shipment_id"": ""S0052"", ""source_id"": ""A"", ""source_name"": ""Earth-Core"", ""unfulfilled_request_t"": 0.0}, {""actual_arrival_month"": ""2040-05"", ""actual_delivery_share"": 1.0, ""availability_share"": 1.0, ""feasible_t"": 15.0, ""gross_delivery_t"": 15.0, ""order_month"": ""2039-05"", ""planned_arrival_month"": ""2040-05"", ""requested_t"": 15.0, ""shipment_id"": ""S0053"", ""source_id"": ""A"", ""source_name"": ""Earth-Core"", ""unfulfilled_request_t"": 0.0}, {""actual_arrival_month"": ""2040-06"", ""actual_delivery_share"": 1.0, ""availability_share"": 1.0, ""feasible_t"": 15.0, ""gross_delivery_t"": 15.0, ""order_month"": ""2039-06"", ""planned_arrival_month"": ""2040-06"", ""requested_t"": 15.0, ""shipment_id"": ""S0054"", ""source_id"": ""A"", ""source_name"": ""Earth-Core"", ""unfulfilled_request_t"": 0.0}, {""actual_arrival_month"": ""2040-07"", ""actual_delivery_share"": 1.0, ""availability_share"": 1.0, ""feasible_t"": 15.0, ""gross_delivery_t"": 15.0, ""order_month"": ""2039-07"", ""planned_arrival_month"": ""2040-07"", ""requested_t"": 15.0, ""shipment_id"": ""S0055"", ""source_id"": ""A"", ""source_name"": ""Earth-Core"", ""unfulfilled_request_t"": 0.0}, {""actual_arrival_month"": ""2040-08"", ""actual_delivery_share"": 1.0, ""availability_share"": 1.0, ""feasible_t"": 15.0, ""gross_delivery_t"": 15.0, ""order_month"": ""2039-08"", ""planned_arrival_month"": ""2040-08"", ""requested_t"": 15.0, ""shipment_id"": ""S0056"", ""source_id"": ""A"", ""source_name"": ""Earth-Core"", ""unfulfilled_request_t"": 0.0}, {""actual_arrival_month"": ""2040-09"", ""actual_delivery_share"": 1.0, ""availability_share"": 1.0, ""feasible_t"": 15.0, ""gross_delivery_t"": 15.0, ""order_month"": ""2039-09"", ""planned_arrival_month"": ""2040-09"", ""requested_t"": 15.0, ""shipment_id"": ""S0057"", ""source_id"": ""A"", ""source_name"": ""Earth-Core"", ""unfulfilled_request_t"": 0.0}, {""actual_arrival_month"": ""2039-10"", ""actual_delivery_share"": 1.0, ""availability_share"": 1.0, ""feasible_t"": 6.25, ""gross_delivery_t"": 6.25, ""order_month"": ""2039-06"", ""planned_arrival_month"": ""2039-10"", ""requested_t"": 6.25, ""shipment_id"": ""S0126"", ""source_id"": ""B"", ""source_name"": ""Earth-Flex"", ""unfulfilled_request_t"": 0.0}, {""actual_arrival_month"": ""2039-11"", ""actual_delivery_share"": 1.0, ""availability_share"": 1.0, ""feasible_t"": 6.25, ""gross_delivery_t"": 6.25, ""order_month"": ""2039-07"", ""planned_arrival_month"": ""2039-11"", ""requested_t"": 6.25, ""shipment_id"": ""S0127"", ""source_id"": ""B"", ""source_name"": ""Earth-Flex"", ""unfulfilled_request_t"": 0.0}, {""actual_arrival_month"": ""2039-12"", ""actual_delivery_share"": 1.0, ""availability_share"": 1.0, ""feasible_t"": 6.25, ""gross_delivery_t"": 6.25, ""order_month"": ""2039-08"", ""planned_arrival_month"": ""2039-12"", ""requested_t"": 6.25, ""shipment_id"": ""S0128"", ""source_id"": ""B"", ""source_name"": ""Earth-Flex"", ""unfulfilled_request_t"": 0.0}, {""actual_arrival_month"": ""2040-01"", ""actual_delivery_share"": 1.0, ""availability_share"": 1.0, ""feasible_t"": 6.25, ""gross_delivery_t"": 6.25, ""order_month"": ""2039-09"", ""planned_arrival_month"": ""2040-01"", ""requested_t"": 6.25, ""shipment_id"": ""S0129"", ""source_id"": ""B"", ""source_name"": ""Earth-Flex"", ""unfulfilled_request_t"": 0.0}]","{""A"": 11.666666666666666, ""B"": 6.25}","{""A"": 11.666666666666666, ""B"": 6.25}",17.916666666666664,0.21499999999999997,17.701666666666664,17.701666666666664,0.0,17.701666666666664,17.701666666666664,0.0,2.423333333333332,10.541666666666671,0.0,ZBO,120.0,0.012,"[""ZBO""]",0.0,1.0,[]
2039-10,0.0,30.666666666666668,20.124999999999996,"{""A"": 190.0, ""B"": 90.0, ""C"": 0, ""D"": 0, ""E"": 20.0}","{""A"": 15.0, ""B"": 6.25}","[{""actual_arrival_month"": ""2039-11"", ""actual_delivery_share"": 1.0, ""availability_share"": 1.0, ""feasible_t"": 11.666666666666666, ""gross_delivery_t"": 11.666666666666666, ""order_month"": ""2038-11"", ""planned_arrival_month"": ""2039-11"", ""requested_t"": 11.666666666666666, ""shipment_id"": ""S0047"", ""source_id"": ""A"", ""source_name"": ""Earth-Core"", ""unfulfilled_request_t"": 0.0}, {""actual_arrival_month"": ""2039-12"", ""actual_delivery_share"": 1.0, ""availability_share"": 1.0, ""feasible_t"": 11.666666666666666, ""gross_delivery_t"": 11.666666666666666, ""order_month"": ""2038-12"", ""planned_arrival_month"": ""2039-12"", ""requested_t"": 11.666666666666666, ""shipment_id"": ""S0048"", ""source_id"": ""A"", ""source_name"": ""Earth-Core"", ""unfulfilled_request_t"": 0.0}, {""actual_arrival_month"": ""2040-01"", ""actual_delivery_share"": 1.0, ""availability_share"": 1.0, ""feasible_t"": 15.0, ""gross_delivery_t"": 15.0, ""order_month"": ""2039-01"", ""planned_arrival_month"": ""2040-01"", ""requested_t"": 15.0, ""shipment_id"": ""S0049"", ""source_id"": ""A"", ""source_name"": ""Earth-Core"", ""unfulfilled_request_t"": 0.0}, {""actual_arrival_month"": ""2040-02"", ""actual_delivery_share"": 1.0, ""availability_share"": 1.0, ""feasible_t"": 15.0, ""gross_delivery_t"": 15.0, ""order_month"": ""2039-02"", ""planned_arrival_month"": ""2040-02"", ""requested_t"": 15.0, ""shipment_id"": ""S0050"", ""source_id"": ""A"", ""source_name"": ""Earth-Core"", ""unfulfilled_request_t"": 0.0}, {""actual_arrival_month"": ""2040-03"", ""actual_delivery_share"": 1.0, ""availability_share"": 1.0, ""feasible_t"": 15.0, ""gross_delivery_t"": 15.0, ""order_month"": ""2039-03"", ""planned_arrival_month"": ""2040-03"", ""requested_t"": 15.0, ""shipment_id"": ""S0051"", ""source_id"": ""A"", ""source_name"": ""Earth-Core"", ""unfulfilled_request_t"": 0.0}, {""actual_arrival_month"": ""2040-04"", ""actual_delivery_share"": 1.0, ""availability_share"": 1.0, ""feasible_t"": 15.0, ""gross_delivery_t"": 15.0, ""order_month"": ""2039-04"", ""planned_arrival_month"": ""2040-04"", ""requested_t"": 15.0, ""shipment_id"": ""S0052"", ""source_id"": ""A"", ""source_name"": ""Earth-Core"", ""unfulfilled_request_t"": 0.0}, {""actual_arrival_month"": ""2040-05"", ""actual_delivery_share"": 1.0, ""availability_share"": 1.0, ""feasible_t"": 15.0, ""gross_delivery_t"": 15.0, ""order_month"": ""2039-05"", ""planned_arrival_month"": ""2040-05"", ""requested_t"": 15.0, ""shipment_id"": ""S0053"", ""source_id"": ""A"", ""source_name"": ""Earth-Core"", ""unfulfilled_request_t"": 0.0}, {""actual_arrival_month"": ""2040-06"", ""actual_delivery_share"": 1.0, ""availability_share"": 1.0, ""feasible_t"": 15.0, ""gross_delivery_t"": 15.0, ""order_month"": ""2039-06"", ""planned_arrival_month"": ""2040-06"", ""requested_t"": 15.0, ""shipment_id"": ""S0054"", ""source_id"": ""A"", ""source_name"": ""Earth-Core"", ""unfulfilled_request_t"": 0.0}, {""actual_arrival_month"": ""2040-07"", ""actual_delivery_share"": 1.0, ""availability_share"": 1.0, ""feasible_t"": 15.0, ""gross_delivery_t"": 15.0, ""order_month"": ""2039-07"", ""planned_arrival_month"": ""2040-07"", ""requested_t"": 15.0, ""shipment_id"": ""S0055"", ""source_id"": ""A"", ""source_name"": ""Earth-Core"", ""unfulfilled_request_t"": 0.0}, {""actual_arrival_month"": ""2040-08"", ""actual_delivery_share"": 1.0, ""availability_share"": 1.0, ""feasible_t"": 15.0, ""gross_delivery_t"": 15.0, ""order_month"": ""2039-08"", ""planned_arrival_month"": ""2040-08"", ""requested_t"": 15.0, ""shipment_id"": ""S0056"", ""source_id"": ""A"", ""source_name"": ""Earth-Core"", ""unfulfilled_request_t"": 0.0}, {""actual_arrival_month"": ""2040-09"", ""actual_delivery_share"": 1.0, ""availability_share"": 1.0, ""feasible_t"": 15.0, ""gross_delivery_t"": 15.0, ""order_month"": ""2039-09"", ""planned_arrival_month"": ""2040-09"", ""requested_t"": 15.0, ""shipment_id"": ""S0057"", ""source_id"": ""A"", ""source_name"": ""Earth-Core"", ""unfulfilled_request_t"": 0.0}, {""actual_arrival_month"": ""2040-10"", ""actual_delivery_share"": 1.0, ""availability_share"": 1.0, ""feasible_t"": 15.0, ""gross_delivery_t"": 15.0, ""order_month"": ""2039-10"", ""planned_arrival_month"": ""2040-10"", ""requested_t"": 15.0, ""shipment_id"": ""S0058"", ""source_id"": ""A"", ""source_name"": ""Earth-Core"", ""unfulfilled_request_t"": 0.0}, {""actual_arrival_month"": ""2039-11"", ""actual_delivery_share"": 1.0, ""availability_share"": 1.0, ""feasible_t"": 6.25, ""gross_delivery_t"": 6.25, ""order_month"": ""2039-07"", ""planned_arrival_month"": ""2039-11"", ""requested_t"": 6.25, ""shipment_id"": ""S0127"", ""source_id"": ""B"", ""source_name"": ""Earth-Flex"", ""unfulfilled_request_t"": 0.0}, {""actual_arrival_month"": ""2039-12"", ""actual_delivery_share"": 1.0, ""availability_share"": 1.0, ""feasible_t"": 6.25, ""gross_delivery_t"": 6.25, ""order_month"": ""2039-08"", ""planned_arrival_month"": ""2039-12"", ""requested_t"": 6.25, ""shipment_id"": ""S0128"", ""source_id"": ""B"", ""source_name"": ""Earth-Flex"", ""unfulfilled_request_t"": 0.0}, {""actual_arrival_month"": ""2040-01"", ""actual_delivery_share"": 1.0, ""availability_share"": 1.0, ""feasible_t"": 6.25, ""gross_delivery_t"": 6.25, ""order_month"": ""2039-09"", ""planned_arrival_month"": ""2040-01"", ""requested_t"": 6.25, ""shipment_id"": ""S0129"", ""source_id"": ""B"", ""source_name"": ""Earth-Flex"", ""unfulfilled_request_t"": 0.0}, {""actual_arrival_month"": ""2040-02"", ""actual_delivery_share"": 1.0, ""availability_share"": 1.0, ""feasible_t"": 6.25, ""gross_delivery_t"": 6.25, ""order_month"": ""2039-10"", ""planned_arrival_month"": ""2040-02"", ""requested_t"": 6.25, ""shipment_id"": ""S0130"", ""source_id"": ""B"", ""source_name"": ""Earth-Flex"", ""unfulfilled_request_t"": 0.0}]","{""A"": 11.666666666666666, ""B"": 6.25}","{""A"": 11.666666666666666, ""B"": 6.25}",17.916666666666664,0.21499999999999997,17.701666666666664,17.701666666666664,0.0,17.701666666666664,17.701666666666664,0.0,2.423333333333332,10.541666666666671,0.0,ZBO,120.0,0.012,"[""ZBO""]",0.0,1.0,[]
2039-11,0.0,30.666666666666668,20.124999999999996,"{""A"": 190.0, ""B"": 90.0, ""C"": 0, ""D"": 0, ""E"": 20.0}","{""A"": 15.0, ""B"": 6.25}","[{""actual_arrival_month"": ""2039-12"", ""actual_delivery_share"": 1.0, ""availability_share"": 1.0, ""feasible_t"": 11.666666666666666, ""gross_delivery_t"": 11.666666666666666, ""order_month"": ""2038-12"", ""planned_arrival_month"": ""2039-12"", ""requested_t"": 11.666666666666666, ""shipment_id"": ""S0048"", ""source_id"": ""A"", ""source_name"": ""Earth-Core"", ""unfulfilled_request_t"": 0.0}, {""actual_arrival_month"": ""2040-01"", ""actual_delivery_share"": 1.0, ""availability_share"": 1.0, ""feasible_t"": 15.0, ""gross_delivery_t"": 15.0, ""order_month"": ""2039-01"", ""planned_arrival_month"": ""2040-01"", ""requested_t"": 15.0, ""shipment_id"": ""S0049"", ""source_id"": ""A"", ""source_name"": ""Earth-Core"", ""unfulfilled_request_t"": 0.0}, {""actual_arrival_month"": ""2040-02"", ""actual_delivery_share"": 1.0, ""availability_share"": 1.0, ""feasible_t"": 15.0, ""gross_delivery_t"": 15.0, ""order_month"": ""2039-02"", ""planned_arrival_month"": ""2040-02"", ""requested_t"": 15.0, ""shipment_id"": ""S0050"", ""source_id"": ""A"", ""source_name"": ""Earth-Core"", ""unfulfilled_request_t"": 0.0}, {""actual_arrival_month"": ""2040-03"", ""actual_delivery_share"": 1.0, ""availability_share"": 1.0, ""feasible_t"": 15.0, ""gross_delivery_t"": 15.0, ""order_month"": ""2039-03"", ""planned_arrival_month"": ""2040-03"", ""requested_t"": 15.0, ""shipment_id"": ""S0051"", ""source_id"": ""A"", ""source_name"": ""Earth-Core"", ""unfulfilled_request_t"": 0.0}, {""actual_arrival_month"": ""2040-04"", ""actual_delivery_share"": 1.0, ""availability_share"": 1.0, ""feasible_t"": 15.0, ""gross_delivery_t"": 15.0, ""order_month"": ""2039-04"", ""planned_arrival_month"": ""2040-04"", ""requested_t"": 15.0, ""shipment_id"": ""S0052"", ""source_id"": ""A"", ""source_name"": ""Earth-Core"", ""unfulfilled_request_t"": 0.0}, {""actual_arrival_month"": ""2040-05"", ""actual_delivery_share"": 1.0, ""availability_share"": 1.0, ""feasible_t"": 15.0, ""gross_delivery_t"": 15.0, ""order_month"": ""2039-05"", ""planned_arrival_month"": ""2040-05"", ""requested_t"": 15.0, ""shipment_id"": ""S0053"", ""source_id"": ""A"", ""source_name"": ""Earth-Core"", ""unfulfilled_request_t"": 0.0}, {""actual_arrival_month"": ""2040-06"", ""actual_delivery_share"": 1.0, ""availability_share"": 1.0, ""feasible_t"": 15.0, ""gross_delivery_t"": 15.0, ""order_month"": ""2039-06"", ""planned_arrival_month"": ""2040-06"", ""requested_t"": 15.0, ""shipment_id"": ""S0054"", ""source_id"": ""A"", ""source_name"": ""Earth-Core"", ""unfulfilled_request_t"": 0.0}, {""actual_arrival_month"": ""2040-07"", ""actual_delivery_share"": 1.0, ""availability_share"": 1.0, ""feasible_t"": 15.0, ""gross_delivery_t"": 15.0, ""order_month"": ""2039-07"", ""planned_arrival_month"": ""2040-07"", ""requested_t"": 15.0, ""shipment_id"": ""S0055"", ""source_id"": ""A"", ""source_name"": ""Earth-Core"", ""unfulfilled_request_t"": 0.0}, {""actual_arrival_month"": ""2040-08"", ""actual_delivery_share"": 1.0, ""availability_share"": 1.0, ""feasible_t"": 15.0, ""gross_delivery_t"": 15.0, ""order_month"": ""2039-08"", ""planned_arrival_month"": ""2040-08"", ""requested_t"": 15.0, ""shipment_id"": ""S0056"", ""source_id"": ""A"", ""source_name"": ""Earth-Core"", ""unfulfilled_request_t"": 0.0}, {""actual_arrival_month"": ""2040-09"", ""actual_delivery_share"": 1.0, ""availability_share"": 1.0, ""feasible_t"": 15.0, ""gross_delivery_t"": 15.0, ""order_month"": ""2039-09"", ""planned_arrival_month"": ""2040-09"", ""requested_t"": 15.0, ""shipment_id"": ""S0057"", ""source_id"": ""A"", ""source_name"": ""Earth-Core"", ""unfulfilled_request_t"": 0.0}, {""actual_arrival_month"": ""2040-10"", ""actual_delivery_share"": 1.0, ""availability_share"": 1.0, ""feasible_t"": 15.0, ""gross_delivery_t"": 15.0, ""order_month"": ""2039-10"", ""planned_arrival_month"": ""2040-10"", ""requested_t"": 15.0, ""shipment_id"": ""S0058"", ""source_id"": ""A"", ""source_name"": ""Earth-Core"", ""unfulfilled_request_t"": 0.0}, {""actual_arrival_month"": ""2040-11"", ""actual_delivery_share"": 1.0, ""availability_share"": 1.0, ""feasible_t"": 15.0, ""gross_delivery_t"": 15.0, ""order_month"": ""2039-11"", ""planned_arrival_month"": ""2040-11"", ""requested_t"": 15.0, ""shipment_id"": ""S0059"", ""source_id"": ""A"", ""source_name"": ""Earth-Core"", ""unfulfilled_request_t"": 0.0}, {""actual_arrival_month"": ""2039-12"", ""actual_delivery_share"": 1.0, ""availability_share"": 1.0, ""feasible_t"": 6.25, ""gross_delivery_t"": 6.25, ""order_month"": ""2039-08"", ""planned_arrival_month"": ""2039-12"", ""requested_t"": 6.25, ""shipment_id"": ""S0128"", ""source_id"": ""B"", ""source_name"": ""Earth-Flex"", ""unfulfilled_request_t"": 0.0}, {""actual_arrival_month"": ""2040-01"", ""actual_delivery_share"": 1.0, ""availability_share"": 1.0, ""feasible_t"": 6.25, ""gross_delivery_t"": 6.25, ""order_month"": ""2039-09"", ""planned_arrival_month"": ""2040-01"", ""requested_t"": 6.25, ""shipment_id"": ""S0129"", ""source_id"": ""B"", ""source_name"": ""Earth-Flex"", ""unfulfilled_request_t"": 0.0}, {""actual_arrival_month"": ""2040-02"", ""actual_delivery_share"": 1.0, ""availability_share"": 1.0, ""feasible_t"": 6.25, ""gross_delivery_t"": 6.25, ""order_month"": ""2039-10"", ""planned_arrival_month"": ""2040-02"", ""requested_t"": 6.25, ""shipment_id"": ""S0130"", ""source_id"": ""B"", ""source_name"": ""Earth-Flex"", ""unfulfilled_request_t"": 0.0}, {""actual_arrival_month"": ""2040-03"", ""actual_delivery_share"": 1.0, ""availability_share"": 1.0, ""feasible_t"": 6.25, ""gross_delivery_t"": 6.25, ""order_month"": ""2039-11"", ""planned_arrival_month"": ""2040-03"", ""requested_t"": 6.25, ""shipment_id"": ""S0131"", ""source_id"": ""B"", ""source_name"": ""Earth-Flex"", ""unfulfilled_request_t"": 0.0}]","{""A"": 11.666666666666666, ""B"": 6.25}","{""A"": 11.666666666666666, ""B"": 6.25}",17.916666666666664,0.21499999999999997,17.701666666666664,17.701666666666664,0.0,17.701666666666664,17.701666666666664,0.0,2.423333333333332,10.541666666666671,0.0,ZBO,120.0,0.012,"[""ZBO""]",0.0,1.0,[]
2039-12,0.0,30.666666666666668,20.124999999999996,"{""A"": 190.0, ""B"": 90.0, ""C"": 0, ""D"": 0, ""E"": 20.0}","{""A"": 15.0, ""B"": 6.25}","[{""actual_arrival_month"": ""2040-01"", ""actual_delivery_share"": 1.0, ""availability_share"": 1.0, ""feasible_t"": 15.0, ""gross_delivery_t"": 15.0, ""order_month"": ""2039-01"", ""planned_arrival_month"": ""2040-01"", ""requested_t"": 15.0, ""shipment_id"": ""S0049"", ""source_id"": ""A"", ""source_name"": ""Earth-Core"", ""unfulfilled_request_t"": 0.0}, {""actual_arrival_month"": ""2040-02"", ""actual_delivery_share"": 1.0, ""availability_share"": 1.0, ""feasible_t"": 15.0, ""gross_delivery_t"": 15.0, ""order_month"": ""2039-02"", ""planned_arrival_month"": ""2040-02"", ""requested_t"": 15.0, ""shipment_id"": ""S0050"", ""source_id"": ""A"", ""source_name"": ""Earth-Core"", ""unfulfilled_request_t"": 0.0}, {""actual_arrival_month"": ""2040-03"", ""actual_delivery_share"": 1.0, ""availability_share"": 1.0, ""feasible_t"": 15.0, ""gross_delivery_t"": 15.0, ""order_month"": ""2039-03"", ""planned_arrival_month"": ""2040-03"", ""requested_t"": 15.0, ""shipment_id"": ""S0051"", ""source_id"": ""A"", ""source_name"": ""Earth-Core"", ""unfulfilled_request_t"": 0.0}, {""actual_arrival_month"": ""2040-04"", ""actual_delivery_share"": 1.0, ""availability_share"": 1.0, ""feasible_t"": 15.0, ""gross_delivery_t"": 15.0, ""order_month"": ""2039-04"", ""planned_arrival_month"": ""2040-04"", ""requested_t"": 15.0, ""shipment_id"": ""S0052"", ""source_id"": ""A"", ""source_name"": ""Earth-Core"", ""unfulfilled_request_t"": 0.0}, {""actual_arrival_month"": ""2040-05"", ""actual_delivery_share"": 1.0, ""availability_share"": 1.0, ""feasible_t"": 15.0, ""gross_delivery_t"": 15.0, ""order_month"": ""2039-05"", ""planned_arrival_month"": ""2040-05"", ""requested_t"": 15.0, ""shipment_id"": ""S0053"", ""source_id"": ""A"", ""source_name"": ""Earth-Core"", ""unfulfilled_request_t"": 0.0}, {""actual_arrival_month"": ""2040-06"", ""actual_delivery_share"": 1.0, ""availability_share"": 1.0, ""feasible_t"": 15.0, ""gross_delivery_t"": 15.0, ""order_month"": ""2039-06"", ""planned_arrival_month"": ""2040-06"", ""requested_t"": 15.0, ""shipment_id"": ""S0054"", ""source_id"": ""A"", ""source_name"": ""Earth-Core"", ""unfulfilled_request_t"": 0.0}, {""actual_arrival_month"": ""2040-07"", ""actual_delivery_share"": 1.0, ""availability_share"": 1.0, ""feasible_t"": 15.0, ""gross_delivery_t"": 15.0, ""order_month"": ""2039-07"", ""planned_arrival_month"": ""2040-07"", ""requested_t"": 15.0, ""shipment_id"": ""S0055"", ""source_id"": ""A"", ""source_name"": ""Earth-Core"", ""unfulfilled_request_t"": 0.0}, {""actual_arrival_month"": ""2040-08"", ""actual_delivery_share"": 1.0, ""availability_share"": 1.0, ""feasible_t"": 15.0, ""gross_delivery_t"": 15.0, ""order_month"": ""2039-08"", ""planned_arrival_month"": ""2040-08"", ""requested_t"": 15.0, ""shipment_id"": ""S0056"", ""source_id"": ""A"", ""source_name"": ""Earth-Core"", ""unfulfilled_request_t"": 0.0}, {""actual_arrival_month"": ""2040-09"", ""actual_delivery_share"": 1.0, ""availability_share"": 1.0, ""feasible_t"": 15.0, ""gross_delivery_t"": 15.0, ""order_month"": ""2039-09"", ""planned_arrival_month"": ""2040-09"", ""requested_t"": 15.0, ""shipment_id"": ""S0057"", ""source_id"": ""A"", ""source_name"": ""Earth-Core"", ""unfulfilled_request_t"": 0.0}, {""actual_arrival_month"": ""2040-10"", ""actual_delivery_share"": 1.0, ""availability_share"": 1.0, ""feasible_t"": 15.0, ""gross_delivery_t"": 15.0, ""order_month"": ""2039-10"", ""planned_arrival_month"": ""2040-10"", ""requested_t"": 15.0, ""shipment_id"": ""S0058"", ""source_id"": ""A"", ""source_name"": ""Earth-Core"", ""unfulfilled_request_t"": 0.0}, {""actual_arrival_month"": ""2040-11"", ""actual_delivery_share"": 1.0, ""availability_share"": 1.0, ""feasible_t"": 15.0, ""gross_delivery_t"": 15.0, ""order_month"": ""2039-11"", ""planned_arrival_month"": ""2040-11"", ""requested_t"": 15.0, ""shipment_id"": ""S0059"", ""source_id"": ""A"", ""source_name"": ""Earth-Core"", ""unfulfilled_request_t"": 0.0}, {""actual_arrival_month"": ""2040-12"", ""actual_delivery_share"": 1.0, ""availability_share"": 1.0, ""feasible_t"": 15.0, ""gross_delivery_t"": 15.0, ""order_month"": ""2039-12"", ""planned_arrival_month"": ""2040-12"", ""requested_t"": 15.0, ""shipment_id"": ""S0060"", ""source_id"": ""A"", ""source_name"": ""Earth-Core"", ""unfulfilled_request_t"": 0.0}, {""actual_arrival_month"": ""2040-01"", ""actual_delivery_share"": 1.0, ""availability_share"": 1.0, ""feasible_t"": 6.25, ""gross_delivery_t"": 6.25, ""order_month"": ""2039-09"", ""planned_arrival_month"": ""2040-01"", ""requested_t"": 6.25, ""shipment_id"": ""S0129"", ""source_id"": ""B"", ""source_name"": ""Earth-Flex"", ""unfulfilled_request_t"": 0.0}, {""actual_arrival_month"": ""2040-02"", ""actual_delivery_share"": 1.0, ""availability_share"": 1.0, ""feasible_t"": 6.25, ""gross_delivery_t"": 6.25, ""order_month"": ""2039-10"", ""planned_arrival_month"": ""2040-02"", ""requested_t"": 6.25, ""shipment_id"": ""S0130"", ""source_id"": ""B"", ""source_name"": ""Earth-Flex"", ""unfulfilled_request_t"": 0.0}, {""actual_arrival_month"": ""2040-03"", ""actual_delivery_share"": 1.0, ""availability_share"": 1.0, ""feasible_t"": 6.25, ""gross_delivery_t"": 6.25, ""order_month"": ""2039-11"", ""planned_arrival_month"": ""2040-03"", ""requested_t"": 6.25, ""shipment_id"": ""S0131"", ""source_id"": ""B"", ""source_name"": ""Earth-Flex"", ""unfulfilled_request_t"": 0.0}, {""actual_arrival_month"": ""2040-04"", ""actual_delivery_share"": 1.0, ""availability_share"": 1.0, ""feasible_t"": 6.25, ""gross_delivery_t"": 6.25, ""order_month"": ""2039-12"", ""planned_arrival_month"": ""2040-04"", ""requested_t"": 6.25, ""shipment_id"": ""S0132"", ""source_id"": ""B"", ""source_name"": ""Earth-Flex"", ""unfulfilled_request_t"": 0.0}]","{""A"": 11.666666666666666, ""B"": 6.25}","{""A"": 11.666666666666666, ""B"": 6.25}",17.916666666666664,0.21499999999999997,17.701666666666664,17.701666666666664,0.0,17.701666666666664,17.701666666666664,0.0,2.423333333333332,10.541666666666671,0.0,ZBO,120.0,0.012,"[""ZBO""]",0.0,1.0,[]
2040-01,0.0,37.37499999999999,23.958333333333332,"{""A"": 190.0, ""B"": 110.0, ""C"": 0, ""D"": 0, ""E"": 20.0}","{""A"": 15.833333333333334, ""B"": 8.333333333333334}","[{""actual_arrival_month"": ""2040-02"", ""actual_delivery_share"": 1.0, ""availability_share"": 1.0, ""feasible_t"": 15.0, ""gross_delivery_t"": 15.0, ""order_month"": ""2039-02"", ""planned_arrival_month"": ""2040-02"", ""requested_t"": 15.0, ""shipment_id"": ""S0050"", ""source_id"": ""A"", ""source_name"": ""Earth-Core"", ""unfulfilled_request_t"": 0.0}, {""actual_arrival_month"": ""2040-03"", ""actual_delivery_share"": 1.0, ""availability_share"": 1.0, ""feasible_t"": 15.0, ""gross_delivery_t"": 15.0, ""order_month"": ""2039-03"", ""planned_arrival_month"": ""2040-03"", ""requested_t"": 15.0, ""shipment_id"": ""S0051"", ""source_id"": ""A"", ""source_name"": ""Earth-Core"", ""unfulfilled_request_t"": 0.0}, {""actual_arrival_month"": ""2040-04"", ""actual_delivery_share"": 1.0, ""availability_share"": 1.0, ""feasible_t"": 15.0, ""gross_delivery_t"": 15.0, ""order_month"": ""2039-04"", ""planned_arrival_month"": ""2040-04"", ""requested_t"": 15.0, ""shipment_id"": ""S0052"", ""source_id"": ""A"", ""source_name"": ""Earth-Core"", ""unfulfilled_request_t"": 0.0}, {""actual_arrival_month"": ""2040-05"", ""actual_delivery_share"": 1.0, ""availability_share"": 1.0, ""feasible_t"": 15.0, ""gross_delivery_t"": 15.0, ""order_month"": ""2039-05"", ""planned_arrival_month"": ""2040-05"", ""requested_t"": 15.0, ""shipment_id"": ""S0053"", ""source_id"": ""A"", ""source_name"": ""Earth-Core"", ""unfulfilled_request_t"": 0.0}, {""actual_arrival_month"": ""2040-06"", ""actual_delivery_share"": 1.0, ""availability_share"": 1.0, ""feasible_t"": 15.0, ""gross_delivery_t"": 15.0, ""order_month"": ""2039-06"", ""planned_arrival_month"": ""2040-06"", ""requested_t"": 15.0, ""shipment_id"": ""S0054"", ""source_id"": ""A"", ""source_name"": ""Earth-Core"", ""unfulfilled_request_t"": 0.0}, {""actual_arrival_month"": ""2040-07"", ""actual_delivery_share"": 1.0, ""availability_share"": 1.0, ""feasible_t"": 15.0, ""gross_delivery_t"": 15.0, ""order_month"": ""2039-07"", ""planned_arrival_month"": ""2040-07"", ""requested_t"": 15.0, ""shipment_id"": ""S0055"", ""source_id"": ""A"", ""source_name"": ""Earth-Core"", ""unfulfilled_request_t"": 0.0}, {""actual_arrival_month"": ""2040-08"", ""actual_delivery_share"": 1.0, ""availability_share"": 1.0, ""feasible_t"": 15.0, ""gross_delivery_t"": 15.0, ""order_month"": ""2039-08"", ""planned_arrival_month"": ""2040-08"", ""requested_t"": 15.0, ""shipment_id"": ""S0056"", ""source_id"": ""A"", ""source_name"": ""Earth-Core"", ""unfulfilled_request_t"": 0.0}, {""actual_arrival_month"": ""2040-09"", ""actual_delivery_share"": 1.0, ""availability_share"": 1.0, ""feasible_t"": 15.0, ""gross_delivery_t"": 15.0, ""order_month"": ""2039-09"", ""planned_arrival_month"": ""2040-09"", ""requested_t"": 15.0, ""shipment_id"": ""S0057"", ""source_id"": ""A"", ""source_name"": ""Earth-Core"", ""unfulfilled_request_t"": 0.0}, {""actual_arrival_month"": ""2040-10"", ""actual_delivery_share"": 1.0, ""availability_share"": 1.0, ""feasible_t"": 15.0, ""gross_delivery_t"": 15.0, ""order_month"": ""2039-10"", ""planned_arrival_month"": ""2040-10"", ""requested_t"": 15.0, ""shipment_id"": ""S0058"", ""source_id"": ""A"", ""source_name"": ""Earth-Core"", ""unfulfilled_request_t"": 0.0}, {""actual_arrival_month"": ""2040-11"", ""actual_delivery_share"": 1.0, ""availability_share"": 1.0, ""feasible_t"": 15.0, ""gross_delivery_t"": 15.0, ""order_month"": ""2039-11"", ""planned_arrival_month"": ""2040-11"", ""requested_t"": 15.0, ""shipment_id"": ""S0059"", ""source_id"": ""A"", ""source_name"": ""Earth-Core"", ""unfulfilled_request_t"": 0.0}, {""actual_arrival_month"": ""2040-12"", ""actual_delivery_share"": 1.0, ""availability_share"": 1.0, ""feasible_t"": 15.0, ""gross_delivery_t"": 15.0, ""order_month"": ""2039-12"", ""planned_arrival_month"": ""2040-12"", ""requested_t"": 15.0, ""shipment_id"": ""S0060"", ""source_id"": ""A"", ""source_name"": ""Earth-Core"", ""unfulfilled_request_t"": 0.0}, {""actual_arrival_month"": ""2041-01"", ""actual_delivery_share"": 1.0, ""availability_share"": 1.0, ""feasible_t"": 15.833333333333332, ""gross_delivery_t"": 15.833333333333332, ""order_month"": ""2040-01"", ""planned_arrival_month"": ""2041-01"", ""requested_t"": 15.833333333333334, ""shipment_id"": ""S0061"", ""source_id"": ""A"", ""source_name"": ""Earth-Core"", ""unfulfilled_request_t"": 1.7763568394002505e-15}, {""actual_arrival_month"": ""2040-02"", ""actual_delivery_share"": 1.0, ""availability_share"": 1.0, ""feasible_t"": 6.25, ""gross_delivery_t"": 6.25, ""order_month"": ""2039-10"", ""planned_arrival_month"": ""2040-02"", ""requested_t"": 6.25, ""shipment_id"": ""S0130"", ""source_id"": ""B"", ""source_name"": ""Earth-Flex"", ""unfulfilled_request_t"": 0.0}, {""actual_arrival_month"": ""2040-03"", ""actual_delivery_share"": 1.0, ""availability_share"": 1.0, ""feasible_t"": 6.25, ""gross_delivery_t"": 6.25, ""order_month"": ""2039-11"", ""planned_arrival_month"": ""2040-03"", ""requested_t"": 6.25, ""shipment_id"": ""S0131"", ""source_id"": ""B"", ""source_name"": ""Earth-Flex"", ""unfulfilled_request_t"": 0.0}, {""actual_arrival_month"": ""2040-04"", ""actual_delivery_share"": 1.0, ""availability_share"": 1.0, ""feasible_t"": 6.25, ""gross_delivery_t"": 6.25, ""order_month"": ""2039-12"", ""planned_arrival_month"": ""2040-04"", ""requested_t"": 6.25, ""shipment_id"": ""S0132"", ""source_id"": ""B"", ""source_name"": ""Earth-Flex"", ""unfulfilled_request_t"": 0.0}, {""actual_arrival_month"": ""2040-05"", ""actual_delivery_share"": 1.0, ""availability_share"": 1.0, ""feasible_t"": 8.333333333333334, ""gross_delivery_t"": 8.333333333333334, ""order_month"": ""2040-01"", ""planned_arrival_month"": ""2040-05"", ""requested_t"": 8.333333333333334, ""shipment_id"": ""S0133"", ""source_id"": ""B"", ""source_name"": ""Earth-Flex"", ""unfulfilled_request_t"": 0.0}]","{""A"": 15.0, ""B"": 6.25}","{""A"": 15.0, ""B"": 6.25}",21.25,0.255,20.995,20.995,0.0,20.995,20.995,0.0,2.963333333333331,13.41666666666666,0.0,ZBO,120.0,0.012,"[""ZBO""]",0.0,1.0,"[""RESERVE_45D""]"
2040-02,0.0,37.37499999999999,23.958333333333332,"{""A"": 190.0, ""B"": 110.0, ""C"": 0, ""D"": 0, ""E"": 20.0}","{""A"": 15.833333333333334, ""B"": 8.333333333333334}","[{""actual_arrival_month"": ""2040-03"", ""actual_delivery_share"": 1.0, ""availability_share"": 1.0, ""feasible_t"": 15.0, ""gross_delivery_t"": 15.0, ""order_month"": ""2039-03"", ""planned_arrival_month"": ""2040-03"", ""requested_t"": 15.0, ""shipment_id"": ""S0051"", ""source_id"": ""A"", ""source_name"": ""Earth-Core"", ""unfulfilled_request_t"": 0.0}, {""actual_arrival_month"": ""2040-04"", ""actual_delivery_share"": 1.0, ""availability_share"": 1.0, ""feasible_t"": 15.0, ""gross_delivery_t"": 15.0, ""order_month"": ""2039-04"", ""planned_arrival_month"": ""2040-04"", ""requested_t"": 15.0, ""shipment_id"": ""S0052"", ""source_id"": ""A"", ""source_name"": ""Earth-Core"", ""unfulfilled_request_t"": 0.0}, {""actual_arrival_month"": ""2040-05"", ""actual_delivery_share"": 1.0, ""availability_share"": 1.0, ""feasible_t"": 15.0, ""gross_delivery_t"": 15.0, ""order_month"": ""2039-05"", ""planned_arrival_month"": ""2040-05"", ""requested_t"": 15.0, ""shipment_id"": ""S0053"", ""source_id"": ""A"", ""source_name"": ""Earth-Core"", ""unfulfilled_request_t"": 0.0}, {""actual_arrival_month"": ""2040-06"", ""actual_delivery_share"": 1.0, ""availability_share"": 1.0, ""feasible_t"": 15.0, ""gross_delivery_t"": 15.0, ""order_month"": ""2039-06"", ""planned_arrival_month"": ""2040-06"", ""requested_t"": 15.0, ""shipment_id"": ""S0054"", ""source_id"": ""A"", ""source_name"": ""Earth-Core"", ""unfulfilled_request_t"": 0.0}, {""actual_arrival_month"": ""2040-07"", ""actual_delivery_share"": 1.0, ""availability_share"": 1.0, ""feasible_t"": 15.0, ""gross_delivery_t"": 15.0, ""order_month"": ""2039-07"", ""planned_arrival_month"": ""2040-07"", ""requested_t"": 15.0, ""shipment_id"": ""S0055"", ""source_id"": ""A"", ""source_name"": ""Earth-Core"", ""unfulfilled_request_t"": 0.0}, {""actual_arrival_month"": ""2040-08"", ""actual_delivery_share"": 1.0, ""availability_share"": 1.0, ""feasible_t"": 15.0, ""gross_delivery_t"": 15.0, ""order_month"": ""2039-08"", ""planned_arrival_month"": ""2040-08"", ""requested_t"": 15.0, ""shipment_id"": ""S0056"", ""source_id"": ""A"", ""source_name"": ""Earth-Core"", ""unfulfilled_request_t"": 0.0}, {""actual_arrival_month"": ""2040-09"", ""actual_delivery_share"": 1.0, ""availability_share"": 1.0, ""feasible_t"": 15.0, ""gross_delivery_t"": 15.0, ""order_month"": ""2039-09"", ""planned_arrival_month"": ""2040-09"", ""requested_t"": 15.0, ""shipment_id"": ""S0057"", ""source_id"": ""A"", ""source_name"": ""Earth-Core"", ""unfulfilled_request_t"": 0.0}, {""actual_arrival_month"": ""2040-10"", ""actual_delivery_share"": 1.0, ""availability_share"": 1.0, ""feasible_t"": 15.0, ""gross_delivery_t"": 15.0, ""order_month"": ""2039-10"", ""planned_arrival_month"": ""2040-10"", ""requested_t"": 15.0, ""shipment_id"": ""S0058"", ""source_id"": ""A"", ""source_name"": ""Earth-Core"", ""unfulfilled_request_t"": 0.0}, {""actual_arrival_month"": ""2040-11"", ""actual_delivery_share"": 1.0, ""availability_share"": 1.0, ""feasible_t"": 15.0, ""gross_delivery_t"": 15.0, ""order_month"": ""2039-11"", ""planned_arrival_month"": ""2040-11"", ""requested_t"": 15.0, ""shipment_id"": ""S0059"", ""source_id"": ""A"", ""source_name"": ""Earth-Core"", ""unfulfilled_request_t"": 0.0}, {""actual_arrival_month"": ""2040-12"", ""actual_delivery_share"": 1.0, ""availability_share"": 1.0, ""feasible_t"": 15.0, ""gross_delivery_t"": 15.0, ""order_month"": ""2039-12"", ""planned_arrival_month"": ""2040-12"", ""requested_t"": 15.0, ""shipment_id"": ""S0060"", ""source_id"": ""A"", ""source_name"": ""Earth-Core"", ""unfulfilled_request_t"": 0.0}, {""actual_arrival_month"": ""2041-01"", ""actual_delivery_share"": 1.0, ""availability_share"": 1.0, ""feasible_t"": 15.833333333333332, ""gross_delivery_t"": 15.833333333333332, ""order_month"": ""2040-01"", ""planned_arrival_month"": ""2041-01"", ""requested_t"": 15.833333333333334, ""shipment_id"": ""S0061"", ""source_id"": ""A"", ""source_name"": ""Earth-Core"", ""unfulfilled_request_t"": 1.7763568394002505e-15}, {""actual_arrival_month"": ""2041-02"", ""actual_delivery_share"": 1.0, ""availability_share"": 1.0, ""feasible_t"": 15.833333333333332, ""gross_delivery_t"": 15.833333333333332, ""order_month"": ""2040-02"", ""planned_arrival_month"": ""2041-02"", ""requested_t"": 15.833333333333334, ""shipment_id"": ""S0062"", ""source_id"": ""A"", ""source_name"": ""Earth-Core"", ""unfulfilled_request_t"": 1.7763568394002505e-15}, {""actual_arrival_month"": ""2040-03"", ""actual_delivery_share"": 1.0, ""availability_share"": 1.0, ""feasible_t"": 6.25, ""gross_delivery_t"": 6.25, ""order_month"": ""2039-11"", ""planned_arrival_month"": ""2040-03"", ""requested_t"": 6.25, ""shipment_id"": ""S0131"", ""source_id"": ""B"", ""source_name"": ""Earth-Flex"", ""unfulfilled_request_t"": 0.0}, {""actual_arrival_month"": ""2040-04"", ""actual_delivery_share"": 1.0, ""availability_share"": 1.0, ""feasible_t"": 6.25, ""gross_delivery_t"": 6.25, ""order_month"": ""2039-12"", ""planned_arrival_month"": ""2040-04"", ""requested_t"": 6.25, ""shipment_id"": ""S0132"", ""source_id"": ""B"", ""source_name"": ""Earth-Flex"", ""unfulfilled_request_t"": 0.0}, {""actual_arrival_month"": ""2040-05"", ""actual_delivery_share"": 1.0, ""availability_share"": 1.0, ""feasible_t"": 8.333333333333334, ""gross_delivery_t"": 8.333333333333334, ""order_month"": ""2040-01"", ""planned_arrival_month"": ""2040-05"", ""requested_t"": 8.333333333333334, ""shipment_id"": ""S0133"", ""source_id"": ""B"", ""source_name"": ""Earth-Flex"", ""unfulfilled_request_t"": 0.0}, {""actual_arrival_month"": ""2040-06"", ""actual_delivery_share"": 1.0, ""availability_share"": 1.0, ""feasible_t"": 8.333333333333334, ""gross_delivery_t"": 8.333333333333334, ""order_month"": ""2040-02"", ""planned_arrival_month"": ""2040-06"", ""requested_t"": 8.333333333333334, ""shipment_id"": ""S0134"", ""source_id"": ""B"", ""source_name"": ""Earth-Flex"", ""unfulfilled_request_t"": 0.0}]","{""A"": 15.0, ""B"": 6.25}","{""A"": 15.0, ""B"": 6.25}",21.25,0.255,20.995,20.995,0.0,20.995,20.995,0.0,2.963333333333331,13.41666666666666,0.0,ZBO,120.0,0.012,"[""ZBO""]",0.0,1.0,[]
2040-03,0.0,37.37499999999999,23.958333333333332,"{""A"": 190.0, ""B"": 110.0, ""C"": 0, ""D"": 0, ""E"": 20.0}","{""A"": 15.833333333333334, ""B"": 8.333333333333334}","[{""actual_arrival_month"": ""2040-04"", ""actual_delivery_share"": 1.0, ""availability_share"": 1.0, ""feasible_t"": 15.0, ""gross_delivery_t"": 15.0, ""order_month"": ""2039-04"", ""planned_arrival_month"": ""2040-04"", ""requested_t"": 15.0, ""shipment_id"": ""S0052"", ""source_id"": ""A"", ""source_name"": ""Earth-Core"", ""unfulfilled_request_t"": 0.0}, {""actual_arrival_month"": ""2040-05"", ""actual_delivery_share"": 1.0, ""availability_share"": 1.0, ""feasible_t"": 15.0, ""gross_delivery_t"": 15.0, ""order_month"": ""2039-05"", ""planned_arrival_month"": ""2040-05"", ""requested_t"": 15.0, ""shipment_id"": ""S0053"", ""source_id"": ""A"", ""source_name"": ""Earth-Core"", ""unfulfilled_request_t"": 0.0}, {""actual_arrival_month"": ""2040-06"", ""actual_delivery_share"": 1.0, ""availability_share"": 1.0, ""feasible_t"": 15.0, ""gross_delivery_t"": 15.0, ""order_month"": ""2039-06"", ""planned_arrival_month"": ""2040-06"", ""requested_t"": 15.0, ""shipment_id"": ""S0054"", ""source_id"": ""A"", ""source_name"": ""Earth-Core"", ""unfulfilled_request_t"": 0.0}, {""actual_arrival_month"": ""2040-07"", ""actual_delivery_share"": 1.0, ""availability_share"": 1.0, ""feasible_t"": 15.0, ""gross_delivery_t"": 15.0, ""order_month"": ""2039-07"", ""planned_arrival_month"": ""2040-07"", ""requested_t"": 15.0, ""shipment_id"": ""S0055"", ""source_id"": ""A"", ""source_name"": ""Earth-Core"", ""unfulfilled_request_t"": 0.0}, {""actual_arrival_month"": ""2040-08"", ""actual_delivery_share"": 1.0, ""availability_share"": 1.0, ""feasible_t"": 15.0, ""gross_delivery_t"": 15.0, ""order_month"": ""2039-08"", ""planned_arrival_month"": ""2040-08"", ""requested_t"": 15.0, ""shipment_id"": ""S0056"", ""source_id"": ""A"", ""source_name"": ""Earth-Core"", ""unfulfilled_request_t"": 0.0}, {""actual_arrival_month"": ""2040-09"", ""actual_delivery_share"": 1.0, ""availability_share"": 1.0, ""feasible_t"": 15.0, ""gross_delivery_t"": 15.0, ""order_month"": ""2039-09"", ""planned_arrival_month"": ""2040-09"", ""requested_t"": 15.0, ""shipment_id"": ""S0057"", ""source_id"": ""A"", ""source_name"": ""Earth-Core"", ""unfulfilled_request_t"": 0.0}, {""actual_arrival_month"": ""2040-10"", ""actual_delivery_share"": 1.0, ""availability_share"": 1.0, ""feasible_t"": 15.0, ""gross_delivery_t"": 15.0, ""order_month"": ""2039-10"", ""planned_arrival_month"": ""2040-10"", ""requested_t"": 15.0, ""shipment_id"": ""S0058"", ""source_id"": ""A"", ""source_name"": ""Earth-Core"", ""unfulfilled_request_t"": 0.0}, {""actual_arrival_month"": ""2040-11"", ""actual_delivery_share"": 1.0, ""availability_share"": 1.0, ""feasible_t"": 15.0, ""gross_delivery_t"": 15.0, ""order_month"": ""2039-11"", ""planned_arrival_month"": ""2040-11"", ""requested_t"": 15.0, ""shipment_id"": ""S0059"", ""source_id"": ""A"", ""source_name"": ""Earth-Core"", ""unfulfilled_request_t"": 0.0}, {""actual_arrival_month"": ""2040-12"", ""actual_delivery_share"": 1.0, ""availability_share"": 1.0, ""feasible_t"": 15.0, ""gross_delivery_t"": 15.0, ""order_month"": ""2039-12"", ""planned_arrival_month"": ""2040-12"", ""requested_t"": 15.0, ""shipment_id"": ""S0060"", ""source_id"": ""A"", ""source_name"": ""Earth-Core"", ""unfulfilled_request_t"": 0.0}, {""actual_arrival_month"": ""2041-01"", ""actual_delivery_share"": 1.0, ""availability_share"": 1.0, ""feasible_t"": 15.833333333333332, ""gross_delivery_t"": 15.833333333333332, ""order_month"": ""2040-01"", ""planned_arrival_month"": ""2041-01"", ""requested_t"": 15.833333333333334, ""shipment_id"": ""S0061"", ""source_id"": ""A"", ""source_name"": ""Earth-Core"", ""unfulfilled_request_t"": 1.7763568394002505e-15}, {""actual_arrival_month"": ""2041-02"", ""actual_delivery_share"": 1.0, ""availability_share"": 1.0, ""feasible_t"": 15.833333333333332, ""gross_delivery_t"": 15.833333333333332, ""order_month"": ""2040-02"", ""planned_arrival_month"": ""2041-02"", ""requested_t"": 15.833333333333334, ""shipment_id"": ""S0062"", ""source_id"": ""A"", ""source_name"": ""Earth-Core"", ""unfulfilled_request_t"": 1.7763568394002505e-15}, {""actual_arrival_month"": ""2041-03"", ""actual_delivery_share"": 1.0, ""availability_share"": 1.0, ""feasible_t"": 15.833333333333332, ""gross_delivery_t"": 15.833333333333332, ""order_month"": ""2040-03"", ""planned_arrival_month"": ""2041-03"", ""requested_t"": 15.833333333333334, ""shipment_id"": ""S0063"", ""source_id"": ""A"", ""source_name"": ""Earth-Core"", ""unfulfilled_request_t"": 1.7763568394002505e-15}, {""actual_arrival_month"": ""2040-04"", ""actual_delivery_share"": 1.0, ""availability_share"": 1.0, ""feasible_t"": 6.25, ""gross_delivery_t"": 6.25, ""order_month"": ""2039-12"", ""planned_arrival_month"": ""2040-04"", ""requested_t"": 6.25, ""shipment_id"": ""S0132"", ""source_id"": ""B"", ""source_name"": ""Earth-Flex"", ""unfulfilled_request_t"": 0.0}, {""actual_arrival_month"": ""2040-05"", ""actual_delivery_share"": 1.0, ""availability_share"": 1.0, ""feasible_t"": 8.333333333333334, ""gross_delivery_t"": 8.333333333333334, ""order_month"": ""2040-01"", ""planned_arrival_month"": ""2040-05"", ""requested_t"": 8.333333333333334, ""shipment_id"": ""S0133"", ""source_id"": ""B"", ""source_name"": ""Earth-Flex"", ""unfulfilled_request_t"": 0.0}, {""actual_arrival_month"": ""2040-06"", ""actual_delivery_share"": 1.0, ""availability_share"": 1.0, ""feasible_t"": 8.333333333333334, ""gross_delivery_t"": 8.333333333333334, ""order_month"": ""2040-02"", ""planned_arrival_month"": ""2040-06"", ""requested_t"": 8.333333333333334, ""shipment_id"": ""S0134"", ""source_id"": ""B"", ""source_name"": ""Earth-Flex"", ""unfulfilled_request_t"": 0.0}, {""actual_arrival_month"": ""2040-07"", ""actual_delivery_share"": 1.0, ""availability_share"": 1.0, ""feasible_t"": 8.333333333333334, ""gross_delivery_t"": 8.333333333333334, ""order_month"": ""2040-03"", ""planned_arrival_month"": ""2040-07"", ""requested_t"": 8.333333333333334, ""shipment_id"": ""S0135"", ""source_id"": ""B"", ""source_name"": ""Earth-Flex"", ""unfulfilled_request_t"": 0.0}]","{""A"": 15.0, ""B"": 6.25}","{""A"": 15.0, ""B"": 6.25}",21.25,0.255,20.995,20.995,0.0,20.995,20.995,0.0,2.963333333333331,13.41666666666666,0.0,ZBO,120.0,0.012,"[""ZBO""]",0.0,1.0,[]
2040-04,0.0,37.37499999999999,23.958333333333332,"{""A"": 190.0, ""B"": 110.0, ""C"": 0, ""D"": 0, ""E"": 20.0}","{""A"": 15.833333333333334, ""B"": 8.333333333333334}","[{""actual_arrival_month"": ""2040-05"", ""actual_delivery_share"": 1.0, ""availability_share"": 1.0, ""feasible_t"": 15.0, ""gross_delivery_t"": 15.0, ""order_month"": ""2039-05"", ""planned_arrival_month"": ""2040-05"", ""requested_t"": 15.0, ""shipment_id"": ""S0053"", ""source_id"": ""A"", ""source_name"": ""Earth-Core"", ""unfulfilled_request_t"": 0.0}, {""actual_arrival_month"": ""2040-06"", ""actual_delivery_share"": 1.0, ""availability_share"": 1.0, ""feasible_t"": 15.0, ""gross_delivery_t"": 15.0, ""order_month"": ""2039-06"", ""planned_arrival_month"": ""2040-06"", ""requested_t"": 15.0, ""shipment_id"": ""S0054"", ""source_id"": ""A"", ""source_name"": ""Earth-Core"", ""unfulfilled_request_t"": 0.0}, {""actual_arrival_month"": ""2040-07"", ""actual_delivery_share"": 1.0, ""availability_share"": 1.0, ""feasible_t"": 15.0, ""gross_delivery_t"": 15.0, ""order_month"": ""2039-07"", ""planned_arrival_month"": ""2040-07"", ""requested_t"": 15.0, ""shipment_id"": ""S0055"", ""source_id"": ""A"", ""source_name"": ""Earth-Core"", ""unfulfilled_request_t"": 0.0}, {""actual_arrival_month"": ""2040-08"", ""actual_delivery_share"": 1.0, ""availability_share"": 1.0, ""feasible_t"": 15.0, ""gross_delivery_t"": 15.0, ""order_month"": ""2039-08"", ""planned_arrival_month"": ""2040-08"", ""requested_t"": 15.0, ""shipment_id"": ""S0056"", ""source_id"": ""A"", ""source_name"": ""Earth-Core"", ""unfulfilled_request_t"": 0.0}, {""actual_arrival_month"": ""2040-09"", ""actual_delivery_share"": 1.0, ""availability_share"": 1.0, ""feasible_t"": 15.0, ""gross_delivery_t"": 15.0, ""order_month"": ""2039-09"", ""planned_arrival_month"": ""2040-09"", ""requested_t"": 15.0, ""shipment_id"": ""S0057"", ""source_id"": ""A"", ""source_name"": ""Earth-Core"", ""unfulfilled_request_t"": 0.0}, {""actual_arrival_month"": ""2040-10"", ""actual_delivery_share"": 1.0, ""availability_share"": 1.0, ""feasible_t"": 15.0, ""gross_delivery_t"": 15.0, ""order_month"": ""2039-10"", ""planned_arrival_month"": ""2040-10"", ""requested_t"": 15.0, ""shipment_id"": ""S0058"", ""source_id"": ""A"", ""source_name"": ""Earth-Core"", ""unfulfilled_request_t"": 0.0}, {""actual_arrival_month"": ""2040-11"", ""actual_delivery_share"": 1.0, ""availability_share"": 1.0, ""feasible_t"": 15.0, ""gross_delivery_t"": 15.0, ""order_month"": ""2039-11"", ""planned_arrival_month"": ""2040-11"", ""requested_t"": 15.0, ""shipment_id"": ""S0059"", ""source_id"": ""A"", ""source_name"": ""Earth-Core"", ""unfulfilled_request_t"": 0.0}, {""actual_arrival_month"": ""2040-12"", ""actual_delivery_share"": 1.0, ""availability_share"": 1.0, ""feasible_t"": 15.0, ""gross_delivery_t"": 15.0, ""order_month"": ""2039-12"", ""planned_arrival_month"": ""2040-12"", ""requested_t"": 15.0, ""shipment_id"": ""S0060"", ""source_id"": ""A"", ""source_name"": ""Earth-Core"", ""unfulfilled_request_t"": 0.0}, {""actual_arrival_month"": ""2041-01"", ""actual_delivery_share"": 1.0, ""availability_share"": 1.0, ""feasible_t"": 15.833333333333332, ""gross_delivery_t"": 15.833333333333332, ""order_month"": ""2040-01"", ""planned_arrival_month"": ""2041-01"", ""requested_t"": 15.833333333333334, ""shipment_id"": ""S0061"", ""source_id"": ""A"", ""source_name"": ""Earth-Core"", ""unfulfilled_request_t"": 1.7763568394002505e-15}, {""actual_arrival_month"": ""2041-02"", ""actual_delivery_share"": 1.0, ""availability_share"": 1.0, ""feasible_t"": 15.833333333333332, ""gross_delivery_t"": 15.833333333333332, ""order_month"": ""2040-02"", ""planned_arrival_month"": ""2041-02"", ""requested_t"": 15.833333333333334, ""shipment_id"": ""S0062"", ""source_id"": ""A"", ""source_name"": ""Earth-Core"", ""unfulfilled_request_t"": 1.7763568394002505e-15}, {""actual_arrival_month"": ""2041-03"", ""actual_delivery_share"": 1.0, ""availability_share"": 1.0, ""feasible_t"": 15.833333333333332, ""gross_delivery_t"": 15.833333333333332, ""order_month"": ""2040-03"", ""planned_arrival_month"": ""2041-03"", ""requested_t"": 15.833333333333334, ""shipment_id"": ""S0063"", ""source_id"": ""A"", ""source_name"": ""Earth-Core"", ""unfulfilled_request_t"": 1.7763568394002505e-15}, {""actual_arrival_month"": ""2041-04"", ""actual_delivery_share"": 1.0, ""availability_share"": 1.0, ""feasible_t"": 15.833333333333332, ""gross_delivery_t"": 15.833333333333332, ""order_month"": ""2040-04"", ""planned_arrival_month"": ""2041-04"", ""requested_t"": 15.833333333333334, ""shipment_id"": ""S0064"", ""source_id"": ""A"", ""source_name"": ""Earth-Core"", ""unfulfilled_request_t"": 1.7763568394002505e-15}, {""actual_arrival_month"": ""2040-05"", ""actual_delivery_share"": 1.0, ""availability_share"": 1.0, ""feasible_t"": 8.333333333333334, ""gross_delivery_t"": 8.333333333333334, ""order_month"": ""2040-01"", ""planned_arrival_month"": ""2040-05"", ""requested_t"": 8.333333333333334, ""shipment_id"": ""S0133"", ""source_id"": ""B"", ""source_name"": ""Earth-Flex"", ""unfulfilled_request_t"": 0.0}, {""actual_arrival_month"": ""2040-06"", ""actual_delivery_share"": 1.0, ""availability_share"": 1.0, ""feasible_t"": 8.333333333333334, ""gross_delivery_t"": 8.333333333333334, ""order_month"": ""2040-02"", ""planned_arrival_month"": ""2040-06"", ""requested_t"": 8.333333333333334, ""shipment_id"": ""S0134"", ""source_id"": ""B"", ""source_name"": ""Earth-Flex"", ""unfulfilled_request_t"": 0.0}, {""actual_arrival_month"": ""2040-07"", ""actual_delivery_share"": 1.0, ""availability_share"": 1.0, ""feasible_t"": 8.333333333333334, ""gross_delivery_t"": 8.333333333333334, ""order_month"": ""2040-03"", ""planned_arrival_month"": ""2040-07"", ""requested_t"": 8.333333333333334, ""shipment_id"": ""S0135"", ""source_id"": ""B"", ""source_name"": ""Earth-Flex"", ""unfulfilled_request_t"": 0.0}, {""actual_arrival_month"": ""2040-08"", ""actual_delivery_share"": 1.0, ""availability_share"": 1.0, ""feasible_t"": 8.333333333333334, ""gross_delivery_t"": 8.333333333333334, ""order_month"": ""2040-04"", ""planned_arrival_month"": ""2040-08"", ""requested_t"": 8.333333333333334, ""shipment_id"": ""S0136"", ""source_id"": ""B"", ""source_name"": ""Earth-Flex"", ""unfulfilled_request_t"": 0.0}]","{""A"": 15.0, ""B"": 6.25}","{""A"": 15.0, ""B"": 6.25}",21.25,0.255,20.995,20.995,0.0,20.995,20.995,0.0,2.963333333333331,13.41666666666666,0.0,ZBO,120.0,0.012,"[""ZBO""]",0.0,1.0,[]
2040-05,0.0,37.37499999999999,23.958333333333332,"{""A"": 190.0, ""B"": 110.0, ""C"": 0, ""D"": 0, ""E"": 20.0}","{""A"": 15.833333333333334, ""B"": 8.333333333333334}","[{""actual_arrival_month"": ""2040-06"", ""actual_delivery_share"": 1.0, ""availability_share"": 1.0, ""feasible_t"": 15.0, ""gross_delivery_t"": 15.0, ""order_month"": ""2039-06"", ""planned_arrival_month"": ""2040-06"", ""requested_t"": 15.0, ""shipment_id"": ""S0054"", ""source_id"": ""A"", ""source_name"": ""Earth-Core"", ""unfulfilled_request_t"": 0.0}, {""actual_arrival_month"": ""2040-07"", ""actual_delivery_share"": 1.0, ""availability_share"": 1.0, ""feasible_t"": 15.0, ""gross_delivery_t"": 15.0, ""order_month"": ""2039-07"", ""planned_arrival_month"": ""2040-07"", ""requested_t"": 15.0, ""shipment_id"": ""S0055"", ""source_id"": ""A"", ""source_name"": ""Earth-Core"", ""unfulfilled_request_t"": 0.0}, {""actual_arrival_month"": ""2040-08"", ""actual_delivery_share"": 1.0, ""availability_share"": 1.0, ""feasible_t"": 15.0, ""gross_delivery_t"": 15.0, ""order_month"": ""2039-08"", ""planned_arrival_month"": ""2040-08"", ""requested_t"": 15.0, ""shipment_id"": ""S0056"", ""source_id"": ""A"", ""source_name"": ""Earth-Core"", ""unfulfilled_request_t"": 0.0}, {""actual_arrival_month"": ""2040-09"", ""actual_delivery_share"": 1.0, ""availability_share"": 1.0, ""feasible_t"": 15.0, ""gross_delivery_t"": 15.0, ""order_month"": ""2039-09"", ""planned_arrival_month"": ""2040-09"", ""requested_t"": 15.0, ""shipment_id"": ""S0057"", ""source_id"": ""A"", ""source_name"": ""Earth-Core"", ""unfulfilled_request_t"": 0.0}, {""actual_arrival_month"": ""2040-10"", ""actual_delivery_share"": 1.0, ""availability_share"": 1.0, ""feasible_t"": 15.0, ""gross_delivery_t"": 15.0, ""order_month"": ""2039-10"", ""planned_arrival_month"": ""2040-10"", ""requested_t"": 15.0, ""shipment_id"": ""S0058"", ""source_id"": ""A"", ""source_name"": ""Earth-Core"", ""unfulfilled_request_t"": 0.0}, {""actual_arrival_month"": ""2040-11"", ""actual_delivery_share"": 1.0, ""availability_share"": 1.0, ""feasible_t"": 15.0, ""gross_delivery_t"": 15.0, ""order_month"": ""2039-11"", ""planned_arrival_month"": ""2040-11"", ""requested_t"": 15.0, ""shipment_id"": ""S0059"", ""source_id"": ""A"", ""source_name"": ""Earth-Core"", ""unfulfilled_request_t"": 0.0}, {""actual_arrival_month"": ""2040-12"", ""actual_delivery_share"": 1.0, ""availability_share"": 1.0, ""feasible_t"": 15.0, ""gross_delivery_t"": 15.0, ""order_month"": ""2039-12"", ""planned_arrival_month"": ""2040-12"", ""requested_t"": 15.0, ""shipment_id"": ""S0060"", ""source_id"": ""A"", ""source_name"": ""Earth-Core"", ""unfulfilled_request_t"": 0.0}, {""actual_arrival_month"": ""2041-01"", ""actual_delivery_share"": 1.0, ""availability_share"": 1.0, ""feasible_t"": 15.833333333333332, ""gross_delivery_t"": 15.833333333333332, ""order_month"": ""2040-01"", ""planned_arrival_month"": ""2041-01"", ""requested_t"": 15.833333333333334, ""shipment_id"": ""S0061"", ""source_id"": ""A"", ""source_name"": ""Earth-Core"", ""unfulfilled_request_t"": 1.7763568394002505e-15}, {""actual_arrival_month"": ""2041-02"", ""actual_delivery_share"": 1.0, ""availability_share"": 1.0, ""feasible_t"": 15.833333333333332, ""gross_delivery_t"": 15.833333333333332, ""order_month"": ""2040-02"", ""planned_arrival_month"": ""2041-02"", ""requested_t"": 15.833333333333334, ""shipment_id"": ""S0062"", ""source_id"": ""A"", ""source_name"": ""Earth-Core"", ""unfulfilled_request_t"": 1.7763568394002505e-15}, {""actual_arrival_month"": ""2041-03"", ""actual_delivery_share"": 1.0, ""availability_share"": 1.0, ""feasible_t"": 15.833333333333332, ""gross_delivery_t"": 15.833333333333332, ""order_month"": ""2040-03"", ""planned_arrival_month"": ""2041-03"", ""requested_t"": 15.833333333333334, ""shipment_id"": ""S0063"", ""source_id"": ""A"", ""source_name"": ""Earth-Core"", ""unfulfilled_request_t"": 1.7763568394002505e-15}, {""actual_arrival_month"": ""2041-04"", ""actual_delivery_share"": 1.0, ""availability_share"": 1.0, ""feasible_t"": 15.833333333333332, ""gross_delivery_t"": 15.833333333333332, ""order_month"": ""2040-04"", ""planned_arrival_month"": ""2041-04"", ""requested_t"": 15.833333333333334, ""shipment_id"": ""S0064"", ""source_id"": ""A"", ""source_name"": ""Earth-Core"", ""unfulfilled_request_t"": 1.7763568394002505e-15}, {""actual_arrival_month"": ""2041-05"", ""actual_delivery_share"": 1.0, ""availability_share"": 1.0, ""feasible_t"": 15.833333333333332, ""gross_delivery_t"": 15.833333333333332, ""order_month"": ""2040-05"", ""planned_arrival_month"": ""2041-05"", ""requested_t"": 15.833333333333334, ""shipment_id"": ""S0065"", ""source_id"": ""A"", ""source_name"": ""Earth-Core"", ""unfulfilled_request_t"": 1.7763568394002505e-15}, {""actual_arrival_month"": ""2040-06"", ""actual_delivery_share"": 1.0, ""availability_share"": 1.0, ""feasible_t"": 8.333333333333334, ""gross_delivery_t"": 8.333333333333334, ""order_month"": ""2040-02"", ""planned_arrival_month"": ""2040-06"", ""requested_t"": 8.333333333333334, ""shipment_id"": ""S0134"", ""source_id"": ""B"", ""source_name"": ""Earth-Flex"", ""unfulfilled_request_t"": 0.0}, {""actual_arrival_month"": ""2040-07"", ""actual_delivery_share"": 1.0, ""availability_share"": 1.0, ""feasible_t"": 8.333333333333334, ""gross_delivery_t"": 8.333333333333334, ""order_month"": ""2040-03"", ""planned_arrival_month"": ""2040-07"", ""requested_t"": 8.333333333333334, ""shipment_id"": ""S0135"", ""source_id"": ""B"", ""source_name"": ""Earth-Flex"", ""unfulfilled_request_t"": 0.0}, {""actual_arrival_month"": ""2040-08"", ""actual_delivery_share"": 1.0, ""availability_share"": 1.0, ""feasible_t"": 8.333333333333334, ""gross_delivery_t"": 8.333333333333334, ""order_month"": ""2040-04"", ""planned_arrival_month"": ""2040-08"", ""requested_t"": 8.333333333333334, ""shipment_id"": ""S0136"", ""source_id"": ""B"", ""source_name"": ""Earth-Flex"", ""unfulfilled_request_t"": 0.0}, {""actual_arrival_month"": ""2040-09"", ""actual_delivery_share"": 1.0, ""availability_share"": 1.0, ""feasible_t"": 8.333333333333334, ""gross_delivery_t"": 8.333333333333334, ""order_month"": ""2040-05"", ""planned_arrival_month"": ""2040-09"", ""requested_t"": 8.333333333333334, ""shipment_id"": ""S0137"", ""source_id"": ""B"", ""source_name"": ""Earth-Flex"", ""unfulfilled_request_t"": 0.0}]","{""A"": 15.0, ""B"": 8.333333333333334}","{""A"": 15.0, ""B"": 8.333333333333334}",23.333333333333336,0.28,23.053333333333335,23.053333333333335,0.0,23.053333333333335,23.053333333333335,0.0,0.9049999999999976,13.41666666666666,0.0,ZBO,120.0,0.012,"[""ZBO""]",0.0,1.0,[]
2040-06,0.0,37.37499999999999,23.958333333333332,"{""A"": 190.0, ""B"": 110.0, ""C"": 0, ""D"": 0, ""E"": 20.0}","{""A"": 15.833333333333334, ""B"": 8.333333333333334}","[{""actual_arrival_month"": ""2040-07"", ""actual_delivery_share"": 1.0, ""availability_share"": 1.0, ""feasible_t"": 15.0, ""gross_delivery_t"": 15.0, ""order_month"": ""2039-07"", ""planned_arrival_month"": ""2040-07"", ""requested_t"": 15.0, ""shipment_id"": ""S0055"", ""source_id"": ""A"", ""source_name"": ""Earth-Core"", ""unfulfilled_request_t"": 0.0}, {""actual_arrival_month"": ""2040-08"", ""actual_delivery_share"": 1.0, ""availability_share"": 1.0, ""feasible_t"": 15.0, ""gross_delivery_t"": 15.0, ""order_month"": ""2039-08"", ""planned_arrival_month"": ""2040-08"", ""requested_t"": 15.0, ""shipment_id"": ""S0056"", ""source_id"": ""A"", ""source_name"": ""Earth-Core"", ""unfulfilled_request_t"": 0.0}, {""actual_arrival_month"": ""2040-09"", ""actual_delivery_share"": 1.0, ""availability_share"": 1.0, ""feasible_t"": 15.0, ""gross_delivery_t"": 15.0, ""order_month"": ""2039-09"", ""planned_arrival_month"": ""2040-09"", ""requested_t"": 15.0, ""shipment_id"": ""S0057"", ""source_id"": ""A"", ""source_name"": ""Earth-Core"", ""unfulfilled_request_t"": 0.0}, {""actual_arrival_month"": ""2040-10"", ""actual_delivery_share"": 1.0, ""availability_share"": 1.0, ""feasible_t"": 15.0, ""gross_delivery_t"": 15.0, ""order_month"": ""2039-10"", ""planned_arrival_month"": ""2040-10"", ""requested_t"": 15.0, ""shipment_id"": ""S0058"", ""source_id"": ""A"", ""source_name"": ""Earth-Core"", ""unfulfilled_request_t"": 0.0}, {""actual_arrival_month"": ""2040-11"", ""actual_delivery_share"": 1.0, ""availability_share"": 1.0, ""feasible_t"": 15.0, ""gross_delivery_t"": 15.0, ""order_month"": ""2039-11"", ""planned_arrival_month"": ""2040-11"", ""requested_t"": 15.0, ""shipment_id"": ""S0059"", ""source_id"": ""A"", ""source_name"": ""Earth-Core"", ""unfulfilled_request_t"": 0.0}, {""actual_arrival_month"": ""2040-12"", ""actual_delivery_share"": 1.0, ""availability_share"": 1.0, ""feasible_t"": 15.0, ""gross_delivery_t"": 15.0, ""order_month"": ""2039-12"", ""planned_arrival_month"": ""2040-12"", ""requested_t"": 15.0, ""shipment_id"": ""S0060"", ""source_id"": ""A"", ""source_name"": ""Earth-Core"", ""unfulfilled_request_t"": 0.0}, {""actual_arrival_month"": ""2041-01"", ""actual_delivery_share"": 1.0, ""availability_share"": 1.0, ""feasible_t"": 15.833333333333332, ""gross_delivery_t"": 15.833333333333332, ""order_month"": ""2040-01"", ""planned_arrival_month"": ""2041-01"", ""requested_t"": 15.833333333333334, ""shipment_id"": ""S0061"", ""source_id"": ""A"", ""source_name"": ""Earth-Core"", ""unfulfilled_request_t"": 1.7763568394002505e-15}, {""actual_arrival_month"": ""2041-02"", ""actual_delivery_share"": 1.0, ""availability_share"": 1.0, ""feasible_t"": 15.833333333333332, ""gross_delivery_t"": 15.833333333333332, ""order_month"": ""2040-02"", ""planned_arrival_month"": ""2041-02"", ""requested_t"": 15.833333333333334, ""shipment_id"": ""S0062"", ""source_id"": ""A"", ""source_name"": ""Earth-Core"", ""unfulfilled_request_t"": 1.7763568394002505e-15}, {""actual_arrival_month"": ""2041-03"", ""actual_delivery_share"": 1.0, ""availability_share"": 1.0, ""feasible_t"": 15.833333333333332, ""gross_delivery_t"": 15.833333333333332, ""order_month"": ""2040-03"", ""planned_arrival_month"": ""2041-03"", ""requested_t"": 15.833333333333334, ""shipment_id"": ""S0063"", ""source_id"": ""A"", ""source_name"": ""Earth-Core"", ""unfulfilled_request_t"": 1.7763568394002505e-15}, {""actual_arrival_month"": ""2041-04"", ""actual_delivery_share"": 1.0, ""availability_share"": 1.0, ""feasible_t"": 15.833333333333332, ""gross_delivery_t"": 15.833333333333332, ""order_month"": ""2040-04"", ""planned_arrival_month"": ""2041-04"", ""requested_t"": 15.833333333333334, ""shipment_id"": ""S0064"", ""source_id"": ""A"", ""source_name"": ""Earth-Core"", ""unfulfilled_request_t"": 1.7763568394002505e-15}, {""actual_arrival_month"": ""2041-05"", ""actual_delivery_share"": 1.0, ""availability_share"": 1.0, ""feasible_t"": 15.833333333333332, ""gross_delivery_t"": 15.833333333333332, ""order_month"": ""2040-05"", ""planned_arrival_month"": ""2041-05"", ""requested_t"": 15.833333333333334, ""shipment_id"": ""S0065"", ""source_id"": ""A"", ""source_name"": ""Earth-Core"", ""unfulfilled_request_t"": 1.7763568394002505e-15}, {""actual_arrival_month"": ""2041-06"", ""actual_delivery_share"": 1.0, ""availability_share"": 1.0, ""feasible_t"": 15.833333333333332, ""gross_delivery_t"": 15.833333333333332, ""order_month"": ""2040-06"", ""planned_arrival_month"": ""2041-06"", ""requested_t"": 15.833333333333334, ""shipment_id"": ""S0066"", ""source_id"": ""A"", ""source_name"": ""Earth-Core"", ""unfulfilled_request_t"": 1.7763568394002505e-15}, {""actual_arrival_month"": ""2040-07"", ""actual_delivery_share"": 1.0, ""availability_share"": 1.0, ""feasible_t"": 8.333333333333334, ""gross_delivery_t"": 8.333333333333334, ""order_month"": ""2040-03"", ""planned_arrival_month"": ""2040-07"", ""requested_t"": 8.333333333333334, ""shipment_id"": ""S0135"", ""source_id"": ""B"", ""source_name"": ""Earth-Flex"", ""unfulfilled_request_t"": 0.0}, {""actual_arrival_month"": ""2040-08"", ""actual_delivery_share"": 1.0, ""availability_share"": 1.0, ""feasible_t"": 8.333333333333334, ""gross_delivery_t"": 8.333333333333334, ""order_month"": ""2040-04"", ""planned_arrival_month"": ""2040-08"", ""requested_t"": 8.333333333333334, ""shipment_id"": ""S0136"", ""source_id"": ""B"", ""source_name"": ""Earth-Flex"", ""unfulfilled_request_t"": 0.0}, {""actual_arrival_month"": ""2040-09"", ""actual_delivery_share"": 1.0, ""availability_share"": 1.0, ""feasible_t"": 8.333333333333334, ""gross_delivery_t"": 8.333333333333334, ""order_month"": ""2040-05"", ""planned_arrival_month"": ""2040-09"", ""requested_t"": 8.333333333333334, ""shipment_id"": ""S0137"", ""source_id"": ""B"", ""source_name"": ""Earth-Flex"", ""unfulfilled_request_t"": 0.0}, {""actual_arrival_month"": ""2040-10"", ""actual_delivery_share"": 1.0, ""availability_share"": 1.0, ""feasible_t"": 8.333333333333334, ""gross_delivery_t"": 8.333333333333334, ""order_month"": ""2040-06"", ""planned_arrival_month"": ""2040-10"", ""requested_t"": 8.333333333333334, ""shipment_id"": ""S0138"", ""source_id"": ""B"", ""source_name"": ""Earth-Flex"", ""unfulfilled_request_t"": 0.0}]","{""A"": 15.0, ""B"": 8.333333333333334}","{""A"": 15.0, ""B"": 8.333333333333334}",23.333333333333336,0.28,23.053333333333335,23.053333333333335,0.0,23.053333333333335,23.053333333333335,0.0,0.9049999999999976,13.41666666666666,0.0,ZBO,120.0,0.012,"[""ZBO""]",0.0,1.0,[]
2040-07,0.0,37.37499999999999,23.958333333333332,"{""A"": 190.0, ""B"": 110.0, ""C"": 0, ""D"": 0, ""E"": 20.0}","{""A"": 15.833333333333334, ""B"": 8.333333333333334}","[{""actual_arrival_month"": ""2040-08"", ""actual_delivery_share"": 1.0, ""availability_share"": 1.0, ""feasible_t"": 15.0, ""gross_delivery_t"": 15.0, ""order_month"": ""2039-08"", ""planned_arrival_month"": ""2040-08"", ""requested_t"": 15.0, ""shipment_id"": ""S0056"", ""source_id"": ""A"", ""source_name"": ""Earth-Core"", ""unfulfilled_request_t"": 0.0}, {""actual_arrival_month"": ""2040-09"", ""actual_delivery_share"": 1.0, ""availability_share"": 1.0, ""feasible_t"": 15.0, ""gross_delivery_t"": 15.0, ""order_month"": ""2039-09"", ""planned_arrival_month"": ""2040-09"", ""requested_t"": 15.0, ""shipment_id"": ""S0057"", ""source_id"": ""A"", ""source_name"": ""Earth-Core"", ""unfulfilled_request_t"": 0.0}, {""actual_arrival_month"": ""2040-10"", ""actual_delivery_share"": 1.0, ""availability_share"": 1.0, ""feasible_t"": 15.0, ""gross_delivery_t"": 15.0, ""order_month"": ""2039-10"", ""planned_arrival_month"": ""2040-10"", ""requested_t"": 15.0, ""shipment_id"": ""S0058"", ""source_id"": ""A"", ""source_name"": ""Earth-Core"", ""unfulfilled_request_t"": 0.0}, {""actual_arrival_month"": ""2040-11"", ""actual_delivery_share"": 1.0, ""availability_share"": 1.0, ""feasible_t"": 15.0, ""gross_delivery_t"": 15.0, ""order_month"": ""2039-11"", ""planned_arrival_month"": ""2040-11"", ""requested_t"": 15.0, ""shipment_id"": ""S0059"", ""source_id"": ""A"", ""source_name"": ""Earth-Core"", ""unfulfilled_request_t"": 0.0}, {""actual_arrival_month"": ""2040-12"", ""actual_delivery_share"": 1.0, ""availability_share"": 1.0, ""feasible_t"": 15.0, ""gross_delivery_t"": 15.0, ""order_month"": ""2039-12"", ""planned_arrival_month"": ""2040-12"", ""requested_t"": 15.0, ""shipment_id"": ""S0060"", ""source_id"": ""A"", ""source_name"": ""Earth-Core"", ""unfulfilled_request_t"": 0.0}, {""actual_arrival_month"": ""2041-01"", ""actual_delivery_share"": 1.0, ""availability_share"": 1.0, ""feasible_t"": 15.833333333333332, ""gross_delivery_t"": 15.833333333333332, ""order_month"": ""2040-01"", ""planned_arrival_month"": ""2041-01"", ""requested_t"": 15.833333333333334, ""shipment_id"": ""S0061"", ""source_id"": ""A"", ""source_name"": ""Earth-Core"", ""unfulfilled_request_t"": 1.7763568394002505e-15}, {""actual_arrival_month"": ""2041-02"", ""actual_delivery_share"": 1.0, ""availability_share"": 1.0, ""feasible_t"": 15.833333333333332, ""gross_delivery_t"": 15.833333333333332, ""order_month"": ""2040-02"", ""planned_arrival_month"": ""2041-02"", ""requested_t"": 15.833333333333334, ""shipment_id"": ""S0062"", ""source_id"": ""A"", ""source_name"": ""Earth-Core"", ""unfulfilled_request_t"": 1.7763568394002505e-15}, {""actual_arrival_month"": ""2041-03"", ""actual_delivery_share"": 1.0, ""availability_share"": 1.0, ""feasible_t"": 15.833333333333332, ""gross_delivery_t"": 15.833333333333332, ""order_month"": ""2040-03"", ""planned_arrival_month"": ""2041-03"", ""requested_t"": 15.833333333333334, ""shipment_id"": ""S0063"", ""source_id"": ""A"", ""source_name"": ""Earth-Core"", ""unfulfilled_request_t"": 1.7763568394002505e-15}, {""actual_arrival_month"": ""2041-04"", ""actual_delivery_share"": 1.0, ""availability_share"": 1.0, ""feasible_t"": 15.833333333333332, ""gross_delivery_t"": 15.833333333333332, ""order_month"": ""2040-04"", ""planned_arrival_month"": ""2041-04"", ""requested_t"": 15.833333333333334, ""shipment_id"": ""S0064"", ""source_id"": ""A"", ""source_name"": ""Earth-Core"", ""unfulfilled_request_t"": 1.7763568394002505e-15}, {""actual_arrival_month"": ""2041-05"", ""actual_delivery_share"": 1.0, ""availability_share"": 1.0, ""feasible_t"": 15.833333333333332, ""gross_delivery_t"": 15.833333333333332, ""order_month"": ""2040-05"", ""planned_arrival_month"": ""2041-05"", ""requested_t"": 15.833333333333334, ""shipment_id"": ""S0065"", ""source_id"": ""A"", ""source_name"": ""Earth-Core"", ""unfulfilled_request_t"": 1.7763568394002505e-15}, {""actual_arrival_month"": ""2041-06"", ""actual_delivery_share"": 1.0, ""availability_share"": 1.0, ""feasible_t"": 15.833333333333332, ""gross_delivery_t"": 15.833333333333332, ""order_month"": ""2040-06"", ""planned_arrival_month"": ""2041-06"", ""requested_t"": 15.833333333333334, ""shipment_id"": ""S0066"", ""source_id"": ""A"", ""source_name"": ""Earth-Core"", ""unfulfilled_request_t"": 1.7763568394002505e-15}, {""actual_arrival_month"": ""2041-07"", ""actual_delivery_share"": 1.0, ""availability_share"": 1.0, ""feasible_t"": 15.833333333333332, ""gross_delivery_t"": 15.833333333333332, ""order_month"": ""2040-07"", ""planned_arrival_month"": ""2041-07"", ""requested_t"": 15.833333333333334, ""shipment_id"": ""S0067"", ""source_id"": ""A"", ""source_name"": ""Earth-Core"", ""unfulfilled_request_t"": 1.7763568394002505e-15}, {""actual_arrival_month"": ""2040-08"", ""actual_delivery_share"": 1.0, ""availability_share"": 1.0, ""feasible_t"": 8.333333333333334, ""gross_delivery_t"": 8.333333333333334, ""order_month"": ""2040-04"", ""planned_arrival_month"": ""2040-08"", ""requested_t"": 8.333333333333334, ""shipment_id"": ""S0136"", ""source_id"": ""B"", ""source_name"": ""Earth-Flex"", ""unfulfilled_request_t"": 0.0}, {""actual_arrival_month"": ""2040-09"", ""actual_delivery_share"": 1.0, ""availability_share"": 1.0, ""feasible_t"": 8.333333333333334, ""gross_delivery_t"": 8.333333333333334, ""order_month"": ""2040-05"", ""planned_arrival_month"": ""2040-09"", ""requested_t"": 8.333333333333334, ""shipment_id"": ""S0137"", ""source_id"": ""B"", ""source_name"": ""Earth-Flex"", ""unfulfilled_request_t"": 0.0}, {""actual_arrival_month"": ""2040-10"", ""actual_delivery_share"": 1.0, ""availability_share"": 1.0, ""feasible_t"": 8.333333333333334, ""gross_delivery_t"": 8.333333333333334, ""order_month"": ""2040-06"", ""planned_arrival_month"": ""2040-10"", ""requested_t"": 8.333333333333334, ""shipment_id"": ""S0138"", ""source_id"": ""B"", ""source_name"": ""Earth-Flex"", ""unfulfilled_request_t"": 0.0}, {""actual_arrival_month"": ""2040-11"", ""actual_delivery_share"": 1.0, ""availability_share"": 1.0, ""feasible_t"": 8.333333333333334, ""gross_delivery_t"": 8.333333333333334, ""order_month"": ""2040-07"", ""planned_arrival_month"": ""2040-11"", ""requested_t"": 8.333333333333334, ""shipment_id"": ""S0139"", ""source_id"": ""B"", ""source_name"": ""Earth-Flex"", ""unfulfilled_request_t"": 0.0}]","{""A"": 15.0, ""B"": 8.333333333333334}","{""A"": 15.0, ""B"": 8.333333333333334}",23.333333333333336,0.28,23.053333333333335,23.053333333333335,0.0,23.053333333333335,23.053333333333335,0.0,0.9049999999999976,13.41666666666666,0.0,ZBO,120.0,0.012,"[""ZBO""]",0.0,1.0,[]
2040-08,0.0,37.37499999999999,23.958333333333332,"{""A"": 190.0, ""B"": 110.0, ""C"": 0, ""D"": 0, ""E"": 20.0}","{""A"": 15.833333333333334, ""B"": 8.333333333333334}","[{""actual_arrival_month"": ""2040-09"", ""actual_delivery_share"": 1.0, ""availability_share"": 1.0, ""feasible_t"": 15.0, ""gross_delivery_t"": 15.0, ""order_month"": ""2039-09"", ""planned_arrival_month"": ""2040-09"", ""requested_t"": 15.0, ""shipment_id"": ""S0057"", ""source_id"": ""A"", ""source_name"": ""Earth-Core"", ""unfulfilled_request_t"": 0.0}, {""actual_arrival_month"": ""2040-10"", ""actual_delivery_share"": 1.0, ""availability_share"": 1.0, ""feasible_t"": 15.0, ""gross_delivery_t"": 15.0, ""order_month"": ""2039-10"", ""planned_arrival_month"": ""2040-10"", ""requested_t"": 15.0, ""shipment_id"": ""S0058"", ""source_id"": ""A"", ""source_name"": ""Earth-Core"", ""unfulfilled_request_t"": 0.0}, {""actual_arrival_month"": ""2040-11"", ""actual_delivery_share"": 1.0, ""availability_share"": 1.0, ""feasible_t"": 15.0, ""gross_delivery_t"": 15.0, ""order_month"": ""2039-11"", ""planned_arrival_month"": ""2040-11"", ""requested_t"": 15.0, ""shipment_id"": ""S0059"", ""source_id"": ""A"", ""source_name"": ""Earth-Core"", ""unfulfilled_request_t"": 0.0}, {""actual_arrival_month"": ""2040-12"", ""actual_delivery_share"": 1.0, ""availability_share"": 1.0, ""feasible_t"": 15.0, ""gross_delivery_t"": 15.0, ""order_month"": ""2039-12"", ""planned_arrival_month"": ""2040-12"", ""requested_t"": 15.0, ""shipment_id"": ""S0060"", ""source_id"": ""A"", ""source_name"": ""Earth-Core"", ""unfulfilled_request_t"": 0.0}, {""actual_arrival_month"": ""2041-01"", ""actual_delivery_share"": 1.0, ""availability_share"": 1.0, ""feasible_t"": 15.833333333333332, ""gross_delivery_t"": 15.833333333333332, ""order_month"": ""2040-01"", ""planned_arrival_month"": ""2041-01"", ""requested_t"": 15.833333333333334, ""shipment_id"": ""S0061"", ""source_id"": ""A"", ""source_name"": ""Earth-Core"", ""unfulfilled_request_t"": 1.7763568394002505e-15}, {""actual_arrival_month"": ""2041-02"", ""actual_delivery_share"": 1.0, ""availability_share"": 1.0, ""feasible_t"": 15.833333333333332, ""gross_delivery_t"": 15.833333333333332, ""order_month"": ""2040-02"", ""planned_arrival_month"": ""2041-02"", ""requested_t"": 15.833333333333334, ""shipment_id"": ""S0062"", ""source_id"": ""A"", ""source_name"": ""Earth-Core"", ""unfulfilled_request_t"": 1.7763568394002505e-15}, {""actual_arrival_month"": ""2041-03"", ""actual_delivery_share"": 1.0, ""availability_share"": 1.0, ""feasible_t"": 15.833333333333332, ""gross_delivery_t"": 15.833333333333332, ""order_month"": ""2040-03"", ""planned_arrival_month"": ""2041-03"", ""requested_t"": 15.833333333333334, ""shipment_id"": ""S0063"", ""source_id"": ""A"", ""source_name"": ""Earth-Core"", ""unfulfilled_request_t"": 1.7763568394002505e-15}, {""actual_arrival_month"": ""2041-04"", ""actual_delivery_share"": 1.0, ""availability_share"": 1.0, ""feasible_t"": 15.833333333333332, ""gross_delivery_t"": 15.833333333333332, ""order_month"": ""2040-04"", ""planned_arrival_month"": ""2041-04"", ""requested_t"": 15.833333333333334, ""shipment_id"": ""S0064"", ""source_id"": ""A"", ""source_name"": ""Earth-Core"", ""unfulfilled_request_t"": 1.7763568394002505e-15}, {""actual_arrival_month"": ""2041-05"", ""actual_delivery_share"": 1.0, ""availability_share"": 1.0, ""feasible_t"": 15.833333333333332, ""gross_delivery_t"": 15.833333333333332, ""order_month"": ""2040-05"", ""planned_arrival_month"": ""2041-05"", ""requested_t"": 15.833333333333334, ""shipment_id"": ""S0065"", ""source_id"": ""A"", ""source_name"": ""Earth-Core"", ""unfulfilled_request_t"": 1.7763568394002505e-15}, {""actual_arrival_month"": ""2041-06"", ""actual_delivery_share"": 1.0, ""availability_share"": 1.0, ""feasible_t"": 15.833333333333332, ""gross_delivery_t"": 15.833333333333332, ""order_month"": ""2040-06"", ""planned_arrival_month"": ""2041-06"", ""requested_t"": 15.833333333333334, ""shipment_id"": ""S0066"", ""source_id"": ""A"", ""source_name"": ""Earth-Core"", ""unfulfilled_request_t"": 1.7763568394002505e-15}, {""actual_arrival_month"": ""2041-07"", ""actual_delivery_share"": 1.0, ""availability_share"": 1.0, ""feasible_t"": 15.833333333333332, ""gross_delivery_t"": 15.833333333333332, ""order_month"": ""2040-07"", ""planned_arrival_month"": ""2041-07"", ""requested_t"": 15.833333333333334, ""shipment_id"": ""S0067"", ""source_id"": ""A"", ""source_name"": ""Earth-Core"", ""unfulfilled_request_t"": 1.7763568394002505e-15}, {""actual_arrival_month"": ""2041-08"", ""actual_delivery_share"": 1.0, ""availability_share"": 1.0, ""feasible_t"": 15.833333333333332, ""gross_delivery_t"": 15.833333333333332, ""order_month"": ""2040-08"", ""planned_arrival_month"": ""2041-08"", ""requested_t"": 15.833333333333334, ""shipment_id"": ""S0068"", ""source_id"": ""A"", ""source_name"": ""Earth-Core"", ""unfulfilled_request_t"": 1.7763568394002505e-15}, {""actual_arrival_month"": ""2040-09"", ""actual_delivery_share"": 1.0, ""availability_share"": 1.0, ""feasible_t"": 8.333333333333334, ""gross_delivery_t"": 8.333333333333334, ""order_month"": ""2040-05"", ""planned_arrival_month"": ""2040-09"", ""requested_t"": 8.333333333333334, ""shipment_id"": ""S0137"", ""source_id"": ""B"", ""source_name"": ""Earth-Flex"", ""unfulfilled_request_t"": 0.0}, {""actual_arrival_month"": ""2040-10"", ""actual_delivery_share"": 1.0, ""availability_share"": 1.0, ""feasible_t"": 8.333333333333334, ""gross_delivery_t"": 8.333333333333334, ""order_month"": ""2040-06"", ""planned_arrival_month"": ""2040-10"", ""requested_t"": 8.333333333333334, ""shipment_id"": ""S0138"", ""source_id"": ""B"", ""source_name"": ""Earth-Flex"", ""unfulfilled_request_t"": 0.0}, {""actual_arrival_month"": ""2040-11"", ""actual_delivery_share"": 1.0, ""availability_share"": 1.0, ""feasible_t"": 8.333333333333334, ""gross_delivery_t"": 8.333333333333334, ""order_month"": ""2040-07"", ""planned_arrival_month"": ""2040-11"", ""requested_t"": 8.333333333333334, ""shipment_id"": ""S0139"", ""source_id"": ""B"", ""source_name"": ""Earth-Flex"", ""unfulfilled_request_t"": 0.0}, {""actual_arrival_month"": ""2040-12"", ""actual_delivery_share"": 1.0, ""availability_share"": 1.0, ""feasible_t"": 8.333333333333334, ""gross_delivery_t"": 8.333333333333334, ""order_month"": ""2040-08"", ""planned_arrival_month"": ""2040-12"", ""requested_t"": 8.333333333333334, ""shipment_id"": ""S0140"", ""source_id"": ""B"", ""source_name"": ""Earth-Flex"", ""unfulfilled_request_t"": 0.0}]","{""A"": 15.0, ""B"": 8.333333333333334}","{""A"": 15.0, ""B"": 8.333333333333334}",23.333333333333336,0.28,23.053333333333335,23.053333333333335,0.0,23.053333333333335,23.053333333333335,0.0,0.9049999999999976,13.41666666666666,0.0,ZBO,120.0,0.012,"[""ZBO""]",0.0,1.0,[]
2040-09,0.0,37.37499999999999,23.958333333333332,"{""A"": 190.0, ""B"": 110.0, ""C"": 0, ""D"": 0, ""E"": 20.0}","{""A"": 15.833333333333334, ""B"": 8.333333333333334}","[{""actual_arrival_month"": ""2040-10"", ""actual_delivery_share"": 1.0, ""availability_share"": 1.0, ""feasible_t"": 15.0, ""gross_delivery_t"": 15.0, ""order_month"": ""2039-10"", ""planned_arrival_month"": ""2040-10"", ""requested_t"": 15.0, ""shipment_id"": ""S0058"", ""source_id"": ""A"", ""source_name"": ""Earth-Core"", ""unfulfilled_request_t"": 0.0}, {""actual_arrival_month"": ""2040-11"", ""actual_delivery_share"": 1.0, ""availability_share"": 1.0, ""feasible_t"": 15.0, ""gross_delivery_t"": 15.0, ""order_month"": ""2039-11"", ""planned_arrival_month"": ""2040-11"", ""requested_t"": 15.0, ""shipment_id"": ""S0059"", ""source_id"": ""A"", ""source_name"": ""Earth-Core"", ""unfulfilled_request_t"": 0.0}, {""actual_arrival_month"": ""2040-12"", ""actual_delivery_share"": 1.0, ""availability_share"": 1.0, ""feasible_t"": 15.0, ""gross_delivery_t"": 15.0, ""order_month"": ""2039-12"", ""planned_arrival_month"": ""2040-12"", ""requested_t"": 15.0, ""shipment_id"": ""S0060"", ""source_id"": ""A"", ""source_name"": ""Earth-Core"", ""unfulfilled_request_t"": 0.0}, {""actual_arrival_month"": ""2041-01"", ""actual_delivery_share"": 1.0, ""availability_share"": 1.0, ""feasible_t"": 15.833333333333332, ""gross_delivery_t"": 15.833333333333332, ""order_month"": ""2040-01"", ""planned_arrival_month"": ""2041-01"", ""requested_t"": 15.833333333333334, ""shipment_id"": ""S0061"", ""source_id"": ""A"", ""source_name"": ""Earth-Core"", ""unfulfilled_request_t"": 1.7763568394002505e-15}, {""actual_arrival_month"": ""2041-02"", ""actual_delivery_share"": 1.0, ""availability_share"": 1.0, ""feasible_t"": 15.833333333333332, ""gross_delivery_t"": 15.833333333333332, ""order_month"": ""2040-02"", ""planned_arrival_month"": ""2041-02"", ""requested_t"": 15.833333333333334, ""shipment_id"": ""S0062"", ""source_id"": ""A"", ""source_name"": ""Earth-Core"", ""unfulfilled_request_t"": 1.7763568394002505e-15}, {""actual_arrival_month"": ""2041-03"", ""actual_delivery_share"": 1.0, ""availability_share"": 1.0, ""feasible_t"": 15.833333333333332, ""gross_delivery_t"": 15.833333333333332, ""order_month"": ""2040-03"", ""planned_arrival_month"": ""2041-03"", ""requested_t"": 15.833333333333334, ""shipment_id"": ""S0063"", ""source_id"": ""A"", ""source_name"": ""Earth-Core"", ""unfulfilled_request_t"": 1.7763568394002505e-15}, {""actual_arrival_month"": ""2041-04"", ""actual_delivery_share"": 1.0, ""availability_share"": 1.0, ""feasible_t"": 15.833333333333332, ""gross_delivery_t"": 15.833333333333332, ""order_month"": ""2040-04"", ""planned_arrival_month"": ""2041-04"", ""requested_t"": 15.833333333333334, ""shipment_id"": ""S0064"", ""source_id"": ""A"", ""source_name"": ""Earth-Core"", ""unfulfilled_request_t"": 1.7763568394002505e-15}, {""actual_arrival_month"": ""2041-05"", ""actual_delivery_share"": 1.0, ""availability_share"": 1.0, ""feasible_t"": 15.833333333333332, ""gross_delivery_t"": 15.833333333333332, ""order_month"": ""2040-05"", ""planned_arrival_month"": ""2041-05"", ""requested_t"": 15.833333333333334, ""shipment_id"": ""S0065"", ""source_id"": ""A"", ""source_name"": ""Earth-Core"", ""unfulfilled_request_t"": 1.7763568394002505e-15}, {""actual_arrival_month"": ""2041-06"", ""actual_delivery_share"": 1.0, ""availability_share"": 1.0, ""feasible_t"": 15.833333333333332, ""gross_delivery_t"": 15.833333333333332, ""order_month"": ""2040-06"", ""planned_arrival_month"": ""2041-06"", ""requested_t"": 15.833333333333334, ""shipment_id"": ""S0066"", ""source_id"": ""A"", ""source_name"": ""Earth-Core"", ""unfulfilled_request_t"": 1.7763568394002505e-15}, {""actual_arrival_month"": ""2041-07"", ""actual_delivery_share"": 1.0, ""availability_share"": 1.0, ""feasible_t"": 15.833333333333332, ""gross_delivery_t"": 15.833333333333332, ""order_month"": ""2040-07"", ""planned_arrival_month"": ""2041-07"", ""requested_t"": 15.833333333333334, ""shipment_id"": ""S0067"", ""source_id"": ""A"", ""source_name"": ""Earth-Core"", ""unfulfilled_request_t"": 1.7763568394002505e-15}, {""actual_arrival_month"": ""2041-08"", ""actual_delivery_share"": 1.0, ""availability_share"": 1.0, ""feasible_t"": 15.833333333333332, ""gross_delivery_t"": 15.833333333333332, ""order_month"": ""2040-08"", ""planned_arrival_month"": ""2041-08"", ""requested_t"": 15.833333333333334, ""shipment_id"": ""S0068"", ""source_id"": ""A"", ""source_name"": ""Earth-Core"", ""unfulfilled_request_t"": 1.7763568394002505e-15}, {""actual_arrival_month"": ""2041-09"", ""actual_delivery_share"": 1.0, ""availability_share"": 1.0, ""feasible_t"": 15.833333333333332, ""gross_delivery_t"": 15.833333333333332, ""order_month"": ""2040-09"", ""planned_arrival_month"": ""2041-09"", ""requested_t"": 15.833333333333334, ""shipment_id"": ""S0069"", ""source_id"": ""A"", ""source_name"": ""Earth-Core"", ""unfulfilled_request_t"": 1.7763568394002505e-15}, {""actual_arrival_month"": ""2040-10"", ""actual_delivery_share"": 1.0, ""availability_share"": 1.0, ""feasible_t"": 8.333333333333334, ""gross_delivery_t"": 8.333333333333334, ""order_month"": ""2040-06"", ""planned_arrival_month"": ""2040-10"", ""requested_t"": 8.333333333333334, ""shipment_id"": ""S0138"", ""source_id"": ""B"", ""source_name"": ""Earth-Flex"", ""unfulfilled_request_t"": 0.0}, {""actual_arrival_month"": ""2040-11"", ""actual_delivery_share"": 1.0, ""availability_share"": 1.0, ""feasible_t"": 8.333333333333334, ""gross_delivery_t"": 8.333333333333334, ""order_month"": ""2040-07"", ""planned_arrival_month"": ""2040-11"", ""requested_t"": 8.333333333333334, ""shipment_id"": ""S0139"", ""source_id"": ""B"", ""source_name"": ""Earth-Flex"", ""unfulfilled_request_t"": 0.0}, {""actual_arrival_month"": ""2040-12"", ""actual_delivery_share"": 1.0, ""availability_share"": 1.0, ""feasible_t"": 8.333333333333334, ""gross_delivery_t"": 8.333333333333334, ""order_month"": ""2040-08"", ""planned_arrival_month"": ""2040-12"", ""requested_t"": 8.333333333333334, ""shipment_id"": ""S0140"", ""source_id"": ""B"", ""source_name"": ""Earth-Flex"", ""unfulfilled_request_t"": 0.0}, {""actual_arrival_month"": ""2041-01"", ""actual_delivery_share"": 1.0, ""availability_share"": 1.0, ""feasible_t"": 8.333333333333334, ""gross_delivery_t"": 8.333333333333334, ""order_month"": ""2040-09"", ""planned_arrival_month"": ""2041-01"", ""requested_t"": 8.333333333333334, ""shipment_id"": ""S0141"", ""source_id"": ""B"", ""source_name"": ""Earth-Flex"", ""unfulfilled_request_t"": 0.0}]","{""A"": 15.0, ""B"": 8.333333333333334}","{""A"": 15.0, ""B"": 8.333333333333334}",23.333333333333336,0.28,23.053333333333335,23.053333333333335,0.0,23.053333333333335,23.053333333333335,0.0,0.9049999999999976,13.41666666666666,0.0,ZBO,120.0,0.012,"[""ZBO""]",0.0,1.0,[]
2040-10,0.0,37.37499999999999,23.958333333333332,"{""A"": 190.0, ""B"": 110.0, ""C"": 0, ""D"": 0, ""E"": 20.0}","{""A"": 15.833333333333334, ""B"": 8.333333333333334}","[{""actual_arrival_month"": ""2040-11"", ""actual_delivery_share"": 1.0, ""availability_share"": 1.0, ""feasible_t"": 15.0, ""gross_delivery_t"": 15.0, ""order_month"": ""2039-11"", ""planned_arrival_month"": ""2040-11"", ""requested_t"": 15.0, ""shipment_id"": ""S0059"", ""source_id"": ""A"", ""source_name"": ""Earth-Core"", ""unfulfilled_request_t"": 0.0}, {""actual_arrival_month"": ""2040-12"", ""actual_delivery_share"": 1.0, ""availability_share"": 1.0, ""feasible_t"": 15.0, ""gross_delivery_t"": 15.0, ""order_month"": ""2039-12"", ""planned_arrival_month"": ""2040-12"", ""requested_t"": 15.0, ""shipment_id"": ""S0060"", ""source_id"": ""A"", ""source_name"": ""Earth-Core"", ""unfulfilled_request_t"": 0.0}, {""actual_arrival_month"": ""2041-01"", ""actual_delivery_share"": 1.0, ""availability_share"": 1.0, ""feasible_t"": 15.833333333333332, ""gross_delivery_t"": 15.833333333333332, ""order_month"": ""2040-01"", ""planned_arrival_month"": ""2041-01"", ""requested_t"": 15.833333333333334, ""shipment_id"": ""S0061"", ""source_id"": ""A"", ""source_name"": ""Earth-Core"", ""unfulfilled_request_t"": 1.7763568394002505e-15}, {""actual_arrival_month"": ""2041-02"", ""actual_delivery_share"": 1.0, ""availability_share"": 1.0, ""feasible_t"": 15.833333333333332, ""gross_delivery_t"": 15.833333333333332, ""order_month"": ""2040-02"", ""planned_arrival_month"": ""2041-02"", ""requested_t"": 15.833333333333334, ""shipment_id"": ""S0062"", ""source_id"": ""A"", ""source_name"": ""Earth-Core"", ""unfulfilled_request_t"": 1.7763568394002505e-15}, {""actual_arrival_month"": ""2041-03"", ""actual_delivery_share"": 1.0, ""availability_share"": 1.0, ""feasible_t"": 15.833333333333332, ""gross_delivery_t"": 15.833333333333332, ""order_month"": ""2040-03"", ""planned_arrival_month"": ""2041-03"", ""requested_t"": 15.833333333333334, ""shipment_id"": ""S0063"", ""source_id"": ""A"", ""source_name"": ""Earth-Core"", ""unfulfilled_request_t"": 1.7763568394002505e-15}, {""actual_arrival_month"": ""2041-04"", ""actual_delivery_share"": 1.0, ""availability_share"": 1.0, ""feasible_t"": 15.833333333333332, ""gross_delivery_t"": 15.833333333333332, ""order_month"": ""2040-04"", ""planned_arrival_month"": ""2041-04"", ""requested_t"": 15.833333333333334, ""shipment_id"": ""S0064"", ""source_id"": ""A"", ""source_name"": ""Earth-Core"", ""unfulfilled_request_t"": 1.7763568394002505e-15}, {""actual_arrival_month"": ""2041-05"", ""actual_delivery_share"": 1.0, ""availability_share"": 1.0, ""feasible_t"": 15.833333333333332, ""gross_delivery_t"": 15.833333333333332, ""order_month"": ""2040-05"", ""planned_arrival_month"": ""2041-05"", ""requested_t"": 15.833333333333334, ""shipment_id"": ""S0065"", ""source_id"": ""A"", ""source_name"": ""Earth-Core"", ""unfulfilled_request_t"": 1.7763568394002505e-15}, {""actual_arrival_month"": ""2041-06"", ""actual_delivery_share"": 1.0, ""availability_share"": 1.0, ""feasible_t"": 15.833333333333332, ""gross_delivery_t"": 15.833333333333332, ""order_month"": ""2040-06"", ""planned_arrival_month"": ""2041-06"", ""requested_t"": 15.833333333333334, ""shipment_id"": ""S0066"", ""source_id"": ""A"", ""source_name"": ""Earth-Core"", ""unfulfilled_request_t"": 1.7763568394002505e-15}, {""actual_arrival_month"": ""2041-07"", ""actual_delivery_share"": 1.0, ""availability_share"": 1.0, ""feasible_t"": 15.833333333333332, ""gross_delivery_t"": 15.833333333333332, ""order_month"": ""2040-07"", ""planned_arrival_month"": ""2041-07"", ""requested_t"": 15.833333333333334, ""shipment_id"": ""S0067"", ""source_id"": ""A"", ""source_name"": ""Earth-Core"", ""unfulfilled_request_t"": 1.7763568394002505e-15}, {""actual_arrival_month"": ""2041-08"", ""actual_delivery_share"": 1.0, ""availability_share"": 1.0, ""feasible_t"": 15.833333333333332, ""gross_delivery_t"": 15.833333333333332, ""order_month"": ""2040-08"", ""planned_arrival_month"": ""2041-08"", ""requested_t"": 15.833333333333334, ""shipment_id"": ""S0068"", ""source_id"": ""A"", ""source_name"": ""Earth-Core"", ""unfulfilled_request_t"": 1.7763568394002505e-15}, {""actual_arrival_month"": ""2041-09"", ""actual_delivery_share"": 1.0, ""availability_share"": 1.0, ""feasible_t"": 15.833333333333332, ""gross_delivery_t"": 15.833333333333332, ""order_month"": ""2040-09"", ""planned_arrival_month"": ""2041-09"", ""requested_t"": 15.833333333333334, ""shipment_id"": ""S0069"", ""source_id"": ""A"", ""source_name"": ""Earth-Core"", ""unfulfilled_request_t"": 1.7763568394002505e-15}, {""actual_arrival_month"": ""2041-10"", ""actual_delivery_share"": 1.0, ""availability_share"": 1.0, ""feasible_t"": 15.833333333333332, ""gross_delivery_t"": 15.833333333333332, ""order_month"": ""2040-10"", ""planned_arrival_month"": ""2041-10"", ""requested_t"": 15.833333333333334, ""shipment_id"": ""S0070"", ""source_id"": ""A"", ""source_name"": ""Earth-Core"", ""unfulfilled_request_t"": 1.7763568394002505e-15}, {""actual_arrival_month"": ""2040-11"", ""actual_delivery_share"": 1.0, ""availability_share"": 1.0, ""feasible_t"": 8.333333333333334, ""gross_delivery_t"": 8.333333333333334, ""order_month"": ""2040-07"", ""planned_arrival_month"": ""2040-11"", ""requested_t"": 8.333333333333334, ""shipment_id"": ""S0139"", ""source_id"": ""B"", ""source_name"": ""Earth-Flex"", ""unfulfilled_request_t"": 0.0}, {""actual_arrival_month"": ""2040-12"", ""actual_delivery_share"": 1.0, ""availability_share"": 1.0, ""feasible_t"": 8.333333333333334, ""gross_delivery_t"": 8.333333333333334, ""order_month"": ""2040-08"", ""planned_arrival_month"": ""2040-12"", ""requested_t"": 8.333333333333334, ""shipment_id"": ""S0140"", ""source_id"": ""B"", ""source_name"": ""Earth-Flex"", ""unfulfilled_request_t"": 0.0}, {""actual_arrival_month"": ""2041-01"", ""actual_delivery_share"": 1.0, ""availability_share"": 1.0, ""feasible_t"": 8.333333333333334, ""gross_delivery_t"": 8.333333333333334, ""order_month"": ""2040-09"", ""planned_arrival_month"": ""2041-01"", ""requested_t"": 8.333333333333334, ""shipment_id"": ""S0141"", ""source_id"": ""B"", ""source_name"": ""Earth-Flex"", ""unfulfilled_request_t"": 0.0}, {""actual_arrival_month"": ""2041-02"", ""actual_delivery_share"": 1.0, ""availability_share"": 1.0, ""feasible_t"": 8.333333333333334, ""gross_delivery_t"": 8.333333333333334, ""order_month"": ""2040-10"", ""planned_arrival_month"": ""2041-02"", ""requested_t"": 8.333333333333334, ""shipment_id"": ""S0142"", ""source_id"": ""B"", ""source_name"": ""Earth-Flex"", ""unfulfilled_request_t"": 0.0}]","{""A"": 15.0, ""B"": 8.333333333333334}","{""A"": 15.0, ""B"": 8.333333333333334}",23.333333333333336,0.28,23.053333333333335,23.053333333333335,0.0,23.053333333333335,23.053333333333335,0.0,0.9049999999999976,13.41666666666666,0.0,ZBO,120.0,0.012,"[""ZBO""]",0.0,1.0,[]
2040-11,0.0,37.37499999999999,23.958333333333332,"{""A"": 190.0, ""B"": 110.0, ""C"": 0, ""D"": 0, ""E"": 20.0}","{""A"": 15.833333333333334, ""B"": 8.333333333333334}","[{""actual_arrival_month"": ""2040-12"", ""actual_delivery_share"": 1.0, ""availability_share"": 1.0, ""feasible_t"": 15.0, ""gross_delivery_t"": 15.0, ""order_month"": ""2039-12"", ""planned_arrival_month"": ""2040-12"", ""requested_t"": 15.0, ""shipment_id"": ""S0060"", ""source_id"": ""A"", ""source_name"": ""Earth-Core"", ""unfulfilled_request_t"": 0.0}, {""actual_arrival_month"": ""2041-01"", ""actual_delivery_share"": 1.0, ""availability_share"": 1.0, ""feasible_t"": 15.833333333333332, ""gross_delivery_t"": 15.833333333333332, ""order_month"": ""2040-01"", ""planned_arrival_month"": ""2041-01"", ""requested_t"": 15.833333333333334, ""shipment_id"": ""S0061"", ""source_id"": ""A"", ""source_name"": ""Earth-Core"", ""unfulfilled_request_t"": 1.7763568394002505e-15}, {""actual_arrival_month"": ""2041-02"", ""actual_delivery_share"": 1.0, ""availability_share"": 1.0, ""feasible_t"": 15.833333333333332, ""gross_delivery_t"": 15.833333333333332, ""order_month"": ""2040-02"", ""planned_arrival_month"": ""2041-02"", ""requested_t"": 15.833333333333334, ""shipment_id"": ""S0062"", ""source_id"": ""A"", ""source_name"": ""Earth-Core"", ""unfulfilled_request_t"": 1.7763568394002505e-15}, {""actual_arrival_month"": ""2041-03"", ""actual_delivery_share"": 1.0, ""availability_share"": 1.0, ""feasible_t"": 15.833333333333332, ""gross_delivery_t"": 15.833333333333332, ""order_month"": ""2040-03"", ""planned_arrival_month"": ""2041-03"", ""requested_t"": 15.833333333333334, ""shipment_id"": ""S0063"", ""source_id"": ""A"", ""source_name"": ""Earth-Core"", ""unfulfilled_request_t"": 1.7763568394002505e-15}, {""actual_arrival_month"": ""2041-04"", ""actual_delivery_share"": 1.0, ""availability_share"": 1.0, ""feasible_t"": 15.833333333333332, ""gross_delivery_t"": 15.833333333333332, ""order_month"": ""2040-04"", ""planned_arrival_month"": ""2041-04"", ""requested_t"": 15.833333333333334, ""shipment_id"": ""S0064"", ""source_id"": ""A"", ""source_name"": ""Earth-Core"", ""unfulfilled_request_t"": 1.7763568394002505e-15}, {""actual_arrival_month"": ""2041-05"", ""actual_delivery_share"": 1.0, ""availability_share"": 1.0, ""feasible_t"": 15.833333333333332, ""gross_delivery_t"": 15.833333333333332, ""order_month"": ""2040-05"", ""planned_arrival_month"": ""2041-05"", ""requested_t"": 15.833333333333334, ""shipment_id"": ""S0065"", ""source_id"": ""A"", ""source_name"": ""Earth-Core"", ""unfulfilled_request_t"": 1.7763568394002505e-15}, {""actual_arrival_month"": ""2041-06"", ""actual_delivery_share"": 1.0, ""availability_share"": 1.0, ""feasible_t"": 15.833333333333332, ""gross_delivery_t"": 15.833333333333332, ""order_month"": ""2040-06"", ""planned_arrival_month"": ""2041-06"", ""requested_t"": 15.833333333333334, ""shipment_id"": ""S0066"", ""source_id"": ""A"", ""source_name"": ""Earth-Core"", ""unfulfilled_request_t"": 1.7763568394002505e-15}, {""actual_arrival_month"": ""2041-07"", ""actual_delivery_share"": 1.0, ""availability_share"": 1.0, ""feasible_t"": 15.833333333333332, ""gross_delivery_t"": 15.833333333333332, ""order_month"": ""2040-07"", ""planned_arrival_month"": ""2041-07"", ""requested_t"": 15.833333333333334, ""shipment_id"": ""S0067"", ""source_id"": ""A"", ""source_name"": ""Earth-Core"", ""unfulfilled_request_t"": 1.7763568394002505e-15}, {""actual_arrival_month"": ""2041-08"", ""actual_delivery_share"": 1.0, ""availability_share"": 1.0, ""feasible_t"": 15.833333333333332, ""gross_delivery_t"": 15.833333333333332, ""order_month"": ""2040-08"", ""planned_arrival_month"": ""2041-08"", ""requested_t"": 15.833333333333334, ""shipment_id"": ""S0068"", ""source_id"": ""A"", ""source_name"": ""Earth-Core"", ""unfulfilled_request_t"": 1.7763568394002505e-15}, {""actual_arrival_month"": ""2041-09"", ""actual_delivery_share"": 1.0, ""availability_share"": 1.0, ""feasible_t"": 15.833333333333332, ""gross_delivery_t"": 15.833333333333332, ""order_month"": ""2040-09"", ""planned_arrival_month"": ""2041-09"", ""requested_t"": 15.833333333333334, ""shipment_id"": ""S0069"", ""source_id"": ""A"", ""source_name"": ""Earth-Core"", ""unfulfilled_request_t"": 1.7763568394002505e-15}, {""actual_arrival_month"": ""2041-10"", ""actual_delivery_share"": 1.0, ""availability_share"": 1.0, ""feasible_t"": 15.833333333333332, ""gross_delivery_t"": 15.833333333333332, ""order_month"": ""2040-10"", ""planned_arrival_month"": ""2041-10"", ""requested_t"": 15.833333333333334, ""shipment_id"": ""S0070"", ""source_id"": ""A"", ""source_name"": ""Earth-Core"", ""unfulfilled_request_t"": 1.7763568394002505e-15}, {""actual_arrival_month"": ""2041-11"", ""actual_delivery_share"": 1.0, ""availability_share"": 1.0, ""feasible_t"": 15.833333333333332, ""gross_delivery_t"": 15.833333333333332, ""order_month"": ""2040-11"", ""planned_arrival_month"": ""2041-11"", ""requested_t"": 15.833333333333334, ""shipment_id"": ""S0071"", ""source_id"": ""A"", ""source_name"": ""Earth-Core"", ""unfulfilled_request_t"": 1.7763568394002505e-15}, {""actual_arrival_month"": ""2040-12"", ""actual_delivery_share"": 1.0, ""availability_share"": 1.0, ""feasible_t"": 8.333333333333334, ""gross_delivery_t"": 8.333333333333334, ""order_month"": ""2040-08"", ""planned_arrival_month"": ""2040-12"", ""requested_t"": 8.333333333333334, ""shipment_id"": ""S0140"", ""source_id"": ""B"", ""source_name"": ""Earth-Flex"", ""unfulfilled_request_t"": 0.0}, {""actual_arrival_month"": ""2041-01"", ""actual_delivery_share"": 1.0, ""availability_share"": 1.0, ""feasible_t"": 8.333333333333334, ""gross_delivery_t"": 8.333333333333334, ""order_month"": ""2040-09"", ""planned_arrival_month"": ""2041-01"", ""requested_t"": 8.333333333333334, ""shipment_id"": ""S0141"", ""source_id"": ""B"", ""source_name"": ""Earth-Flex"", ""unfulfilled_request_t"": 0.0}, {""actual_arrival_month"": ""2041-02"", ""actual_delivery_share"": 1.0, ""availability_share"": 1.0, ""feasible_t"": 8.333333333333334, ""gross_delivery_t"": 8.333333333333334, ""order_month"": ""2040-10"", ""planned_arrival_month"": ""2041-02"", ""requested_t"": 8.333333333333334, ""shipment_id"": ""S0142"", ""source_id"": ""B"", ""source_name"": ""Earth-Flex"", ""unfulfilled_request_t"": 0.0}, {""actual_arrival_month"": ""2041-03"", ""actual_delivery_share"": 1.0, ""availability_share"": 1.0, ""feasible_t"": 8.333333333333334, ""gross_delivery_t"": 8.333333333333334, ""order_month"": ""2040-11"", ""planned_arrival_month"": ""2041-03"", ""requested_t"": 8.333333333333334, ""shipment_id"": ""S0143"", ""source_id"": ""B"", ""source_name"": ""Earth-Flex"", ""unfulfilled_request_t"": 0.0}]","{""A"": 15.0, ""B"": 8.333333333333334}","{""A"": 15.0, ""B"": 8.333333333333334}",23.333333333333336,0.28,23.053333333333335,23.053333333333335,0.0,23.053333333333335,23.053333333333335,0.0,0.9049999999999976,13.41666666666666,0.0,ZBO,120.0,0.012,"[""ZBO""]",0.0,1.0,[]
2040-12,0.0,37.37499999999999,23.958333333333332,"{""A"": 190.0, ""B"": 110.0, ""C"": 0, ""D"": 0, ""E"": 20.0}","{""A"": 15.833333333333334, ""B"": 8.333333333333334}","[{""actual_arrival_month"": ""2041-01"", ""actual_delivery_share"": 1.0, ""availability_share"": 1.0, ""feasible_t"": 15.833333333333332, ""gross_delivery_t"": 15.833333333333332, ""order_month"": ""2040-01"", ""planned_arrival_month"": ""2041-01"", ""requested_t"": 15.833333333333334, ""shipment_id"": ""S0061"", ""source_id"": ""A"", ""source_name"": ""Earth-Core"", ""unfulfilled_request_t"": 1.7763568394002505e-15}, {""actual_arrival_month"": ""2041-02"", ""actual_delivery_share"": 1.0, ""availability_share"": 1.0, ""feasible_t"": 15.833333333333332, ""gross_delivery_t"": 15.833333333333332, ""order_month"": ""2040-02"", ""planned_arrival_month"": ""2041-02"", ""requested_t"": 15.833333333333334, ""shipment_id"": ""S0062"", ""source_id"": ""A"", ""source_name"": ""Earth-Core"", ""unfulfilled_request_t"": 1.7763568394002505e-15}, {""actual_arrival_month"": ""2041-03"", ""actual_delivery_share"": 1.0, ""availability_share"": 1.0, ""feasible_t"": 15.833333333333332, ""gross_delivery_t"": 15.833333333333332, ""order_month"": ""2040-03"", ""planned_arrival_month"": ""2041-03"", ""requested_t"": 15.833333333333334, ""shipment_id"": ""S0063"", ""source_id"": ""A"", ""source_name"": ""Earth-Core"", ""unfulfilled_request_t"": 1.7763568394002505e-15}, {""actual_arrival_month"": ""2041-04"", ""actual_delivery_share"": 1.0, ""availability_share"": 1.0, ""feasible_t"": 15.833333333333332, ""gross_delivery_t"": 15.833333333333332, ""order_month"": ""2040-04"", ""planned_arrival_month"": ""2041-04"", ""requested_t"": 15.833333333333334, ""shipment_id"": ""S0064"", ""source_id"": ""A"", ""source_name"": ""Earth-Core"", ""unfulfilled_request_t"": 1.7763568394002505e-15}, {""actual_arrival_month"": ""2041-05"", ""actual_delivery_share"": 1.0, ""availability_share"": 1.0, ""feasible_t"": 15.833333333333332, ""gross_delivery_t"": 15.833333333333332, ""order_month"": ""2040-05"", ""planned_arrival_month"": ""2041-05"", ""requested_t"": 15.833333333333334, ""shipment_id"": ""S0065"", ""source_id"": ""A"", ""source_name"": ""Earth-Core"", ""unfulfilled_request_t"": 1.7763568394002505e-15}, {""actual_arrival_month"": ""2041-06"", ""actual_delivery_share"": 1.0, ""availability_share"": 1.0, ""feasible_t"": 15.833333333333332, ""gross_delivery_t"": 15.833333333333332, ""order_month"": ""2040-06"", ""planned_arrival_month"": ""2041-06"", ""requested_t"": 15.833333333333334, ""shipment_id"": ""S0066"", ""source_id"": ""A"", ""source_name"": ""Earth-Core"", ""unfulfilled_request_t"": 1.7763568394002505e-15}, {""actual_arrival_month"": ""2041-07"", ""actual_delivery_share"": 1.0, ""availability_share"": 1.0, ""feasible_t"": 15.833333333333332, ""gross_delivery_t"": 15.833333333333332, ""order_month"": ""2040-07"", ""planned_arrival_month"": ""2041-07"", ""requested_t"": 15.833333333333334, ""shipment_id"": ""S0067"", ""source_id"": ""A"", ""source_name"": ""Earth-Core"", ""unfulfilled_request_t"": 1.7763568394002505e-15}, {""actual_arrival_month"": ""2041-08"", ""actual_delivery_share"": 1.0, ""availability_share"": 1.0, ""feasible_t"": 15.833333333333332, ""gross_delivery_t"": 15.833333333333332, ""order_month"": ""2040-08"", ""planned_arrival_month"": ""2041-08"", ""requested_t"": 15.833333333333334, ""shipment_id"": ""S0068"", ""source_id"": ""A"", ""source_name"": ""Earth-Core"", ""unfulfilled_request_t"": 1.7763568394002505e-15}, {""actual_arrival_month"": ""2041-09"", ""actual_delivery_share"": 1.0, ""availability_share"": 1.0, ""feasible_t"": 15.833333333333332, ""gross_delivery_t"": 15.833333333333332, ""order_month"": ""2040-09"", ""planned_arrival_month"": ""2041-09"", ""requested_t"": 15.833333333333334, ""shipment_id"": ""S0069"", ""source_id"": ""A"", ""source_name"": ""Earth-Core"", ""unfulfilled_request_t"": 1.7763568394002505e-15}, {""actual_arrival_month"": ""2041-10"", ""actual_delivery_share"": 1.0, ""availability_share"": 1.0, ""feasible_t"": 15.833333333333332, ""gross_delivery_t"": 15.833333333333332, ""order_month"": ""2040-10"", ""planned_arrival_month"": ""2041-10"", ""requested_t"": 15.833333333333334, ""shipment_id"": ""S0070"", ""source_id"": ""A"", ""source_name"": ""Earth-Core"", ""unfulfilled_request_t"": 1.7763568394002505e-15}, {""actual_arrival_month"": ""2041-11"", ""actual_delivery_share"": 1.0, ""availability_share"": 1.0, ""feasible_t"": 15.833333333333332, ""gross_delivery_t"": 15.833333333333332, ""order_month"": ""2040-11"", ""planned_arrival_month"": ""2041-11"", ""requested_t"": 15.833333333333334, ""shipment_id"": ""S0071"", ""source_id"": ""A"", ""source_name"": ""Earth-Core"", ""unfulfilled_request_t"": 1.7763568394002505e-15}, {""actual_arrival_month"": ""2041-12"", ""actual_delivery_share"": 1.0, ""availability_share"": 1.0, ""feasible_t"": 15.833333333333332, ""gross_delivery_t"": 15.833333333333332, ""order_month"": ""2040-12"", ""planned_arrival_month"": ""2041-12"", ""requested_t"": 15.833333333333334, ""shipment_id"": ""S0072"", ""source_id"": ""A"", ""source_name"": ""Earth-Core"", ""unfulfilled_request_t"": 1.7763568394002505e-15}, {""actual_arrival_month"": ""2041-01"", ""actual_delivery_share"": 1.0, ""availability_share"": 1.0, ""feasible_t"": 8.333333333333334, ""gross_delivery_t"": 8.333333333333334, ""order_month"": ""2040-09"", ""planned_arrival_month"": ""2041-01"", ""requested_t"": 8.333333333333334, ""shipment_id"": ""S0141"", ""source_id"": ""B"", ""source_name"": ""Earth-Flex"", ""unfulfilled_request_t"": 0.0}, {""actual_arrival_month"": ""2041-02"", ""actual_delivery_share"": 1.0, ""availability_share"": 1.0, ""feasible_t"": 8.333333333333334, ""gross_delivery_t"": 8.333333333333334, ""order_month"": ""2040-10"", ""planned_arrival_month"": ""2041-02"", ""requested_t"": 8.333333333333334, ""shipment_id"": ""S0142"", ""source_id"": ""B"", ""source_name"": ""Earth-Flex"", ""unfulfilled_request_t"": 0.0}, {""actual_arrival_month"": ""2041-03"", ""actual_delivery_share"": 1.0, ""availability_share"": 1.0, ""feasible_t"": 8.333333333333334, ""gross_delivery_t"": 8.333333333333334, ""order_month"": ""2040-11"", ""planned_arrival_month"": ""2041-03"", ""requested_t"": 8.333333333333334, ""shipment_id"": ""S0143"", ""source_id"": ""B"", ""source_name"": ""Earth-Flex"", ""unfulfilled_request_t"": 0.0}, {""actual_arrival_month"": ""2041-04"", ""actual_delivery_share"": 1.0, ""availability_share"": 1.0, ""feasible_t"": 8.333333333333334, ""gross_delivery_t"": 8.333333333333334, ""order_month"": ""2040-12"", ""planned_arrival_month"": ""2041-04"", ""requested_t"": 8.333333333333334, ""shipment_id"": ""S0144"", ""source_id"": ""B"", ""source_name"": ""Earth-Flex"", ""unfulfilled_request_t"": 0.0}]","{""A"": 15.0, ""B"": 8.333333333333334}","{""A"": 15.0, ""B"": 8.333333333333334}",23.333333333333336,0.28,23.053333333333335,23.053333333333335,0.0,23.053333333333335,23.053333333333335,0.0,0.9049999999999976,13.41666666666666,0.0,ZBO,120.0,0.012,"[""ZBO""]",0.0,1.0,[]
