month,opening_inventory_t,demand_total_t,demand_critical_t,reserved_by_source,requested_order_by_source,pipeline,planned_arrival_by_source,gross_delivery_by_source,gross_delivery_t,losses_t,net_delivery_t,accepted_delivery_t,overflow_t,available_inventory_t,served_critical_t,served_noncritical_t,shortage_critical_t,shortage_noncritical_t,closing_inventory_t,active_storage_id,active_storage_capacity_t,active_loss_rate,active_investments,holding_cost_mln,fixed_opex_mln,violations
2035-01,48.082191780821915,8.333333333333334,6.666666666666667,"{""A"": 160.7004048583996, ""B"": 52.35602094250838, ""C"": 0, ""D"": 0, ""E"": 34.90401396170559}","{""A"": 13.3917004048583, ""B"": 6.544502617801047, ""E"": 26.17801047120419}","[{""actual_arrival_month"": ""2036-01"", ""actual_delivery_share"": 1.0, ""availability_share"": 1.0, ""feasible_t"": 13.3917004048583, ""gross_delivery_t"": 13.3917004048583, ""order_month"": ""2035-01"", ""planned_arrival_month"": ""2036-01"", ""requested_t"": 13.3917004048583, ""shipment_id"": ""S0001"", ""source_id"": ""A"", ""source_name"": ""Earth-Core"", ""unfulfilled_request_t"": 0.0}, {""actual_arrival_month"": ""2035-05"", ""actual_delivery_share"": 1.0, ""availability_share"": 1.0, ""feasible_t"": 6.544502617801047, ""gross_delivery_t"": 6.544502617801047, ""order_month"": ""2035-01"", ""planned_arrival_month"": ""2035-05"", ""requested_t"": 6.544502617801047, ""shipment_id"": ""S0047"", ""source_id"": ""B"", ""source_name"": ""Earth-Flex"", ""unfulfilled_request_t"": 0.0}, {""actual_arrival_month"": ""2035-03"", ""actual_delivery_share"": 1.0, ""availability_share"": 1.0, ""feasible_t"": 26.17801047120419, ""gross_delivery_t"": 26.17801047120419, ""order_month"": ""2035-01"", ""planned_arrival_month"": ""2035-03"", ""requested_t"": 26.17801047120419, ""shipment_id"": ""S0075"", ""source_id"": ""E"", ""source_name"": ""Emergency"", ""unfulfilled_request_t"": 0.0}]",{},{},0,0.0,0.0,0.0,0.0,48.082191780821915,6.666666666666667,1.666666666666667,0.0,0.0,39.74885844748859,BASE,70.0,0.045,[],2.634931506849315,0.0,[]
2035-02,39.74885844748859,8.333333333333334,6.666666666666667,"{""A"": 160.7004048583996, ""B"": 52.35602094250838, ""C"": 0, ""D"": 0, ""E"": 34.90401396170559}","{""A"": 13.3917004048583, ""B"": 6.544502617801047, ""E"": 8.726003490401396}","[{""actual_arrival_month"": ""2036-01"", ""actual_delivery_share"": 1.0, ""availability_share"": 1.0, ""feasible_t"": 13.3917004048583, ""gross_delivery_t"": 13.3917004048583, ""order_month"": ""2035-01"", ""planned_arrival_month"": ""2036-01"", ""requested_t"": 13.3917004048583, ""shipment_id"": ""S0001"", ""source_id"": ""A"", ""source_name"": ""Earth-Core"", ""unfulfilled_request_t"": 0.0}, {""actual_arrival_month"": ""2036-02"", ""actual_delivery_share"": 1.0, ""availability_share"": 1.0, ""feasible_t"": 13.3917004048583, ""gross_delivery_t"": 13.3917004048583, ""order_month"": ""2035-02"", ""planned_arrival_month"": ""2036-02"", ""requested_t"": 13.3917004048583, ""shipment_id"": ""S0002"", ""source_id"": ""A"", ""source_name"": ""Earth-Core"", ""unfulfilled_request_t"": 0.0}, {""actual_arrival_month"": ""2035-05"", ""actual_delivery_share"": 1.0, ""availability_share"": 1.0, ""feasible_t"": 6.544502617801047, ""gross_delivery_t"": 6.544502617801047, ""order_month"": ""2035-01"", ""planned_arrival_month"": ""2035-05"", ""requested_t"": 6.544502617801047, ""shipment_id"": ""S0047"", ""source_id"": ""B"", ""source_name"": ""Earth-Flex"", ""unfulfilled_request_t"": 0.0}, {""actual_arrival_month"": ""2035-06"", ""actual_delivery_share"": 1.0, ""availability_share"": 1.0, ""feasible_t"": 6.544502617801047, ""gross_delivery_t"": 6.544502617801047, ""order_month"": ""2035-02"", ""planned_arrival_month"": ""2035-06"", ""requested_t"": 6.544502617801047, ""shipment_id"": ""S0048"", ""source_id"": ""B"", ""source_name"": ""Earth-Flex"", ""unfulfilled_request_t"": 0.0}, {""actual_arrival_month"": ""2035-03"", ""actual_delivery_share"": 1.0, ""availability_share"": 1.0, ""feasible_t"": 26.17801047120419, ""gross_delivery_t"": 26.17801047120419, ""order_month"": ""2035-01"", ""planned_arrival_month"": ""2035-03"", ""requested_t"": 26.17801047120419, ""shipment_id"": ""S0075"", ""source_id"": ""E"", ""source_name"": ""Emergency"", ""unfulfilled_request_t"": 0.0}, {""actual_arrival_month"": ""2035-04"", ""actual_delivery_share"": 1.0, ""availability_share"": 1.0, ""feasible_t"": 8.726003490401396, ""gross_delivery_t"": 8.726003490401396, ""order_month"": ""2035-02"", ""planned_arrival_month"": ""2035-04"", ""requested_t"": 8.726003490401396, ""shipment_id"": ""S0076"", ""source_id"": ""E"", ""source_name"": ""Emergency"", ""unfulfilled_request_t"": 0.0}]",{},{},0,0.0,0.0,0.0,0.0,39.74885844748859,6.666666666666667,1.666666666666667,0.0,0.0,31.415525114155255,BASE,70.0,0.045,[],2.1349315068493153,0.0,[]
2035-03,31.415525114155255,8.333333333333334,6.666666666666667,"{""A"": 160.7004048583996, ""B"": 52.35602094250838, ""C"": 0, ""D"": 0, ""E"": 34.90401396170559}","{""A"": 13.3917004048583, ""B"": 6.544502617801047}","[{""actual_arrival_month"": ""2036-01"", ""actual_delivery_share"": 1.0, ""availability_share"": 1.0, ""feasible_t"": 13.3917004048583, ""gross_delivery_t"": 13.3917004048583, ""order_month"": ""2035-01"", ""planned_arrival_month"": ""2036-01"", ""requested_t"": 13.3917004048583, ""shipment_id"": ""S0001"", ""source_id"": ""A"", ""source_name"": ""Earth-Core"", ""unfulfilled_request_t"": 0.0}, {""actual_arrival_month"": ""2036-02"", ""actual_delivery_share"": 1.0, ""availability_share"": 1.0, ""feasible_t"": 13.3917004048583, ""gross_delivery_t"": 13.3917004048583, ""order_month"": ""2035-02"", ""planned_arrival_month"": ""2036-02"", ""requested_t"": 13.3917004048583, ""shipment_id"": ""S0002"", ""source_id"": ""A"", ""source_name"": ""Earth-Core"", ""unfulfilled_request_t"": 0.0}, {""actual_arrival_month"": ""2036-03"", ""actual_delivery_share"": 1.0, ""availability_share"": 1.0, ""feasible_t"": 13.3917004048583, ""gross_delivery_t"": 13.3917004048583, ""order_month"": ""2035-03"", ""planned_arrival_month"": ""2036-03"", ""requested_t"": 13.3917004048583, ""shipment_id"": ""S0003"", ""source_id"": ""A"", ""source_name"": ""Earth-Core"", ""unfulfilled_request_t"": 0.0}, {""actual_arrival_month"": ""2035-05"", ""actual_delivery_share"": 1.0, ""availability_share"": 1.0, ""feasible_t"": 6.544502617801047, ""gross_delivery_t"": 6.544502617801047, ""order_month"": ""2035-01"", ""planned_arrival_month"": ""2035-05"", ""requested_t"": 6.544502617801047, ""shipment_id"": ""S0047"", ""source_id"": ""B"", ""source_name"": ""Earth-Flex"", ""unfulfilled_request_t"": 0.0}, {""actual_arrival_month"": ""2035-06"", ""actual_delivery_share"": 1.0, ""availability_share"": 1.0, ""feasible_t"": 6.544502617801047, ""gross_delivery_t"": 6.544502617801047, ""order_month"": ""2035-02"", ""planned_arrival_month"": ""2035-06"", ""requested_t"": 6.544502617801047, ""shipment_id"": ""S0048"", ""source_id"": ""B"", ""source_name"": ""Earth-Flex"", ""unfulfilled_request_t"": 0.0}, {""actual_arrival_month"": ""2035-07"", ""actual_delivery_share"": 1.0, ""availability_share"": 1.0, ""feasible_t"": 6.544502617801047, ""gross_delivery_t"": 6.544502617801047, ""order_month"": ""2035-03"", ""planned_arrival_month"": ""2035-07"", ""requested_t"": 6.544502617801047, ""shipment_id"": ""S0049"", ""source_id"": ""B"", ""source_name"": ""Earth-Flex"", ""unfulfilled_request_t"": 0.0}, {""actual_arrival_month"": ""2035-04"", ""actual_delivery_share"": 1.0, ""availability_share"": 1.0, ""feasible_t"": 8.726003490401396, ""gross_delivery_t"": 8.726003490401396, ""order_month"": ""2035-02"", ""planned_arrival_month"": ""2035-04"", ""requested_t"": 8.726003490401396, ""shipment_id"": ""S0076"", ""source_id"": ""E"", ""source_name"": ""Emergency"", ""unfulfilled_request_t"": 0.0}]","{""E"": 26.17801047120419}","{""E"": 26.17801047120419}",26.17801047120419,1.1780104712041886,25.0,25.0,0.0,56.41552511415526,6.666666666666667,1.666666666666667,0.0,0.0,48.08219178082193,BASE,70.0,0.045,[],2.3849315068493158,0.0,[]
2035-04,48.08219178082193,8.333333333333334,6.666666666666667,"{""A"": 160.7004048583996, ""B"": 52.35602094250838, ""C"": 0, ""D"": 0, ""E"": 34.90401396170559}","{""A"": 13.3917004048583, ""B"": 6.544502617801047}","[{""actual_arrival_month"": ""2036-01"", ""actual_delivery_share"": 1.0, ""availability_share"": 1.0, ""feasible_t"": 13.3917004048583, ""gross_delivery_t"": 13.3917004048583, ""order_month"": ""2035-01"", ""planned_arrival_month"": ""2036-01"", ""requested_t"": 13.3917004048583, ""shipment_id"": ""S0001"", ""source_id"": ""A"", ""source_name"": ""Earth-Core"", ""unfulfilled_request_t"": 0.0}, {""actual_arrival_month"": ""2036-02"", ""actual_delivery_share"": 1.0, ""availability_share"": 1.0, ""feasible_t"": 13.3917004048583, ""gross_delivery_t"": 13.3917004048583, ""order_month"": ""2035-02"", ""planned_arrival_month"": ""2036-02"", ""requested_t"": 13.3917004048583, ""shipment_id"": ""S0002"", ""source_id"": ""A"", ""source_name"": ""Earth-Core"", ""unfulfilled_request_t"": 0.0}, {""actual_arrival_month"": ""2036-03"", ""actual_delivery_share"": 1.0, ""availability_share"": 1.0, ""feasible_t"": 13.3917004048583, ""gross_delivery_t"": 13.3917004048583, ""order_month"": ""2035-03"", ""planned_arrival_month"": ""2036-03"", ""requested_t"": 13.3917004048583, ""shipment_id"": ""S0003"", ""source_id"": ""A"", ""source_name"": ""Earth-Core"", ""unfulfilled_request_t"": 0.0}, {""actual_arrival_month"": ""2036-04"", ""actual_delivery_share"": 1.0, ""availability_share"": 1.0, ""feasible_t"": 13.3917004048583, ""gross_delivery_t"": 13.3917004048583, ""order_month"": ""2035-04"", ""planned_arrival_month"": ""2036-04"", ""requested_t"": 13.3917004048583, ""shipment_id"": ""S0004"", ""source_id"": ""A"", ""source_name"": ""Earth-Core"", ""unfulfilled_request_t"": 0.0}, {""actual_arrival_month"": ""2035-05"", ""actual_delivery_share"": 1.0, ""availability_share"": 1.0, ""feasible_t"": 6.544502617801047, ""gross_delivery_t"": 6.544502617801047, ""order_month"": ""2035-01"", ""planned_arrival_month"": ""2035-05"", ""requested_t"": 6.544502617801047, ""shipment_id"": ""S0047"", ""source_id"": ""B"", ""source_name"": ""Earth-Flex"", ""unfulfilled_request_t"": 0.0}, {""actual_arrival_month"": ""2035-06"", ""actual_delivery_share"": 1.0, ""availability_share"": 1.0, ""feasible_t"": 6.544502617801047, ""gross_delivery_t"": 6.544502617801047, ""order_month"": ""2035-02"", ""planned_arrival_month"": ""2035-06"", ""requested_t"": 6.544502617801047, ""shipment_id"": ""S0048"", ""source_id"": ""B"", ""source_name"": ""Earth-Flex"", ""unfulfilled_request_t"": 0.0}, {""actual_arrival_month"": ""2035-07"", ""actual_delivery_share"": 1.0, ""availability_share"": 1.0, ""feasible_t"": 6.544502617801047, ""gross_delivery_t"": 6.544502617801047, ""order_month"": ""2035-03"", ""planned_arrival_month"": ""2035-07"", ""requested_t"": 6.544502617801047, ""shipment_id"": ""S0049"", ""source_id"": ""B"", ""source_name"": ""Earth-Flex"", ""unfulfilled_request_t"": 0.0}, {""actual_arrival_month"": ""2035-08"", ""actual_delivery_share"": 1.0, ""availability_share"": 1.0, ""feasible_t"": 6.544502617801047, ""gross_delivery_t"": 6.544502617801047, ""order_month"": ""2035-04"", ""planned_arrival_month"": ""2035-08"", ""requested_t"": 6.544502617801047, ""shipment_id"": ""S0050"", ""source_id"": ""B"", ""source_name"": ""Earth-Flex"", ""unfulfilled_request_t"": 0.0}]","{""E"": 8.726003490401396}","{""E"": 8.726003490401396}",8.726003490401396,0.3926701570680628,8.333333333333334,8.333333333333334,0.0,56.415525114155265,6.666666666666667,1.666666666666667,0.0,0.0,48.08219178082194,BASE,70.0,0.045,[],2.8849315068493158,0.0,[]
2035-05,48.08219178082194,8.333333333333334,6.666666666666667,"{""A"": 160.7004048583996, ""B"": 52.35602094250838, ""C"": 0, ""D"": 0, ""E"": 34.90401396170559}","{""A"": 13.3917004048583, ""B"": 6.544502617801047}","[{""actual_arrival_month"": ""2036-01"", ""actual_delivery_share"": 1.0, ""availability_share"": 1.0, ""feasible_t"": 13.3917004048583, ""gross_delivery_t"": 13.3917004048583, ""order_month"": ""2035-01"", ""planned_arrival_month"": ""2036-01"", ""requested_t"": 13.3917004048583, ""shipment_id"": ""S0001"", ""source_id"": ""A"", ""source_name"": ""Earth-Core"", ""unfulfilled_request_t"": 0.0}, {""actual_arrival_month"": ""2036-02"", ""actual_delivery_share"": 1.0, ""availability_share"": 1.0, ""feasible_t"": 13.3917004048583, ""gross_delivery_t"": 13.3917004048583, ""order_month"": ""2035-02"", ""planned_arrival_month"": ""2036-02"", ""requested_t"": 13.3917004048583, ""shipment_id"": ""S0002"", ""source_id"": ""A"", ""source_name"": ""Earth-Core"", ""unfulfilled_request_t"": 0.0}, {""actual_arrival_month"": ""2036-03"", ""actual_delivery_share"": 1.0, ""availability_share"": 1.0, ""feasible_t"": 13.3917004048583, ""gross_delivery_t"": 13.3917004048583, ""order_month"": ""2035-03"", ""planned_arrival_month"": ""2036-03"", ""requested_t"": 13.3917004048583, ""shipment_id"": ""S0003"", ""source_id"": ""A"", ""source_name"": ""Earth-Core"", ""unfulfilled_request_t"": 0.0}, {""actual_arrival_month"": ""2036-04"", ""actual_delivery_share"": 1.0, ""availability_share"": 1.0, ""feasible_t"": 13.3917004048583, ""gross_delivery_t"": 13.3917004048583, ""order_month"": ""2035-04"", ""planned_arrival_month"": ""2036-04"", ""requested_t"": 13.3917004048583, ""shipment_id"": ""S0004"", ""source_id"": ""A"", ""source_name"": ""Earth-Core"", ""unfulfilled_request_t"": 0.0}, {""actual_arrival_month"": ""2036-05"", ""actual_delivery_share"": 1.0, ""availability_share"": 1.0, ""feasible_t"": 13.3917004048583, ""gross_delivery_t"": 13.3917004048583, ""order_month"": ""2035-05"", ""planned_arrival_month"": ""2036-05"", ""requested_t"": 13.3917004048583, ""shipment_id"": ""S0005"", ""source_id"": ""A"", ""source_name"": ""Earth-Core"", ""unfulfilled_request_t"": 0.0}, {""actual_arrival_month"": ""2035-06"", ""actual_delivery_share"": 1.0, ""availability_share"": 1.0, ""feasible_t"": 6.544502617801047, ""gross_delivery_t"": 6.544502617801047, ""order_month"": ""2035-02"", ""planned_arrival_month"": ""2035-06"", ""requested_t"": 6.544502617801047, ""shipment_id"": ""S0048"", ""source_id"": ""B"", ""source_name"": ""Earth-Flex"", ""unfulfilled_request_t"": 0.0}, {""actual_arrival_month"": ""2035-07"", ""actual_delivery_share"": 1.0, ""availability_share"": 1.0, ""feasible_t"": 6.544502617801047, ""gross_delivery_t"": 6.544502617801047, ""order_month"": ""2035-03"", ""planned_arrival_month"": ""2035-07"", ""requested_t"": 6.544502617801047, ""shipment_id"": ""S0049"", ""source_id"": ""B"", ""source_name"": ""Earth-Flex"", ""unfulfilled_request_t"": 0.0}, {""actual_arrival_month"": ""2035-08"", ""actual_delivery_share"": 1.0, ""availability_share"": 1.0, ""feasible_t"": 6.544502617801047, ""gross_delivery_t"": 6.544502617801047, ""order_month"": ""2035-04"", ""planned_arrival_month"": ""2035-08"", ""requested_t"": 6.544502617801047, ""shipment_id"": ""S0050"", ""source_id"": ""B"", ""source_name"": ""Earth-Flex"", ""unfulfilled_request_t"": 0.0}, {""actual_arrival_month"": ""2035-09"", ""actual_delivery_share"": 1.0, ""availability_share"": 1.0, ""feasible_t"": 6.544502617801047, ""gross_delivery_t"": 6.544502617801047, ""order_month"": ""2035-05"", ""planned_arrival_month"": ""2035-09"", ""requested_t"": 6.544502617801047, ""shipment_id"": ""S0051"", ""source_id"": ""B"", ""source_name"": ""Earth-Flex"", ""unfulfilled_request_t"": 0.0}]","{""B"": 6.544502617801047}","{""B"": 6.544502617801047}",6.544502617801047,0.29450261780104714,6.25,6.25,0.0,54.33219178082194,6.666666666666667,1.666666666666667,0.0,0.0,45.99885844748861,BASE,70.0,0.045,[],2.822431506849316,0.0,[]
2035-06,45.99885844748861,8.333333333333334,6.666666666666667,"{""A"": 160.7004048583996, ""B"": 52.35602094250838, ""C"": 0, ""D"": 0, ""E"": 34.90401396170559}","{""A"": 13.3917004048583, ""B"": 6.544502617801047}","[{""actual_arrival_month"": ""2036-01"", ""actual_delivery_share"": 1.0, ""availability_share"": 1.0, ""feasible_t"": 13.3917004048583, ""gross_delivery_t"": 13.3917004048583, ""order_month"": ""2035-01"", ""planned_arrival_month"": ""2036-01"", ""requested_t"": 13.3917004048583, ""shipment_id"": ""S0001"", ""source_id"": ""A"", ""source_name"": ""Earth-Core"", ""unfulfilled_request_t"": 0.0}, {""actual_arrival_month"": ""2036-02"", ""actual_delivery_share"": 1.0, ""availability_share"": 1.0, ""feasible_t"": 13.3917004048583, ""gross_delivery_t"": 13.3917004048583, ""order_month"": ""2035-02"", ""planned_arrival_month"": ""2036-02"", ""requested_t"": 13.3917004048583, ""shipment_id"": ""S0002"", ""source_id"": ""A"", ""source_name"": ""Earth-Core"", ""unfulfilled_request_t"": 0.0}, {""actual_arrival_month"": ""2036-03"", ""actual_delivery_share"": 1.0, ""availability_share"": 1.0, ""feasible_t"": 13.3917004048583, ""gross_delivery_t"": 13.3917004048583, ""order_month"": ""2035-03"", ""planned_arrival_month"": ""2036-03"", ""requested_t"": 13.3917004048583, ""shipment_id"": ""S0003"", ""source_id"": ""A"", ""source_name"": ""Earth-Core"", ""unfulfilled_request_t"": 0.0}, {""actual_arrival_month"": ""2036-04"", ""actual_delivery_share"": 1.0, ""availability_share"": 1.0, ""feasible_t"": 13.3917004048583, ""gross_delivery_t"": 13.3917004048583, ""order_month"": ""2035-04"", ""planned_arrival_month"": ""2036-04"", ""requested_t"": 13.3917004048583, ""shipment_id"": ""S0004"", ""source_id"": ""A"", ""source_name"": ""Earth-Core"", ""unfulfilled_request_t"": 0.0}, {""actual_arrival_month"": ""2036-05"", ""actual_delivery_share"": 1.0, ""availability_share"": 1.0, ""feasible_t"": 13.3917004048583, ""gross_delivery_t"": 13.3917004048583, ""order_month"": ""2035-05"", ""planned_arrival_month"": ""2036-05"", ""requested_t"": 13.3917004048583, ""shipment_id"": ""S0005"", ""source_id"": ""A"", ""source_name"": ""Earth-Core"", ""unfulfilled_request_t"": 0.0}, {""actual_arrival_month"": ""2036-06"", ""actual_delivery_share"": 1.0, ""availability_share"": 1.0, ""feasible_t"": 13.3917004048583, ""gross_delivery_t"": 13.3917004048583, ""order_month"": ""2035-06"", ""planned_arrival_month"": ""2036-06"", ""requested_t"": 13.3917004048583, ""shipment_id"": ""S0006"", ""source_id"": ""A"", ""source_name"": ""Earth-Core"", ""unfulfilled_request_t"": 0.0}, {""actual_arrival_month"": ""2035-07"", ""actual_delivery_share"": 1.0, ""availability_share"": 1.0, ""feasible_t"": 6.544502617801047, ""gross_delivery_t"": 6.544502617801047, ""order_month"": ""2035-03"", ""planned_arrival_month"": ""2035-07"", ""requested_t"": 6.544502617801047, ""shipment_id"": ""S0049"", ""source_id"": ""B"", ""source_name"": ""Earth-Flex"", ""unfulfilled_request_t"": 0.0}, {""actual_arrival_month"": ""2035-08"", ""actual_delivery_share"": 1.0, ""availability_share"": 1.0, ""feasible_t"": 6.544502617801047, ""gross_delivery_t"": 6.544502617801047, ""order_month"": ""2035-04"", ""planned_arrival_month"": ""2035-08"", ""requested_t"": 6.544502617801047, ""shipment_id"": ""S0050"", ""source_id"": ""B"", ""source_name"": ""Earth-Flex"", ""unfulfilled_request_t"": 0.0}, {""actual_arrival_month"": ""2035-09"", ""actual_delivery_share"": 1.0, ""availability_share"": 1.0, ""feasible_t"": 6.544502617801047, ""gross_delivery_t"": 6.544502617801047, ""order_month"": ""2035-05"", ""planned_arrival_month"": ""2035-09"", ""requested_t"": 6.544502617801047, ""shipment_id"": ""S0051"", ""source_id"": ""B"", ""source_name"": ""Earth-Flex"", ""unfulfilled_request_t"": 0.0}, {""actual_arrival_month"": ""2035-10"", ""actual_delivery_share"": 1.0, ""availability_share"": 1.0, ""feasible_t"": 6.544502617801047, ""gross_delivery_t"": 6.544502617801047, ""order_month"": ""2035-06"", ""planned_arrival_month"": ""2035-10"", ""requested_t"": 6.544502617801047, ""shipment_id"": ""S0052"", ""source_id"": ""B"", ""source_name"": ""Earth-Flex"", ""unfulfilled_request_t"": 0.0}]","{""B"": 6.544502617801047}","{""B"": 6.544502617801047}",6.544502617801047,0.29450261780104714,6.25,6.25,0.0,52.24885844748861,6.666666666666667,1.666666666666667,0.0,0.0,43.91552511415528,BASE,70.0,0.045,[],2.6974315068493167,0.0,[]
2035-07,43.91552511415528,8.333333333333334,6.666666666666667,"{""A"": 160.7004048583996, ""B"": 52.35602094250838, ""C"": 0, ""D"": 0, ""E"": 34.90401396170559}","{""A"": 13.3917004048583, ""B"": 6.544502617801047}","[{""actual_arrival_month"": ""2036-01"", ""actual_delivery_share"": 1.0, ""availability_share"": 1.0, ""feasible_t"": 13.3917004048583, ""gross_delivery_t"": 13.3917004048583, ""order_month"": ""2035-01"", ""planned_arrival_month"": ""2036-01"", ""requested_t"": 13.3917004048583, ""shipment_id"": ""S0001"", ""source_id"": ""A"", ""source_name"": ""Earth-Core"", ""unfulfilled_request_t"": 0.0}, {""actual_arrival_month"": ""2036-02"", ""actual_delivery_share"": 1.0, ""availability_share"": 1.0, ""feasible_t"": 13.3917004048583, ""gross_delivery_t"": 13.3917004048583, ""order_month"": ""2035-02"", ""planned_arrival_month"": ""2036-02"", ""requested_t"": 13.3917004048583, ""shipment_id"": ""S0002"", ""source_id"": ""A"", ""source_name"": ""Earth-Core"", ""unfulfilled_request_t"": 0.0}, {""actual_arrival_month"": ""2036-03"", ""actual_delivery_share"": 1.0, ""availability_share"": 1.0, ""feasible_t"": 13.3917004048583, ""gross_delivery_t"": 13.3917004048583, ""order_month"": ""2035-03"", ""planned_arrival_month"": ""2036-03"", ""requested_t"": 13.3917004048583, ""shipment_id"": ""S0003"", ""source_id"": ""A"", ""source_name"": ""Earth-Core"", ""unfulfilled_request_t"": 0.0}, {""actual_arrival_month"": ""2036-04"", ""actual_delivery_share"": 1.0, ""availability_share"": 1.0, ""feasible_t"": 13.3917004048583, ""gross_delivery_t"": 13.3917004048583, ""order_month"": ""2035-04"", ""planned_arrival_month"": ""2036-04"", ""requested_t"": 13.3917004048583, ""shipment_id"": ""S0004"", ""source_id"": ""A"", ""source_name"": ""Earth-Core"", ""unfulfilled_request_t"": 0.0}, {""actual_arrival_month"": ""2036-05"", ""actual_delivery_share"": 1.0, ""availability_share"": 1.0, ""feasible_t"": 13.3917004048583, ""gross_delivery_t"": 13.3917004048583, ""order_month"": ""2035-05"", ""planned_arrival_month"": ""2036-05"", ""requested_t"": 13.3917004048583, ""shipment_id"": ""S0005"", ""source_id"": ""A"", ""source_name"": ""Earth-Core"", ""unfulfilled_request_t"": 0.0}, {""actual_arrival_month"": ""2036-06"", ""actual_delivery_share"": 1.0, ""availability_share"": 1.0, ""feasible_t"": 13.3917004048583, ""gross_delivery_t"": 13.3917004048583, ""order_month"": ""2035-06"", ""planned_arrival_month"": ""2036-06"", ""requested_t"": 13.3917004048583, ""shipment_id"": ""S0006"", ""source_id"": ""A"", ""source_name"": ""Earth-Core"", ""unfulfilled_request_t"": 0.0}, {""actual_arrival_month"": ""2036-07"", ""actual_delivery_share"": 1.0, ""availability_share"": 1.0, ""feasible_t"": 13.3917004048583, ""gross_delivery_t"": 13.3917004048583, ""order_month"": ""2035-07"", ""planned_arrival_month"": ""2036-07"", ""requested_t"": 13.3917004048583, ""shipment_id"": ""S0007"", ""source_id"": ""A"", ""source_name"": ""Earth-Core"", ""unfulfilled_request_t"": 0.0}, {""actual_arrival_month"": ""2035-08"", ""actual_delivery_share"": 1.0, ""availability_share"": 1.0, ""feasible_t"": 6.544502617801047, ""gross_delivery_t"": 6.544502617801047, ""order_month"": ""2035-04"", ""planned_arrival_month"": ""2035-08"", ""requested_t"": 6.544502617801047, ""shipment_id"": ""S0050"", ""source_id"": ""B"", ""source_name"": ""Earth-Flex"", ""unfulfilled_request_t"": 0.0}, {""actual_arrival_month"": ""2035-09"", ""actual_delivery_share"": 1.0, ""availability_share"": 1.0, ""feasible_t"": 6.544502617801047, ""gross_delivery_t"": 6.544502617801047, ""order_month"": ""2035-05"", ""planned_arrival_month"": ""2035-09"", ""requested_t"": 6.544502617801047, ""shipment_id"": ""S0051"", ""source_id"": ""B"", ""source_name"": ""Earth-Flex"", ""unfulfilled_request_t"": 0.0}, {""actual_arrival_month"": ""2035-10"", ""actual_delivery_share"": 1.0, ""availability_share"": 1.0, ""feasible_t"": 6.544502617801047, ""gross_delivery_t"": 6.544502617801047, ""order_month"": ""2035-06"", ""planned_arrival_month"": ""2035-10"", ""requested_t"": 6.544502617801047, ""shipment_id"": ""S0052"", ""source_id"": ""B"", ""source_name"": ""Earth-Flex"", ""unfulfilled_request_t"": 0.0}, {""actual_arrival_month"": ""2035-11"", ""actual_delivery_share"": 1.0, ""availability_share"": 1.0, ""feasible_t"": 6.544502617801047, ""gross_delivery_t"": 6.544502617801047, ""order_month"": ""2035-07"", ""planned_arrival_month"": ""2035-11"", ""requested_t"": 6.544502617801047, ""shipment_id"": ""S0053"", ""source_id"": ""B"", ""source_name"": ""Earth-Flex"", ""unfulfilled_request_t"": 0.0}]","{""B"": 6.544502617801047}","{""B"": 6.544502617801047}",6.544502617801047,0.29450261780104714,6.25,6.25,0.0,50.16552511415528,6.666666666666667,1.666666666666667,0.0,0.0,41.83219178082195,BASE,70.0,0.045,[],2.5724315068493167,0.0,[]
2035-08,41.83219178082195,8.333333333333334,6.666666666666667,"{""A"": 160.7004048583996, ""B"": 52.35602094250838, ""C"": 0, ""D"": 0, ""E"": 34.90401396170559}","{""A"": 13.3917004048583, ""B"": 6.544502617801047}","[{""actual_arrival_month"": ""2036-01"", ""actual_delivery_share"": 1.0, ""availability_share"": 1.0, ""feasible_t"": 13.3917004048583, ""gross_delivery_t"": 13.3917004048583, ""order_month"": ""2035-01"", ""planned_arrival_month"": ""2036-01"", ""requested_t"": 13.3917004048583, ""shipment_id"": ""S0001"", ""source_id"": ""A"", ""source_name"": ""Earth-Core"", ""unfulfilled_request_t"": 0.0}, {""actual_arrival_month"": ""2036-02"", ""actual_delivery_share"": 1.0, ""availability_share"": 1.0, ""feasible_t"": 13.3917004048583, ""gross_delivery_t"": 13.3917004048583, ""order_month"": ""2035-02"", ""planned_arrival_month"": ""2036-02"", ""requested_t"": 13.3917004048583, ""shipment_id"": ""S0002"", ""source_id"": ""A"", ""source_name"": ""Earth-Core"", ""unfulfilled_request_t"": 0.0}, {""actual_arrival_month"": ""2036-03"", ""actual_delivery_share"": 1.0, ""availability_share"": 1.0, ""feasible_t"": 13.3917004048583, ""gross_delivery_t"": 13.3917004048583, ""order_month"": ""2035-03"", ""planned_arrival_month"": ""2036-03"", ""requested_t"": 13.3917004048583, ""shipment_id"": ""S0003"", ""source_id"": ""A"", ""source_name"": ""Earth-Core"", ""unfulfilled_request_t"": 0.0}, {""actual_arrival_month"": ""2036-04"", ""actual_delivery_share"": 1.0, ""availability_share"": 1.0, ""feasible_t"": 13.3917004048583, ""gross_delivery_t"": 13.3917004048583, ""order_month"": ""2035-04"", ""planned_arrival_month"": ""2036-04"", ""requested_t"": 13.3917004048583, ""shipment_id"": ""S0004"", ""source_id"": ""A"", ""source_name"": ""Earth-Core"", ""unfulfilled_request_t"": 0.0}, {""actual_arrival_month"": ""2036-05"", ""actual_delivery_share"": 1.0, ""availability_share"": 1.0, ""feasible_t"": 13.3917004048583, ""gross_delivery_t"": 13.3917004048583, ""order_month"": ""2035-05"", ""planned_arrival_month"": ""2036-05"", ""requested_t"": 13.3917004048583, ""shipment_id"": ""S0005"", ""source_id"": ""A"", ""source_name"": ""Earth-Core"", ""unfulfilled_request_t"": 0.0}, {""actual_arrival_month"": ""2036-06"", ""actual_delivery_share"": 1.0, ""availability_share"": 1.0, ""feasible_t"": 13.3917004048583, ""gross_delivery_t"": 13.3917004048583, ""order_month"": ""2035-06"", ""planned_arrival_month"": ""2036-06"", ""requested_t"": 13.3917004048583, ""shipment_id"": ""S0006"", ""source_id"": ""A"", ""source_name"": ""Earth-Core"", ""unfulfilled_request_t"": 0.0}, {""actual_arrival_month"": ""2036-07"", ""actual_delivery_share"": 1.0, ""availability_share"": 1.0, ""feasible_t"": 13.3917004048583, ""gross_delivery_t"": 13.3917004048583, ""order_month"": ""2035-07"", ""planned_arrival_month"": ""2036-07"", ""requested_t"": 13.3917004048583, ""shipment_id"": ""S0007"", ""source_id"": ""A"", ""source_name"": ""Earth-Core"", ""unfulfilled_request_t"": 0.0}, {""actual_arrival_month"": ""2036-08"", ""actual_delivery_share"": 1.0, ""availability_share"": 1.0, ""feasible_t"": 13.3917004048583, ""gross_delivery_t"": 13.3917004048583, ""order_month"": ""2035-08"", ""planned_arrival_month"": ""2036-08"", ""requested_t"": 13.3917004048583, ""shipment_id"": ""S0008"", ""source_id"": ""A"", ""source_name"": ""Earth-Core"", ""unfulfilled_request_t"": 0.0}, {""actual_arrival_month"": ""2035-09"", ""actual_delivery_share"": 1.0, ""availability_share"": 1.0, ""feasible_t"": 6.544502617801047, ""gross_delivery_t"": 6.544502617801047, ""order_month"": ""2035-05"", ""planned_arrival_month"": ""2035-09"", ""requested_t"": 6.544502617801047, ""shipment_id"": ""S0051"", ""source_id"": ""B"", ""source_name"": ""Earth-Flex"", ""unfulfilled_request_t"": 0.0}, {""actual_arrival_month"": ""2035-10"", ""actual_delivery_share"": 1.0, ""availability_share"": 1.0, ""feasible_t"": 6.544502617801047, ""gross_delivery_t"": 6.544502617801047, ""order_month"": ""2035-06"", ""planned_arrival_month"": ""2035-10"", ""requested_t"": 6.544502617801047, ""shipment_id"": ""S0052"", ""source_id"": ""B"", ""source_name"": ""Earth-Flex"", ""unfulfilled_request_t"": 0.0}, {""actual_arrival_month"": ""2035-11"", ""actual_delivery_share"": 1.0, ""availability_share"": 1.0, ""feasible_t"": 6.544502617801047, ""gross_delivery_t"": 6.544502617801047, ""order_month"": ""2035-07"", ""planned_arrival_month"": ""2035-11"", ""requested_t"": 6.544502617801047, ""shipment_id"": ""S0053"", ""source_id"": ""B"", ""source_name"": ""Earth-Flex"", ""unfulfilled_request_t"": 0.0}, {""actual_arrival_month"": ""2035-12"", ""actual_delivery_share"": 1.0, ""availability_share"": 1.0, ""feasible_t"": 6.544502617801047, ""gross_delivery_t"": 6.544502617801047, ""order_month"": ""2035-08"", ""planned_arrival_month"": ""2035-12"", ""requested_t"": 6.544502617801047, ""shipment_id"": ""S0054"", ""source_id"": ""B"", ""source_name"": ""Earth-Flex"", ""unfulfilled_request_t"": 0.0}]","{""B"": 6.544502617801047}","{""B"": 6.544502617801047}",6.544502617801047,0.29450261780104714,6.25,6.25,0.0,48.08219178082195,6.666666666666667,1.666666666666667,0.0,0.0,39.74885844748862,BASE,70.0,0.045,[],2.447431506849317,0.0,[]
2035-09,39.74885844748862,8.333333333333334,6.666666666666667,"{""A"": 160.7004048583996, ""B"": 52.35602094250838, ""C"": 0, ""D"": 0, ""E"": 34.90401396170559}","{""A"": 13.3917004048583}","[{""actual_arrival_month"": ""2036-01"", ""actual_delivery_share"": 1.0, ""availability_share"": 1.0, ""feasible_t"": 13.3917004048583, ""gross_delivery_t"": 13.3917004048583, ""order_month"": ""2035-01"", ""planned_arrival_month"": ""2036-01"", ""requested_t"": 13.3917004048583, ""shipment_id"": ""S0001"", ""source_id"": ""A"", ""source_name"": ""Earth-Core"", ""unfulfilled_request_t"": 0.0}, {""actual_arrival_month"": ""2036-02"", ""actual_delivery_share"": 1.0, ""availability_share"": 1.0, ""feasible_t"": 13.3917004048583, ""gross_delivery_t"": 13.3917004048583, ""order_month"": ""2035-02"", ""planned_arrival_month"": ""2036-02"", ""requested_t"": 13.3917004048583, ""shipment_id"": ""S0002"", ""source_id"": ""A"", ""source_name"": ""Earth-Core"", ""unfulfilled_request_t"": 0.0}, {""actual_arrival_month"": ""2036-03"", ""actual_delivery_share"": 1.0, ""availability_share"": 1.0, ""feasible_t"": 13.3917004048583, ""gross_delivery_t"": 13.3917004048583, ""order_month"": ""2035-03"", ""planned_arrival_month"": ""2036-03"", ""requested_t"": 13.3917004048583, ""shipment_id"": ""S0003"", ""source_id"": ""A"", ""source_name"": ""Earth-Core"", ""unfulfilled_request_t"": 0.0}, {""actual_arrival_month"": ""2036-04"", ""actual_delivery_share"": 1.0, ""availability_share"": 1.0, ""feasible_t"": 13.3917004048583, ""gross_delivery_t"": 13.3917004048583, ""order_month"": ""2035-04"", ""planned_arrival_month"": ""2036-04"", ""requested_t"": 13.3917004048583, ""shipment_id"": ""S0004"", ""source_id"": ""A"", ""source_name"": ""Earth-Core"", ""unfulfilled_request_t"": 0.0}, {""actual_arrival_month"": ""2036-05"", ""actual_delivery_share"": 1.0, ""availability_share"": 1.0, ""feasible_t"": 13.3917004048583, ""gross_delivery_t"": 13.3917004048583, ""order_month"": ""2035-05"", ""planned_arrival_month"": ""2036-05"", ""requested_t"": 13.3917004048583, ""shipment_id"": ""S0005"", ""source_id"": ""A"", ""source_name"": ""Earth-Core"", ""unfulfilled_request_t"": 0.0}, {""actual_arrival_month"": ""2036-06"", ""actual_delivery_share"": 1.0, ""availability_share"": 1.0, ""feasible_t"": 13.3917004048583, ""gross_delivery_t"": 13.3917004048583, ""order_month"": ""2035-06"", ""planned_arrival_month"": ""2036-06"", ""requested_t"": 13.3917004048583, ""shipment_id"": ""S0006"", ""source_id"": ""A"", ""source_name"": ""Earth-Core"", ""unfulfilled_request_t"": 0.0}, {""actual_arrival_month"": ""2036-07"", ""actual_delivery_share"": 1.0, ""availability_share"": 1.0, ""feasible_t"": 13.3917004048583, ""gross_delivery_t"": 13.3917004048583, ""order_month"": ""2035-07"", ""planned_arrival_month"": ""2036-07"", ""requested_t"": 13.3917004048583, ""shipment_id"": ""S0007"", ""source_id"": ""A"", ""source_name"": ""Earth-Core"", ""unfulfilled_request_t"": 0.0}, {""actual_arrival_month"": ""2036-08"", ""actual_delivery_share"": 1.0, ""availability_share"": 1.0, ""feasible_t"": 13.3917004048583, ""gross_delivery_t"": 13.3917004048583, ""order_month"": ""2035-08"", ""planned_arrival_month"": ""2036-08"", ""requested_t"": 13.3917004048583, ""shipment_id"": ""S0008"", ""source_id"": ""A"", ""source_name"": ""Earth-Core"", ""unfulfilled_request_t"": 0.0}, {""actual_arrival_month"": ""2036-09"", ""actual_delivery_share"": 1.0, ""availability_share"": 1.0, ""feasible_t"": 13.3917004048583, ""gross_delivery_t"": 13.3917004048583, ""order_month"": ""2035-09"", ""planned_arrival_month"": ""2036-09"", ""requested_t"": 13.3917004048583, ""shipment_id"": ""S0009"", ""source_id"": ""A"", ""source_name"": ""Earth-Core"", ""unfulfilled_request_t"": 0.0}, {""actual_arrival_month"": ""2035-10"", ""actual_delivery_share"": 1.0, ""availability_share"": 1.0, ""feasible_t"": 6.544502617801047, ""gross_delivery_t"": 6.544502617801047, ""order_month"": ""2035-06"", ""planned_arrival_month"": ""2035-10"", ""requested_t"": 6.544502617801047, ""shipment_id"": ""S0052"", ""source_id"": ""B"", ""source_name"": ""Earth-Flex"", ""unfulfilled_request_t"": 0.0}, {""actual_arrival_month"": ""2035-11"", ""actual_delivery_share"": 1.0, ""availability_share"": 1.0, ""feasible_t"": 6.544502617801047, ""gross_delivery_t"": 6.544502617801047, ""order_month"": ""2035-07"", ""planned_arrival_month"": ""2035-11"", ""requested_t"": 6.544502617801047, ""shipment_id"": ""S0053"", ""source_id"": ""B"", ""source_name"": ""Earth-Flex"", ""unfulfilled_request_t"": 0.0}, {""actual_arrival_month"": ""2035-12"", ""actual_delivery_share"": 1.0, ""availability_share"": 1.0, ""feasible_t"": 6.544502617801047, ""gross_delivery_t"": 6.544502617801047, ""order_month"": ""2035-08"", ""planned_arrival_month"": ""2035-12"", ""requested_t"": 6.544502617801047, ""shipment_id"": ""S0054"", ""source_id"": ""B"", ""source_name"": ""Earth-Flex"", ""unfulfilled_request_t"": 0.0}]","{""B"": 6.544502617801047}","{""B"": 6.544502617801047}",6.544502617801047,0.29450261780104714,6.25,6.25,0.0,45.99885844748862,6.666666666666667,1.666666666666667,0.0,0.0,37.665525114155294,BASE,70.0,0.045,[],2.3224315068493175,0.0,[]
2035-10,37.665525114155294,8.333333333333334,6.666666666666667,"{""A"": 160.7004048583996, ""B"": 52.35602094250838, ""C"": 0, ""D"": 0, ""E"": 34.90401396170559}","{""A"": 13.3917004048583}","[{""actual_arrival_month"": ""2036-01"", ""actual_delivery_share"": 1.0, ""availability_share"": 1.0, ""feasible_t"": 13.3917004048583, ""gross_delivery_t"": 13.3917004048583, ""order_month"": ""2035-01"", ""planned_arrival_month"": ""2036-01"", ""requested_t"": 13.3917004048583, ""shipment_id"": ""S0001"", ""source_id"": ""A"", ""source_name"": ""Earth-Core"", ""unfulfilled_request_t"": 0.0}, {""actual_arrival_month"": ""2036-02"", ""actual_delivery_share"": 1.0, ""availability_share"": 1.0, ""feasible_t"": 13.3917004048583, ""gross_delivery_t"": 13.3917004048583, ""order_month"": ""2035-02"", ""planned_arrival_month"": ""2036-02"", ""requested_t"": 13.3917004048583, ""shipment_id"": ""S0002"", ""source_id"": ""A"", ""source_name"": ""Earth-Core"", ""unfulfilled_request_t"": 0.0}, {""actual_arrival_month"": ""2036-03"", ""actual_delivery_share"": 1.0, ""availability_share"": 1.0, ""feasible_t"": 13.3917004048583, ""gross_delivery_t"": 13.3917004048583, ""order_month"": ""2035-03"", ""planned_arrival_month"": ""2036-03"", ""requested_t"": 13.3917004048583, ""shipment_id"": ""S0003"", ""source_id"": ""A"", ""source_name"": ""Earth-Core"", ""unfulfilled_request_t"": 0.0}, {""actual_arrival_month"": ""2036-04"", ""actual_delivery_share"": 1.0, ""availability_share"": 1.0, ""feasible_t"": 13.3917004048583, ""gross_delivery_t"": 13.3917004048583, ""order_month"": ""2035-04"", ""planned_arrival_month"": ""2036-04"", ""requested_t"": 13.3917004048583, ""shipment_id"": ""S0004"", ""source_id"": ""A"", ""source_name"": ""Earth-Core"", ""unfulfilled_request_t"": 0.0}, {""actual_arrival_month"": ""2036-05"", ""actual_delivery_share"": 1.0, ""availability_share"": 1.0, ""feasible_t"": 13.3917004048583, ""gross_delivery_t"": 13.3917004048583, ""order_month"": ""2035-05"", ""planned_arrival_month"": ""2036-05"", ""requested_t"": 13.3917004048583, ""shipment_id"": ""S0005"", ""source_id"": ""A"", ""source_name"": ""Earth-Core"", ""unfulfilled_request_t"": 0.0}, {""actual_arrival_month"": ""2036-06"", ""actual_delivery_share"": 1.0, ""availability_share"": 1.0, ""feasible_t"": 13.3917004048583, ""gross_delivery_t"": 13.3917004048583, ""order_month"": ""2035-06"", ""planned_arrival_month"": ""2036-06"", ""requested_t"": 13.3917004048583, ""shipment_id"": ""S0006"", ""source_id"": ""A"", ""source_name"": ""Earth-Core"", ""unfulfilled_request_t"": 0.0}, {""actual_arrival_month"": ""2036-07"", ""actual_delivery_share"": 1.0, ""availability_share"": 1.0, ""feasible_t"": 13.3917004048583, ""gross_delivery_t"": 13.3917004048583, ""order_month"": ""2035-07"", ""planned_arrival_month"": ""2036-07"", ""requested_t"": 13.3917004048583, ""shipment_id"": ""S0007"", ""source_id"": ""A"", ""source_name"": ""Earth-Core"", ""unfulfilled_request_t"": 0.0}, {""actual_arrival_month"": ""2036-08"", ""actual_delivery_share"": 1.0, ""availability_share"": 1.0, ""feasible_t"": 13.3917004048583, ""gross_delivery_t"": 13.3917004048583, ""order_month"": ""2035-08"", ""planned_arrival_month"": ""2036-08"", ""requested_t"": 13.3917004048583, ""shipment_id"": ""S0008"", ""source_id"": ""A"", ""source_name"": ""Earth-Core"", ""unfulfilled_request_t"": 0.0}, {""actual_arrival_month"": ""2036-09"", ""actual_delivery_share"": 1.0, ""availability_share"": 1.0, ""feasible_t"": 13.3917004048583, ""gross_delivery_t"": 13.3917004048583, ""order_month"": ""2035-09"", ""planned_arrival_month"": ""2036-09"", ""requested_t"": 13.3917004048583, ""shipment_id"": ""S0009"", ""source_id"": ""A"", ""source_name"": ""Earth-Core"", ""unfulfilled_request_t"": 0.0}, {""actual_arrival_month"": ""2036-10"", ""actual_delivery_share"": 1.0, ""availability_share"": 1.0, ""feasible_t"": 13.3917004048583, ""gross_delivery_t"": 13.3917004048583, ""order_month"": ""2035-10"", ""planned_arrival_month"": ""2036-10"", ""requested_t"": 13.3917004048583, ""shipment_id"": ""S0010"", ""source_id"": ""A"", ""source_name"": ""Earth-Core"", ""unfulfilled_request_t"": 0.0}, {""actual_arrival_month"": ""2035-11"", ""actual_delivery_share"": 1.0, ""availability_share"": 1.0, ""feasible_t"": 6.544502617801047, ""gross_delivery_t"": 6.544502617801047, ""order_month"": ""2035-07"", ""planned_arrival_month"": ""2035-11"", ""requested_t"": 6.544502617801047, ""shipment_id"": ""S0053"", ""source_id"": ""B"", ""source_name"": ""Earth-Flex"", ""unfulfilled_request_t"": 0.0}, {""actual_arrival_month"": ""2035-12"", ""actual_delivery_share"": 1.0, ""availability_share"": 1.0, ""feasible_t"": 6.544502617801047, ""gross_delivery_t"": 6.544502617801047, ""order_month"": ""2035-08"", ""planned_arrival_month"": ""2035-12"", ""requested_t"": 6.544502617801047, ""shipment_id"": ""S0054"", ""source_id"": ""B"", ""source_name"": ""Earth-Flex"", ""unfulfilled_request_t"": 0.0}]","{""B"": 6.544502617801047}","{""B"": 6.544502617801047}",6.544502617801047,0.29450261780104714,6.25,6.25,0.0,43.915525114155294,6.666666666666667,1.666666666666667,0.0,0.0,35.582191780821965,BASE,70.0,0.045,[],2.1974315068493175,0.0,[]
2035-11,35.582191780821965,8.333333333333334,6.666666666666667,"{""A"": 160.7004048583996, ""B"": 52.35602094250838, ""C"": 0, ""D"": 0, ""E"": 34.90401396170559}","{""A"": 13.3917004048583}","[{""actual_arrival_month"": ""2036-01"", ""actual_delivery_share"": 1.0, ""availability_share"": 1.0, ""feasible_t"": 13.3917004048583, ""gross_delivery_t"": 13.3917004048583, ""order_month"": ""2035-01"", ""planned_arrival_month"": ""2036-01"", ""requested_t"": 13.3917004048583, ""shipment_id"": ""S0001"", ""source_id"": ""A"", ""source_name"": ""Earth-Core"", ""unfulfilled_request_t"": 0.0}, {""actual_arrival_month"": ""2036-02"", ""actual_delivery_share"": 1.0, ""availability_share"": 1.0, ""feasible_t"": 13.3917004048583, ""gross_delivery_t"": 13.3917004048583, ""order_month"": ""2035-02"", ""planned_arrival_month"": ""2036-02"", ""requested_t"": 13.3917004048583, ""shipment_id"": ""S0002"", ""source_id"": ""A"", ""source_name"": ""Earth-Core"", ""unfulfilled_request_t"": 0.0}, {""actual_arrival_month"": ""2036-03"", ""actual_delivery_share"": 1.0, ""availability_share"": 1.0, ""feasible_t"": 13.3917004048583, ""gross_delivery_t"": 13.3917004048583, ""order_month"": ""2035-03"", ""planned_arrival_month"": ""2036-03"", ""requested_t"": 13.3917004048583, ""shipment_id"": ""S0003"", ""source_id"": ""A"", ""source_name"": ""Earth-Core"", ""unfulfilled_request_t"": 0.0}, {""actual_arrival_month"": ""2036-04"", ""actual_delivery_share"": 1.0, ""availability_share"": 1.0, ""feasible_t"": 13.3917004048583, ""gross_delivery_t"": 13.3917004048583, ""order_month"": ""2035-04"", ""planned_arrival_month"": ""2036-04"", ""requested_t"": 13.3917004048583, ""shipment_id"": ""S0004"", ""source_id"": ""A"", ""source_name"": ""Earth-Core"", ""unfulfilled_request_t"": 0.0}, {""actual_arrival_month"": ""2036-05"", ""actual_delivery_share"": 1.0, ""availability_share"": 1.0, ""feasible_t"": 13.3917004048583, ""gross_delivery_t"": 13.3917004048583, ""order_month"": ""2035-05"", ""planned_arrival_month"": ""2036-05"", ""requested_t"": 13.3917004048583, ""shipment_id"": ""S0005"", ""source_id"": ""A"", ""source_name"": ""Earth-Core"", ""unfulfilled_request_t"": 0.0}, {""actual_arrival_month"": ""2036-06"", ""actual_delivery_share"": 1.0, ""availability_share"": 1.0, ""feasible_t"": 13.3917004048583, ""gross_delivery_t"": 13.3917004048583, ""order_month"": ""2035-06"", ""planned_arrival_month"": ""2036-06"", ""requested_t"": 13.3917004048583, ""shipment_id"": ""S0006"", ""source_id"": ""A"", ""source_name"": ""Earth-Core"", ""unfulfilled_request_t"": 0.0}, {""actual_arrival_month"": ""2036-07"", ""actual_delivery_share"": 1.0, ""availability_share"": 1.0, ""feasible_t"": 13.3917004048583, ""gross_delivery_t"": 13.3917004048583, ""order_month"": ""2035-07"", ""planned_arrival_month"": ""2036-07"", ""requested_t"": 13.3917004048583, ""shipment_id"": ""S0007"", ""source_id"": ""A"", ""source_name"": ""Earth-Core"", ""unfulfilled_request_t"": 0.0}, {""actual_arrival_month"": ""2036-08"", ""actual_delivery_share"": 1.0, ""availability_share"": 1.0, ""feasible_t"": 13.3917004048583, ""gross_delivery_t"": 13.3917004048583, ""order_month"": ""2035-08"", ""planned_arrival_month"": ""2036-08"", ""requested_t"": 13.3917004048583, ""shipment_id"": ""S0008"", ""source_id"": ""A"", ""source_name"": ""Earth-Core"", ""unfulfilled_request_t"": 0.0}, {""actual_arrival_month"": ""2036-09"", ""actual_delivery_share"": 1.0, ""availability_share"": 1.0, ""feasible_t"": 13.3917004048583, ""gross_delivery_t"": 13.3917004048583, ""order_month"": ""2035-09"", ""planned_arrival_month"": ""2036-09"", ""requested_t"": 13.3917004048583, ""shipment_id"": ""S0009"", ""source_id"": ""A"", ""source_name"": ""Earth-Core"", ""unfulfilled_request_t"": 0.0}, {""actual_arrival_month"": ""2036-10"", ""actual_delivery_share"": 1.0, ""availability_share"": 1.0, ""feasible_t"": 13.3917004048583, ""gross_delivery_t"": 13.3917004048583, ""order_month"": ""2035-10"", ""planned_arrival_month"": ""2036-10"", ""requested_t"": 13.3917004048583, ""shipment_id"": ""S0010"", ""source_id"": ""A"", ""source_name"": ""Earth-Core"", ""unfulfilled_request_t"": 0.0}, {""actual_arrival_month"": ""2036-11"", ""actual_delivery_share"": 1.0, ""availability_share"": 1.0, ""feasible_t"": 13.3917004048583, ""gross_delivery_t"": 13.3917004048583, ""order_month"": ""2035-11"", ""planned_arrival_month"": ""2036-11"", ""requested_t"": 13.3917004048583, ""shipment_id"": ""S0011"", ""source_id"": ""A"", ""source_name"": ""Earth-Core"", ""unfulfilled_request_t"": 0.0}, {""actual_arrival_month"": ""2035-12"", ""actual_delivery_share"": 1.0, ""availability_share"": 1.0, ""feasible_t"": 6.544502617801047, ""gross_delivery_t"": 6.544502617801047, ""order_month"": ""2035-08"", ""planned_arrival_month"": ""2035-12"", ""requested_t"": 6.544502617801047, ""shipment_id"": ""S0054"", ""source_id"": ""B"", ""source_name"": ""Earth-Flex"", ""unfulfilled_request_t"": 0.0}]","{""B"": 6.544502617801047}","{""B"": 6.544502617801047}",6.544502617801047,0.29450261780104714,6.25,6.25,0.0,41.832191780821965,6.666666666666667,1.666666666666667,0.0,0.0,33.49885844748864,BASE,70.0,0.045,[],2.072431506849318,0.0,[]
2035-12,33.49885844748864,8.333333333333334,6.666666666666667,"{""A"": 160.7004048583996, ""B"": 52.35602094250838, ""C"": 0, ""D"": 0, ""E"": 34.90401396170559}","{""A"": 13.3917004048583}","[{""actual_arrival_month"": ""2036-01"", ""actual_delivery_share"": 1.0, ""availability_share"": 1.0, ""feasible_t"": 13.3917004048583, ""gross_delivery_t"": 13.3917004048583, ""order_month"": ""2035-01"", ""planned_arrival_month"": ""2036-01"", ""requested_t"": 13.3917004048583, ""shipment_id"": ""S0001"", ""source_id"": ""A"", ""source_name"": ""Earth-Core"", ""unfulfilled_request_t"": 0.0}, {""actual_arrival_month"": ""2036-02"", ""actual_delivery_share"": 1.0, ""availability_share"": 1.0, ""feasible_t"": 13.3917004048583, ""gross_delivery_t"": 13.3917004048583, ""order_month"": ""2035-02"", ""planned_arrival_month"": ""2036-02"", ""requested_t"": 13.3917004048583, ""shipment_id"": ""S0002"", ""source_id"": ""A"", ""source_name"": ""Earth-Core"", ""unfulfilled_request_t"": 0.0}, {""actual_arrival_month"": ""2036-03"", ""actual_delivery_share"": 1.0, ""availability_share"": 1.0, ""feasible_t"": 13.3917004048583, ""gross_delivery_t"": 13.3917004048583, ""order_month"": ""2035-03"", ""planned_arrival_month"": ""2036-03"", ""requested_t"": 13.3917004048583, ""shipment_id"": ""S0003"", ""source_id"": ""A"", ""source_name"": ""Earth-Core"", ""unfulfilled_request_t"": 0.0}, {""actual_arrival_month"": ""2036-04"", ""actual_delivery_share"": 1.0, ""availability_share"": 1.0, ""feasible_t"": 13.3917004048583, ""gross_delivery_t"": 13.3917004048583, ""order_month"": ""2035-04"", ""planned_arrival_month"": ""2036-04"", ""requested_t"": 13.3917004048583, ""shipment_id"": ""S0004"", ""source_id"": ""A"", ""source_name"": ""Earth-Core"", ""unfulfilled_request_t"": 0.0}, {""actual_arrival_month"": ""2036-05"", ""actual_delivery_share"": 1.0, ""availability_share"": 1.0, ""feasible_t"": 13.3917004048583, ""gross_delivery_t"": 13.3917004048583, ""order_month"": ""2035-05"", ""planned_arrival_month"": ""2036-05"", ""requested_t"": 13.3917004048583, ""shipment_id"": ""S0005"", ""source_id"": ""A"", ""source_name"": ""Earth-Core"", ""unfulfilled_request_t"": 0.0}, {""actual_arrival_month"": ""2036-06"", ""actual_delivery_share"": 1.0, ""availability_share"": 1.0, ""feasible_t"": 13.3917004048583, ""gross_delivery_t"": 13.3917004048583, ""order_month"": ""2035-06"", ""planned_arrival_month"": ""2036-06"", ""requested_t"": 13.3917004048583, ""shipment_id"": ""S0006"", ""source_id"": ""A"", ""source_name"": ""Earth-Core"", ""unfulfilled_request_t"": 0.0}, {""actual_arrival_month"": ""2036-07"", ""actual_delivery_share"": 1.0, ""availability_share"": 1.0, ""feasible_t"": 13.3917004048583, ""gross_delivery_t"": 13.3917004048583, ""order_month"": ""2035-07"", ""planned_arrival_month"": ""2036-07"", ""requested_t"": 13.3917004048583, ""shipment_id"": ""S0007"", ""source_id"": ""A"", ""source_name"": ""Earth-Core"", ""unfulfilled_request_t"": 0.0}, {""actual_arrival_month"": ""2036-08"", ""actual_delivery_share"": 1.0, ""availability_share"": 1.0, ""feasible_t"": 13.3917004048583, ""gross_delivery_t"": 13.3917004048583, ""order_month"": ""2035-08"", ""planned_arrival_month"": ""2036-08"", ""requested_t"": 13.3917004048583, ""shipment_id"": ""S0008"", ""source_id"": ""A"", ""source_name"": ""Earth-Core"", ""unfulfilled_request_t"": 0.0}, {""actual_arrival_month"": ""2036-09"", ""actual_delivery_share"": 1.0, ""availability_share"": 1.0, ""feasible_t"": 13.3917004048583, ""gross_delivery_t"": 13.3917004048583, ""order_month"": ""2035-09"", ""planned_arrival_month"": ""2036-09"", ""requested_t"": 13.3917004048583, ""shipment_id"": ""S0009"", ""source_id"": ""A"", ""source_name"": ""Earth-Core"", ""unfulfilled_request_t"": 0.0}, {""actual_arrival_month"": ""2036-10"", ""actual_delivery_share"": 1.0, ""availability_share"": 1.0, ""feasible_t"": 13.3917004048583, ""gross_delivery_t"": 13.3917004048583, ""order_month"": ""2035-10"", ""planned_arrival_month"": ""2036-10"", ""requested_t"": 13.3917004048583, ""shipment_id"": ""S0010"", ""source_id"": ""A"", ""source_name"": ""Earth-Core"", ""unfulfilled_request_t"": 0.0}, {""actual_arrival_month"": ""2036-11"", ""actual_delivery_share"": 1.0, ""availability_share"": 1.0, ""feasible_t"": 13.3917004048583, ""gross_delivery_t"": 13.3917004048583, ""order_month"": ""2035-11"", ""planned_arrival_month"": ""2036-11"", ""requested_t"": 13.3917004048583, ""shipment_id"": ""S0011"", ""source_id"": ""A"", ""source_name"": ""Earth-Core"", ""unfulfilled_request_t"": 0.0}, {""actual_arrival_month"": ""2036-12"", ""actual_delivery_share"": 1.0, ""availability_share"": 1.0, ""feasible_t"": 13.3917004048583, ""gross_delivery_t"": 13.3917004048583, ""order_month"": ""2035-12"", ""planned_arrival_month"": ""2036-12"", ""requested_t"": 13.3917004048583, ""shipment_id"": ""S0012"", ""source_id"": ""A"", ""source_name"": ""Earth-Core"", ""unfulfilled_request_t"": 0.0}]","{""B"": 6.544502617801047}","{""B"": 6.544502617801047}",6.544502617801047,0.29450261780104714,6.25,6.25,0.0,39.74885844748864,6.666666666666667,1.666666666666667,0.0,0.0,31.415525114155304,BASE,70.0,0.045,[],1.9474315068493182,0.0,[]
2036-01,31.415525114155304,11.666666666666666,8.75,"{""A"": 190.0, ""B"": 0, ""C"": 0, ""D"": 0, ""E"": 0}","{""A"": 16.025641025641026}","[{""actual_arrival_month"": ""2036-02"", ""actual_delivery_share"": 1.0, ""availability_share"": 1.0, ""feasible_t"": 13.3917004048583, ""gross_delivery_t"": 13.3917004048583, ""order_month"": ""2035-02"", ""planned_arrival_month"": ""2036-02"", ""requested_t"": 13.3917004048583, ""shipment_id"": ""S0002"", ""source_id"": ""A"", ""source_name"": ""Earth-Core"", ""unfulfilled_request_t"": 0.0}, {""actual_arrival_month"": ""2036-03"", ""actual_delivery_share"": 1.0, ""availability_share"": 1.0, ""feasible_t"": 13.3917004048583, ""gross_delivery_t"": 13.3917004048583, ""order_month"": ""2035-03"", ""planned_arrival_month"": ""2036-03"", ""requested_t"": 13.3917004048583, ""shipment_id"": ""S0003"", ""source_id"": ""A"", ""source_name"": ""Earth-Core"", ""unfulfilled_request_t"": 0.0}, {""actual_arrival_month"": ""2036-04"", ""actual_delivery_share"": 1.0, ""availability_share"": 1.0, ""feasible_t"": 13.3917004048583, ""gross_delivery_t"": 13.3917004048583, ""order_month"": ""2035-04"", ""planned_arrival_month"": ""2036-04"", ""requested_t"": 13.3917004048583, ""shipment_id"": ""S0004"", ""source_id"": ""A"", ""source_name"": ""Earth-Core"", ""unfulfilled_request_t"": 0.0}, {""actual_arrival_month"": ""2036-05"", ""actual_delivery_share"": 1.0, ""availability_share"": 1.0, ""feasible_t"": 13.3917004048583, ""gross_delivery_t"": 13.3917004048583, ""order_month"": ""2035-05"", ""planned_arrival_month"": ""2036-05"", ""requested_t"": 13.3917004048583, ""shipment_id"": ""S0005"", ""source_id"": ""A"", ""source_name"": ""Earth-Core"", ""unfulfilled_request_t"": 0.0}, {""actual_arrival_month"": ""2036-06"", ""actual_delivery_share"": 1.0, ""availability_share"": 1.0, ""feasible_t"": 13.3917004048583, ""gross_delivery_t"": 13.3917004048583, ""order_month"": ""2035-06"", ""planned_arrival_month"": ""2036-06"", ""requested_t"": 13.3917004048583, ""shipment_id"": ""S0006"", ""source_id"": ""A"", ""source_name"": ""Earth-Core"", ""unfulfilled_request_t"": 0.0}, {""actual_arrival_month"": ""2036-07"", ""actual_delivery_share"": 1.0, ""availability_share"": 1.0, ""feasible_t"": 13.3917004048583, ""gross_delivery_t"": 13.3917004048583, ""order_month"": ""2035-07"", ""planned_arrival_month"": ""2036-07"", ""requested_t"": 13.3917004048583, ""shipment_id"": ""S0007"", ""source_id"": ""A"", ""source_name"": ""Earth-Core"", ""unfulfilled_request_t"": 0.0}, {""actual_arrival_month"": ""2036-08"", ""actual_delivery_share"": 1.0, ""availability_share"": 1.0, ""feasible_t"": 13.3917004048583, ""gross_delivery_t"": 13.3917004048583, ""order_month"": ""2035-08"", ""planned_arrival_month"": ""2036-08"", ""requested_t"": 13.3917004048583, ""shipment_id"": ""S0008"", ""source_id"": ""A"", ""source_name"": ""Earth-Core"", ""unfulfilled_request_t"": 0.0}, {""actual_arrival_month"": ""2036-09"", ""actual_delivery_share"": 1.0, ""availability_share"": 1.0, ""feasible_t"": 13.3917004048583, ""gross_delivery_t"": 13.3917004048583, ""order_month"": ""2035-09"", ""planned_arrival_month"": ""2036-09"", ""requested_t"": 13.3917004048583, ""shipment_id"": ""S0009"", ""source_id"": ""A"", ""source_name"": ""Earth-Core"", ""unfulfilled_request_t"": 0.0}, {""actual_arrival_month"": ""2036-10"", ""actual_delivery_share"": 1.0, ""availability_share"": 1.0, ""feasible_t"": 13.3917004048583, ""gross_delivery_t"": 13.3917004048583, ""order_month"": ""2035-10"", ""planned_arrival_month"": ""2036-10"", ""requested_t"": 13.3917004048583, ""shipment_id"": ""S0010"", ""source_id"": ""A"", ""source_name"": ""Earth-Core"", ""unfulfilled_request_t"": 0.0}, {""actual_arrival_month"": ""2036-11"", ""actual_delivery_share"": 1.0, ""availability_share"": 1.0, ""feasible_t"": 13.3917004048583, ""gross_delivery_t"": 13.3917004048583, ""order_month"": ""2035-11"", ""planned_arrival_month"": ""2036-11"", ""requested_t"": 13.3917004048583, ""shipment_id"": ""S0011"", ""source_id"": ""A"", ""source_name"": ""Earth-Core"", ""unfulfilled_request_t"": 0.0}, {""actual_arrival_month"": ""2036-12"", ""actual_delivery_share"": 1.0, ""availability_share"": 1.0, ""feasible_t"": 13.3917004048583, ""gross_delivery_t"": 13.3917004048583, ""order_month"": ""2035-12"", ""planned_arrival_month"": ""2036-12"", ""requested_t"": 13.3917004048583, ""shipment_id"": ""S0012"", ""source_id"": ""A"", ""source_name"": ""Earth-Core"", ""unfulfilled_request_t"": 0.0}, {""actual_arrival_month"": ""2037-01"", ""actual_delivery_share"": 1.0, ""availability_share"": 1.0, ""feasible_t"": 16.025641025641026, ""gross_delivery_t"": 16.025641025641026, ""order_month"": ""2036-01"", ""planned_arrival_month"": ""2037-01"", ""requested_t"": 16.025641025641026, ""shipment_id"": ""S0013"", ""source_id"": ""A"", ""source_name"": ""Earth-Core"", ""unfulfilled_request_t"": 0.0}]","{""A"": 13.3917004048583}","{""A"": 13.3917004048583}",13.3917004048583,0.1607004048582996,13.231,13.231,0.0,44.6465251141553,8.75,2.916666666666666,0.0,0.0,32.97985844748864,ZBO,120.0,0.012,"[""ZBO""]",1.931861506849318,1.0,[]
2036-02,32.97985844748864,11.666666666666666,8.75,"{""A"": 190.0, ""B"": 0, ""C"": 0, ""D"": 0, ""E"": 0}","{""A"": 16.025641025641026}","[{""actual_arrival_month"": ""2036-03"", ""actual_delivery_share"": 1.0, ""availability_share"": 1.0, ""feasible_t"": 13.3917004048583, ""gross_delivery_t"": 13.3917004048583, ""order_month"": ""2035-03"", ""planned_arrival_month"": ""2036-03"", ""requested_t"": 13.3917004048583, ""shipment_id"": ""S0003"", ""source_id"": ""A"", ""source_name"": ""Earth-Core"", ""unfulfilled_request_t"": 0.0}, {""actual_arrival_month"": ""2036-04"", ""actual_delivery_share"": 1.0, ""availability_share"": 1.0, ""feasible_t"": 13.3917004048583, ""gross_delivery_t"": 13.3917004048583, ""order_month"": ""2035-04"", ""planned_arrival_month"": ""2036-04"", ""requested_t"": 13.3917004048583, ""shipment_id"": ""S0004"", ""source_id"": ""A"", ""source_name"": ""Earth-Core"", ""unfulfilled_request_t"": 0.0}, {""actual_arrival_month"": ""2036-05"", ""actual_delivery_share"": 1.0, ""availability_share"": 1.0, ""feasible_t"": 13.3917004048583, ""gross_delivery_t"": 13.3917004048583, ""order_month"": ""2035-05"", ""planned_arrival_month"": ""2036-05"", ""requested_t"": 13.3917004048583, ""shipment_id"": ""S0005"", ""source_id"": ""A"", ""source_name"": ""Earth-Core"", ""unfulfilled_request_t"": 0.0}, {""actual_arrival_month"": ""2036-06"", ""actual_delivery_share"": 1.0, ""availability_share"": 1.0, ""feasible_t"": 13.3917004048583, ""gross_delivery_t"": 13.3917004048583, ""order_month"": ""2035-06"", ""planned_arrival_month"": ""2036-06"", ""requested_t"": 13.3917004048583, ""shipment_id"": ""S0006"", ""source_id"": ""A"", ""source_name"": ""Earth-Core"", ""unfulfilled_request_t"": 0.0}, {""actual_arrival_month"": ""2036-07"", ""actual_delivery_share"": 1.0, ""availability_share"": 1.0, ""feasible_t"": 13.3917004048583, ""gross_delivery_t"": 13.3917004048583, ""order_month"": ""2035-07"", ""planned_arrival_month"": ""2036-07"", ""requested_t"": 13.3917004048583, ""shipment_id"": ""S0007"", ""source_id"": ""A"", ""source_name"": ""Earth-Core"", ""unfulfilled_request_t"": 0.0}, {""actual_arrival_month"": ""2036-08"", ""actual_delivery_share"": 1.0, ""availability_share"": 1.0, ""feasible_t"": 13.3917004048583, ""gross_delivery_t"": 13.3917004048583, ""order_month"": ""2035-08"", ""planned_arrival_month"": ""2036-08"", ""requested_t"": 13.3917004048583, ""shipment_id"": ""S0008"", ""source_id"": ""A"", ""source_name"": ""Earth-Core"", ""unfulfilled_request_t"": 0.0}, {""actual_arrival_month"": ""2036-09"", ""actual_delivery_share"": 1.0, ""availability_share"": 1.0, ""feasible_t"": 13.3917004048583, ""gross_delivery_t"": 13.3917004048583, ""order_month"": ""2035-09"", ""planned_arrival_month"": ""2036-09"", ""requested_t"": 13.3917004048583, ""shipment_id"": ""S0009"", ""source_id"": ""A"", ""source_name"": ""Earth-Core"", ""unfulfilled_request_t"": 0.0}, {""actual_arrival_month"": ""2036-10"", ""actual_delivery_share"": 1.0, ""availability_share"": 1.0, ""feasible_t"": 13.3917004048583, ""gross_delivery_t"": 13.3917004048583, ""order_month"": ""2035-10"", ""planned_arrival_month"": ""2036-10"", ""requested_t"": 13.3917004048583, ""shipment_id"": ""S0010"", ""source_id"": ""A"", ""source_name"": ""Earth-Core"", ""unfulfilled_request_t"": 0.0}, {""actual_arrival_month"": ""2036-11"", ""actual_delivery_share"": 1.0, ""availability_share"": 1.0, ""feasible_t"": 13.3917004048583, ""gross_delivery_t"": 13.3917004048583, ""order_month"": ""2035-11"", ""planned_arrival_month"": ""2036-11"", ""requested_t"": 13.3917004048583, ""shipment_id"": ""S0011"", ""source_id"": ""A"", ""source_name"": ""Earth-Core"", ""unfulfilled_request_t"": 0.0}, {""actual_arrival_month"": ""2036-12"", ""actual_delivery_share"": 1.0, ""availability_share"": 1.0, ""feasible_t"": 13.3917004048583, ""gross_delivery_t"": 13.3917004048583, ""order_month"": ""2035-12"", ""planned_arrival_month"": ""2036-12"", ""requested_t"": 13.3917004048583, ""shipment_id"": ""S0012"", ""source_id"": ""A"", ""source_name"": ""Earth-Core"", ""unfulfilled_request_t"": 0.0}, {""actual_arrival_month"": ""2037-01"", ""actual_delivery_share"": 1.0, ""availability_share"": 1.0, ""feasible_t"": 16.025641025641026, ""gross_delivery_t"": 16.025641025641026, ""order_month"": ""2036-01"", ""planned_arrival_month"": ""2037-01"", ""requested_t"": 16.025641025641026, ""shipment_id"": ""S0013"", ""source_id"": ""A"", ""source_name"": ""Earth-Core"", ""unfulfilled_request_t"": 0.0}, {""actual_arrival_month"": ""2037-02"", ""actual_delivery_share"": 1.0, ""availability_share"": 1.0, ""feasible_t"": 16.025641025641026, ""gross_delivery_t"": 16.025641025641026, ""order_month"": ""2036-02"", ""planned_arrival_month"": ""2037-02"", ""requested_t"": 16.025641025641026, ""shipment_id"": ""S0014"", ""source_id"": ""A"", ""source_name"": ""Earth-Core"", ""unfulfilled_request_t"": 0.0}]","{""A"": 13.3917004048583}","{""A"": 13.3917004048583}",13.3917004048583,0.1607004048582996,13.231,13.231,0.0,46.21085844748864,8.75,2.916666666666666,0.0,0.0,34.544191780821976,ZBO,120.0,0.012,"[""ZBO""]",2.0257215068493184,1.0,[]
2036-03,34.544191780821976,11.666666666666666,8.75,"{""A"": 190.0, ""B"": 0, ""C"": 0, ""D"": 0, ""E"": 0}","{""A"": 16.025641025641026}","[{""actual_arrival_month"": ""2036-04"", ""actual_delivery_share"": 1.0, ""availability_share"": 1.0, ""feasible_t"": 13.3917004048583, ""gross_delivery_t"": 13.3917004048583, ""order_month"": ""2035-04"", ""planned_arrival_month"": ""2036-04"", ""requested_t"": 13.3917004048583, ""shipment_id"": ""S0004"", ""source_id"": ""A"", ""source_name"": ""Earth-Core"", ""unfulfilled_request_t"": 0.0}, {""actual_arrival_month"": ""2036-05"", ""actual_delivery_share"": 1.0, ""availability_share"": 1.0, ""feasible_t"": 13.3917004048583, ""gross_delivery_t"": 13.3917004048583, ""order_month"": ""2035-05"", ""planned_arrival_month"": ""2036-05"", ""requested_t"": 13.3917004048583, ""shipment_id"": ""S0005"", ""source_id"": ""A"", ""source_name"": ""Earth-Core"", ""unfulfilled_request_t"": 0.0}, {""actual_arrival_month"": ""2036-06"", ""actual_delivery_share"": 1.0, ""availability_share"": 1.0, ""feasible_t"": 13.3917004048583, ""gross_delivery_t"": 13.3917004048583, ""order_month"": ""2035-06"", ""planned_arrival_month"": ""2036-06"", ""requested_t"": 13.3917004048583, ""shipment_id"": ""S0006"", ""source_id"": ""A"", ""source_name"": ""Earth-Core"", ""unfulfilled_request_t"": 0.0}, {""actual_arrival_month"": ""2036-07"", ""actual_delivery_share"": 1.0, ""availability_share"": 1.0, ""feasible_t"": 13.3917004048583, ""gross_delivery_t"": 13.3917004048583, ""order_month"": ""2035-07"", ""planned_arrival_month"": ""2036-07"", ""requested_t"": 13.3917004048583, ""shipment_id"": ""S0007"", ""source_id"": ""A"", ""source_name"": ""Earth-Core"", ""unfulfilled_request_t"": 0.0}, {""actual_arrival_month"": ""2036-08"", ""actual_delivery_share"": 1.0, ""availability_share"": 1.0, ""feasible_t"": 13.3917004048583, ""gross_delivery_t"": 13.3917004048583, ""order_month"": ""2035-08"", ""planned_arrival_month"": ""2036-08"", ""requested_t"": 13.3917004048583, ""shipment_id"": ""S0008"", ""source_id"": ""A"", ""source_name"": ""Earth-Core"", ""unfulfilled_request_t"": 0.0}, {""actual_arrival_month"": ""2036-09"", ""actual_delivery_share"": 1.0, ""availability_share"": 1.0, ""feasible_t"": 13.3917004048583, ""gross_delivery_t"": 13.3917004048583, ""order_month"": ""2035-09"", ""planned_arrival_month"": ""2036-09"", ""requested_t"": 13.3917004048583, ""shipment_id"": ""S0009"", ""source_id"": ""A"", ""source_name"": ""Earth-Core"", ""unfulfilled_request_t"": 0.0}, {""actual_arrival_month"": ""2036-10"", ""actual_delivery_share"": 1.0, ""availability_share"": 1.0, ""feasible_t"": 13.3917004048583, ""gross_delivery_t"": 13.3917004048583, ""order_month"": ""2035-10"", ""planned_arrival_month"": ""2036-10"", ""requested_t"": 13.3917004048583, ""shipment_id"": ""S0010"", ""source_id"": ""A"", ""source_name"": ""Earth-Core"", ""unfulfilled_request_t"": 0.0}, {""actual_arrival_month"": ""2036-11"", ""actual_delivery_share"": 1.0, ""availability_share"": 1.0, ""feasible_t"": 13.3917004048583, ""gross_delivery_t"": 13.3917004048583, ""order_month"": ""2035-11"", ""planned_arrival_month"": ""2036-11"", ""requested_t"": 13.3917004048583, ""shipment_id"": ""S0011"", ""source_id"": ""A"", ""source_name"": ""Earth-Core"", ""unfulfilled_request_t"": 0.0}, {""actual_arrival_month"": ""2036-12"", ""actual_delivery_share"": 1.0, ""availability_share"": 1.0, ""feasible_t"": 13.3917004048583, ""gross_delivery_t"": 13.3917004048583, ""order_month"": ""2035-12"", ""planned_arrival_month"": ""2036-12"", ""requested_t"": 13.3917004048583, ""shipment_id"": ""S0012"", ""source_id"": ""A"", ""source_name"": ""Earth-Core"", ""unfulfilled_request_t"": 0.0}, {""actual_arrival_month"": ""2037-01"", ""actual_delivery_share"": 1.0, ""availability_share"": 1.0, ""feasible_t"": 16.025641025641026, ""gross_delivery_t"": 16.025641025641026, ""order_month"": ""2036-01"", ""planned_arrival_month"": ""2037-01"", ""requested_t"": 16.025641025641026, ""shipment_id"": ""S0013"", ""source_id"": ""A"", ""source_name"": ""Earth-Core"", ""unfulfilled_request_t"": 0.0}, {""actual_arrival_month"": ""2037-02"", ""actual_delivery_share"": 1.0, ""availability_share"": 1.0, ""feasible_t"": 16.025641025641026, ""gross_delivery_t"": 16.025641025641026, ""order_month"": ""2036-02"", ""planned_arrival_month"": ""2037-02"", ""requested_t"": 16.025641025641026, ""shipment_id"": ""S0014"", ""source_id"": ""A"", ""source_name"": ""Earth-Core"", ""unfulfilled_request_t"": 0.0}, {""actual_arrival_month"": ""2037-03"", ""actual_delivery_share"": 1.0, ""availability_share"": 1.0, ""feasible_t"": 16.025641025641026, ""gross_delivery_t"": 16.025641025641026, ""order_month"": ""2036-03"", ""planned_arrival_month"": ""2037-03"", ""requested_t"": 16.025641025641026, ""shipment_id"": ""S0015"", ""source_id"": ""A"", ""source_name"": ""Earth-Core"", ""unfulfilled_request_t"": 0.0}]","{""A"": 13.3917004048583}","{""A"": 13.3917004048583}",13.3917004048583,0.1607004048582996,13.231,13.231,0.0,47.77519178082198,8.75,2.916666666666666,0.0,0.0,36.10852511415531,ZBO,120.0,0.012,"[""ZBO""]",2.1195815068493187,1.0,[]
2036-04,36.10852511415531,11.666666666666666,8.75,"{""A"": 190.0, ""B"": 0, ""C"": 0, ""D"": 0, ""E"": 0}","{""A"": 16.025641025641026}","[{""actual_arrival_month"": ""2036-05"", ""actual_delivery_share"": 1.0, ""availability_share"": 1.0, ""feasible_t"": 13.3917004048583, ""gross_delivery_t"": 13.3917004048583, ""order_month"": ""2035-05"", ""planned_arrival_month"": ""2036-05"", ""requested_t"": 13.3917004048583, ""shipment_id"": ""S0005"", ""source_id"": ""A"", ""source_name"": ""Earth-Core"", ""unfulfilled_request_t"": 0.0}, {""actual_arrival_month"": ""2036-06"", ""actual_delivery_share"": 1.0, ""availability_share"": 1.0, ""feasible_t"": 13.3917004048583, ""gross_delivery_t"": 13.3917004048583, ""order_month"": ""2035-06"", ""planned_arrival_month"": ""2036-06"", ""requested_t"": 13.3917004048583, ""shipment_id"": ""S0006"", ""source_id"": ""A"", ""source_name"": ""Earth-Core"", ""unfulfilled_request_t"": 0.0}, {""actual_arrival_month"": ""2036-07"", ""actual_delivery_share"": 1.0, ""availability_share"": 1.0, ""feasible_t"": 13.3917004048583, ""gross_delivery_t"": 13.3917004048583, ""order_month"": ""2035-07"", ""planned_arrival_month"": ""2036-07"", ""requested_t"": 13.3917004048583, ""shipment_id"": ""S0007"", ""source_id"": ""A"", ""source_name"": ""Earth-Core"", ""unfulfilled_request_t"": 0.0}, {""actual_arrival_month"": ""2036-08"", ""actual_delivery_share"": 1.0, ""availability_share"": 1.0, ""feasible_t"": 13.3917004048583, ""gross_delivery_t"": 13.3917004048583, ""order_month"": ""2035-08"", ""planned_arrival_month"": ""2036-08"", ""requested_t"": 13.3917004048583, ""shipment_id"": ""S0008"", ""source_id"": ""A"", ""source_name"": ""Earth-Core"", ""unfulfilled_request_t"": 0.0}, {""actual_arrival_month"": ""2036-09"", ""actual_delivery_share"": 1.0, ""availability_share"": 1.0, ""feasible_t"": 13.3917004048583, ""gross_delivery_t"": 13.3917004048583, ""order_month"": ""2035-09"", ""planned_arrival_month"": ""2036-09"", ""requested_t"": 13.3917004048583, ""shipment_id"": ""S0009"", ""source_id"": ""A"", ""source_name"": ""Earth-Core"", ""unfulfilled_request_t"": 0.0}, {""actual_arrival_month"": ""2036-10"", ""actual_delivery_share"": 1.0, ""availability_share"": 1.0, ""feasible_t"": 13.3917004048583, ""gross_delivery_t"": 13.3917004048583, ""order_month"": ""2035-10"", ""planned_arrival_month"": ""2036-10"", ""requested_t"": 13.3917004048583, ""shipment_id"": ""S0010"", ""source_id"": ""A"", ""source_name"": ""Earth-Core"", ""unfulfilled_request_t"": 0.0}, {""actual_arrival_month"": ""2036-11"", ""actual_delivery_share"": 1.0, ""availability_share"": 1.0, ""feasible_t"": 13.3917004048583, ""gross_delivery_t"": 13.3917004048583, ""order_month"": ""2035-11"", ""planned_arrival_month"": ""2036-11"", ""requested_t"": 13.3917004048583, ""shipment_id"": ""S0011"", ""source_id"": ""A"", ""source_name"": ""Earth-Core"", ""unfulfilled_request_t"": 0.0}, {""actual_arrival_month"": ""2036-12"", ""actual_delivery_share"": 1.0, ""availability_share"": 1.0, ""feasible_t"": 13.3917004048583, ""gross_delivery_t"": 13.3917004048583, ""order_month"": ""2035-12"", ""planned_arrival_month"": ""2036-12"", ""requested_t"": 13.3917004048583, ""shipment_id"": ""S0012"", ""source_id"": ""A"", ""source_name"": ""Earth-Core"", ""unfulfilled_request_t"": 0.0}, {""actual_arrival_month"": ""2037-01"", ""actual_delivery_share"": 1.0, ""availability_share"": 1.0, ""feasible_t"": 16.025641025641026, ""gross_delivery_t"": 16.025641025641026, ""order_month"": ""2036-01"", ""planned_arrival_month"": ""2037-01"", ""requested_t"": 16.025641025641026, ""shipment_id"": ""S0013"", ""source_id"": ""A"", ""source_name"": ""Earth-Core"", ""unfulfilled_request_t"": 0.0}, {""actual_arrival_month"": ""2037-02"", ""actual_delivery_share"": 1.0, ""availability_share"": 1.0, ""feasible_t"": 16.025641025641026, ""gross_delivery_t"": 16.025641025641026, ""order_month"": ""2036-02"", ""planned_arrival_month"": ""2037-02"", ""requested_t"": 16.025641025641026, ""shipment_id"": ""S0014"", ""source_id"": ""A"", ""source_name"": ""Earth-Core"", ""unfulfilled_request_t"": 0.0}, {""actual_arrival_month"": ""2037-03"", ""actual_delivery_share"": 1.0, ""availability_share"": 1.0, ""feasible_t"": 16.025641025641026, ""gross_delivery_t"": 16.025641025641026, ""order_month"": ""2036-03"", ""planned_arrival_month"": ""2037-03"", ""requested_t"": 16.025641025641026, ""shipment_id"": ""S0015"", ""source_id"": ""A"", ""source_name"": ""Earth-Core"", ""unfulfilled_request_t"": 0.0}, {""actual_arrival_month"": ""2037-04"", ""actual_delivery_share"": 1.0, ""availability_share"": 1.0, ""feasible_t"": 16.025641025641026, ""gross_delivery_t"": 16.025641025641026, ""order_month"": ""2036-04"", ""planned_arrival_month"": ""2037-04"", ""requested_t"": 16.025641025641026, ""shipment_id"": ""S0016"", ""source_id"": ""A"", ""source_name"": ""Earth-Core"", ""unfulfilled_request_t"": 0.0}]","{""A"": 13.3917004048583}","{""A"": 13.3917004048583}",13.3917004048583,0.1607004048582996,13.231,13.231,0.0,49.339525114155315,8.75,2.916666666666666,0.0,0.0,37.67285844748865,ZBO,120.0,0.012,"[""ZBO""]",2.213441506849319,1.0,[]
2036-05,37.67285844748865,11.666666666666666,8.75,"{""A"": 190.0, ""B"": 0, ""C"": 0, ""D"": 0, ""E"": 0}","{""A"": 16.025641025641026}","[{""actual_arrival_month"": ""2036-06"", ""actual_delivery_share"": 1.0, ""availability_share"": 1.0, ""feasible_t"": 13.3917004048583, ""gross_delivery_t"": 13.3917004048583, ""order_month"": ""2035-06"", ""planned_arrival_month"": ""2036-06"", ""requested_t"": 13.3917004048583, ""shipment_id"": ""S0006"", ""source_id"": ""A"", ""source_name"": ""Earth-Core"", ""unfulfilled_request_t"": 0.0}, {""actual_arrival_month"": ""2036-07"", ""actual_delivery_share"": 1.0, ""availability_share"": 1.0, ""feasible_t"": 13.3917004048583, ""gross_delivery_t"": 13.3917004048583, ""order_month"": ""2035-07"", ""planned_arrival_month"": ""2036-07"", ""requested_t"": 13.3917004048583, ""shipment_id"": ""S0007"", ""source_id"": ""A"", ""source_name"": ""Earth-Core"", ""unfulfilled_request_t"": 0.0}, {""actual_arrival_month"": ""2036-08"", ""actual_delivery_share"": 1.0, ""availability_share"": 1.0, ""feasible_t"": 13.3917004048583, ""gross_delivery_t"": 13.3917004048583, ""order_month"": ""2035-08"", ""planned_arrival_month"": ""2036-08"", ""requested_t"": 13.3917004048583, ""shipment_id"": ""S0008"", ""source_id"": ""A"", ""source_name"": ""Earth-Core"", ""unfulfilled_request_t"": 0.0}, {""actual_arrival_month"": ""2036-09"", ""actual_delivery_share"": 1.0, ""availability_share"": 1.0, ""feasible_t"": 13.3917004048583, ""gross_delivery_t"": 13.3917004048583, ""order_month"": ""2035-09"", ""planned_arrival_month"": ""2036-09"", ""requested_t"": 13.3917004048583, ""shipment_id"": ""S0009"", ""source_id"": ""A"", ""source_name"": ""Earth-Core"", ""unfulfilled_request_t"": 0.0}, {""actual_arrival_month"": ""2036-10"", ""actual_delivery_share"": 1.0, ""availability_share"": 1.0, ""feasible_t"": 13.3917004048583, ""gross_delivery_t"": 13.3917004048583, ""order_month"": ""2035-10"", ""planned_arrival_month"": ""2036-10"", ""requested_t"": 13.3917004048583, ""shipment_id"": ""S0010"", ""source_id"": ""A"", ""source_name"": ""Earth-Core"", ""unfulfilled_request_t"": 0.0}, {""actual_arrival_month"": ""2036-11"", ""actual_delivery_share"": 1.0, ""availability_share"": 1.0, ""feasible_t"": 13.3917004048583, ""gross_delivery_t"": 13.3917004048583, ""order_month"": ""2035-11"", ""planned_arrival_month"": ""2036-11"", ""requested_t"": 13.3917004048583, ""shipment_id"": ""S0011"", ""source_id"": ""A"", ""source_name"": ""Earth-Core"", ""unfulfilled_request_t"": 0.0}, {""actual_arrival_month"": ""2036-12"", ""actual_delivery_share"": 1.0, ""availability_share"": 1.0, ""feasible_t"": 13.3917004048583, ""gross_delivery_t"": 13.3917004048583, ""order_month"": ""2035-12"", ""planned_arrival_month"": ""2036-12"", ""requested_t"": 13.3917004048583, ""shipment_id"": ""S0012"", ""source_id"": ""A"", ""source_name"": ""Earth-Core"", ""unfulfilled_request_t"": 0.0}, {""actual_arrival_month"": ""2037-01"", ""actual_delivery_share"": 1.0, ""availability_share"": 1.0, ""feasible_t"": 16.025641025641026, ""gross_delivery_t"": 16.025641025641026, ""order_month"": ""2036-01"", ""planned_arrival_month"": ""2037-01"", ""requested_t"": 16.025641025641026, ""shipment_id"": ""S0013"", ""source_id"": ""A"", ""source_name"": ""Earth-Core"", ""unfulfilled_request_t"": 0.0}, {""actual_arrival_month"": ""2037-02"", ""actual_delivery_share"": 1.0, ""availability_share"": 1.0, ""feasible_t"": 16.025641025641026, ""gross_delivery_t"": 16.025641025641026, ""order_month"": ""2036-02"", ""planned_arrival_month"": ""2037-02"", ""requested_t"": 16.025641025641026, ""shipment_id"": ""S0014"", ""source_id"": ""A"", ""source_name"": ""Earth-Core"", ""unfulfilled_request_t"": 0.0}, {""actual_arrival_month"": ""2037-03"", ""actual_delivery_share"": 1.0, ""availability_share"": 1.0, ""feasible_t"": 16.025641025641026, ""gross_delivery_t"": 16.025641025641026, ""order_month"": ""2036-03"", ""planned_arrival_month"": ""2037-03"", ""requested_t"": 16.025641025641026, ""shipment_id"": ""S0015"", ""source_id"": ""A"", ""source_name"": ""Earth-Core"", ""unfulfilled_request_t"": 0.0}, {""actual_arrival_month"": ""2037-04"", ""actual_delivery_share"": 1.0, ""availability_share"": 1.0, ""feasible_t"": 16.025641025641026, ""gross_delivery_t"": 16.025641025641026, ""order_month"": ""2036-04"", ""planned_arrival_month"": ""2037-04"", ""requested_t"": 16.025641025641026, ""shipment_id"": ""S0016"", ""source_id"": ""A"", ""source_name"": ""Earth-Core"", ""unfulfilled_request_t"": 0.0}, {""actual_arrival_month"": ""2037-05"", ""actual_delivery_share"": 1.0, ""availability_share"": 1.0, ""feasible_t"": 16.025641025641026, ""gross_delivery_t"": 16.025641025641026, ""order_month"": ""2036-05"", ""planned_arrival_month"": ""2037-05"", ""requested_t"": 16.025641025641026, ""shipment_id"": ""S0017"", ""source_id"": ""A"", ""source_name"": ""Earth-Core"", ""unfulfilled_request_t"": 0.0}]","{""A"": 13.3917004048583}","{""A"": 13.3917004048583}",13.3917004048583,0.1607004048582996,13.231,13.231,0.0,50.90385844748865,8.75,2.916666666666666,0.0,0.0,39.23719178082199,ZBO,120.0,0.012,"[""ZBO""]",2.3073015068493192,1.0,[]
2036-06,39.23719178082199,11.666666666666666,8.75,"{""A"": 190.0, ""B"": 0, ""C"": 0, ""D"": 0, ""E"": 0}","{""A"": 16.025641025641026}","[{""actual_arrival_month"": ""2036-07"", ""actual_delivery_share"": 1.0, ""availability_share"": 1.0, ""feasible_t"": 13.3917004048583, ""gross_delivery_t"": 13.3917004048583, ""order_month"": ""2035-07"", ""planned_arrival_month"": ""2036-07"", ""requested_t"": 13.3917004048583, ""shipment_id"": ""S0007"", ""source_id"": ""A"", ""source_name"": ""Earth-Core"", ""unfulfilled_request_t"": 0.0}, {""actual_arrival_month"": ""2036-08"", ""actual_delivery_share"": 1.0, ""availability_share"": 1.0, ""feasible_t"": 13.3917004048583, ""gross_delivery_t"": 13.3917004048583, ""order_month"": ""2035-08"", ""planned_arrival_month"": ""2036-08"", ""requested_t"": 13.3917004048583, ""shipment_id"": ""S0008"", ""source_id"": ""A"", ""source_name"": ""Earth-Core"", ""unfulfilled_request_t"": 0.0}, {""actual_arrival_month"": ""2036-09"", ""actual_delivery_share"": 1.0, ""availability_share"": 1.0, ""feasible_t"": 13.3917004048583, ""gross_delivery_t"": 13.3917004048583, ""order_month"": ""2035-09"", ""planned_arrival_month"": ""2036-09"", ""requested_t"": 13.3917004048583, ""shipment_id"": ""S0009"", ""source_id"": ""A"", ""source_name"": ""Earth-Core"", ""unfulfilled_request_t"": 0.0}, {""actual_arrival_month"": ""2036-10"", ""actual_delivery_share"": 1.0, ""availability_share"": 1.0, ""feasible_t"": 13.3917004048583, ""gross_delivery_t"": 13.3917004048583, ""order_month"": ""2035-10"", ""planned_arrival_month"": ""2036-10"", ""requested_t"": 13.3917004048583, ""shipment_id"": ""S0010"", ""source_id"": ""A"", ""source_name"": ""Earth-Core"", ""unfulfilled_request_t"": 0.0}, {""actual_arrival_month"": ""2036-11"", ""actual_delivery_share"": 1.0, ""availability_share"": 1.0, ""feasible_t"": 13.3917004048583, ""gross_delivery_t"": 13.3917004048583, ""order_month"": ""2035-11"", ""planned_arrival_month"": ""2036-11"", ""requested_t"": 13.3917004048583, ""shipment_id"": ""S0011"", ""source_id"": ""A"", ""source_name"": ""Earth-Core"", ""unfulfilled_request_t"": 0.0}, {""actual_arrival_month"": ""2036-12"", ""actual_delivery_share"": 1.0, ""availability_share"": 1.0, ""feasible_t"": 13.3917004048583, ""gross_delivery_t"": 13.3917004048583, ""order_month"": ""2035-12"", ""planned_arrival_month"": ""2036-12"", ""requested_t"": 13.3917004048583, ""shipment_id"": ""S0012"", ""source_id"": ""A"", ""source_name"": ""Earth-Core"", ""unfulfilled_request_t"": 0.0}, {""actual_arrival_month"": ""2037-01"", ""actual_delivery_share"": 1.0, ""availability_share"": 1.0, ""feasible_t"": 16.025641025641026, ""gross_delivery_t"": 16.025641025641026, ""order_month"": ""2036-01"", ""planned_arrival_month"": ""2037-01"", ""requested_t"": 16.025641025641026, ""shipment_id"": ""S0013"", ""source_id"": ""A"", ""source_name"": ""Earth-Core"", ""unfulfilled_request_t"": 0.0}, {""actual_arrival_month"": ""2037-02"", ""actual_delivery_share"": 1.0, ""availability_share"": 1.0, ""feasible_t"": 16.025641025641026, ""gross_delivery_t"": 16.025641025641026, ""order_month"": ""2036-02"", ""planned_arrival_month"": ""2037-02"", ""requested_t"": 16.025641025641026, ""shipment_id"": ""S0014"", ""source_id"": ""A"", ""source_name"": ""Earth-Core"", ""unfulfilled_request_t"": 0.0}, {""actual_arrival_month"": ""2037-03"", ""actual_delivery_share"": 1.0, ""availability_share"": 1.0, ""feasible_t"": 16.025641025641026, ""gross_delivery_t"": 16.025641025641026, ""order_month"": ""2036-03"", ""planned_arrival_month"": ""2037-03"", ""requested_t"": 16.025641025641026, ""shipment_id"": ""S0015"", ""source_id"": ""A"", ""source_name"": ""Earth-Core"", ""unfulfilled_request_t"": 0.0}, {""actual_arrival_month"": ""2037-04"", ""actual_delivery_share"": 1.0, ""availability_share"": 1.0, ""feasible_t"": 16.025641025641026, ""gross_delivery_t"": 16.025641025641026, ""order_month"": ""2036-04"", ""planned_arrival_month"": ""2037-04"", ""requested_t"": 16.025641025641026, ""shipment_id"": ""S0016"", ""source_id"": ""A"", ""source_name"": ""Earth-Core"", ""unfulfilled_request_t"": 0.0}, {""actual_arrival_month"": ""2037-05"", ""actual_delivery_share"": 1.0, ""availability_share"": 1.0, ""feasible_t"": 16.025641025641026, ""gross_delivery_t"": 16.025641025641026, ""order_month"": ""2036-05"", ""planned_arrival_month"": ""2037-05"", ""requested_t"": 16.025641025641026, ""shipment_id"": ""S0017"", ""source_id"": ""A"", ""source_name"": ""Earth-Core"", ""unfulfilled_request_t"": 0.0}, {""actual_arrival_month"": ""2037-06"", ""actual_delivery_share"": 1.0, ""availability_share"": 1.0, ""feasible_t"": 16.025641025641026, ""gross_delivery_t"": 16.025641025641026, ""order_month"": ""2036-06"", ""planned_arrival_month"": ""2037-06"", ""requested_t"": 16.025641025641026, ""shipment_id"": ""S0018"", ""source_id"": ""A"", ""source_name"": ""Earth-Core"", ""unfulfilled_request_t"": 0.0}]","{""A"": 13.3917004048583}","{""A"": 13.3917004048583}",13.3917004048583,0.1607004048582996,13.231,13.231,0.0,52.46819178082199,8.75,2.916666666666666,0.0,0.0,40.801525114155325,ZBO,120.0,0.012,"[""ZBO""]",2.4011615068493195,1.0,[]
2036-07,40.801525114155325,11.666666666666666,8.75,"{""A"": 190.0, ""B"": 0, ""C"": 0, ""D"": 0, ""E"": 0}","{""A"": 16.025641025641026}","[{""actual_arrival_month"": ""2036-08"", ""actual_delivery_share"": 1.0, ""availability_share"": 1.0, ""feasible_t"": 13.3917004048583, ""gross_delivery_t"": 13.3917004048583, ""order_month"": ""2035-08"", ""planned_arrival_month"": ""2036-08"", ""requested_t"": 13.3917004048583, ""shipment_id"": ""S0008"", ""source_id"": ""A"", ""source_name"": ""Earth-Core"", ""unfulfilled_request_t"": 0.0}, {""actual_arrival_month"": ""2036-09"", ""actual_delivery_share"": 1.0, ""availability_share"": 1.0, ""feasible_t"": 13.3917004048583, ""gross_delivery_t"": 13.3917004048583, ""order_month"": ""2035-09"", ""planned_arrival_month"": ""2036-09"", ""requested_t"": 13.3917004048583, ""shipment_id"": ""S0009"", ""source_id"": ""A"", ""source_name"": ""Earth-Core"", ""unfulfilled_request_t"": 0.0}, {""actual_arrival_month"": ""2036-10"", ""actual_delivery_share"": 1.0, ""availability_share"": 1.0, ""feasible_t"": 13.3917004048583, ""gross_delivery_t"": 13.3917004048583, ""order_month"": ""2035-10"", ""planned_arrival_month"": ""2036-10"", ""requested_t"": 13.3917004048583, ""shipment_id"": ""S0010"", ""source_id"": ""A"", ""source_name"": ""Earth-Core"", ""unfulfilled_request_t"": 0.0}, {""actual_arrival_month"": ""2036-11"", ""actual_delivery_share"": 1.0, ""availability_share"": 1.0, ""feasible_t"": 13.3917004048583, ""gross_delivery_t"": 13.3917004048583, ""order_month"": ""2035-11"", ""planned_arrival_month"": ""2036-11"", ""requested_t"": 13.3917004048583, ""shipment_id"": ""S0011"", ""source_id"": ""A"", ""source_name"": ""Earth-Core"", ""unfulfilled_request_t"": 0.0}, {""actual_arrival_month"": ""2036-12"", ""actual_delivery_share"": 1.0, ""availability_share"": 1.0, ""feasible_t"": 13.3917004048583, ""gross_delivery_t"": 13.3917004048583, ""order_month"": ""2035-12"", ""planned_arrival_month"": ""2036-12"", ""requested_t"": 13.3917004048583, ""shipment_id"": ""S0012"", ""source_id"": ""A"", ""source_name"": ""Earth-Core"", ""unfulfilled_request_t"": 0.0}, {""actual_arrival_month"": ""2037-01"", ""actual_delivery_share"": 1.0, ""availability_share"": 1.0, ""feasible_t"": 16.025641025641026, ""gross_delivery_t"": 16.025641025641026, ""order_month"": ""2036-01"", ""planned_arrival_month"": ""2037-01"", ""requested_t"": 16.025641025641026, ""shipment_id"": ""S0013"", ""source_id"": ""A"", ""source_name"": ""Earth-Core"", ""unfulfilled_request_t"": 0.0}, {""actual_arrival_month"": ""2037-02"", ""actual_delivery_share"": 1.0, ""availability_share"": 1.0, ""feasible_t"": 16.025641025641026, ""gross_delivery_t"": 16.025641025641026, ""order_month"": ""2036-02"", ""planned_arrival_month"": ""2037-02"", ""requested_t"": 16.025641025641026, ""shipment_id"": ""S0014"", ""source_id"": ""A"", ""source_name"": ""Earth-Core"", ""unfulfilled_request_t"": 0.0}, {""actual_arrival_month"": ""2037-03"", ""actual_delivery_share"": 1.0, ""availability_share"": 1.0, ""feasible_t"": 16.025641025641026, ""gross_delivery_t"": 16.025641025641026, ""order_month"": ""2036-03"", ""planned_arrival_month"": ""2037-03"", ""requested_t"": 16.025641025641026, ""shipment_id"": ""S0015"", ""source_id"": ""A"", ""source_name"": ""Earth-Core"", ""unfulfilled_request_t"": 0.0}, {""actual_arrival_month"": ""2037-04"", ""actual_delivery_share"": 1.0, ""availability_share"": 1.0, ""feasible_t"": 16.025641025641026, ""gross_delivery_t"": 16.025641025641026, ""order_month"": ""2036-04"", ""planned_arrival_month"": ""2037-04"", ""requested_t"": 16.025641025641026, ""shipment_id"": ""S0016"", ""source_id"": ""A"", ""source_name"": ""Earth-Core"", ""unfulfilled_request_t"": 0.0}, {""actual_arrival_month"": ""2037-05"", ""actual_delivery_share"": 1.0, ""availability_share"": 1.0, ""feasible_t"": 16.025641025641026, ""gross_delivery_t"": 16.025641025641026, ""order_month"": ""2036-05"", ""planned_arrival_month"": ""2037-05"", ""requested_t"": 16.025641025641026, ""shipment_id"": ""S0017"", ""source_id"": ""A"", ""source_name"": ""Earth-Core"", ""unfulfilled_request_t"": 0.0}, {""actual_arrival_month"": ""2037-06"", ""actual_delivery_share"": 1.0, ""availability_share"": 1.0, ""feasible_t"": 16.025641025641026, ""gross_delivery_t"": 16.025641025641026, ""order_month"": ""2036-06"", ""planned_arrival_month"": ""2037-06"", ""requested_t"": 16.025641025641026, ""shipment_id"": ""S0018"", ""source_id"": ""A"", ""source_name"": ""Earth-Core"", ""unfulfilled_request_t"": 0.0}, {""actual_arrival_month"": ""2037-07"", ""actual_delivery_share"": 1.0, ""availability_share"": 1.0, ""feasible_t"": 16.025641025641026, ""gross_delivery_t"": 16.025641025641026, ""order_month"": ""2036-07"", ""planned_arrival_month"": ""2037-07"", ""requested_t"": 16.025641025641026, ""shipment_id"": ""S0019"", ""source_id"": ""A"", ""source_name"": ""Earth-Core"", ""unfulfilled_request_t"": 0.0}]","{""A"": 13.3917004048583}","{""A"": 13.3917004048583}",13.3917004048583,0.1607004048582996,13.231,13.231,0.0,54.03252511415533,8.75,2.916666666666666,0.0,0.0,42.36585844748866,ZBO,120.0,0.012,"[""ZBO""]",2.49502150684932,1.0,[]
2036-08,42.36585844748866,11.666666666666666,8.75,"{""A"": 190.0, ""B"": 0, ""C"": 0, ""D"": 0, ""E"": 0}","{""A"": 16.025641025641026}","[{""actual_arrival_month"": ""2036-09"", ""actual_delivery_share"": 1.0, ""availability_share"": 1.0, ""feasible_t"": 13.3917004048583, ""gross_delivery_t"": 13.3917004048583, ""order_month"": ""2035-09"", ""planned_arrival_month"": ""2036-09"", ""requested_t"": 13.3917004048583, ""shipment_id"": ""S0009"", ""source_id"": ""A"", ""source_name"": ""Earth-Core"", ""unfulfilled_request_t"": 0.0}, {""actual_arrival_month"": ""2036-10"", ""actual_delivery_share"": 1.0, ""availability_share"": 1.0, ""feasible_t"": 13.3917004048583, ""gross_delivery_t"": 13.3917004048583, ""order_month"": ""2035-10"", ""planned_arrival_month"": ""2036-10"", ""requested_t"": 13.3917004048583, ""shipment_id"": ""S0010"", ""source_id"": ""A"", ""source_name"": ""Earth-Core"", ""unfulfilled_request_t"": 0.0}, {""actual_arrival_month"": ""2036-11"", ""actual_delivery_share"": 1.0, ""availability_share"": 1.0, ""feasible_t"": 13.3917004048583, ""gross_delivery_t"": 13.3917004048583, ""order_month"": ""2035-11"", ""planned_arrival_month"": ""2036-11"", ""requested_t"": 13.3917004048583, ""shipment_id"": ""S0011"", ""source_id"": ""A"", ""source_name"": ""Earth-Core"", ""unfulfilled_request_t"": 0.0}, {""actual_arrival_month"": ""2036-12"", ""actual_delivery_share"": 1.0, ""availability_share"": 1.0, ""feasible_t"": 13.3917004048583, ""gross_delivery_t"": 13.3917004048583, ""order_month"": ""2035-12"", ""planned_arrival_month"": ""2036-12"", ""requested_t"": 13.3917004048583, ""shipment_id"": ""S0012"", ""source_id"": ""A"", ""source_name"": ""Earth-Core"", ""unfulfilled_request_t"": 0.0}, {""actual_arrival_month"": ""2037-01"", ""actual_delivery_share"": 1.0, ""availability_share"": 1.0, ""feasible_t"": 16.025641025641026, ""gross_delivery_t"": 16.025641025641026, ""order_month"": ""2036-01"", ""planned_arrival_month"": ""2037-01"", ""requested_t"": 16.025641025641026, ""shipment_id"": ""S0013"", ""source_id"": ""A"", ""source_name"": ""Earth-Core"", ""unfulfilled_request_t"": 0.0}, {""actual_arrival_month"": ""2037-02"", ""actual_delivery_share"": 1.0, ""availability_share"": 1.0, ""feasible_t"": 16.025641025641026, ""gross_delivery_t"": 16.025641025641026, ""order_month"": ""2036-02"", ""planned_arrival_month"": ""2037-02"", ""requested_t"": 16.025641025641026, ""shipment_id"": ""S0014"", ""source_id"": ""A"", ""source_name"": ""Earth-Core"", ""unfulfilled_request_t"": 0.0}, {""actual_arrival_month"": ""2037-03"", ""actual_delivery_share"": 1.0, ""availability_share"": 1.0, ""feasible_t"": 16.025641025641026, ""gross_delivery_t"": 16.025641025641026, ""order_month"": ""2036-03"", ""planned_arrival_month"": ""2037-03"", ""requested_t"": 16.025641025641026, ""shipment_id"": ""S0015"", ""source_id"": ""A"", ""source_name"": ""Earth-Core"", ""unfulfilled_request_t"": 0.0}, {""actual_arrival_month"": ""2037-04"", ""actual_delivery_share"": 1.0, ""availability_share"": 1.0, ""feasible_t"": 16.025641025641026, ""gross_delivery_t"": 16.025641025641026, ""order_month"": ""2036-04"", ""planned_arrival_month"": ""2037-04"", ""requested_t"": 16.025641025641026, ""shipment_id"": ""S0016"", ""source_id"": ""A"", ""source_name"": ""Earth-Core"", ""unfulfilled_request_t"": 0.0}, {""actual_arrival_month"": ""2037-05"", ""actual_delivery_share"": 1.0, ""availability_share"": 1.0, ""feasible_t"": 16.025641025641026, ""gross_delivery_t"": 16.025641025641026, ""order_month"": ""2036-05"", ""planned_arrival_month"": ""2037-05"", ""requested_t"": 16.025641025641026, ""shipment_id"": ""S0017"", ""source_id"": ""A"", ""source_name"": ""Earth-Core"", ""unfulfilled_request_t"": 0.0}, {""actual_arrival_month"": ""2037-06"", ""actual_delivery_share"": 1.0, ""availability_share"": 1.0, ""feasible_t"": 16.025641025641026, ""gross_delivery_t"": 16.025641025641026, ""order_month"": ""2036-06"", ""planned_arrival_month"": ""2037-06"", ""requested_t"": 16.025641025641026, ""shipment_id"": ""S0018"", ""source_id"": ""A"", ""source_name"": ""Earth-Core"", ""unfulfilled_request_t"": 0.0}, {""actual_arrival_month"": ""2037-07"", ""actual_delivery_share"": 1.0, ""availability_share"": 1.0, ""feasible_t"": 16.025641025641026, ""gross_delivery_t"": 16.025641025641026, ""order_month"": ""2036-07"", ""planned_arrival_month"": ""2037-07"", ""requested_t"": 16.025641025641026, ""shipment_id"": ""S0019"", ""source_id"": ""A"", ""source_name"": ""Earth-Core"", ""unfulfilled_request_t"": 0.0}, {""actual_arrival_month"": ""2037-08"", ""actual_delivery_share"": 1.0, ""availability_share"": 1.0, ""feasible_t"": 16.025641025641026, ""gross_delivery_t"": 16.025641025641026, ""order_month"": ""2036-08"", ""planned_arrival_month"": ""2037-08"", ""requested_t"": 16.025641025641026, ""shipment_id"": ""S0020"", ""source_id"": ""A"", ""source_name"": ""Earth-Core"", ""unfulfilled_request_t"": 0.0}]","{""A"": 13.3917004048583}","{""A"": 13.3917004048583}",13.3917004048583,0.1607004048582996,13.231,13.231,0.0,55.596858447488664,8.75,2.916666666666666,0.0,0.0,43.930191780822,ZBO,120.0,0.012,"[""ZBO""]",2.58888150684932,1.0,[]
2036-09,43.930191780822,11.666666666666666,8.75,"{""A"": 190.0, ""B"": 0, ""C"": 0, ""D"": 0, ""E"": 0}","{""A"": 16.025641025641026}","[{""actual_arrival_month"": ""2036-10"", ""actual_delivery_share"": 1.0, ""availability_share"": 1.0, ""feasible_t"": 13.3917004048583, ""gross_delivery_t"": 13.3917004048583, ""order_month"": ""2035-10"", ""planned_arrival_month"": ""2036-10"", ""requested_t"": 13.3917004048583, ""shipment_id"": ""S0010"", ""source_id"": ""A"", ""source_name"": ""Earth-Core"", ""unfulfilled_request_t"": 0.0}, {""actual_arrival_month"": ""2036-11"", ""actual_delivery_share"": 1.0, ""availability_share"": 1.0, ""feasible_t"": 13.3917004048583, ""gross_delivery_t"": 13.3917004048583, ""order_month"": ""2035-11"", ""planned_arrival_month"": ""2036-11"", ""requested_t"": 13.3917004048583, ""shipment_id"": ""S0011"", ""source_id"": ""A"", ""source_name"": ""Earth-Core"", ""unfulfilled_request_t"": 0.0}, {""actual_arrival_month"": ""2036-12"", ""actual_delivery_share"": 1.0, ""availability_share"": 1.0, ""feasible_t"": 13.3917004048583, ""gross_delivery_t"": 13.3917004048583, ""order_month"": ""2035-12"", ""planned_arrival_month"": ""2036-12"", ""requested_t"": 13.3917004048583, ""shipment_id"": ""S0012"", ""source_id"": ""A"", ""source_name"": ""Earth-Core"", ""unfulfilled_request_t"": 0.0}, {""actual_arrival_month"": ""2037-01"", ""actual_delivery_share"": 1.0, ""availability_share"": 1.0, ""feasible_t"": 16.025641025641026, ""gross_delivery_t"": 16.025641025641026, ""order_month"": ""2036-01"", ""planned_arrival_month"": ""2037-01"", ""requested_t"": 16.025641025641026, ""shipment_id"": ""S0013"", ""source_id"": ""A"", ""source_name"": ""Earth-Core"", ""unfulfilled_request_t"": 0.0}, {""actual_arrival_month"": ""2037-02"", ""actual_delivery_share"": 1.0, ""availability_share"": 1.0, ""feasible_t"": 16.025641025641026, ""gross_delivery_t"": 16.025641025641026, ""order_month"": ""2036-02"", ""planned_arrival_month"": ""2037-02"", ""requested_t"": 16.025641025641026, ""shipment_id"": ""S0014"", ""source_id"": ""A"", ""source_name"": ""Earth-Core"", ""unfulfilled_request_t"": 0.0}, {""actual_arrival_month"": ""2037-03"", ""actual_delivery_share"": 1.0, ""availability_share"": 1.0, ""feasible_t"": 16.025641025641026, ""gross_delivery_t"": 16.025641025641026, ""order_month"": ""2036-03"", ""planned_arrival_month"": ""2037-03"", ""requested_t"": 16.025641025641026, ""shipment_id"": ""S0015"", ""source_id"": ""A"", ""source_name"": ""Earth-Core"", ""unfulfilled_request_t"": 0.0}, {""actual_arrival_month"": ""2037-04"", ""actual_delivery_share"": 1.0, ""availability_share"": 1.0, ""feasible_t"": 16.025641025641026, ""gross_delivery_t"": 16.025641025641026, ""order_month"": ""2036-04"", ""planned_arrival_month"": ""2037-04"", ""requested_t"": 16.025641025641026, ""shipment_id"": ""S0016"", ""source_id"": ""A"", ""source_name"": ""Earth-Core"", ""unfulfilled_request_t"": 0.0}, {""actual_arrival_month"": ""2037-05"", ""actual_delivery_share"": 1.0, ""availability_share"": 1.0, ""feasible_t"": 16.025641025641026, ""gross_delivery_t"": 16.025641025641026, ""order_month"": ""2036-05"", ""planned_arrival_month"": ""2037-05"", ""requested_t"": 16.025641025641026, ""shipment_id"": ""S0017"", ""source_id"": ""A"", ""source_name"": ""Earth-Core"", ""unfulfilled_request_t"": 0.0}, {""actual_arrival_month"": ""2037-06"", ""actual_delivery_share"": 1.0, ""availability_share"": 1.0, ""feasible_t"": 16.025641025641026, ""gross_delivery_t"": 16.025641025641026, ""order_month"": ""2036-06"", ""planned_arrival_month"": ""2037-06"", ""requested_t"": 16.025641025641026, ""shipment_id"": ""S0018"", ""source_id"": ""A"", ""source_name"": ""Earth-Core"", ""unfulfilled_request_t"": 0.0}, {""actual_arrival_month"": ""2037-07"", ""actual_delivery_share"": 1.0, ""availability_share"": 1.0, ""feasible_t"": 16.025641025641026, ""gross_delivery_t"": 16.025641025641026, ""order_month"": ""2036-07"", ""planned_arrival_month"": ""2037-07"", ""requested_t"": 16.025641025641026, ""shipment_id"": ""S0019"", ""source_id"": ""A"", ""source_name"": ""Earth-Core"", ""unfulfilled_request_t"": 0.0}, {""actual_arrival_month"": ""2037-08"", ""actual_delivery_share"": 1.0, ""availability_share"": 1.0, ""feasible_t"": 16.025641025641026, ""gross_delivery_t"": 16.025641025641026, ""order_month"": ""2036-08"", ""planned_arrival_month"": ""2037-08"", ""requested_t"": 16.025641025641026, ""shipment_id"": ""S0020"", ""source_id"": ""A"", ""source_name"": ""Earth-Core"", ""unfulfilled_request_t"": 0.0}, {""actual_arrival_month"": ""2037-09"", ""actual_delivery_share"": 1.0, ""availability_share"": 1.0, ""feasible_t"": 16.025641025641026, ""gross_delivery_t"": 16.025641025641026, ""order_month"": ""2036-09"", ""planned_arrival_month"": ""2037-09"", ""requested_t"": 16.025641025641026, ""shipment_id"": ""S0021"", ""source_id"": ""A"", ""source_name"": ""Earth-Core"", ""unfulfilled_request_t"": 0.0}]","{""A"": 13.3917004048583}","{""A"": 13.3917004048583}",13.3917004048583,0.1607004048582996,13.231,13.231,0.0,57.161191780822,8.75,2.916666666666666,0.0,0.0,45.49452511415534,ZBO,120.0,0.012,"[""ZBO""]",2.68274150684932,1.0,[]
2036-10,45.49452511415534,11.666666666666666,8.75,"{""A"": 190.0, ""B"": 0, ""C"": 0, ""D"": 0, ""E"": 0}","{""A"": 16.025641025641026}","[{""actual_arrival_month"": ""2036-11"", ""actual_delivery_share"": 1.0, ""availability_share"": 1.0, ""feasible_t"": 13.3917004048583, ""gross_delivery_t"": 13.3917004048583, ""order_month"": ""2035-11"", ""planned_arrival_month"": ""2036-11"", ""requested_t"": 13.3917004048583, ""shipment_id"": ""S0011"", ""source_id"": ""A"", ""source_name"": ""Earth-Core"", ""unfulfilled_request_t"": 0.0}, {""actual_arrival_month"": ""2036-12"", ""actual_delivery_share"": 1.0, ""availability_share"": 1.0, ""feasible_t"": 13.3917004048583, ""gross_delivery_t"": 13.3917004048583, ""order_month"": ""2035-12"", ""planned_arrival_month"": ""2036-12"", ""requested_t"": 13.3917004048583, ""shipment_id"": ""S0012"", ""source_id"": ""A"", ""source_name"": ""Earth-Core"", ""unfulfilled_request_t"": 0.0}, {""actual_arrival_month"": ""2037-01"", ""actual_delivery_share"": 1.0, ""availability_share"": 1.0, ""feasible_t"": 16.025641025641026, ""gross_delivery_t"": 16.025641025641026, ""order_month"": ""2036-01"", ""planned_arrival_month"": ""2037-01"", ""requested_t"": 16.025641025641026, ""shipment_id"": ""S0013"", ""source_id"": ""A"", ""source_name"": ""Earth-Core"", ""unfulfilled_request_t"": 0.0}, {""actual_arrival_month"": ""2037-02"", ""actual_delivery_share"": 1.0, ""availability_share"": 1.0, ""feasible_t"": 16.025641025641026, ""gross_delivery_t"": 16.025641025641026, ""order_month"": ""2036-02"", ""planned_arrival_month"": ""2037-02"", ""requested_t"": 16.025641025641026, ""shipment_id"": ""S0014"", ""source_id"": ""A"", ""source_name"": ""Earth-Core"", ""unfulfilled_request_t"": 0.0}, {""actual_arrival_month"": ""2037-03"", ""actual_delivery_share"": 1.0, ""availability_share"": 1.0, ""feasible_t"": 16.025641025641026, ""gross_delivery_t"": 16.025641025641026, ""order_month"": ""2036-03"", ""planned_arrival_month"": ""2037-03"", ""requested_t"": 16.025641025641026, ""shipment_id"": ""S0015"", ""source_id"": ""A"", ""source_name"": ""Earth-Core"", ""unfulfilled_request_t"": 0.0}, {""actual_arrival_month"": ""2037-04"", ""actual_delivery_share"": 1.0, ""availability_share"": 1.0, ""feasible_t"": 16.025641025641026, ""gross_delivery_t"": 16.025641025641026, ""order_month"": ""2036-04"", ""planned_arrival_month"": ""2037-04"", ""requested_t"": 16.025641025641026, ""shipment_id"": ""S0016"", ""source_id"": ""A"", ""source_name"": ""Earth-Core"", ""unfulfilled_request_t"": 0.0}, {""actual_arrival_month"": ""2037-05"", ""actual_delivery_share"": 1.0, ""availability_share"": 1.0, ""feasible_t"": 16.025641025641026, ""gross_delivery_t"": 16.025641025641026, ""order_month"": ""2036-05"", ""planned_arrival_month"": ""2037-05"", ""requested_t"": 16.025641025641026, ""shipment_id"": ""S0017"", ""source_id"": ""A"", ""source_name"": ""Earth-Core"", ""unfulfilled_request_t"": 0.0}, {""actual_arrival_month"": ""2037-06"", ""actual_delivery_share"": 1.0, ""availability_share"": 1.0, ""feasible_t"": 16.025641025641026, ""gross_delivery_t"": 16.025641025641026, ""order_month"": ""2036-06"", ""planned_arrival_month"": ""2037-06"", ""requested_t"": 16.025641025641026, ""shipment_id"": ""S0018"", ""source_id"": ""A"", ""source_name"": ""Earth-Core"", ""unfulfilled_request_t"": 0.0}, {""actual_arrival_month"": ""2037-07"", ""actual_delivery_share"": 1.0, ""availability_share"": 1.0, ""feasible_t"": 16.025641025641026, ""gross_delivery_t"": 16.025641025641026, ""order_month"": ""2036-07"", ""planned_arrival_month"": ""2037-07"", ""requested_t"": 16.025641025641026, ""shipment_id"": ""S0019"", ""source_id"": ""A"", ""source_name"": ""Earth-Core"", ""unfulfilled_request_t"": 0.0}, {""actual_arrival_month"": ""2037-08"", ""actual_delivery_share"": 1.0, ""availability_share"": 1.0, ""feasible_t"": 16.025641025641026, ""gross_delivery_t"": 16.025641025641026, ""order_month"": ""2036-08"", ""planned_arrival_month"": ""2037-08"", ""requested_t"": 16.025641025641026, ""shipment_id"": ""S0020"", ""source_id"": ""A"", ""source_name"": ""Earth-Core"", ""unfulfilled_request_t"": 0.0}, {""actual_arrival_month"": ""2037-09"", ""actual_delivery_share"": 1.0, ""availability_share"": 1.0, ""feasible_t"": 16.025641025641026, ""gross_delivery_t"": 16.025641025641026, ""order_month"": ""2036-09"", ""planned_arrival_month"": ""2037-09"", ""requested_t"": 16.025641025641026, ""shipment_id"": ""S0021"", ""source_id"": ""A"", ""source_name"": ""Earth-Core"", ""unfulfilled_request_t"": 0.0}, {""actual_arrival_month"": ""2037-10"", ""actual_delivery_share"": 1.0, ""availability_share"": 1.0, ""feasible_t"": 16.025641025641026, ""gross_delivery_t"": 16.025641025641026, ""order_month"": ""2036-10"", ""planned_arrival_month"": ""2037-10"", ""requested_t"": 16.025641025641026, ""shipment_id"": ""S0022"", ""source_id"": ""A"", ""source_name"": ""Earth-Core"", ""unfulfilled_request_t"": 0.0}]","{""A"": 13.3917004048583}","{""A"": 13.3917004048583}",13.3917004048583,0.1607004048582996,13.231,13.231,0.0,58.72552511415534,8.75,2.916666666666666,0.0,0.0,47.058858447488674,ZBO,120.0,0.012,"[""ZBO""]",2.7766015068493206,1.0,[]
2036-11,47.058858447488674,11.666666666666666,8.75,"{""A"": 190.0, ""B"": 0, ""C"": 0, ""D"": 0, ""E"": 0}","{""A"": 16.025641025641026}","[{""actual_arrival_month"": ""2036-12"", ""actual_delivery_share"": 1.0, ""availability_share"": 1.0, ""feasible_t"": 13.3917004048583, ""gross_delivery_t"": 13.3917004048583, ""order_month"": ""2035-12"", ""planned_arrival_month"": ""2036-12"", ""requested_t"": 13.3917004048583, ""shipment_id"": ""S0012"", ""source_id"": ""A"", ""source_name"": ""Earth-Core"", ""unfulfilled_request_t"": 0.0}, {""actual_arrival_month"": ""2037-01"", ""actual_delivery_share"": 1.0, ""availability_share"": 1.0, ""feasible_t"": 16.025641025641026, ""gross_delivery_t"": 16.025641025641026, ""order_month"": ""2036-01"", ""planned_arrival_month"": ""2037-01"", ""requested_t"": 16.025641025641026, ""shipment_id"": ""S0013"", ""source_id"": ""A"", ""source_name"": ""Earth-Core"", ""unfulfilled_request_t"": 0.0}, {""actual_arrival_month"": ""2037-02"", ""actual_delivery_share"": 1.0, ""availability_share"": 1.0, ""feasible_t"": 16.025641025641026, ""gross_delivery_t"": 16.025641025641026, ""order_month"": ""2036-02"", ""planned_arrival_month"": ""2037-02"", ""requested_t"": 16.025641025641026, ""shipment_id"": ""S0014"", ""source_id"": ""A"", ""source_name"": ""Earth-Core"", ""unfulfilled_request_t"": 0.0}, {""actual_arrival_month"": ""2037-03"", ""actual_delivery_share"": 1.0, ""availability_share"": 1.0, ""feasible_t"": 16.025641025641026, ""gross_delivery_t"": 16.025641025641026, ""order_month"": ""2036-03"", ""planned_arrival_month"": ""2037-03"", ""requested_t"": 16.025641025641026, ""shipment_id"": ""S0015"", ""source_id"": ""A"", ""source_name"": ""Earth-Core"", ""unfulfilled_request_t"": 0.0}, {""actual_arrival_month"": ""2037-04"", ""actual_delivery_share"": 1.0, ""availability_share"": 1.0, ""feasible_t"": 16.025641025641026, ""gross_delivery_t"": 16.025641025641026, ""order_month"": ""2036-04"", ""planned_arrival_month"": ""2037-04"", ""requested_t"": 16.025641025641026, ""shipment_id"": ""S0016"", ""source_id"": ""A"", ""source_name"": ""Earth-Core"", ""unfulfilled_request_t"": 0.0}, {""actual_arrival_month"": ""2037-05"", ""actual_delivery_share"": 1.0, ""availability_share"": 1.0, ""feasible_t"": 16.025641025641026, ""gross_delivery_t"": 16.025641025641026, ""order_month"": ""2036-05"", ""planned_arrival_month"": ""2037-05"", ""requested_t"": 16.025641025641026, ""shipment_id"": ""S0017"", ""source_id"": ""A"", ""source_name"": ""Earth-Core"", ""unfulfilled_request_t"": 0.0}, {""actual_arrival_month"": ""2037-06"", ""actual_delivery_share"": 1.0, ""availability_share"": 1.0, ""feasible_t"": 16.025641025641026, ""gross_delivery_t"": 16.025641025641026, ""order_month"": ""2036-06"", ""planned_arrival_month"": ""2037-06"", ""requested_t"": 16.025641025641026, ""shipment_id"": ""S0018"", ""source_id"": ""A"", ""source_name"": ""Earth-Core"", ""unfulfilled_request_t"": 0.0}, {""actual_arrival_month"": ""2037-07"", ""actual_delivery_share"": 1.0, ""availability_share"": 1.0, ""feasible_t"": 16.025641025641026, ""gross_delivery_t"": 16.025641025641026, ""order_month"": ""2036-07"", ""planned_arrival_month"": ""2037-07"", ""requested_t"": 16.025641025641026, ""shipment_id"": ""S0019"", ""source_id"": ""A"", ""source_name"": ""Earth-Core"", ""unfulfilled_request_t"": 0.0}, {""actual_arrival_month"": ""2037-08"", ""actual_delivery_share"": 1.0, ""availability_share"": 1.0, ""feasible_t"": 16.025641025641026, ""gross_delivery_t"": 16.025641025641026, ""order_month"": ""2036-08"", ""planned_arrival_month"": ""2037-08"", ""requested_t"": 16.025641025641026, ""shipment_id"": ""S0020"", ""source_id"": ""A"", ""source_name"": ""Earth-Core"", ""unfulfilled_request_t"": 0.0}, {""actual_arrival_month"": ""2037-09"", ""actual_delivery_share"": 1.0, ""availability_share"": 1.0, ""feasible_t"": 16.025641025641026, ""gross_delivery_t"": 16.025641025641026, ""order_month"": ""2036-09"", ""planned_arrival_month"": ""2037-09"", ""requested_t"": 16.025641025641026, ""shipment_id"": ""S0021"", ""source_id"": ""A"", ""source_name"": ""Earth-Core"", ""unfulfilled_request_t"": 0.0}, {""actual_arrival_month"": ""2037-10"", ""actual_delivery_share"": 1.0, ""availability_share"": 1.0, ""feasible_t"": 16.025641025641026, ""gross_delivery_t"": 16.025641025641026, ""order_month"": ""2036-10"", ""planned_arrival_month"": ""2037-10"", ""requested_t"": 16.025641025641026, ""shipment_id"": ""S0022"", ""source_id"": ""A"", ""source_name"": ""Earth-Core"", ""unfulfilled_request_t"": 0.0}, {""actual_arrival_month"": ""2037-11"", ""actual_delivery_share"": 1.0, ""availability_share"": 1.0, ""feasible_t"": 16.025641025641026, ""gross_delivery_t"": 16.025641025641026, ""order_month"": ""2036-11"", ""planned_arrival_month"": ""2037-11"", ""requested_t"": 16.025641025641026, ""shipment_id"": ""S0023"", ""source_id"": ""A"", ""source_name"": ""Earth-Core"", ""unfulfilled_request_t"": 0.0}]","{""A"": 13.3917004048583}","{""A"": 13.3917004048583}",13.3917004048583,0.1607004048582996,13.231,13.231,0.0,60.289858447488676,8.75,2.916666666666666,0.0,0.0,48.62319178082201,ZBO,120.0,0.012,"[""ZBO""]",2.8704615068493204,1.0,[]
2036-12,48.62319178082201,11.666666666666666,8.75,"{""A"": 190.0, ""B"": 0, ""C"": 0, ""D"": 0, ""E"": 0}","{""A"": 13.71794871794873}","[{""actual_arrival_month"": ""2037-01"", ""actual_delivery_share"": 1.0, ""availability_share"": 1.0, ""feasible_t"": 16.025641025641026, ""gross_delivery_t"": 16.025641025641026, ""order_month"": ""2036-01"", ""planned_arrival_month"": ""2037-01"", ""requested_t"": 16.025641025641026, ""shipment_id"": ""S0013"", ""source_id"": ""A"", ""source_name"": ""Earth-Core"", ""unfulfilled_request_t"": 0.0}, {""actual_arrival_month"": ""2037-02"", ""actual_delivery_share"": 1.0, ""availability_share"": 1.0, ""feasible_t"": 16.025641025641026, ""gross_delivery_t"": 16.025641025641026, ""order_month"": ""2036-02"", ""planned_arrival_month"": ""2037-02"", ""requested_t"": 16.025641025641026, ""shipment_id"": ""S0014"", ""source_id"": ""A"", ""source_name"": ""Earth-Core"", ""unfulfilled_request_t"": 0.0}, {""actual_arrival_month"": ""2037-03"", ""actual_delivery_share"": 1.0, ""availability_share"": 1.0, ""feasible_t"": 16.025641025641026, ""gross_delivery_t"": 16.025641025641026, ""order_month"": ""2036-03"", ""planned_arrival_month"": ""2037-03"", ""requested_t"": 16.025641025641026, ""shipment_id"": ""S0015"", ""source_id"": ""A"", ""source_name"": ""Earth-Core"", ""unfulfilled_request_t"": 0.0}, {""actual_arrival_month"": ""2037-04"", ""actual_delivery_share"": 1.0, ""availability_share"": 1.0, ""feasible_t"": 16.025641025641026, ""gross_delivery_t"": 16.025641025641026, ""order_month"": ""2036-04"", ""planned_arrival_month"": ""2037-04"", ""requested_t"": 16.025641025641026, ""shipment_id"": ""S0016"", ""source_id"": ""A"", ""source_name"": ""Earth-Core"", ""unfulfilled_request_t"": 0.0}, {""actual_arrival_month"": ""2037-05"", ""actual_delivery_share"": 1.0, ""availability_share"": 1.0, ""feasible_t"": 16.025641025641026, ""gross_delivery_t"": 16.025641025641026, ""order_month"": ""2036-05"", ""planned_arrival_month"": ""2037-05"", ""requested_t"": 16.025641025641026, ""shipment_id"": ""S0017"", ""source_id"": ""A"", ""source_name"": ""Earth-Core"", ""unfulfilled_request_t"": 0.0}, {""actual_arrival_month"": ""2037-06"", ""actual_delivery_share"": 1.0, ""availability_share"": 1.0, ""feasible_t"": 16.025641025641026, ""gross_delivery_t"": 16.025641025641026, ""order_month"": ""2036-06"", ""planned_arrival_month"": ""2037-06"", ""requested_t"": 16.025641025641026, ""shipment_id"": ""S0018"", ""source_id"": ""A"", ""source_name"": ""Earth-Core"", ""unfulfilled_request_t"": 0.0}, {""actual_arrival_month"": ""2037-07"", ""actual_delivery_share"": 1.0, ""availability_share"": 1.0, ""feasible_t"": 16.025641025641026, ""gross_delivery_t"": 16.025641025641026, ""order_month"": ""2036-07"", ""planned_arrival_month"": ""2037-07"", ""requested_t"": 16.025641025641026, ""shipment_id"": ""S0019"", ""source_id"": ""A"", ""source_name"": ""Earth-Core"", ""unfulfilled_request_t"": 0.0}, {""actual_arrival_month"": ""2037-08"", ""actual_delivery_share"": 1.0, ""availability_share"": 1.0, ""feasible_t"": 16.025641025641026, ""gross_delivery_t"": 16.025641025641026, ""order_month"": ""2036-08"", ""planned_arrival_month"": ""2037-08"", ""requested_t"": 16.025641025641026, ""shipment_id"": ""S0020"", ""source_id"": ""A"", ""source_name"": ""Earth-Core"", ""unfulfilled_request_t"": 0.0}, {""actual_arrival_month"": ""2037-09"", ""actual_delivery_share"": 1.0, ""availability_share"": 1.0, ""feasible_t"": 16.025641025641026, ""gross_delivery_t"": 16.025641025641026, ""order_month"": ""2036-09"", ""planned_arrival_month"": ""2037-09"", ""requested_t"": 16.025641025641026, ""shipment_id"": ""S0021"", ""source_id"": ""A"", ""source_name"": ""Earth-Core"", ""unfulfilled_request_t"": 0.0}, {""actual_arrival_month"": ""2037-10"", ""actual_delivery_share"": 1.0, ""availability_share"": 1.0, ""feasible_t"": 16.025641025641026, ""gross_delivery_t"": 16.025641025641026, ""order_month"": ""2036-10"", ""planned_arrival_month"": ""2037-10"", ""requested_t"": 16.025641025641026, ""shipment_id"": ""S0022"", ""source_id"": ""A"", ""source_name"": ""Earth-Core"", ""unfulfilled_request_t"": 0.0}, {""actual_arrival_month"": ""2037-11"", ""actual_delivery_share"": 1.0, ""availability_share"": 1.0, ""feasible_t"": 16.025641025641026, ""gross_delivery_t"": 16.025641025641026, ""order_month"": ""2036-11"", ""planned_arrival_month"": ""2037-11"", ""requested_t"": 16.025641025641026, ""shipment_id"": ""S0023"", ""source_id"": ""A"", ""source_name"": ""Earth-Core"", ""unfulfilled_request_t"": 0.0}, {""actual_arrival_month"": ""2037-12"", ""actual_delivery_share"": 1.0, ""availability_share"": 1.0, ""feasible_t"": 13.71794871794873, ""gross_delivery_t"": 13.71794871794873, ""order_month"": ""2036-12"", ""planned_arrival_month"": ""2037-12"", ""requested_t"": 13.71794871794873, ""shipment_id"": ""S0024"", ""source_id"": ""A"", ""source_name"": ""Earth-Core"", ""unfulfilled_request_t"": 0.0}]","{""A"": 13.3917004048583}","{""A"": 13.3917004048583}",13.3917004048583,0.1607004048582996,13.231,13.231,0.0,61.85419178082201,8.75,2.916666666666666,0.0,0.0,50.18752511415535,ZBO,120.0,0.012,"[""ZBO""]",2.9643215068493203,1.0,[]
2037-01,50.18752511415535,15.833333333333334,11.25,"{""A"": 133.0364372470635, ""B"": 1.7307692308692224, ""C"": 0, ""D"": 0, ""E"": 0}","{""A"": 21.086369770580294}","[{""actual_arrival_month"": ""2037-02"", ""actual_delivery_share"": 1.0, ""availability_share"": 1.0, ""feasible_t"": 16.025641025641026, ""gross_delivery_t"": 16.025641025641026, ""order_month"": ""2036-02"", ""planned_arrival_month"": ""2037-02"", ""requested_t"": 16.025641025641026, ""shipment_id"": ""S0014"", ""source_id"": ""A"", ""source_name"": ""Earth-Core"", ""unfulfilled_request_t"": 0.0}, {""actual_arrival_month"": ""2037-03"", ""actual_delivery_share"": 1.0, ""availability_share"": 1.0, ""feasible_t"": 16.025641025641026, ""gross_delivery_t"": 16.025641025641026, ""order_month"": ""2036-03"", ""planned_arrival_month"": ""2037-03"", ""requested_t"": 16.025641025641026, ""shipment_id"": ""S0015"", ""source_id"": ""A"", ""source_name"": ""Earth-Core"", ""unfulfilled_request_t"": 0.0}, {""actual_arrival_month"": ""2037-04"", ""actual_delivery_share"": 1.0, ""availability_share"": 1.0, ""feasible_t"": 16.025641025641026, ""gross_delivery_t"": 16.025641025641026, ""order_month"": ""2036-04"", ""planned_arrival_month"": ""2037-04"", ""requested_t"": 16.025641025641026, ""shipment_id"": ""S0016"", ""source_id"": ""A"", ""source_name"": ""Earth-Core"", ""unfulfilled_request_t"": 0.0}, {""actual_arrival_month"": ""2037-05"", ""actual_delivery_share"": 1.0, ""availability_share"": 1.0, ""feasible_t"": 16.025641025641026, ""gross_delivery_t"": 16.025641025641026, ""order_month"": ""2036-05"", ""planned_arrival_month"": ""2037-05"", ""requested_t"": 16.025641025641026, ""shipment_id"": ""S0017"", ""source_id"": ""A"", ""source_name"": ""Earth-Core"", ""unfulfilled_request_t"": 0.0}, {""actual_arrival_month"": ""2037-06"", ""actual_delivery_share"": 1.0, ""availability_share"": 1.0, ""feasible_t"": 16.025641025641026, ""gross_delivery_t"": 16.025641025641026, ""order_month"": ""2036-06"", ""planned_arrival_month"": ""2037-06"", ""requested_t"": 16.025641025641026, ""shipment_id"": ""S0018"", ""source_id"": ""A"", ""source_name"": ""Earth-Core"", ""unfulfilled_request_t"": 0.0}, {""actual_arrival_month"": ""2037-07"", ""actual_delivery_share"": 1.0, ""availability_share"": 1.0, ""feasible_t"": 16.025641025641026, ""gross_delivery_t"": 16.025641025641026, ""order_month"": ""2036-07"", ""planned_arrival_month"": ""2037-07"", ""requested_t"": 16.025641025641026, ""shipment_id"": ""S0019"", ""source_id"": ""A"", ""source_name"": ""Earth-Core"", ""unfulfilled_request_t"": 0.0}, {""actual_arrival_month"": ""2037-08"", ""actual_delivery_share"": 1.0, ""availability_share"": 1.0, ""feasible_t"": 16.025641025641026, ""gross_delivery_t"": 16.025641025641026, ""order_month"": ""2036-08"", ""planned_arrival_month"": ""2037-08"", ""requested_t"": 16.025641025641026, ""shipment_id"": ""S0020"", ""source_id"": ""A"", ""source_name"": ""Earth-Core"", ""unfulfilled_request_t"": 0.0}, {""actual_arrival_month"": ""2037-09"", ""actual_delivery_share"": 1.0, ""availability_share"": 1.0, ""feasible_t"": 16.025641025641026, ""gross_delivery_t"": 16.025641025641026, ""order_month"": ""2036-09"", ""planned_arrival_month"": ""2037-09"", ""requested_t"": 16.025641025641026, ""shipment_id"": ""S0021"", ""source_id"": ""A"", ""source_name"": ""Earth-Core"", ""unfulfilled_request_t"": 0.0}, {""actual_arrival_month"": ""2037-10"", ""actual_delivery_share"": 1.0, ""availability_share"": 1.0, ""feasible_t"": 16.025641025641026, ""gross_delivery_t"": 16.025641025641026, ""order_month"": ""2036-10"", ""planned_arrival_month"": ""2037-10"", ""requested_t"": 16.025641025641026, ""shipment_id"": ""S0022"", ""source_id"": ""A"", ""source_name"": ""Earth-Core"", ""unfulfilled_request_t"": 0.0}, {""actual_arrival_month"": ""2037-11"", ""actual_delivery_share"": 1.0, ""availability_share"": 1.0, ""feasible_t"": 16.025641025641026, ""gross_delivery_t"": 16.025641025641026, ""order_month"": ""2036-11"", ""planned_arrival_month"": ""2037-11"", ""requested_t"": 16.025641025641026, ""shipment_id"": ""S0023"", ""source_id"": ""A"", ""source_name"": ""Earth-Core"", ""unfulfilled_request_t"": 0.0}, {""actual_arrival_month"": ""2037-12"", ""actual_delivery_share"": 1.0, ""availability_share"": 1.0, ""feasible_t"": 13.71794871794873, ""gross_delivery_t"": 13.71794871794873, ""order_month"": ""2036-12"", ""planned_arrival_month"": ""2037-12"", ""requested_t"": 13.71794871794873, ""shipment_id"": ""S0024"", ""source_id"": ""A"", ""source_name"": ""Earth-Core"", ""unfulfilled_request_t"": 0.0}, {""actual_arrival_month"": ""2038-01"", ""actual_delivery_share"": 1.0, ""availability_share"": 1.0, ""feasible_t"": 21.086369770580294, ""gross_delivery_t"": 21.086369770580294, ""order_month"": ""2037-01"", ""planned_arrival_month"": ""2038-01"", ""requested_t"": 21.086369770580294, ""shipment_id"": ""S0025"", ""source_id"": ""A"", ""source_name"": ""Earth-Core"", ""unfulfilled_request_t"": 0.0}]","{""A"": 16.025641025641026}","{""A"": 16.025641025641026}",16.025641025641026,0.19230769230769232,15.833333333333334,15.833333333333334,0.0,66.02085844748868,11.25,4.583333333333334,0.0,0.0,50.18752511415534,ZBO,120.0,0.012,"[""ZBO""]",3.011251506849321,1.0,[]
2037-02,50.18752511415534,15.833333333333334,11.25,"{""A"": 133.0364372470635, ""B"": 1.7307692308692224, ""C"": 0, ""D"": 0, ""E"": 0}","{""A"": 21.086369770580294}","[{""actual_arrival_month"": ""2037-03"", ""actual_delivery_share"": 1.0, ""availability_share"": 1.0, ""feasible_t"": 16.025641025641026, ""gross_delivery_t"": 16.025641025641026, ""order_month"": ""2036-03"", ""planned_arrival_month"": ""2037-03"", ""requested_t"": 16.025641025641026, ""shipment_id"": ""S0015"", ""source_id"": ""A"", ""source_name"": ""Earth-Core"", ""unfulfilled_request_t"": 0.0}, {""actual_arrival_month"": ""2037-04"", ""actual_delivery_share"": 1.0, ""availability_share"": 1.0, ""feasible_t"": 16.025641025641026, ""gross_delivery_t"": 16.025641025641026, ""order_month"": ""2036-04"", ""planned_arrival_month"": ""2037-04"", ""requested_t"": 16.025641025641026, ""shipment_id"": ""S0016"", ""source_id"": ""A"", ""source_name"": ""Earth-Core"", ""unfulfilled_request_t"": 0.0}, {""actual_arrival_month"": ""2037-05"", ""actual_delivery_share"": 1.0, ""availability_share"": 1.0, ""feasible_t"": 16.025641025641026, ""gross_delivery_t"": 16.025641025641026, ""order_month"": ""2036-05"", ""planned_arrival_month"": ""2037-05"", ""requested_t"": 16.025641025641026, ""shipment_id"": ""S0017"", ""source_id"": ""A"", ""source_name"": ""Earth-Core"", ""unfulfilled_request_t"": 0.0}, {""actual_arrival_month"": ""2037-06"", ""actual_delivery_share"": 1.0, ""availability_share"": 1.0, ""feasible_t"": 16.025641025641026, ""gross_delivery_t"": 16.025641025641026, ""order_month"": ""2036-06"", ""planned_arrival_month"": ""2037-06"", ""requested_t"": 16.025641025641026, ""shipment_id"": ""S0018"", ""source_id"": ""A"", ""source_name"": ""Earth-Core"", ""unfulfilled_request_t"": 0.0}, {""actual_arrival_month"": ""2037-07"", ""actual_delivery_share"": 1.0, ""availability_share"": 1.0, ""feasible_t"": 16.025641025641026, ""gross_delivery_t"": 16.025641025641026, ""order_month"": ""2036-07"", ""planned_arrival_month"": ""2037-07"", ""requested_t"": 16.025641025641026, ""shipment_id"": ""S0019"", ""source_id"": ""A"", ""source_name"": ""Earth-Core"", ""unfulfilled_request_t"": 0.0}, {""actual_arrival_month"": ""2037-08"", ""actual_delivery_share"": 1.0, ""availability_share"": 1.0, ""feasible_t"": 16.025641025641026, ""gross_delivery_t"": 16.025641025641026, ""order_month"": ""2036-08"", ""planned_arrival_month"": ""2037-08"", ""requested_t"": 16.025641025641026, ""shipment_id"": ""S0020"", ""source_id"": ""A"", ""source_name"": ""Earth-Core"", ""unfulfilled_request_t"": 0.0}, {""actual_arrival_month"": ""2037-09"", ""actual_delivery_share"": 1.0, ""availability_share"": 1.0, ""feasible_t"": 16.025641025641026, ""gross_delivery_t"": 16.025641025641026, ""order_month"": ""2036-09"", ""planned_arrival_month"": ""2037-09"", ""requested_t"": 16.025641025641026, ""shipment_id"": ""S0021"", ""source_id"": ""A"", ""source_name"": ""Earth-Core"", ""unfulfilled_request_t"": 0.0}, {""actual_arrival_month"": ""2037-10"", ""actual_delivery_share"": 1.0, ""availability_share"": 1.0, ""feasible_t"": 16.025641025641026, ""gross_delivery_t"": 16.025641025641026, ""order_month"": ""2036-10"", ""planned_arrival_month"": ""2037-10"", ""requested_t"": 16.025641025641026, ""shipment_id"": ""S0022"", ""source_id"": ""A"", ""source_name"": ""Earth-Core"", ""unfulfilled_request_t"": 0.0}, {""actual_arrival_month"": ""2037-11"", ""actual_delivery_share"": 1.0, ""availability_share"": 1.0, ""feasible_t"": 16.025641025641026, ""gross_delivery_t"": 16.025641025641026, ""order_month"": ""2036-11"", ""planned_arrival_month"": ""2037-11"", ""requested_t"": 16.025641025641026, ""shipment_id"": ""S0023"", ""source_id"": ""A"", ""source_name"": ""Earth-Core"", ""unfulfilled_request_t"": 0.0}, {""actual_arrival_month"": ""2037-12"", ""actual_delivery_share"": 1.0, ""availability_share"": 1.0, ""feasible_t"": 13.71794871794873, ""gross_delivery_t"": 13.71794871794873, ""order_month"": ""2036-12"", ""planned_arrival_month"": ""2037-12"", ""requested_t"": 13.71794871794873, ""shipment_id"": ""S0024"", ""source_id"": ""A"", ""source_name"": ""Earth-Core"", ""unfulfilled_request_t"": 0.0}, {""actual_arrival_month"": ""2038-01"", ""actual_delivery_share"": 1.0, ""availability_share"": 1.0, ""feasible_t"": 21.086369770580294, ""gross_delivery_t"": 21.086369770580294, ""order_month"": ""2037-01"", ""planned_arrival_month"": ""2038-01"", ""requested_t"": 21.086369770580294, ""shipment_id"": ""S0025"", ""source_id"": ""A"", ""source_name"": ""Earth-Core"", ""unfulfilled_request_t"": 0.0}, {""actual_arrival_month"": ""2038-02"", ""actual_delivery_share"": 1.0, ""availability_share"": 1.0, ""feasible_t"": 21.086369770580294, ""gross_delivery_t"": 21.086369770580294, ""order_month"": ""2037-02"", ""planned_arrival_month"": ""2038-02"", ""requested_t"": 21.086369770580294, ""shipment_id"": ""S0026"", ""source_id"": ""A"", ""source_name"": ""Earth-Core"", ""unfulfilled_request_t"": 0.0}]","{""A"": 16.025641025641026}","{""A"": 16.025641025641026}",16.025641025641026,0.19230769230769232,15.833333333333334,15.833333333333334,0.0,66.02085844748868,11.25,4.583333333333334,0.0,0.0,50.18752511415534,ZBO,120.0,0.012,"[""ZBO""]",3.01125150684932,1.0,[]
2037-03,50.18752511415534,15.833333333333334,11.25,"{""A"": 133.0364372470635, ""B"": 1.7307692308692224, ""C"": 0, ""D"": 0, ""E"": 0}",{},"[{""actual_arrival_month"": ""2037-04"", ""actual_delivery_share"": 1.0, ""availability_share"": 1.0, ""feasible_t"": 16.025641025641026, ""gross_delivery_t"": 16.025641025641026, ""order_month"": ""2036-04"", ""planned_arrival_month"": ""2037-04"", ""requested_t"": 16.025641025641026, ""shipment_id"": ""S0016"", ""source_id"": ""A"", ""source_name"": ""Earth-Core"", ""unfulfilled_request_t"": 0.0}, {""actual_arrival_month"": ""2037-05"", ""actual_delivery_share"": 1.0, ""availability_share"": 1.0, ""feasible_t"": 16.025641025641026, ""gross_delivery_t"": 16.025641025641026, ""order_month"": ""2036-05"", ""planned_arrival_month"": ""2037-05"", ""requested_t"": 16.025641025641026, ""shipment_id"": ""S0017"", ""source_id"": ""A"", ""source_name"": ""Earth-Core"", ""unfulfilled_request_t"": 0.0}, {""actual_arrival_month"": ""2037-06"", ""actual_delivery_share"": 1.0, ""availability_share"": 1.0, ""feasible_t"": 16.025641025641026, ""gross_delivery_t"": 16.025641025641026, ""order_month"": ""2036-06"", ""planned_arrival_month"": ""2037-06"", ""requested_t"": 16.025641025641026, ""shipment_id"": ""S0018"", ""source_id"": ""A"", ""source_name"": ""Earth-Core"", ""unfulfilled_request_t"": 0.0}, {""actual_arrival_month"": ""2037-07"", ""actual_delivery_share"": 1.0, ""availability_share"": 1.0, ""feasible_t"": 16.025641025641026, ""gross_delivery_t"": 16.025641025641026, ""order_month"": ""2036-07"", ""planned_arrival_month"": ""2037-07"", ""requested_t"": 16.025641025641026, ""shipment_id"": ""S0019"", ""source_id"": ""A"", ""source_name"": ""Earth-Core"", ""unfulfilled_request_t"": 0.0}, {""actual_arrival_month"": ""2037-08"", ""actual_delivery_share"": 1.0, ""availability_share"": 1.0, ""feasible_t"": 16.025641025641026, ""gross_delivery_t"": 16.025641025641026, ""order_month"": ""2036-08"", ""planned_arrival_month"": ""2037-08"", ""requested_t"": 16.025641025641026, ""shipment_id"": ""S0020"", ""source_id"": ""A"", ""source_name"": ""Earth-Core"", ""unfulfilled_request_t"": 0.0}, {""actual_arrival_month"": ""2037-09"", ""actual_delivery_share"": 1.0, ""availability_share"": 1.0, ""feasible_t"": 16.025641025641026, ""gross_delivery_t"": 16.025641025641026, ""order_month"": ""2036-09"", ""planned_arrival_month"": ""2037-09"", ""requested_t"": 16.025641025641026, ""shipment_id"": ""S0021"", ""source_id"": ""A"", ""source_name"": ""Earth-Core"", ""unfulfilled_request_t"": 0.0}, {""actual_arrival_month"": ""2037-10"", ""actual_delivery_share"": 1.0, ""availability_share"": 1.0, ""feasible_t"": 16.025641025641026, ""gross_delivery_t"": 16.025641025641026, ""order_month"": ""2036-10"", ""planned_arrival_month"": ""2037-10"", ""requested_t"": 16.025641025641026, ""shipment_id"": ""S0022"", ""source_id"": ""A"", ""source_name"": ""Earth-Core"", ""unfulfilled_request_t"": 0.0}, {""actual_arrival_month"": ""2037-11"", ""actual_delivery_share"": 1.0, ""availability_share"": 1.0, ""feasible_t"": 16.025641025641026, ""gross_delivery_t"": 16.025641025641026, ""order_month"": ""2036-11"", ""planned_arrival_month"": ""2037-11"", ""requested_t"": 16.025641025641026, ""shipment_id"": ""S0023"", ""source_id"": ""A"", ""source_name"": ""Earth-Core"", ""unfulfilled_request_t"": 0.0}, {""actual_arrival_month"": ""2037-12"", ""actual_delivery_share"": 1.0, ""availability_share"": 1.0, ""feasible_t"": 13.71794871794873, ""gross_delivery_t"": 13.71794871794873, ""order_month"": ""2036-12"", ""planned_arrival_month"": ""2037-12"", ""requested_t"": 13.71794871794873, ""shipment_id"": ""S0024"", ""source_id"": ""A"", ""source_name"": ""Earth-Core"", ""unfulfilled_request_t"": 0.0}, {""actual_arrival_month"": ""2038-01"", ""actual_delivery_share"": 1.0, ""availability_share"": 1.0, ""feasible_t"": 21.086369770580294, ""gross_delivery_t"": 21.086369770580294, ""order_month"": ""2037-01"", ""planned_arrival_month"": ""2038-01"", ""requested_t"": 21.086369770580294, ""shipment_id"": ""S0025"", ""source_id"": ""A"", ""source_name"": ""Earth-Core"", ""unfulfilled_request_t"": 0.0}, {""actual_arrival_month"": ""2038-02"", ""actual_delivery_share"": 1.0, ""availability_share"": 1.0, ""feasible_t"": 21.086369770580294, ""gross_delivery_t"": 21.086369770580294, ""order_month"": ""2037-02"", ""planned_arrival_month"": ""2038-02"", ""requested_t"": 21.086369770580294, ""shipment_id"": ""S0026"", ""source_id"": ""A"", ""source_name"": ""Earth-Core"", ""unfulfilled_request_t"": 0.0}]","{""A"": 16.025641025641026}","{""A"": 16.025641025641026}",16.025641025641026,0.19230769230769232,15.833333333333334,15.833333333333334,0.0,66.02085844748868,11.25,4.583333333333334,0.0,0.0,50.18752511415534,ZBO,120.0,0.012,"[""ZBO""]",3.01125150684932,1.0,[]
2037-04,50.18752511415534,15.833333333333334,11.25,"{""A"": 133.0364372470635, ""B"": 1.7307692308692224, ""C"": 0, ""D"": 0, ""E"": 0}",{},"[{""actual_arrival_month"": ""2037-05"", ""actual_delivery_share"": 1.0, ""availability_share"": 1.0, ""feasible_t"": 16.025641025641026, ""gross_delivery_t"": 16.025641025641026, ""order_month"": ""2036-05"", ""planned_arrival_month"": ""2037-05"", ""requested_t"": 16.025641025641026, ""shipment_id"": ""S0017"", ""source_id"": ""A"", ""source_name"": ""Earth-Core"", ""unfulfilled_request_t"": 0.0}, {""actual_arrival_month"": ""2037-06"", ""actual_delivery_share"": 1.0, ""availability_share"": 1.0, ""feasible_t"": 16.025641025641026, ""gross_delivery_t"": 16.025641025641026, ""order_month"": ""2036-06"", ""planned_arrival_month"": ""2037-06"", ""requested_t"": 16.025641025641026, ""shipment_id"": ""S0018"", ""source_id"": ""A"", ""source_name"": ""Earth-Core"", ""unfulfilled_request_t"": 0.0}, {""actual_arrival_month"": ""2037-07"", ""actual_delivery_share"": 1.0, ""availability_share"": 1.0, ""feasible_t"": 16.025641025641026, ""gross_delivery_t"": 16.025641025641026, ""order_month"": ""2036-07"", ""planned_arrival_month"": ""2037-07"", ""requested_t"": 16.025641025641026, ""shipment_id"": ""S0019"", ""source_id"": ""A"", ""source_name"": ""Earth-Core"", ""unfulfilled_request_t"": 0.0}, {""actual_arrival_month"": ""2037-08"", ""actual_delivery_share"": 1.0, ""availability_share"": 1.0, ""feasible_t"": 16.025641025641026, ""gross_delivery_t"": 16.025641025641026, ""order_month"": ""2036-08"", ""planned_arrival_month"": ""2037-08"", ""requested_t"": 16.025641025641026, ""shipment_id"": ""S0020"", ""source_id"": ""A"", ""source_name"": ""Earth-Core"", ""unfulfilled_request_t"": 0.0}, {""actual_arrival_month"": ""2037-09"", ""actual_delivery_share"": 1.0, ""availability_share"": 1.0, ""feasible_t"": 16.025641025641026, ""gross_delivery_t"": 16.025641025641026, ""order_month"": ""2036-09"", ""planned_arrival_month"": ""2037-09"", ""requested_t"": 16.025641025641026, ""shipment_id"": ""S0021"", ""source_id"": ""A"", ""source_name"": ""Earth-Core"", ""unfulfilled_request_t"": 0.0}, {""actual_arrival_month"": ""2037-10"", ""actual_delivery_share"": 1.0, ""availability_share"": 1.0, ""feasible_t"": 16.025641025641026, ""gross_delivery_t"": 16.025641025641026, ""order_month"": ""2036-10"", ""planned_arrival_month"": ""2037-10"", ""requested_t"": 16.025641025641026, ""shipment_id"": ""S0022"", ""source_id"": ""A"", ""source_name"": ""Earth-Core"", ""unfulfilled_request_t"": 0.0}, {""actual_arrival_month"": ""2037-11"", ""actual_delivery_share"": 1.0, ""availability_share"": 1.0, ""feasible_t"": 16.025641025641026, ""gross_delivery_t"": 16.025641025641026, ""order_month"": ""2036-11"", ""planned_arrival_month"": ""2037-11"", ""requested_t"": 16.025641025641026, ""shipment_id"": ""S0023"", ""source_id"": ""A"", ""source_name"": ""Earth-Core"", ""unfulfilled_request_t"": 0.0}, {""actual_arrival_month"": ""2037-12"", ""actual_delivery_share"": 1.0, ""availability_share"": 1.0, ""feasible_t"": 13.71794871794873, ""gross_delivery_t"": 13.71794871794873, ""order_month"": ""2036-12"", ""planned_arrival_month"": ""2037-12"", ""requested_t"": 13.71794871794873, ""shipment_id"": ""S0024"", ""source_id"": ""A"", ""source_name"": ""Earth-Core"", ""unfulfilled_request_t"": 0.0}, {""actual_arrival_month"": ""2038-01"", ""actual_delivery_share"": 1.0, ""availability_share"": 1.0, ""feasible_t"": 21.086369770580294, ""gross_delivery_t"": 21.086369770580294, ""order_month"": ""2037-01"", ""planned_arrival_month"": ""2038-01"", ""requested_t"": 21.086369770580294, ""shipment_id"": ""S0025"", ""source_id"": ""A"", ""source_name"": ""Earth-Core"", ""unfulfilled_request_t"": 0.0}, {""actual_arrival_month"": ""2038-02"", ""actual_delivery_share"": 1.0, ""availability_share"": 1.0, ""feasible_t"": 21.086369770580294, ""gross_delivery_t"": 21.086369770580294, ""order_month"": ""2037-02"", ""planned_arrival_month"": ""2038-02"", ""requested_t"": 21.086369770580294, ""shipment_id"": ""S0026"", ""source_id"": ""A"", ""source_name"": ""Earth-Core"", ""unfulfilled_request_t"": 0.0}]","{""A"": 16.025641025641026}","{""A"": 16.025641025641026}",16.025641025641026,0.19230769230769232,15.833333333333334,15.833333333333334,0.0,66.02085844748868,11.25,4.583333333333334,0.0,0.0,50.18752511415534,ZBO,120.0,0.012,"[""ZBO""]",3.01125150684932,1.0,[]
2037-05,50.18752511415534,15.833333333333334,11.25,"{""A"": 133.0364372470635, ""B"": 1.7307692308692224, ""C"": 0, ""D"": 0, ""E"": 0}",{},"[{""actual_arrival_month"": ""2037-06"", ""actual_delivery_share"": 1.0, ""availability_share"": 1.0, ""feasible_t"": 16.025641025641026, ""gross_delivery_t"": 16.025641025641026, ""order_month"": ""2036-06"", ""planned_arrival_month"": ""2037-06"", ""requested_t"": 16.025641025641026, ""shipment_id"": ""S0018"", ""source_id"": ""A"", ""source_name"": ""Earth-Core"", ""unfulfilled_request_t"": 0.0}, {""actual_arrival_month"": ""2037-07"", ""actual_delivery_share"": 1.0, ""availability_share"": 1.0, ""feasible_t"": 16.025641025641026, ""gross_delivery_t"": 16.025641025641026, ""order_month"": ""2036-07"", ""planned_arrival_month"": ""2037-07"", ""requested_t"": 16.025641025641026, ""shipment_id"": ""S0019"", ""source_id"": ""A"", ""source_name"": ""Earth-Core"", ""unfulfilled_request_t"": 0.0}, {""actual_arrival_month"": ""2037-08"", ""actual_delivery_share"": 1.0, ""availability_share"": 1.0, ""feasible_t"": 16.025641025641026, ""gross_delivery_t"": 16.025641025641026, ""order_month"": ""2036-08"", ""planned_arrival_month"": ""2037-08"", ""requested_t"": 16.025641025641026, ""shipment_id"": ""S0020"", ""source_id"": ""A"", ""source_name"": ""Earth-Core"", ""unfulfilled_request_t"": 0.0}, {""actual_arrival_month"": ""2037-09"", ""actual_delivery_share"": 1.0, ""availability_share"": 1.0, ""feasible_t"": 16.025641025641026, ""gross_delivery_t"": 16.025641025641026, ""order_month"": ""2036-09"", ""planned_arrival_month"": ""2037-09"", ""requested_t"": 16.025641025641026, ""shipment_id"": ""S0021"", ""source_id"": ""A"", ""source_name"": ""Earth-Core"", ""unfulfilled_request_t"": 0.0}, {""actual_arrival_month"": ""2037-10"", ""actual_delivery_share"": 1.0, ""availability_share"": 1.0, ""feasible_t"": 16.025641025641026, ""gross_delivery_t"": 16.025641025641026, ""order_month"": ""2036-10"", ""planned_arrival_month"": ""2037-10"", ""requested_t"": 16.025641025641026, ""shipment_id"": ""S0022"", ""source_id"": ""A"", ""source_name"": ""Earth-Core"", ""unfulfilled_request_t"": 0.0}, {""actual_arrival_month"": ""2037-11"", ""actual_delivery_share"": 1.0, ""availability_share"": 1.0, ""feasible_t"": 16.025641025641026, ""gross_delivery_t"": 16.025641025641026, ""order_month"": ""2036-11"", ""planned_arrival_month"": ""2037-11"", ""requested_t"": 16.025641025641026, ""shipment_id"": ""S0023"", ""source_id"": ""A"", ""source_name"": ""Earth-Core"", ""unfulfilled_request_t"": 0.0}, {""actual_arrival_month"": ""2037-12"", ""actual_delivery_share"": 1.0, ""availability_share"": 1.0, ""feasible_t"": 13.71794871794873, ""gross_delivery_t"": 13.71794871794873, ""order_month"": ""2036-12"", ""planned_arrival_month"": ""2037-12"", ""requested_t"": 13.71794871794873, ""shipment_id"": ""S0024"", ""source_id"": ""A"", ""source_name"": ""Earth-Core"", ""unfulfilled_request_t"": 0.0}, {""actual_arrival_month"": ""2038-01"", ""actual_delivery_share"": 1.0, ""availability_share"": 1.0, ""feasible_t"": 21.086369770580294, ""gross_delivery_t"": 21.086369770580294, ""order_month"": ""2037-01"", ""planned_arrival_month"": ""2038-01"", ""requested_t"": 21.086369770580294, ""shipment_id"": ""S0025"", ""source_id"": ""A"", ""source_name"": ""Earth-Core"", ""unfulfilled_request_t"": 0.0}, {""actual_arrival_month"": ""2038-02"", ""actual_delivery_share"": 1.0, ""availability_share"": 1.0, ""feasible_t"": 21.086369770580294, ""gross_delivery_t"": 21.086369770580294, ""order_month"": ""2037-02"", ""planned_arrival_month"": ""2038-02"", ""requested_t"": 21.086369770580294, ""shipment_id"": ""S0026"", ""source_id"": ""A"", ""source_name"": ""Earth-Core"", ""unfulfilled_request_t"": 0.0}]","{""A"": 16.025641025641026}","{""A"": 16.025641025641026}",16.025641025641026,0.19230769230769232,15.833333333333334,15.833333333333334,0.0,66.02085844748868,11.25,4.583333333333334,0.0,0.0,50.18752511415534,ZBO,120.0,0.012,"[""ZBO""]",3.01125150684932,1.0,[]
2037-06,50.18752511415534,15.833333333333334,11.25,"{""A"": 133.0364372470635, ""B"": 1.7307692308692224, ""C"": 0, ""D"": 0, ""E"": 0}",{},"[{""actual_arrival_month"": ""2037-07"", ""actual_delivery_share"": 1.0, ""availability_share"": 1.0, ""feasible_t"": 16.025641025641026, ""gross_delivery_t"": 16.025641025641026, ""order_month"": ""2036-07"", ""planned_arrival_month"": ""2037-07"", ""requested_t"": 16.025641025641026, ""shipment_id"": ""S0019"", ""source_id"": ""A"", ""source_name"": ""Earth-Core"", ""unfulfilled_request_t"": 0.0}, {""actual_arrival_month"": ""2037-08"", ""actual_delivery_share"": 1.0, ""availability_share"": 1.0, ""feasible_t"": 16.025641025641026, ""gross_delivery_t"": 16.025641025641026, ""order_month"": ""2036-08"", ""planned_arrival_month"": ""2037-08"", ""requested_t"": 16.025641025641026, ""shipment_id"": ""S0020"", ""source_id"": ""A"", ""source_name"": ""Earth-Core"", ""unfulfilled_request_t"": 0.0}, {""actual_arrival_month"": ""2037-09"", ""actual_delivery_share"": 1.0, ""availability_share"": 1.0, ""feasible_t"": 16.025641025641026, ""gross_delivery_t"": 16.025641025641026, ""order_month"": ""2036-09"", ""planned_arrival_month"": ""2037-09"", ""requested_t"": 16.025641025641026, ""shipment_id"": ""S0021"", ""source_id"": ""A"", ""source_name"": ""Earth-Core"", ""unfulfilled_request_t"": 0.0}, {""actual_arrival_month"": ""2037-10"", ""actual_delivery_share"": 1.0, ""availability_share"": 1.0, ""feasible_t"": 16.025641025641026, ""gross_delivery_t"": 16.025641025641026, ""order_month"": ""2036-10"", ""planned_arrival_month"": ""2037-10"", ""requested_t"": 16.025641025641026, ""shipment_id"": ""S0022"", ""source_id"": ""A"", ""source_name"": ""Earth-Core"", ""unfulfilled_request_t"": 0.0}, {""actual_arrival_month"": ""2037-11"", ""actual_delivery_share"": 1.0, ""availability_share"": 1.0, ""feasible_t"": 16.025641025641026, ""gross_delivery_t"": 16.025641025641026, ""order_month"": ""2036-11"", ""planned_arrival_month"": ""2037-11"", ""requested_t"": 16.025641025641026, ""shipment_id"": ""S0023"", ""source_id"": ""A"", ""source_name"": ""Earth-Core"", ""unfulfilled_request_t"": 0.0}, {""actual_arrival_month"": ""2037-12"", ""actual_delivery_share"": 1.0, ""availability_share"": 1.0, ""feasible_t"": 13.71794871794873, ""gross_delivery_t"": 13.71794871794873, ""order_month"": ""2036-12"", ""planned_arrival_month"": ""2037-12"", ""requested_t"": 13.71794871794873, ""shipment_id"": ""S0024"", ""source_id"": ""A"", ""source_name"": ""Earth-Core"", ""unfulfilled_request_t"": 0.0}, {""actual_arrival_month"": ""2038-01"", ""actual_delivery_share"": 1.0, ""availability_share"": 1.0, ""feasible_t"": 21.086369770580294, ""gross_delivery_t"": 21.086369770580294, ""order_month"": ""2037-01"", ""planned_arrival_month"": ""2038-01"", ""requested_t"": 21.086369770580294, ""shipment_id"": ""S0025"", ""source_id"": ""A"", ""source_name"": ""Earth-Core"", ""unfulfilled_request_t"": 0.0}, {""actual_arrival_month"": ""2038-02"", ""actual_delivery_share"": 1.0, ""availability_share"": 1.0, ""feasible_t"": 21.086369770580294, ""gross_delivery_t"": 21.086369770580294, ""order_month"": ""2037-02"", ""planned_arrival_month"": ""2038-02"", ""requested_t"": 21.086369770580294, ""shipment_id"": ""S0026"", ""source_id"": ""A"", ""source_name"": ""Earth-Core"", ""unfulfilled_request_t"": 0.0}]","{""A"": 16.025641025641026}","{""A"": 16.025641025641026}",16.025641025641026,0.19230769230769232,15.833333333333334,15.833333333333334,0.0,66.02085844748868,11.25,4.583333333333334,0.0,0.0,50.18752511415534,ZBO,120.0,0.012,"[""ZBO""]",3.01125150684932,1.0,[]
2037-07,50.18752511415534,15.833333333333334,11.25,"{""A"": 133.0364372470635, ""B"": 1.7307692308692224, ""C"": 0, ""D"": 0, ""E"": 0}",{},"[{""actual_arrival_month"": ""2037-08"", ""actual_delivery_share"": 1.0, ""availability_share"": 1.0, ""feasible_t"": 16.025641025641026, ""gross_delivery_t"": 16.025641025641026, ""order_month"": ""2036-08"", ""planned_arrival_month"": ""2037-08"", ""requested_t"": 16.025641025641026, ""shipment_id"": ""S0020"", ""source_id"": ""A"", ""source_name"": ""Earth-Core"", ""unfulfilled_request_t"": 0.0}, {""actual_arrival_month"": ""2037-09"", ""actual_delivery_share"": 1.0, ""availability_share"": 1.0, ""feasible_t"": 16.025641025641026, ""gross_delivery_t"": 16.025641025641026, ""order_month"": ""2036-09"", ""planned_arrival_month"": ""2037-09"", ""requested_t"": 16.025641025641026, ""shipment_id"": ""S0021"", ""source_id"": ""A"", ""source_name"": ""Earth-Core"", ""unfulfilled_request_t"": 0.0}, {""actual_arrival_month"": ""2037-10"", ""actual_delivery_share"": 1.0, ""availability_share"": 1.0, ""feasible_t"": 16.025641025641026, ""gross_delivery_t"": 16.025641025641026, ""order_month"": ""2036-10"", ""planned_arrival_month"": ""2037-10"", ""requested_t"": 16.025641025641026, ""shipment_id"": ""S0022"", ""source_id"": ""A"", ""source_name"": ""Earth-Core"", ""unfulfilled_request_t"": 0.0}, {""actual_arrival_month"": ""2037-11"", ""actual_delivery_share"": 1.0, ""availability_share"": 1.0, ""feasible_t"": 16.025641025641026, ""gross_delivery_t"": 16.025641025641026, ""order_month"": ""2036-11"", ""planned_arrival_month"": ""2037-11"", ""requested_t"": 16.025641025641026, ""shipment_id"": ""S0023"", ""source_id"": ""A"", ""source_name"": ""Earth-Core"", ""unfulfilled_request_t"": 0.0}, {""actual_arrival_month"": ""2037-12"", ""actual_delivery_share"": 1.0, ""availability_share"": 1.0, ""feasible_t"": 13.71794871794873, ""gross_delivery_t"": 13.71794871794873, ""order_month"": ""2036-12"", ""planned_arrival_month"": ""2037-12"", ""requested_t"": 13.71794871794873, ""shipment_id"": ""S0024"", ""source_id"": ""A"", ""source_name"": ""Earth-Core"", ""unfulfilled_request_t"": 0.0}, {""actual_arrival_month"": ""2038-01"", ""actual_delivery_share"": 1.0, ""availability_share"": 1.0, ""feasible_t"": 21.086369770580294, ""gross_delivery_t"": 21.086369770580294, ""order_month"": ""2037-01"", ""planned_arrival_month"": ""2038-01"", ""requested_t"": 21.086369770580294, ""shipment_id"": ""S0025"", ""source_id"": ""A"", ""source_name"": ""Earth-Core"", ""unfulfilled_request_t"": 0.0}, {""actual_arrival_month"": ""2038-02"", ""actual_delivery_share"": 1.0, ""availability_share"": 1.0, ""feasible_t"": 21.086369770580294, ""gross_delivery_t"": 21.086369770580294, ""order_month"": ""2037-02"", ""planned_arrival_month"": ""2038-02"", ""requested_t"": 21.086369770580294, ""shipment_id"": ""S0026"", ""source_id"": ""A"", ""source_name"": ""Earth-Core"", ""unfulfilled_request_t"": 0.0}]","{""A"": 16.025641025641026}","{""A"": 16.025641025641026}",16.025641025641026,0.19230769230769232,15.833333333333334,15.833333333333334,0.0,66.02085844748868,11.25,4.583333333333334,0.0,0.0,50.18752511415534,ZBO,120.0,0.012,"[""ZBO""]",3.01125150684932,1.0,[]
2037-08,50.18752511415534,15.833333333333334,11.25,"{""A"": 133.0364372470635, ""B"": 1.7307692308692224, ""C"": 0, ""D"": 0, ""E"": 0}","{""A"": 6.518218623481763, ""B"": 1.7307692307692224}","[{""actual_arrival_month"": ""2037-09"", ""actual_delivery_share"": 1.0, ""availability_share"": 1.0, ""feasible_t"": 16.025641025641026, ""gross_delivery_t"": 16.025641025641026, ""order_month"": ""2036-09"", ""planned_arrival_month"": ""2037-09"", ""requested_t"": 16.025641025641026, ""shipment_id"": ""S0021"", ""source_id"": ""A"", ""source_name"": ""Earth-Core"", ""unfulfilled_request_t"": 0.0}, {""actual_arrival_month"": ""2037-10"", ""actual_delivery_share"": 1.0, ""availability_share"": 1.0, ""feasible_t"": 16.025641025641026, ""gross_delivery_t"": 16.025641025641026, ""order_month"": ""2036-10"", ""planned_arrival_month"": ""2037-10"", ""requested_t"": 16.025641025641026, ""shipment_id"": ""S0022"", ""source_id"": ""A"", ""source_name"": ""Earth-Core"", ""unfulfilled_request_t"": 0.0}, {""actual_arrival_month"": ""2037-11"", ""actual_delivery_share"": 1.0, ""availability_share"": 1.0, ""feasible_t"": 16.025641025641026, ""gross_delivery_t"": 16.025641025641026, ""order_month"": ""2036-11"", ""planned_arrival_month"": ""2037-11"", ""requested_t"": 16.025641025641026, ""shipment_id"": ""S0023"", ""source_id"": ""A"", ""source_name"": ""Earth-Core"", ""unfulfilled_request_t"": 0.0}, {""actual_arrival_month"": ""2037-12"", ""actual_delivery_share"": 1.0, ""availability_share"": 1.0, ""feasible_t"": 13.71794871794873, ""gross_delivery_t"": 13.71794871794873, ""order_month"": ""2036-12"", ""planned_arrival_month"": ""2037-12"", ""requested_t"": 13.71794871794873, ""shipment_id"": ""S0024"", ""source_id"": ""A"", ""source_name"": ""Earth-Core"", ""unfulfilled_request_t"": 0.0}, {""actual_arrival_month"": ""2038-01"", ""actual_delivery_share"": 1.0, ""availability_share"": 1.0, ""feasible_t"": 21.086369770580294, ""gross_delivery_t"": 21.086369770580294, ""order_month"": ""2037-01"", ""planned_arrival_month"": ""2038-01"", ""requested_t"": 21.086369770580294, ""shipment_id"": ""S0025"", ""source_id"": ""A"", ""source_name"": ""Earth-Core"", ""unfulfilled_request_t"": 0.0}, {""actual_arrival_month"": ""2038-02"", ""actual_delivery_share"": 1.0, ""availability_share"": 1.0, ""feasible_t"": 21.086369770580294, ""gross_delivery_t"": 21.086369770580294, ""order_month"": ""2037-02"", ""planned_arrival_month"": ""2038-02"", ""requested_t"": 21.086369770580294, ""shipment_id"": ""S0026"", ""source_id"": ""A"", ""source_name"": ""Earth-Core"", ""unfulfilled_request_t"": 0.0}, {""actual_arrival_month"": ""2038-08"", ""actual_delivery_share"": 1.0, ""availability_share"": 1.0, ""feasible_t"": 6.518218623481763, ""gross_delivery_t"": 6.518218623481763, ""order_month"": ""2037-08"", ""planned_arrival_month"": ""2038-08"", ""requested_t"": 6.518218623481763, ""shipment_id"": ""S0027"", ""source_id"": ""A"", ""source_name"": ""Earth-Core"", ""unfulfilled_request_t"": 0.0}, {""actual_arrival_month"": ""2038-03"", ""actual_delivery_share"": 1.0, ""availability_share"": 1.0, ""feasible_t"": 1.7307692307692224, ""gross_delivery_t"": 1.7307692307692224, ""order_month"": ""2037-08"", ""planned_arrival_month"": ""2037-12"", ""requested_t"": 1.7307692307692224, ""shipment_id"": ""S0055"", ""source_id"": ""B"", ""source_name"": ""Earth-Flex"", ""unfulfilled_request_t"": 0.0}]","{""A"": 16.025641025641026}","{""A"": 16.025641025641026}",16.025641025641026,0.19230769230769232,15.833333333333334,15.833333333333334,0.0,66.02085844748868,11.25,4.583333333333334,0.0,0.0,50.18752511415534,ZBO,120.0,0.012,"[""ZBO""]",3.01125150684932,1.0,[]
2037-09,50.18752511415534,15.833333333333334,11.25,"{""A"": 133.0364372470635, ""B"": 1.7307692308692224, ""C"": 0, ""D"": 0, ""E"": 0}","{""A"": 21.086369770580294}","[{""actual_arrival_month"": ""2037-10"", ""actual_delivery_share"": 1.0, ""availability_share"": 1.0, ""feasible_t"": 16.025641025641026, ""gross_delivery_t"": 16.025641025641026, ""order_month"": ""2036-10"", ""planned_arrival_month"": ""2037-10"", ""requested_t"": 16.025641025641026, ""shipment_id"": ""S0022"", ""source_id"": ""A"", ""source_name"": ""Earth-Core"", ""unfulfilled_request_t"": 0.0}, {""actual_arrival_month"": ""2037-11"", ""actual_delivery_share"": 1.0, ""availability_share"": 1.0, ""feasible_t"": 16.025641025641026, ""gross_delivery_t"": 16.025641025641026, ""order_month"": ""2036-11"", ""planned_arrival_month"": ""2037-11"", ""requested_t"": 16.025641025641026, ""shipment_id"": ""S0023"", ""source_id"": ""A"", ""source_name"": ""Earth-Core"", ""unfulfilled_request_t"": 0.0}, {""actual_arrival_month"": ""2037-12"", ""actual_delivery_share"": 1.0, ""availability_share"": 1.0, ""feasible_t"": 13.71794871794873, ""gross_delivery_t"": 13.71794871794873, ""order_month"": ""2036-12"", ""planned_arrival_month"": ""2037-12"", ""requested_t"": 13.71794871794873, ""shipment_id"": ""S0024"", ""source_id"": ""A"", ""source_name"": ""Earth-Core"", ""unfulfilled_request_t"": 0.0}, {""actual_arrival_month"": ""2038-01"", ""actual_delivery_share"": 1.0, ""availability_share"": 1.0, ""feasible_t"": 21.086369770580294, ""gross_delivery_t"": 21.086369770580294, ""order_month"": ""2037-01"", ""planned_arrival_month"": ""2038-01"", ""requested_t"": 21.086369770580294, ""shipment_id"": ""S0025"", ""source_id"": ""A"", ""source_name"": ""Earth-Core"", ""unfulfilled_request_t"": 0.0}, {""actual_arrival_month"": ""2038-02"", ""actual_delivery_share"": 1.0, ""availability_share"": 1.0, ""feasible_t"": 21.086369770580294, ""gross_delivery_t"": 21.086369770580294, ""order_month"": ""2037-02"", ""planned_arrival_month"": ""2038-02"", ""requested_t"": 21.086369770580294, ""shipment_id"": ""S0026"", ""source_id"": ""A"", ""source_name"": ""Earth-Core"", ""unfulfilled_request_t"": 0.0}, {""actual_arrival_month"": ""2038-08"", ""actual_delivery_share"": 1.0, ""availability_share"": 1.0, ""feasible_t"": 6.518218623481763, ""gross_delivery_t"": 6.518218623481763, ""order_month"": ""2037-08"", ""planned_arrival_month"": ""2038-08"", ""requested_t"": 6.518218623481763, ""shipment_id"": ""S0027"", ""source_id"": ""A"", ""source_name"": ""Earth-Core"", ""unfulfilled_request_t"": 0.0}, {""actual_arrival_month"": ""2038-09"", ""actual_delivery_share"": 1.0, ""availability_share"": 1.0, ""feasible_t"": 21.086369770580294, ""gross_delivery_t"": 21.086369770580294, ""order_month"": ""2037-09"", ""planned_arrival_month"": ""2038-09"", ""requested_t"": 21.086369770580294, ""shipment_id"": ""S0028"", ""source_id"": ""A"", ""source_name"": ""Earth-Core"", ""unfulfilled_request_t"": 0.0}, {""actual_arrival_month"": ""2038-03"", ""actual_delivery_share"": 1.0, ""availability_share"": 1.0, ""feasible_t"": 1.7307692307692224, ""gross_delivery_t"": 1.7307692307692224, ""order_month"": ""2037-08"", ""planned_arrival_month"": ""2037-12"", ""requested_t"": 1.7307692307692224, ""shipment_id"": ""S0055"", ""source_id"": ""B"", ""source_name"": ""Earth-Flex"", ""unfulfilled_request_t"": 0.0}]","{""A"": 16.025641025641026}","{""A"": 16.025641025641026}",16.025641025641026,0.19230769230769232,15.833333333333334,15.833333333333334,0.0,66.02085844748868,11.25,4.583333333333334,0.0,0.0,50.18752511415534,ZBO,120.0,0.012,"[""ZBO""]",3.01125150684932,1.0,[]
2037-10,50.18752511415534,15.833333333333334,11.25,"{""A"": 133.0364372470635, ""B"": 1.7307692308692224, ""C"": 0, ""D"": 0, ""E"": 0}","{""A"": 21.086369770580294}","[{""actual_arrival_month"": ""2037-11"", ""actual_delivery_share"": 1.0, ""availability_share"": 1.0, ""feasible_t"": 16.025641025641026, ""gross_delivery_t"": 16.025641025641026, ""order_month"": ""2036-11"", ""planned_arrival_month"": ""2037-11"", ""requested_t"": 16.025641025641026, ""shipment_id"": ""S0023"", ""source_id"": ""A"", ""source_name"": ""Earth-Core"", ""unfulfilled_request_t"": 0.0}, {""actual_arrival_month"": ""2037-12"", ""actual_delivery_share"": 1.0, ""availability_share"": 1.0, ""feasible_t"": 13.71794871794873, ""gross_delivery_t"": 13.71794871794873, ""order_month"": ""2036-12"", ""planned_arrival_month"": ""2037-12"", ""requested_t"": 13.71794871794873, ""shipment_id"": ""S0024"", ""source_id"": ""A"", ""source_name"": ""Earth-Core"", ""unfulfilled_request_t"": 0.0}, {""actual_arrival_month"": ""2038-01"", ""actual_delivery_share"": 1.0, ""availability_share"": 1.0, ""feasible_t"": 21.086369770580294, ""gross_delivery_t"": 21.086369770580294, ""order_month"": ""2037-01"", ""planned_arrival_month"": ""2038-01"", ""requested_t"": 21.086369770580294, ""shipment_id"": ""S0025"", ""source_id"": ""A"", ""source_name"": ""Earth-Core"", ""unfulfilled_request_t"": 0.0}, {""actual_arrival_month"": ""2038-02"", ""actual_delivery_share"": 1.0, ""availability_share"": 1.0, ""feasible_t"": 21.086369770580294, ""gross_delivery_t"": 21.086369770580294, ""order_month"": ""2037-02"", ""planned_arrival_month"": ""2038-02"", ""requested_t"": 21.086369770580294, ""shipment_id"": ""S0026"", ""source_id"": ""A"", ""source_name"": ""Earth-Core"", ""unfulfilled_request_t"": 0.0}, {""actual_arrival_month"": ""2038-08"", ""actual_delivery_share"": 1.0, ""availability_share"": 1.0, ""feasible_t"": 6.518218623481763, ""gross_delivery_t"": 6.518218623481763, ""order_month"": ""2037-08"", ""planned_arrival_month"": ""2038-08"", ""requested_t"": 6.518218623481763, ""shipment_id"": ""S0027"", ""source_id"": ""A"", ""source_name"": ""Earth-Core"", ""unfulfilled_request_t"": 0.0}, {""actual_arrival_month"": ""2038-09"", ""actual_delivery_share"": 1.0, ""availability_share"": 1.0, ""feasible_t"": 21.086369770580294, ""gross_delivery_t"": 21.086369770580294, ""order_month"": ""2037-09"", ""planned_arrival_month"": ""2038-09"", ""requested_t"": 21.086369770580294, ""shipment_id"": ""S0028"", ""source_id"": ""A"", ""source_name"": ""Earth-Core"", ""unfulfilled_request_t"": 0.0}, {""actual_arrival_month"": ""2038-10"", ""actual_delivery_share"": 1.0, ""availability_share"": 1.0, ""feasible_t"": 21.086369770580294, ""gross_delivery_t"": 21.086369770580294, ""order_month"": ""2037-10"", ""planned_arrival_month"": ""2038-10"", ""requested_t"": 21.086369770580294, ""shipment_id"": ""S0029"", ""source_id"": ""A"", ""source_name"": ""Earth-Core"", ""unfulfilled_request_t"": 0.0}, {""actual_arrival_month"": ""2038-03"", ""actual_delivery_share"": 1.0, ""availability_share"": 1.0, ""feasible_t"": 1.7307692307692224, ""gross_delivery_t"": 1.7307692307692224, ""order_month"": ""2037-08"", ""planned_arrival_month"": ""2037-12"", ""requested_t"": 1.7307692307692224, ""shipment_id"": ""S0055"", ""source_id"": ""B"", ""source_name"": ""Earth-Flex"", ""unfulfilled_request_t"": 0.0}]","{""A"": 16.025641025641026}","{""A"": 16.025641025641026}",16.025641025641026,0.19230769230769232,15.833333333333334,15.833333333333334,0.0,66.02085844748868,11.25,4.583333333333334,0.0,0.0,50.18752511415534,ZBO,120.0,0.012,"[""ZBO""]",3.01125150684932,1.0,[]
2037-11,50.18752511415534,15.833333333333334,11.25,"{""A"": 133.0364372470635, ""B"": 1.7307692308692224, ""C"": 0, ""D"": 0, ""E"": 0}","{""A"": 21.086369770580294}","[{""actual_arrival_month"": ""2037-12"", ""actual_delivery_share"": 1.0, ""availability_share"": 1.0, ""feasible_t"": 13.71794871794873, ""gross_delivery_t"": 13.71794871794873, ""order_month"": ""2036-12"", ""planned_arrival_month"": ""2037-12"", ""requested_t"": 13.71794871794873, ""shipment_id"": ""S0024"", ""source_id"": ""A"", ""source_name"": ""Earth-Core"", ""unfulfilled_request_t"": 0.0}, {""actual_arrival_month"": ""2038-01"", ""actual_delivery_share"": 1.0, ""availability_share"": 1.0, ""feasible_t"": 21.086369770580294, ""gross_delivery_t"": 21.086369770580294, ""order_month"": ""2037-01"", ""planned_arrival_month"": ""2038-01"", ""requested_t"": 21.086369770580294, ""shipment_id"": ""S0025"", ""source_id"": ""A"", ""source_name"": ""Earth-Core"", ""unfulfilled_request_t"": 0.0}, {""actual_arrival_month"": ""2038-02"", ""actual_delivery_share"": 1.0, ""availability_share"": 1.0, ""feasible_t"": 21.086369770580294, ""gross_delivery_t"": 21.086369770580294, ""order_month"": ""2037-02"", ""planned_arrival_month"": ""2038-02"", ""requested_t"": 21.086369770580294, ""shipment_id"": ""S0026"", ""source_id"": ""A"", ""source_name"": ""Earth-Core"", ""unfulfilled_request_t"": 0.0}, {""actual_arrival_month"": ""2038-08"", ""actual_delivery_share"": 1.0, ""availability_share"": 1.0, ""feasible_t"": 6.518218623481763, ""gross_delivery_t"": 6.518218623481763, ""order_month"": ""2037-08"", ""planned_arrival_month"": ""2038-08"", ""requested_t"": 6.518218623481763, ""shipment_id"": ""S0027"", ""source_id"": ""A"", ""source_name"": ""Earth-Core"", ""unfulfilled_request_t"": 0.0}, {""actual_arrival_month"": ""2038-09"", ""actual_delivery_share"": 1.0, ""availability_share"": 1.0, ""feasible_t"": 21.086369770580294, ""gross_delivery_t"": 21.086369770580294, ""order_month"": ""2037-09"", ""planned_arrival_month"": ""2038-09"", ""requested_t"": 21.086369770580294, ""shipment_id"": ""S0028"", ""source_id"": ""A"", ""source_name"": ""Earth-Core"", ""unfulfilled_request_t"": 0.0}, {""actual_arrival_month"": ""2038-10"", ""actual_delivery_share"": 1.0, ""availability_share"": 1.0, ""feasible_t"": 21.086369770580294, ""gross_delivery_t"": 21.086369770580294, ""order_month"": ""2037-10"", ""planned_arrival_month"": ""2038-10"", ""requested_t"": 21.086369770580294, ""shipment_id"": ""S0029"", ""source_id"": ""A"", ""source_name"": ""Earth-Core"", ""unfulfilled_request_t"": 0.0}, {""actual_arrival_month"": ""2038-11"", ""actual_delivery_share"": 1.0, ""availability_share"": 1.0, ""feasible_t"": 21.086369770580294, ""gross_delivery_t"": 21.086369770580294, ""order_month"": ""2037-11"", ""planned_arrival_month"": ""2038-11"", ""requested_t"": 21.086369770580294, ""shipment_id"": ""S0030"", ""source_id"": ""A"", ""source_name"": ""Earth-Core"", ""unfulfilled_request_t"": 0.0}, {""actual_arrival_month"": ""2038-03"", ""actual_delivery_share"": 1.0, ""availability_share"": 1.0, ""feasible_t"": 1.7307692307692224, ""gross_delivery_t"": 1.7307692307692224, ""order_month"": ""2037-08"", ""planned_arrival_month"": ""2037-12"", ""requested_t"": 1.7307692307692224, ""shipment_id"": ""S0055"", ""source_id"": ""B"", ""source_name"": ""Earth-Flex"", ""unfulfilled_request_t"": 0.0}]","{""A"": 16.025641025641026}","{""A"": 16.025641025641026}",16.025641025641026,0.19230769230769232,15.833333333333334,15.833333333333334,0.0,66.02085844748868,11.25,4.583333333333334,0.0,0.0,50.18752511415534,ZBO,120.0,0.012,"[""ZBO""]",3.01125150684932,1.0,[]
2037-12,50.18752511415534,15.833333333333334,11.25,"{""A"": 133.0364372470635, ""B"": 1.7307692308692224, ""C"": 0, ""D"": 0, ""E"": 0}","{""A"": 21.086369770580294}","[{""actual_arrival_month"": ""2038-01"", ""actual_delivery_share"": 1.0, ""availability_share"": 1.0, ""feasible_t"": 21.086369770580294, ""gross_delivery_t"": 21.086369770580294, ""order_month"": ""2037-01"", ""planned_arrival_month"": ""2038-01"", ""requested_t"": 21.086369770580294, ""shipment_id"": ""S0025"", ""source_id"": ""A"", ""source_name"": ""Earth-Core"", ""unfulfilled_request_t"": 0.0}, {""actual_arrival_month"": ""2038-02"", ""actual_delivery_share"": 1.0, ""availability_share"": 1.0, ""feasible_t"": 21.086369770580294, ""gross_delivery_t"": 21.086369770580294, ""order_month"": ""2037-02"", ""planned_arrival_month"": ""2038-02"", ""requested_t"": 21.086369770580294, ""shipment_id"": ""S0026"", ""source_id"": ""A"", ""source_name"": ""Earth-Core"", ""unfulfilled_request_t"": 0.0}, {""actual_arrival_month"": ""2038-08"", ""actual_delivery_share"": 1.0, ""availability_share"": 1.0, ""feasible_t"": 6.518218623481763, ""gross_delivery_t"": 6.518218623481763, ""order_month"": ""2037-08"", ""planned_arrival_month"": ""2038-08"", ""requested_t"": 6.518218623481763, ""shipment_id"": ""S0027"", ""source_id"": ""A"", ""source_name"": ""Earth-Core"", ""unfulfilled_request_t"": 0.0}, {""actual_arrival_month"": ""2038-09"", ""actual_delivery_share"": 1.0, ""availability_share"": 1.0, ""feasible_t"": 21.086369770580294, ""gross_delivery_t"": 21.086369770580294, ""order_month"": ""2037-09"", ""planned_arrival_month"": ""2038-09"", ""requested_t"": 21.086369770580294, ""shipment_id"": ""S0028"", ""source_id"": ""A"", ""source_name"": ""Earth-Core"", ""unfulfilled_request_t"": 0.0}, {""actual_arrival_month"": ""2038-10"", ""actual_delivery_share"": 1.0, ""availability_share"": 1.0, ""feasible_t"": 21.086369770580294, ""gross_delivery_t"": 21.086369770580294, ""order_month"": ""2037-10"", ""planned_arrival_month"": ""2038-10"", ""requested_t"": 21.086369770580294, ""shipment_id"": ""S0029"", ""source_id"": ""A"", ""source_name"": ""Earth-Core"", ""unfulfilled_request_t"": 0.0}, {""actual_arrival_month"": ""2038-11"", ""actual_delivery_share"": 1.0, ""availability_share"": 1.0, ""feasible_t"": 21.086369770580294, ""gross_delivery_t"": 21.086369770580294, ""order_month"": ""2037-11"", ""planned_arrival_month"": ""2038-11"", ""requested_t"": 21.086369770580294, ""shipment_id"": ""S0030"", ""source_id"": ""A"", ""source_name"": ""Earth-Core"", ""unfulfilled_request_t"": 0.0}, {""actual_arrival_month"": ""2038-12"", ""actual_delivery_share"": 1.0, ""availability_share"": 1.0, ""feasible_t"": 21.086369770580294, ""gross_delivery_t"": 21.086369770580294, ""order_month"": ""2037-12"", ""planned_arrival_month"": ""2038-12"", ""requested_t"": 21.086369770580294, ""shipment_id"": ""S0031"", ""source_id"": ""A"", ""source_name"": ""Earth-Core"", ""unfulfilled_request_t"": 0.0}, {""actual_arrival_month"": ""2038-03"", ""actual_delivery_share"": 1.0, ""availability_share"": 1.0, ""feasible_t"": 1.7307692307692224, ""gross_delivery_t"": 1.7307692307692224, ""order_month"": ""2037-08"", ""planned_arrival_month"": ""2037-12"", ""requested_t"": 1.7307692307692224, ""shipment_id"": ""S0055"", ""source_id"": ""B"", ""source_name"": ""Earth-Flex"", ""unfulfilled_request_t"": 0.0}]","{""A"": 13.71794871794873, ""B"": 1.7307692307692224}","{""A"": 13.71794871794873}",13.71794871794873,0.16461538461538475,13.553333333333345,13.553333333333345,0.0,63.74085844748869,11.25,4.583333333333334,0.0,0.0,47.907525114155355,ZBO,120.0,0.012,"[""ZBO""]",2.942851506849321,1.0,[]
2038-01,47.907525114155355,20.833333333333332,14.166666666666666,"{""A"": 190.0, ""B"": 0, ""C"": 0, ""D"": 120.0, ""E"": 0}","{""A"": 26.990553306342782, ""D"": 21.086369770580294}","[{""actual_arrival_month"": ""2038-02"", ""actual_delivery_share"": 1.0, ""availability_share"": 1.0, ""feasible_t"": 21.086369770580294, ""gross_delivery_t"": 21.086369770580294, ""order_month"": ""2037-02"", ""planned_arrival_month"": ""2038-02"", ""requested_t"": 21.086369770580294, ""shipment_id"": ""S0026"", ""source_id"": ""A"", ""source_name"": ""Earth-Core"", ""unfulfilled_request_t"": 0.0}, {""actual_arrival_month"": ""2038-08"", ""actual_delivery_share"": 1.0, ""availability_share"": 1.0, ""feasible_t"": 6.518218623481763, ""gross_delivery_t"": 6.518218623481763, ""order_month"": ""2037-08"", ""planned_arrival_month"": ""2038-08"", ""requested_t"": 6.518218623481763, ""shipment_id"": ""S0027"", ""source_id"": ""A"", ""source_name"": ""Earth-Core"", ""unfulfilled_request_t"": 0.0}, {""actual_arrival_month"": ""2038-09"", ""actual_delivery_share"": 1.0, ""availability_share"": 1.0, ""feasible_t"": 21.086369770580294, ""gross_delivery_t"": 21.086369770580294, ""order_month"": ""2037-09"", ""planned_arrival_month"": ""2038-09"", ""requested_t"": 21.086369770580294, ""shipment_id"": ""S0028"", ""source_id"": ""A"", ""source_name"": ""Earth-Core"", ""unfulfilled_request_t"": 0.0}, {""actual_arrival_month"": ""2038-10"", ""actual_delivery_share"": 1.0, ""availability_share"": 1.0, ""feasible_t"": 21.086369770580294, ""gross_delivery_t"": 21.086369770580294, ""order_month"": ""2037-10"", ""planned_arrival_month"": ""2038-10"", ""requested_t"": 21.086369770580294, ""shipment_id"": ""S0029"", ""source_id"": ""A"", ""source_name"": ""Earth-Core"", ""unfulfilled_request_t"": 0.0}, {""actual_arrival_month"": ""2038-11"", ""actual_delivery_share"": 1.0, ""availability_share"": 1.0, ""feasible_t"": 21.086369770580294, ""gross_delivery_t"": 21.086369770580294, ""order_month"": ""2037-11"", ""planned_arrival_month"": ""2038-11"", ""requested_t"": 21.086369770580294, ""shipment_id"": ""S0030"", ""source_id"": ""A"", ""source_name"": ""Earth-Core"", ""unfulfilled_request_t"": 0.0}, {""actual_arrival_month"": ""2038-12"", ""actual_delivery_share"": 1.0, ""availability_share"": 1.0, ""feasible_t"": 21.086369770580294, ""gross_delivery_t"": 21.086369770580294, ""order_month"": ""2037-12"", ""planned_arrival_month"": ""2038-12"", ""requested_t"": 21.086369770580294, ""shipment_id"": ""S0031"", ""source_id"": ""A"", ""source_name"": ""Earth-Core"", ""unfulfilled_request_t"": 0.0}, {""actual_arrival_month"": ""2039-01"", ""actual_delivery_share"": 1.0, ""availability_share"": 1.0, ""feasible_t"": 26.99055330634278, ""gross_delivery_t"": 26.99055330634278, ""order_month"": ""2038-01"", ""planned_arrival_month"": ""2039-01"", ""requested_t"": 26.990553306342782, ""shipment_id"": ""S0032"", ""source_id"": ""A"", ""source_name"": ""Earth-Core"", ""unfulfilled_request_t"": 3.552713678800501e-15}, {""actual_arrival_month"": ""2038-03"", ""actual_delivery_share"": 1.0, ""availability_share"": 1.0, ""feasible_t"": 1.7307692307692224, ""gross_delivery_t"": 1.7307692307692224, ""order_month"": ""2037-08"", ""planned_arrival_month"": ""2037-12"", ""requested_t"": 1.7307692307692224, ""shipment_id"": ""S0055"", ""source_id"": ""B"", ""source_name"": ""Earth-Flex"", ""unfulfilled_request_t"": 0.0}, {""actual_arrival_month"": ""2038-03"", ""actual_delivery_share"": 1.0, ""availability_share"": 1.0, ""feasible_t"": 21.086369770580294, ""gross_delivery_t"": 21.086369770580294, ""order_month"": ""2038-01"", ""planned_arrival_month"": ""2038-03"", ""requested_t"": 21.086369770580294, ""shipment_id"": ""S0060"", ""source_id"": ""D"", ""source_name"": ""Lunar-ISRU"", ""unfulfilled_request_t"": 0.0}]","{""A"": 21.086369770580294}","{""A"": 21.086369770580294}",21.086369770580294,0.2530364372469635,20.833333333333332,20.833333333333332,0.0,68.74085844748869,14.166666666666666,6.666666666666666,0.0,0.0,47.90752511415536,ZBO,120.0,0.012,"[""ZBO"", ""LUNAR_ISRU""]",2.8744515068493217,6.833333333333333,[]
2038-02,47.90752511415536,20.833333333333332,14.166666666666666,"{""A"": 190.0, ""B"": 0, ""C"": 0, ""D"": 120.0, ""E"": 0}","{""A"": 26.990553306342782, ""D"": 21.086369770580294}","[{""actual_arrival_month"": ""2038-08"", ""actual_delivery_share"": 1.0, ""availability_share"": 1.0, ""feasible_t"": 6.518218623481763, ""gross_delivery_t"": 6.518218623481763, ""order_month"": ""2037-08"", ""planned_arrival_month"": ""2038-08"", ""requested_t"": 6.518218623481763, ""shipment_id"": ""S0027"", ""source_id"": ""A"", ""source_name"": ""Earth-Core"", ""unfulfilled_request_t"": 0.0}, {""actual_arrival_month"": ""2038-09"", ""actual_delivery_share"": 1.0, ""availability_share"": 1.0, ""feasible_t"": 21.086369770580294, ""gross_delivery_t"": 21.086369770580294, ""order_month"": ""2037-09"", ""planned_arrival_month"": ""2038-09"", ""requested_t"": 21.086369770580294, ""shipment_id"": ""S0028"", ""source_id"": ""A"", ""source_name"": ""Earth-Core"", ""unfulfilled_request_t"": 0.0}, {""actual_arrival_month"": ""2038-10"", ""actual_delivery_share"": 1.0, ""availability_share"": 1.0, ""feasible_t"": 21.086369770580294, ""gross_delivery_t"": 21.086369770580294, ""order_month"": ""2037-10"", ""planned_arrival_month"": ""2038-10"", ""requested_t"": 21.086369770580294, ""shipment_id"": ""S0029"", ""source_id"": ""A"", ""source_name"": ""Earth-Core"", ""unfulfilled_request_t"": 0.0}, {""actual_arrival_month"": ""2038-11"", ""actual_delivery_share"": 1.0, ""availability_share"": 1.0, ""feasible_t"": 21.086369770580294, ""gross_delivery_t"": 21.086369770580294, ""order_month"": ""2037-11"", ""planned_arrival_month"": ""2038-11"", ""requested_t"": 21.086369770580294, ""shipment_id"": ""S0030"", ""source_id"": ""A"", ""source_name"": ""Earth-Core"", ""unfulfilled_request_t"": 0.0}, {""actual_arrival_month"": ""2038-12"", ""actual_delivery_share"": 1.0, ""availability_share"": 1.0, ""feasible_t"": 21.086369770580294, ""gross_delivery_t"": 21.086369770580294, ""order_month"": ""2037-12"", ""planned_arrival_month"": ""2038-12"", ""requested_t"": 21.086369770580294, ""shipment_id"": ""S0031"", ""source_id"": ""A"", ""source_name"": ""Earth-Core"", ""unfulfilled_request_t"": 0.0}, {""actual_arrival_month"": ""2039-01"", ""actual_delivery_share"": 1.0, ""availability_share"": 1.0, ""feasible_t"": 26.99055330634278, ""gross_delivery_t"": 26.99055330634278, ""order_month"": ""2038-01"", ""planned_arrival_month"": ""2039-01"", ""requested_t"": 26.990553306342782, ""shipment_id"": ""S0032"", ""source_id"": ""A"", ""source_name"": ""Earth-Core"", ""unfulfilled_request_t"": 3.552713678800501e-15}, {""actual_arrival_month"": ""2039-02"", ""actual_delivery_share"": 1.0, ""availability_share"": 1.0, ""feasible_t"": 26.99055330634278, ""gross_delivery_t"": 26.99055330634278, ""order_month"": ""2038-02"", ""planned_arrival_month"": ""2039-02"", ""requested_t"": 26.990553306342782, ""shipment_id"": ""S0033"", ""source_id"": ""A"", ""source_name"": ""Earth-Core"", ""unfulfilled_request_t"": 3.552713678800501e-15}, {""actual_arrival_month"": ""2038-03"", ""actual_delivery_share"": 1.0, ""availability_share"": 1.0, ""feasible_t"": 1.7307692307692224, ""gross_delivery_t"": 1.7307692307692224, ""order_month"": ""2037-08"", ""planned_arrival_month"": ""2037-12"", ""requested_t"": 1.7307692307692224, ""shipment_id"": ""S0055"", ""source_id"": ""B"", ""source_name"": ""Earth-Flex"", ""unfulfilled_request_t"": 0.0}, {""actual_arrival_month"": ""2038-03"", ""actual_delivery_share"": 1.0, ""availability_share"": 1.0, ""feasible_t"": 21.086369770580294, ""gross_delivery_t"": 21.086369770580294, ""order_month"": ""2038-01"", ""planned_arrival_month"": ""2038-03"", ""requested_t"": 21.086369770580294, ""shipment_id"": ""S0060"", ""source_id"": ""D"", ""source_name"": ""Lunar-ISRU"", ""unfulfilled_request_t"": 0.0}, {""actual_arrival_month"": ""2038-04"", ""actual_delivery_share"": 1.0, ""availability_share"": 1.0, ""feasible_t"": 21.086369770580294, ""gross_delivery_t"": 21.086369770580294, ""order_month"": ""2038-02"", ""planned_arrival_month"": ""2038-04"", ""requested_t"": 21.086369770580294, ""shipment_id"": ""S0061"", ""source_id"": ""D"", ""source_name"": ""Lunar-ISRU"", ""unfulfilled_request_t"": 0.0}]","{""A"": 21.086369770580294}","{""A"": 21.086369770580294}",21.086369770580294,0.2530364372469635,20.833333333333332,20.833333333333332,0.0,68.74085844748869,14.166666666666666,6.666666666666666,0.0,0.0,47.90752511415536,ZBO,120.0,0.012,"[""ZBO"", ""LUNAR_ISRU""]",2.8744515068493217,6.833333333333333,[]
2038-03,47.90752511415536,20.833333333333332,14.166666666666666,"{""A"": 190.0, ""B"": 0, ""C"": 0, ""D"": 120.0, ""E"": 0}","{""D"": 21.086369770580294}","[{""actual_arrival_month"": ""2038-08"", ""actual_delivery_share"": 1.0, ""availability_share"": 1.0, ""feasible_t"": 6.518218623481763, ""gross_delivery_t"": 6.518218623481763, ""order_month"": ""2037-08"", ""planned_arrival_month"": ""2038-08"", ""requested_t"": 6.518218623481763, ""shipment_id"": ""S0027"", ""source_id"": ""A"", ""source_name"": ""Earth-Core"", ""unfulfilled_request_t"": 0.0}, {""actual_arrival_month"": ""2038-09"", ""actual_delivery_share"": 1.0, ""availability_share"": 1.0, ""feasible_t"": 21.086369770580294, ""gross_delivery_t"": 21.086369770580294, ""order_month"": ""2037-09"", ""planned_arrival_month"": ""2038-09"", ""requested_t"": 21.086369770580294, ""shipment_id"": ""S0028"", ""source_id"": ""A"", ""source_name"": ""Earth-Core"", ""unfulfilled_request_t"": 0.0}, {""actual_arrival_month"": ""2038-10"", ""actual_delivery_share"": 1.0, ""availability_share"": 1.0, ""feasible_t"": 21.086369770580294, ""gross_delivery_t"": 21.086369770580294, ""order_month"": ""2037-10"", ""planned_arrival_month"": ""2038-10"", ""requested_t"": 21.086369770580294, ""shipment_id"": ""S0029"", ""source_id"": ""A"", ""source_name"": ""Earth-Core"", ""unfulfilled_request_t"": 0.0}, {""actual_arrival_month"": ""2038-11"", ""actual_delivery_share"": 1.0, ""availability_share"": 1.0, ""feasible_t"": 21.086369770580294, ""gross_delivery_t"": 21.086369770580294, ""order_month"": ""2037-11"", ""planned_arrival_month"": ""2038-11"", ""requested_t"": 21.086369770580294, ""shipment_id"": ""S0030"", ""source_id"": ""A"", ""source_name"": ""Earth-Core"", ""unfulfilled_request_t"": 0.0}, {""actual_arrival_month"": ""2038-12"", ""actual_delivery_share"": 1.0, ""availability_share"": 1.0, ""feasible_t"": 21.086369770580294, ""gross_delivery_t"": 21.086369770580294, ""order_month"": ""2037-12"", ""planned_arrival_month"": ""2038-12"", ""requested_t"": 21.086369770580294, ""shipment_id"": ""S0031"", ""source_id"": ""A"", ""source_name"": ""Earth-Core"", ""unfulfilled_request_t"": 0.0}, {""actual_arrival_month"": ""2039-01"", ""actual_delivery_share"": 1.0, ""availability_share"": 1.0, ""feasible_t"": 26.99055330634278, ""gross_delivery_t"": 26.99055330634278, ""order_month"": ""2038-01"", ""planned_arrival_month"": ""2039-01"", ""requested_t"": 26.990553306342782, ""shipment_id"": ""S0032"", ""source_id"": ""A"", ""source_name"": ""Earth-Core"", ""unfulfilled_request_t"": 3.552713678800501e-15}, {""actual_arrival_month"": ""2039-02"", ""actual_delivery_share"": 1.0, ""availability_share"": 1.0, ""feasible_t"": 26.99055330634278, ""gross_delivery_t"": 26.99055330634278, ""order_month"": ""2038-02"", ""planned_arrival_month"": ""2039-02"", ""requested_t"": 26.990553306342782, ""shipment_id"": ""S0033"", ""source_id"": ""A"", ""source_name"": ""Earth-Core"", ""unfulfilled_request_t"": 3.552713678800501e-15}, {""actual_arrival_month"": ""2038-04"", ""actual_delivery_share"": 1.0, ""availability_share"": 1.0, ""feasible_t"": 21.086369770580294, ""gross_delivery_t"": 21.086369770580294, ""order_month"": ""2038-02"", ""planned_arrival_month"": ""2038-04"", ""requested_t"": 21.086369770580294, ""shipment_id"": ""S0061"", ""source_id"": ""D"", ""source_name"": ""Lunar-ISRU"", ""unfulfilled_request_t"": 0.0}, {""actual_arrival_month"": ""2038-05"", ""actual_delivery_share"": 1.0, ""availability_share"": 1.0, ""feasible_t"": 21.086369770580294, ""gross_delivery_t"": 21.086369770580294, ""order_month"": ""2038-03"", ""planned_arrival_month"": ""2038-05"", ""requested_t"": 21.086369770580294, ""shipment_id"": ""S0062"", ""source_id"": ""D"", ""source_name"": ""Lunar-ISRU"", ""unfulfilled_request_t"": 0.0}]","{""D"": 21.086369770580294}","{""B"": 1.7307692307692224, ""D"": 21.086369770580294}",22.817139001349517,0.2738056680161942,22.543333333333322,22.543333333333322,0.0,70.45085844748868,14.166666666666666,6.666666666666666,0.0,0.0,49.617525114155356,ZBO,120.0,0.012,"[""ZBO"", ""LUNAR_ISRU""]",2.9257515068493216,6.833333333333333,[]
2038-04,49.617525114155356,20.833333333333332,14.166666666666666,"{""A"": 190.0, ""B"": 0, ""C"": 0, ""D"": 120.0, ""E"": 0}","{""D"": 21.086369770580294}","[{""actual_arrival_month"": ""2038-08"", ""actual_delivery_share"": 1.0, ""availability_share"": 1.0, ""feasible_t"": 6.518218623481763, ""gross_delivery_t"": 6.518218623481763, ""order_month"": ""2037-08"", ""planned_arrival_month"": ""2038-08"", ""requested_t"": 6.518218623481763, ""shipment_id"": ""S0027"", ""source_id"": ""A"", ""source_name"": ""Earth-Core"", ""unfulfilled_request_t"": 0.0}, {""actual_arrival_month"": ""2038-09"", ""actual_delivery_share"": 1.0, ""availability_share"": 1.0, ""feasible_t"": 21.086369770580294, ""gross_delivery_t"": 21.086369770580294, ""order_month"": ""2037-09"", ""planned_arrival_month"": ""2038-09"", ""requested_t"": 21.086369770580294, ""shipment_id"": ""S0028"", ""source_id"": ""A"", ""source_name"": ""Earth-Core"", ""unfulfilled_request_t"": 0.0}, {""actual_arrival_month"": ""2038-10"", ""actual_delivery_share"": 1.0, ""availability_share"": 1.0, ""feasible_t"": 21.086369770580294, ""gross_delivery_t"": 21.086369770580294, ""order_month"": ""2037-10"", ""planned_arrival_month"": ""2038-10"", ""requested_t"": 21.086369770580294, ""shipment_id"": ""S0029"", ""source_id"": ""A"", ""source_name"": ""Earth-Core"", ""unfulfilled_request_t"": 0.0}, {""actual_arrival_month"": ""2038-11"", ""actual_delivery_share"": 1.0, ""availability_share"": 1.0, ""feasible_t"": 21.086369770580294, ""gross_delivery_t"": 21.086369770580294, ""order_month"": ""2037-11"", ""planned_arrival_month"": ""2038-11"", ""requested_t"": 21.086369770580294, ""shipment_id"": ""S0030"", ""source_id"": ""A"", ""source_name"": ""Earth-Core"", ""unfulfilled_request_t"": 0.0}, {""actual_arrival_month"": ""2038-12"", ""actual_delivery_share"": 1.0, ""availability_share"": 1.0, ""feasible_t"": 21.086369770580294, ""gross_delivery_t"": 21.086369770580294, ""order_month"": ""2037-12"", ""planned_arrival_month"": ""2038-12"", ""requested_t"": 21.086369770580294, ""shipment_id"": ""S0031"", ""source_id"": ""A"", ""source_name"": ""Earth-Core"", ""unfulfilled_request_t"": 0.0}, {""actual_arrival_month"": ""2039-01"", ""actual_delivery_share"": 1.0, ""availability_share"": 1.0, ""feasible_t"": 26.99055330634278, ""gross_delivery_t"": 26.99055330634278, ""order_month"": ""2038-01"", ""planned_arrival_month"": ""2039-01"", ""requested_t"": 26.990553306342782, ""shipment_id"": ""S0032"", ""source_id"": ""A"", ""source_name"": ""Earth-Core"", ""unfulfilled_request_t"": 3.552713678800501e-15}, {""actual_arrival_month"": ""2039-02"", ""actual_delivery_share"": 1.0, ""availability_share"": 1.0, ""feasible_t"": 26.99055330634278, ""gross_delivery_t"": 26.99055330634278, ""order_month"": ""2038-02"", ""planned_arrival_month"": ""2039-02"", ""requested_t"": 26.990553306342782, ""shipment_id"": ""S0033"", ""source_id"": ""A"", ""source_name"": ""Earth-Core"", ""unfulfilled_request_t"": 3.552713678800501e-15}, {""actual_arrival_month"": ""2038-05"", ""actual_delivery_share"": 1.0, ""availability_share"": 1.0, ""feasible_t"": 21.086369770580294, ""gross_delivery_t"": 21.086369770580294, ""order_month"": ""2038-03"", ""planned_arrival_month"": ""2038-05"", ""requested_t"": 21.086369770580294, ""shipment_id"": ""S0062"", ""source_id"": ""D"", ""source_name"": ""Lunar-ISRU"", ""unfulfilled_request_t"": 0.0}, {""actual_arrival_month"": ""2038-06"", ""actual_delivery_share"": 1.0, ""availability_share"": 1.0, ""feasible_t"": 21.086369770580294, ""gross_delivery_t"": 21.086369770580294, ""order_month"": ""2038-04"", ""planned_arrival_month"": ""2038-06"", ""requested_t"": 21.086369770580294, ""shipment_id"": ""S0063"", ""source_id"": ""D"", ""source_name"": ""Lunar-ISRU"", ""unfulfilled_request_t"": 0.0}]","{""D"": 21.086369770580294}","{""D"": 21.086369770580294}",21.086369770580294,0.2530364372469635,20.833333333333332,20.833333333333332,0.0,70.45085844748868,14.166666666666666,6.666666666666666,0.0,0.0,49.617525114155356,ZBO,120.0,0.012,"[""ZBO"", ""LUNAR_ISRU""]",2.977051506849321,6.833333333333333,[]
2038-05,49.617525114155356,20.833333333333332,14.166666666666666,"{""A"": 190.0, ""B"": 0, ""C"": 0, ""D"": 120.0, ""E"": 0}","{""D"": 21.086369770580294}","[{""actual_arrival_month"": ""2038-08"", ""actual_delivery_share"": 1.0, ""availability_share"": 1.0, ""feasible_t"": 6.518218623481763, ""gross_delivery_t"": 6.518218623481763, ""order_month"": ""2037-08"", ""planned_arrival_month"": ""2038-08"", ""requested_t"": 6.518218623481763, ""shipment_id"": ""S0027"", ""source_id"": ""A"", ""source_name"": ""Earth-Core"", ""unfulfilled_request_t"": 0.0}, {""actual_arrival_month"": ""2038-09"", ""actual_delivery_share"": 1.0, ""availability_share"": 1.0, ""feasible_t"": 21.086369770580294, ""gross_delivery_t"": 21.086369770580294, ""order_month"": ""2037-09"", ""planned_arrival_month"": ""2038-09"", ""requested_t"": 21.086369770580294, ""shipment_id"": ""S0028"", ""source_id"": ""A"", ""source_name"": ""Earth-Core"", ""unfulfilled_request_t"": 0.0}, {""actual_arrival_month"": ""2038-10"", ""actual_delivery_share"": 1.0, ""availability_share"": 1.0, ""feasible_t"": 21.086369770580294, ""gross_delivery_t"": 21.086369770580294, ""order_month"": ""2037-10"", ""planned_arrival_month"": ""2038-10"", ""requested_t"": 21.086369770580294, ""shipment_id"": ""S0029"", ""source_id"": ""A"", ""source_name"": ""Earth-Core"", ""unfulfilled_request_t"": 0.0}, {""actual_arrival_month"": ""2038-11"", ""actual_delivery_share"": 1.0, ""availability_share"": 1.0, ""feasible_t"": 21.086369770580294, ""gross_delivery_t"": 21.086369770580294, ""order_month"": ""2037-11"", ""planned_arrival_month"": ""2038-11"", ""requested_t"": 21.086369770580294, ""shipment_id"": ""S0030"", ""source_id"": ""A"", ""source_name"": ""Earth-Core"", ""unfulfilled_request_t"": 0.0}, {""actual_arrival_month"": ""2038-12"", ""actual_delivery_share"": 1.0, ""availability_share"": 1.0, ""feasible_t"": 21.086369770580294, ""gross_delivery_t"": 21.086369770580294, ""order_month"": ""2037-12"", ""planned_arrival_month"": ""2038-12"", ""requested_t"": 21.086369770580294, ""shipment_id"": ""S0031"", ""source_id"": ""A"", ""source_name"": ""Earth-Core"", ""unfulfilled_request_t"": 0.0}, {""actual_arrival_month"": ""2039-01"", ""actual_delivery_share"": 1.0, ""availability_share"": 1.0, ""feasible_t"": 26.99055330634278, ""gross_delivery_t"": 26.99055330634278, ""order_month"": ""2038-01"", ""planned_arrival_month"": ""2039-01"", ""requested_t"": 26.990553306342782, ""shipment_id"": ""S0032"", ""source_id"": ""A"", ""source_name"": ""Earth-Core"", ""unfulfilled_request_t"": 3.552713678800501e-15}, {""actual_arrival_month"": ""2039-02"", ""actual_delivery_share"": 1.0, ""availability_share"": 1.0, ""feasible_t"": 26.99055330634278, ""gross_delivery_t"": 26.99055330634278, ""order_month"": ""2038-02"", ""planned_arrival_month"": ""2039-02"", ""requested_t"": 26.990553306342782, ""shipment_id"": ""S0033"", ""source_id"": ""A"", ""source_name"": ""Earth-Core"", ""unfulfilled_request_t"": 3.552713678800501e-15}, {""actual_arrival_month"": ""2038-06"", ""actual_delivery_share"": 1.0, ""availability_share"": 1.0, ""feasible_t"": 21.086369770580294, ""gross_delivery_t"": 21.086369770580294, ""order_month"": ""2038-04"", ""planned_arrival_month"": ""2038-06"", ""requested_t"": 21.086369770580294, ""shipment_id"": ""S0063"", ""source_id"": ""D"", ""source_name"": ""Lunar-ISRU"", ""unfulfilled_request_t"": 0.0}, {""actual_arrival_month"": ""2038-07"", ""actual_delivery_share"": 1.0, ""availability_share"": 1.0, ""feasible_t"": 21.086369770580294, ""gross_delivery_t"": 21.086369770580294, ""order_month"": ""2038-05"", ""planned_arrival_month"": ""2038-07"", ""requested_t"": 21.086369770580294, ""shipment_id"": ""S0064"", ""source_id"": ""D"", ""source_name"": ""Lunar-ISRU"", ""unfulfilled_request_t"": 0.0}]","{""D"": 21.086369770580294}","{""D"": 21.086369770580294}",21.086369770580294,0.2530364372469635,20.833333333333332,20.833333333333332,0.0,70.45085844748868,14.166666666666666,6.666666666666666,0.0,0.0,49.617525114155356,ZBO,120.0,0.012,"[""ZBO"", ""LUNAR_ISRU""]",2.977051506849321,6.833333333333333,[]
2038-06,49.617525114155356,20.833333333333332,14.166666666666666,"{""A"": 190.0, ""B"": 0, ""C"": 0, ""D"": 120.0, ""E"": 0}","{""D"": 14.568151147098533}","[{""actual_arrival_month"": ""2038-08"", ""actual_delivery_share"": 1.0, ""availability_share"": 1.0, ""feasible_t"": 6.518218623481763, ""gross_delivery_t"": 6.518218623481763, ""order_month"": ""2037-08"", ""planned_arrival_month"": ""2038-08"", ""requested_t"": 6.518218623481763, ""shipment_id"": ""S0027"", ""source_id"": ""A"", ""source_name"": ""Earth-Core"", ""unfulfilled_request_t"": 0.0}, {""actual_arrival_month"": ""2038-09"", ""actual_delivery_share"": 1.0, ""availability_share"": 1.0, ""feasible_t"": 21.086369770580294, ""gross_delivery_t"": 21.086369770580294, ""order_month"": ""2037-09"", ""planned_arrival_month"": ""2038-09"", ""requested_t"": 21.086369770580294, ""shipment_id"": ""S0028"", ""source_id"": ""A"", ""source_name"": ""Earth-Core"", ""unfulfilled_request_t"": 0.0}, {""actual_arrival_month"": ""2038-10"", ""actual_delivery_share"": 1.0, ""availability_share"": 1.0, ""feasible_t"": 21.086369770580294, ""gross_delivery_t"": 21.086369770580294, ""order_month"": ""2037-10"", ""planned_arrival_month"": ""2038-10"", ""requested_t"": 21.086369770580294, ""shipment_id"": ""S0029"", ""source_id"": ""A"", ""source_name"": ""Earth-Core"", ""unfulfilled_request_t"": 0.0}, {""actual_arrival_month"": ""2038-11"", ""actual_delivery_share"": 1.0, ""availability_share"": 1.0, ""feasible_t"": 21.086369770580294, ""gross_delivery_t"": 21.086369770580294, ""order_month"": ""2037-11"", ""planned_arrival_month"": ""2038-11"", ""requested_t"": 21.086369770580294, ""shipment_id"": ""S0030"", ""source_id"": ""A"", ""source_name"": ""Earth-Core"", ""unfulfilled_request_t"": 0.0}, {""actual_arrival_month"": ""2038-12"", ""actual_delivery_share"": 1.0, ""availability_share"": 1.0, ""feasible_t"": 21.086369770580294, ""gross_delivery_t"": 21.086369770580294, ""order_month"": ""2037-12"", ""planned_arrival_month"": ""2038-12"", ""requested_t"": 21.086369770580294, ""shipment_id"": ""S0031"", ""source_id"": ""A"", ""source_name"": ""Earth-Core"", ""unfulfilled_request_t"": 0.0}, {""actual_arrival_month"": ""2039-01"", ""actual_delivery_share"": 1.0, ""availability_share"": 1.0, ""feasible_t"": 26.99055330634278, ""gross_delivery_t"": 26.99055330634278, ""order_month"": ""2038-01"", ""planned_arrival_month"": ""2039-01"", ""requested_t"": 26.990553306342782, ""shipment_id"": ""S0032"", ""source_id"": ""A"", ""source_name"": ""Earth-Core"", ""unfulfilled_request_t"": 3.552713678800501e-15}, {""actual_arrival_month"": ""2039-02"", ""actual_delivery_share"": 1.0, ""availability_share"": 1.0, ""feasible_t"": 26.99055330634278, ""gross_delivery_t"": 26.99055330634278, ""order_month"": ""2038-02"", ""planned_arrival_month"": ""2039-02"", ""requested_t"": 26.990553306342782, ""shipment_id"": ""S0033"", ""source_id"": ""A"", ""source_name"": ""Earth-Core"", ""unfulfilled_request_t"": 3.552713678800501e-15}, {""actual_arrival_month"": ""2038-07"", ""actual_delivery_share"": 1.0, ""availability_share"": 1.0, ""feasible_t"": 21.086369770580294, ""gross_delivery_t"": 21.086369770580294, ""order_month"": ""2038-05"", ""planned_arrival_month"": ""2038-07"", ""requested_t"": 21.086369770580294, ""shipment_id"": ""S0064"", ""source_id"": ""D"", ""source_name"": ""Lunar-ISRU"", ""unfulfilled_request_t"": 0.0}, {""actual_arrival_month"": ""2038-08"", ""actual_delivery_share"": 1.0, ""availability_share"": 1.0, ""feasible_t"": 14.568151147098533, ""gross_delivery_t"": 14.568151147098533, ""order_month"": ""2038-06"", ""planned_arrival_month"": ""2038-08"", ""requested_t"": 14.568151147098533, ""shipment_id"": ""S0065"", ""source_id"": ""D"", ""source_name"": ""Lunar-ISRU"", ""unfulfilled_request_t"": 0.0}]","{""D"": 21.086369770580294}","{""D"": 21.086369770580294}",21.086369770580294,0.2530364372469635,20.833333333333332,20.833333333333332,0.0,70.45085844748868,14.166666666666666,6.666666666666666,0.0,0.0,49.617525114155356,ZBO,120.0,0.012,"[""ZBO"", ""LUNAR_ISRU""]",2.977051506849321,6.833333333333333,[]
2038-07,49.617525114155356,20.833333333333332,14.166666666666666,"{""A"": 190.0, ""B"": 0, ""C"": 0, ""D"": 120.0, ""E"": 0}","{""A"": 14.95276653171391}","[{""actual_arrival_month"": ""2038-08"", ""actual_delivery_share"": 1.0, ""availability_share"": 1.0, ""feasible_t"": 6.518218623481763, ""gross_delivery_t"": 6.518218623481763, ""order_month"": ""2037-08"", ""planned_arrival_month"": ""2038-08"", ""requested_t"": 6.518218623481763, ""shipment_id"": ""S0027"", ""source_id"": ""A"", ""source_name"": ""Earth-Core"", ""unfulfilled_request_t"": 0.0}, {""actual_arrival_month"": ""2038-09"", ""actual_delivery_share"": 1.0, ""availability_share"": 1.0, ""feasible_t"": 21.086369770580294, ""gross_delivery_t"": 21.086369770580294, ""order_month"": ""2037-09"", ""planned_arrival_month"": ""2038-09"", ""requested_t"": 21.086369770580294, ""shipment_id"": ""S0028"", ""source_id"": ""A"", ""source_name"": ""Earth-Core"", ""unfulfilled_request_t"": 0.0}, {""actual_arrival_month"": ""2038-10"", ""actual_delivery_share"": 1.0, ""availability_share"": 1.0, ""feasible_t"": 21.086369770580294, ""gross_delivery_t"": 21.086369770580294, ""order_month"": ""2037-10"", ""planned_arrival_month"": ""2038-10"", ""requested_t"": 21.086369770580294, ""shipment_id"": ""S0029"", ""source_id"": ""A"", ""source_name"": ""Earth-Core"", ""unfulfilled_request_t"": 0.0}, {""actual_arrival_month"": ""2038-11"", ""actual_delivery_share"": 1.0, ""availability_share"": 1.0, ""feasible_t"": 21.086369770580294, ""gross_delivery_t"": 21.086369770580294, ""order_month"": ""2037-11"", ""planned_arrival_month"": ""2038-11"", ""requested_t"": 21.086369770580294, ""shipment_id"": ""S0030"", ""source_id"": ""A"", ""source_name"": ""Earth-Core"", ""unfulfilled_request_t"": 0.0}, {""actual_arrival_month"": ""2038-12"", ""actual_delivery_share"": 1.0, ""availability_share"": 1.0, ""feasible_t"": 21.086369770580294, ""gross_delivery_t"": 21.086369770580294, ""order_month"": ""2037-12"", ""planned_arrival_month"": ""2038-12"", ""requested_t"": 21.086369770580294, ""shipment_id"": ""S0031"", ""source_id"": ""A"", ""source_name"": ""Earth-Core"", ""unfulfilled_request_t"": 0.0}, {""actual_arrival_month"": ""2039-01"", ""actual_delivery_share"": 1.0, ""availability_share"": 1.0, ""feasible_t"": 26.99055330634278, ""gross_delivery_t"": 26.99055330634278, ""order_month"": ""2038-01"", ""planned_arrival_month"": ""2039-01"", ""requested_t"": 26.990553306342782, ""shipment_id"": ""S0032"", ""source_id"": ""A"", ""source_name"": ""Earth-Core"", ""unfulfilled_request_t"": 3.552713678800501e-15}, {""actual_arrival_month"": ""2039-02"", ""actual_delivery_share"": 1.0, ""availability_share"": 1.0, ""feasible_t"": 26.99055330634278, ""gross_delivery_t"": 26.99055330634278, ""order_month"": ""2038-02"", ""planned_arrival_month"": ""2039-02"", ""requested_t"": 26.990553306342782, ""shipment_id"": ""S0033"", ""source_id"": ""A"", ""source_name"": ""Earth-Core"", ""unfulfilled_request_t"": 3.552713678800501e-15}, {""actual_arrival_month"": ""2039-07"", ""actual_delivery_share"": 1.0, ""availability_share"": 1.0, ""feasible_t"": 14.952766531713909, ""gross_delivery_t"": 14.952766531713909, ""order_month"": ""2038-07"", ""planned_arrival_month"": ""2039-07"", ""requested_t"": 14.95276653171391, ""shipment_id"": ""S0034"", ""source_id"": ""A"", ""source_name"": ""Earth-Core"", ""unfulfilled_request_t"": 1.7763568394002505e-15}, {""actual_arrival_month"": ""2038-08"", ""actual_delivery_share"": 1.0, ""availability_share"": 1.0, ""feasible_t"": 14.568151147098533, ""gross_delivery_t"": 14.568151147098533, ""order_month"": ""2038-06"", ""planned_arrival_month"": ""2038-08"", ""requested_t"": 14.568151147098533, ""shipment_id"": ""S0065"", ""source_id"": ""D"", ""source_name"": ""Lunar-ISRU"", ""unfulfilled_request_t"": 0.0}]","{""D"": 21.086369770580294}","{""D"": 21.086369770580294}",21.086369770580294,0.2530364372469635,20.833333333333332,20.833333333333332,0.0,70.45085844748868,14.166666666666666,6.666666666666666,0.0,0.0,49.617525114155356,ZBO,120.0,0.012,"[""ZBO"", ""LUNAR_ISRU""]",2.977051506849321,6.833333333333333,[]
2038-08,49.617525114155356,20.833333333333332,14.166666666666666,"{""A"": 190.0, ""B"": 0, ""C"": 0, ""D"": 120.0, ""E"": 0}","{""A"": 26.990553306342782}","[{""actual_arrival_month"": ""2038-09"", ""actual_delivery_share"": 1.0, ""availability_share"": 1.0, ""feasible_t"": 21.086369770580294, ""gross_delivery_t"": 21.086369770580294, ""order_month"": ""2037-09"", ""planned_arrival_month"": ""2038-09"", ""requested_t"": 21.086369770580294, ""shipment_id"": ""S0028"", ""source_id"": ""A"", ""source_name"": ""Earth-Core"", ""unfulfilled_request_t"": 0.0}, {""actual_arrival_month"": ""2038-10"", ""actual_delivery_share"": 1.0, ""availability_share"": 1.0, ""feasible_t"": 21.086369770580294, ""gross_delivery_t"": 21.086369770580294, ""order_month"": ""2037-10"", ""planned_arrival_month"": ""2038-10"", ""requested_t"": 21.086369770580294, ""shipment_id"": ""S0029"", ""source_id"": ""A"", ""source_name"": ""Earth-Core"", ""unfulfilled_request_t"": 0.0}, {""actual_arrival_month"": ""2038-11"", ""actual_delivery_share"": 1.0, ""availability_share"": 1.0, ""feasible_t"": 21.086369770580294, ""gross_delivery_t"": 21.086369770580294, ""order_month"": ""2037-11"", ""planned_arrival_month"": ""2038-11"", ""requested_t"": 21.086369770580294, ""shipment_id"": ""S0030"", ""source_id"": ""A"", ""source_name"": ""Earth-Core"", ""unfulfilled_request_t"": 0.0}, {""actual_arrival_month"": ""2038-12"", ""actual_delivery_share"": 1.0, ""availability_share"": 1.0, ""feasible_t"": 21.086369770580294, ""gross_delivery_t"": 21.086369770580294, ""order_month"": ""2037-12"", ""planned_arrival_month"": ""2038-12"", ""requested_t"": 21.086369770580294, ""shipment_id"": ""S0031"", ""source_id"": ""A"", ""source_name"": ""Earth-Core"", ""unfulfilled_request_t"": 0.0}, {""actual_arrival_month"": ""2039-01"", ""actual_delivery_share"": 1.0, ""availability_share"": 1.0, ""feasible_t"": 26.99055330634278, ""gross_delivery_t"": 26.99055330634278, ""order_month"": ""2038-01"", ""planned_arrival_month"": ""2039-01"", ""requested_t"": 26.990553306342782, ""shipment_id"": ""S0032"", ""source_id"": ""A"", ""source_name"": ""Earth-Core"", ""unfulfilled_request_t"": 3.552713678800501e-15}, {""actual_arrival_month"": ""2039-02"", ""actual_delivery_share"": 1.0, ""availability_share"": 1.0, ""feasible_t"": 26.99055330634278, ""gross_delivery_t"": 26.99055330634278, ""order_month"": ""2038-02"", ""planned_arrival_month"": ""2039-02"", ""requested_t"": 26.990553306342782, ""shipment_id"": ""S0033"", ""source_id"": ""A"", ""source_name"": ""Earth-Core"", ""unfulfilled_request_t"": 3.552713678800501e-15}, {""actual_arrival_month"": ""2039-07"", ""actual_delivery_share"": 1.0, ""availability_share"": 1.0, ""feasible_t"": 14.952766531713909, ""gross_delivery_t"": 14.952766531713909, ""order_month"": ""2038-07"", ""planned_arrival_month"": ""2039-07"", ""requested_t"": 14.95276653171391, ""shipment_id"": ""S0034"", ""source_id"": ""A"", ""source_name"": ""Earth-Core"", ""unfulfilled_request_t"": 1.7763568394002505e-15}, {""actual_arrival_month"": ""2039-08"", ""actual_delivery_share"": 1.0, ""availability_share"": 1.0, ""feasible_t"": 26.99055330634278, ""gross_delivery_t"": 26.99055330634278, ""order_month"": ""2038-08"", ""planned_arrival_month"": ""2039-08"", ""requested_t"": 26.990553306342782, ""shipment_id"": ""S0035"", ""source_id"": ""A"", ""source_name"": ""Earth-Core"", ""unfulfilled_request_t"": 3.552713678800501e-15}]","{""A"": 6.518218623481763, ""D"": 14.568151147098533}","{""A"": 6.518218623481763, ""D"": 14.568151147098533}",21.086369770580298,0.25303643724696356,20.833333333333336,20.833333333333336,0.0,70.45085844748868,14.166666666666666,6.666666666666666,0.0,0.0,49.617525114155356,ZBO,120.0,0.012,"[""ZBO"", ""LUNAR_ISRU""]",2.977051506849321,6.833333333333333,[]
2038-09,49.617525114155356,20.833333333333332,14.166666666666666,"{""A"": 190.0, ""B"": 0, ""C"": 0, ""D"": 120.0, ""E"": 0}","{""A"": 26.990553306342782}","[{""actual_arrival_month"": ""2038-10"", ""actual_delivery_share"": 1.0, ""availability_share"": 1.0, ""feasible_t"": 21.086369770580294, ""gross_delivery_t"": 21.086369770580294, ""order_month"": ""2037-10"", ""planned_arrival_month"": ""2038-10"", ""requested_t"": 21.086369770580294, ""shipment_id"": ""S0029"", ""source_id"": ""A"", ""source_name"": ""Earth-Core"", ""unfulfilled_request_t"": 0.0}, {""actual_arrival_month"": ""2038-11"", ""actual_delivery_share"": 1.0, ""availability_share"": 1.0, ""feasible_t"": 21.086369770580294, ""gross_delivery_t"": 21.086369770580294, ""order_month"": ""2037-11"", ""planned_arrival_month"": ""2038-11"", ""requested_t"": 21.086369770580294, ""shipment_id"": ""S0030"", ""source_id"": ""A"", ""source_name"": ""Earth-Core"", ""unfulfilled_request_t"": 0.0}, {""actual_arrival_month"": ""2038-12"", ""actual_delivery_share"": 1.0, ""availability_share"": 1.0, ""feasible_t"": 21.086369770580294, ""gross_delivery_t"": 21.086369770580294, ""order_month"": ""2037-12"", ""planned_arrival_month"": ""2038-12"", ""requested_t"": 21.086369770580294, ""shipment_id"": ""S0031"", ""source_id"": ""A"", ""source_name"": ""Earth-Core"", ""unfulfilled_request_t"": 0.0}, {""actual_arrival_month"": ""2039-01"", ""actual_delivery_share"": 1.0, ""availability_share"": 1.0, ""feasible_t"": 26.99055330634278, ""gross_delivery_t"": 26.99055330634278, ""order_month"": ""2038-01"", ""planned_arrival_month"": ""2039-01"", ""requested_t"": 26.990553306342782, ""shipment_id"": ""S0032"", ""source_id"": ""A"", ""source_name"": ""Earth-Core"", ""unfulfilled_request_t"": 3.552713678800501e-15}, {""actual_arrival_month"": ""2039-02"", ""actual_delivery_share"": 1.0, ""availability_share"": 1.0, ""feasible_t"": 26.99055330634278, ""gross_delivery_t"": 26.99055330634278, ""order_month"": ""2038-02"", ""planned_arrival_month"": ""2039-02"", ""requested_t"": 26.990553306342782, ""shipment_id"": ""S0033"", ""source_id"": ""A"", ""source_name"": ""Earth-Core"", ""unfulfilled_request_t"": 3.552713678800501e-15}, {""actual_arrival_month"": ""2039-07"", ""actual_delivery_share"": 1.0, ""availability_share"": 1.0, ""feasible_t"": 14.952766531713909, ""gross_delivery_t"": 14.952766531713909, ""order_month"": ""2038-07"", ""planned_arrival_month"": ""2039-07"", ""requested_t"": 14.95276653171391, ""shipment_id"": ""S0034"", ""source_id"": ""A"", ""source_name"": ""Earth-Core"", ""unfulfilled_request_t"": 1.7763568394002505e-15}, {""actual_arrival_month"": ""2039-08"", ""actual_delivery_share"": 1.0, ""availability_share"": 1.0, ""feasible_t"": 26.99055330634278, ""gross_delivery_t"": 26.99055330634278, ""order_month"": ""2038-08"", ""planned_arrival_month"": ""2039-08"", ""requested_t"": 26.990553306342782, ""shipment_id"": ""S0035"", ""source_id"": ""A"", ""source_name"": ""Earth-Core"", ""unfulfilled_request_t"": 3.552713678800501e-15}, {""actual_arrival_month"": ""2039-09"", ""actual_delivery_share"": 1.0, ""availability_share"": 1.0, ""feasible_t"": 26.99055330634278, ""gross_delivery_t"": 26.99055330634278, ""order_month"": ""2038-09"", ""planned_arrival_month"": ""2039-09"", ""requested_t"": 26.990553306342782, ""shipment_id"": ""S0036"", ""source_id"": ""A"", ""source_name"": ""Earth-Core"", ""unfulfilled_request_t"": 3.552713678800501e-15}]","{""A"": 21.086369770580294}","{""A"": 21.086369770580294}",21.086369770580294,0.2530364372469635,20.833333333333332,20.833333333333332,0.0,70.45085844748868,14.166666666666666,6.666666666666666,0.0,0.0,49.617525114155356,ZBO,120.0,0.012,"[""ZBO"", ""LUNAR_ISRU""]",2.977051506849321,6.833333333333333,[]
2038-10,49.617525114155356,20.833333333333332,14.166666666666666,"{""A"": 190.0, ""B"": 0, ""C"": 0, ""D"": 120.0, ""E"": 0}","{""A"": 26.990553306342782}","[{""actual_arrival_month"": ""2038-11"", ""actual_delivery_share"": 1.0, ""availability_share"": 1.0, ""feasible_t"": 21.086369770580294, ""gross_delivery_t"": 21.086369770580294, ""order_month"": ""2037-11"", ""planned_arrival_month"": ""2038-11"", ""requested_t"": 21.086369770580294, ""shipment_id"": ""S0030"", ""source_id"": ""A"", ""source_name"": ""Earth-Core"", ""unfulfilled_request_t"": 0.0}, {""actual_arrival_month"": ""2038-12"", ""actual_delivery_share"": 1.0, ""availability_share"": 1.0, ""feasible_t"": 21.086369770580294, ""gross_delivery_t"": 21.086369770580294, ""order_month"": ""2037-12"", ""planned_arrival_month"": ""2038-12"", ""requested_t"": 21.086369770580294, ""shipment_id"": ""S0031"", ""source_id"": ""A"", ""source_name"": ""Earth-Core"", ""unfulfilled_request_t"": 0.0}, {""actual_arrival_month"": ""2039-01"", ""actual_delivery_share"": 1.0, ""availability_share"": 1.0, ""feasible_t"": 26.99055330634278, ""gross_delivery_t"": 26.99055330634278, ""order_month"": ""2038-01"", ""planned_arrival_month"": ""2039-01"", ""requested_t"": 26.990553306342782, ""shipment_id"": ""S0032"", ""source_id"": ""A"", ""source_name"": ""Earth-Core"", ""unfulfilled_request_t"": 3.552713678800501e-15}, {""actual_arrival_month"": ""2039-02"", ""actual_delivery_share"": 1.0, ""availability_share"": 1.0, ""feasible_t"": 26.99055330634278, ""gross_delivery_t"": 26.99055330634278, ""order_month"": ""2038-02"", ""planned_arrival_month"": ""2039-02"", ""requested_t"": 26.990553306342782, ""shipment_id"": ""S0033"", ""source_id"": ""A"", ""source_name"": ""Earth-Core"", ""unfulfilled_request_t"": 3.552713678800501e-15}, {""actual_arrival_month"": ""2039-07"", ""actual_delivery_share"": 1.0, ""availability_share"": 1.0, ""feasible_t"": 14.952766531713909, ""gross_delivery_t"": 14.952766531713909, ""order_month"": ""2038-07"", ""planned_arrival_month"": ""2039-07"", ""requested_t"": 14.95276653171391, ""shipment_id"": ""S0034"", ""source_id"": ""A"", ""source_name"": ""Earth-Core"", ""unfulfilled_request_t"": 1.7763568394002505e-15}, {""actual_arrival_month"": ""2039-08"", ""actual_delivery_share"": 1.0, ""availability_share"": 1.0, ""feasible_t"": 26.99055330634278, ""gross_delivery_t"": 26.99055330634278, ""order_month"": ""2038-08"", ""planned_arrival_month"": ""2039-08"", ""requested_t"": 26.990553306342782, ""shipment_id"": ""S0035"", ""source_id"": ""A"", ""source_name"": ""Earth-Core"", ""unfulfilled_request_t"": 3.552713678800501e-15}, {""actual_arrival_month"": ""2039-09"", ""actual_delivery_share"": 1.0, ""availability_share"": 1.0, ""feasible_t"": 26.99055330634278, ""gross_delivery_t"": 26.99055330634278, ""order_month"": ""2038-09"", ""planned_arrival_month"": ""2039-09"", ""requested_t"": 26.990553306342782, ""shipment_id"": ""S0036"", ""source_id"": ""A"", ""source_name"": ""Earth-Core"", ""unfulfilled_request_t"": 3.552713678800501e-15}, {""actual_arrival_month"": ""2039-10"", ""actual_delivery_share"": 1.0, ""availability_share"": 1.0, ""feasible_t"": 26.99055330634278, ""gross_delivery_t"": 26.99055330634278, ""order_month"": ""2038-10"", ""planned_arrival_month"": ""2039-10"", ""requested_t"": 26.990553306342782, ""shipment_id"": ""S0037"", ""source_id"": ""A"", ""source_name"": ""Earth-Core"", ""unfulfilled_request_t"": 3.552713678800501e-15}]","{""A"": 21.086369770580294}","{""A"": 21.086369770580294}",21.086369770580294,0.2530364372469635,20.833333333333332,20.833333333333332,0.0,70.45085844748868,14.166666666666666,6.666666666666666,0.0,0.0,49.617525114155356,ZBO,120.0,0.012,"[""ZBO"", ""LUNAR_ISRU""]",2.977051506849321,6.833333333333333,[]
2038-11,49.617525114155356,20.833333333333332,14.166666666666666,"{""A"": 190.0, ""B"": 0, ""C"": 0, ""D"": 120.0, ""E"": 0}","{""A"": 26.990553306342782}","[{""actual_arrival_month"": ""2038-12"", ""actual_delivery_share"": 1.0, ""availability_share"": 1.0, ""feasible_t"": 21.086369770580294, ""gross_delivery_t"": 21.086369770580294, ""order_month"": ""2037-12"", ""planned_arrival_month"": ""2038-12"", ""requested_t"": 21.086369770580294, ""shipment_id"": ""S0031"", ""source_id"": ""A"", ""source_name"": ""Earth-Core"", ""unfulfilled_request_t"": 0.0}, {""actual_arrival_month"": ""2039-01"", ""actual_delivery_share"": 1.0, ""availability_share"": 1.0, ""feasible_t"": 26.99055330634278, ""gross_delivery_t"": 26.99055330634278, ""order_month"": ""2038-01"", ""planned_arrival_month"": ""2039-01"", ""requested_t"": 26.990553306342782, ""shipment_id"": ""S0032"", ""source_id"": ""A"", ""source_name"": ""Earth-Core"", ""unfulfilled_request_t"": 3.552713678800501e-15}, {""actual_arrival_month"": ""2039-02"", ""actual_delivery_share"": 1.0, ""availability_share"": 1.0, ""feasible_t"": 26.99055330634278, ""gross_delivery_t"": 26.99055330634278, ""order_month"": ""2038-02"", ""planned_arrival_month"": ""2039-02"", ""requested_t"": 26.990553306342782, ""shipment_id"": ""S0033"", ""source_id"": ""A"", ""source_name"": ""Earth-Core"", ""unfulfilled_request_t"": 3.552713678800501e-15}, {""actual_arrival_month"": ""2039-07"", ""actual_delivery_share"": 1.0, ""availability_share"": 1.0, ""feasible_t"": 14.952766531713909, ""gross_delivery_t"": 14.952766531713909, ""order_month"": ""2038-07"", ""planned_arrival_month"": ""2039-07"", ""requested_t"": 14.95276653171391, ""shipment_id"": ""S0034"", ""source_id"": ""A"", ""source_name"": ""Earth-Core"", ""unfulfilled_request_t"": 1.7763568394002505e-15}, {""actual_arrival_month"": ""2039-08"", ""actual_delivery_share"": 1.0, ""availability_share"": 1.0, ""feasible_t"": 26.99055330634278, ""gross_delivery_t"": 26.99055330634278, ""order_month"": ""2038-08"", ""planned_arrival_month"": ""2039-08"", ""requested_t"": 26.990553306342782, ""shipment_id"": ""S0035"", ""source_id"": ""A"", ""source_name"": ""Earth-Core"", ""unfulfilled_request_t"": 3.552713678800501e-15}, {""actual_arrival_month"": ""2039-09"", ""actual_delivery_share"": 1.0, ""availability_share"": 1.0, ""feasible_t"": 26.99055330634278, ""gross_delivery_t"": 26.99055330634278, ""order_month"": ""2038-09"", ""planned_arrival_month"": ""2039-09"", ""requested_t"": 26.990553306342782, ""shipment_id"": ""S0036"", ""source_id"": ""A"", ""source_name"": ""Earth-Core"", ""unfulfilled_request_t"": 3.552713678800501e-15}, {""actual_arrival_month"": ""2039-10"", ""actual_delivery_share"": 1.0, ""availability_share"": 1.0, ""feasible_t"": 26.99055330634278, ""gross_delivery_t"": 26.99055330634278, ""order_month"": ""2038-10"", ""planned_arrival_month"": ""2039-10"", ""requested_t"": 26.990553306342782, ""shipment_id"": ""S0037"", ""source_id"": ""A"", ""source_name"": ""Earth-Core"", ""unfulfilled_request_t"": 3.552713678800501e-15}, {""actual_arrival_month"": ""2039-11"", ""actual_delivery_share"": 1.0, ""availability_share"": 1.0, ""feasible_t"": 26.99055330634278, ""gross_delivery_t"": 26.99055330634278, ""order_month"": ""2038-11"", ""planned_arrival_month"": ""2039-11"", ""requested_t"": 26.990553306342782, ""shipment_id"": ""S0038"", ""source_id"": ""A"", ""source_name"": ""Earth-Core"", ""unfulfilled_request_t"": 3.552713678800501e-15}]","{""A"": 21.086369770580294}","{""A"": 21.086369770580294}",21.086369770580294,0.2530364372469635,20.833333333333332,20.833333333333332,0.0,70.45085844748868,14.166666666666666,6.666666666666666,0.0,0.0,49.617525114155356,ZBO,120.0,0.012,"[""ZBO"", ""LUNAR_ISRU""]",2.977051506849321,6.833333333333333,[]
2038-12,49.617525114155356,20.833333333333332,14.166666666666666,"{""A"": 190.0, ""B"": 0, ""C"": 0, ""D"": 120.0, ""E"": 0}","{""A"": 13.103913630229414}","[{""actual_arrival_month"": ""2039-01"", ""actual_delivery_share"": 1.0, ""availability_share"": 1.0, ""feasible_t"": 26.99055330634278, ""gross_delivery_t"": 26.99055330634278, ""order_month"": ""2038-01"", ""planned_arrival_month"": ""2039-01"", ""requested_t"": 26.990553306342782, ""shipment_id"": ""S0032"", ""source_id"": ""A"", ""source_name"": ""Earth-Core"", ""unfulfilled_request_t"": 3.552713678800501e-15}, {""actual_arrival_month"": ""2039-02"", ""actual_delivery_share"": 1.0, ""availability_share"": 1.0, ""feasible_t"": 26.99055330634278, ""gross_delivery_t"": 26.99055330634278, ""order_month"": ""2038-02"", ""planned_arrival_month"": ""2039-02"", ""requested_t"": 26.990553306342782, ""shipment_id"": ""S0033"", ""source_id"": ""A"", ""source_name"": ""Earth-Core"", ""unfulfilled_request_t"": 3.552713678800501e-15}, {""actual_arrival_month"": ""2039-07"", ""actual_delivery_share"": 1.0, ""availability_share"": 1.0, ""feasible_t"": 14.952766531713909, ""gross_delivery_t"": 14.952766531713909, ""order_month"": ""2038-07"", ""planned_arrival_month"": ""2039-07"", ""requested_t"": 14.95276653171391, ""shipment_id"": ""S0034"", ""source_id"": ""A"", ""source_name"": ""Earth-Core"", ""unfulfilled_request_t"": 1.7763568394002505e-15}, {""actual_arrival_month"": ""2039-08"", ""actual_delivery_share"": 1.0, ""availability_share"": 1.0, ""feasible_t"": 26.99055330634278, ""gross_delivery_t"": 26.99055330634278, ""order_month"": ""2038-08"", ""planned_arrival_month"": ""2039-08"", ""requested_t"": 26.990553306342782, ""shipment_id"": ""S0035"", ""source_id"": ""A"", ""source_name"": ""Earth-Core"", ""unfulfilled_request_t"": 3.552713678800501e-15}, {""actual_arrival_month"": ""2039-09"", ""actual_delivery_share"": 1.0, ""availability_share"": 1.0, ""feasible_t"": 26.99055330634278, ""gross_delivery_t"": 26.99055330634278, ""order_month"": ""2038-09"", ""planned_arrival_month"": ""2039-09"", ""requested_t"": 26.990553306342782, ""shipment_id"": ""S0036"", ""source_id"": ""A"", ""source_name"": ""Earth-Core"", ""unfulfilled_request_t"": 3.552713678800501e-15}, {""actual_arrival_month"": ""2039-10"", ""actual_delivery_share"": 1.0, ""availability_share"": 1.0, ""feasible_t"": 26.99055330634278, ""gross_delivery_t"": 26.99055330634278, ""order_month"": ""2038-10"", ""planned_arrival_month"": ""2039-10"", ""requested_t"": 26.990553306342782, ""shipment_id"": ""S0037"", ""source_id"": ""A"", ""source_name"": ""Earth-Core"", ""unfulfilled_request_t"": 3.552713678800501e-15}, {""actual_arrival_month"": ""2039-11"", ""actual_delivery_share"": 1.0, ""availability_share"": 1.0, ""feasible_t"": 26.99055330634278, ""gross_delivery_t"": 26.99055330634278, ""order_month"": ""2038-11"", ""planned_arrival_month"": ""2039-11"", ""requested_t"": 26.990553306342782, ""shipment_id"": ""S0038"", ""source_id"": ""A"", ""source_name"": ""Earth-Core"", ""unfulfilled_request_t"": 3.552713678800501e-15}, {""actual_arrival_month"": ""2039-12"", ""actual_delivery_share"": 1.0, ""availability_share"": 1.0, ""feasible_t"": 13.103913630229412, ""gross_delivery_t"": 13.103913630229412, ""order_month"": ""2038-12"", ""planned_arrival_month"": ""2039-12"", ""requested_t"": 13.103913630229414, ""shipment_id"": ""S0039"", ""source_id"": ""A"", ""source_name"": ""Earth-Core"", ""unfulfilled_request_t"": 1.7763568394002505e-15}]","{""A"": 21.086369770580294}","{""A"": 21.086369770580294}",21.086369770580294,0.2530364372469635,20.833333333333332,20.833333333333332,0.0,70.45085844748868,14.166666666666666,6.666666666666666,0.0,0.0,49.617525114155356,ZBO,120.0,0.012,"[""ZBO"", ""LUNAR_ISRU""]",2.977051506849321,6.833333333333333,[]
2039-01,49.617525114155356,26.666666666666668,17.5,"{""A"": 171.0000000001, ""B"": 13.886639676213369, ""C"": 0, ""D"": 120.0, ""E"": 0}","{""A"": 29.605263157894736, ""D"": 26.990553306342782}","[{""actual_arrival_month"": ""2039-02"", ""actual_delivery_share"": 1.0, ""availability_share"": 1.0, ""feasible_t"": 26.99055330634278, ""gross_delivery_t"": 26.99055330634278, ""order_month"": ""2038-02"", ""planned_arrival_month"": ""2039-02"", ""requested_t"": 26.990553306342782, ""shipment_id"": ""S0033"", ""source_id"": ""A"", ""source_name"": ""Earth-Core"", ""unfulfilled_request_t"": 3.552713678800501e-15}, {""actual_arrival_month"": ""2039-07"", ""actual_delivery_share"": 1.0, ""availability_share"": 1.0, ""feasible_t"": 14.952766531713909, ""gross_delivery_t"": 14.952766531713909, ""order_month"": ""2038-07"", ""planned_arrival_month"": ""2039-07"", ""requested_t"": 14.95276653171391, ""shipment_id"": ""S0034"", ""source_id"": ""A"", ""source_name"": ""Earth-Core"", ""unfulfilled_request_t"": 1.7763568394002505e-15}, {""actual_arrival_month"": ""2039-08"", ""actual_delivery_share"": 1.0, ""availability_share"": 1.0, ""feasible_t"": 26.99055330634278, ""gross_delivery_t"": 26.99055330634278, ""order_month"": ""2038-08"", ""planned_arrival_month"": ""2039-08"", ""requested_t"": 26.990553306342782, ""shipment_id"": ""S0035"", ""source_id"": ""A"", ""source_name"": ""Earth-Core"", ""unfulfilled_request_t"": 3.552713678800501e-15}, {""actual_arrival_month"": ""2039-09"", ""actual_delivery_share"": 1.0, ""availability_share"": 1.0, ""feasible_t"": 26.99055330634278, ""gross_delivery_t"": 26.99055330634278, ""order_month"": ""2038-09"", ""planned_arrival_month"": ""2039-09"", ""requested_t"": 26.990553306342782, ""shipment_id"": ""S0036"", ""source_id"": ""A"", ""source_name"": ""Earth-Core"", ""unfulfilled_request_t"": 3.552713678800501e-15}, {""actual_arrival_month"": ""2039-10"", ""actual_delivery_share"": 1.0, ""availability_share"": 1.0, ""feasible_t"": 26.99055330634278, ""gross_delivery_t"": 26.99055330634278, ""order_month"": ""2038-10"", ""planned_arrival_month"": ""2039-10"", ""requested_t"": 26.990553306342782, ""shipment_id"": ""S0037"", ""source_id"": ""A"", ""source_name"": ""Earth-Core"", ""unfulfilled_request_t"": 3.552713678800501e-15}, {""actual_arrival_month"": ""2039-11"", ""actual_delivery_share"": 1.0, ""availability_share"": 1.0, ""feasible_t"": 26.99055330634278, ""gross_delivery_t"": 26.99055330634278, ""order_month"": ""2038-11"", ""planned_arrival_month"": ""2039-11"", ""requested_t"": 26.990553306342782, ""shipment_id"": ""S0038"", ""source_id"": ""A"", ""source_name"": ""Earth-Core"", ""unfulfilled_request_t"": 3.552713678800501e-15}, {""actual_arrival_month"": ""2039-12"", ""actual_delivery_share"": 1.0, ""availability_share"": 1.0, ""feasible_t"": 13.103913630229412, ""gross_delivery_t"": 13.103913630229412, ""order_month"": ""2038-12"", ""planned_arrival_month"": ""2039-12"", ""requested_t"": 13.103913630229414, ""shipment_id"": ""S0039"", ""source_id"": ""A"", ""source_name"": ""Earth-Core"", ""unfulfilled_request_t"": 1.7763568394002505e-15}, {""actual_arrival_month"": ""2040-01"", ""actual_delivery_share"": 1.0, ""availability_share"": 1.0, ""feasible_t"": 29.605263157894736, ""gross_delivery_t"": 29.605263157894736, ""order_month"": ""2039-01"", ""planned_arrival_month"": ""2040-01"", ""requested_t"": 29.605263157894736, ""shipment_id"": ""S0040"", ""source_id"": ""A"", ""source_name"": ""Earth-Core"", ""unfulfilled_request_t"": 0.0}, {""actual_arrival_month"": ""2039-03"", ""actual_delivery_share"": 1.0, ""availability_share"": 1.0, ""feasible_t"": 26.990553306342782, ""gross_delivery_t"": 26.990553306342782, ""order_month"": ""2039-01"", ""planned_arrival_month"": ""2039-03"", ""requested_t"": 26.990553306342782, ""shipment_id"": ""S0066"", ""source_id"": ""D"", ""source_name"": ""Lunar-ISRU"", ""unfulfilled_request_t"": 0.0}]","{""A"": 26.99055330634278}","{""A"": 26.99055330634278}",26.99055330634278,0.32388663967611336,26.666666666666664,26.666666666666664,0.0,76.28419178082203,17.5,9.166666666666668,0.0,0.0,49.617525114155356,ZBO,120.0,0.012,"[""ZBO"", ""LUNAR_ISRU""]",2.977051506849321,6.833333333333333,[]
2039-02,49.617525114155356,26.666666666666668,17.5,"{""A"": 171.0000000001, ""B"": 13.886639676213369, ""C"": 0, ""D"": 120.0, ""E"": 0}","{""A"": 29.605263157894736, ""D"": 26.990553306342782}","[{""actual_arrival_month"": ""2039-07"", ""actual_delivery_share"": 1.0, ""availability_share"": 1.0, ""feasible_t"": 14.952766531713909, ""gross_delivery_t"": 14.952766531713909, ""order_month"": ""2038-07"", ""planned_arrival_month"": ""2039-07"", ""requested_t"": 14.95276653171391, ""shipment_id"": ""S0034"", ""source_id"": ""A"", ""source_name"": ""Earth-Core"", ""unfulfilled_request_t"": 1.7763568394002505e-15}, {""actual_arrival_month"": ""2039-08"", ""actual_delivery_share"": 1.0, ""availability_share"": 1.0, ""feasible_t"": 26.99055330634278, ""gross_delivery_t"": 26.99055330634278, ""order_month"": ""2038-08"", ""planned_arrival_month"": ""2039-08"", ""requested_t"": 26.990553306342782, ""shipment_id"": ""S0035"", ""source_id"": ""A"", ""source_name"": ""Earth-Core"", ""unfulfilled_request_t"": 3.552713678800501e-15}, {""actual_arrival_month"": ""2039-09"", ""actual_delivery_share"": 1.0, ""availability_share"": 1.0, ""feasible_t"": 26.99055330634278, ""gross_delivery_t"": 26.99055330634278, ""order_month"": ""2038-09"", ""planned_arrival_month"": ""2039-09"", ""requested_t"": 26.990553306342782, ""shipment_id"": ""S0036"", ""source_id"": ""A"", ""source_name"": ""Earth-Core"", ""unfulfilled_request_t"": 3.552713678800501e-15}, {""actual_arrival_month"": ""2039-10"", ""actual_delivery_share"": 1.0, ""availability_share"": 1.0, ""feasible_t"": 26.99055330634278, ""gross_delivery_t"": 26.99055330634278, ""order_month"": ""2038-10"", ""planned_arrival_month"": ""2039-10"", ""requested_t"": 26.990553306342782, ""shipment_id"": ""S0037"", ""source_id"": ""A"", ""source_name"": ""Earth-Core"", ""unfulfilled_request_t"": 3.552713678800501e-15}, {""actual_arrival_month"": ""2039-11"", ""actual_delivery_share"": 1.0, ""availability_share"": 1.0, ""feasible_t"": 26.99055330634278, ""gross_delivery_t"": 26.99055330634278, ""order_month"": ""2038-11"", ""planned_arrival_month"": ""2039-11"", ""requested_t"": 26.990553306342782, ""shipment_id"": ""S0038"", ""source_id"": ""A"", ""source_name"": ""Earth-Core"", ""unfulfilled_request_t"": 3.552713678800501e-15}, {""actual_arrival_month"": ""2039-12"", ""actual_delivery_share"": 1.0, ""availability_share"": 1.0, ""feasible_t"": 13.103913630229412, ""gross_delivery_t"": 13.103913630229412, ""order_month"": ""2038-12"", ""planned_arrival_month"": ""2039-12"", ""requested_t"": 13.103913630229414, ""shipment_id"": ""S0039"", ""source_id"": ""A"", ""source_name"": ""Earth-Core"", ""unfulfilled_request_t"": 1.7763568394002505e-15}, {""actual_arrival_month"": ""2040-01"", ""actual_delivery_share"": 1.0, ""availability_share"": 1.0, ""feasible_t"": 29.605263157894736, ""gross_delivery_t"": 29.605263157894736, ""order_month"": ""2039-01"", ""planned_arrival_month"": ""2040-01"", ""requested_t"": 29.605263157894736, ""shipment_id"": ""S0040"", ""source_id"": ""A"", ""source_name"": ""Earth-Core"", ""unfulfilled_request_t"": 0.0}, {""actual_arrival_month"": ""2040-02"", ""actual_delivery_share"": 1.0, ""availability_share"": 1.0, ""feasible_t"": 29.605263157894736, ""gross_delivery_t"": 29.605263157894736, ""order_month"": ""2039-02"", ""planned_arrival_month"": ""2040-02"", ""requested_t"": 29.605263157894736, ""shipment_id"": ""S0041"", ""source_id"": ""A"", ""source_name"": ""Earth-Core"", ""unfulfilled_request_t"": 0.0}, {""actual_arrival_month"": ""2039-03"", ""actual_delivery_share"": 1.0, ""availability_share"": 1.0, ""feasible_t"": 26.990553306342782, ""gross_delivery_t"": 26.990553306342782, ""order_month"": ""2039-01"", ""planned_arrival_month"": ""2039-03"", ""requested_t"": 26.990553306342782, ""shipment_id"": ""S0066"", ""source_id"": ""D"", ""source_name"": ""Lunar-ISRU"", ""unfulfilled_request_t"": 0.0}, {""actual_arrival_month"": ""2039-04"", ""actual_delivery_share"": 1.0, ""availability_share"": 1.0, ""feasible_t"": 26.990553306342782, ""gross_delivery_t"": 26.990553306342782, ""order_month"": ""2039-02"", ""planned_arrival_month"": ""2039-04"", ""requested_t"": 26.990553306342782, ""shipment_id"": ""S0067"", ""source_id"": ""D"", ""source_name"": ""Lunar-ISRU"", ""unfulfilled_request_t"": 0.0}]","{""A"": 26.99055330634278}","{""A"": 26.99055330634278}",26.99055330634278,0.32388663967611336,26.666666666666664,26.666666666666664,0.0,76.28419178082203,17.5,9.166666666666668,0.0,0.0,49.617525114155356,ZBO,120.0,0.012,"[""ZBO"", ""LUNAR_ISRU""]",2.977051506849321,6.833333333333333,[]
2039-03,49.617525114155356,26.666666666666668,17.5,"{""A"": 171.0000000001, ""B"": 13.886639676213369, ""C"": 0, ""D"": 120.0, ""E"": 0}","{""D"": 26.990553306342782}","[{""actual_arrival_month"": ""2039-07"", ""actual_delivery_share"": 1.0, ""availability_share"": 1.0, ""feasible_t"": 14.952766531713909, ""gross_delivery_t"": 14.952766531713909, ""order_month"": ""2038-07"", ""planned_arrival_month"": ""2039-07"", ""requested_t"": 14.95276653171391, ""shipment_id"": ""S0034"", ""source_id"": ""A"", ""source_name"": ""Earth-Core"", ""unfulfilled_request_t"": 1.7763568394002505e-15}, {""actual_arrival_month"": ""2039-08"", ""actual_delivery_share"": 1.0, ""availability_share"": 1.0, ""feasible_t"": 26.99055330634278, ""gross_delivery_t"": 26.99055330634278, ""order_month"": ""2038-08"", ""planned_arrival_month"": ""2039-08"", ""requested_t"": 26.990553306342782, ""shipment_id"": ""S0035"", ""source_id"": ""A"", ""source_name"": ""Earth-Core"", ""unfulfilled_request_t"": 3.552713678800501e-15}, {""actual_arrival_month"": ""2039-09"", ""actual_delivery_share"": 1.0, ""availability_share"": 1.0, ""feasible_t"": 26.99055330634278, ""gross_delivery_t"": 26.99055330634278, ""order_month"": ""2038-09"", ""planned_arrival_month"": ""2039-09"", ""requested_t"": 26.990553306342782, ""shipment_id"": ""S0036"", ""source_id"": ""A"", ""source_name"": ""Earth-Core"", ""unfulfilled_request_t"": 3.552713678800501e-15}, {""actual_arrival_month"": ""2039-10"", ""actual_delivery_share"": 1.0, ""availability_share"": 1.0, ""feasible_t"": 26.99055330634278, ""gross_delivery_t"": 26.99055330634278, ""order_month"": ""2038-10"", ""planned_arrival_month"": ""2039-10"", ""requested_t"": 26.990553306342782, ""shipment_id"": ""S0037"", ""source_id"": ""A"", ""source_name"": ""Earth-Core"", ""unfulfilled_request_t"": 3.552713678800501e-15}, {""actual_arrival_month"": ""2039-11"", ""actual_delivery_share"": 1.0, ""availability_share"": 1.0, ""feasible_t"": 26.99055330634278, ""gross_delivery_t"": 26.99055330634278, ""order_month"": ""2038-11"", ""planned_arrival_month"": ""2039-11"", ""requested_t"": 26.990553306342782, ""shipment_id"": ""S0038"", ""source_id"": ""A"", ""source_name"": ""Earth-Core"", ""unfulfilled_request_t"": 3.552713678800501e-15}, {""actual_arrival_month"": ""2039-12"", ""actual_delivery_share"": 1.0, ""availability_share"": 1.0, ""feasible_t"": 13.103913630229412, ""gross_delivery_t"": 13.103913630229412, ""order_month"": ""2038-12"", ""planned_arrival_month"": ""2039-12"", ""requested_t"": 13.103913630229414, ""shipment_id"": ""S0039"", ""source_id"": ""A"", ""source_name"": ""Earth-Core"", ""unfulfilled_request_t"": 1.7763568394002505e-15}, {""actual_arrival_month"": ""2040-01"", ""actual_delivery_share"": 1.0, ""availability_share"": 1.0, ""feasible_t"": 29.605263157894736, ""gross_delivery_t"": 29.605263157894736, ""order_month"": ""2039-01"", ""planned_arrival_month"": ""2040-01"", ""requested_t"": 29.605263157894736, ""shipment_id"": ""S0040"", ""source_id"": ""A"", ""source_name"": ""Earth-Core"", ""unfulfilled_request_t"": 0.0}, {""actual_arrival_month"": ""2040-02"", ""actual_delivery_share"": 1.0, ""availability_share"": 1.0, ""feasible_t"": 29.605263157894736, ""gross_delivery_t"": 29.605263157894736, ""order_month"": ""2039-02"", ""planned_arrival_month"": ""2040-02"", ""requested_t"": 29.605263157894736, ""shipment_id"": ""S0041"", ""source_id"": ""A"", ""source_name"": ""Earth-Core"", ""unfulfilled_request_t"": 0.0}, {""actual_arrival_month"": ""2039-04"", ""actual_delivery_share"": 1.0, ""availability_share"": 1.0, ""feasible_t"": 26.990553306342782, ""gross_delivery_t"": 26.990553306342782, ""order_month"": ""2039-02"", ""planned_arrival_month"": ""2039-04"", ""requested_t"": 26.990553306342782, ""shipment_id"": ""S0067"", ""source_id"": ""D"", ""source_name"": ""Lunar-ISRU"", ""unfulfilled_request_t"": 0.0}, {""actual_arrival_month"": ""2039-05"", ""actual_delivery_share"": 1.0, ""availability_share"": 1.0, ""feasible_t"": 26.990553306342782, ""gross_delivery_t"": 26.990553306342782, ""order_month"": ""2039-03"", ""planned_arrival_month"": ""2039-05"", ""requested_t"": 26.990553306342782, ""shipment_id"": ""S0068"", ""source_id"": ""D"", ""source_name"": ""Lunar-ISRU"", ""unfulfilled_request_t"": 0.0}]","{""D"": 26.990553306342782}","{""D"": 26.990553306342782}",26.990553306342782,0.3238866396761134,26.666666666666668,26.666666666666668,0.0,76.28419178082203,17.5,9.166666666666668,0.0,0.0,49.617525114155356,ZBO,120.0,0.012,"[""ZBO"", ""LUNAR_ISRU""]",2.977051506849321,6.833333333333333,[]
2039-04,49.617525114155356,26.666666666666668,17.5,"{""A"": 171.0000000001, ""B"": 13.886639676213369, ""C"": 0, ""D"": 120.0, ""E"": 0}","{""D"": 26.990553306342782}","[{""actual_arrival_month"": ""2039-07"", ""actual_delivery_share"": 1.0, ""availability_share"": 1.0, ""feasible_t"": 14.952766531713909, ""gross_delivery_t"": 14.952766531713909, ""order_month"": ""2038-07"", ""planned_arrival_month"": ""2039-07"", ""requested_t"": 14.95276653171391, ""shipment_id"": ""S0034"", ""source_id"": ""A"", ""source_name"": ""Earth-Core"", ""unfulfilled_request_t"": 1.7763568394002505e-15}, {""actual_arrival_month"": ""2039-08"", ""actual_delivery_share"": 1.0, ""availability_share"": 1.0, ""feasible_t"": 26.99055330634278, ""gross_delivery_t"": 26.99055330634278, ""order_month"": ""2038-08"", ""planned_arrival_month"": ""2039-08"", ""requested_t"": 26.990553306342782, ""shipment_id"": ""S0035"", ""source_id"": ""A"", ""source_name"": ""Earth-Core"", ""unfulfilled_request_t"": 3.552713678800501e-15}, {""actual_arrival_month"": ""2039-09"", ""actual_delivery_share"": 1.0, ""availability_share"": 1.0, ""feasible_t"": 26.99055330634278, ""gross_delivery_t"": 26.99055330634278, ""order_month"": ""2038-09"", ""planned_arrival_month"": ""2039-09"", ""requested_t"": 26.990553306342782, ""shipment_id"": ""S0036"", ""source_id"": ""A"", ""source_name"": ""Earth-Core"", ""unfulfilled_request_t"": 3.552713678800501e-15}, {""actual_arrival_month"": ""2039-10"", ""actual_delivery_share"": 1.0, ""availability_share"": 1.0, ""feasible_t"": 26.99055330634278, ""gross_delivery_t"": 26.99055330634278, ""order_month"": ""2038-10"", ""planned_arrival_month"": ""2039-10"", ""requested_t"": 26.990553306342782, ""shipment_id"": ""S0037"", ""source_id"": ""A"", ""source_name"": ""Earth-Core"", ""unfulfilled_request_t"": 3.552713678800501e-15}, {""actual_arrival_month"": ""2039-11"", ""actual_delivery_share"": 1.0, ""availability_share"": 1.0, ""feasible_t"": 26.99055330634278, ""gross_delivery_t"": 26.99055330634278, ""order_month"": ""2038-11"", ""planned_arrival_month"": ""2039-11"", ""requested_t"": 26.990553306342782, ""shipment_id"": ""S0038"", ""source_id"": ""A"", ""source_name"": ""Earth-Core"", ""unfulfilled_request_t"": 3.552713678800501e-15}, {""actual_arrival_month"": ""2039-12"", ""actual_delivery_share"": 1.0, ""availability_share"": 1.0, ""feasible_t"": 13.103913630229412, ""gross_delivery_t"": 13.103913630229412, ""order_month"": ""2038-12"", ""planned_arrival_month"": ""2039-12"", ""requested_t"": 13.103913630229414, ""shipment_id"": ""S0039"", ""source_id"": ""A"", ""source_name"": ""Earth-Core"", ""unfulfilled_request_t"": 1.7763568394002505e-15}, {""actual_arrival_month"": ""2040-01"", ""actual_delivery_share"": 1.0, ""availability_share"": 1.0, ""feasible_t"": 29.605263157894736, ""gross_delivery_t"": 29.605263157894736, ""order_month"": ""2039-01"", ""planned_arrival_month"": ""2040-01"", ""requested_t"": 29.605263157894736, ""shipment_id"": ""S0040"", ""source_id"": ""A"", ""source_name"": ""Earth-Core"", ""unfulfilled_request_t"": 0.0}, {""actual_arrival_month"": ""2040-02"", ""actual_delivery_share"": 1.0, ""availability_share"": 1.0, ""feasible_t"": 29.605263157894736, ""gross_delivery_t"": 29.605263157894736, ""order_month"": ""2039-02"", ""planned_arrival_month"": ""2040-02"", ""requested_t"": 29.605263157894736, ""shipment_id"": ""S0041"", ""source_id"": ""A"", ""source_name"": ""Earth-Core"", ""unfulfilled_request_t"": 0.0}, {""actual_arrival_month"": ""2039-05"", ""actual_delivery_share"": 1.0, ""availability_share"": 1.0, ""feasible_t"": 26.990553306342782, ""gross_delivery_t"": 26.990553306342782, ""order_month"": ""2039-03"", ""planned_arrival_month"": ""2039-05"", ""requested_t"": 26.990553306342782, ""shipment_id"": ""S0068"", ""source_id"": ""D"", ""source_name"": ""Lunar-ISRU"", ""unfulfilled_request_t"": 0.0}, {""actual_arrival_month"": ""2039-06"", ""actual_delivery_share"": 1.0, ""availability_share"": 1.0, ""feasible_t"": 26.990553306342782, ""gross_delivery_t"": 26.990553306342782, ""order_month"": ""2039-04"", ""planned_arrival_month"": ""2039-06"", ""requested_t"": 26.990553306342782, ""shipment_id"": ""S0069"", ""source_id"": ""D"", ""source_name"": ""Lunar-ISRU"", ""unfulfilled_request_t"": 0.0}]","{""D"": 26.990553306342782}","{""D"": 26.990553306342782}",26.990553306342782,0.3238866396761134,26.666666666666668,26.666666666666668,0.0,76.28419178082203,17.5,9.166666666666668,0.0,0.0,49.617525114155356,ZBO,120.0,0.012,"[""ZBO"", ""LUNAR_ISRU""]",2.977051506849321,6.833333333333333,[]
2039-05,49.617525114155356,26.666666666666668,17.5,"{""A"": 171.0000000001, ""B"": 13.886639676213369, ""C"": 0, ""D"": 120.0, ""E"": 0}","{""D"": 12.03778677462887}","[{""actual_arrival_month"": ""2039-07"", ""actual_delivery_share"": 1.0, ""availability_share"": 1.0, ""feasible_t"": 14.952766531713909, ""gross_delivery_t"": 14.952766531713909, ""order_month"": ""2038-07"", ""planned_arrival_month"": ""2039-07"", ""requested_t"": 14.95276653171391, ""shipment_id"": ""S0034"", ""source_id"": ""A"", ""source_name"": ""Earth-Core"", ""unfulfilled_request_t"": 1.7763568394002505e-15}, {""actual_arrival_month"": ""2039-08"", ""actual_delivery_share"": 1.0, ""availability_share"": 1.0, ""feasible_t"": 26.99055330634278, ""gross_delivery_t"": 26.99055330634278, ""order_month"": ""2038-08"", ""planned_arrival_month"": ""2039-08"", ""requested_t"": 26.990553306342782, ""shipment_id"": ""S0035"", ""source_id"": ""A"", ""source_name"": ""Earth-Core"", ""unfulfilled_request_t"": 3.552713678800501e-15}, {""actual_arrival_month"": ""2039-09"", ""actual_delivery_share"": 1.0, ""availability_share"": 1.0, ""feasible_t"": 26.99055330634278, ""gross_delivery_t"": 26.99055330634278, ""order_month"": ""2038-09"", ""planned_arrival_month"": ""2039-09"", ""requested_t"": 26.990553306342782, ""shipment_id"": ""S0036"", ""source_id"": ""A"", ""source_name"": ""Earth-Core"", ""unfulfilled_request_t"": 3.552713678800501e-15}, {""actual_arrival_month"": ""2039-10"", ""actual_delivery_share"": 1.0, ""availability_share"": 1.0, ""feasible_t"": 26.99055330634278, ""gross_delivery_t"": 26.99055330634278, ""order_month"": ""2038-10"", ""planned_arrival_month"": ""2039-10"", ""requested_t"": 26.990553306342782, ""shipment_id"": ""S0037"", ""source_id"": ""A"", ""source_name"": ""Earth-Core"", ""unfulfilled_request_t"": 3.552713678800501e-15}, {""actual_arrival_month"": ""2039-11"", ""actual_delivery_share"": 1.0, ""availability_share"": 1.0, ""feasible_t"": 26.99055330634278, ""gross_delivery_t"": 26.99055330634278, ""order_month"": ""2038-11"", ""planned_arrival_month"": ""2039-11"", ""requested_t"": 26.990553306342782, ""shipment_id"": ""S0038"", ""source_id"": ""A"", ""source_name"": ""Earth-Core"", ""unfulfilled_request_t"": 3.552713678800501e-15}, {""actual_arrival_month"": ""2039-12"", ""actual_delivery_share"": 1.0, ""availability_share"": 1.0, ""feasible_t"": 13.103913630229412, ""gross_delivery_t"": 13.103913630229412, ""order_month"": ""2038-12"", ""planned_arrival_month"": ""2039-12"", ""requested_t"": 13.103913630229414, ""shipment_id"": ""S0039"", ""source_id"": ""A"", ""source_name"": ""Earth-Core"", ""unfulfilled_request_t"": 1.7763568394002505e-15}, {""actual_arrival_month"": ""2040-01"", ""actual_delivery_share"": 1.0, ""availability_share"": 1.0, ""feasible_t"": 29.605263157894736, ""gross_delivery_t"": 29.605263157894736, ""order_month"": ""2039-01"", ""planned_arrival_month"": ""2040-01"", ""requested_t"": 29.605263157894736, ""shipment_id"": ""S0040"", ""source_id"": ""A"", ""source_name"": ""Earth-Core"", ""unfulfilled_request_t"": 0.0}, {""actual_arrival_month"": ""2040-02"", ""actual_delivery_share"": 1.0, ""availability_share"": 1.0, ""feasible_t"": 29.605263157894736, ""gross_delivery_t"": 29.605263157894736, ""order_month"": ""2039-02"", ""planned_arrival_month"": ""2040-02"", ""requested_t"": 29.605263157894736, ""shipment_id"": ""S0041"", ""source_id"": ""A"", ""source_name"": ""Earth-Core"", ""unfulfilled_request_t"": 0.0}, {""actual_arrival_month"": ""2039-06"", ""actual_delivery_share"": 1.0, ""availability_share"": 1.0, ""feasible_t"": 26.990553306342782, ""gross_delivery_t"": 26.990553306342782, ""order_month"": ""2039-04"", ""planned_arrival_month"": ""2039-06"", ""requested_t"": 26.990553306342782, ""shipment_id"": ""S0069"", ""source_id"": ""D"", ""source_name"": ""Lunar-ISRU"", ""unfulfilled_request_t"": 0.0}, {""actual_arrival_month"": ""2039-07"", ""actual_delivery_share"": 1.0, ""availability_share"": 1.0, ""feasible_t"": 12.03778677462887, ""gross_delivery_t"": 12.03778677462887, ""order_month"": ""2039-05"", ""planned_arrival_month"": ""2039-07"", ""requested_t"": 12.03778677462887, ""shipment_id"": ""S0070"", ""source_id"": ""D"", ""source_name"": ""Lunar-ISRU"", ""unfulfilled_request_t"": 0.0}]","{""D"": 26.990553306342782}","{""D"": 26.990553306342782}",26.990553306342782,0.3238866396761134,26.666666666666668,26.666666666666668,0.0,76.28419178082203,17.5,9.166666666666668,0.0,0.0,49.617525114155356,ZBO,120.0,0.012,"[""ZBO"", ""LUNAR_ISRU""]",2.977051506849321,6.833333333333333,[]
2039-06,49.617525114155356,26.666666666666668,17.5,"{""A"": 171.0000000001, ""B"": 13.886639676213369, ""C"": 0, ""D"": 120.0, ""E"": 0}","{""A"": 10.421052631578938}","[{""actual_arrival_month"": ""2039-07"", ""actual_delivery_share"": 1.0, ""availability_share"": 1.0, ""feasible_t"": 14.952766531713909, ""gross_delivery_t"": 14.952766531713909, ""order_month"": ""2038-07"", ""planned_arrival_month"": ""2039-07"", ""requested_t"": 14.95276653171391, ""shipment_id"": ""S0034"", ""source_id"": ""A"", ""source_name"": ""Earth-Core"", ""unfulfilled_request_t"": 1.7763568394002505e-15}, {""actual_arrival_month"": ""2039-08"", ""actual_delivery_share"": 1.0, ""availability_share"": 1.0, ""feasible_t"": 26.99055330634278, ""gross_delivery_t"": 26.99055330634278, ""order_month"": ""2038-08"", ""planned_arrival_month"": ""2039-08"", ""requested_t"": 26.990553306342782, ""shipment_id"": ""S0035"", ""source_id"": ""A"", ""source_name"": ""Earth-Core"", ""unfulfilled_request_t"": 3.552713678800501e-15}, {""actual_arrival_month"": ""2039-09"", ""actual_delivery_share"": 1.0, ""availability_share"": 1.0, ""feasible_t"": 26.99055330634278, ""gross_delivery_t"": 26.99055330634278, ""order_month"": ""2038-09"", ""planned_arrival_month"": ""2039-09"", ""requested_t"": 26.990553306342782, ""shipment_id"": ""S0036"", ""source_id"": ""A"", ""source_name"": ""Earth-Core"", ""unfulfilled_request_t"": 3.552713678800501e-15}, {""actual_arrival_month"": ""2039-10"", ""actual_delivery_share"": 1.0, ""availability_share"": 1.0, ""feasible_t"": 26.99055330634278, ""gross_delivery_t"": 26.99055330634278, ""order_month"": ""2038-10"", ""planned_arrival_month"": ""2039-10"", ""requested_t"": 26.990553306342782, ""shipment_id"": ""S0037"", ""source_id"": ""A"", ""source_name"": ""Earth-Core"", ""unfulfilled_request_t"": 3.552713678800501e-15}, {""actual_arrival_month"": ""2039-11"", ""actual_delivery_share"": 1.0, ""availability_share"": 1.0, ""feasible_t"": 26.99055330634278, ""gross_delivery_t"": 26.99055330634278, ""order_month"": ""2038-11"", ""planned_arrival_month"": ""2039-11"", ""requested_t"": 26.990553306342782, ""shipment_id"": ""S0038"", ""source_id"": ""A"", ""source_name"": ""Earth-Core"", ""unfulfilled_request_t"": 3.552713678800501e-15}, {""actual_arrival_month"": ""2039-12"", ""actual_delivery_share"": 1.0, ""availability_share"": 1.0, ""feasible_t"": 13.103913630229412, ""gross_delivery_t"": 13.103913630229412, ""order_month"": ""2038-12"", ""planned_arrival_month"": ""2039-12"", ""requested_t"": 13.103913630229414, ""shipment_id"": ""S0039"", ""source_id"": ""A"", ""source_name"": ""Earth-Core"", ""unfulfilled_request_t"": 1.7763568394002505e-15}, {""actual_arrival_month"": ""2040-01"", ""actual_delivery_share"": 1.0, ""availability_share"": 1.0, ""feasible_t"": 29.605263157894736, ""gross_delivery_t"": 29.605263157894736, ""order_month"": ""2039-01"", ""planned_arrival_month"": ""2040-01"", ""requested_t"": 29.605263157894736, ""shipment_id"": ""S0040"", ""source_id"": ""A"", ""source_name"": ""Earth-Core"", ""unfulfilled_request_t"": 0.0}, {""actual_arrival_month"": ""2040-02"", ""actual_delivery_share"": 1.0, ""availability_share"": 1.0, ""feasible_t"": 29.605263157894736, ""gross_delivery_t"": 29.605263157894736, ""order_month"": ""2039-02"", ""planned_arrival_month"": ""2040-02"", ""requested_t"": 29.605263157894736, ""shipment_id"": ""S0041"", ""source_id"": ""A"", ""source_name"": ""Earth-Core"", ""unfulfilled_request_t"": 0.0}, {""actual_arrival_month"": ""2040-06"", ""actual_delivery_share"": 1.0, ""availability_share"": 1.0, ""feasible_t"": 10.421052631578938, ""gross_delivery_t"": 10.421052631578938, ""order_month"": ""2039-06"", ""planned_arrival_month"": ""2040-06"", ""requested_t"": 10.421052631578938, ""shipment_id"": ""S0042"", ""source_id"": ""A"", ""source_name"": ""Earth-Core"", ""unfulfilled_request_t"": 0.0}, {""actual_arrival_month"": ""2039-07"", ""actual_delivery_share"": 1.0, ""availability_share"": 1.0, ""feasible_t"": 12.03778677462887, ""gross_delivery_t"": 12.03778677462887, ""order_month"": ""2039-05"", ""planned_arrival_month"": ""2039-07"", ""requested_t"": 12.03778677462887, ""shipment_id"": ""S0070"", ""source_id"": ""D"", ""source_name"": ""Lunar-ISRU"", ""unfulfilled_request_t"": 0.0}]","{""D"": 26.990553306342782}","{""D"": 26.990553306342782}",26.990553306342782,0.3238866396761134,26.666666666666668,26.666666666666668,0.0,76.28419178082203,17.5,9.166666666666668,0.0,0.0,49.617525114155356,ZBO,120.0,0.012,"[""ZBO"", ""LUNAR_ISRU""]",2.977051506849321,6.833333333333333,[]
2039-07,49.617525114155356,26.666666666666668,17.5,"{""A"": 171.0000000001, ""B"": 13.886639676213369, ""C"": 0, ""D"": 120.0, ""E"": 0}","{""A"": 29.605263157894736}","[{""actual_arrival_month"": ""2039-08"", ""actual_delivery_share"": 1.0, ""availability_share"": 1.0, ""feasible_t"": 26.99055330634278, ""gross_delivery_t"": 26.99055330634278, ""order_month"": ""2038-08"", ""planned_arrival_month"": ""2039-08"", ""requested_t"": 26.990553306342782, ""shipment_id"": ""S0035"", ""source_id"": ""A"", ""source_name"": ""Earth-Core"", ""unfulfilled_request_t"": 3.552713678800501e-15}, {""actual_arrival_month"": ""2039-09"", ""actual_delivery_share"": 1.0, ""availability_share"": 1.0, ""feasible_t"": 26.99055330634278, ""gross_delivery_t"": 26.99055330634278, ""order_month"": ""2038-09"", ""planned_arrival_month"": ""2039-09"", ""requested_t"": 26.990553306342782, ""shipment_id"": ""S0036"", ""source_id"": ""A"", ""source_name"": ""Earth-Core"", ""unfulfilled_request_t"": 3.552713678800501e-15}, {""actual_arrival_month"": ""2039-10"", ""actual_delivery_share"": 1.0, ""availability_share"": 1.0, ""feasible_t"": 26.99055330634278, ""gross_delivery_t"": 26.99055330634278, ""order_month"": ""2038-10"", ""planned_arrival_month"": ""2039-10"", ""requested_t"": 26.990553306342782, ""shipment_id"": ""S0037"", ""source_id"": ""A"", ""source_name"": ""Earth-Core"", ""unfulfilled_request_t"": 3.552713678800501e-15}, {""actual_arrival_month"": ""2039-11"", ""actual_delivery_share"": 1.0, ""availability_share"": 1.0, ""feasible_t"": 26.99055330634278, ""gross_delivery_t"": 26.99055330634278, ""order_month"": ""2038-11"", ""planned_arrival_month"": ""2039-11"", ""requested_t"": 26.990553306342782, ""shipment_id"": ""S0038"", ""source_id"": ""A"", ""source_name"": ""Earth-Core"", ""unfulfilled_request_t"": 3.552713678800501e-15}, {""actual_arrival_month"": ""2039-12"", ""actual_delivery_share"": 1.0, ""availability_share"": 1.0, ""feasible_t"": 13.103913630229412, ""gross_delivery_t"": 13.103913630229412, ""order_month"": ""2038-12"", ""planned_arrival_month"": ""2039-12"", ""requested_t"": 13.103913630229414, ""shipment_id"": ""S0039"", ""source_id"": ""A"", ""source_name"": ""Earth-Core"", ""unfulfilled_request_t"": 1.7763568394002505e-15}, {""actual_arrival_month"": ""2040-01"", ""actual_delivery_share"": 1.0, ""availability_share"": 1.0, ""feasible_t"": 29.605263157894736, ""gross_delivery_t"": 29.605263157894736, ""order_month"": ""2039-01"", ""planned_arrival_month"": ""2040-01"", ""requested_t"": 29.605263157894736, ""shipment_id"": ""S0040"", ""source_id"": ""A"", ""source_name"": ""Earth-Core"", ""unfulfilled_request_t"": 0.0}, {""actual_arrival_month"": ""2040-02"", ""actual_delivery_share"": 1.0, ""availability_share"": 1.0, ""feasible_t"": 29.605263157894736, ""gross_delivery_t"": 29.605263157894736, ""order_month"": ""2039-02"", ""planned_arrival_month"": ""2040-02"", ""requested_t"": 29.605263157894736, ""shipment_id"": ""S0041"", ""source_id"": ""A"", ""source_name"": ""Earth-Core"", ""unfulfilled_request_t"": 0.0}, {""actual_arrival_month"": ""2040-06"", ""actual_delivery_share"": 1.0, ""availability_share"": 1.0, ""feasible_t"": 10.421052631578938, ""gross_delivery_t"": 10.421052631578938, ""order_month"": ""2039-06"", ""planned_arrival_month"": ""2040-06"", ""requested_t"": 10.421052631578938, ""shipment_id"": ""S0042"", ""source_id"": ""A"", ""source_name"": ""Earth-Core"", ""unfulfilled_request_t"": 0.0}, {""actual_arrival_month"": ""2040-07"", ""actual_delivery_share"": 1.0, ""availability_share"": 1.0, ""feasible_t"": 29.605263157894736, ""gross_delivery_t"": 29.605263157894736, ""order_month"": ""2039-07"", ""planned_arrival_month"": ""2040-07"", ""requested_t"": 29.605263157894736, ""shipment_id"": ""S0043"", ""source_id"": ""A"", ""source_name"": ""Earth-Core"", ""unfulfilled_request_t"": 0.0}]","{""A"": 14.952766531713909, ""D"": 12.03778677462887}","{""A"": 14.952766531713909, ""D"": 12.03778677462887}",26.99055330634278,0.32388663967611336,26.666666666666664,26.666666666666664,0.0,76.28419178082203,17.5,9.166666666666668,0.0,0.0,49.617525114155356,ZBO,120.0,0.012,"[""ZBO"", ""LUNAR_ISRU""]",2.977051506849321,6.833333333333333,[]
2039-08,49.617525114155356,26.666666666666668,17.5,"{""A"": 171.0000000001, ""B"": 13.886639676213369, ""C"": 0, ""D"": 120.0, ""E"": 0}","{""A"": 29.605263157894736, ""B"": 13.886639676113369}","[{""actual_arrival_month"": ""2039-09"", ""actual_delivery_share"": 1.0, ""availability_share"": 1.0, ""feasible_t"": 26.99055330634278, ""gross_delivery_t"": 26.99055330634278, ""order_month"": ""2038-09"", ""planned_arrival_month"": ""2039-09"", ""requested_t"": 26.990553306342782, ""shipment_id"": ""S0036"", ""source_id"": ""A"", ""source_name"": ""Earth-Core"", ""unfulfilled_request_t"": 3.552713678800501e-15}, {""actual_arrival_month"": ""2039-10"", ""actual_delivery_share"": 1.0, ""availability_share"": 1.0, ""feasible_t"": 26.99055330634278, ""gross_delivery_t"": 26.99055330634278, ""order_month"": ""2038-10"", ""planned_arrival_month"": ""2039-10"", ""requested_t"": 26.990553306342782, ""shipment_id"": ""S0037"", ""source_id"": ""A"", ""source_name"": ""Earth-Core"", ""unfulfilled_request_t"": 3.552713678800501e-15}, {""actual_arrival_month"": ""2039-11"", ""actual_delivery_share"": 1.0, ""availability_share"": 1.0, ""feasible_t"": 26.99055330634278, ""gross_delivery_t"": 26.99055330634278, ""order_month"": ""2038-11"", ""planned_arrival_month"": ""2039-11"", ""requested_t"": 26.990553306342782, ""shipment_id"": ""S0038"", ""source_id"": ""A"", ""source_name"": ""Earth-Core"", ""unfulfilled_request_t"": 3.552713678800501e-15}, {""actual_arrival_month"": ""2039-12"", ""actual_delivery_share"": 1.0, ""availability_share"": 1.0, ""feasible_t"": 13.103913630229412, ""gross_delivery_t"": 13.103913630229412, ""order_month"": ""2038-12"", ""planned_arrival_month"": ""2039-12"", ""requested_t"": 13.103913630229414, ""shipment_id"": ""S0039"", ""source_id"": ""A"", ""source_name"": ""Earth-Core"", ""unfulfilled_request_t"": 1.7763568394002505e-15}, {""actual_arrival_month"": ""2040-01"", ""actual_delivery_share"": 1.0, ""availability_share"": 1.0, ""feasible_t"": 29.605263157894736, ""gross_delivery_t"": 29.605263157894736, ""order_month"": ""2039-01"", ""planned_arrival_month"": ""2040-01"", ""requested_t"": 29.605263157894736, ""shipment_id"": ""S0040"", ""source_id"": ""A"", ""source_name"": ""Earth-Core"", ""unfulfilled_request_t"": 0.0}, {""actual_arrival_month"": ""2040-02"", ""actual_delivery_share"": 1.0, ""availability_share"": 1.0, ""feasible_t"": 29.605263157894736, ""gross_delivery_t"": 29.605263157894736, ""order_month"": ""2039-02"", ""planned_arrival_month"": ""2040-02"", ""requested_t"": 29.605263157894736, ""shipment_id"": ""S0041"", ""source_id"": ""A"", ""source_name"": ""Earth-Core"", ""unfulfilled_request_t"": 0.0}, {""actual_arrival_month"": ""2040-06"", ""actual_delivery_share"": 1.0, ""availability_share"": 1.0, ""feasible_t"": 10.421052631578938, ""gross_delivery_t"": 10.421052631578938, ""order_month"": ""2039-06"", ""planned_arrival_month"": ""2040-06"", ""requested_t"": 10.421052631578938, ""shipment_id"": ""S0042"", ""source_id"": ""A"", ""source_name"": ""Earth-Core"", ""unfulfilled_request_t"": 0.0}, {""actual_arrival_month"": ""2040-07"", ""actual_delivery_share"": 1.0, ""availability_share"": 1.0, ""feasible_t"": 29.605263157894736, ""gross_delivery_t"": 29.605263157894736, ""order_month"": ""2039-07"", ""planned_arrival_month"": ""2040-07"", ""requested_t"": 29.605263157894736, ""shipment_id"": ""S0043"", ""source_id"": ""A"", ""source_name"": ""Earth-Core"", ""unfulfilled_request_t"": 0.0}, {""actual_arrival_month"": ""2040-08"", ""actual_delivery_share"": 1.0, ""availability_share"": 1.0, ""feasible_t"": 29.605263157894736, ""gross_delivery_t"": 29.605263157894736, ""order_month"": ""2039-08"", ""planned_arrival_month"": ""2040-08"", ""requested_t"": 29.605263157894736, ""shipment_id"": ""S0044"", ""source_id"": ""A"", ""source_name"": ""Earth-Core"", ""unfulfilled_request_t"": 0.0}, {""actual_arrival_month"": ""2040-03"", ""actual_delivery_share"": 1.0, ""availability_share"": 1.0, ""feasible_t"": 13.886639676113369, ""gross_delivery_t"": 13.886639676113369, ""order_month"": ""2039-08"", ""planned_arrival_month"": ""2039-12"", ""requested_t"": 13.886639676113369, ""shipment_id"": ""S0056"", ""source_id"": ""B"", ""source_name"": ""Earth-Flex"", ""unfulfilled_request_t"": 0.0}]","{""A"": 26.99055330634278}","{""A"": 26.99055330634278}",26.99055330634278,0.32388663967611336,26.666666666666664,26.666666666666664,0.0,76.28419178082203,17.5,9.166666666666668,0.0,0.0,49.617525114155356,ZBO,120.0,0.012,"[""ZBO"", ""LUNAR_ISRU""]",2.977051506849321,6.833333333333333,[]
2039-09,49.617525114155356,26.666666666666668,17.5,"{""A"": 171.0000000001, ""B"": 13.886639676213369, ""C"": 0, ""D"": 120.0, ""E"": 0}","{""A"": 29.605263157894736}","[{""actual_arrival_month"": ""2039-10"", ""actual_delivery_share"": 1.0, ""availability_share"": 1.0, ""feasible_t"": 26.99055330634278, ""gross_delivery_t"": 26.99055330634278, ""order_month"": ""2038-10"", ""planned_arrival_month"": ""2039-10"", ""requested_t"": 26.990553306342782, ""shipment_id"": ""S0037"", ""source_id"": ""A"", ""source_name"": ""Earth-Core"", ""unfulfilled_request_t"": 3.552713678800501e-15}, {""actual_arrival_month"": ""2039-11"", ""actual_delivery_share"": 1.0, ""availability_share"": 1.0, ""feasible_t"": 26.99055330634278, ""gross_delivery_t"": 26.99055330634278, ""order_month"": ""2038-11"", ""planned_arrival_month"": ""2039-11"", ""requested_t"": 26.990553306342782, ""shipment_id"": ""S0038"", ""source_id"": ""A"", ""source_name"": ""Earth-Core"", ""unfulfilled_request_t"": 3.552713678800501e-15}, {""actual_arrival_month"": ""2039-12"", ""actual_delivery_share"": 1.0, ""availability_share"": 1.0, ""feasible_t"": 13.103913630229412, ""gross_delivery_t"": 13.103913630229412, ""order_month"": ""2038-12"", ""planned_arrival_month"": ""2039-12"", ""requested_t"": 13.103913630229414, ""shipment_id"": ""S0039"", ""source_id"": ""A"", ""source_name"": ""Earth-Core"", ""unfulfilled_request_t"": 1.7763568394002505e-15}, {""actual_arrival_month"": ""2040-01"", ""actual_delivery_share"": 1.0, ""availability_share"": 1.0, ""feasible_t"": 29.605263157894736, ""gross_delivery_t"": 29.605263157894736, ""order_month"": ""2039-01"", ""planned_arrival_month"": ""2040-01"", ""requested_t"": 29.605263157894736, ""shipment_id"": ""S0040"", ""source_id"": ""A"", ""source_name"": ""Earth-Core"", ""unfulfilled_request_t"": 0.0}, {""actual_arrival_month"": ""2040-02"", ""actual_delivery_share"": 1.0, ""availability_share"": 1.0, ""feasible_t"": 29.605263157894736, ""gross_delivery_t"": 29.605263157894736, ""order_month"": ""2039-02"", ""planned_arrival_month"": ""2040-02"", ""requested_t"": 29.605263157894736, ""shipment_id"": ""S0041"", ""source_id"": ""A"", ""source_name"": ""Earth-Core"", ""unfulfilled_request_t"": 0.0}, {""actual_arrival_month"": ""2040-06"", ""actual_delivery_share"": 1.0, ""availability_share"": 1.0, ""feasible_t"": 10.421052631578938, ""gross_delivery_t"": 10.421052631578938, ""order_month"": ""2039-06"", ""planned_arrival_month"": ""2040-06"", ""requested_t"": 10.421052631578938, ""shipment_id"": ""S0042"", ""source_id"": ""A"", ""source_name"": ""Earth-Core"", ""unfulfilled_request_t"": 0.0}, {""actual_arrival_month"": ""2040-07"", ""actual_delivery_share"": 1.0, ""availability_share"": 1.0, ""feasible_t"": 29.605263157894736, ""gross_delivery_t"": 29.605263157894736, ""order_month"": ""2039-07"", ""planned_arrival_month"": ""2040-07"", ""requested_t"": 29.605263157894736, ""shipment_id"": ""S0043"", ""source_id"": ""A"", ""source_name"": ""Earth-Core"", ""unfulfilled_request_t"": 0.0}, {""actual_arrival_month"": ""2040-08"", ""actual_delivery_share"": 1.0, ""availability_share"": 1.0, ""feasible_t"": 29.605263157894736, ""gross_delivery_t"": 29.605263157894736, ""order_month"": ""2039-08"", ""planned_arrival_month"": ""2040-08"", ""requested_t"": 29.605263157894736, ""shipment_id"": ""S0044"", ""source_id"": ""A"", ""source_name"": ""Earth-Core"", ""unfulfilled_request_t"": 0.0}, {""actual_arrival_month"": ""2040-09"", ""actual_delivery_share"": 1.0, ""availability_share"": 1.0, ""feasible_t"": 29.605263157894736, ""gross_delivery_t"": 29.605263157894736, ""order_month"": ""2039-09"", ""planned_arrival_month"": ""2040-09"", ""requested_t"": 29.605263157894736, ""shipment_id"": ""S0045"", ""source_id"": ""A"", ""source_name"": ""Earth-Core"", ""unfulfilled_request_t"": 0.0}, {""actual_arrival_month"": ""2040-03"", ""actual_delivery_share"": 1.0, ""availability_share"": 1.0, ""feasible_t"": 13.886639676113369, ""gross_delivery_t"": 13.886639676113369, ""order_month"": ""2039-08"", ""planned_arrival_month"": ""2039-12"", ""requested_t"": 13.886639676113369, ""shipment_id"": ""S0056"", ""source_id"": ""B"", ""source_name"": ""Earth-Flex"", ""unfulfilled_request_t"": 0.0}]","{""A"": 26.99055330634278}","{""A"": 26.99055330634278}",26.99055330634278,0.32388663967611336,26.666666666666664,26.666666666666664,0.0,76.28419178082203,17.5,9.166666666666668,0.0,0.0,49.617525114155356,ZBO,120.0,0.012,"[""ZBO"", ""LUNAR_ISRU""]",2.977051506849321,6.833333333333333,[]
2039-10,49.617525114155356,26.666666666666668,17.5,"{""A"": 171.0000000001, ""B"": 13.886639676213369, ""C"": 0, ""D"": 120.0, ""E"": 0}","{""A"": 12.552631578947393}","[{""actual_arrival_month"": ""2039-11"", ""actual_delivery_share"": 1.0, ""availability_share"": 1.0, ""feasible_t"": 26.99055330634278, ""gross_delivery_t"": 26.99055330634278, ""order_month"": ""2038-11"", ""planned_arrival_month"": ""2039-11"", ""requested_t"": 26.990553306342782, ""shipment_id"": ""S0038"", ""source_id"": ""A"", ""source_name"": ""Earth-Core"", ""unfulfilled_request_t"": 3.552713678800501e-15}, {""actual_arrival_month"": ""2039-12"", ""actual_delivery_share"": 1.0, ""availability_share"": 1.0, ""feasible_t"": 13.103913630229412, ""gross_delivery_t"": 13.103913630229412, ""order_month"": ""2038-12"", ""planned_arrival_month"": ""2039-12"", ""requested_t"": 13.103913630229414, ""shipment_id"": ""S0039"", ""source_id"": ""A"", ""source_name"": ""Earth-Core"", ""unfulfilled_request_t"": 1.7763568394002505e-15}, {""actual_arrival_month"": ""2040-01"", ""actual_delivery_share"": 1.0, ""availability_share"": 1.0, ""feasible_t"": 29.605263157894736, ""gross_delivery_t"": 29.605263157894736, ""order_month"": ""2039-01"", ""planned_arrival_month"": ""2040-01"", ""requested_t"": 29.605263157894736, ""shipment_id"": ""S0040"", ""source_id"": ""A"", ""source_name"": ""Earth-Core"", ""unfulfilled_request_t"": 0.0}, {""actual_arrival_month"": ""2040-02"", ""actual_delivery_share"": 1.0, ""availability_share"": 1.0, ""feasible_t"": 29.605263157894736, ""gross_delivery_t"": 29.605263157894736, ""order_month"": ""2039-02"", ""planned_arrival_month"": ""2040-02"", ""requested_t"": 29.605263157894736, ""shipment_id"": ""S0041"", ""source_id"": ""A"", ""source_name"": ""Earth-Core"", ""unfulfilled_request_t"": 0.0}, {""actual_arrival_month"": ""2040-06"", ""actual_delivery_share"": 1.0, ""availability_share"": 1.0, ""feasible_t"": 10.421052631578938, ""gross_delivery_t"": 10.421052631578938, ""order_month"": ""2039-06"", ""planned_arrival_month"": ""2040-06"", ""requested_t"": 10.421052631578938, ""shipment_id"": ""S0042"", ""source_id"": ""A"", ""source_name"": ""Earth-Core"", ""unfulfilled_request_t"": 0.0}, {""actual_arrival_month"": ""2040-07"", ""actual_delivery_share"": 1.0, ""availability_share"": 1.0, ""feasible_t"": 29.605263157894736, ""gross_delivery_t"": 29.605263157894736, ""order_month"": ""2039-07"", ""planned_arrival_month"": ""2040-07"", ""requested_t"": 29.605263157894736, ""shipment_id"": ""S0043"", ""source_id"": ""A"", ""source_name"": ""Earth-Core"", ""unfulfilled_request_t"": 0.0}, {""actual_arrival_month"": ""2040-08"", ""actual_delivery_share"": 1.0, ""availability_share"": 1.0, ""feasible_t"": 29.605263157894736, ""gross_delivery_t"": 29.605263157894736, ""order_month"": ""2039-08"", ""planned_arrival_month"": ""2040-08"", ""requested_t"": 29.605263157894736, ""shipment_id"": ""S0044"", ""source_id"": ""A"", ""source_name"": ""Earth-Core"", ""unfulfilled_request_t"": 0.0}, {""actual_arrival_month"": ""2040-09"", ""actual_delivery_share"": 1.0, ""availability_share"": 1.0, ""feasible_t"": 29.605263157894736, ""gross_delivery_t"": 29.605263157894736, ""order_month"": ""2039-09"", ""planned_arrival_month"": ""2040-09"", ""requested_t"": 29.605263157894736, ""shipment_id"": ""S0045"", ""source_id"": ""A"", ""source_name"": ""Earth-Core"", ""unfulfilled_request_t"": 0.0}, {""actual_arrival_month"": ""2040-10"", ""actual_delivery_share"": 1.0, ""availability_share"": 1.0, ""feasible_t"": 12.552631578947393, ""gross_delivery_t"": 12.552631578947393, ""order_month"": ""2039-10"", ""planned_arrival_month"": ""2040-10"", ""requested_t"": 12.552631578947393, ""shipment_id"": ""S0046"", ""source_id"": ""A"", ""source_name"": ""Earth-Core"", ""unfulfilled_request_t"": 0.0}, {""actual_arrival_month"": ""2040-03"", ""actual_delivery_share"": 1.0, ""availability_share"": 1.0, ""feasible_t"": 13.886639676113369, ""gross_delivery_t"": 13.886639676113369, ""order_month"": ""2039-08"", ""planned_arrival_month"": ""2039-12"", ""requested_t"": 13.886639676113369, ""shipment_id"": ""S0056"", ""source_id"": ""B"", ""source_name"": ""Earth-Flex"", ""unfulfilled_request_t"": 0.0}]","{""A"": 26.99055330634278}","{""A"": 26.99055330634278}",26.99055330634278,0.32388663967611336,26.666666666666664,26.666666666666664,0.0,76.28419178082203,17.5,9.166666666666668,0.0,0.0,49.617525114155356,ZBO,120.0,0.012,"[""ZBO"", ""LUNAR_ISRU""]",2.977051506849321,6.833333333333333,[]
2039-11,49.617525114155356,26.666666666666668,17.5,"{""A"": 171.0000000001, ""B"": 13.886639676213369, ""C"": 0, ""D"": 120.0, ""E"": 0}",{},"[{""actual_arrival_month"": ""2039-12"", ""actual_delivery_share"": 1.0, ""availability_share"": 1.0, ""feasible_t"": 13.103913630229412, ""gross_delivery_t"": 13.103913630229412, ""order_month"": ""2038-12"", ""planned_arrival_month"": ""2039-12"", ""requested_t"": 13.103913630229414, ""shipment_id"": ""S0039"", ""source_id"": ""A"", ""source_name"": ""Earth-Core"", ""unfulfilled_request_t"": 1.7763568394002505e-15}, {""actual_arrival_month"": ""2040-01"", ""actual_delivery_share"": 1.0, ""availability_share"": 1.0, ""feasible_t"": 29.605263157894736, ""gross_delivery_t"": 29.605263157894736, ""order_month"": ""2039-01"", ""planned_arrival_month"": ""2040-01"", ""requested_t"": 29.605263157894736, ""shipment_id"": ""S0040"", ""source_id"": ""A"", ""source_name"": ""Earth-Core"", ""unfulfilled_request_t"": 0.0}, {""actual_arrival_month"": ""2040-02"", ""actual_delivery_share"": 1.0, ""availability_share"": 1.0, ""feasible_t"": 29.605263157894736, ""gross_delivery_t"": 29.605263157894736, ""order_month"": ""2039-02"", ""planned_arrival_month"": ""2040-02"", ""requested_t"": 29.605263157894736, ""shipment_id"": ""S0041"", ""source_id"": ""A"", ""source_name"": ""Earth-Core"", ""unfulfilled_request_t"": 0.0}, {""actual_arrival_month"": ""2040-06"", ""actual_delivery_share"": 1.0, ""availability_share"": 1.0, ""feasible_t"": 10.421052631578938, ""gross_delivery_t"": 10.421052631578938, ""order_month"": ""2039-06"", ""planned_arrival_month"": ""2040-06"", ""requested_t"": 10.421052631578938, ""shipment_id"": ""S0042"", ""source_id"": ""A"", ""source_name"": ""Earth-Core"", ""unfulfilled_request_t"": 0.0}, {""actual_arrival_month"": ""2040-07"", ""actual_delivery_share"": 1.0, ""availability_share"": 1.0, ""feasible_t"": 29.605263157894736, ""gross_delivery_t"": 29.605263157894736, ""order_month"": ""2039-07"", ""planned_arrival_month"": ""2040-07"", ""requested_t"": 29.605263157894736, ""shipment_id"": ""S0043"", ""source_id"": ""A"", ""source_name"": ""Earth-Core"", ""unfulfilled_request_t"": 0.0}, {""actual_arrival_month"": ""2040-08"", ""actual_delivery_share"": 1.0, ""availability_share"": 1.0, ""feasible_t"": 29.605263157894736, ""gross_delivery_t"": 29.605263157894736, ""order_month"": ""2039-08"", ""planned_arrival_month"": ""2040-08"", ""requested_t"": 29.605263157894736, ""shipment_id"": ""S0044"", ""source_id"": ""A"", ""source_name"": ""Earth-Core"", ""unfulfilled_request_t"": 0.0}, {""actual_arrival_month"": ""2040-09"", ""actual_delivery_share"": 1.0, ""availability_share"": 1.0, ""feasible_t"": 29.605263157894736, ""gross_delivery_t"": 29.605263157894736, ""order_month"": ""2039-09"", ""planned_arrival_month"": ""2040-09"", ""requested_t"": 29.605263157894736, ""shipment_id"": ""S0045"", ""source_id"": ""A"", ""source_name"": ""Earth-Core"", ""unfulfilled_request_t"": 0.0}, {""actual_arrival_month"": ""2040-10"", ""actual_delivery_share"": 1.0, ""availability_share"": 1.0, ""feasible_t"": 12.552631578947393, ""gross_delivery_t"": 12.552631578947393, ""order_month"": ""2039-10"", ""planned_arrival_month"": ""2040-10"", ""requested_t"": 12.552631578947393, ""shipment_id"": ""S0046"", ""source_id"": ""A"", ""source_name"": ""Earth-Core"", ""unfulfilled_request_t"": 0.0}, {""actual_arrival_month"": ""2040-03"", ""actual_delivery_share"": 1.0, ""availability_share"": 1.0, ""feasible_t"": 13.886639676113369, ""gross_delivery_t"": 13.886639676113369, ""order_month"": ""2039-08"", ""planned_arrival_month"": ""2039-12"", ""requested_t"": 13.886639676113369, ""shipment_id"": ""S0056"", ""source_id"": ""B"", ""source_name"": ""Earth-Flex"", ""unfulfilled_request_t"": 0.0}]","{""A"": 26.99055330634278}","{""A"": 26.99055330634278}",26.99055330634278,0.32388663967611336,26.666666666666664,26.666666666666664,0.0,76.28419178082203,17.5,9.166666666666668,0.0,0.0,49.617525114155356,ZBO,120.0,0.012,"[""ZBO"", ""LUNAR_ISRU""]",2.977051506849321,6.833333333333333,[]
2039-12,49.617525114155356,26.666666666666668,17.5,"{""A"": 171.0000000001, ""B"": 13.886639676213369, ""C"": 0, ""D"": 120.0, ""E"": 0}",{},"[{""actual_arrival_month"": ""2040-01"", ""actual_delivery_share"": 1.0, ""availability_share"": 1.0, ""feasible_t"": 29.605263157894736, ""gross_delivery_t"": 29.605263157894736, ""order_month"": ""2039-01"", ""planned_arrival_month"": ""2040-01"", ""requested_t"": 29.605263157894736, ""shipment_id"": ""S0040"", ""source_id"": ""A"", ""source_name"": ""Earth-Core"", ""unfulfilled_request_t"": 0.0}, {""actual_arrival_month"": ""2040-02"", ""actual_delivery_share"": 1.0, ""availability_share"": 1.0, ""feasible_t"": 29.605263157894736, ""gross_delivery_t"": 29.605263157894736, ""order_month"": ""2039-02"", ""planned_arrival_month"": ""2040-02"", ""requested_t"": 29.605263157894736, ""shipment_id"": ""S0041"", ""source_id"": ""A"", ""source_name"": ""Earth-Core"", ""unfulfilled_request_t"": 0.0}, {""actual_arrival_month"": ""2040-06"", ""actual_delivery_share"": 1.0, ""availability_share"": 1.0, ""feasible_t"": 10.421052631578938, ""gross_delivery_t"": 10.421052631578938, ""order_month"": ""2039-06"", ""planned_arrival_month"": ""2040-06"", ""requested_t"": 10.421052631578938, ""shipment_id"": ""S0042"", ""source_id"": ""A"", ""source_name"": ""Earth-Core"", ""unfulfilled_request_t"": 0.0}, {""actual_arrival_month"": ""2040-07"", ""actual_delivery_share"": 1.0, ""availability_share"": 1.0, ""feasible_t"": 29.605263157894736, ""gross_delivery_t"": 29.605263157894736, ""order_month"": ""2039-07"", ""planned_arrival_month"": ""2040-07"", ""requested_t"": 29.605263157894736, ""shipment_id"": ""S0043"", ""source_id"": ""A"", ""source_name"": ""Earth-Core"", ""unfulfilled_request_t"": 0.0}, {""actual_arrival_month"": ""2040-08"", ""actual_delivery_share"": 1.0, ""availability_share"": 1.0, ""feasible_t"": 29.605263157894736, ""gross_delivery_t"": 29.605263157894736, ""order_month"": ""2039-08"", ""planned_arrival_month"": ""2040-08"", ""requested_t"": 29.605263157894736, ""shipment_id"": ""S0044"", ""source_id"": ""A"", ""source_name"": ""Earth-Core"", ""unfulfilled_request_t"": 0.0}, {""actual_arrival_month"": ""2040-09"", ""actual_delivery_share"": 1.0, ""availability_share"": 1.0, ""feasible_t"": 29.605263157894736, ""gross_delivery_t"": 29.605263157894736, ""order_month"": ""2039-09"", ""planned_arrival_month"": ""2040-09"", ""requested_t"": 29.605263157894736, ""shipment_id"": ""S0045"", ""source_id"": ""A"", ""source_name"": ""Earth-Core"", ""unfulfilled_request_t"": 0.0}, {""actual_arrival_month"": ""2040-10"", ""actual_delivery_share"": 1.0, ""availability_share"": 1.0, ""feasible_t"": 12.552631578947393, ""gross_delivery_t"": 12.552631578947393, ""order_month"": ""2039-10"", ""planned_arrival_month"": ""2040-10"", ""requested_t"": 12.552631578947393, ""shipment_id"": ""S0046"", ""source_id"": ""A"", ""source_name"": ""Earth-Core"", ""unfulfilled_request_t"": 0.0}, {""actual_arrival_month"": ""2040-03"", ""actual_delivery_share"": 1.0, ""availability_share"": 1.0, ""feasible_t"": 13.886639676113369, ""gross_delivery_t"": 13.886639676113369, ""order_month"": ""2039-08"", ""planned_arrival_month"": ""2039-12"", ""requested_t"": 13.886639676113369, ""shipment_id"": ""S0056"", ""source_id"": ""B"", ""source_name"": ""Earth-Flex"", ""unfulfilled_request_t"": 0.0}]","{""A"": 13.103913630229412, ""B"": 13.886639676113369}","{""A"": 13.103913630229412}",13.103913630229412,0.15724696356275294,12.946666666666658,12.946666666666658,0.0,62.564191780822014,17.5,9.166666666666668,0.0,0.0,35.89752511415534,ZBO,120.0,0.012,"[""ZBO"", ""LUNAR_ISRU""]",2.5654515068493207,6.833333333333333,[]
2040-01,35.89752511415534,32.5,20.833333333333332,"{""A"": 0, ""B"": 63.55263157904734, ""C"": 0, ""D"": 120.0, ""E"": 0}","{""D"": 32.89473684210526}","[{""actual_arrival_month"": ""2040-02"", ""actual_delivery_share"": 1.0, ""availability_share"": 1.0, ""feasible_t"": 29.605263157894736, ""gross_delivery_t"": 29.605263157894736, ""order_month"": ""2039-02"", ""planned_arrival_month"": ""2040-02"", ""requested_t"": 29.605263157894736, ""shipment_id"": ""S0041"", ""source_id"": ""A"", ""source_name"": ""Earth-Core"", ""unfulfilled_request_t"": 0.0}, {""actual_arrival_month"": ""2040-06"", ""actual_delivery_share"": 1.0, ""availability_share"": 1.0, ""feasible_t"": 10.421052631578938, ""gross_delivery_t"": 10.421052631578938, ""order_month"": ""2039-06"", ""planned_arrival_month"": ""2040-06"", ""requested_t"": 10.421052631578938, ""shipment_id"": ""S0042"", ""source_id"": ""A"", ""source_name"": ""Earth-Core"", ""unfulfilled_request_t"": 0.0}, {""actual_arrival_month"": ""2040-07"", ""actual_delivery_share"": 1.0, ""availability_share"": 1.0, ""feasible_t"": 29.605263157894736, ""gross_delivery_t"": 29.605263157894736, ""order_month"": ""2039-07"", ""planned_arrival_month"": ""2040-07"", ""requested_t"": 29.605263157894736, ""shipment_id"": ""S0043"", ""source_id"": ""A"", ""source_name"": ""Earth-Core"", ""unfulfilled_request_t"": 0.0}, {""actual_arrival_month"": ""2040-08"", ""actual_delivery_share"": 1.0, ""availability_share"": 1.0, ""feasible_t"": 29.605263157894736, ""gross_delivery_t"": 29.605263157894736, ""order_month"": ""2039-08"", ""planned_arrival_month"": ""2040-08"", ""requested_t"": 29.605263157894736, ""shipment_id"": ""S0044"", ""source_id"": ""A"", ""source_name"": ""Earth-Core"", ""unfulfilled_request_t"": 0.0}, {""actual_arrival_month"": ""2040-09"", ""actual_delivery_share"": 1.0, ""availability_share"": 1.0, ""feasible_t"": 29.605263157894736, ""gross_delivery_t"": 29.605263157894736, ""order_month"": ""2039-09"", ""planned_arrival_month"": ""2040-09"", ""requested_t"": 29.605263157894736, ""shipment_id"": ""S0045"", ""source_id"": ""A"", ""source_name"": ""Earth-Core"", ""unfulfilled_request_t"": 0.0}, {""actual_arrival_month"": ""2040-10"", ""actual_delivery_share"": 1.0, ""availability_share"": 1.0, ""feasible_t"": 12.552631578947393, ""gross_delivery_t"": 12.552631578947393, ""order_month"": ""2039-10"", ""planned_arrival_month"": ""2040-10"", ""requested_t"": 12.552631578947393, ""shipment_id"": ""S0046"", ""source_id"": ""A"", ""source_name"": ""Earth-Core"", ""unfulfilled_request_t"": 0.0}, {""actual_arrival_month"": ""2040-03"", ""actual_delivery_share"": 1.0, ""availability_share"": 1.0, ""feasible_t"": 13.886639676113369, ""gross_delivery_t"": 13.886639676113369, ""order_month"": ""2039-08"", ""planned_arrival_month"": ""2039-12"", ""requested_t"": 13.886639676113369, ""shipment_id"": ""S0056"", ""source_id"": ""B"", ""source_name"": ""Earth-Flex"", ""unfulfilled_request_t"": 0.0}, {""actual_arrival_month"": ""2040-03"", ""actual_delivery_share"": 1.0, ""availability_share"": 1.0, ""feasible_t"": 32.89473684210526, ""gross_delivery_t"": 32.89473684210526, ""order_month"": ""2040-01"", ""planned_arrival_month"": ""2040-03"", ""requested_t"": 32.89473684210526, ""shipment_id"": ""S0071"", ""source_id"": ""D"", ""source_name"": ""Lunar-ISRU"", ""unfulfilled_request_t"": 0.0}]","{""A"": 29.605263157894736}","{""A"": 29.605263157894736}",29.605263157894736,0.35526315789473684,29.25,29.25,0.0,65.14752511415534,20.833333333333332,11.666666666666668,0.0,0.0,32.64752511415534,ZBO,120.0,0.012,"[""ZBO"", ""LUNAR_ISRU""]",2.0563515068493206,6.833333333333333,"[""RESERVE_45D""]"
2040-02,32.64752511415534,32.5,20.833333333333332,"{""A"": 0, ""B"": 63.55263157904734, ""C"": 0, ""D"": 120.0, ""E"": 0}","{""D"": 32.89473684210526}","[{""actual_arrival_month"": ""2040-06"", ""actual_delivery_share"": 1.0, ""availability_share"": 1.0, ""feasible_t"": 10.421052631578938, ""gross_delivery_t"": 10.421052631578938, ""order_month"": ""2039-06"", ""planned_arrival_month"": ""2040-06"", ""requested_t"": 10.421052631578938, ""shipment_id"": ""S0042"", ""source_id"": ""A"", ""source_name"": ""Earth-Core"", ""unfulfilled_request_t"": 0.0}, {""actual_arrival_month"": ""2040-07"", ""actual_delivery_share"": 1.0, ""availability_share"": 1.0, ""feasible_t"": 29.605263157894736, ""gross_delivery_t"": 29.605263157894736, ""order_month"": ""2039-07"", ""planned_arrival_month"": ""2040-07"", ""requested_t"": 29.605263157894736, ""shipment_id"": ""S0043"", ""source_id"": ""A"", ""source_name"": ""Earth-Core"", ""unfulfilled_request_t"": 0.0}, {""actual_arrival_month"": ""2040-08"", ""actual_delivery_share"": 1.0, ""availability_share"": 1.0, ""feasible_t"": 29.605263157894736, ""gross_delivery_t"": 29.605263157894736, ""order_month"": ""2039-08"", ""planned_arrival_month"": ""2040-08"", ""requested_t"": 29.605263157894736, ""shipment_id"": ""S0044"", ""source_id"": ""A"", ""source_name"": ""Earth-Core"", ""unfulfilled_request_t"": 0.0}, {""actual_arrival_month"": ""2040-09"", ""actual_delivery_share"": 1.0, ""availability_share"": 1.0, ""feasible_t"": 29.605263157894736, ""gross_delivery_t"": 29.605263157894736, ""order_month"": ""2039-09"", ""planned_arrival_month"": ""2040-09"", ""requested_t"": 29.605263157894736, ""shipment_id"": ""S0045"", ""source_id"": ""A"", ""source_name"": ""Earth-Core"", ""unfulfilled_request_t"": 0.0}, {""actual_arrival_month"": ""2040-10"", ""actual_delivery_share"": 1.0, ""availability_share"": 1.0, ""feasible_t"": 12.552631578947393, ""gross_delivery_t"": 12.552631578947393, ""order_month"": ""2039-10"", ""planned_arrival_month"": ""2040-10"", ""requested_t"": 12.552631578947393, ""shipment_id"": ""S0046"", ""source_id"": ""A"", ""source_name"": ""Earth-Core"", ""unfulfilled_request_t"": 0.0}, {""actual_arrival_month"": ""2040-03"", ""actual_delivery_share"": 1.0, ""availability_share"": 1.0, ""feasible_t"": 13.886639676113369, ""gross_delivery_t"": 13.886639676113369, ""order_month"": ""2039-08"", ""planned_arrival_month"": ""2039-12"", ""requested_t"": 13.886639676113369, ""shipment_id"": ""S0056"", ""source_id"": ""B"", ""source_name"": ""Earth-Flex"", ""unfulfilled_request_t"": 0.0}, {""actual_arrival_month"": ""2040-03"", ""actual_delivery_share"": 1.0, ""availability_share"": 1.0, ""feasible_t"": 32.89473684210526, ""gross_delivery_t"": 32.89473684210526, ""order_month"": ""2040-01"", ""planned_arrival_month"": ""2040-03"", ""requested_t"": 32.89473684210526, ""shipment_id"": ""S0071"", ""source_id"": ""D"", ""source_name"": ""Lunar-ISRU"", ""unfulfilled_request_t"": 0.0}, {""actual_arrival_month"": ""2040-04"", ""actual_delivery_share"": 1.0, ""availability_share"": 1.0, ""feasible_t"": 32.89473684210526, ""gross_delivery_t"": 32.89473684210526, ""order_month"": ""2040-02"", ""planned_arrival_month"": ""2040-04"", ""requested_t"": 32.89473684210526, ""shipment_id"": ""S0072"", ""source_id"": ""D"", ""source_name"": ""Lunar-ISRU"", ""unfulfilled_request_t"": 0.0}]","{""A"": 29.605263157894736}","{""A"": 29.605263157894736}",29.605263157894736,0.35526315789473684,29.25,29.25,0.0,61.89752511415534,20.833333333333332,11.666666666666668,0.0,0.0,29.397525114155346,ZBO,120.0,0.012,"[""ZBO"", ""LUNAR_ISRU""]",1.8613515068493205,6.833333333333333,[]
2040-03,29.397525114155346,32.5,20.833333333333332,"{""A"": 0, ""B"": 63.55263157904734, ""C"": 0, ""D"": 120.0, ""E"": 0}","{""D"": 32.89473684210526}","[{""actual_arrival_month"": ""2040-06"", ""actual_delivery_share"": 1.0, ""availability_share"": 1.0, ""feasible_t"": 10.421052631578938, ""gross_delivery_t"": 10.421052631578938, ""order_month"": ""2039-06"", ""planned_arrival_month"": ""2040-06"", ""requested_t"": 10.421052631578938, ""shipment_id"": ""S0042"", ""source_id"": ""A"", ""source_name"": ""Earth-Core"", ""unfulfilled_request_t"": 0.0}, {""actual_arrival_month"": ""2040-07"", ""actual_delivery_share"": 1.0, ""availability_share"": 1.0, ""feasible_t"": 29.605263157894736, ""gross_delivery_t"": 29.605263157894736, ""order_month"": ""2039-07"", ""planned_arrival_month"": ""2040-07"", ""requested_t"": 29.605263157894736, ""shipment_id"": ""S0043"", ""source_id"": ""A"", ""source_name"": ""Earth-Core"", ""unfulfilled_request_t"": 0.0}, {""actual_arrival_month"": ""2040-08"", ""actual_delivery_share"": 1.0, ""availability_share"": 1.0, ""feasible_t"": 29.605263157894736, ""gross_delivery_t"": 29.605263157894736, ""order_month"": ""2039-08"", ""planned_arrival_month"": ""2040-08"", ""requested_t"": 29.605263157894736, ""shipment_id"": ""S0044"", ""source_id"": ""A"", ""source_name"": ""Earth-Core"", ""unfulfilled_request_t"": 0.0}, {""actual_arrival_month"": ""2040-09"", ""actual_delivery_share"": 1.0, ""availability_share"": 1.0, ""feasible_t"": 29.605263157894736, ""gross_delivery_t"": 29.605263157894736, ""order_month"": ""2039-09"", ""planned_arrival_month"": ""2040-09"", ""requested_t"": 29.605263157894736, ""shipment_id"": ""S0045"", ""source_id"": ""A"", ""source_name"": ""Earth-Core"", ""unfulfilled_request_t"": 0.0}, {""actual_arrival_month"": ""2040-10"", ""actual_delivery_share"": 1.0, ""availability_share"": 1.0, ""feasible_t"": 12.552631578947393, ""gross_delivery_t"": 12.552631578947393, ""order_month"": ""2039-10"", ""planned_arrival_month"": ""2040-10"", ""requested_t"": 12.552631578947393, ""shipment_id"": ""S0046"", ""source_id"": ""A"", ""source_name"": ""Earth-Core"", ""unfulfilled_request_t"": 0.0}, {""actual_arrival_month"": ""2040-04"", ""actual_delivery_share"": 1.0, ""availability_share"": 1.0, ""feasible_t"": 32.89473684210526, ""gross_delivery_t"": 32.89473684210526, ""order_month"": ""2040-02"", ""planned_arrival_month"": ""2040-04"", ""requested_t"": 32.89473684210526, ""shipment_id"": ""S0072"", ""source_id"": ""D"", ""source_name"": ""Lunar-ISRU"", ""unfulfilled_request_t"": 0.0}, {""actual_arrival_month"": ""2040-05"", ""actual_delivery_share"": 1.0, ""availability_share"": 1.0, ""feasible_t"": 32.89473684210526, ""gross_delivery_t"": 32.89473684210526, ""order_month"": ""2040-03"", ""planned_arrival_month"": ""2040-05"", ""requested_t"": 32.89473684210526, ""shipment_id"": ""S0073"", ""source_id"": ""D"", ""source_name"": ""Lunar-ISRU"", ""unfulfilled_request_t"": 0.0}]","{""D"": 32.89473684210526}","{""B"": 13.886639676113369, ""D"": 32.89473684210526}",46.78137651821863,0.5613765182186236,46.220000000000006,46.220000000000006,0.0,75.61752511415536,20.833333333333332,11.666666666666668,0.0,0.0,43.117525114155356,ZBO,120.0,0.012,"[""ZBO"", ""LUNAR_ISRU""]",2.175451506849321,6.833333333333333,[]
2040-04,43.117525114155356,32.5,20.833333333333332,"{""A"": 0, ""B"": 63.55263157904734, ""C"": 0, ""D"": 120.0, ""E"": 0}","{""D"": 21.31578947368422}","[{""actual_arrival_month"": ""2040-06"", ""actual_delivery_share"": 1.0, ""availability_share"": 1.0, ""feasible_t"": 10.421052631578938, ""gross_delivery_t"": 10.421052631578938, ""order_month"": ""2039-06"", ""planned_arrival_month"": ""2040-06"", ""requested_t"": 10.421052631578938, ""shipment_id"": ""S0042"", ""source_id"": ""A"", ""source_name"": ""Earth-Core"", ""unfulfilled_request_t"": 0.0}, {""actual_arrival_month"": ""2040-07"", ""actual_delivery_share"": 1.0, ""availability_share"": 1.0, ""feasible_t"": 29.605263157894736, ""gross_delivery_t"": 29.605263157894736, ""order_month"": ""2039-07"", ""planned_arrival_month"": ""2040-07"", ""requested_t"": 29.605263157894736, ""shipment_id"": ""S0043"", ""source_id"": ""A"", ""source_name"": ""Earth-Core"", ""unfulfilled_request_t"": 0.0}, {""actual_arrival_month"": ""2040-08"", ""actual_delivery_share"": 1.0, ""availability_share"": 1.0, ""feasible_t"": 29.605263157894736, ""gross_delivery_t"": 29.605263157894736, ""order_month"": ""2039-08"", ""planned_arrival_month"": ""2040-08"", ""requested_t"": 29.605263157894736, ""shipment_id"": ""S0044"", ""source_id"": ""A"", ""source_name"": ""Earth-Core"", ""unfulfilled_request_t"": 0.0}, {""actual_arrival_month"": ""2040-09"", ""actual_delivery_share"": 1.0, ""availability_share"": 1.0, ""feasible_t"": 29.605263157894736, ""gross_delivery_t"": 29.605263157894736, ""order_month"": ""2039-09"", ""planned_arrival_month"": ""2040-09"", ""requested_t"": 29.605263157894736, ""shipment_id"": ""S0045"", ""source_id"": ""A"", ""source_name"": ""Earth-Core"", ""unfulfilled_request_t"": 0.0}, {""actual_arrival_month"": ""2040-10"", ""actual_delivery_share"": 1.0, ""availability_share"": 1.0, ""feasible_t"": 12.552631578947393, ""gross_delivery_t"": 12.552631578947393, ""order_month"": ""2039-10"", ""planned_arrival_month"": ""2040-10"", ""requested_t"": 12.552631578947393, ""shipment_id"": ""S0046"", ""source_id"": ""A"", ""source_name"": ""Earth-Core"", ""unfulfilled_request_t"": 0.0}, {""actual_arrival_month"": ""2040-05"", ""actual_delivery_share"": 1.0, ""availability_share"": 1.0, ""feasible_t"": 32.89473684210526, ""gross_delivery_t"": 32.89473684210526, ""order_month"": ""2040-03"", ""planned_arrival_month"": ""2040-05"", ""requested_t"": 32.89473684210526, ""shipment_id"": ""S0073"", ""source_id"": ""D"", ""source_name"": ""Lunar-ISRU"", ""unfulfilled_request_t"": 0.0}, {""actual_arrival_month"": ""2040-06"", ""actual_delivery_share"": 1.0, ""availability_share"": 1.0, ""feasible_t"": 21.31578947368422, ""gross_delivery_t"": 21.31578947368422, ""order_month"": ""2040-04"", ""planned_arrival_month"": ""2040-06"", ""requested_t"": 21.31578947368422, ""shipment_id"": ""S0074"", ""source_id"": ""D"", ""source_name"": ""Lunar-ISRU"", ""unfulfilled_request_t"": 0.0}]","{""D"": 32.89473684210526}","{""D"": 32.89473684210526}",32.89473684210526,0.3947368421052631,32.5,32.5,0.0,75.61752511415536,20.833333333333332,11.666666666666668,0.0,0.0,43.117525114155356,ZBO,120.0,0.012,"[""ZBO"", ""LUNAR_ISRU""]",2.5870515068493214,6.833333333333333,[]
2040-05,43.117525114155356,32.5,20.833333333333332,"{""A"": 0, ""B"": 63.55263157904734, ""C"": 0, ""D"": 120.0, ""E"": 0}",{},"[{""actual_arrival_month"": ""2040-06"", ""actual_delivery_share"": 1.0, ""availability_share"": 1.0, ""feasible_t"": 10.421052631578938, ""gross_delivery_t"": 10.421052631578938, ""order_month"": ""2039-06"", ""planned_arrival_month"": ""2040-06"", ""requested_t"": 10.421052631578938, ""shipment_id"": ""S0042"", ""source_id"": ""A"", ""source_name"": ""Earth-Core"", ""unfulfilled_request_t"": 0.0}, {""actual_arrival_month"": ""2040-07"", ""actual_delivery_share"": 1.0, ""availability_share"": 1.0, ""feasible_t"": 29.605263157894736, ""gross_delivery_t"": 29.605263157894736, ""order_month"": ""2039-07"", ""planned_arrival_month"": ""2040-07"", ""requested_t"": 29.605263157894736, ""shipment_id"": ""S0043"", ""source_id"": ""A"", ""source_name"": ""Earth-Core"", ""unfulfilled_request_t"": 0.0}, {""actual_arrival_month"": ""2040-08"", ""actual_delivery_share"": 1.0, ""availability_share"": 1.0, ""feasible_t"": 29.605263157894736, ""gross_delivery_t"": 29.605263157894736, ""order_month"": ""2039-08"", ""planned_arrival_month"": ""2040-08"", ""requested_t"": 29.605263157894736, ""shipment_id"": ""S0044"", ""source_id"": ""A"", ""source_name"": ""Earth-Core"", ""unfulfilled_request_t"": 0.0}, {""actual_arrival_month"": ""2040-09"", ""actual_delivery_share"": 1.0, ""availability_share"": 1.0, ""feasible_t"": 29.605263157894736, ""gross_delivery_t"": 29.605263157894736, ""order_month"": ""2039-09"", ""planned_arrival_month"": ""2040-09"", ""requested_t"": 29.605263157894736, ""shipment_id"": ""S0045"", ""source_id"": ""A"", ""source_name"": ""Earth-Core"", ""unfulfilled_request_t"": 0.0}, {""actual_arrival_month"": ""2040-10"", ""actual_delivery_share"": 1.0, ""availability_share"": 1.0, ""feasible_t"": 12.552631578947393, ""gross_delivery_t"": 12.552631578947393, ""order_month"": ""2039-10"", ""planned_arrival_month"": ""2040-10"", ""requested_t"": 12.552631578947393, ""shipment_id"": ""S0046"", ""source_id"": ""A"", ""source_name"": ""Earth-Core"", ""unfulfilled_request_t"": 0.0}, {""actual_arrival_month"": ""2040-06"", ""actual_delivery_share"": 1.0, ""availability_share"": 1.0, ""feasible_t"": 21.31578947368422, ""gross_delivery_t"": 21.31578947368422, ""order_month"": ""2040-04"", ""planned_arrival_month"": ""2040-06"", ""requested_t"": 21.31578947368422, ""shipment_id"": ""S0074"", ""source_id"": ""D"", ""source_name"": ""Lunar-ISRU"", ""unfulfilled_request_t"": 0.0}]","{""D"": 32.89473684210526}","{""D"": 32.89473684210526}",32.89473684210526,0.3947368421052631,32.5,32.5,0.0,75.61752511415536,20.833333333333332,11.666666666666668,0.0,0.0,43.117525114155356,ZBO,120.0,0.012,"[""ZBO"", ""LUNAR_ISRU""]",2.5870515068493214,6.833333333333333,[]
2040-06,43.117525114155356,32.5,20.833333333333332,"{""A"": 0, ""B"": 63.55263157904734, ""C"": 0, ""D"": 120.0, ""E"": 0}","{""B"": 14.210526315789455}","[{""actual_arrival_month"": ""2040-07"", ""actual_delivery_share"": 1.0, ""availability_share"": 1.0, ""feasible_t"": 29.605263157894736, ""gross_delivery_t"": 29.605263157894736, ""order_month"": ""2039-07"", ""planned_arrival_month"": ""2040-07"", ""requested_t"": 29.605263157894736, ""shipment_id"": ""S0043"", ""source_id"": ""A"", ""source_name"": ""Earth-Core"", ""unfulfilled_request_t"": 0.0}, {""actual_arrival_month"": ""2040-08"", ""actual_delivery_share"": 1.0, ""availability_share"": 1.0, ""feasible_t"": 29.605263157894736, ""gross_delivery_t"": 29.605263157894736, ""order_month"": ""2039-08"", ""planned_arrival_month"": ""2040-08"", ""requested_t"": 29.605263157894736, ""shipment_id"": ""S0044"", ""source_id"": ""A"", ""source_name"": ""Earth-Core"", ""unfulfilled_request_t"": 0.0}, {""actual_arrival_month"": ""2040-09"", ""actual_delivery_share"": 1.0, ""availability_share"": 1.0, ""feasible_t"": 29.605263157894736, ""gross_delivery_t"": 29.605263157894736, ""order_month"": ""2039-09"", ""planned_arrival_month"": ""2040-09"", ""requested_t"": 29.605263157894736, ""shipment_id"": ""S0045"", ""source_id"": ""A"", ""source_name"": ""Earth-Core"", ""unfulfilled_request_t"": 0.0}, {""actual_arrival_month"": ""2040-10"", ""actual_delivery_share"": 1.0, ""availability_share"": 1.0, ""feasible_t"": 12.552631578947393, ""gross_delivery_t"": 12.552631578947393, ""order_month"": ""2039-10"", ""planned_arrival_month"": ""2040-10"", ""requested_t"": 12.552631578947393, ""shipment_id"": ""S0046"", ""source_id"": ""A"", ""source_name"": ""Earth-Core"", ""unfulfilled_request_t"": 0.0}, {""actual_arrival_month"": ""2040-10"", ""actual_delivery_share"": 1.0, ""availability_share"": 1.0, ""feasible_t"": 14.210526315789455, ""gross_delivery_t"": 14.210526315789455, ""order_month"": ""2040-06"", ""planned_arrival_month"": ""2040-10"", ""requested_t"": 14.210526315789455, ""shipment_id"": ""S0057"", ""source_id"": ""B"", ""source_name"": ""Earth-Flex"", ""unfulfilled_request_t"": 0.0}]","{""A"": 10.421052631578938, ""D"": 21.31578947368422}","{""A"": 10.421052631578938, ""D"": 21.31578947368422}",31.736842105263158,0.38084210526315787,31.355999999999998,31.355999999999998,0.0,74.47352511415535,20.833333333333332,11.666666666666668,0.0,0.0,41.97352511415535,ZBO,120.0,0.012,"[""ZBO"", ""LUNAR_ISRU""]",2.552731506849321,6.833333333333333,[]
2040-07,41.97352511415535,32.5,20.833333333333332,"{""A"": 0, ""B"": 63.55263157904734, ""C"": 0, ""D"": 120.0, ""E"": 0}","{""B"": 24.671052631578945}","[{""actual_arrival_month"": ""2040-08"", ""actual_delivery_share"": 1.0, ""availability_share"": 1.0, ""feasible_t"": 29.605263157894736, ""gross_delivery_t"": 29.605263157894736, ""order_month"": ""2039-08"", ""planned_arrival_month"": ""2040-08"", ""requested_t"": 29.605263157894736, ""shipment_id"": ""S0044"", ""source_id"": ""A"", ""source_name"": ""Earth-Core"", ""unfulfilled_request_t"": 0.0}, {""actual_arrival_month"": ""2040-09"", ""actual_delivery_share"": 1.0, ""availability_share"": 1.0, ""feasible_t"": 29.605263157894736, ""gross_delivery_t"": 29.605263157894736, ""order_month"": ""2039-09"", ""planned_arrival_month"": ""2040-09"", ""requested_t"": 29.605263157894736, ""shipment_id"": ""S0045"", ""source_id"": ""A"", ""source_name"": ""Earth-Core"", ""unfulfilled_request_t"": 0.0}, {""actual_arrival_month"": ""2040-10"", ""actual_delivery_share"": 1.0, ""availability_share"": 1.0, ""feasible_t"": 12.552631578947393, ""gross_delivery_t"": 12.552631578947393, ""order_month"": ""2039-10"", ""planned_arrival_month"": ""2040-10"", ""requested_t"": 12.552631578947393, ""shipment_id"": ""S0046"", ""source_id"": ""A"", ""source_name"": ""Earth-Core"", ""unfulfilled_request_t"": 0.0}, {""actual_arrival_month"": ""2040-10"", ""actual_delivery_share"": 1.0, ""availability_share"": 1.0, ""feasible_t"": 14.210526315789455, ""gross_delivery_t"": 14.210526315789455, ""order_month"": ""2040-06"", ""planned_arrival_month"": ""2040-10"", ""requested_t"": 14.210526315789455, ""shipment_id"": ""S0057"", ""source_id"": ""B"", ""source_name"": ""Earth-Flex"", ""unfulfilled_request_t"": 0.0}, {""actual_arrival_month"": ""2040-11"", ""actual_delivery_share"": 1.0, ""availability_share"": 1.0, ""feasible_t"": 24.671052631578945, ""gross_delivery_t"": 24.671052631578945, ""order_month"": ""2040-07"", ""planned_arrival_month"": ""2040-11"", ""requested_t"": 24.671052631578945, ""shipment_id"": ""S0058"", ""source_id"": ""B"", ""source_name"": ""Earth-Flex"", ""unfulfilled_request_t"": 0.0}]","{""A"": 29.605263157894736}","{""A"": 29.605263157894736}",29.605263157894736,0.35526315789473684,29.25,29.25,0.0,71.22352511415535,20.833333333333332,11.666666666666668,0.0,0.0,38.72352511415535,ZBO,120.0,0.012,"[""ZBO"", ""LUNAR_ISRU""]",2.420911506849321,6.833333333333333,[]
2040-08,38.72352511415535,32.5,20.833333333333332,"{""A"": 0, ""B"": 63.55263157904734, ""C"": 0, ""D"": 120.0, ""E"": 0}","{""B"": 24.671052631578945}","[{""actual_arrival_month"": ""2040-09"", ""actual_delivery_share"": 1.0, ""availability_share"": 1.0, ""feasible_t"": 29.605263157894736, ""gross_delivery_t"": 29.605263157894736, ""order_month"": ""2039-09"", ""planned_arrival_month"": ""2040-09"", ""requested_t"": 29.605263157894736, ""shipment_id"": ""S0045"", ""source_id"": ""A"", ""source_name"": ""Earth-Core"", ""unfulfilled_request_t"": 0.0}, {""actual_arrival_month"": ""2040-10"", ""actual_delivery_share"": 1.0, ""availability_share"": 1.0, ""feasible_t"": 12.552631578947393, ""gross_delivery_t"": 12.552631578947393, ""order_month"": ""2039-10"", ""planned_arrival_month"": ""2040-10"", ""requested_t"": 12.552631578947393, ""shipment_id"": ""S0046"", ""source_id"": ""A"", ""source_name"": ""Earth-Core"", ""unfulfilled_request_t"": 0.0}, {""actual_arrival_month"": ""2040-10"", ""actual_delivery_share"": 1.0, ""availability_share"": 1.0, ""feasible_t"": 14.210526315789455, ""gross_delivery_t"": 14.210526315789455, ""order_month"": ""2040-06"", ""planned_arrival_month"": ""2040-10"", ""requested_t"": 14.210526315789455, ""shipment_id"": ""S0057"", ""source_id"": ""B"", ""source_name"": ""Earth-Flex"", ""unfulfilled_request_t"": 0.0}, {""actual_arrival_month"": ""2040-11"", ""actual_delivery_share"": 1.0, ""availability_share"": 1.0, ""feasible_t"": 24.671052631578945, ""gross_delivery_t"": 24.671052631578945, ""order_month"": ""2040-07"", ""planned_arrival_month"": ""2040-11"", ""requested_t"": 24.671052631578945, ""shipment_id"": ""S0058"", ""source_id"": ""B"", ""source_name"": ""Earth-Flex"", ""unfulfilled_request_t"": 0.0}, {""actual_arrival_month"": ""2040-12"", ""actual_delivery_share"": 1.0, ""availability_share"": 1.0, ""feasible_t"": 24.671052631578945, ""gross_delivery_t"": 24.671052631578945, ""order_month"": ""2040-08"", ""planned_arrival_month"": ""2040-12"", ""requested_t"": 24.671052631578945, ""shipment_id"": ""S0059"", ""source_id"": ""B"", ""source_name"": ""Earth-Flex"", ""unfulfilled_request_t"": 0.0}]","{""A"": 29.605263157894736}","{""A"": 29.605263157894736}",29.605263157894736,0.35526315789473684,29.25,29.25,0.0,67.97352511415535,20.833333333333332,11.666666666666668,0.0,0.0,35.47352511415535,ZBO,120.0,0.012,"[""ZBO"", ""LUNAR_ISRU""]",2.225911506849321,6.833333333333333,[]
2040-09,35.47352511415535,32.5,20.833333333333332,"{""A"": 0, ""B"": 63.55263157904734, ""C"": 0, ""D"": 120.0, ""E"": 0}",{},"[{""actual_arrival_month"": ""2040-10"", ""actual_delivery_share"": 1.0, ""availability_share"": 1.0, ""feasible_t"": 12.552631578947393, ""gross_delivery_t"": 12.552631578947393, ""order_month"": ""2039-10"", ""planned_arrival_month"": ""2040-10"", ""requested_t"": 12.552631578947393, ""shipment_id"": ""S0046"", ""source_id"": ""A"", ""source_name"": ""Earth-Core"", ""unfulfilled_request_t"": 0.0}, {""actual_arrival_month"": ""2040-10"", ""actual_delivery_share"": 1.0, ""availability_share"": 1.0, ""feasible_t"": 14.210526315789455, ""gross_delivery_t"": 14.210526315789455, ""order_month"": ""2040-06"", ""planned_arrival_month"": ""2040-10"", ""requested_t"": 14.210526315789455, ""shipment_id"": ""S0057"", ""source_id"": ""B"", ""source_name"": ""Earth-Flex"", ""unfulfilled_request_t"": 0.0}, {""actual_arrival_month"": ""2040-11"", ""actual_delivery_share"": 1.0, ""availability_share"": 1.0, ""feasible_t"": 24.671052631578945, ""gross_delivery_t"": 24.671052631578945, ""order_month"": ""2040-07"", ""planned_arrival_month"": ""2040-11"", ""requested_t"": 24.671052631578945, ""shipment_id"": ""S0058"", ""source_id"": ""B"", ""source_name"": ""Earth-Flex"", ""unfulfilled_request_t"": 0.0}, {""actual_arrival_month"": ""2040-12"", ""actual_delivery_share"": 1.0, ""availability_share"": 1.0, ""feasible_t"": 24.671052631578945, ""gross_delivery_t"": 24.671052631578945, ""order_month"": ""2040-08"", ""planned_arrival_month"": ""2040-12"", ""requested_t"": 24.671052631578945, ""shipment_id"": ""S0059"", ""source_id"": ""B"", ""source_name"": ""Earth-Flex"", ""unfulfilled_request_t"": 0.0}]","{""A"": 29.605263157894736}","{""A"": 29.605263157894736}",29.605263157894736,0.35526315789473684,29.25,29.25,0.0,64.72352511415535,20.833333333333332,11.666666666666668,0.0,0.0,32.22352511415535,ZBO,120.0,0.012,"[""ZBO"", ""LUNAR_ISRU""]",2.030911506849321,6.833333333333333,[]
2040-10,32.22352511415535,32.5,20.833333333333332,"{""A"": 0, ""B"": 63.55263157904734, ""C"": 0, ""D"": 120.0, ""E"": 0}",{},"[{""actual_arrival_month"": ""2040-11"", ""actual_delivery_share"": 1.0, ""availability_share"": 1.0, ""feasible_t"": 24.671052631578945, ""gross_delivery_t"": 24.671052631578945, ""order_month"": ""2040-07"", ""planned_arrival_month"": ""2040-11"", ""requested_t"": 24.671052631578945, ""shipment_id"": ""S0058"", ""source_id"": ""B"", ""source_name"": ""Earth-Flex"", ""unfulfilled_request_t"": 0.0}, {""actual_arrival_month"": ""2040-12"", ""actual_delivery_share"": 1.0, ""availability_share"": 1.0, ""feasible_t"": 24.671052631578945, ""gross_delivery_t"": 24.671052631578945, ""order_month"": ""2040-08"", ""planned_arrival_month"": ""2040-12"", ""requested_t"": 24.671052631578945, ""shipment_id"": ""S0059"", ""source_id"": ""B"", ""source_name"": ""Earth-Flex"", ""unfulfilled_request_t"": 0.0}]","{""A"": 12.552631578947393, ""B"": 14.210526315789455}","{""A"": 12.552631578947393, ""B"": 14.210526315789455}",26.76315789473685,0.3211578947368422,26.442000000000007,26.442000000000007,0.0,58.66552511415536,20.833333333333332,11.666666666666668,0.0,0.0,26.16552511415536,ZBO,120.0,0.012,"[""ZBO"", ""LUNAR_ISRU""]",1.7516715068493214,6.833333333333333,[]
2040-11,26.16552511415536,32.5,20.833333333333332,"{""A"": 0, ""B"": 63.55263157904734, ""C"": 0, ""D"": 120.0, ""E"": 0}",{},"[{""actual_arrival_month"": ""2040-12"", ""actual_delivery_share"": 1.0, ""availability_share"": 1.0, ""feasible_t"": 24.671052631578945, ""gross_delivery_t"": 24.671052631578945, ""order_month"": ""2040-08"", ""planned_arrival_month"": ""2040-12"", ""requested_t"": 24.671052631578945, ""shipment_id"": ""S0059"", ""source_id"": ""B"", ""source_name"": ""Earth-Flex"", ""unfulfilled_request_t"": 0.0}]","{""B"": 24.671052631578945}","{""B"": 24.671052631578945}",24.671052631578945,0.29605263157894735,24.374999999999996,24.374999999999996,0.0,50.54052511415536,20.833333333333332,11.666666666666668,0.0,0.0,18.040525114155358,ZBO,120.0,0.012,"[""ZBO"", ""LUNAR_ISRU""]",1.3261815068493215,6.833333333333333,[]
2040-12,18.040525114155358,32.5,20.833333333333332,"{""A"": 0, ""B"": 63.55263157904734, ""C"": 0, ""D"": 120.0, ""E"": 0}",{},[],"{""B"": 24.671052631578945}","{""B"": 24.671052631578945}",24.671052631578945,0.29605263157894735,24.374999999999996,24.374999999999996,0.0,42.41552511415536,20.833333333333332,11.666666666666668,0.0,0.0,9.915525114155358,ZBO,120.0,0.012,"[""ZBO"", ""LUNAR_ISRU""]",0.8386815068493214,6.833333333333333,[]
