month,opening_inventory_t,demand_total_t,demand_critical_t,reserved_by_source,requested_order_by_source,pipeline,planned_arrival_by_source,gross_delivery_by_source,gross_delivery_t,losses_t,net_delivery_t,accepted_delivery_t,overflow_t,available_inventory_t,served_critical_t,served_noncritical_t,shortage_critical_t,shortage_noncritical_t,closing_inventory_t,active_storage_id,active_storage_capacity_t,active_loss_rate,active_investments,holding_cost_mln,fixed_opex_mln,violations
2035-01,47.75,8.333333333333334,6.666666666666667,"{""A"": 110.0, ""B"": 50.0, ""C"": 0, ""D"": 0, ""E"": 20.0}","{""A"": 8.333333333333334, ""B"": 2.0833333333333335}","[{""actual_arrival_month"": ""2036-01"", ""actual_delivery_share"": 1.0, ""availability_share"": 1.0, ""feasible_t"": 8.333333333333334, ""gross_delivery_t"": 8.333333333333334, ""order_month"": ""2035-01"", ""planned_arrival_month"": ""2036-01"", ""requested_t"": 8.333333333333334, ""shipment_id"": ""S0001"", ""source_id"": ""A"", ""source_name"": ""Earth-Core"", ""unfulfilled_request_t"": 0.0}, {""actual_arrival_month"": ""2035-05"", ""actual_delivery_share"": 1.0, ""availability_share"": 1.0, ""feasible_t"": 2.0833333333333335, ""gross_delivery_t"": 2.0833333333333335, ""order_month"": ""2035-01"", ""planned_arrival_month"": ""2035-05"", ""requested_t"": 2.0833333333333335, ""shipment_id"": ""S0073"", ""source_id"": ""B"", ""source_name"": ""Earth-Flex"", ""unfulfilled_request_t"": 0.0}]",{},{},0,0.0,0.0,0.0,0.0,47.75,6.666666666666667,1.666666666666667,0.0,0.0,39.41666666666667,BASE,70.0,0.045,[],2.6149999999999998,0.0,[]
2035-02,39.41666666666667,8.333333333333334,6.666666666666667,"{""A"": 110.0, ""B"": 50.0, ""C"": 0, ""D"": 0, ""E"": 20.0}","{""A"": 8.333333333333334, ""B"": 2.0833333333333335}","[{""actual_arrival_month"": ""2036-01"", ""actual_delivery_share"": 1.0, ""availability_share"": 1.0, ""feasible_t"": 8.333333333333334, ""gross_delivery_t"": 8.333333333333334, ""order_month"": ""2035-01"", ""planned_arrival_month"": ""2036-01"", ""requested_t"": 8.333333333333334, ""shipment_id"": ""S0001"", ""source_id"": ""A"", ""source_name"": ""Earth-Core"", ""unfulfilled_request_t"": 0.0}, {""actual_arrival_month"": ""2036-02"", ""actual_delivery_share"": 1.0, ""availability_share"": 1.0, ""feasible_t"": 8.333333333333334, ""gross_delivery_t"": 8.333333333333334, ""order_month"": ""2035-02"", ""planned_arrival_month"": ""2036-02"", ""requested_t"": 8.333333333333334, ""shipment_id"": ""S0002"", ""source_id"": ""A"", ""source_name"": ""Earth-Core"", ""unfulfilled_request_t"": 0.0}, {""actual_arrival_month"": ""2035-05"", ""actual_delivery_share"": 1.0, ""availability_share"": 1.0, ""feasible_t"": 2.0833333333333335, ""gross_delivery_t"": 2.0833333333333335, ""order_month"": ""2035-01"", ""planned_arrival_month"": ""2035-05"", ""requested_t"": 2.0833333333333335, ""shipment_id"": ""S0073"", ""source_id"": ""B"", ""source_name"": ""Earth-Flex"", ""unfulfilled_request_t"": 0.0}, {""actual_arrival_month"": ""2035-06"", ""actual_delivery_share"": 1.0, ""availability_share"": 1.0, ""feasible_t"": 2.0833333333333335, ""gross_delivery_t"": 2.0833333333333335, ""order_month"": ""2035-02"", ""planned_arrival_month"": ""2035-06"", ""requested_t"": 2.0833333333333335, ""shipment_id"": ""S0074"", ""source_id"": ""B"", ""source_name"": ""Earth-Flex"", ""unfulfilled_request_t"": 0.0}]",{},{},0,0.0,0.0,0.0,0.0,39.41666666666667,6.666666666666667,1.666666666666667,0.0,0.0,31.08333333333334,BASE,70.0,0.045,[],2.115,0.0,[]
2035-03,31.08333333333334,8.333333333333334,6.666666666666667,"{""A"": 110.0, ""B"": 50.0, ""C"": 0, ""D"": 0, ""E"": 20.0}","{""A"": 8.333333333333334, ""B"": 2.0833333333333335}","[{""actual_arrival_month"": ""2036-01"", ""actual_delivery_share"": 1.0, ""availability_share"": 1.0, ""feasible_t"": 8.333333333333334, ""gross_delivery_t"": 8.333333333333334, ""order_month"": ""2035-01"", ""planned_arrival_month"": ""2036-01"", ""requested_t"": 8.333333333333334, ""shipment_id"": ""S0001"", ""source_id"": ""A"", ""source_name"": ""Earth-Core"", ""unfulfilled_request_t"": 0.0}, {""actual_arrival_month"": ""2036-02"", ""actual_delivery_share"": 1.0, ""availability_share"": 1.0, ""feasible_t"": 8.333333333333334, ""gross_delivery_t"": 8.333333333333334, ""order_month"": ""2035-02"", ""planned_arrival_month"": ""2036-02"", ""requested_t"": 8.333333333333334, ""shipment_id"": ""S0002"", ""source_id"": ""A"", ""source_name"": ""Earth-Core"", ""unfulfilled_request_t"": 0.0}, {""actual_arrival_month"": ""2036-03"", ""actual_delivery_share"": 1.0, ""availability_share"": 1.0, ""feasible_t"": 8.333333333333334, ""gross_delivery_t"": 8.333333333333334, ""order_month"": ""2035-03"", ""planned_arrival_month"": ""2036-03"", ""requested_t"": 8.333333333333334, ""shipment_id"": ""S0003"", ""source_id"": ""A"", ""source_name"": ""Earth-Core"", ""unfulfilled_request_t"": 0.0}, {""actual_arrival_month"": ""2035-05"", ""actual_delivery_share"": 1.0, ""availability_share"": 1.0, ""feasible_t"": 2.0833333333333335, ""gross_delivery_t"": 2.0833333333333335, ""order_month"": ""2035-01"", ""planned_arrival_month"": ""2035-05"", ""requested_t"": 2.0833333333333335, ""shipment_id"": ""S0073"", ""source_id"": ""B"", ""source_name"": ""Earth-Flex"", ""unfulfilled_request_t"": 0.0}, {""actual_arrival_month"": ""2035-06"", ""actual_delivery_share"": 1.0, ""availability_share"": 1.0, ""feasible_t"": 2.0833333333333335, ""gross_delivery_t"": 2.0833333333333335, ""order_month"": ""2035-02"", ""planned_arrival_month"": ""2035-06"", ""requested_t"": 2.0833333333333335, ""shipment_id"": ""S0074"", ""source_id"": ""B"", ""source_name"": ""Earth-Flex"", ""unfulfilled_request_t"": 0.0}, {""actual_arrival_month"": ""2035-07"", ""actual_delivery_share"": 1.0, ""availability_share"": 1.0, ""feasible_t"": 2.0833333333333335, ""gross_delivery_t"": 2.0833333333333335, ""order_month"": ""2035-03"", ""planned_arrival_month"": ""2035-07"", ""requested_t"": 2.0833333333333335, ""shipment_id"": ""S0075"", ""source_id"": ""B"", ""source_name"": ""Earth-Flex"", ""unfulfilled_request_t"": 0.0}]",{},{},0,0.0,0.0,0.0,0.0,31.08333333333334,6.666666666666667,1.666666666666667,0.0,0.0,22.750000000000004,BASE,70.0,0.045,[],1.6150000000000002,0.0,[]
2035-04,22.750000000000004,8.333333333333334,6.666666666666667,"{""A"": 110.0, ""B"": 50.0, ""C"": 0, ""D"": 0, ""E"": 20.0}","{""A"": 8.333333333333334, ""B"": 2.0833333333333335}","[{""actual_arrival_month"": ""2036-01"", ""actual_delivery_share"": 1.0, ""availability_share"": 1.0, ""feasible_t"": 8.333333333333334, ""gross_delivery_t"": 8.333333333333334, ""order_month"": ""2035-01"", ""planned_arrival_month"": ""2036-01"", ""requested_t"": 8.333333333333334, ""shipment_id"": ""S0001"", ""source_id"": ""A"", ""source_name"": ""Earth-Core"", ""unfulfilled_request_t"": 0.0}, {""actual_arrival_month"": ""2036-02"", ""actual_delivery_share"": 1.0, ""availability_share"": 1.0, ""feasible_t"": 8.333333333333334, ""gross_delivery_t"": 8.333333333333334, ""order_month"": ""2035-02"", ""planned_arrival_month"": ""2036-02"", ""requested_t"": 8.333333333333334, ""shipment_id"": ""S0002"", ""source_id"": ""A"", ""source_name"": ""Earth-Core"", ""unfulfilled_request_t"": 0.0}, {""actual_arrival_month"": ""2036-03"", ""actual_delivery_share"": 1.0, ""availability_share"": 1.0, ""feasible_t"": 8.333333333333334, ""gross_delivery_t"": 8.333333333333334, ""order_month"": ""2035-03"", ""planned_arrival_month"": ""2036-03"", ""requested_t"": 8.333333333333334, ""shipment_id"": ""S0003"", ""source_id"": ""A"", ""source_name"": ""Earth-Core"", ""unfulfilled_request_t"": 0.0}, {""actual_arrival_month"": ""2036-04"", ""actual_delivery_share"": 1.0, ""availability_share"": 1.0, ""feasible_t"": 8.333333333333334, ""gross_delivery_t"": 8.333333333333334, ""order_month"": ""2035-04"", ""planned_arrival_month"": ""2036-04"", ""requested_t"": 8.333333333333334, ""shipment_id"": ""S0004"", ""source_id"": ""A"", ""source_name"": ""Earth-Core"", ""unfulfilled_request_t"": 0.0}, {""actual_arrival_month"": ""2035-05"", ""actual_delivery_share"": 1.0, ""availability_share"": 1.0, ""feasible_t"": 2.0833333333333335, ""gross_delivery_t"": 2.0833333333333335, ""order_month"": ""2035-01"", ""planned_arrival_month"": ""2035-05"", ""requested_t"": 2.0833333333333335, ""shipment_id"": ""S0073"", ""source_id"": ""B"", ""source_name"": ""Earth-Flex"", ""unfulfilled_request_t"": 0.0}, {""actual_arrival_month"": ""2035-06"", ""actual_delivery_share"": 1.0, ""availability_share"": 1.0, ""feasible_t"": 2.0833333333333335, ""gross_delivery_t"": 2.0833333333333335, ""order_month"": ""2035-02"", ""planned_arrival_month"": ""2035-06"", ""requested_t"": 2.0833333333333335, ""shipment_id"": ""S0074"", ""source_id"": ""B"", ""source_name"": ""Earth-Flex"", ""unfulfilled_request_t"": 0.0}, {""actual_arrival_month"": ""2035-07"", ""actual_delivery_share"": 1.0, ""availability_share"": 1.0, ""feasible_t"": 2.0833333333333335, ""gross_delivery_t"": 2.0833333333333335, ""order_month"": ""2035-03"", ""planned_arrival_month"": ""2035-07"", ""requested_t"": 2.0833333333333335, ""shipment_id"": ""S0075"", ""source_id"": ""B"", ""source_name"": ""Earth-Flex"", ""unfulfilled_request_t"": 0.0}, {""actual_arrival_month"": ""2035-08"", ""actual_delivery_share"": 1.0, ""availability_share"": 1.0, ""feasible_t"": 2.0833333333333335, ""gross_delivery_t"": 2.0833333333333335, ""order_month"": ""2035-04"", ""planned_arrival_month"": ""2035-08"", ""requested_t"": 2.0833333333333335, ""shipment_id"": ""S0076"", ""source_id"": ""B"", ""source_name"": ""Earth-Flex"", ""unfulfilled_request_t"": 0.0}]",{},{},0,0.0,0.0,0.0,0.0,22.750000000000004,6.666666666666667,1.666666666666667,0.0,0.0,14.416666666666668,BASE,70.0,0.045,[],1.115,0.0,[]
2035-05,14.416666666666668,8.333333333333334,6.666666666666667,"{""A"": 110.0, ""B"": 50.0, ""C"": 0, ""D"": 0, ""E"": 20.0}","{""A"": 8.333333333333334, ""B"": 2.0833333333333335}","[{""actual_arrival_month"": ""2036-01"", ""actual_delivery_share"": 1.0, ""availability_share"": 1.0, ""feasible_t"": 8.333333333333334, ""gross_delivery_t"": 8.333333333333334, ""order_month"": ""2035-01"", ""planned_arrival_month"": ""2036-01"", ""requested_t"": 8.333333333333334, ""shipment_id"": ""S0001"", ""source_id"": ""A"", ""source_name"": ""Earth-Core"", ""unfulfilled_request_t"": 0.0}, {""actual_arrival_month"": ""2036-02"", ""actual_delivery_share"": 1.0, ""availability_share"": 1.0, ""feasible_t"": 8.333333333333334, ""gross_delivery_t"": 8.333333333333334, ""order_month"": ""2035-02"", ""planned_arrival_month"": ""2036-02"", ""requested_t"": 8.333333333333334, ""shipment_id"": ""S0002"", ""source_id"": ""A"", ""source_name"": ""Earth-Core"", ""unfulfilled_request_t"": 0.0}, {""actual_arrival_month"": ""2036-03"", ""actual_delivery_share"": 1.0, ""availability_share"": 1.0, ""feasible_t"": 8.333333333333334, ""gross_delivery_t"": 8.333333333333334, ""order_month"": ""2035-03"", ""planned_arrival_month"": ""2036-03"", ""requested_t"": 8.333333333333334, ""shipment_id"": ""S0003"", ""source_id"": ""A"", ""source_name"": ""Earth-Core"", ""unfulfilled_request_t"": 0.0}, {""actual_arrival_month"": ""2036-04"", ""actual_delivery_share"": 1.0, ""availability_share"": 1.0, ""feasible_t"": 8.333333333333334, ""gross_delivery_t"": 8.333333333333334, ""order_month"": ""2035-04"", ""planned_arrival_month"": ""2036-04"", ""requested_t"": 8.333333333333334, ""shipment_id"": ""S0004"", ""source_id"": ""A"", ""source_name"": ""Earth-Core"", ""unfulfilled_request_t"": 0.0}, {""actual_arrival_month"": ""2036-05"", ""actual_delivery_share"": 1.0, ""availability_share"": 1.0, ""feasible_t"": 8.333333333333334, ""gross_delivery_t"": 8.333333333333334, ""order_month"": ""2035-05"", ""planned_arrival_month"": ""2036-05"", ""requested_t"": 8.333333333333334, ""shipment_id"": ""S0005"", ""source_id"": ""A"", ""source_name"": ""Earth-Core"", ""unfulfilled_request_t"": 0.0}, {""actual_arrival_month"": ""2035-06"", ""actual_delivery_share"": 1.0, ""availability_share"": 1.0, ""feasible_t"": 2.0833333333333335, ""gross_delivery_t"": 2.0833333333333335, ""order_month"": ""2035-02"", ""planned_arrival_month"": ""2035-06"", ""requested_t"": 2.0833333333333335, ""shipment_id"": ""S0074"", ""source_id"": ""B"", ""source_name"": ""Earth-Flex"", ""unfulfilled_request_t"": 0.0}, {""actual_arrival_month"": ""2035-07"", ""actual_delivery_share"": 1.0, ""availability_share"": 1.0, ""feasible_t"": 2.0833333333333335, ""gross_delivery_t"": 2.0833333333333335, ""order_month"": ""2035-03"", ""planned_arrival_month"": ""2035-07"", ""requested_t"": 2.0833333333333335, ""shipment_id"": ""S0075"", ""source_id"": ""B"", ""source_name"": ""Earth-Flex"", ""unfulfilled_request_t"": 0.0}, {""actual_arrival_month"": ""2035-08"", ""actual_delivery_share"": 1.0, ""availability_share"": 1.0, ""feasible_t"": 2.0833333333333335, ""gross_delivery_t"": 2.0833333333333335, ""order_month"": ""2035-04"", ""planned_arrival_month"": ""2035-08"", ""requested_t"": 2.0833333333333335, ""shipment_id"": ""S0076"", ""source_id"": ""B"", ""source_name"": ""Earth-Flex"", ""unfulfilled_request_t"": 0.0}, {""actual_arrival_month"": ""2035-09"", ""actual_delivery_share"": 1.0, ""availability_share"": 1.0, ""feasible_t"": 2.0833333333333335, ""gross_delivery_t"": 2.0833333333333335, ""order_month"": ""2035-05"", ""planned_arrival_month"": ""2035-09"", ""requested_t"": 2.0833333333333335, ""shipment_id"": ""S0077"", ""source_id"": ""B"", ""source_name"": ""Earth-Flex"", ""unfulfilled_request_t"": 0.0}]","{""B"": 2.0833333333333335}","{""B"": 2.0833333333333335}",2.0833333333333335,0.09375,1.9895833333333335,1.9895833333333335,0.0,16.40625,6.666666666666667,1.666666666666667,0.0,0.0,8.072916666666664,BASE,70.0,0.045,[],0.6746875,0.0,[]
2035-06,8.072916666666664,8.333333333333334,6.666666666666667,"{""A"": 110.0, ""B"": 50.0, ""C"": 0, ""D"": 0, ""E"": 20.0}","{""A"": 8.333333333333334, ""B"": 2.0833333333333335}","[{""actual_arrival_month"": ""2036-01"", ""actual_delivery_share"": 1.0, ""availability_share"": 1.0, ""feasible_t"": 8.333333333333334, ""gross_delivery_t"": 8.333333333333334, ""order_month"": ""2035-01"", ""planned_arrival_month"": ""2036-01"", ""requested_t"": 8.333333333333334, ""shipment_id"": ""S0001"", ""source_id"": ""A"", ""source_name"": ""Earth-Core"", ""unfulfilled_request_t"": 0.0}, {""actual_arrival_month"": ""2036-02"", ""actual_delivery_share"": 1.0, ""availability_share"": 1.0, ""feasible_t"": 8.333333333333334, ""gross_delivery_t"": 8.333333333333334, ""order_month"": ""2035-02"", ""planned_arrival_month"": ""2036-02"", ""requested_t"": 8.333333333333334, ""shipment_id"": ""S0002"", ""source_id"": ""A"", ""source_name"": ""Earth-Core"", ""unfulfilled_request_t"": 0.0}, {""actual_arrival_month"": ""2036-03"", ""actual_delivery_share"": 1.0, ""availability_share"": 1.0, ""feasible_t"": 8.333333333333334, ""gross_delivery_t"": 8.333333333333334, ""order_month"": ""2035-03"", ""planned_arrival_month"": ""2036-03"", ""requested_t"": 8.333333333333334, ""shipment_id"": ""S0003"", ""source_id"": ""A"", ""source_name"": ""Earth-Core"", ""unfulfilled_request_t"": 0.0}, {""actual_arrival_month"": ""2036-04"", ""actual_delivery_share"": 1.0, ""availability_share"": 1.0, ""feasible_t"": 8.333333333333334, ""gross_delivery_t"": 8.333333333333334, ""order_month"": ""2035-04"", ""planned_arrival_month"": ""2036-04"", ""requested_t"": 8.333333333333334, ""shipment_id"": ""S0004"", ""source_id"": ""A"", ""source_name"": ""Earth-Core"", ""unfulfilled_request_t"": 0.0}, {""actual_arrival_month"": ""2036-05"", ""actual_delivery_share"": 1.0, ""availability_share"": 1.0, ""feasible_t"": 8.333333333333334, ""gross_delivery_t"": 8.333333333333334, ""order_month"": ""2035-05"", ""planned_arrival_month"": ""2036-05"", ""requested_t"": 8.333333333333334, ""shipment_id"": ""S0005"", ""source_id"": ""A"", ""source_name"": ""Earth-Core"", ""unfulfilled_request_t"": 0.0}, {""actual_arrival_month"": ""2036-06"", ""actual_delivery_share"": 1.0, ""availability_share"": 1.0, ""feasible_t"": 8.333333333333334, ""gross_delivery_t"": 8.333333333333334, ""order_month"": ""2035-06"", ""planned_arrival_month"": ""2036-06"", ""requested_t"": 8.333333333333334, ""shipment_id"": ""S0006"", ""source_id"": ""A"", ""source_name"": ""Earth-Core"", ""unfulfilled_request_t"": 0.0}, {""actual_arrival_month"": ""2035-07"", ""actual_delivery_share"": 1.0, ""availability_share"": 1.0, ""feasible_t"": 2.0833333333333335, ""gross_delivery_t"": 2.0833333333333335, ""order_month"": ""2035-03"", ""planned_arrival_month"": ""2035-07"", ""requested_t"": 2.0833333333333335, ""shipment_id"": ""S0075"", ""source_id"": ""B"", ""source_name"": ""Earth-Flex"", ""unfulfilled_request_t"": 0.0}, {""actual_arrival_month"": ""2035-08"", ""actual_delivery_share"": 1.0, ""availability_share"": 1.0, ""feasible_t"": 2.0833333333333335, ""gross_delivery_t"": 2.0833333333333335, ""order_month"": ""2035-04"", ""planned_arrival_month"": ""2035-08"", ""requested_t"": 2.0833333333333335, ""shipment_id"": ""S0076"", ""source_id"": ""B"", ""source_name"": ""Earth-Flex"", ""unfulfilled_request_t"": 0.0}, {""actual_arrival_month"": ""2035-09"", ""actual_delivery_share"": 1.0, ""availability_share"": 1.0, ""feasible_t"": 2.0833333333333335, ""gross_delivery_t"": 2.0833333333333335, ""order_month"": ""2035-05"", ""planned_arrival_month"": ""2035-09"", ""requested_t"": 2.0833333333333335, ""shipment_id"": ""S0077"", ""source_id"": ""B"", ""source_name"": ""Earth-Flex"", ""unfulfilled_request_t"": 0.0}, {""actual_arrival_month"": ""2035-10"", ""actual_delivery_share"": 1.0, ""availability_share"": 1.0, ""feasible_t"": 2.0833333333333335, ""gross_delivery_t"": 2.0833333333333335, ""order_month"": ""2035-06"", ""planned_arrival_month"": ""2035-10"", ""requested_t"": 2.0833333333333335, ""shipment_id"": ""S0078"", ""source_id"": ""B"", ""source_name"": ""Earth-Flex"", ""unfulfilled_request_t"": 0.0}]","{""B"": 2.0833333333333335}","{""B"": 2.0833333333333335}",2.0833333333333335,0.09375,1.9895833333333335,1.9895833333333335,0.0,10.062499999999998,6.666666666666667,1.666666666666667,0.0,0.0,1.7291666666666643,BASE,70.0,0.045,[],0.29406249999999984,0.0,[]
2035-07,1.7291666666666643,8.333333333333334,6.666666666666667,"{""A"": 110.0, ""B"": 50.0, ""C"": 0, ""D"": 0, ""E"": 20.0}","{""A"": 8.333333333333334, ""B"": 2.0833333333333335}","[{""actual_arrival_month"": ""2036-01"", ""actual_delivery_share"": 1.0, ""availability_share"": 1.0, ""feasible_t"": 8.333333333333334, ""gross_delivery_t"": 8.333333333333334, ""order_month"": ""2035-01"", ""planned_arrival_month"": ""2036-01"", ""requested_t"": 8.333333333333334, ""shipment_id"": ""S0001"", ""source_id"": ""A"", ""source_name"": ""Earth-Core"", ""unfulfilled_request_t"": 0.0}, {""actual_arrival_month"": ""2036-02"", ""actual_delivery_share"": 1.0, ""availability_share"": 1.0, ""feasible_t"": 8.333333333333334, ""gross_delivery_t"": 8.333333333333334, ""order_month"": ""2035-02"", ""planned_arrival_month"": ""2036-02"", ""requested_t"": 8.333333333333334, ""shipment_id"": ""S0002"", ""source_id"": ""A"", ""source_name"": ""Earth-Core"", ""unfulfilled_request_t"": 0.0}, {""actual_arrival_month"": ""2036-03"", ""actual_delivery_share"": 1.0, ""availability_share"": 1.0, ""feasible_t"": 8.333333333333334, ""gross_delivery_t"": 8.333333333333334, ""order_month"": ""2035-03"", ""planned_arrival_month"": ""2036-03"", ""requested_t"": 8.333333333333334, ""shipment_id"": ""S0003"", ""source_id"": ""A"", ""source_name"": ""Earth-Core"", ""unfulfilled_request_t"": 0.0}, {""actual_arrival_month"": ""2036-04"", ""actual_delivery_share"": 1.0, ""availability_share"": 1.0, ""feasible_t"": 8.333333333333334, ""gross_delivery_t"": 8.333333333333334, ""order_month"": ""2035-04"", ""planned_arrival_month"": ""2036-04"", ""requested_t"": 8.333333333333334, ""shipment_id"": ""S0004"", ""source_id"": ""A"", ""source_name"": ""Earth-Core"", ""unfulfilled_request_t"": 0.0}, {""actual_arrival_month"": ""2036-05"", ""actual_delivery_share"": 1.0, ""availability_share"": 1.0, ""feasible_t"": 8.333333333333334, ""gross_delivery_t"": 8.333333333333334, ""order_month"": ""2035-05"", ""planned_arrival_month"": ""2036-05"", ""requested_t"": 8.333333333333334, ""shipment_id"": ""S0005"", ""source_id"": ""A"", ""source_name"": ""Earth-Core"", ""unfulfilled_request_t"": 0.0}, {""actual_arrival_month"": ""2036-06"", ""actual_delivery_share"": 1.0, ""availability_share"": 1.0, ""feasible_t"": 8.333333333333334, ""gross_delivery_t"": 8.333333333333334, ""order_month"": ""2035-06"", ""planned_arrival_month"": ""2036-06"", ""requested_t"": 8.333333333333334, ""shipment_id"": ""S0006"", ""source_id"": ""A"", ""source_name"": ""Earth-Core"", ""unfulfilled_request_t"": 0.0}, {""actual_arrival_month"": ""2036-07"", ""actual_delivery_share"": 1.0, ""availability_share"": 1.0, ""feasible_t"": 8.333333333333334, ""gross_delivery_t"": 8.333333333333334, ""order_month"": ""2035-07"", ""planned_arrival_month"": ""2036-07"", ""requested_t"": 8.333333333333334, ""shipment_id"": ""S0007"", ""source_id"": ""A"", ""source_name"": ""Earth-Core"", ""unfulfilled_request_t"": 0.0}, {""actual_arrival_month"": ""2035-08"", ""actual_delivery_share"": 1.0, ""availability_share"": 1.0, ""feasible_t"": 2.0833333333333335, ""gross_delivery_t"": 2.0833333333333335, ""order_month"": ""2035-04"", ""planned_arrival_month"": ""2035-08"", ""requested_t"": 2.0833333333333335, ""shipment_id"": ""S0076"", ""source_id"": ""B"", ""source_name"": ""Earth-Flex"", ""unfulfilled_request_t"": 0.0}, {""actual_arrival_month"": ""2035-09"", ""actual_delivery_share"": 1.0, ""availability_share"": 1.0, ""feasible_t"": 2.0833333333333335, ""gross_delivery_t"": 2.0833333333333335, ""order_month"": ""2035-05"", ""planned_arrival_month"": ""2035-09"", ""requested_t"": 2.0833333333333335, ""shipment_id"": ""S0077"", ""source_id"": ""B"", ""source_name"": ""Earth-Flex"", ""unfulfilled_request_t"": 0.0}, {""actual_arrival_month"": ""2035-10"", ""actual_delivery_share"": 1.0, ""availability_share"": 1.0, ""feasible_t"": 2.0833333333333335, ""gross_delivery_t"": 2.0833333333333335, ""order_month"": ""2035-06"", ""planned_arrival_month"": ""2035-10"", ""requested_t"": 2.0833333333333335, ""shipment_id"": ""S0078"", ""source_id"": ""B"", ""source_name"": ""Earth-Flex"", ""unfulfilled_request_t"": 0.0}, {""actual_arrival_month"": ""2035-11"", ""actual_delivery_share"": 1.0, ""availability_share"": 1.0, ""feasible_t"": 2.0833333333333335, ""gross_delivery_t"": 2.0833333333333335, ""order_month"": ""2035-07"", ""planned_arrival_month"": ""2035-11"", ""requested_t"": 2.0833333333333335, ""shipment_id"": ""S0079"", ""source_id"": ""B"", ""source_name"": ""Earth-Flex"", ""unfulfilled_request_t"": 0.0}]","{""B"": 2.0833333333333335}","{""B"": 2.0833333333333335}",2.0833333333333335,0.09375,1.9895833333333335,1.9895833333333335,0.0,3.718749999999998,3.718749999999998,0.0,2.947916666666669,1.666666666666667,0.0,BASE,70.0,0.045,[],0.05187499999999993,0.0,[]
2035-08,0.0,8.333333333333334,6.666666666666667,"{""A"": 110.0, ""B"": 50.0, ""C"": 0, ""D"": 0, ""E"": 20.0}","{""A"": 8.333333333333334, ""B"": 2.0833333333333335}","[{""actual_arrival_month"": ""2036-01"", ""actual_delivery_share"": 1.0, ""availability_share"": 1.0, ""feasible_t"": 8.333333333333334, ""gross_delivery_t"": 8.333333333333334, ""order_month"": ""2035-01"", ""planned_arrival_month"": ""2036-01"", ""requested_t"": 8.333333333333334, ""shipment_id"": ""S0001"", ""source_id"": ""A"", ""source_name"": ""Earth-Core"", ""unfulfilled_request_t"": 0.0}, {""actual_arrival_month"": ""2036-02"", ""actual_delivery_share"": 1.0, ""availability_share"": 1.0, ""feasible_t"": 8.333333333333334, ""gross_delivery_t"": 8.333333333333334, ""order_month"": ""2035-02"", ""planned_arrival_month"": ""2036-02"", ""requested_t"": 8.333333333333334, ""shipment_id"": ""S0002"", ""source_id"": ""A"", ""source_name"": ""Earth-Core"", ""unfulfilled_request_t"": 0.0}, {""actual_arrival_month"": ""2036-03"", ""actual_delivery_share"": 1.0, ""availability_share"": 1.0, ""feasible_t"": 8.333333333333334, ""gross_delivery_t"": 8.333333333333334, ""order_month"": ""2035-03"", ""planned_arrival_month"": ""2036-03"", ""requested_t"": 8.333333333333334, ""shipment_id"": ""S0003"", ""source_id"": ""A"", ""source_name"": ""Earth-Core"", ""unfulfilled_request_t"": 0.0}, {""actual_arrival_month"": ""2036-04"", ""actual_delivery_share"": 1.0, ""availability_share"": 1.0, ""feasible_t"": 8.333333333333334, ""gross_delivery_t"": 8.333333333333334, ""order_month"": ""2035-04"", ""planned_arrival_month"": ""2036-04"", ""requested_t"": 8.333333333333334, ""shipment_id"": ""S0004"", ""source_id"": ""A"", ""source_name"": ""Earth-Core"", ""unfulfilled_request_t"": 0.0}, {""actual_arrival_month"": ""2036-05"", ""actual_delivery_share"": 1.0, ""availability_share"": 1.0, ""feasible_t"": 8.333333333333334, ""gross_delivery_t"": 8.333333333333334, ""order_month"": ""2035-05"", ""planned_arrival_month"": ""2036-05"", ""requested_t"": 8.333333333333334, ""shipment_id"": ""S0005"", ""source_id"": ""A"", ""source_name"": ""Earth-Core"", ""unfulfilled_request_t"": 0.0}, {""actual_arrival_month"": ""2036-06"", ""actual_delivery_share"": 1.0, ""availability_share"": 1.0, ""feasible_t"": 8.333333333333334, ""gross_delivery_t"": 8.333333333333334, ""order_month"": ""2035-06"", ""planned_arrival_month"": ""2036-06"", ""requested_t"": 8.333333333333334, ""shipment_id"": ""S0006"", ""source_id"": ""A"", ""source_name"": ""Earth-Core"", ""unfulfilled_request_t"": 0.0}, {""actual_arrival_month"": ""2036-07"", ""actual_delivery_share"": 1.0, ""availability_share"": 1.0, ""feasible_t"": 8.333333333333334, ""gross_delivery_t"": 8.333333333333334, ""order_month"": ""2035-07"", ""planned_arrival_month"": ""2036-07"", ""requested_t"": 8.333333333333334, ""shipment_id"": ""S0007"", ""source_id"": ""A"", ""source_name"": ""Earth-Core"", ""unfulfilled_request_t"": 0.0}, {""actual_arrival_month"": ""2036-08"", ""actual_delivery_share"": 1.0, ""availability_share"": 1.0, ""feasible_t"": 8.333333333333334, ""gross_delivery_t"": 8.333333333333334, ""order_month"": ""2035-08"", ""planned_arrival_month"": ""2036-08"", ""requested_t"": 8.333333333333334, ""shipment_id"": ""S0008"", ""source_id"": ""A"", ""source_name"": ""Earth-Core"", ""unfulfilled_request_t"": 0.0}, {""actual_arrival_month"": ""2035-09"", ""actual_delivery_share"": 1.0, ""availability_share"": 1.0, ""feasible_t"": 2.0833333333333335, ""gross_delivery_t"": 2.0833333333333335, ""order_month"": ""2035-05"", ""planned_arrival_month"": ""2035-09"", ""requested_t"": 2.0833333333333335, ""shipment_id"": ""S0077"", ""source_id"": ""B"", ""source_name"": ""Earth-Flex"", ""unfulfilled_request_t"": 0.0}, {""actual_arrival_month"": ""2035-10"", ""actual_delivery_share"": 1.0, ""availability_share"": 1.0, ""feasible_t"": 2.0833333333333335, ""gross_delivery_t"": 2.0833333333333335, ""order_month"": ""2035-06"", ""planned_arrival_month"": ""2035-10"", ""requested_t"": 2.0833333333333335, ""shipment_id"": ""S0078"", ""source_id"": ""B"", ""source_name"": ""Earth-Flex"", ""unfulfilled_request_t"": 0.0}, {""actual_arrival_month"": ""2035-11"", ""actual_delivery_share"": 1.0, ""availability_share"": 1.0, ""feasible_t"": 2.0833333333333335, ""gross_delivery_t"": 2.0833333333333335, ""order_month"": ""2035-07"", ""planned_arrival_month"": ""2035-11"", ""requested_t"": 2.0833333333333335, ""shipment_id"": ""S0079"", ""source_id"": ""B"", ""source_name"": ""Earth-Flex"", ""unfulfilled_request_t"": 0.0}, {""actual_arrival_month"": ""2035-12"", ""actual_delivery_share"": 1.0, ""availability_share"": 1.0, ""feasible_t"": 2.0833333333333335, ""gross_delivery_t"": 2.0833333333333335, ""order_month"": ""2035-08"", ""planned_arrival_month"": ""2035-12"", ""requested_t"": 2.0833333333333335, ""shipment_id"": ""S0080"", ""source_id"": ""B"", ""source_name"": ""Earth-Flex"", ""unfulfilled_request_t"": 0.0}]","{""B"": 2.0833333333333335}","{""B"": 2.0833333333333335}",2.0833333333333335,0.09375,1.9895833333333335,1.9895833333333335,0.0,1.9895833333333335,1.9895833333333335,0.0,4.677083333333334,1.666666666666667,0.0,BASE,70.0,0.045,[],0.0,0.0,[]
2035-09,0.0,8.333333333333334,6.666666666666667,"{""A"": 110.0, ""B"": 50.0, ""C"": 0, ""D"": 0, ""E"": 20.0}","{""A"": 8.333333333333334, ""B"": 2.0833333333333335}","[{""actual_arrival_month"": ""2036-01"", ""actual_delivery_share"": 1.0, ""availability_share"": 1.0, ""feasible_t"": 8.333333333333334, ""gross_delivery_t"": 8.333333333333334, ""order_month"": ""2035-01"", ""planned_arrival_month"": ""2036-01"", ""requested_t"": 8.333333333333334, ""shipment_id"": ""S0001"", ""source_id"": ""A"", ""source_name"": ""Earth-Core"", ""unfulfilled_request_t"": 0.0}, {""actual_arrival_month"": ""2036-02"", ""actual_delivery_share"": 1.0, ""availability_share"": 1.0, ""feasible_t"": 8.333333333333334, ""gross_delivery_t"": 8.333333333333334, ""order_month"": ""2035-02"", ""planned_arrival_month"": ""2036-02"", ""requested_t"": 8.333333333333334, ""shipment_id"": ""S0002"", ""source_id"": ""A"", ""source_name"": ""Earth-Core"", ""unfulfilled_request_t"": 0.0}, {""actual_arrival_month"": ""2036-03"", ""actual_delivery_share"": 1.0, ""availability_share"": 1.0, ""feasible_t"": 8.333333333333334, ""gross_delivery_t"": 8.333333333333334, ""order_month"": ""2035-03"", ""planned_arrival_month"": ""2036-03"", ""requested_t"": 8.333333333333334, ""shipment_id"": ""S0003"", ""source_id"": ""A"", ""source_name"": ""Earth-Core"", ""unfulfilled_request_t"": 0.0}, {""actual_arrival_month"": ""2036-04"", ""actual_delivery_share"": 1.0, ""availability_share"": 1.0, ""feasible_t"": 8.333333333333334, ""gross_delivery_t"": 8.333333333333334, ""order_month"": ""2035-04"", ""planned_arrival_month"": ""2036-04"", ""requested_t"": 8.333333333333334, ""shipment_id"": ""S0004"", ""source_id"": ""A"", ""source_name"": ""Earth-Core"", ""unfulfilled_request_t"": 0.0}, {""actual_arrival_month"": ""2036-05"", ""actual_delivery_share"": 1.0, ""availability_share"": 1.0, ""feasible_t"": 8.333333333333334, ""gross_delivery_t"": 8.333333333333334, ""order_month"": ""2035-05"", ""planned_arrival_month"": ""2036-05"", ""requested_t"": 8.333333333333334, ""shipment_id"": ""S0005"", ""source_id"": ""A"", ""source_name"": ""Earth-Core"", ""unfulfilled_request_t"": 0.0}, {""actual_arrival_month"": ""2036-06"", ""actual_delivery_share"": 1.0, ""availability_share"": 1.0, ""feasible_t"": 8.333333333333334, ""gross_delivery_t"": 8.333333333333334, ""order_month"": ""2035-06"", ""planned_arrival_month"": ""2036-06"", ""requested_t"": 8.333333333333334, ""shipment_id"": ""S0006"", ""source_id"": ""A"", ""source_name"": ""Earth-Core"", ""unfulfilled_request_t"": 0.0}, {""actual_arrival_month"": ""2036-07"", ""actual_delivery_share"": 1.0, ""availability_share"": 1.0, ""feasible_t"": 8.333333333333334, ""gross_delivery_t"": 8.333333333333334, ""order_month"": ""2035-07"", ""planned_arrival_month"": ""2036-07"", ""requested_t"": 8.333333333333334, ""shipment_id"": ""S0007"", ""source_id"": ""A"", ""source_name"": ""Earth-Core"", ""unfulfilled_request_t"": 0.0}, {""actual_arrival_month"": ""2036-08"", ""actual_delivery_share"": 1.0, ""availability_share"": 1.0, ""feasible_t"": 8.333333333333334, ""gross_delivery_t"": 8.333333333333334, ""order_month"": ""2035-08"", ""planned_arrival_month"": ""2036-08"", ""requested_t"": 8.333333333333334, ""shipment_id"": ""S0008"", ""source_id"": ""A"", ""source_name"": ""Earth-Core"", ""unfulfilled_request_t"": 0.0}, {""actual_arrival_month"": ""2036-09"", ""actual_delivery_share"": 1.0, ""availability_share"": 1.0, ""feasible_t"": 8.333333333333334, ""gross_delivery_t"": 8.333333333333334, ""order_month"": ""2035-09"", ""planned_arrival_month"": ""2036-09"", ""requested_t"": 8.333333333333334, ""shipment_id"": ""S0009"", ""source_id"": ""A"", ""source_name"": ""Earth-Core"", ""unfulfilled_request_t"": 0.0}, {""actual_arrival_month"": ""2035-10"", ""actual_delivery_share"": 1.0, ""availability_share"": 1.0, ""feasible_t"": 2.0833333333333335, ""gross_delivery_t"": 2.0833333333333335, ""order_month"": ""2035-06"", ""planned_arrival_month"": ""2035-10"", ""requested_t"": 2.0833333333333335, ""shipment_id"": ""S0078"", ""source_id"": ""B"", ""source_name"": ""Earth-Flex"", ""unfulfilled_request_t"": 0.0}, {""actual_arrival_month"": ""2035-11"", ""actual_delivery_share"": 1.0, ""availability_share"": 1.0, ""feasible_t"": 2.0833333333333335, ""gross_delivery_t"": 2.0833333333333335, ""order_month"": ""2035-07"", ""planned_arrival_month"": ""2035-11"", ""requested_t"": 2.0833333333333335, ""shipment_id"": ""S0079"", ""source_id"": ""B"", ""source_name"": ""Earth-Flex"", ""unfulfilled_request_t"": 0.0}, {""actual_arrival_month"": ""2035-12"", ""actual_delivery_share"": 1.0, ""availability_share"": 1.0, ""feasible_t"": 2.0833333333333335, ""gross_delivery_t"": 2.0833333333333335, ""order_month"": ""2035-08"", ""planned_arrival_month"": ""2035-12"", ""requested_t"": 2.0833333333333335, ""shipment_id"": ""S0080"", ""source_id"": ""B"", ""source_name"": ""Earth-Flex"", ""unfulfilled_request_t"": 0.0}, {""actual_arrival_month"": ""2036-01"", ""actual_delivery_share"": 1.0, ""availability_share"": 1.0, ""feasible_t"": 2.0833333333333335, ""gross_delivery_t"": 2.0833333333333335, ""order_month"": ""2035-09"", ""planned_arrival_month"": ""2036-01"", ""requested_t"": 2.0833333333333335, ""shipment_id"": ""S0081"", ""source_id"": ""B"", ""source_name"": ""Earth-Flex"", ""unfulfilled_request_t"": 0.0}]","{""B"": 2.0833333333333335}","{""B"": 2.0833333333333335}",2.0833333333333335,0.09375,1.9895833333333335,1.9895833333333335,0.0,1.9895833333333335,1.9895833333333335,0.0,4.677083333333334,1.666666666666667,0.0,BASE,70.0,0.045,[],0.0,0.0,[]
2035-10,0.0,8.333333333333334,6.666666666666667,"{""A"": 110.0, ""B"": 50.0, ""C"": 0, ""D"": 0, ""E"": 20.0}","{""A"": 8.333333333333334, ""B"": 2.0833333333333335}","[{""actual_arrival_month"": ""2036-01"", ""actual_delivery_share"": 1.0, ""availability_share"": 1.0, ""feasible_t"": 8.333333333333334, ""gross_delivery_t"": 8.333333333333334, ""order_month"": ""2035-01"", ""planned_arrival_month"": ""2036-01"", ""requested_t"": 8.333333333333334, ""shipment_id"": ""S0001"", ""source_id"": ""A"", ""source_name"": ""Earth-Core"", ""unfulfilled_request_t"": 0.0}, {""actual_arrival_month"": ""2036-02"", ""actual_delivery_share"": 1.0, ""availability_share"": 1.0, ""feasible_t"": 8.333333333333334, ""gross_delivery_t"": 8.333333333333334, ""order_month"": ""2035-02"", ""planned_arrival_month"": ""2036-02"", ""requested_t"": 8.333333333333334, ""shipment_id"": ""S0002"", ""source_id"": ""A"", ""source_name"": ""Earth-Core"", ""unfulfilled_request_t"": 0.0}, {""actual_arrival_month"": ""2036-03"", ""actual_delivery_share"": 1.0, ""availability_share"": 1.0, ""feasible_t"": 8.333333333333334, ""gross_delivery_t"": 8.333333333333334, ""order_month"": ""2035-03"", ""planned_arrival_month"": ""2036-03"", ""requested_t"": 8.333333333333334, ""shipment_id"": ""S0003"", ""source_id"": ""A"", ""source_name"": ""Earth-Core"", ""unfulfilled_request_t"": 0.0}, {""actual_arrival_month"": ""2036-04"", ""actual_delivery_share"": 1.0, ""availability_share"": 1.0, ""feasible_t"": 8.333333333333334, ""gross_delivery_t"": 8.333333333333334, ""order_month"": ""2035-04"", ""planned_arrival_month"": ""2036-04"", ""requested_t"": 8.333333333333334, ""shipment_id"": ""S0004"", ""source_id"": ""A"", ""source_name"": ""Earth-Core"", ""unfulfilled_request_t"": 0.0}, {""actual_arrival_month"": ""2036-05"", ""actual_delivery_share"": 1.0, ""availability_share"": 1.0, ""feasible_t"": 8.333333333333334, ""gross_delivery_t"": 8.333333333333334, ""order_month"": ""2035-05"", ""planned_arrival_month"": ""2036-05"", ""requested_t"": 8.333333333333334, ""shipment_id"": ""S0005"", ""source_id"": ""A"", ""source_name"": ""Earth-Core"", ""unfulfilled_request_t"": 0.0}, {""actual_arrival_month"": ""2036-06"", ""actual_delivery_share"": 1.0, ""availability_share"": 1.0, ""feasible_t"": 8.333333333333334, ""gross_delivery_t"": 8.333333333333334, ""order_month"": ""2035-06"", ""planned_arrival_month"": ""2036-06"", ""requested_t"": 8.333333333333334, ""shipment_id"": ""S0006"", ""source_id"": ""A"", ""source_name"": ""Earth-Core"", ""unfulfilled_request_t"": 0.0}, {""actual_arrival_month"": ""2036-07"", ""actual_delivery_share"": 1.0, ""availability_share"": 1.0, ""feasible_t"": 8.333333333333334, ""gross_delivery_t"": 8.333333333333334, ""order_month"": ""2035-07"", ""planned_arrival_month"": ""2036-07"", ""requested_t"": 8.333333333333334, ""shipment_id"": ""S0007"", ""source_id"": ""A"", ""source_name"": ""Earth-Core"", ""unfulfilled_request_t"": 0.0}, {""actual_arrival_month"": ""2036-08"", ""actual_delivery_share"": 1.0, ""availability_share"": 1.0, ""feasible_t"": 8.333333333333334, ""gross_delivery_t"": 8.333333333333334, ""order_month"": ""2035-08"", ""planned_arrival_month"": ""2036-08"", ""requested_t"": 8.333333333333334, ""shipment_id"": ""S0008"", ""source_id"": ""A"", ""source_name"": ""Earth-Core"", ""unfulfilled_request_t"": 0.0}, {""actual_arrival_month"": ""2036-09"", ""actual_delivery_share"": 1.0, ""availability_share"": 1.0, ""feasible_t"": 8.333333333333334, ""gross_delivery_t"": 8.333333333333334, ""order_month"": ""2035-09"", ""planned_arrival_month"": ""2036-09"", ""requested_t"": 8.333333333333334, ""shipment_id"": ""S0009"", ""source_id"": ""A"", ""source_name"": ""Earth-Core"", ""unfulfilled_request_t"": 0.0}, {""actual_arrival_month"": ""2036-10"", ""actual_delivery_share"": 1.0, ""availability_share"": 1.0, ""feasible_t"": 8.333333333333334, ""gross_delivery_t"": 8.333333333333334, ""order_month"": ""2035-10"", ""planned_arrival_month"": ""2036-10"", ""requested_t"": 8.333333333333334, ""shipment_id"": ""S0010"", ""source_id"": ""A"", ""source_name"": ""Earth-Core"", ""unfulfilled_request_t"": 0.0}, {""actual_arrival_month"": ""2035-11"", ""actual_delivery_share"": 1.0, ""availability_share"": 1.0, ""feasible_t"": 2.0833333333333335, ""gross_delivery_t"": 2.0833333333333335, ""order_month"": ""2035-07"", ""planned_arrival_month"": ""2035-11"", ""requested_t"": 2.0833333333333335, ""shipment_id"": ""S0079"", ""source_id"": ""B"", ""source_name"": ""Earth-Flex"", ""unfulfilled_request_t"": 0.0}, {""actual_arrival_month"": ""2035-12"", ""actual_delivery_share"": 1.0, ""availability_share"": 1.0, ""feasible_t"": 2.0833333333333335, ""gross_delivery_t"": 2.0833333333333335, ""order_month"": ""2035-08"", ""planned_arrival_month"": ""2035-12"", ""requested_t"": 2.0833333333333335, ""shipment_id"": ""S0080"", ""source_id"": ""B"", ""source_name"": ""Earth-Flex"", ""unfulfilled_request_t"": 0.0}, {""actual_arrival_month"": ""2036-01"", ""actual_delivery_share"": 1.0, ""availability_share"": 1.0, ""feasible_t"": 2.0833333333333335, ""gross_delivery_t"": 2.0833333333333335, ""order_month"": ""2035-09"", ""planned_arrival_month"": ""2036-01"", ""requested_t"": 2.0833333333333335, ""shipment_id"": ""S0081"", ""source_id"": ""B"", ""source_name"": ""Earth-Flex"", ""unfulfilled_request_t"": 0.0}, {""actual_arrival_month"": ""2036-02"", ""actual_delivery_share"": 1.0, ""availability_share"": 1.0, ""feasible_t"": 2.0833333333333335, ""gross_delivery_t"": 2.0833333333333335, ""order_month"": ""2035-10"", ""planned_arrival_month"": ""2036-02"", ""requested_t"": 2.0833333333333335, ""shipment_id"": ""S0082"", ""source_id"": ""B"", ""source_name"": ""Earth-Flex"", ""unfulfilled_request_t"": 0.0}]","{""B"": 2.0833333333333335}","{""B"": 2.0833333333333335}",2.0833333333333335,0.09375,1.9895833333333335,1.9895833333333335,0.0,1.9895833333333335,1.9895833333333335,0.0,4.677083333333334,1.666666666666667,0.0,BASE,70.0,0.045,[],0.0,0.0,[]
2035-11,0.0,8.333333333333334,6.666666666666667,"{""A"": 110.0, ""B"": 50.0, ""C"": 0, ""D"": 0, ""E"": 20.0}","{""A"": 8.333333333333334, ""B"": 2.0833333333333335}","[{""actual_arrival_month"": ""2036-01"", ""actual_delivery_share"": 1.0, ""availability_share"": 1.0, ""feasible_t"": 8.333333333333334, ""gross_delivery_t"": 8.333333333333334, ""order_month"": ""2035-01"", ""planned_arrival_month"": ""2036-01"", ""requested_t"": 8.333333333333334, ""shipment_id"": ""S0001"", ""source_id"": ""A"", ""source_name"": ""Earth-Core"", ""unfulfilled_request_t"": 0.0}, {""actual_arrival_month"": ""2036-02"", ""actual_delivery_share"": 1.0, ""availability_share"": 1.0, ""feasible_t"": 8.333333333333334, ""gross_delivery_t"": 8.333333333333334, ""order_month"": ""2035-02"", ""planned_arrival_month"": ""2036-02"", ""requested_t"": 8.333333333333334, ""shipment_id"": ""S0002"", ""source_id"": ""A"", ""source_name"": ""Earth-Core"", ""unfulfilled_request_t"": 0.0}, {""actual_arrival_month"": ""2036-03"", ""actual_delivery_share"": 1.0, ""availability_share"": 1.0, ""feasible_t"": 8.333333333333334, ""gross_delivery_t"": 8.333333333333334, ""order_month"": ""2035-03"", ""planned_arrival_month"": ""2036-03"", ""requested_t"": 8.333333333333334, ""shipment_id"": ""S0003"", ""source_id"": ""A"", ""source_name"": ""Earth-Core"", ""unfulfilled_request_t"": 0.0}, {""actual_arrival_month"": ""2036-04"", ""actual_delivery_share"": 1.0, ""availability_share"": 1.0, ""feasible_t"": 8.333333333333334, ""gross_delivery_t"": 8.333333333333334, ""order_month"": ""2035-04"", ""planned_arrival_month"": ""2036-04"", ""requested_t"": 8.333333333333334, ""shipment_id"": ""S0004"", ""source_id"": ""A"", ""source_name"": ""Earth-Core"", ""unfulfilled_request_t"": 0.0}, {""actual_arrival_month"": ""2036-05"", ""actual_delivery_share"": 1.0, ""availability_share"": 1.0, ""feasible_t"": 8.333333333333334, ""gross_delivery_t"": 8.333333333333334, ""order_month"": ""2035-05"", ""planned_arrival_month"": ""2036-05"", ""requested_t"": 8.333333333333334, ""shipment_id"": ""S0005"", ""source_id"": ""A"", ""source_name"": ""Earth-Core"", ""unfulfilled_request_t"": 0.0}, {""actual_arrival_month"": ""2036-06"", ""actual_delivery_share"": 1.0, ""availability_share"": 1.0, ""feasible_t"": 8.333333333333334, ""gross_delivery_t"": 8.333333333333334, ""order_month"": ""2035-06"", ""planned_arrival_month"": ""2036-06"", ""requested_t"": 8.333333333333334, ""shipment_id"": ""S0006"", ""source_id"": ""A"", ""source_name"": ""Earth-Core"", ""unfulfilled_request_t"": 0.0}, {""actual_arrival_month"": ""2036-07"", ""actual_delivery_share"": 1.0, ""availability_share"": 1.0, ""feasible_t"": 8.333333333333334, ""gross_delivery_t"": 8.333333333333334, ""order_month"": ""2035-07"", ""planned_arrival_month"": ""2036-07"", ""requested_t"": 8.333333333333334, ""shipment_id"": ""S0007"", ""source_id"": ""A"", ""source_name"": ""Earth-Core"", ""unfulfilled_request_t"": 0.0}, {""actual_arrival_month"": ""2036-08"", ""actual_delivery_share"": 1.0, ""availability_share"": 1.0, ""feasible_t"": 8.333333333333334, ""gross_delivery_t"": 8.333333333333334, ""order_month"": ""2035-08"", ""planned_arrival_month"": ""2036-08"", ""requested_t"": 8.333333333333334, ""shipment_id"": ""S0008"", ""source_id"": ""A"", ""source_name"": ""Earth-Core"", ""unfulfilled_request_t"": 0.0}, {""actual_arrival_month"": ""2036-09"", ""actual_delivery_share"": 1.0, ""availability_share"": 1.0, ""feasible_t"": 8.333333333333334, ""gross_delivery_t"": 8.333333333333334, ""order_month"": ""2035-09"", ""planned_arrival_month"": ""2036-09"", ""requested_t"": 8.333333333333334, ""shipment_id"": ""S0009"", ""source_id"": ""A"", ""source_name"": ""Earth-Core"", ""unfulfilled_request_t"": 0.0}, {""actual_arrival_month"": ""2036-10"", ""actual_delivery_share"": 1.0, ""availability_share"": 1.0, ""feasible_t"": 8.333333333333334, ""gross_delivery_t"": 8.333333333333334, ""order_month"": ""2035-10"", ""planned_arrival_month"": ""2036-10"", ""requested_t"": 8.333333333333334, ""shipment_id"": ""S0010"", ""source_id"": ""A"", ""source_name"": ""Earth-Core"", ""unfulfilled_request_t"": 0.0}, {""actual_arrival_month"": ""2036-11"", ""actual_delivery_share"": 1.0, ""availability_share"": 1.0, ""feasible_t"": 8.333333333333334, ""gross_delivery_t"": 8.333333333333334, ""order_month"": ""2035-11"", ""planned_arrival_month"": ""2036-11"", ""requested_t"": 8.333333333333334, ""shipment_id"": ""S0011"", ""source_id"": ""A"", ""source_name"": ""Earth-Core"", ""unfulfilled_request_t"": 0.0}, {""actual_arrival_month"": ""2035-12"", ""actual_delivery_share"": 1.0, ""availability_share"": 1.0, ""feasible_t"": 2.0833333333333335, ""gross_delivery_t"": 2.0833333333333335, ""order_month"": ""2035-08"", ""planned_arrival_month"": ""2035-12"", ""requested_t"": 2.0833333333333335, ""shipment_id"": ""S0080"", ""source_id"": ""B"", ""source_name"": ""Earth-Flex"", ""unfulfilled_request_t"": 0.0}, {""actual_arrival_month"": ""2036-01"", ""actual_delivery_share"": 1.0, ""availability_share"": 1.0, ""feasible_t"": 2.0833333333333335, ""gross_delivery_t"": 2.0833333333333335, ""order_month"": ""2035-09"", ""planned_arrival_month"": ""2036-01"", ""requested_t"": 2.0833333333333335, ""shipment_id"": ""S0081"", ""source_id"": ""B"", ""source_name"": ""Earth-Flex"", ""unfulfilled_request_t"": 0.0}, {""actual_arrival_month"": ""2036-02"", ""actual_delivery_share"": 1.0, ""availability_share"": 1.0, ""feasible_t"": 2.0833333333333335, ""gross_delivery_t"": 2.0833333333333335, ""order_month"": ""2035-10"", ""planned_arrival_month"": ""2036-02"", ""requested_t"": 2.0833333333333335, ""shipment_id"": ""S0082"", ""source_id"": ""B"", ""source_name"": ""Earth-Flex"", ""unfulfilled_request_t"": 0.0}, {""actual_arrival_month"": ""2036-03"", ""actual_delivery_share"": 1.0, ""availability_share"": 1.0, ""feasible_t"": 2.0833333333333335, ""gross_delivery_t"": 2.0833333333333335, ""order_month"": ""2035-11"", ""planned_arrival_month"": ""2036-03"", ""requested_t"": 2.0833333333333335, ""shipment_id"": ""S0083"", ""source_id"": ""B"", ""source_name"": ""Earth-Flex"", ""unfulfilled_request_t"": 0.0}]","{""B"": 2.0833333333333335}","{""B"": 2.0833333333333335}",2.0833333333333335,0.09375,1.9895833333333335,1.9895833333333335,0.0,1.9895833333333335,1.9895833333333335,0.0,4.677083333333334,1.666666666666667,0.0,BASE,70.0,0.045,[],0.0,0.0,[]
2035-12,0.0,8.333333333333334,6.666666666666667,"{""A"": 110.0, ""B"": 50.0, ""C"": 0, ""D"": 0, ""E"": 20.0}","{""A"": 8.333333333333334, ""B"": 2.0833333333333335}","[{""actual_arrival_month"": ""2036-01"", ""actual_delivery_share"": 1.0, ""availability_share"": 1.0, ""feasible_t"": 8.333333333333334, ""gross_delivery_t"": 8.333333333333334, ""order_month"": ""2035-01"", ""planned_arrival_month"": ""2036-01"", ""requested_t"": 8.333333333333334, ""shipment_id"": ""S0001"", ""source_id"": ""A"", ""source_name"": ""Earth-Core"", ""unfulfilled_request_t"": 0.0}, {""actual_arrival_month"": ""2036-02"", ""actual_delivery_share"": 1.0, ""availability_share"": 1.0, ""feasible_t"": 8.333333333333334, ""gross_delivery_t"": 8.333333333333334, ""order_month"": ""2035-02"", ""planned_arrival_month"": ""2036-02"", ""requested_t"": 8.333333333333334, ""shipment_id"": ""S0002"", ""source_id"": ""A"", ""source_name"": ""Earth-Core"", ""unfulfilled_request_t"": 0.0}, {""actual_arrival_month"": ""2036-03"", ""actual_delivery_share"": 1.0, ""availability_share"": 1.0, ""feasible_t"": 8.333333333333334, ""gross_delivery_t"": 8.333333333333334, ""order_month"": ""2035-03"", ""planned_arrival_month"": ""2036-03"", ""requested_t"": 8.333333333333334, ""shipment_id"": ""S0003"", ""source_id"": ""A"", ""source_name"": ""Earth-Core"", ""unfulfilled_request_t"": 0.0}, {""actual_arrival_month"": ""2036-04"", ""actual_delivery_share"": 1.0, ""availability_share"": 1.0, ""feasible_t"": 8.333333333333334, ""gross_delivery_t"": 8.333333333333334, ""order_month"": ""2035-04"", ""planned_arrival_month"": ""2036-04"", ""requested_t"": 8.333333333333334, ""shipment_id"": ""S0004"", ""source_id"": ""A"", ""source_name"": ""Earth-Core"", ""unfulfilled_request_t"": 0.0}, {""actual_arrival_month"": ""2036-05"", ""actual_delivery_share"": 1.0, ""availability_share"": 1.0, ""feasible_t"": 8.333333333333334, ""gross_delivery_t"": 8.333333333333334, ""order_month"": ""2035-05"", ""planned_arrival_month"": ""2036-05"", ""requested_t"": 8.333333333333334, ""shipment_id"": ""S0005"", ""source_id"": ""A"", ""source_name"": ""Earth-Core"", ""unfulfilled_request_t"": 0.0}, {""actual_arrival_month"": ""2036-06"", ""actual_delivery_share"": 1.0, ""availability_share"": 1.0, ""feasible_t"": 8.333333333333334, ""gross_delivery_t"": 8.333333333333334, ""order_month"": ""2035-06"", ""planned_arrival_month"": ""2036-06"", ""requested_t"": 8.333333333333334, ""shipment_id"": ""S0006"", ""source_id"": ""A"", ""source_name"": ""Earth-Core"", ""unfulfilled_request_t"": 0.0}, {""actual_arrival_month"": ""2036-07"", ""actual_delivery_share"": 1.0, ""availability_share"": 1.0, ""feasible_t"": 8.333333333333334, ""gross_delivery_t"": 8.333333333333334, ""order_month"": ""2035-07"", ""planned_arrival_month"": ""2036-07"", ""requested_t"": 8.333333333333334, ""shipment_id"": ""S0007"", ""source_id"": ""A"", ""source_name"": ""Earth-Core"", ""unfulfilled_request_t"": 0.0}, {""actual_arrival_month"": ""2036-08"", ""actual_delivery_share"": 1.0, ""availability_share"": 1.0, ""feasible_t"": 8.333333333333334, ""gross_delivery_t"": 8.333333333333334, ""order_month"": ""2035-08"", ""planned_arrival_month"": ""2036-08"", ""requested_t"": 8.333333333333334, ""shipment_id"": ""S0008"", ""source_id"": ""A"", ""source_name"": ""Earth-Core"", ""unfulfilled_request_t"": 0.0}, {""actual_arrival_month"": ""2036-09"", ""actual_delivery_share"": 1.0, ""availability_share"": 1.0, ""feasible_t"": 8.333333333333334, ""gross_delivery_t"": 8.333333333333334, ""order_month"": ""2035-09"", ""planned_arrival_month"": ""2036-09"", ""requested_t"": 8.333333333333334, ""shipment_id"": ""S0009"", ""source_id"": ""A"", ""source_name"": ""Earth-Core"", ""unfulfilled_request_t"": 0.0}, {""actual_arrival_month"": ""2036-10"", ""actual_delivery_share"": 1.0, ""availability_share"": 1.0, ""feasible_t"": 8.333333333333334, ""gross_delivery_t"": 8.333333333333334, ""order_month"": ""2035-10"", ""planned_arrival_month"": ""2036-10"", ""requested_t"": 8.333333333333334, ""shipment_id"": ""S0010"", ""source_id"": ""A"", ""source_name"": ""Earth-Core"", ""unfulfilled_request_t"": 0.0}, {""actual_arrival_month"": ""2036-11"", ""actual_delivery_share"": 1.0, ""availability_share"": 1.0, ""feasible_t"": 8.333333333333334, ""gross_delivery_t"": 8.333333333333334, ""order_month"": ""2035-11"", ""planned_arrival_month"": ""2036-11"", ""requested_t"": 8.333333333333334, ""shipment_id"": ""S0011"", ""source_id"": ""A"", ""source_name"": ""Earth-Core"", ""unfulfilled_request_t"": 0.0}, {""actual_arrival_month"": ""2036-12"", ""actual_delivery_share"": 1.0, ""availability_share"": 1.0, ""feasible_t"": 8.333333333333334, ""gross_delivery_t"": 8.333333333333334, ""order_month"": ""2035-12"", ""planned_arrival_month"": ""2036-12"", ""requested_t"": 8.333333333333334, ""shipment_id"": ""S0012"", ""source_id"": ""A"", ""source_name"": ""Earth-Core"", ""unfulfilled_request_t"": 0.0}, {""actual_arrival_month"": ""2036-01"", ""actual_delivery_share"": 1.0, ""availability_share"": 1.0, ""feasible_t"": 2.0833333333333335, ""gross_delivery_t"": 2.0833333333333335, ""order_month"": ""2035-09"", ""planned_arrival_month"": ""2036-01"", ""requested_t"": 2.0833333333333335, ""shipment_id"": ""S0081"", ""source_id"": ""B"", ""source_name"": ""Earth-Flex"", ""unfulfilled_request_t"": 0.0}, {""actual_arrival_month"": ""2036-02"", ""actual_delivery_share"": 1.0, ""availability_share"": 1.0, ""feasible_t"": 2.0833333333333335, ""gross_delivery_t"": 2.0833333333333335, ""order_month"": ""2035-10"", ""planned_arrival_month"": ""2036-02"", ""requested_t"": 2.0833333333333335, ""shipment_id"": ""S0082"", ""source_id"": ""B"", ""source_name"": ""Earth-Flex"", ""unfulfilled_request_t"": 0.0}, {""actual_arrival_month"": ""2036-03"", ""actual_delivery_share"": 1.0, ""availability_share"": 1.0, ""feasible_t"": 2.0833333333333335, ""gross_delivery_t"": 2.0833333333333335, ""order_month"": ""2035-11"", ""planned_arrival_month"": ""2036-03"", ""requested_t"": 2.0833333333333335, ""shipment_id"": ""S0083"", ""source_id"": ""B"", ""source_name"": ""Earth-Flex"", ""unfulfilled_request_t"": 0.0}, {""actual_arrival_month"": ""2036-04"", ""actual_delivery_share"": 1.0, ""availability_share"": 1.0, ""feasible_t"": 2.0833333333333335, ""gross_delivery_t"": 2.0833333333333335, ""order_month"": ""2035-12"", ""planned_arrival_month"": ""2036-04"", ""requested_t"": 2.0833333333333335, ""shipment_id"": ""S0084"", ""source_id"": ""B"", ""source_name"": ""Earth-Flex"", ""unfulfilled_request_t"": 0.0}]","{""B"": 2.0833333333333335}","{""B"": 2.0833333333333335}",2.0833333333333335,0.09375,1.9895833333333335,1.9895833333333335,0.0,1.9895833333333335,1.9895833333333335,0.0,4.677083333333334,1.666666666666667,0.0,BASE,70.0,0.045,[],0.0,0.0,[]
2036-01,0.0,11.666666666666666,8.75,"{""A"": 150.0, ""B"": 55.0, ""C"": 0, ""D"": 0, ""E"": 25.0}","{""A"": 11.666666666666666, ""B"": 2.0833333333333335}","[{""actual_arrival_month"": ""2036-02"", ""actual_delivery_share"": 1.0, ""availability_share"": 1.0, ""feasible_t"": 8.333333333333334, ""gross_delivery_t"": 8.333333333333334, ""order_month"": ""2035-02"", ""planned_arrival_month"": ""2036-02"", ""requested_t"": 8.333333333333334, ""shipment_id"": ""S0002"", ""source_id"": ""A"", ""source_name"": ""Earth-Core"", ""unfulfilled_request_t"": 0.0}, {""actual_arrival_month"": ""2036-03"", ""actual_delivery_share"": 1.0, ""availability_share"": 1.0, ""feasible_t"": 8.333333333333334, ""gross_delivery_t"": 8.333333333333334, ""order_month"": ""2035-03"", ""planned_arrival_month"": ""2036-03"", ""requested_t"": 8.333333333333334, ""shipment_id"": ""S0003"", ""source_id"": ""A"", ""source_name"": ""Earth-Core"", ""unfulfilled_request_t"": 0.0}, {""actual_arrival_month"": ""2036-04"", ""actual_delivery_share"": 1.0, ""availability_share"": 1.0, ""feasible_t"": 8.333333333333334, ""gross_delivery_t"": 8.333333333333334, ""order_month"": ""2035-04"", ""planned_arrival_month"": ""2036-04"", ""requested_t"": 8.333333333333334, ""shipment_id"": ""S0004"", ""source_id"": ""A"", ""source_name"": ""Earth-Core"", ""unfulfilled_request_t"": 0.0}, {""actual_arrival_month"": ""2036-05"", ""actual_delivery_share"": 1.0, ""availability_share"": 1.0, ""feasible_t"": 8.333333333333334, ""gross_delivery_t"": 8.333333333333334, ""order_month"": ""2035-05"", ""planned_arrival_month"": ""2036-05"", ""requested_t"": 8.333333333333334, ""shipment_id"": ""S0005"", ""source_id"": ""A"", ""source_name"": ""Earth-Core"", ""unfulfilled_request_t"": 0.0}, {""actual_arrival_month"": ""2036-06"", ""actual_delivery_share"": 1.0, ""availability_share"": 1.0, ""feasible_t"": 8.333333333333334, ""gross_delivery_t"": 8.333333333333334, ""order_month"": ""2035-06"", ""planned_arrival_month"": ""2036-06"", ""requested_t"": 8.333333333333334, ""shipment_id"": ""S0006"", ""source_id"": ""A"", ""source_name"": ""Earth-Core"", ""unfulfilled_request_t"": 0.0}, {""actual_arrival_month"": ""2036-07"", ""actual_delivery_share"": 1.0, ""availability_share"": 1.0, ""feasible_t"": 8.333333333333334, ""gross_delivery_t"": 8.333333333333334, ""order_month"": ""2035-07"", ""planned_arrival_month"": ""2036-07"", ""requested_t"": 8.333333333333334, ""shipment_id"": ""S0007"", ""source_id"": ""A"", ""source_name"": ""Earth-Core"", ""unfulfilled_request_t"": 0.0}, {""actual_arrival_month"": ""2036-08"", ""actual_delivery_share"": 1.0, ""availability_share"": 1.0, ""feasible_t"": 8.333333333333334, ""gross_delivery_t"": 8.333333333333334, ""order_month"": ""2035-08"", ""planned_arrival_month"": ""2036-08"", ""requested_t"": 8.333333333333334, ""shipment_id"": ""S0008"", ""source_id"": ""A"", ""source_name"": ""Earth-Core"", ""unfulfilled_request_t"": 0.0}, {""actual_arrival_month"": ""2036-09"", ""actual_delivery_share"": 1.0, ""availability_share"": 1.0, ""feasible_t"": 8.333333333333334, ""gross_delivery_t"": 8.333333333333334, ""order_month"": ""2035-09"", ""planned_arrival_month"": ""2036-09"", ""requested_t"": 8.333333333333334, ""shipment_id"": ""S0009"", ""source_id"": ""A"", ""source_name"": ""Earth-Core"", ""unfulfilled_request_t"": 0.0}, {""actual_arrival_month"": ""2036-10"", ""actual_delivery_share"": 1.0, ""availability_share"": 1.0, ""feasible_t"": 8.333333333333334, ""gross_delivery_t"": 8.333333333333334, ""order_month"": ""2035-10"", ""planned_arrival_month"": ""2036-10"", ""requested_t"": 8.333333333333334, ""shipment_id"": ""S0010"", ""source_id"": ""A"", ""source_name"": ""Earth-Core"", ""unfulfilled_request_t"": 0.0}, {""actual_arrival_month"": ""2036-11"", ""actual_delivery_share"": 1.0, ""availability_share"": 1.0, ""feasible_t"": 8.333333333333334, ""gross_delivery_t"": 8.333333333333334, ""order_month"": ""2035-11"", ""planned_arrival_month"": ""2036-11"", ""requested_t"": 8.333333333333334, ""shipment_id"": ""S0011"", ""source_id"": ""A"", ""source_name"": ""Earth-Core"", ""unfulfilled_request_t"": 0.0}, {""actual_arrival_month"": ""2036-12"", ""actual_delivery_share"": 1.0, ""availability_share"": 1.0, ""feasible_t"": 8.333333333333334, ""gross_delivery_t"": 8.333333333333334, ""order_month"": ""2035-12"", ""planned_arrival_month"": ""2036-12"", ""requested_t"": 8.333333333333334, ""shipment_id"": ""S0012"", ""source_id"": ""A"", ""source_name"": ""Earth-Core"", ""unfulfilled_request_t"": 0.0}, {""actual_arrival_month"": ""2037-01"", ""actual_delivery_share"": 1.0, ""availability_share"": 1.0, ""feasible_t"": 11.666666666666666, ""gross_delivery_t"": 11.666666666666666, ""order_month"": ""2036-01"", ""planned_arrival_month"": ""2037-01"", ""requested_t"": 11.666666666666666, ""shipment_id"": ""S0013"", ""source_id"": ""A"", ""source_name"": ""Earth-Core"", ""unfulfilled_request_t"": 0.0}, {""actual_arrival_month"": ""2036-02"", ""actual_delivery_share"": 1.0, ""availability_share"": 1.0, ""feasible_t"": 2.0833333333333335, ""gross_delivery_t"": 2.0833333333333335, ""order_month"": ""2035-10"", ""planned_arrival_month"": ""2036-02"", ""requested_t"": 2.0833333333333335, ""shipment_id"": ""S0082"", ""source_id"": ""B"", ""source_name"": ""Earth-Flex"", ""unfulfilled_request_t"": 0.0}, {""actual_arrival_month"": ""2036-03"", ""actual_delivery_share"": 1.0, ""availability_share"": 1.0, ""feasible_t"": 2.0833333333333335, ""gross_delivery_t"": 2.0833333333333335, ""order_month"": ""2035-11"", ""planned_arrival_month"": ""2036-03"", ""requested_t"": 2.0833333333333335, ""shipment_id"": ""S0083"", ""source_id"": ""B"", ""source_name"": ""Earth-Flex"", ""unfulfilled_request_t"": 0.0}, {""actual_arrival_month"": ""2036-04"", ""actual_delivery_share"": 1.0, ""availability_share"": 1.0, ""feasible_t"": 2.0833333333333335, ""gross_delivery_t"": 2.0833333333333335, ""order_month"": ""2035-12"", ""planned_arrival_month"": ""2036-04"", ""requested_t"": 2.0833333333333335, ""shipment_id"": ""S0084"", ""source_id"": ""B"", ""source_name"": ""Earth-Flex"", ""unfulfilled_request_t"": 0.0}, {""actual_arrival_month"": ""2036-05"", ""actual_delivery_share"": 1.0, ""availability_share"": 1.0, ""feasible_t"": 2.0833333333333335, ""gross_delivery_t"": 2.0833333333333335, ""order_month"": ""2036-01"", ""planned_arrival_month"": ""2036-05"", ""requested_t"": 2.0833333333333335, ""shipment_id"": ""S0085"", ""source_id"": ""B"", ""source_name"": ""Earth-Flex"", ""unfulfilled_request_t"": 0.0}]","{""A"": 8.333333333333334, ""B"": 2.0833333333333335}","{""A"": 8.333333333333334, ""B"": 2.0833333333333335}",10.416666666666668,0.12500000000000003,10.291666666666668,10.291666666666668,0.0,10.291666666666668,8.75,1.5416666666666679,0.0,1.3749999999999982,0.0,ZBO,120.0,0.012,"[""ZBO""]",0.0,1.0,"[""RESERVE_45D""]"
2036-02,0.0,11.666666666666666,8.75,"{""A"": 150.0, ""B"": 55.0, ""C"": 0, ""D"": 0, ""E"": 25.0}","{""A"": 11.666666666666666, ""B"": 2.0833333333333335}","[{""actual_arrival_month"": ""2036-03"", ""actual_delivery_share"": 1.0, ""availability_share"": 1.0, ""feasible_t"": 8.333333333333334, ""gross_delivery_t"": 8.333333333333334, ""order_month"": ""2035-03"", ""planned_arrival_month"": ""2036-03"", ""requested_t"": 8.333333333333334, ""shipment_id"": ""S0003"", ""source_id"": ""A"", ""source_name"": ""Earth-Core"", ""unfulfilled_request_t"": 0.0}, {""actual_arrival_month"": ""2036-04"", ""actual_delivery_share"": 1.0, ""availability_share"": 1.0, ""feasible_t"": 8.333333333333334, ""gross_delivery_t"": 8.333333333333334, ""order_month"": ""2035-04"", ""planned_arrival_month"": ""2036-04"", ""requested_t"": 8.333333333333334, ""shipment_id"": ""S0004"", ""source_id"": ""A"", ""source_name"": ""Earth-Core"", ""unfulfilled_request_t"": 0.0}, {""actual_arrival_month"": ""2036-05"", ""actual_delivery_share"": 1.0, ""availability_share"": 1.0, ""feasible_t"": 8.333333333333334, ""gross_delivery_t"": 8.333333333333334, ""order_month"": ""2035-05"", ""planned_arrival_month"": ""2036-05"", ""requested_t"": 8.333333333333334, ""shipment_id"": ""S0005"", ""source_id"": ""A"", ""source_name"": ""Earth-Core"", ""unfulfilled_request_t"": 0.0}, {""actual_arrival_month"": ""2036-06"", ""actual_delivery_share"": 1.0, ""availability_share"": 1.0, ""feasible_t"": 8.333333333333334, ""gross_delivery_t"": 8.333333333333334, ""order_month"": ""2035-06"", ""planned_arrival_month"": ""2036-06"", ""requested_t"": 8.333333333333334, ""shipment_id"": ""S0006"", ""source_id"": ""A"", ""source_name"": ""Earth-Core"", ""unfulfilled_request_t"": 0.0}, {""actual_arrival_month"": ""2036-07"", ""actual_delivery_share"": 1.0, ""availability_share"": 1.0, ""feasible_t"": 8.333333333333334, ""gross_delivery_t"": 8.333333333333334, ""order_month"": ""2035-07"", ""planned_arrival_month"": ""2036-07"", ""requested_t"": 8.333333333333334, ""shipment_id"": ""S0007"", ""source_id"": ""A"", ""source_name"": ""Earth-Core"", ""unfulfilled_request_t"": 0.0}, {""actual_arrival_month"": ""2036-08"", ""actual_delivery_share"": 1.0, ""availability_share"": 1.0, ""feasible_t"": 8.333333333333334, ""gross_delivery_t"": 8.333333333333334, ""order_month"": ""2035-08"", ""planned_arrival_month"": ""2036-08"", ""requested_t"": 8.333333333333334, ""shipment_id"": ""S0008"", ""source_id"": ""A"", ""source_name"": ""Earth-Core"", ""unfulfilled_request_t"": 0.0}, {""actual_arrival_month"": ""2036-09"", ""actual_delivery_share"": 1.0, ""availability_share"": 1.0, ""feasible_t"": 8.333333333333334, ""gross_delivery_t"": 8.333333333333334, ""order_month"": ""2035-09"", ""planned_arrival_month"": ""2036-09"", ""requested_t"": 8.333333333333334, ""shipment_id"": ""S0009"", ""source_id"": ""A"", ""source_name"": ""Earth-Core"", ""unfulfilled_request_t"": 0.0}, {""actual_arrival_month"": ""2036-10"", ""actual_delivery_share"": 1.0, ""availability_share"": 1.0, ""feasible_t"": 8.333333333333334, ""gross_delivery_t"": 8.333333333333334, ""order_month"": ""2035-10"", ""planned_arrival_month"": ""2036-10"", ""requested_t"": 8.333333333333334, ""shipment_id"": ""S0010"", ""source_id"": ""A"", ""source_name"": ""Earth-Core"", ""unfulfilled_request_t"": 0.0}, {""actual_arrival_month"": ""2036-11"", ""actual_delivery_share"": 1.0, ""availability_share"": 1.0, ""feasible_t"": 8.333333333333334, ""gross_delivery_t"": 8.333333333333334, ""order_month"": ""2035-11"", ""planned_arrival_month"": ""2036-11"", ""requested_t"": 8.333333333333334, ""shipment_id"": ""S0011"", ""source_id"": ""A"", ""source_name"": ""Earth-Core"", ""unfulfilled_request_t"": 0.0}, {""actual_arrival_month"": ""2036-12"", ""actual_delivery_share"": 1.0, ""availability_share"": 1.0, ""feasible_t"": 8.333333333333334, ""gross_delivery_t"": 8.333333333333334, ""order_month"": ""2035-12"", ""planned_arrival_month"": ""2036-12"", ""requested_t"": 8.333333333333334, ""shipment_id"": ""S0012"", ""source_id"": ""A"", ""source_name"": ""Earth-Core"", ""unfulfilled_request_t"": 0.0}, {""actual_arrival_month"": ""2037-01"", ""actual_delivery_share"": 1.0, ""availability_share"": 1.0, ""feasible_t"": 11.666666666666666, ""gross_delivery_t"": 11.666666666666666, ""order_month"": ""2036-01"", ""planned_arrival_month"": ""2037-01"", ""requested_t"": 11.666666666666666, ""shipment_id"": ""S0013"", ""source_id"": ""A"", ""source_name"": ""Earth-Core"", ""unfulfilled_request_t"": 0.0}, {""actual_arrival_month"": ""2037-02"", ""actual_delivery_share"": 1.0, ""availability_share"": 1.0, ""feasible_t"": 11.666666666666666, ""gross_delivery_t"": 11.666666666666666, ""order_month"": ""2036-02"", ""planned_arrival_month"": ""2037-02"", ""requested_t"": 11.666666666666666, ""shipment_id"": ""S0014"", ""source_id"": ""A"", ""source_name"": ""Earth-Core"", ""unfulfilled_request_t"": 0.0}, {""actual_arrival_month"": ""2036-03"", ""actual_delivery_share"": 1.0, ""availability_share"": 1.0, ""feasible_t"": 2.0833333333333335, ""gross_delivery_t"": 2.0833333333333335, ""order_month"": ""2035-11"", ""planned_arrival_month"": ""2036-03"", ""requested_t"": 2.0833333333333335, ""shipment_id"": ""S0083"", ""source_id"": ""B"", ""source_name"": ""Earth-Flex"", ""unfulfilled_request_t"": 0.0}, {""actual_arrival_month"": ""2036-04"", ""actual_delivery_share"": 1.0, ""availability_share"": 1.0, ""feasible_t"": 2.0833333333333335, ""gross_delivery_t"": 2.0833333333333335, ""order_month"": ""2035-12"", ""planned_arrival_month"": ""2036-04"", ""requested_t"": 2.0833333333333335, ""shipment_id"": ""S0084"", ""source_id"": ""B"", ""source_name"": ""Earth-Flex"", ""unfulfilled_request_t"": 0.0}, {""actual_arrival_month"": ""2036-05"", ""actual_delivery_share"": 1.0, ""availability_share"": 1.0, ""feasible_t"": 2.0833333333333335, ""gross_delivery_t"": 2.0833333333333335, ""order_month"": ""2036-01"", ""planned_arrival_month"": ""2036-05"", ""requested_t"": 2.0833333333333335, ""shipment_id"": ""S0085"", ""source_id"": ""B"", ""source_name"": ""Earth-Flex"", ""unfulfilled_request_t"": 0.0}, {""actual_arrival_month"": ""2036-06"", ""actual_delivery_share"": 1.0, ""availability_share"": 1.0, ""feasible_t"": 2.0833333333333335, ""gross_delivery_t"": 2.0833333333333335, ""order_month"": ""2036-02"", ""planned_arrival_month"": ""2036-06"", ""requested_t"": 2.0833333333333335, ""shipment_id"": ""S0086"", ""source_id"": ""B"", ""source_name"": ""Earth-Flex"", ""unfulfilled_request_t"": 0.0}]","{""A"": 8.333333333333334, ""B"": 2.0833333333333335}","{""A"": 8.333333333333334, ""B"": 2.0833333333333335}",10.416666666666668,0.12500000000000003,10.291666666666668,10.291666666666668,0.0,10.291666666666668,8.75,1.5416666666666679,0.0,1.3749999999999982,0.0,ZBO,120.0,0.012,"[""ZBO""]",0.0,1.0,[]
2036-03,0.0,11.666666666666666,8.75,"{""A"": 150.0, ""B"": 55.0, ""C"": 0, ""D"": 0, ""E"": 25.0}","{""A"": 11.666666666666666, ""B"": 2.0833333333333335}","[{""actual_arrival_month"": ""2036-04"", ""actual_delivery_share"": 1.0, ""availability_share"": 1.0, ""feasible_t"": 8.333333333333334, ""gross_delivery_t"": 8.333333333333334, ""order_month"": ""2035-04"", ""planned_arrival_month"": ""2036-04"", ""requested_t"": 8.333333333333334, ""shipment_id"": ""S0004"", ""source_id"": ""A"", ""source_name"": ""Earth-Core"", ""unfulfilled_request_t"": 0.0}, {""actual_arrival_month"": ""2036-05"", ""actual_delivery_share"": 1.0, ""availability_share"": 1.0, ""feasible_t"": 8.333333333333334, ""gross_delivery_t"": 8.333333333333334, ""order_month"": ""2035-05"", ""planned_arrival_month"": ""2036-05"", ""requested_t"": 8.333333333333334, ""shipment_id"": ""S0005"", ""source_id"": ""A"", ""source_name"": ""Earth-Core"", ""unfulfilled_request_t"": 0.0}, {""actual_arrival_month"": ""2036-06"", ""actual_delivery_share"": 1.0, ""availability_share"": 1.0, ""feasible_t"": 8.333333333333334, ""gross_delivery_t"": 8.333333333333334, ""order_month"": ""2035-06"", ""planned_arrival_month"": ""2036-06"", ""requested_t"": 8.333333333333334, ""shipment_id"": ""S0006"", ""source_id"": ""A"", ""source_name"": ""Earth-Core"", ""unfulfilled_request_t"": 0.0}, {""actual_arrival_month"": ""2036-07"", ""actual_delivery_share"": 1.0, ""availability_share"": 1.0, ""feasible_t"": 8.333333333333334, ""gross_delivery_t"": 8.333333333333334, ""order_month"": ""2035-07"", ""planned_arrival_month"": ""2036-07"", ""requested_t"": 8.333333333333334, ""shipment_id"": ""S0007"", ""source_id"": ""A"", ""source_name"": ""Earth-Core"", ""unfulfilled_request_t"": 0.0}, {""actual_arrival_month"": ""2036-08"", ""actual_delivery_share"": 1.0, ""availability_share"": 1.0, ""feasible_t"": 8.333333333333334, ""gross_delivery_t"": 8.333333333333334, ""order_month"": ""2035-08"", ""planned_arrival_month"": ""2036-08"", ""requested_t"": 8.333333333333334, ""shipment_id"": ""S0008"", ""source_id"": ""A"", ""source_name"": ""Earth-Core"", ""unfulfilled_request_t"": 0.0}, {""actual_arrival_month"": ""2036-09"", ""actual_delivery_share"": 1.0, ""availability_share"": 1.0, ""feasible_t"": 8.333333333333334, ""gross_delivery_t"": 8.333333333333334, ""order_month"": ""2035-09"", ""planned_arrival_month"": ""2036-09"", ""requested_t"": 8.333333333333334, ""shipment_id"": ""S0009"", ""source_id"": ""A"", ""source_name"": ""Earth-Core"", ""unfulfilled_request_t"": 0.0}, {""actual_arrival_month"": ""2036-10"", ""actual_delivery_share"": 1.0, ""availability_share"": 1.0, ""feasible_t"": 8.333333333333334, ""gross_delivery_t"": 8.333333333333334, ""order_month"": ""2035-10"", ""planned_arrival_month"": ""2036-10"", ""requested_t"": 8.333333333333334, ""shipment_id"": ""S0010"", ""source_id"": ""A"", ""source_name"": ""Earth-Core"", ""unfulfilled_request_t"": 0.0}, {""actual_arrival_month"": ""2036-11"", ""actual_delivery_share"": 1.0, ""availability_share"": 1.0, ""feasible_t"": 8.333333333333334, ""gross_delivery_t"": 8.333333333333334, ""order_month"": ""2035-11"", ""planned_arrival_month"": ""2036-11"", ""requested_t"": 8.333333333333334, ""shipment_id"": ""S0011"", ""source_id"": ""A"", ""source_name"": ""Earth-Core"", ""unfulfilled_request_t"": 0.0}, {""actual_arrival_month"": ""2036-12"", ""actual_delivery_share"": 1.0, ""availability_share"": 1.0, ""feasible_t"": 8.333333333333334, ""gross_delivery_t"": 8.333333333333334, ""order_month"": ""2035-12"", ""planned_arrival_month"": ""2036-12"", ""requested_t"": 8.333333333333334, ""shipment_id"": ""S0012"", ""source_id"": ""A"", ""source_name"": ""Earth-Core"", ""unfulfilled_request_t"": 0.0}, {""actual_arrival_month"": ""2037-01"", ""actual_delivery_share"": 1.0, ""availability_share"": 1.0, ""feasible_t"": 11.666666666666666, ""gross_delivery_t"": 11.666666666666666, ""order_month"": ""2036-01"", ""planned_arrival_month"": ""2037-01"", ""requested_t"": 11.666666666666666, ""shipment_id"": ""S0013"", ""source_id"": ""A"", ""source_name"": ""Earth-Core"", ""unfulfilled_request_t"": 0.0}, {""actual_arrival_month"": ""2037-02"", ""actual_delivery_share"": 1.0, ""availability_share"": 1.0, ""feasible_t"": 11.666666666666666, ""gross_delivery_t"": 11.666666666666666, ""order_month"": ""2036-02"", ""planned_arrival_month"": ""2037-02"", ""requested_t"": 11.666666666666666, ""shipment_id"": ""S0014"", ""source_id"": ""A"", ""source_name"": ""Earth-Core"", ""unfulfilled_request_t"": 0.0}, {""actual_arrival_month"": ""2037-03"", ""actual_delivery_share"": 1.0, ""availability_share"": 1.0, ""feasible_t"": 11.666666666666666, ""gross_delivery_t"": 11.666666666666666, ""order_month"": ""2036-03"", ""planned_arrival_month"": ""2037-03"", ""requested_t"": 11.666666666666666, ""shipment_id"": ""S0015"", ""source_id"": ""A"", ""source_name"": ""Earth-Core"", ""unfulfilled_request_t"": 0.0}, {""actual_arrival_month"": ""2036-04"", ""actual_delivery_share"": 1.0, ""availability_share"": 1.0, ""feasible_t"": 2.0833333333333335, ""gross_delivery_t"": 2.0833333333333335, ""order_month"": ""2035-12"", ""planned_arrival_month"": ""2036-04"", ""requested_t"": 2.0833333333333335, ""shipment_id"": ""S0084"", ""source_id"": ""B"", ""source_name"": ""Earth-Flex"", ""unfulfilled_request_t"": 0.0}, {""actual_arrival_month"": ""2036-05"", ""actual_delivery_share"": 1.0, ""availability_share"": 1.0, ""feasible_t"": 2.0833333333333335, ""gross_delivery_t"": 2.0833333333333335, ""order_month"": ""2036-01"", ""planned_arrival_month"": ""2036-05"", ""requested_t"": 2.0833333333333335, ""shipment_id"": ""S0085"", ""source_id"": ""B"", ""source_name"": ""Earth-Flex"", ""unfulfilled_request_t"": 0.0}, {""actual_arrival_month"": ""2036-06"", ""actual_delivery_share"": 1.0, ""availability_share"": 1.0, ""feasible_t"": 2.0833333333333335, ""gross_delivery_t"": 2.0833333333333335, ""order_month"": ""2036-02"", ""planned_arrival_month"": ""2036-06"", ""requested_t"": 2.0833333333333335, ""shipment_id"": ""S0086"", ""source_id"": ""B"", ""source_name"": ""Earth-Flex"", ""unfulfilled_request_t"": 0.0}, {""actual_arrival_month"": ""2036-07"", ""actual_delivery_share"": 1.0, ""availability_share"": 1.0, ""feasible_t"": 2.0833333333333335, ""gross_delivery_t"": 2.0833333333333335, ""order_month"": ""2036-03"", ""planned_arrival_month"": ""2036-07"", ""requested_t"": 2.0833333333333335, ""shipment_id"": ""S0087"", ""source_id"": ""B"", ""source_name"": ""Earth-Flex"", ""unfulfilled_request_t"": 0.0}]","{""A"": 8.333333333333334, ""B"": 2.0833333333333335}","{""A"": 8.333333333333334, ""B"": 2.0833333333333335}",10.416666666666668,0.12500000000000003,10.291666666666668,10.291666666666668,0.0,10.291666666666668,8.75,1.5416666666666679,0.0,1.3749999999999982,0.0,ZBO,120.0,0.012,"[""ZBO""]",0.0,1.0,[]
2036-04,0.0,11.666666666666666,8.75,"{""A"": 150.0, ""B"": 55.0, ""C"": 0, ""D"": 0, ""E"": 25.0}","{""A"": 11.666666666666666, ""B"": 2.0833333333333335}","[{""actual_arrival_month"": ""2036-05"", ""actual_delivery_share"": 1.0, ""availability_share"": 1.0, ""feasible_t"": 8.333333333333334, ""gross_delivery_t"": 8.333333333333334, ""order_month"": ""2035-05"", ""planned_arrival_month"": ""2036-05"", ""requested_t"": 8.333333333333334, ""shipment_id"": ""S0005"", ""source_id"": ""A"", ""source_name"": ""Earth-Core"", ""unfulfilled_request_t"": 0.0}, {""actual_arrival_month"": ""2036-06"", ""actual_delivery_share"": 1.0, ""availability_share"": 1.0, ""feasible_t"": 8.333333333333334, ""gross_delivery_t"": 8.333333333333334, ""order_month"": ""2035-06"", ""planned_arrival_month"": ""2036-06"", ""requested_t"": 8.333333333333334, ""shipment_id"": ""S0006"", ""source_id"": ""A"", ""source_name"": ""Earth-Core"", ""unfulfilled_request_t"": 0.0}, {""actual_arrival_month"": ""2036-07"", ""actual_delivery_share"": 1.0, ""availability_share"": 1.0, ""feasible_t"": 8.333333333333334, ""gross_delivery_t"": 8.333333333333334, ""order_month"": ""2035-07"", ""planned_arrival_month"": ""2036-07"", ""requested_t"": 8.333333333333334, ""shipment_id"": ""S0007"", ""source_id"": ""A"", ""source_name"": ""Earth-Core"", ""unfulfilled_request_t"": 0.0}, {""actual_arrival_month"": ""2036-08"", ""actual_delivery_share"": 1.0, ""availability_share"": 1.0, ""feasible_t"": 8.333333333333334, ""gross_delivery_t"": 8.333333333333334, ""order_month"": ""2035-08"", ""planned_arrival_month"": ""2036-08"", ""requested_t"": 8.333333333333334, ""shipment_id"": ""S0008"", ""source_id"": ""A"", ""source_name"": ""Earth-Core"", ""unfulfilled_request_t"": 0.0}, {""actual_arrival_month"": ""2036-09"", ""actual_delivery_share"": 1.0, ""availability_share"": 1.0, ""feasible_t"": 8.333333333333334, ""gross_delivery_t"": 8.333333333333334, ""order_month"": ""2035-09"", ""planned_arrival_month"": ""2036-09"", ""requested_t"": 8.333333333333334, ""shipment_id"": ""S0009"", ""source_id"": ""A"", ""source_name"": ""Earth-Core"", ""unfulfilled_request_t"": 0.0}, {""actual_arrival_month"": ""2036-10"", ""actual_delivery_share"": 1.0, ""availability_share"": 1.0, ""feasible_t"": 8.333333333333334, ""gross_delivery_t"": 8.333333333333334, ""order_month"": ""2035-10"", ""planned_arrival_month"": ""2036-10"", ""requested_t"": 8.333333333333334, ""shipment_id"": ""S0010"", ""source_id"": ""A"", ""source_name"": ""Earth-Core"", ""unfulfilled_request_t"": 0.0}, {""actual_arrival_month"": ""2036-11"", ""actual_delivery_share"": 1.0, ""availability_share"": 1.0, ""feasible_t"": 8.333333333333334, ""gross_delivery_t"": 8.333333333333334, ""order_month"": ""2035-11"", ""planned_arrival_month"": ""2036-11"", ""requested_t"": 8.333333333333334, ""shipment_id"": ""S0011"", ""source_id"": ""A"", ""source_name"": ""Earth-Core"", ""unfulfilled_request_t"": 0.0}, {""actual_arrival_month"": ""2036-12"", ""actual_delivery_share"": 1.0, ""availability_share"": 1.0, ""feasible_t"": 8.333333333333334, ""gross_delivery_t"": 8.333333333333334, ""order_month"": ""2035-12"", ""planned_arrival_month"": ""2036-12"", ""requested_t"": 8.333333333333334, ""shipment_id"": ""S0012"", ""source_id"": ""A"", ""source_name"": ""Earth-Core"", ""unfulfilled_request_t"": 0.0}, {""actual_arrival_month"": ""2037-01"", ""actual_delivery_share"": 1.0, ""availability_share"": 1.0, ""feasible_t"": 11.666666666666666, ""gross_delivery_t"": 11.666666666666666, ""order_month"": ""2036-01"", ""planned_arrival_month"": ""2037-01"", ""requested_t"": 11.666666666666666, ""shipment_id"": ""S0013"", ""source_id"": ""A"", ""source_name"": ""Earth-Core"", ""unfulfilled_request_t"": 0.0}, {""actual_arrival_month"": ""2037-02"", ""actual_delivery_share"": 1.0, ""availability_share"": 1.0, ""feasible_t"": 11.666666666666666, ""gross_delivery_t"": 11.666666666666666, ""order_month"": ""2036-02"", ""planned_arrival_month"": ""2037-02"", ""requested_t"": 11.666666666666666, ""shipment_id"": ""S0014"", ""source_id"": ""A"", ""source_name"": ""Earth-Core"", ""unfulfilled_request_t"": 0.0}, {""actual_arrival_month"": ""2037-03"", ""actual_delivery_share"": 1.0, ""availability_share"": 1.0, ""feasible_t"": 11.666666666666666, ""gross_delivery_t"": 11.666666666666666, ""order_month"": ""2036-03"", ""planned_arrival_month"": ""2037-03"", ""requested_t"": 11.666666666666666, ""shipment_id"": ""S0015"", ""source_id"": ""A"", ""source_name"": ""Earth-Core"", ""unfulfilled_request_t"": 0.0}, {""actual_arrival_month"": ""2037-04"", ""actual_delivery_share"": 1.0, ""availability_share"": 1.0, ""feasible_t"": 11.666666666666666, ""gross_delivery_t"": 11.666666666666666, ""order_month"": ""2036-04"", ""planned_arrival_month"": ""2037-04"", ""requested_t"": 11.666666666666666, ""shipment_id"": ""S0016"", ""source_id"": ""A"", ""source_name"": ""Earth-Core"", ""unfulfilled_request_t"": 0.0}, {""actual_arrival_month"": ""2036-05"", ""actual_delivery_share"": 1.0, ""availability_share"": 1.0, ""feasible_t"": 2.0833333333333335, ""gross_delivery_t"": 2.0833333333333335, ""order_month"": ""2036-01"", ""planned_arrival_month"": ""2036-05"", ""requested_t"": 2.0833333333333335, ""shipment_id"": ""S0085"", ""source_id"": ""B"", ""source_name"": ""Earth-Flex"", ""unfulfilled_request_t"": 0.0}, {""actual_arrival_month"": ""2036-06"", ""actual_delivery_share"": 1.0, ""availability_share"": 1.0, ""feasible_t"": 2.0833333333333335, ""gross_delivery_t"": 2.0833333333333335, ""order_month"": ""2036-02"", ""planned_arrival_month"": ""2036-06"", ""requested_t"": 2.0833333333333335, ""shipment_id"": ""S0086"", ""source_id"": ""B"", ""source_name"": ""Earth-Flex"", ""unfulfilled_request_t"": 0.0}, {""actual_arrival_month"": ""2036-07"", ""actual_delivery_share"": 1.0, ""availability_share"": 1.0, ""feasible_t"": 2.0833333333333335, ""gross_delivery_t"": 2.0833333333333335, ""order_month"": ""2036-03"", ""planned_arrival_month"": ""2036-07"", ""requested_t"": 2.0833333333333335, ""shipment_id"": ""S0087"", ""source_id"": ""B"", ""source_name"": ""Earth-Flex"", ""unfulfilled_request_t"": 0.0}, {""actual_arrival_month"": ""2036-08"", ""actual_delivery_share"": 1.0, ""availability_share"": 1.0, ""feasible_t"": 2.0833333333333335, ""gross_delivery_t"": 2.0833333333333335, ""order_month"": ""2036-04"", ""planned_arrival_month"": ""2036-08"", ""requested_t"": 2.0833333333333335, ""shipment_id"": ""S0088"", ""source_id"": ""B"", ""source_name"": ""Earth-Flex"", ""unfulfilled_request_t"": 0.0}]","{""A"": 8.333333333333334, ""B"": 2.0833333333333335}","{""A"": 8.333333333333334, ""B"": 2.0833333333333335}",10.416666666666668,0.12500000000000003,10.291666666666668,10.291666666666668,0.0,10.291666666666668,8.75,1.5416666666666679,0.0,1.3749999999999982,0.0,ZBO,120.0,0.012,"[""ZBO""]",0.0,1.0,[]
2036-05,0.0,11.666666666666666,8.75,"{""A"": 150.0, ""B"": 55.0, ""C"": 0, ""D"": 0, ""E"": 25.0}","{""A"": 11.666666666666666, ""B"": 2.0833333333333335}","[{""actual_arrival_month"": ""2036-06"", ""actual_delivery_share"": 1.0, ""availability_share"": 1.0, ""feasible_t"": 8.333333333333334, ""gross_delivery_t"": 8.333333333333334, ""order_month"": ""2035-06"", ""planned_arrival_month"": ""2036-06"", ""requested_t"": 8.333333333333334, ""shipment_id"": ""S0006"", ""source_id"": ""A"", ""source_name"": ""Earth-Core"", ""unfulfilled_request_t"": 0.0}, {""actual_arrival_month"": ""2036-07"", ""actual_delivery_share"": 1.0, ""availability_share"": 1.0, ""feasible_t"": 8.333333333333334, ""gross_delivery_t"": 8.333333333333334, ""order_month"": ""2035-07"", ""planned_arrival_month"": ""2036-07"", ""requested_t"": 8.333333333333334, ""shipment_id"": ""S0007"", ""source_id"": ""A"", ""source_name"": ""Earth-Core"", ""unfulfilled_request_t"": 0.0}, {""actual_arrival_month"": ""2036-08"", ""actual_delivery_share"": 1.0, ""availability_share"": 1.0, ""feasible_t"": 8.333333333333334, ""gross_delivery_t"": 8.333333333333334, ""order_month"": ""2035-08"", ""planned_arrival_month"": ""2036-08"", ""requested_t"": 8.333333333333334, ""shipment_id"": ""S0008"", ""source_id"": ""A"", ""source_name"": ""Earth-Core"", ""unfulfilled_request_t"": 0.0}, {""actual_arrival_month"": ""2036-09"", ""actual_delivery_share"": 1.0, ""availability_share"": 1.0, ""feasible_t"": 8.333333333333334, ""gross_delivery_t"": 8.333333333333334, ""order_month"": ""2035-09"", ""planned_arrival_month"": ""2036-09"", ""requested_t"": 8.333333333333334, ""shipment_id"": ""S0009"", ""source_id"": ""A"", ""source_name"": ""Earth-Core"", ""unfulfilled_request_t"": 0.0}, {""actual_arrival_month"": ""2036-10"", ""actual_delivery_share"": 1.0, ""availability_share"": 1.0, ""feasible_t"": 8.333333333333334, ""gross_delivery_t"": 8.333333333333334, ""order_month"": ""2035-10"", ""planned_arrival_month"": ""2036-10"", ""requested_t"": 8.333333333333334, ""shipment_id"": ""S0010"", ""source_id"": ""A"", ""source_name"": ""Earth-Core"", ""unfulfilled_request_t"": 0.0}, {""actual_arrival_month"": ""2036-11"", ""actual_delivery_share"": 1.0, ""availability_share"": 1.0, ""feasible_t"": 8.333333333333334, ""gross_delivery_t"": 8.333333333333334, ""order_month"": ""2035-11"", ""planned_arrival_month"": ""2036-11"", ""requested_t"": 8.333333333333334, ""shipment_id"": ""S0011"", ""source_id"": ""A"", ""source_name"": ""Earth-Core"", ""unfulfilled_request_t"": 0.0}, {""actual_arrival_month"": ""2036-12"", ""actual_delivery_share"": 1.0, ""availability_share"": 1.0, ""feasible_t"": 8.333333333333334, ""gross_delivery_t"": 8.333333333333334, ""order_month"": ""2035-12"", ""planned_arrival_month"": ""2036-12"", ""requested_t"": 8.333333333333334, ""shipment_id"": ""S0012"", ""source_id"": ""A"", ""source_name"": ""Earth-Core"", ""unfulfilled_request_t"": 0.0}, {""actual_arrival_month"": ""2037-01"", ""actual_delivery_share"": 1.0, ""availability_share"": 1.0, ""feasible_t"": 11.666666666666666, ""gross_delivery_t"": 11.666666666666666, ""order_month"": ""2036-01"", ""planned_arrival_month"": ""2037-01"", ""requested_t"": 11.666666666666666, ""shipment_id"": ""S0013"", ""source_id"": ""A"", ""source_name"": ""Earth-Core"", ""unfulfilled_request_t"": 0.0}, {""actual_arrival_month"": ""2037-02"", ""actual_delivery_share"": 1.0, ""availability_share"": 1.0, ""feasible_t"": 11.666666666666666, ""gross_delivery_t"": 11.666666666666666, ""order_month"": ""2036-02"", ""planned_arrival_month"": ""2037-02"", ""requested_t"": 11.666666666666666, ""shipment_id"": ""S0014"", ""source_id"": ""A"", ""source_name"": ""Earth-Core"", ""unfulfilled_request_t"": 0.0}, {""actual_arrival_month"": ""2037-03"", ""actual_delivery_share"": 1.0, ""availability_share"": 1.0, ""feasible_t"": 11.666666666666666, ""gross_delivery_t"": 11.666666666666666, ""order_month"": ""2036-03"", ""planned_arrival_month"": ""2037-03"", ""requested_t"": 11.666666666666666, ""shipment_id"": ""S0015"", ""source_id"": ""A"", ""source_name"": ""Earth-Core"", ""unfulfilled_request_t"": 0.0}, {""actual_arrival_month"": ""2037-04"", ""actual_delivery_share"": 1.0, ""availability_share"": 1.0, ""feasible_t"": 11.666666666666666, ""gross_delivery_t"": 11.666666666666666, ""order_month"": ""2036-04"", ""planned_arrival_month"": ""2037-04"", ""requested_t"": 11.666666666666666, ""shipment_id"": ""S0016"", ""source_id"": ""A"", ""source_name"": ""Earth-Core"", ""unfulfilled_request_t"": 0.0}, {""actual_arrival_month"": ""2037-05"", ""actual_delivery_share"": 1.0, ""availability_share"": 1.0, ""feasible_t"": 11.666666666666666, ""gross_delivery_t"": 11.666666666666666, ""order_month"": ""2036-05"", ""planned_arrival_month"": ""2037-05"", ""requested_t"": 11.666666666666666, ""shipment_id"": ""S0017"", ""source_id"": ""A"", ""source_name"": ""Earth-Core"", ""unfulfilled_request_t"": 0.0}, {""actual_arrival_month"": ""2036-06"", ""actual_delivery_share"": 1.0, ""availability_share"": 1.0, ""feasible_t"": 2.0833333333333335, ""gross_delivery_t"": 2.0833333333333335, ""order_month"": ""2036-02"", ""planned_arrival_month"": ""2036-06"", ""requested_t"": 2.0833333333333335, ""shipment_id"": ""S0086"", ""source_id"": ""B"", ""source_name"": ""Earth-Flex"", ""unfulfilled_request_t"": 0.0}, {""actual_arrival_month"": ""2036-07"", ""actual_delivery_share"": 1.0, ""availability_share"": 1.0, ""feasible_t"": 2.0833333333333335, ""gross_delivery_t"": 2.0833333333333335, ""order_month"": ""2036-03"", ""planned_arrival_month"": ""2036-07"", ""requested_t"": 2.0833333333333335, ""shipment_id"": ""S0087"", ""source_id"": ""B"", ""source_name"": ""Earth-Flex"", ""unfulfilled_request_t"": 0.0}, {""actual_arrival_month"": ""2036-08"", ""actual_delivery_share"": 1.0, ""availability_share"": 1.0, ""feasible_t"": 2.0833333333333335, ""gross_delivery_t"": 2.0833333333333335, ""order_month"": ""2036-04"", ""planned_arrival_month"": ""2036-08"", ""requested_t"": 2.0833333333333335, ""shipment_id"": ""S0088"", ""source_id"": ""B"", ""source_name"": ""Earth-Flex"", ""unfulfilled_request_t"": 0.0}, {""actual_arrival_month"": ""2036-09"", ""actual_delivery_share"": 1.0, ""availability_share"": 1.0, ""feasible_t"": 2.0833333333333335, ""gross_delivery_t"": 2.0833333333333335, ""order_month"": ""2036-05"", ""planned_arrival_month"": ""2036-09"", ""requested_t"": 2.0833333333333335, ""shipment_id"": ""S0089"", ""source_id"": ""B"", ""source_name"": ""Earth-Flex"", ""unfulfilled_request_t"": 0.0}]","{""A"": 8.333333333333334, ""B"": 2.0833333333333335}","{""A"": 8.333333333333334, ""B"": 2.0833333333333335}",10.416666666666668,0.12500000000000003,10.291666666666668,10.291666666666668,0.0,10.291666666666668,8.75,1.5416666666666679,0.0,1.3749999999999982,0.0,ZBO,120.0,0.012,"[""ZBO""]",0.0,1.0,[]
2036-06,0.0,11.666666666666666,8.75,"{""A"": 150.0, ""B"": 55.0, ""C"": 0, ""D"": 0, ""E"": 25.0}","{""A"": 11.666666666666666, ""B"": 2.0833333333333335}","[{""actual_arrival_month"": ""2036-07"", ""actual_delivery_share"": 1.0, ""availability_share"": 1.0, ""feasible_t"": 8.333333333333334, ""gross_delivery_t"": 8.333333333333334, ""order_month"": ""2035-07"", ""planned_arrival_month"": ""2036-07"", ""requested_t"": 8.333333333333334, ""shipment_id"": ""S0007"", ""source_id"": ""A"", ""source_name"": ""Earth-Core"", ""unfulfilled_request_t"": 0.0}, {""actual_arrival_month"": ""2036-08"", ""actual_delivery_share"": 1.0, ""availability_share"": 1.0, ""feasible_t"": 8.333333333333334, ""gross_delivery_t"": 8.333333333333334, ""order_month"": ""2035-08"", ""planned_arrival_month"": ""2036-08"", ""requested_t"": 8.333333333333334, ""shipment_id"": ""S0008"", ""source_id"": ""A"", ""source_name"": ""Earth-Core"", ""unfulfilled_request_t"": 0.0}, {""actual_arrival_month"": ""2036-09"", ""actual_delivery_share"": 1.0, ""availability_share"": 1.0, ""feasible_t"": 8.333333333333334, ""gross_delivery_t"": 8.333333333333334, ""order_month"": ""2035-09"", ""planned_arrival_month"": ""2036-09"", ""requested_t"": 8.333333333333334, ""shipment_id"": ""S0009"", ""source_id"": ""A"", ""source_name"": ""Earth-Core"", ""unfulfilled_request_t"": 0.0}, {""actual_arrival_month"": ""2036-10"", ""actual_delivery_share"": 1.0, ""availability_share"": 1.0, ""feasible_t"": 8.333333333333334, ""gross_delivery_t"": 8.333333333333334, ""order_month"": ""2035-10"", ""planned_arrival_month"": ""2036-10"", ""requested_t"": 8.333333333333334, ""shipment_id"": ""S0010"", ""source_id"": ""A"", ""source_name"": ""Earth-Core"", ""unfulfilled_request_t"": 0.0}, {""actual_arrival_month"": ""2036-11"", ""actual_delivery_share"": 1.0, ""availability_share"": 1.0, ""feasible_t"": 8.333333333333334, ""gross_delivery_t"": 8.333333333333334, ""order_month"": ""2035-11"", ""planned_arrival_month"": ""2036-11"", ""requested_t"": 8.333333333333334, ""shipment_id"": ""S0011"", ""source_id"": ""A"", ""source_name"": ""Earth-Core"", ""unfulfilled_request_t"": 0.0}, {""actual_arrival_month"": ""2036-12"", ""actual_delivery_share"": 1.0, ""availability_share"": 1.0, ""feasible_t"": 8.333333333333334, ""gross_delivery_t"": 8.333333333333334, ""order_month"": ""2035-12"", ""planned_arrival_month"": ""2036-12"", ""requested_t"": 8.333333333333334, ""shipment_id"": ""S0012"", ""source_id"": ""A"", ""source_name"": ""Earth-Core"", ""unfulfilled_request_t"": 0.0}, {""actual_arrival_month"": ""2037-01"", ""actual_delivery_share"": 1.0, ""availability_share"": 1.0, ""feasible_t"": 11.666666666666666, ""gross_delivery_t"": 11.666666666666666, ""order_month"": ""2036-01"", ""planned_arrival_month"": ""2037-01"", ""requested_t"": 11.666666666666666, ""shipment_id"": ""S0013"", ""source_id"": ""A"", ""source_name"": ""Earth-Core"", ""unfulfilled_request_t"": 0.0}, {""actual_arrival_month"": ""2037-02"", ""actual_delivery_share"": 1.0, ""availability_share"": 1.0, ""feasible_t"": 11.666666666666666, ""gross_delivery_t"": 11.666666666666666, ""order_month"": ""2036-02"", ""planned_arrival_month"": ""2037-02"", ""requested_t"": 11.666666666666666, ""shipment_id"": ""S0014"", ""source_id"": ""A"", ""source_name"": ""Earth-Core"", ""unfulfilled_request_t"": 0.0}, {""actual_arrival_month"": ""2037-03"", ""actual_delivery_share"": 1.0, ""availability_share"": 1.0, ""feasible_t"": 11.666666666666666, ""gross_delivery_t"": 11.666666666666666, ""order_month"": ""2036-03"", ""planned_arrival_month"": ""2037-03"", ""requested_t"": 11.666666666666666, ""shipment_id"": ""S0015"", ""source_id"": ""A"", ""source_name"": ""Earth-Core"", ""unfulfilled_request_t"": 0.0}, {""actual_arrival_month"": ""2037-04"", ""actual_delivery_share"": 1.0, ""availability_share"": 1.0, ""feasible_t"": 11.666666666666666, ""gross_delivery_t"": 11.666666666666666, ""order_month"": ""2036-04"", ""planned_arrival_month"": ""2037-04"", ""requested_t"": 11.666666666666666, ""shipment_id"": ""S0016"", ""source_id"": ""A"", ""source_name"": ""Earth-Core"", ""unfulfilled_request_t"": 0.0}, {""actual_arrival_month"": ""2037-05"", ""actual_delivery_share"": 1.0, ""availability_share"": 1.0, ""feasible_t"": 11.666666666666666, ""gross_delivery_t"": 11.666666666666666, ""order_month"": ""2036-05"", ""planned_arrival_month"": ""2037-05"", ""requested_t"": 11.666666666666666, ""shipment_id"": ""S0017"", ""source_id"": ""A"", ""source_name"": ""Earth-Core"", ""unfulfilled_request_t"": 0.0}, {""actual_arrival_month"": ""2037-06"", ""actual_delivery_share"": 1.0, ""availability_share"": 1.0, ""feasible_t"": 11.666666666666666, ""gross_delivery_t"": 11.666666666666666, ""order_month"": ""2036-06"", ""planned_arrival_month"": ""2037-06"", ""requested_t"": 11.666666666666666, ""shipment_id"": ""S0018"", ""source_id"": ""A"", ""source_name"": ""Earth-Core"", ""unfulfilled_request_t"": 0.0}, {""actual_arrival_month"": ""2036-07"", ""actual_delivery_share"": 1.0, ""availability_share"": 1.0, ""feasible_t"": 2.0833333333333335, ""gross_delivery_t"": 2.0833333333333335, ""order_month"": ""2036-03"", ""planned_arrival_month"": ""2036-07"", ""requested_t"": 2.0833333333333335, ""shipment_id"": ""S0087"", ""source_id"": ""B"", ""source_name"": ""Earth-Flex"", ""unfulfilled_request_t"": 0.0}, {""actual_arrival_month"": ""2036-08"", ""actual_delivery_share"": 1.0, ""availability_share"": 1.0, ""feasible_t"": 2.0833333333333335, ""gross_delivery_t"": 2.0833333333333335, ""order_month"": ""2036-04"", ""planned_arrival_month"": ""2036-08"", ""requested_t"": 2.0833333333333335, ""shipment_id"": ""S0088"", ""source_id"": ""B"", ""source_name"": ""Earth-Flex"", ""unfulfilled_request_t"": 0.0}, {""actual_arrival_month"": ""2036-09"", ""actual_delivery_share"": 1.0, ""availability_share"": 1.0, ""feasible_t"": 2.0833333333333335, ""gross_delivery_t"": 2.0833333333333335, ""order_month"": ""2036-05"", ""planned_arrival_month"": ""2036-09"", ""requested_t"": 2.0833333333333335, ""shipment_id"": ""S0089"", ""source_id"": ""B"", ""source_name"": ""Earth-Flex"", ""unfulfilled_request_t"": 0.0}, {""actual_arrival_month"": ""2036-10"", ""actual_delivery_share"": 1.0, ""availability_share"": 1.0, ""feasible_t"": 2.0833333333333335, ""gross_delivery_t"": 2.0833333333333335, ""order_month"": ""2036-06"", ""planned_arrival_month"": ""2036-10"", ""requested_t"": 2.0833333333333335, ""shipment_id"": ""S0090"", ""source_id"": ""B"", ""source_name"": ""Earth-Flex"", ""unfulfilled_request_t"": 0.0}]","{""A"": 8.333333333333334, ""B"": 2.0833333333333335}","{""A"": 8.333333333333334, ""B"": 2.0833333333333335}",10.416666666666668,0.12500000000000003,10.291666666666668,10.291666666666668,0.0,10.291666666666668,8.75,1.5416666666666679,0.0,1.3749999999999982,0.0,ZBO,120.0,0.012,"[""ZBO""]",0.0,1.0,[]
2036-07,0.0,11.666666666666666,8.75,"{""A"": 150.0, ""B"": 55.0, ""C"": 0, ""D"": 0, ""E"": 25.0}","{""A"": 11.666666666666666, ""B"": 2.0833333333333335}","[{""actual_arrival_month"": ""2036-08"", ""actual_delivery_share"": 1.0, ""availability_share"": 1.0, ""feasible_t"": 8.333333333333334, ""gross_delivery_t"": 8.333333333333334, ""order_month"": ""2035-08"", ""planned_arrival_month"": ""2036-08"", ""requested_t"": 8.333333333333334, ""shipment_id"": ""S0008"", ""source_id"": ""A"", ""source_name"": ""Earth-Core"", ""unfulfilled_request_t"": 0.0}, {""actual_arrival_month"": ""2036-09"", ""actual_delivery_share"": 1.0, ""availability_share"": 1.0, ""feasible_t"": 8.333333333333334, ""gross_delivery_t"": 8.333333333333334, ""order_month"": ""2035-09"", ""planned_arrival_month"": ""2036-09"", ""requested_t"": 8.333333333333334, ""shipment_id"": ""S0009"", ""source_id"": ""A"", ""source_name"": ""Earth-Core"", ""unfulfilled_request_t"": 0.0}, {""actual_arrival_month"": ""2036-10"", ""actual_delivery_share"": 1.0, ""availability_share"": 1.0, ""feasible_t"": 8.333333333333334, ""gross_delivery_t"": 8.333333333333334, ""order_month"": ""2035-10"", ""planned_arrival_month"": ""2036-10"", ""requested_t"": 8.333333333333334, ""shipment_id"": ""S0010"", ""source_id"": ""A"", ""source_name"": ""Earth-Core"", ""unfulfilled_request_t"": 0.0}, {""actual_arrival_month"": ""2036-11"", ""actual_delivery_share"": 1.0, ""availability_share"": 1.0, ""feasible_t"": 8.333333333333334, ""gross_delivery_t"": 8.333333333333334, ""order_month"": ""2035-11"", ""planned_arrival_month"": ""2036-11"", ""requested_t"": 8.333333333333334, ""shipment_id"": ""S0011"", ""source_id"": ""A"", ""source_name"": ""Earth-Core"", ""unfulfilled_request_t"": 0.0}, {""actual_arrival_month"": ""2036-12"", ""actual_delivery_share"": 1.0, ""availability_share"": 1.0, ""feasible_t"": 8.333333333333334, ""gross_delivery_t"": 8.333333333333334, ""order_month"": ""2035-12"", ""planned_arrival_month"": ""2036-12"", ""requested_t"": 8.333333333333334, ""shipment_id"": ""S0012"", ""source_id"": ""A"", ""source_name"": ""Earth-Core"", ""unfulfilled_request_t"": 0.0}, {""actual_arrival_month"": ""2037-01"", ""actual_delivery_share"": 1.0, ""availability_share"": 1.0, ""feasible_t"": 11.666666666666666, ""gross_delivery_t"": 11.666666666666666, ""order_month"": ""2036-01"", ""planned_arrival_month"": ""2037-01"", ""requested_t"": 11.666666666666666, ""shipment_id"": ""S0013"", ""source_id"": ""A"", ""source_name"": ""Earth-Core"", ""unfulfilled_request_t"": 0.0}, {""actual_arrival_month"": ""2037-02"", ""actual_delivery_share"": 1.0, ""availability_share"": 1.0, ""feasible_t"": 11.666666666666666, ""gross_delivery_t"": 11.666666666666666, ""order_month"": ""2036-02"", ""planned_arrival_month"": ""2037-02"", ""requested_t"": 11.666666666666666, ""shipment_id"": ""S0014"", ""source_id"": ""A"", ""source_name"": ""Earth-Core"", ""unfulfilled_request_t"": 0.0}, {""actual_arrival_month"": ""2037-03"", ""actual_delivery_share"": 1.0, ""availability_share"": 1.0, ""feasible_t"": 11.666666666666666, ""gross_delivery_t"": 11.666666666666666, ""order_month"": ""2036-03"", ""planned_arrival_month"": ""2037-03"", ""requested_t"": 11.666666666666666, ""shipment_id"": ""S0015"", ""source_id"": ""A"", ""source_name"": ""Earth-Core"", ""unfulfilled_request_t"": 0.0}, {""actual_arrival_month"": ""2037-04"", ""actual_delivery_share"": 1.0, ""availability_share"": 1.0, ""feasible_t"": 11.666666666666666, ""gross_delivery_t"": 11.666666666666666, ""order_month"": ""2036-04"", ""planned_arrival_month"": ""2037-04"", ""requested_t"": 11.666666666666666, ""shipment_id"": ""S0016"", ""source_id"": ""A"", ""source_name"": ""Earth-Core"", ""unfulfilled_request_t"": 0.0}, {""actual_arrival_month"": ""2037-05"", ""actual_delivery_share"": 1.0, ""availability_share"": 1.0, ""feasible_t"": 11.666666666666666, ""gross_delivery_t"": 11.666666666666666, ""order_month"": ""2036-05"", ""planned_arrival_month"": ""2037-05"", ""requested_t"": 11.666666666666666, ""shipment_id"": ""S0017"", ""source_id"": ""A"", ""source_name"": ""Earth-Core"", ""unfulfilled_request_t"": 0.0}, {""actual_arrival_month"": ""2037-06"", ""actual_delivery_share"": 1.0, ""availability_share"": 1.0, ""feasible_t"": 11.666666666666666, ""gross_delivery_t"": 11.666666666666666, ""order_month"": ""2036-06"", ""planned_arrival_month"": ""2037-06"", ""requested_t"": 11.666666666666666, ""shipment_id"": ""S0018"", ""source_id"": ""A"", ""source_name"": ""Earth-Core"", ""unfulfilled_request_t"": 0.0}, {""actual_arrival_month"": ""2037-07"", ""actual_delivery_share"": 1.0, ""availability_share"": 1.0, ""feasible_t"": 11.666666666666666, ""gross_delivery_t"": 11.666666666666666, ""order_month"": ""2036-07"", ""planned_arrival_month"": ""2037-07"", ""requested_t"": 11.666666666666666, ""shipment_id"": ""S0019"", ""source_id"": ""A"", ""source_name"": ""Earth-Core"", ""unfulfilled_request_t"": 0.0}, {""actual_arrival_month"": ""2036-08"", ""actual_delivery_share"": 1.0, ""availability_share"": 1.0, ""feasible_t"": 2.0833333333333335, ""gross_delivery_t"": 2.0833333333333335, ""order_month"": ""2036-04"", ""planned_arrival_month"": ""2036-08"", ""requested_t"": 2.0833333333333335, ""shipment_id"": ""S0088"", ""source_id"": ""B"", ""source_name"": ""Earth-Flex"", ""unfulfilled_request_t"": 0.0}, {""actual_arrival_month"": ""2036-09"", ""actual_delivery_share"": 1.0, ""availability_share"": 1.0, ""feasible_t"": 2.0833333333333335, ""gross_delivery_t"": 2.0833333333333335, ""order_month"": ""2036-05"", ""planned_arrival_month"": ""2036-09"", ""requested_t"": 2.0833333333333335, ""shipment_id"": ""S0089"", ""source_id"": ""B"", ""source_name"": ""Earth-Flex"", ""unfulfilled_request_t"": 0.0}, {""actual_arrival_month"": ""2036-10"", ""actual_delivery_share"": 1.0, ""availability_share"": 1.0, ""feasible_t"": 2.0833333333333335, ""gross_delivery_t"": 2.0833333333333335, ""order_month"": ""2036-06"", ""planned_arrival_month"": ""2036-10"", ""requested_t"": 2.0833333333333335, ""shipment_id"": ""S0090"", ""source_id"": ""B"", ""source_name"": ""Earth-Flex"", ""unfulfilled_request_t"": 0.0}, {""actual_arrival_month"": ""2036-11"", ""actual_delivery_share"": 1.0, ""availability_share"": 1.0, ""feasible_t"": 2.0833333333333335, ""gross_delivery_t"": 2.0833333333333335, ""order_month"": ""2036-07"", ""planned_arrival_month"": ""2036-11"", ""requested_t"": 2.0833333333333335, ""shipment_id"": ""S0091"", ""source_id"": ""B"", ""source_name"": ""Earth-Flex"", ""unfulfilled_request_t"": 0.0}]","{""A"": 8.333333333333334, ""B"": 2.0833333333333335}","{""A"": 8.333333333333334, ""B"": 2.0833333333333335}",10.416666666666668,0.12500000000000003,10.291666666666668,10.291666666666668,0.0,10.291666666666668,8.75,1.5416666666666679,0.0,1.3749999999999982,0.0,ZBO,120.0,0.012,"[""ZBO""]",0.0,1.0,[]
2036-08,0.0,11.666666666666666,8.75,"{""A"": 150.0, ""B"": 55.0, ""C"": 0, ""D"": 0, ""E"": 25.0}","{""A"": 11.666666666666666, ""B"": 2.0833333333333335}","[{""actual_arrival_month"": ""2036-09"", ""actual_delivery_share"": 1.0, ""availability_share"": 1.0, ""feasible_t"": 8.333333333333334, ""gross_delivery_t"": 8.333333333333334, ""order_month"": ""2035-09"", ""planned_arrival_month"": ""2036-09"", ""requested_t"": 8.333333333333334, ""shipment_id"": ""S0009"", ""source_id"": ""A"", ""source_name"": ""Earth-Core"", ""unfulfilled_request_t"": 0.0}, {""actual_arrival_month"": ""2036-10"", ""actual_delivery_share"": 1.0, ""availability_share"": 1.0, ""feasible_t"": 8.333333333333334, ""gross_delivery_t"": 8.333333333333334, ""order_month"": ""2035-10"", ""planned_arrival_month"": ""2036-10"", ""requested_t"": 8.333333333333334, ""shipment_id"": ""S0010"", ""source_id"": ""A"", ""source_name"": ""Earth-Core"", ""unfulfilled_request_t"": 0.0}, {""actual_arrival_month"": ""2036-11"", ""actual_delivery_share"": 1.0, ""availability_share"": 1.0, ""feasible_t"": 8.333333333333334, ""gross_delivery_t"": 8.333333333333334, ""order_month"": ""2035-11"", ""planned_arrival_month"": ""2036-11"", ""requested_t"": 8.333333333333334, ""shipment_id"": ""S0011"", ""source_id"": ""A"", ""source_name"": ""Earth-Core"", ""unfulfilled_request_t"": 0.0}, {""actual_arrival_month"": ""2036-12"", ""actual_delivery_share"": 1.0, ""availability_share"": 1.0, ""feasible_t"": 8.333333333333334, ""gross_delivery_t"": 8.333333333333334, ""order_month"": ""2035-12"", ""planned_arrival_month"": ""2036-12"", ""requested_t"": 8.333333333333334, ""shipment_id"": ""S0012"", ""source_id"": ""A"", ""source_name"": ""Earth-Core"", ""unfulfilled_request_t"": 0.0}, {""actual_arrival_month"": ""2037-01"", ""actual_delivery_share"": 1.0, ""availability_share"": 1.0, ""feasible_t"": 11.666666666666666, ""gross_delivery_t"": 11.666666666666666, ""order_month"": ""2036-01"", ""planned_arrival_month"": ""2037-01"", ""requested_t"": 11.666666666666666, ""shipment_id"": ""S0013"", ""source_id"": ""A"", ""source_name"": ""Earth-Core"", ""unfulfilled_request_t"": 0.0}, {""actual_arrival_month"": ""2037-02"", ""actual_delivery_share"": 1.0, ""availability_share"": 1.0, ""feasible_t"": 11.666666666666666, ""gross_delivery_t"": 11.666666666666666, ""order_month"": ""2036-02"", ""planned_arrival_month"": ""2037-02"", ""requested_t"": 11.666666666666666, ""shipment_id"": ""S0014"", ""source_id"": ""A"", ""source_name"": ""Earth-Core"", ""unfulfilled_request_t"": 0.0}, {""actual_arrival_month"": ""2037-03"", ""actual_delivery_share"": 1.0, ""availability_share"": 1.0, ""feasible_t"": 11.666666666666666, ""gross_delivery_t"": 11.666666666666666, ""order_month"": ""2036-03"", ""planned_arrival_month"": ""2037-03"", ""requested_t"": 11.666666666666666, ""shipment_id"": ""S0015"", ""source_id"": ""A"", ""source_name"": ""Earth-Core"", ""unfulfilled_request_t"": 0.0}, {""actual_arrival_month"": ""2037-04"", ""actual_delivery_share"": 1.0, ""availability_share"": 1.0, ""feasible_t"": 11.666666666666666, ""gross_delivery_t"": 11.666666666666666, ""order_month"": ""2036-04"", ""planned_arrival_month"": ""2037-04"", ""requested_t"": 11.666666666666666, ""shipment_id"": ""S0016"", ""source_id"": ""A"", ""source_name"": ""Earth-Core"", ""unfulfilled_request_t"": 0.0}, {""actual_arrival_month"": ""2037-05"", ""actual_delivery_share"": 1.0, ""availability_share"": 1.0, ""feasible_t"": 11.666666666666666, ""gross_delivery_t"": 11.666666666666666, ""order_month"": ""2036-05"", ""planned_arrival_month"": ""2037-05"", ""requested_t"": 11.666666666666666, ""shipment_id"": ""S0017"", ""source_id"": ""A"", ""source_name"": ""Earth-Core"", ""unfulfilled_request_t"": 0.0}, {""actual_arrival_month"": ""2037-06"", ""actual_delivery_share"": 1.0, ""availability_share"": 1.0, ""feasible_t"": 11.666666666666666, ""gross_delivery_t"": 11.666666666666666, ""order_month"": ""2036-06"", ""planned_arrival_month"": ""2037-06"", ""requested_t"": 11.666666666666666, ""shipment_id"": ""S0018"", ""source_id"": ""A"", ""source_name"": ""Earth-Core"", ""unfulfilled_request_t"": 0.0}, {""actual_arrival_month"": ""2037-07"", ""actual_delivery_share"": 1.0, ""availability_share"": 1.0, ""feasible_t"": 11.666666666666666, ""gross_delivery_t"": 11.666666666666666, ""order_month"": ""2036-07"", ""planned_arrival_month"": ""2037-07"", ""requested_t"": 11.666666666666666, ""shipment_id"": ""S0019"", ""source_id"": ""A"", ""source_name"": ""Earth-Core"", ""unfulfilled_request_t"": 0.0}, {""actual_arrival_month"": ""2037-08"", ""actual_delivery_share"": 1.0, ""availability_share"": 1.0, ""feasible_t"": 11.666666666666666, ""gross_delivery_t"": 11.666666666666666, ""order_month"": ""2036-08"", ""planned_arrival_month"": ""2037-08"", ""requested_t"": 11.666666666666666, ""shipment_id"": ""S0020"", ""source_id"": ""A"", ""source_name"": ""Earth-Core"", ""unfulfilled_request_t"": 0.0}, {""actual_arrival_month"": ""2036-09"", ""actual_delivery_share"": 1.0, ""availability_share"": 1.0, ""feasible_t"": 2.0833333333333335, ""gross_delivery_t"": 2.0833333333333335, ""order_month"": ""2036-05"", ""planned_arrival_month"": ""2036-09"", ""requested_t"": 2.0833333333333335, ""shipment_id"": ""S0089"", ""source_id"": ""B"", ""source_name"": ""Earth-Flex"", ""unfulfilled_request_t"": 0.0}, {""actual_arrival_month"": ""2036-10"", ""actual_delivery_share"": 1.0, ""availability_share"": 1.0, ""feasible_t"": 2.0833333333333335, ""gross_delivery_t"": 2.0833333333333335, ""order_month"": ""2036-06"", ""planned_arrival_month"": ""2036-10"", ""requested_t"": 2.0833333333333335, ""shipment_id"": ""S0090"", ""source_id"": ""B"", ""source_name"": ""Earth-Flex"", ""unfulfilled_request_t"": 0.0}, {""actual_arrival_month"": ""2036-11"", ""actual_delivery_share"": 1.0, ""availability_share"": 1.0, ""feasible_t"": 2.0833333333333335, ""gross_delivery_t"": 2.0833333333333335, ""order_month"": ""2036-07"", ""planned_arrival_month"": ""2036-11"", ""requested_t"": 2.0833333333333335, ""shipment_id"": ""S0091"", ""source_id"": ""B"", ""source_name"": ""Earth-Flex"", ""unfulfilled_request_t"": 0.0}, {""actual_arrival_month"": ""2036-12"", ""actual_delivery_share"": 1.0, ""availability_share"": 1.0, ""feasible_t"": 2.0833333333333335, ""gross_delivery_t"": 2.0833333333333335, ""order_month"": ""2036-08"", ""planned_arrival_month"": ""2036-12"", ""requested_t"": 2.0833333333333335, ""shipment_id"": ""S0092"", ""source_id"": ""B"", ""source_name"": ""Earth-Flex"", ""unfulfilled_request_t"": 0.0}]","{""A"": 8.333333333333334, ""B"": 2.0833333333333335}","{""A"": 8.333333333333334, ""B"": 2.0833333333333335}",10.416666666666668,0.12500000000000003,10.291666666666668,10.291666666666668,0.0,10.291666666666668,8.75,1.5416666666666679,0.0,1.3749999999999982,0.0,ZBO,120.0,0.012,"[""ZBO""]",0.0,1.0,[]
2036-09,0.0,11.666666666666666,8.75,"{""A"": 150.0, ""B"": 55.0, ""C"": 0, ""D"": 0, ""E"": 25.0}","{""A"": 11.666666666666666, ""B"": 2.0833333333333335}","[{""actual_arrival_month"": ""2036-10"", ""actual_delivery_share"": 1.0, ""availability_share"": 1.0, ""feasible_t"": 8.333333333333334, ""gross_delivery_t"": 8.333333333333334, ""order_month"": ""2035-10"", ""planned_arrival_month"": ""2036-10"", ""requested_t"": 8.333333333333334, ""shipment_id"": ""S0010"", ""source_id"": ""A"", ""source_name"": ""Earth-Core"", ""unfulfilled_request_t"": 0.0}, {""actual_arrival_month"": ""2036-11"", ""actual_delivery_share"": 1.0, ""availability_share"": 1.0, ""feasible_t"": 8.333333333333334, ""gross_delivery_t"": 8.333333333333334, ""order_month"": ""2035-11"", ""planned_arrival_month"": ""2036-11"", ""requested_t"": 8.333333333333334, ""shipment_id"": ""S0011"", ""source_id"": ""A"", ""source_name"": ""Earth-Core"", ""unfulfilled_request_t"": 0.0}, {""actual_arrival_month"": ""2036-12"", ""actual_delivery_share"": 1.0, ""availability_share"": 1.0, ""feasible_t"": 8.333333333333334, ""gross_delivery_t"": 8.333333333333334, ""order_month"": ""2035-12"", ""planned_arrival_month"": ""2036-12"", ""requested_t"": 8.333333333333334, ""shipment_id"": ""S0012"", ""source_id"": ""A"", ""source_name"": ""Earth-Core"", ""unfulfilled_request_t"": 0.0}, {""actual_arrival_month"": ""2037-01"", ""actual_delivery_share"": 1.0, ""availability_share"": 1.0, ""feasible_t"": 11.666666666666666, ""gross_delivery_t"": 11.666666666666666, ""order_month"": ""2036-01"", ""planned_arrival_month"": ""2037-01"", ""requested_t"": 11.666666666666666, ""shipment_id"": ""S0013"", ""source_id"": ""A"", ""source_name"": ""Earth-Core"", ""unfulfilled_request_t"": 0.0}, {""actual_arrival_month"": ""2037-02"", ""actual_delivery_share"": 1.0, ""availability_share"": 1.0, ""feasible_t"": 11.666666666666666, ""gross_delivery_t"": 11.666666666666666, ""order_month"": ""2036-02"", ""planned_arrival_month"": ""2037-02"", ""requested_t"": 11.666666666666666, ""shipment_id"": ""S0014"", ""source_id"": ""A"", ""source_name"": ""Earth-Core"", ""unfulfilled_request_t"": 0.0}, {""actual_arrival_month"": ""2037-03"", ""actual_delivery_share"": 1.0, ""availability_share"": 1.0, ""feasible_t"": 11.666666666666666, ""gross_delivery_t"": 11.666666666666666, ""order_month"": ""2036-03"", ""planned_arrival_month"": ""2037-03"", ""requested_t"": 11.666666666666666, ""shipment_id"": ""S0015"", ""source_id"": ""A"", ""source_name"": ""Earth-Core"", ""unfulfilled_request_t"": 0.0}, {""actual_arrival_month"": ""2037-04"", ""actual_delivery_share"": 1.0, ""availability_share"": 1.0, ""feasible_t"": 11.666666666666666, ""gross_delivery_t"": 11.666666666666666, ""order_month"": ""2036-04"", ""planned_arrival_month"": ""2037-04"", ""requested_t"": 11.666666666666666, ""shipment_id"": ""S0016"", ""source_id"": ""A"", ""source_name"": ""Earth-Core"", ""unfulfilled_request_t"": 0.0}, {""actual_arrival_month"": ""2037-05"", ""actual_delivery_share"": 1.0, ""availability_share"": 1.0, ""feasible_t"": 11.666666666666666, ""gross_delivery_t"": 11.666666666666666, ""order_month"": ""2036-05"", ""planned_arrival_month"": ""2037-05"", ""requested_t"": 11.666666666666666, ""shipment_id"": ""S0017"", ""source_id"": ""A"", ""source_name"": ""Earth-Core"", ""unfulfilled_request_t"": 0.0}, {""actual_arrival_month"": ""2037-06"", ""actual_delivery_share"": 1.0, ""availability_share"": 1.0, ""feasible_t"": 11.666666666666666, ""gross_delivery_t"": 11.666666666666666, ""order_month"": ""2036-06"", ""planned_arrival_month"": ""2037-06"", ""requested_t"": 11.666666666666666, ""shipment_id"": ""S0018"", ""source_id"": ""A"", ""source_name"": ""Earth-Core"", ""unfulfilled_request_t"": 0.0}, {""actual_arrival_month"": ""2037-07"", ""actual_delivery_share"": 1.0, ""availability_share"": 1.0, ""feasible_t"": 11.666666666666666, ""gross_delivery_t"": 11.666666666666666, ""order_month"": ""2036-07"", ""planned_arrival_month"": ""2037-07"", ""requested_t"": 11.666666666666666, ""shipment_id"": ""S0019"", ""source_id"": ""A"", ""source_name"": ""Earth-Core"", ""unfulfilled_request_t"": 0.0}, {""actual_arrival_month"": ""2037-08"", ""actual_delivery_share"": 1.0, ""availability_share"": 1.0, ""feasible_t"": 11.666666666666666, ""gross_delivery_t"": 11.666666666666666, ""order_month"": ""2036-08"", ""planned_arrival_month"": ""2037-08"", ""requested_t"": 11.666666666666666, ""shipment_id"": ""S0020"", ""source_id"": ""A"", ""source_name"": ""Earth-Core"", ""unfulfilled_request_t"": 0.0}, {""actual_arrival_month"": ""2037-09"", ""actual_delivery_share"": 1.0, ""availability_share"": 1.0, ""feasible_t"": 11.666666666666666, ""gross_delivery_t"": 11.666666666666666, ""order_month"": ""2036-09"", ""planned_arrival_month"": ""2037-09"", ""requested_t"": 11.666666666666666, ""shipment_id"": ""S0021"", ""source_id"": ""A"", ""source_name"": ""Earth-Core"", ""unfulfilled_request_t"": 0.0}, {""actual_arrival_month"": ""2036-10"", ""actual_delivery_share"": 1.0, ""availability_share"": 1.0, ""feasible_t"": 2.0833333333333335, ""gross_delivery_t"": 2.0833333333333335, ""order_month"": ""2036-06"", ""planned_arrival_month"": ""2036-10"", ""requested_t"": 2.0833333333333335, ""shipment_id"": ""S0090"", ""source_id"": ""B"", ""source_name"": ""Earth-Flex"", ""unfulfilled_request_t"": 0.0}, {""actual_arrival_month"": ""2036-11"", ""actual_delivery_share"": 1.0, ""availability_share"": 1.0, ""feasible_t"": 2.0833333333333335, ""gross_delivery_t"": 2.0833333333333335, ""order_month"": ""2036-07"", ""planned_arrival_month"": ""2036-11"", ""requested_t"": 2.0833333333333335, ""shipment_id"": ""S0091"", ""source_id"": ""B"", ""source_name"": ""Earth-Flex"", ""unfulfilled_request_t"": 0.0}, {""actual_arrival_month"": ""2036-12"", ""actual_delivery_share"": 1.0, ""availability_share"": 1.0, ""feasible_t"": 2.0833333333333335, ""gross_delivery_t"": 2.0833333333333335, ""order_month"": ""2036-08"", ""planned_arrival_month"": ""2036-12"", ""requested_t"": 2.0833333333333335, ""shipment_id"": ""S0092"", ""source_id"": ""B"", ""source_name"": ""Earth-Flex"", ""unfulfilled_request_t"": 0.0}, {""actual_arrival_month"": ""2037-01"", ""actual_delivery_share"": 1.0, ""availability_share"": 1.0, ""feasible_t"": 2.0833333333333335, ""gross_delivery_t"": 2.0833333333333335, ""order_month"": ""2036-09"", ""planned_arrival_month"": ""2037-01"", ""requested_t"": 2.0833333333333335, ""shipment_id"": ""S0093"", ""source_id"": ""B"", ""source_name"": ""Earth-Flex"", ""unfulfilled_request_t"": 0.0}]","{""A"": 8.333333333333334, ""B"": 2.0833333333333335}","{""A"": 8.333333333333334, ""B"": 2.0833333333333335}",10.416666666666668,0.12500000000000003,10.291666666666668,10.291666666666668,0.0,10.291666666666668,8.75,1.5416666666666679,0.0,1.3749999999999982,0.0,ZBO,120.0,0.012,"[""ZBO""]",0.0,1.0,[]
2036-10,0.0,11.666666666666666,8.75,"{""A"": 150.0, ""B"": 55.0, ""C"": 0, ""D"": 0, ""E"": 25.0}","{""A"": 11.666666666666666, ""B"": 2.0833333333333335}","[{""actual_arrival_month"": ""2036-11"", ""actual_delivery_share"": 1.0, ""availability_share"": 1.0, ""feasible_t"": 8.333333333333334, ""gross_delivery_t"": 8.333333333333334, ""order_month"": ""2035-11"", ""planned_arrival_month"": ""2036-11"", ""requested_t"": 8.333333333333334, ""shipment_id"": ""S0011"", ""source_id"": ""A"", ""source_name"": ""Earth-Core"", ""unfulfilled_request_t"": 0.0}, {""actual_arrival_month"": ""2036-12"", ""actual_delivery_share"": 1.0, ""availability_share"": 1.0, ""feasible_t"": 8.333333333333334, ""gross_delivery_t"": 8.333333333333334, ""order_month"": ""2035-12"", ""planned_arrival_month"": ""2036-12"", ""requested_t"": 8.333333333333334, ""shipment_id"": ""S0012"", ""source_id"": ""A"", ""source_name"": ""Earth-Core"", ""unfulfilled_request_t"": 0.0}, {""actual_arrival_month"": ""2037-01"", ""actual_delivery_share"": 1.0, ""availability_share"": 1.0, ""feasible_t"": 11.666666666666666, ""gross_delivery_t"": 11.666666666666666, ""order_month"": ""2036-01"", ""planned_arrival_month"": ""2037-01"", ""requested_t"": 11.666666666666666, ""shipment_id"": ""S0013"", ""source_id"": ""A"", ""source_name"": ""Earth-Core"", ""unfulfilled_request_t"": 0.0}, {""actual_arrival_month"": ""2037-02"", ""actual_delivery_share"": 1.0, ""availability_share"": 1.0, ""feasible_t"": 11.666666666666666, ""gross_delivery_t"": 11.666666666666666, ""order_month"": ""2036-02"", ""planned_arrival_month"": ""2037-02"", ""requested_t"": 11.666666666666666, ""shipment_id"": ""S0014"", ""source_id"": ""A"", ""source_name"": ""Earth-Core"", ""unfulfilled_request_t"": 0.0}, {""actual_arrival_month"": ""2037-03"", ""actual_delivery_share"": 1.0, ""availability_share"": 1.0, ""feasible_t"": 11.666666666666666, ""gross_delivery_t"": 11.666666666666666, ""order_month"": ""2036-03"", ""planned_arrival_month"": ""2037-03"", ""requested_t"": 11.666666666666666, ""shipment_id"": ""S0015"", ""source_id"": ""A"", ""source_name"": ""Earth-Core"", ""unfulfilled_request_t"": 0.0}, {""actual_arrival_month"": ""2037-04"", ""actual_delivery_share"": 1.0, ""availability_share"": 1.0, ""feasible_t"": 11.666666666666666, ""gross_delivery_t"": 11.666666666666666, ""order_month"": ""2036-04"", ""planned_arrival_month"": ""2037-04"", ""requested_t"": 11.666666666666666, ""shipment_id"": ""S0016"", ""source_id"": ""A"", ""source_name"": ""Earth-Core"", ""unfulfilled_request_t"": 0.0}, {""actual_arrival_month"": ""2037-05"", ""actual_delivery_share"": 1.0, ""availability_share"": 1.0, ""feasible_t"": 11.666666666666666, ""gross_delivery_t"": 11.666666666666666, ""order_month"": ""2036-05"", ""planned_arrival_month"": ""2037-05"", ""requested_t"": 11.666666666666666, ""shipment_id"": ""S0017"", ""source_id"": ""A"", ""source_name"": ""Earth-Core"", ""unfulfilled_request_t"": 0.0}, {""actual_arrival_month"": ""2037-06"", ""actual_delivery_share"": 1.0, ""availability_share"": 1.0, ""feasible_t"": 11.666666666666666, ""gross_delivery_t"": 11.666666666666666, ""order_month"": ""2036-06"", ""planned_arrival_month"": ""2037-06"", ""requested_t"": 11.666666666666666, ""shipment_id"": ""S0018"", ""source_id"": ""A"", ""source_name"": ""Earth-Core"", ""unfulfilled_request_t"": 0.0}, {""actual_arrival_month"": ""2037-07"", ""actual_delivery_share"": 1.0, ""availability_share"": 1.0, ""feasible_t"": 11.666666666666666, ""gross_delivery_t"": 11.666666666666666, ""order_month"": ""2036-07"", ""planned_arrival_month"": ""2037-07"", ""requested_t"": 11.666666666666666, ""shipment_id"": ""S0019"", ""source_id"": ""A"", ""source_name"": ""Earth-Core"", ""unfulfilled_request_t"": 0.0}, {""actual_arrival_month"": ""2037-08"", ""actual_delivery_share"": 1.0, ""availability_share"": 1.0, ""feasible_t"": 11.666666666666666, ""gross_delivery_t"": 11.666666666666666, ""order_month"": ""2036-08"", ""planned_arrival_month"": ""2037-08"", ""requested_t"": 11.666666666666666, ""shipment_id"": ""S0020"", ""source_id"": ""A"", ""source_name"": ""Earth-Core"", ""unfulfilled_request_t"": 0.0}, {""actual_arrival_month"": ""2037-09"", ""actual_delivery_share"": 1.0, ""availability_share"": 1.0, ""feasible_t"": 11.666666666666666, ""gross_delivery_t"": 11.666666666666666, ""order_month"": ""2036-09"", ""planned_arrival_month"": ""2037-09"", ""requested_t"": 11.666666666666666, ""shipment_id"": ""S0021"", ""source_id"": ""A"", ""source_name"": ""Earth-Core"", ""unfulfilled_request_t"": 0.0}, {""actual_arrival_month"": ""2037-10"", ""actual_delivery_share"": 1.0, ""availability_share"": 1.0, ""feasible_t"": 11.666666666666666, ""gross_delivery_t"": 11.666666666666666, ""order_month"": ""2036-10"", ""planned_arrival_month"": ""2037-10"", ""requested_t"": 11.666666666666666, ""shipment_id"": ""S0022"", ""source_id"": ""A"", ""source_name"": ""Earth-Core"", ""unfulfilled_request_t"": 0.0}, {""actual_arrival_month"": ""2036-11"", ""actual_delivery_share"": 1.0, ""availability_share"": 1.0, ""feasible_t"": 2.0833333333333335, ""gross_delivery_t"": 2.0833333333333335, ""order_month"": ""2036-07"", ""planned_arrival_month"": ""2036-11"", ""requested_t"": 2.0833333333333335, ""shipment_id"": ""S0091"", ""source_id"": ""B"", ""source_name"": ""Earth-Flex"", ""unfulfilled_request_t"": 0.0}, {""actual_arrival_month"": ""2036-12"", ""actual_delivery_share"": 1.0, ""availability_share"": 1.0, ""feasible_t"": 2.0833333333333335, ""gross_delivery_t"": 2.0833333333333335, ""order_month"": ""2036-08"", ""planned_arrival_month"": ""2036-12"", ""requested_t"": 2.0833333333333335, ""shipment_id"": ""S0092"", ""source_id"": ""B"", ""source_name"": ""Earth-Flex"", ""unfulfilled_request_t"": 0.0}, {""actual_arrival_month"": ""2037-01"", ""actual_delivery_share"": 1.0, ""availability_share"": 1.0, ""feasible_t"": 2.0833333333333335, ""gross_delivery_t"": 2.0833333333333335, ""order_month"": ""2036-09"", ""planned_arrival_month"": ""2037-01"", ""requested_t"": 2.0833333333333335, ""shipment_id"": ""S0093"", ""source_id"": ""B"", ""source_name"": ""Earth-Flex"", ""unfulfilled_request_t"": 0.0}, {""actual_arrival_month"": ""2037-02"", ""actual_delivery_share"": 1.0, ""availability_share"": 1.0, ""feasible_t"": 2.0833333333333335, ""gross_delivery_t"": 2.0833333333333335, ""order_month"": ""2036-10"", ""planned_arrival_month"": ""2037-02"", ""requested_t"": 2.0833333333333335, ""shipment_id"": ""S0094"", ""source_id"": ""B"", ""source_name"": ""Earth-Flex"", ""unfulfilled_request_t"": 0.0}]","{""A"": 8.333333333333334, ""B"": 2.0833333333333335}","{""A"": 8.333333333333334, ""B"": 2.0833333333333335}",10.416666666666668,0.12500000000000003,10.291666666666668,10.291666666666668,0.0,10.291666666666668,8.75,1.5416666666666679,0.0,1.3749999999999982,0.0,ZBO,120.0,0.012,"[""ZBO""]",0.0,1.0,[]
2036-11,0.0,11.666666666666666,8.75,"{""A"": 150.0, ""B"": 55.0, ""C"": 0, ""D"": 0, ""E"": 25.0}","{""A"": 11.666666666666666, ""B"": 2.0833333333333335}","[{""actual_arrival_month"": ""2036-12"", ""actual_delivery_share"": 1.0, ""availability_share"": 1.0, ""feasible_t"": 8.333333333333334, ""gross_delivery_t"": 8.333333333333334, ""order_month"": ""2035-12"", ""planned_arrival_month"": ""2036-12"", ""requested_t"": 8.333333333333334, ""shipment_id"": ""S0012"", ""source_id"": ""A"", ""source_name"": ""Earth-Core"", ""unfulfilled_request_t"": 0.0}, {""actual_arrival_month"": ""2037-01"", ""actual_delivery_share"": 1.0, ""availability_share"": 1.0, ""feasible_t"": 11.666666666666666, ""gross_delivery_t"": 11.666666666666666, ""order_month"": ""2036-01"", ""planned_arrival_month"": ""2037-01"", ""requested_t"": 11.666666666666666, ""shipment_id"": ""S0013"", ""source_id"": ""A"", ""source_name"": ""Earth-Core"", ""unfulfilled_request_t"": 0.0}, {""actual_arrival_month"": ""2037-02"", ""actual_delivery_share"": 1.0, ""availability_share"": 1.0, ""feasible_t"": 11.666666666666666, ""gross_delivery_t"": 11.666666666666666, ""order_month"": ""2036-02"", ""planned_arrival_month"": ""2037-02"", ""requested_t"": 11.666666666666666, ""shipment_id"": ""S0014"", ""source_id"": ""A"", ""source_name"": ""Earth-Core"", ""unfulfilled_request_t"": 0.0}, {""actual_arrival_month"": ""2037-03"", ""actual_delivery_share"": 1.0, ""availability_share"": 1.0, ""feasible_t"": 11.666666666666666, ""gross_delivery_t"": 11.666666666666666, ""order_month"": ""2036-03"", ""planned_arrival_month"": ""2037-03"", ""requested_t"": 11.666666666666666, ""shipment_id"": ""S0015"", ""source_id"": ""A"", ""source_name"": ""Earth-Core"", ""unfulfilled_request_t"": 0.0}, {""actual_arrival_month"": ""2037-04"", ""actual_delivery_share"": 1.0, ""availability_share"": 1.0, ""feasible_t"": 11.666666666666666, ""gross_delivery_t"": 11.666666666666666, ""order_month"": ""2036-04"", ""planned_arrival_month"": ""2037-04"", ""requested_t"": 11.666666666666666, ""shipment_id"": ""S0016"", ""source_id"": ""A"", ""source_name"": ""Earth-Core"", ""unfulfilled_request_t"": 0.0}, {""actual_arrival_month"": ""2037-05"", ""actual_delivery_share"": 1.0, ""availability_share"": 1.0, ""feasible_t"": 11.666666666666666, ""gross_delivery_t"": 11.666666666666666, ""order_month"": ""2036-05"", ""planned_arrival_month"": ""2037-05"", ""requested_t"": 11.666666666666666, ""shipment_id"": ""S0017"", ""source_id"": ""A"", ""source_name"": ""Earth-Core"", ""unfulfilled_request_t"": 0.0}, {""actual_arrival_month"": ""2037-06"", ""actual_delivery_share"": 1.0, ""availability_share"": 1.0, ""feasible_t"": 11.666666666666666, ""gross_delivery_t"": 11.666666666666666, ""order_month"": ""2036-06"", ""planned_arrival_month"": ""2037-06"", ""requested_t"": 11.666666666666666, ""shipment_id"": ""S0018"", ""source_id"": ""A"", ""source_name"": ""Earth-Core"", ""unfulfilled_request_t"": 0.0}, {""actual_arrival_month"": ""2037-07"", ""actual_delivery_share"": 1.0, ""availability_share"": 1.0, ""feasible_t"": 11.666666666666666, ""gross_delivery_t"": 11.666666666666666, ""order_month"": ""2036-07"", ""planned_arrival_month"": ""2037-07"", ""requested_t"": 11.666666666666666, ""shipment_id"": ""S0019"", ""source_id"": ""A"", ""source_name"": ""Earth-Core"", ""unfulfilled_request_t"": 0.0}, {""actual_arrival_month"": ""2037-08"", ""actual_delivery_share"": 1.0, ""availability_share"": 1.0, ""feasible_t"": 11.666666666666666, ""gross_delivery_t"": 11.666666666666666, ""order_month"": ""2036-08"", ""planned_arrival_month"": ""2037-08"", ""requested_t"": 11.666666666666666, ""shipment_id"": ""S0020"", ""source_id"": ""A"", ""source_name"": ""Earth-Core"", ""unfulfilled_request_t"": 0.0}, {""actual_arrival_month"": ""2037-09"", ""actual_delivery_share"": 1.0, ""availability_share"": 1.0, ""feasible_t"": 11.666666666666666, ""gross_delivery_t"": 11.666666666666666, ""order_month"": ""2036-09"", ""planned_arrival_month"": ""2037-09"", ""requested_t"": 11.666666666666666, ""shipment_id"": ""S0021"", ""source_id"": ""A"", ""source_name"": ""Earth-Core"", ""unfulfilled_request_t"": 0.0}, {""actual_arrival_month"": ""2037-10"", ""actual_delivery_share"": 1.0, ""availability_share"": 1.0, ""feasible_t"": 11.666666666666666, ""gross_delivery_t"": 11.666666666666666, ""order_month"": ""2036-10"", ""planned_arrival_month"": ""2037-10"", ""requested_t"": 11.666666666666666, ""shipment_id"": ""S0022"", ""source_id"": ""A"", ""source_name"": ""Earth-Core"", ""unfulfilled_request_t"": 0.0}, {""actual_arrival_month"": ""2037-11"", ""actual_delivery_share"": 1.0, ""availability_share"": 1.0, ""feasible_t"": 11.666666666666666, ""gross_delivery_t"": 11.666666666666666, ""order_month"": ""2036-11"", ""planned_arrival_month"": ""2037-11"", ""requested_t"": 11.666666666666666, ""shipment_id"": ""S0023"", ""source_id"": ""A"", ""source_name"": ""Earth-Core"", ""unfulfilled_request_t"": 0.0}, {""actual_arrival_month"": ""2036-12"", ""actual_delivery_share"": 1.0, ""availability_share"": 1.0, ""feasible_t"": 2.0833333333333335, ""gross_delivery_t"": 2.0833333333333335, ""order_month"": ""2036-08"", ""planned_arrival_month"": ""2036-12"", ""requested_t"": 2.0833333333333335, ""shipment_id"": ""S0092"", ""source_id"": ""B"", ""source_name"": ""Earth-Flex"", ""unfulfilled_request_t"": 0.0}, {""actual_arrival_month"": ""2037-01"", ""actual_delivery_share"": 1.0, ""availability_share"": 1.0, ""feasible_t"": 2.0833333333333335, ""gross_delivery_t"": 2.0833333333333335, ""order_month"": ""2036-09"", ""planned_arrival_month"": ""2037-01"", ""requested_t"": 2.0833333333333335, ""shipment_id"": ""S0093"", ""source_id"": ""B"", ""source_name"": ""Earth-Flex"", ""unfulfilled_request_t"": 0.0}, {""actual_arrival_month"": ""2037-02"", ""actual_delivery_share"": 1.0, ""availability_share"": 1.0, ""feasible_t"": 2.0833333333333335, ""gross_delivery_t"": 2.0833333333333335, ""order_month"": ""2036-10"", ""planned_arrival_month"": ""2037-02"", ""requested_t"": 2.0833333333333335, ""shipment_id"": ""S0094"", ""source_id"": ""B"", ""source_name"": ""Earth-Flex"", ""unfulfilled_request_t"": 0.0}, {""actual_arrival_month"": ""2037-03"", ""actual_delivery_share"": 1.0, ""availability_share"": 1.0, ""feasible_t"": 2.0833333333333335, ""gross_delivery_t"": 2.0833333333333335, ""order_month"": ""2036-11"", ""planned_arrival_month"": ""2037-03"", ""requested_t"": 2.0833333333333335, ""shipment_id"": ""S0095"", ""source_id"": ""B"", ""source_name"": ""Earth-Flex"", ""unfulfilled_request_t"": 0.0}]","{""A"": 8.333333333333334, ""B"": 2.0833333333333335}","{""A"": 8.333333333333334, ""B"": 2.0833333333333335}",10.416666666666668,0.12500000000000003,10.291666666666668,10.291666666666668,0.0,10.291666666666668,8.75,1.5416666666666679,0.0,1.3749999999999982,0.0,ZBO,120.0,0.012,"[""ZBO""]",0.0,1.0,[]
2036-12,0.0,11.666666666666666,8.75,"{""A"": 150.0, ""B"": 55.0, ""C"": 0, ""D"": 0, ""E"": 25.0}","{""A"": 11.666666666666666, ""B"": 2.0833333333333335}","[{""actual_arrival_month"": ""2037-01"", ""actual_delivery_share"": 1.0, ""availability_share"": 1.0, ""feasible_t"": 11.666666666666666, ""gross_delivery_t"": 11.666666666666666, ""order_month"": ""2036-01"", ""planned_arrival_month"": ""2037-01"", ""requested_t"": 11.666666666666666, ""shipment_id"": ""S0013"", ""source_id"": ""A"", ""source_name"": ""Earth-Core"", ""unfulfilled_request_t"": 0.0}, {""actual_arrival_month"": ""2037-02"", ""actual_delivery_share"": 1.0, ""availability_share"": 1.0, ""feasible_t"": 11.666666666666666, ""gross_delivery_t"": 11.666666666666666, ""order_month"": ""2036-02"", ""planned_arrival_month"": ""2037-02"", ""requested_t"": 11.666666666666666, ""shipment_id"": ""S0014"", ""source_id"": ""A"", ""source_name"": ""Earth-Core"", ""unfulfilled_request_t"": 0.0}, {""actual_arrival_month"": ""2037-03"", ""actual_delivery_share"": 1.0, ""availability_share"": 1.0, ""feasible_t"": 11.666666666666666, ""gross_delivery_t"": 11.666666666666666, ""order_month"": ""2036-03"", ""planned_arrival_month"": ""2037-03"", ""requested_t"": 11.666666666666666, ""shipment_id"": ""S0015"", ""source_id"": ""A"", ""source_name"": ""Earth-Core"", ""unfulfilled_request_t"": 0.0}, {""actual_arrival_month"": ""2037-04"", ""actual_delivery_share"": 1.0, ""availability_share"": 1.0, ""feasible_t"": 11.666666666666666, ""gross_delivery_t"": 11.666666666666666, ""order_month"": ""2036-04"", ""planned_arrival_month"": ""2037-04"", ""requested_t"": 11.666666666666666, ""shipment_id"": ""S0016"", ""source_id"": ""A"", ""source_name"": ""Earth-Core"", ""unfulfilled_request_t"": 0.0}, {""actual_arrival_month"": ""2037-05"", ""actual_delivery_share"": 1.0, ""availability_share"": 1.0, ""feasible_t"": 11.666666666666666, ""gross_delivery_t"": 11.666666666666666, ""order_month"": ""2036-05"", ""planned_arrival_month"": ""2037-05"", ""requested_t"": 11.666666666666666, ""shipment_id"": ""S0017"", ""source_id"": ""A"", ""source_name"": ""Earth-Core"", ""unfulfilled_request_t"": 0.0}, {""actual_arrival_month"": ""2037-06"", ""actual_delivery_share"": 1.0, ""availability_share"": 1.0, ""feasible_t"": 11.666666666666666, ""gross_delivery_t"": 11.666666666666666, ""order_month"": ""2036-06"", ""planned_arrival_month"": ""2037-06"", ""requested_t"": 11.666666666666666, ""shipment_id"": ""S0018"", ""source_id"": ""A"", ""source_name"": ""Earth-Core"", ""unfulfilled_request_t"": 0.0}, {""actual_arrival_month"": ""2037-07"", ""actual_delivery_share"": 1.0, ""availability_share"": 1.0, ""feasible_t"": 11.666666666666666, ""gross_delivery_t"": 11.666666666666666, ""order_month"": ""2036-07"", ""planned_arrival_month"": ""2037-07"", ""requested_t"": 11.666666666666666, ""shipment_id"": ""S0019"", ""source_id"": ""A"", ""source_name"": ""Earth-Core"", ""unfulfilled_request_t"": 0.0}, {""actual_arrival_month"": ""2037-08"", ""actual_delivery_share"": 1.0, ""availability_share"": 1.0, ""feasible_t"": 11.666666666666666, ""gross_delivery_t"": 11.666666666666666, ""order_month"": ""2036-08"", ""planned_arrival_month"": ""2037-08"", ""requested_t"": 11.666666666666666, ""shipment_id"": ""S0020"", ""source_id"": ""A"", ""source_name"": ""Earth-Core"", ""unfulfilled_request_t"": 0.0}, {""actual_arrival_month"": ""2037-09"", ""actual_delivery_share"": 1.0, ""availability_share"": 1.0, ""feasible_t"": 11.666666666666666, ""gross_delivery_t"": 11.666666666666666, ""order_month"": ""2036-09"", ""planned_arrival_month"": ""2037-09"", ""requested_t"": 11.666666666666666, ""shipment_id"": ""S0021"", ""source_id"": ""A"", ""source_name"": ""Earth-Core"", ""unfulfilled_request_t"": 0.0}, {""actual_arrival_month"": ""2037-10"", ""actual_delivery_share"": 1.0, ""availability_share"": 1.0, ""feasible_t"": 11.666666666666666, ""gross_delivery_t"": 11.666666666666666, ""order_month"": ""2036-10"", ""planned_arrival_month"": ""2037-10"", ""requested_t"": 11.666666666666666, ""shipment_id"": ""S0022"", ""source_id"": ""A"", ""source_name"": ""Earth-Core"", ""unfulfilled_request_t"": 0.0}, {""actual_arrival_month"": ""2037-11"", ""actual_delivery_share"": 1.0, ""availability_share"": 1.0, ""feasible_t"": 11.666666666666666, ""gross_delivery_t"": 11.666666666666666, ""order_month"": ""2036-11"", ""planned_arrival_month"": ""2037-11"", ""requested_t"": 11.666666666666666, ""shipment_id"": ""S0023"", ""source_id"": ""A"", ""source_name"": ""Earth-Core"", ""unfulfilled_request_t"": 0.0}, {""actual_arrival_month"": ""2037-12"", ""actual_delivery_share"": 1.0, ""availability_share"": 1.0, ""feasible_t"": 11.666666666666666, ""gross_delivery_t"": 11.666666666666666, ""order_month"": ""2036-12"", ""planned_arrival_month"": ""2037-12"", ""requested_t"": 11.666666666666666, ""shipment_id"": ""S0024"", ""source_id"": ""A"", ""source_name"": ""Earth-Core"", ""unfulfilled_request_t"": 0.0}, {""actual_arrival_month"": ""2037-01"", ""actual_delivery_share"": 1.0, ""availability_share"": 1.0, ""feasible_t"": 2.0833333333333335, ""gross_delivery_t"": 2.0833333333333335, ""order_month"": ""2036-09"", ""planned_arrival_month"": ""2037-01"", ""requested_t"": 2.0833333333333335, ""shipment_id"": ""S0093"", ""source_id"": ""B"", ""source_name"": ""Earth-Flex"", ""unfulfilled_request_t"": 0.0}, {""actual_arrival_month"": ""2037-02"", ""actual_delivery_share"": 1.0, ""availability_share"": 1.0, ""feasible_t"": 2.0833333333333335, ""gross_delivery_t"": 2.0833333333333335, ""order_month"": ""2036-10"", ""planned_arrival_month"": ""2037-02"", ""requested_t"": 2.0833333333333335, ""shipment_id"": ""S0094"", ""source_id"": ""B"", ""source_name"": ""Earth-Flex"", ""unfulfilled_request_t"": 0.0}, {""actual_arrival_month"": ""2037-03"", ""actual_delivery_share"": 1.0, ""availability_share"": 1.0, ""feasible_t"": 2.0833333333333335, ""gross_delivery_t"": 2.0833333333333335, ""order_month"": ""2036-11"", ""planned_arrival_month"": ""2037-03"", ""requested_t"": 2.0833333333333335, ""shipment_id"": ""S0095"", ""source_id"": ""B"", ""source_name"": ""Earth-Flex"", ""unfulfilled_request_t"": 0.0}, {""actual_arrival_month"": ""2037-04"", ""actual_delivery_share"": 1.0, ""availability_share"": 1.0, ""feasible_t"": 2.0833333333333335, ""gross_delivery_t"": 2.0833333333333335, ""order_month"": ""2036-12"", ""planned_arrival_month"": ""2037-04"", ""requested_t"": 2.0833333333333335, ""shipment_id"": ""S0096"", ""source_id"": ""B"", ""source_name"": ""Earth-Flex"", ""unfulfilled_request_t"": 0.0}]","{""A"": 8.333333333333334, ""B"": 2.0833333333333335}","{""A"": 8.333333333333334, ""B"": 2.0833333333333335}",10.416666666666668,0.12500000000000003,10.291666666666668,10.291666666666668,0.0,10.291666666666668,8.75,1.5416666666666679,0.0,1.3749999999999982,0.0,ZBO,120.0,0.012,"[""ZBO""]",0.0,1.0,[]
2037-01,0.0,15.833333333333334,11.25,"{""A"": 170.0, ""B"": 60.0, ""C"": 40.0, ""D"": 0, ""E"": 30.0}","{""A"": 13.333333333333334, ""B"": 2.9166666666666665, ""C"": 2.0833333333333335}","[{""actual_arrival_month"": ""2037-02"", ""actual_delivery_share"": 1.0, ""availability_share"": 1.0, ""feasible_t"": 11.666666666666666, ""gross_delivery_t"": 11.666666666666666, ""order_month"": ""2036-02"", ""planned_arrival_month"": ""2037-02"", ""requested_t"": 11.666666666666666, ""shipment_id"": ""S0014"", ""source_id"": ""A"", ""source_name"": ""Earth-Core"", ""unfulfilled_request_t"": 0.0}, {""actual_arrival_month"": ""2037-03"", ""actual_delivery_share"": 1.0, ""availability_share"": 1.0, ""feasible_t"": 11.666666666666666, ""gross_delivery_t"": 11.666666666666666, ""order_month"": ""2036-03"", ""planned_arrival_month"": ""2037-03"", ""requested_t"": 11.666666666666666, ""shipment_id"": ""S0015"", ""source_id"": ""A"", ""source_name"": ""Earth-Core"", ""unfulfilled_request_t"": 0.0}, {""actual_arrival_month"": ""2037-04"", ""actual_delivery_share"": 1.0, ""availability_share"": 1.0, ""feasible_t"": 11.666666666666666, ""gross_delivery_t"": 11.666666666666666, ""order_month"": ""2036-04"", ""planned_arrival_month"": ""2037-04"", ""requested_t"": 11.666666666666666, ""shipment_id"": ""S0016"", ""source_id"": ""A"", ""source_name"": ""Earth-Core"", ""unfulfilled_request_t"": 0.0}, {""actual_arrival_month"": ""2037-05"", ""actual_delivery_share"": 1.0, ""availability_share"": 1.0, ""feasible_t"": 11.666666666666666, ""gross_delivery_t"": 11.666666666666666, ""order_month"": ""2036-05"", ""planned_arrival_month"": ""2037-05"", ""requested_t"": 11.666666666666666, ""shipment_id"": ""S0017"", ""source_id"": ""A"", ""source_name"": ""Earth-Core"", ""unfulfilled_request_t"": 0.0}, {""actual_arrival_month"": ""2037-06"", ""actual_delivery_share"": 1.0, ""availability_share"": 1.0, ""feasible_t"": 11.666666666666666, ""gross_delivery_t"": 11.666666666666666, ""order_month"": ""2036-06"", ""planned_arrival_month"": ""2037-06"", ""requested_t"": 11.666666666666666, ""shipment_id"": ""S0018"", ""source_id"": ""A"", ""source_name"": ""Earth-Core"", ""unfulfilled_request_t"": 0.0}, {""actual_arrival_month"": ""2037-07"", ""actual_delivery_share"": 1.0, ""availability_share"": 1.0, ""feasible_t"": 11.666666666666666, ""gross_delivery_t"": 11.666666666666666, ""order_month"": ""2036-07"", ""planned_arrival_month"": ""2037-07"", ""requested_t"": 11.666666666666666, ""shipment_id"": ""S0019"", ""source_id"": ""A"", ""source_name"": ""Earth-Core"", ""unfulfilled_request_t"": 0.0}, {""actual_arrival_month"": ""2037-08"", ""actual_delivery_share"": 1.0, ""availability_share"": 1.0, ""feasible_t"": 11.666666666666666, ""gross_delivery_t"": 11.666666666666666, ""order_month"": ""2036-08"", ""planned_arrival_month"": ""2037-08"", ""requested_t"": 11.666666666666666, ""shipment_id"": ""S0020"", ""source_id"": ""A"", ""source_name"": ""Earth-Core"", ""unfulfilled_request_t"": 0.0}, {""actual_arrival_month"": ""2037-09"", ""actual_delivery_share"": 1.0, ""availability_share"": 1.0, ""feasible_t"": 11.666666666666666, ""gross_delivery_t"": 11.666666666666666, ""order_month"": ""2036-09"", ""planned_arrival_month"": ""2037-09"", ""requested_t"": 11.666666666666666, ""shipment_id"": ""S0021"", ""source_id"": ""A"", ""source_name"": ""Earth-Core"", ""unfulfilled_request_t"": 0.0}, {""actual_arrival_month"": ""2037-10"", ""actual_delivery_share"": 1.0, ""availability_share"": 1.0, ""feasible_t"": 11.666666666666666, ""gross_delivery_t"": 11.666666666666666, ""order_month"": ""2036-10"", ""planned_arrival_month"": ""2037-10"", ""requested_t"": 11.666666666666666, ""shipment_id"": ""S0022"", ""source_id"": ""A"", ""source_name"": ""Earth-Core"", ""unfulfilled_request_t"": 0.0}, {""actual_arrival_month"": ""2037-11"", ""actual_delivery_share"": 1.0, ""availability_share"": 1.0, ""feasible_t"": 11.666666666666666, ""gross_delivery_t"": 11.666666666666666, ""order_month"": ""2036-11"", ""planned_arrival_month"": ""2037-11"", ""requested_t"": 11.666666666666666, ""shipment_id"": ""S0023"", ""source_id"": ""A"", ""source_name"": ""Earth-Core"", ""unfulfilled_request_t"": 0.0}, {""actual_arrival_month"": ""2037-12"", ""actual_delivery_share"": 1.0, ""availability_share"": 1.0, ""feasible_t"": 11.666666666666666, ""gross_delivery_t"": 11.666666666666666, ""order_month"": ""2036-12"", ""planned_arrival_month"": ""2037-12"", ""requested_t"": 11.666666666666666, ""shipment_id"": ""S0024"", ""source_id"": ""A"", ""source_name"": ""Earth-Core"", ""unfulfilled_request_t"": 0.0}, {""actual_arrival_month"": ""2038-01"", ""actual_delivery_share"": 1.0, ""availability_share"": 1.0, ""feasible_t"": 13.333333333333334, ""gross_delivery_t"": 13.333333333333334, ""order_month"": ""2037-01"", ""planned_arrival_month"": ""2038-01"", ""requested_t"": 13.333333333333334, ""shipment_id"": ""S0025"", ""source_id"": ""A"", ""source_name"": ""Earth-Core"", ""unfulfilled_request_t"": 0.0}, {""actual_arrival_month"": ""2037-02"", ""actual_delivery_share"": 1.0, ""availability_share"": 1.0, ""feasible_t"": 2.0833333333333335, ""gross_delivery_t"": 2.0833333333333335, ""order_month"": ""2036-10"", ""planned_arrival_month"": ""2037-02"", ""requested_t"": 2.0833333333333335, ""shipment_id"": ""S0094"", ""source_id"": ""B"", ""source_name"": ""Earth-Flex"", ""unfulfilled_request_t"": 0.0}, {""actual_arrival_month"": ""2037-03"", ""actual_delivery_share"": 1.0, ""availability_share"": 1.0, ""feasible_t"": 2.0833333333333335, ""gross_delivery_t"": 2.0833333333333335, ""order_month"": ""2036-11"", ""planned_arrival_month"": ""2037-03"", ""requested_t"": 2.0833333333333335, ""shipment_id"": ""S0095"", ""source_id"": ""B"", ""source_name"": ""Earth-Flex"", ""unfulfilled_request_t"": 0.0}, {""actual_arrival_month"": ""2037-04"", ""actual_delivery_share"": 1.0, ""availability_share"": 1.0, ""feasible_t"": 2.0833333333333335, ""gross_delivery_t"": 2.0833333333333335, ""order_month"": ""2036-12"", ""planned_arrival_month"": ""2037-04"", ""requested_t"": 2.0833333333333335, ""shipment_id"": ""S0096"", ""source_id"": ""B"", ""source_name"": ""Earth-Flex"", ""unfulfilled_request_t"": 0.0}, {""actual_arrival_month"": ""2037-05"", ""actual_delivery_share"": 1.0, ""availability_share"": 1.0, ""feasible_t"": 2.9166666666666665, ""gross_delivery_t"": 2.9166666666666665, ""order_month"": ""2037-01"", ""planned_arrival_month"": ""2037-05"", ""requested_t"": 2.9166666666666665, ""shipment_id"": ""S0097"", ""source_id"": ""B"", ""source_name"": ""Earth-Flex"", ""unfulfilled_request_t"": 0.0}]","{""A"": 11.666666666666666, ""B"": 2.0833333333333335, ""C"": 0.0}","{""A"": 11.666666666666666, ""B"": 2.0833333333333335, ""C"": 0.0}",13.75,0.165,13.585,13.585,0.0,13.585,11.25,2.335000000000001,0.0,2.248333333333333,0.0,ZBO,120.0,0.012,"[""ZBO""]",0.0,1.0,"[""RESERVE_45D""]"
2037-02,0.0,15.833333333333334,11.25,"{""A"": 170.0, ""B"": 60.0, ""C"": 40.0, ""D"": 0, ""E"": 30.0}","{""A"": 13.333333333333334, ""B"": 2.9166666666666665, ""C"": 2.0833333333333335}","[{""actual_arrival_month"": ""2037-03"", ""actual_delivery_share"": 1.0, ""availability_share"": 1.0, ""feasible_t"": 11.666666666666666, ""gross_delivery_t"": 11.666666666666666, ""order_month"": ""2036-03"", ""planned_arrival_month"": ""2037-03"", ""requested_t"": 11.666666666666666, ""shipment_id"": ""S0015"", ""source_id"": ""A"", ""source_name"": ""Earth-Core"", ""unfulfilled_request_t"": 0.0}, {""actual_arrival_month"": ""2037-04"", ""actual_delivery_share"": 1.0, ""availability_share"": 1.0, ""feasible_t"": 11.666666666666666, ""gross_delivery_t"": 11.666666666666666, ""order_month"": ""2036-04"", ""planned_arrival_month"": ""2037-04"", ""requested_t"": 11.666666666666666, ""shipment_id"": ""S0016"", ""source_id"": ""A"", ""source_name"": ""Earth-Core"", ""unfulfilled_request_t"": 0.0}, {""actual_arrival_month"": ""2037-05"", ""actual_delivery_share"": 1.0, ""availability_share"": 1.0, ""feasible_t"": 11.666666666666666, ""gross_delivery_t"": 11.666666666666666, ""order_month"": ""2036-05"", ""planned_arrival_month"": ""2037-05"", ""requested_t"": 11.666666666666666, ""shipment_id"": ""S0017"", ""source_id"": ""A"", ""source_name"": ""Earth-Core"", ""unfulfilled_request_t"": 0.0}, {""actual_arrival_month"": ""2037-06"", ""actual_delivery_share"": 1.0, ""availability_share"": 1.0, ""feasible_t"": 11.666666666666666, ""gross_delivery_t"": 11.666666666666666, ""order_month"": ""2036-06"", ""planned_arrival_month"": ""2037-06"", ""requested_t"": 11.666666666666666, ""shipment_id"": ""S0018"", ""source_id"": ""A"", ""source_name"": ""Earth-Core"", ""unfulfilled_request_t"": 0.0}, {""actual_arrival_month"": ""2037-07"", ""actual_delivery_share"": 1.0, ""availability_share"": 1.0, ""feasible_t"": 11.666666666666666, ""gross_delivery_t"": 11.666666666666666, ""order_month"": ""2036-07"", ""planned_arrival_month"": ""2037-07"", ""requested_t"": 11.666666666666666, ""shipment_id"": ""S0019"", ""source_id"": ""A"", ""source_name"": ""Earth-Core"", ""unfulfilled_request_t"": 0.0}, {""actual_arrival_month"": ""2037-08"", ""actual_delivery_share"": 1.0, ""availability_share"": 1.0, ""feasible_t"": 11.666666666666666, ""gross_delivery_t"": 11.666666666666666, ""order_month"": ""2036-08"", ""planned_arrival_month"": ""2037-08"", ""requested_t"": 11.666666666666666, ""shipment_id"": ""S0020"", ""source_id"": ""A"", ""source_name"": ""Earth-Core"", ""unfulfilled_request_t"": 0.0}, {""actual_arrival_month"": ""2037-09"", ""actual_delivery_share"": 1.0, ""availability_share"": 1.0, ""feasible_t"": 11.666666666666666, ""gross_delivery_t"": 11.666666666666666, ""order_month"": ""2036-09"", ""planned_arrival_month"": ""2037-09"", ""requested_t"": 11.666666666666666, ""shipment_id"": ""S0021"", ""source_id"": ""A"", ""source_name"": ""Earth-Core"", ""unfulfilled_request_t"": 0.0}, {""actual_arrival_month"": ""2037-10"", ""actual_delivery_share"": 1.0, ""availability_share"": 1.0, ""feasible_t"": 11.666666666666666, ""gross_delivery_t"": 11.666666666666666, ""order_month"": ""2036-10"", ""planned_arrival_month"": ""2037-10"", ""requested_t"": 11.666666666666666, ""shipment_id"": ""S0022"", ""source_id"": ""A"", ""source_name"": ""Earth-Core"", ""unfulfilled_request_t"": 0.0}, {""actual_arrival_month"": ""2037-11"", ""actual_delivery_share"": 1.0, ""availability_share"": 1.0, ""feasible_t"": 11.666666666666666, ""gross_delivery_t"": 11.666666666666666, ""order_month"": ""2036-11"", ""planned_arrival_month"": ""2037-11"", ""requested_t"": 11.666666666666666, ""shipment_id"": ""S0023"", ""source_id"": ""A"", ""source_name"": ""Earth-Core"", ""unfulfilled_request_t"": 0.0}, {""actual_arrival_month"": ""2037-12"", ""actual_delivery_share"": 1.0, ""availability_share"": 1.0, ""feasible_t"": 11.666666666666666, ""gross_delivery_t"": 11.666666666666666, ""order_month"": ""2036-12"", ""planned_arrival_month"": ""2037-12"", ""requested_t"": 11.666666666666666, ""shipment_id"": ""S0024"", ""source_id"": ""A"", ""source_name"": ""Earth-Core"", ""unfulfilled_request_t"": 0.0}, {""actual_arrival_month"": ""2038-01"", ""actual_delivery_share"": 1.0, ""availability_share"": 1.0, ""feasible_t"": 13.333333333333334, ""gross_delivery_t"": 13.333333333333334, ""order_month"": ""2037-01"", ""planned_arrival_month"": ""2038-01"", ""requested_t"": 13.333333333333334, ""shipment_id"": ""S0025"", ""source_id"": ""A"", ""source_name"": ""Earth-Core"", ""unfulfilled_request_t"": 0.0}, {""actual_arrival_month"": ""2038-02"", ""actual_delivery_share"": 1.0, ""availability_share"": 1.0, ""feasible_t"": 13.333333333333334, ""gross_delivery_t"": 13.333333333333334, ""order_month"": ""2037-02"", ""planned_arrival_month"": ""2038-02"", ""requested_t"": 13.333333333333334, ""shipment_id"": ""S0026"", ""source_id"": ""A"", ""source_name"": ""Earth-Core"", ""unfulfilled_request_t"": 0.0}, {""actual_arrival_month"": ""2037-03"", ""actual_delivery_share"": 1.0, ""availability_share"": 1.0, ""feasible_t"": 2.0833333333333335, ""gross_delivery_t"": 2.0833333333333335, ""order_month"": ""2036-11"", ""planned_arrival_month"": ""2037-03"", ""requested_t"": 2.0833333333333335, ""shipment_id"": ""S0095"", ""source_id"": ""B"", ""source_name"": ""Earth-Flex"", ""unfulfilled_request_t"": 0.0}, {""actual_arrival_month"": ""2037-04"", ""actual_delivery_share"": 1.0, ""availability_share"": 1.0, ""feasible_t"": 2.0833333333333335, ""gross_delivery_t"": 2.0833333333333335, ""order_month"": ""2036-12"", ""planned_arrival_month"": ""2037-04"", ""requested_t"": 2.0833333333333335, ""shipment_id"": ""S0096"", ""source_id"": ""B"", ""source_name"": ""Earth-Flex"", ""unfulfilled_request_t"": 0.0}, {""actual_arrival_month"": ""2037-05"", ""actual_delivery_share"": 1.0, ""availability_share"": 1.0, ""feasible_t"": 2.9166666666666665, ""gross_delivery_t"": 2.9166666666666665, ""order_month"": ""2037-01"", ""planned_arrival_month"": ""2037-05"", ""requested_t"": 2.9166666666666665, ""shipment_id"": ""S0097"", ""source_id"": ""B"", ""source_name"": ""Earth-Flex"", ""unfulfilled_request_t"": 0.0}, {""actual_arrival_month"": ""2037-06"", ""actual_delivery_share"": 1.0, ""availability_share"": 1.0, ""feasible_t"": 2.9166666666666665, ""gross_delivery_t"": 2.9166666666666665, ""order_month"": ""2037-02"", ""planned_arrival_month"": ""2037-06"", ""requested_t"": 2.9166666666666665, ""shipment_id"": ""S0098"", ""source_id"": ""B"", ""source_name"": ""Earth-Flex"", ""unfulfilled_request_t"": 0.0}]","{""A"": 11.666666666666666, ""B"": 2.0833333333333335, ""C"": 0.0}","{""A"": 11.666666666666666, ""B"": 2.0833333333333335, ""C"": 0.0}",13.75,0.165,13.585,13.585,0.0,13.585,11.25,2.335000000000001,0.0,2.248333333333333,0.0,ZBO,120.0,0.012,"[""ZBO""]",0.0,1.0,[]
2037-03,0.0,15.833333333333334,11.25,"{""A"": 170.0, ""B"": 60.0, ""C"": 40.0, ""D"": 0, ""E"": 30.0}","{""A"": 13.333333333333334, ""B"": 2.9166666666666665, ""C"": 2.0833333333333335}","[{""actual_arrival_month"": ""2037-04"", ""actual_delivery_share"": 1.0, ""availability_share"": 1.0, ""feasible_t"": 11.666666666666666, ""gross_delivery_t"": 11.666666666666666, ""order_month"": ""2036-04"", ""planned_arrival_month"": ""2037-04"", ""requested_t"": 11.666666666666666, ""shipment_id"": ""S0016"", ""source_id"": ""A"", ""source_name"": ""Earth-Core"", ""unfulfilled_request_t"": 0.0}, {""actual_arrival_month"": ""2037-05"", ""actual_delivery_share"": 1.0, ""availability_share"": 1.0, ""feasible_t"": 11.666666666666666, ""gross_delivery_t"": 11.666666666666666, ""order_month"": ""2036-05"", ""planned_arrival_month"": ""2037-05"", ""requested_t"": 11.666666666666666, ""shipment_id"": ""S0017"", ""source_id"": ""A"", ""source_name"": ""Earth-Core"", ""unfulfilled_request_t"": 0.0}, {""actual_arrival_month"": ""2037-06"", ""actual_delivery_share"": 1.0, ""availability_share"": 1.0, ""feasible_t"": 11.666666666666666, ""gross_delivery_t"": 11.666666666666666, ""order_month"": ""2036-06"", ""planned_arrival_month"": ""2037-06"", ""requested_t"": 11.666666666666666, ""shipment_id"": ""S0018"", ""source_id"": ""A"", ""source_name"": ""Earth-Core"", ""unfulfilled_request_t"": 0.0}, {""actual_arrival_month"": ""2037-07"", ""actual_delivery_share"": 1.0, ""availability_share"": 1.0, ""feasible_t"": 11.666666666666666, ""gross_delivery_t"": 11.666666666666666, ""order_month"": ""2036-07"", ""planned_arrival_month"": ""2037-07"", ""requested_t"": 11.666666666666666, ""shipment_id"": ""S0019"", ""source_id"": ""A"", ""source_name"": ""Earth-Core"", ""unfulfilled_request_t"": 0.0}, {""actual_arrival_month"": ""2037-08"", ""actual_delivery_share"": 1.0, ""availability_share"": 1.0, ""feasible_t"": 11.666666666666666, ""gross_delivery_t"": 11.666666666666666, ""order_month"": ""2036-08"", ""planned_arrival_month"": ""2037-08"", ""requested_t"": 11.666666666666666, ""shipment_id"": ""S0020"", ""source_id"": ""A"", ""source_name"": ""Earth-Core"", ""unfulfilled_request_t"": 0.0}, {""actual_arrival_month"": ""2037-09"", ""actual_delivery_share"": 1.0, ""availability_share"": 1.0, ""feasible_t"": 11.666666666666666, ""gross_delivery_t"": 11.666666666666666, ""order_month"": ""2036-09"", ""planned_arrival_month"": ""2037-09"", ""requested_t"": 11.666666666666666, ""shipment_id"": ""S0021"", ""source_id"": ""A"", ""source_name"": ""Earth-Core"", ""unfulfilled_request_t"": 0.0}, {""actual_arrival_month"": ""2037-10"", ""actual_delivery_share"": 1.0, ""availability_share"": 1.0, ""feasible_t"": 11.666666666666666, ""gross_delivery_t"": 11.666666666666666, ""order_month"": ""2036-10"", ""planned_arrival_month"": ""2037-10"", ""requested_t"": 11.666666666666666, ""shipment_id"": ""S0022"", ""source_id"": ""A"", ""source_name"": ""Earth-Core"", ""unfulfilled_request_t"": 0.0}, {""actual_arrival_month"": ""2037-11"", ""actual_delivery_share"": 1.0, ""availability_share"": 1.0, ""feasible_t"": 11.666666666666666, ""gross_delivery_t"": 11.666666666666666, ""order_month"": ""2036-11"", ""planned_arrival_month"": ""2037-11"", ""requested_t"": 11.666666666666666, ""shipment_id"": ""S0023"", ""source_id"": ""A"", ""source_name"": ""Earth-Core"", ""unfulfilled_request_t"": 0.0}, {""actual_arrival_month"": ""2037-12"", ""actual_delivery_share"": 1.0, ""availability_share"": 1.0, ""feasible_t"": 11.666666666666666, ""gross_delivery_t"": 11.666666666666666, ""order_month"": ""2036-12"", ""planned_arrival_month"": ""2037-12"", ""requested_t"": 11.666666666666666, ""shipment_id"": ""S0024"", ""source_id"": ""A"", ""source_name"": ""Earth-Core"", ""unfulfilled_request_t"": 0.0}, {""actual_arrival_month"": ""2038-01"", ""actual_delivery_share"": 1.0, ""availability_share"": 1.0, ""feasible_t"": 13.333333333333334, ""gross_delivery_t"": 13.333333333333334, ""order_month"": ""2037-01"", ""planned_arrival_month"": ""2038-01"", ""requested_t"": 13.333333333333334, ""shipment_id"": ""S0025"", ""source_id"": ""A"", ""source_name"": ""Earth-Core"", ""unfulfilled_request_t"": 0.0}, {""actual_arrival_month"": ""2038-02"", ""actual_delivery_share"": 1.0, ""availability_share"": 1.0, ""feasible_t"": 13.333333333333334, ""gross_delivery_t"": 13.333333333333334, ""order_month"": ""2037-02"", ""planned_arrival_month"": ""2038-02"", ""requested_t"": 13.333333333333334, ""shipment_id"": ""S0026"", ""source_id"": ""A"", ""source_name"": ""Earth-Core"", ""unfulfilled_request_t"": 0.0}, {""actual_arrival_month"": ""2038-03"", ""actual_delivery_share"": 1.0, ""availability_share"": 1.0, ""feasible_t"": 13.333333333333334, ""gross_delivery_t"": 13.333333333333334, ""order_month"": ""2037-03"", ""planned_arrival_month"": ""2038-03"", ""requested_t"": 13.333333333333334, ""shipment_id"": ""S0027"", ""source_id"": ""A"", ""source_name"": ""Earth-Core"", ""unfulfilled_request_t"": 0.0}, {""actual_arrival_month"": ""2037-04"", ""actual_delivery_share"": 1.0, ""availability_share"": 1.0, ""feasible_t"": 2.0833333333333335, ""gross_delivery_t"": 2.0833333333333335, ""order_month"": ""2036-12"", ""planned_arrival_month"": ""2037-04"", ""requested_t"": 2.0833333333333335, ""shipment_id"": ""S0096"", ""source_id"": ""B"", ""source_name"": ""Earth-Flex"", ""unfulfilled_request_t"": 0.0}, {""actual_arrival_month"": ""2037-05"", ""actual_delivery_share"": 1.0, ""availability_share"": 1.0, ""feasible_t"": 2.9166666666666665, ""gross_delivery_t"": 2.9166666666666665, ""order_month"": ""2037-01"", ""planned_arrival_month"": ""2037-05"", ""requested_t"": 2.9166666666666665, ""shipment_id"": ""S0097"", ""source_id"": ""B"", ""source_name"": ""Earth-Flex"", ""unfulfilled_request_t"": 0.0}, {""actual_arrival_month"": ""2037-06"", ""actual_delivery_share"": 1.0, ""availability_share"": 1.0, ""feasible_t"": 2.9166666666666665, ""gross_delivery_t"": 2.9166666666666665, ""order_month"": ""2037-02"", ""planned_arrival_month"": ""2037-06"", ""requested_t"": 2.9166666666666665, ""shipment_id"": ""S0098"", ""source_id"": ""B"", ""source_name"": ""Earth-Flex"", ""unfulfilled_request_t"": 0.0}, {""actual_arrival_month"": ""2037-07"", ""actual_delivery_share"": 1.0, ""availability_share"": 1.0, ""feasible_t"": 2.9166666666666665, ""gross_delivery_t"": 2.9166666666666665, ""order_month"": ""2037-03"", ""planned_arrival_month"": ""2037-07"", ""requested_t"": 2.9166666666666665, ""shipment_id"": ""S0099"", ""source_id"": ""B"", ""source_name"": ""Earth-Flex"", ""unfulfilled_request_t"": 0.0}]","{""A"": 11.666666666666666, ""B"": 2.0833333333333335, ""C"": 0.0}","{""A"": 11.666666666666666, ""B"": 2.0833333333333335, ""C"": 0.0}",13.75,0.165,13.585,13.585,0.0,13.585,11.25,2.335000000000001,0.0,2.248333333333333,0.0,ZBO,120.0,0.012,"[""ZBO""]",0.0,1.0,[]
2037-04,0.0,15.833333333333334,11.25,"{""A"": 170.0, ""B"": 60.0, ""C"": 40.0, ""D"": 0, ""E"": 30.0}","{""A"": 13.333333333333334, ""B"": 2.9166666666666665, ""C"": 2.0833333333333335}","[{""actual_arrival_month"": ""2037-05"", ""actual_delivery_share"": 1.0, ""availability_share"": 1.0, ""feasible_t"": 11.666666666666666, ""gross_delivery_t"": 11.666666666666666, ""order_month"": ""2036-05"", ""planned_arrival_month"": ""2037-05"", ""requested_t"": 11.666666666666666, ""shipment_id"": ""S0017"", ""source_id"": ""A"", ""source_name"": ""Earth-Core"", ""unfulfilled_request_t"": 0.0}, {""actual_arrival_month"": ""2037-06"", ""actual_delivery_share"": 1.0, ""availability_share"": 1.0, ""feasible_t"": 11.666666666666666, ""gross_delivery_t"": 11.666666666666666, ""order_month"": ""2036-06"", ""planned_arrival_month"": ""2037-06"", ""requested_t"": 11.666666666666666, ""shipment_id"": ""S0018"", ""source_id"": ""A"", ""source_name"": ""Earth-Core"", ""unfulfilled_request_t"": 0.0}, {""actual_arrival_month"": ""2037-07"", ""actual_delivery_share"": 1.0, ""availability_share"": 1.0, ""feasible_t"": 11.666666666666666, ""gross_delivery_t"": 11.666666666666666, ""order_month"": ""2036-07"", ""planned_arrival_month"": ""2037-07"", ""requested_t"": 11.666666666666666, ""shipment_id"": ""S0019"", ""source_id"": ""A"", ""source_name"": ""Earth-Core"", ""unfulfilled_request_t"": 0.0}, {""actual_arrival_month"": ""2037-08"", ""actual_delivery_share"": 1.0, ""availability_share"": 1.0, ""feasible_t"": 11.666666666666666, ""gross_delivery_t"": 11.666666666666666, ""order_month"": ""2036-08"", ""planned_arrival_month"": ""2037-08"", ""requested_t"": 11.666666666666666, ""shipment_id"": ""S0020"", ""source_id"": ""A"", ""source_name"": ""Earth-Core"", ""unfulfilled_request_t"": 0.0}, {""actual_arrival_month"": ""2037-09"", ""actual_delivery_share"": 1.0, ""availability_share"": 1.0, ""feasible_t"": 11.666666666666666, ""gross_delivery_t"": 11.666666666666666, ""order_month"": ""2036-09"", ""planned_arrival_month"": ""2037-09"", ""requested_t"": 11.666666666666666, ""shipment_id"": ""S0021"", ""source_id"": ""A"", ""source_name"": ""Earth-Core"", ""unfulfilled_request_t"": 0.0}, {""actual_arrival_month"": ""2037-10"", ""actual_delivery_share"": 1.0, ""availability_share"": 1.0, ""feasible_t"": 11.666666666666666, ""gross_delivery_t"": 11.666666666666666, ""order_month"": ""2036-10"", ""planned_arrival_month"": ""2037-10"", ""requested_t"": 11.666666666666666, ""shipment_id"": ""S0022"", ""source_id"": ""A"", ""source_name"": ""Earth-Core"", ""unfulfilled_request_t"": 0.0}, {""actual_arrival_month"": ""2037-11"", ""actual_delivery_share"": 1.0, ""availability_share"": 1.0, ""feasible_t"": 11.666666666666666, ""gross_delivery_t"": 11.666666666666666, ""order_month"": ""2036-11"", ""planned_arrival_month"": ""2037-11"", ""requested_t"": 11.666666666666666, ""shipment_id"": ""S0023"", ""source_id"": ""A"", ""source_name"": ""Earth-Core"", ""unfulfilled_request_t"": 0.0}, {""actual_arrival_month"": ""2037-12"", ""actual_delivery_share"": 1.0, ""availability_share"": 1.0, ""feasible_t"": 11.666666666666666, ""gross_delivery_t"": 11.666666666666666, ""order_month"": ""2036-12"", ""planned_arrival_month"": ""2037-12"", ""requested_t"": 11.666666666666666, ""shipment_id"": ""S0024"", ""source_id"": ""A"", ""source_name"": ""Earth-Core"", ""unfulfilled_request_t"": 0.0}, {""actual_arrival_month"": ""2038-01"", ""actual_delivery_share"": 1.0, ""availability_share"": 1.0, ""feasible_t"": 13.333333333333334, ""gross_delivery_t"": 13.333333333333334, ""order_month"": ""2037-01"", ""planned_arrival_month"": ""2038-01"", ""requested_t"": 13.333333333333334, ""shipment_id"": ""S0025"", ""source_id"": ""A"", ""source_name"": ""Earth-Core"", ""unfulfilled_request_t"": 0.0}, {""actual_arrival_month"": ""2038-02"", ""actual_delivery_share"": 1.0, ""availability_share"": 1.0, ""feasible_t"": 13.333333333333334, ""gross_delivery_t"": 13.333333333333334, ""order_month"": ""2037-02"", ""planned_arrival_month"": ""2038-02"", ""requested_t"": 13.333333333333334, ""shipment_id"": ""S0026"", ""source_id"": ""A"", ""source_name"": ""Earth-Core"", ""unfulfilled_request_t"": 0.0}, {""actual_arrival_month"": ""2038-03"", ""actual_delivery_share"": 1.0, ""availability_share"": 1.0, ""feasible_t"": 13.333333333333334, ""gross_delivery_t"": 13.333333333333334, ""order_month"": ""2037-03"", ""planned_arrival_month"": ""2038-03"", ""requested_t"": 13.333333333333334, ""shipment_id"": ""S0027"", ""source_id"": ""A"", ""source_name"": ""Earth-Core"", ""unfulfilled_request_t"": 0.0}, {""actual_arrival_month"": ""2038-04"", ""actual_delivery_share"": 1.0, ""availability_share"": 1.0, ""feasible_t"": 13.333333333333334, ""gross_delivery_t"": 13.333333333333334, ""order_month"": ""2037-04"", ""planned_arrival_month"": ""2038-04"", ""requested_t"": 13.333333333333334, ""shipment_id"": ""S0028"", ""source_id"": ""A"", ""source_name"": ""Earth-Core"", ""unfulfilled_request_t"": 0.0}, {""actual_arrival_month"": ""2037-05"", ""actual_delivery_share"": 1.0, ""availability_share"": 1.0, ""feasible_t"": 2.9166666666666665, ""gross_delivery_t"": 2.9166666666666665, ""order_month"": ""2037-01"", ""planned_arrival_month"": ""2037-05"", ""requested_t"": 2.9166666666666665, ""shipment_id"": ""S0097"", ""source_id"": ""B"", ""source_name"": ""Earth-Flex"", ""unfulfilled_request_t"": 0.0}, {""actual_arrival_month"": ""2037-06"", ""actual_delivery_share"": 1.0, ""availability_share"": 1.0, ""feasible_t"": 2.9166666666666665, ""gross_delivery_t"": 2.9166666666666665, ""order_month"": ""2037-02"", ""planned_arrival_month"": ""2037-06"", ""requested_t"": 2.9166666666666665, ""shipment_id"": ""S0098"", ""source_id"": ""B"", ""source_name"": ""Earth-Flex"", ""unfulfilled_request_t"": 0.0}, {""actual_arrival_month"": ""2037-07"", ""actual_delivery_share"": 1.0, ""availability_share"": 1.0, ""feasible_t"": 2.9166666666666665, ""gross_delivery_t"": 2.9166666666666665, ""order_month"": ""2037-03"", ""planned_arrival_month"": ""2037-07"", ""requested_t"": 2.9166666666666665, ""shipment_id"": ""S0099"", ""source_id"": ""B"", ""source_name"": ""Earth-Flex"", ""unfulfilled_request_t"": 0.0}, {""actual_arrival_month"": ""2037-08"", ""actual_delivery_share"": 1.0, ""availability_share"": 1.0, ""feasible_t"": 2.9166666666666665, ""gross_delivery_t"": 2.9166666666666665, ""order_month"": ""2037-04"", ""planned_arrival_month"": ""2037-08"", ""requested_t"": 2.9166666666666665, ""shipment_id"": ""S0100"", ""source_id"": ""B"", ""source_name"": ""Earth-Flex"", ""unfulfilled_request_t"": 0.0}]","{""A"": 11.666666666666666, ""B"": 2.0833333333333335, ""C"": 0.0}","{""A"": 11.666666666666666, ""B"": 2.0833333333333335, ""C"": 0.0}",13.75,0.165,13.585,13.585,0.0,13.585,11.25,2.335000000000001,0.0,2.248333333333333,0.0,ZBO,120.0,0.012,"[""ZBO""]",0.0,1.0,[]
2037-05,0.0,15.833333333333334,11.25,"{""A"": 170.0, ""B"": 60.0, ""C"": 40.0, ""D"": 0, ""E"": 30.0}","{""A"": 13.333333333333334, ""B"": 2.9166666666666665, ""C"": 2.0833333333333335}","[{""actual_arrival_month"": ""2037-06"", ""actual_delivery_share"": 1.0, ""availability_share"": 1.0, ""feasible_t"": 11.666666666666666, ""gross_delivery_t"": 11.666666666666666, ""order_month"": ""2036-06"", ""planned_arrival_month"": ""2037-06"", ""requested_t"": 11.666666666666666, ""shipment_id"": ""S0018"", ""source_id"": ""A"", ""source_name"": ""Earth-Core"", ""unfulfilled_request_t"": 0.0}, {""actual_arrival_month"": ""2037-07"", ""actual_delivery_share"": 1.0, ""availability_share"": 1.0, ""feasible_t"": 11.666666666666666, ""gross_delivery_t"": 11.666666666666666, ""order_month"": ""2036-07"", ""planned_arrival_month"": ""2037-07"", ""requested_t"": 11.666666666666666, ""shipment_id"": ""S0019"", ""source_id"": ""A"", ""source_name"": ""Earth-Core"", ""unfulfilled_request_t"": 0.0}, {""actual_arrival_month"": ""2037-08"", ""actual_delivery_share"": 1.0, ""availability_share"": 1.0, ""feasible_t"": 11.666666666666666, ""gross_delivery_t"": 11.666666666666666, ""order_month"": ""2036-08"", ""planned_arrival_month"": ""2037-08"", ""requested_t"": 11.666666666666666, ""shipment_id"": ""S0020"", ""source_id"": ""A"", ""source_name"": ""Earth-Core"", ""unfulfilled_request_t"": 0.0}, {""actual_arrival_month"": ""2037-09"", ""actual_delivery_share"": 1.0, ""availability_share"": 1.0, ""feasible_t"": 11.666666666666666, ""gross_delivery_t"": 11.666666666666666, ""order_month"": ""2036-09"", ""planned_arrival_month"": ""2037-09"", ""requested_t"": 11.666666666666666, ""shipment_id"": ""S0021"", ""source_id"": ""A"", ""source_name"": ""Earth-Core"", ""unfulfilled_request_t"": 0.0}, {""actual_arrival_month"": ""2037-10"", ""actual_delivery_share"": 1.0, ""availability_share"": 1.0, ""feasible_t"": 11.666666666666666, ""gross_delivery_t"": 11.666666666666666, ""order_month"": ""2036-10"", ""planned_arrival_month"": ""2037-10"", ""requested_t"": 11.666666666666666, ""shipment_id"": ""S0022"", ""source_id"": ""A"", ""source_name"": ""Earth-Core"", ""unfulfilled_request_t"": 0.0}, {""actual_arrival_month"": ""2037-11"", ""actual_delivery_share"": 1.0, ""availability_share"": 1.0, ""feasible_t"": 11.666666666666666, ""gross_delivery_t"": 11.666666666666666, ""order_month"": ""2036-11"", ""planned_arrival_month"": ""2037-11"", ""requested_t"": 11.666666666666666, ""shipment_id"": ""S0023"", ""source_id"": ""A"", ""source_name"": ""Earth-Core"", ""unfulfilled_request_t"": 0.0}, {""actual_arrival_month"": ""2037-12"", ""actual_delivery_share"": 1.0, ""availability_share"": 1.0, ""feasible_t"": 11.666666666666666, ""gross_delivery_t"": 11.666666666666666, ""order_month"": ""2036-12"", ""planned_arrival_month"": ""2037-12"", ""requested_t"": 11.666666666666666, ""shipment_id"": ""S0024"", ""source_id"": ""A"", ""source_name"": ""Earth-Core"", ""unfulfilled_request_t"": 0.0}, {""actual_arrival_month"": ""2038-01"", ""actual_delivery_share"": 1.0, ""availability_share"": 1.0, ""feasible_t"": 13.333333333333334, ""gross_delivery_t"": 13.333333333333334, ""order_month"": ""2037-01"", ""planned_arrival_month"": ""2038-01"", ""requested_t"": 13.333333333333334, ""shipment_id"": ""S0025"", ""source_id"": ""A"", ""source_name"": ""Earth-Core"", ""unfulfilled_request_t"": 0.0}, {""actual_arrival_month"": ""2038-02"", ""actual_delivery_share"": 1.0, ""availability_share"": 1.0, ""feasible_t"": 13.333333333333334, ""gross_delivery_t"": 13.333333333333334, ""order_month"": ""2037-02"", ""planned_arrival_month"": ""2038-02"", ""requested_t"": 13.333333333333334, ""shipment_id"": ""S0026"", ""source_id"": ""A"", ""source_name"": ""Earth-Core"", ""unfulfilled_request_t"": 0.0}, {""actual_arrival_month"": ""2038-03"", ""actual_delivery_share"": 1.0, ""availability_share"": 1.0, ""feasible_t"": 13.333333333333334, ""gross_delivery_t"": 13.333333333333334, ""order_month"": ""2037-03"", ""planned_arrival_month"": ""2038-03"", ""requested_t"": 13.333333333333334, ""shipment_id"": ""S0027"", ""source_id"": ""A"", ""source_name"": ""Earth-Core"", ""unfulfilled_request_t"": 0.0}, {""actual_arrival_month"": ""2038-04"", ""actual_delivery_share"": 1.0, ""availability_share"": 1.0, ""feasible_t"": 13.333333333333334, ""gross_delivery_t"": 13.333333333333334, ""order_month"": ""2037-04"", ""planned_arrival_month"": ""2038-04"", ""requested_t"": 13.333333333333334, ""shipment_id"": ""S0028"", ""source_id"": ""A"", ""source_name"": ""Earth-Core"", ""unfulfilled_request_t"": 0.0}, {""actual_arrival_month"": ""2038-05"", ""actual_delivery_share"": 1.0, ""availability_share"": 1.0, ""feasible_t"": 13.333333333333334, ""gross_delivery_t"": 13.333333333333334, ""order_month"": ""2037-05"", ""planned_arrival_month"": ""2038-05"", ""requested_t"": 13.333333333333334, ""shipment_id"": ""S0029"", ""source_id"": ""A"", ""source_name"": ""Earth-Core"", ""unfulfilled_request_t"": 0.0}, {""actual_arrival_month"": ""2037-06"", ""actual_delivery_share"": 1.0, ""availability_share"": 1.0, ""feasible_t"": 2.9166666666666665, ""gross_delivery_t"": 2.9166666666666665, ""order_month"": ""2037-02"", ""planned_arrival_month"": ""2037-06"", ""requested_t"": 2.9166666666666665, ""shipment_id"": ""S0098"", ""source_id"": ""B"", ""source_name"": ""Earth-Flex"", ""unfulfilled_request_t"": 0.0}, {""actual_arrival_month"": ""2037-07"", ""actual_delivery_share"": 1.0, ""availability_share"": 1.0, ""feasible_t"": 2.9166666666666665, ""gross_delivery_t"": 2.9166666666666665, ""order_month"": ""2037-03"", ""planned_arrival_month"": ""2037-07"", ""requested_t"": 2.9166666666666665, ""shipment_id"": ""S0099"", ""source_id"": ""B"", ""source_name"": ""Earth-Flex"", ""unfulfilled_request_t"": 0.0}, {""actual_arrival_month"": ""2037-08"", ""actual_delivery_share"": 1.0, ""availability_share"": 1.0, ""feasible_t"": 2.9166666666666665, ""gross_delivery_t"": 2.9166666666666665, ""order_month"": ""2037-04"", ""planned_arrival_month"": ""2037-08"", ""requested_t"": 2.9166666666666665, ""shipment_id"": ""S0100"", ""source_id"": ""B"", ""source_name"": ""Earth-Flex"", ""unfulfilled_request_t"": 0.0}, {""actual_arrival_month"": ""2037-09"", ""actual_delivery_share"": 1.0, ""availability_share"": 1.0, ""feasible_t"": 2.9166666666666665, ""gross_delivery_t"": 2.9166666666666665, ""order_month"": ""2037-05"", ""planned_arrival_month"": ""2037-09"", ""requested_t"": 2.9166666666666665, ""shipment_id"": ""S0101"", ""source_id"": ""B"", ""source_name"": ""Earth-Flex"", ""unfulfilled_request_t"": 0.0}]","{""A"": 11.666666666666666, ""B"": 2.9166666666666665, ""C"": 0.0}","{""A"": 11.666666666666666, ""B"": 2.9166666666666665, ""C"": 0.0}",14.583333333333332,0.175,14.408333333333331,14.408333333333331,0.0,14.408333333333331,11.25,3.1583333333333314,0.0,1.4250000000000025,0.0,ZBO,120.0,0.012,"[""ZBO""]",0.0,1.0,[]
2037-06,0.0,15.833333333333334,11.25,"{""A"": 170.0, ""B"": 60.0, ""C"": 40.0, ""D"": 0, ""E"": 30.0}","{""A"": 13.333333333333334, ""B"": 2.9166666666666665, ""C"": 2.0833333333333335}","[{""actual_arrival_month"": ""2037-07"", ""actual_delivery_share"": 1.0, ""availability_share"": 1.0, ""feasible_t"": 11.666666666666666, ""gross_delivery_t"": 11.666666666666666, ""order_month"": ""2036-07"", ""planned_arrival_month"": ""2037-07"", ""requested_t"": 11.666666666666666, ""shipment_id"": ""S0019"", ""source_id"": ""A"", ""source_name"": ""Earth-Core"", ""unfulfilled_request_t"": 0.0}, {""actual_arrival_month"": ""2037-08"", ""actual_delivery_share"": 1.0, ""availability_share"": 1.0, ""feasible_t"": 11.666666666666666, ""gross_delivery_t"": 11.666666666666666, ""order_month"": ""2036-08"", ""planned_arrival_month"": ""2037-08"", ""requested_t"": 11.666666666666666, ""shipment_id"": ""S0020"", ""source_id"": ""A"", ""source_name"": ""Earth-Core"", ""unfulfilled_request_t"": 0.0}, {""actual_arrival_month"": ""2037-09"", ""actual_delivery_share"": 1.0, ""availability_share"": 1.0, ""feasible_t"": 11.666666666666666, ""gross_delivery_t"": 11.666666666666666, ""order_month"": ""2036-09"", ""planned_arrival_month"": ""2037-09"", ""requested_t"": 11.666666666666666, ""shipment_id"": ""S0021"", ""source_id"": ""A"", ""source_name"": ""Earth-Core"", ""unfulfilled_request_t"": 0.0}, {""actual_arrival_month"": ""2037-10"", ""actual_delivery_share"": 1.0, ""availability_share"": 1.0, ""feasible_t"": 11.666666666666666, ""gross_delivery_t"": 11.666666666666666, ""order_month"": ""2036-10"", ""planned_arrival_month"": ""2037-10"", ""requested_t"": 11.666666666666666, ""shipment_id"": ""S0022"", ""source_id"": ""A"", ""source_name"": ""Earth-Core"", ""unfulfilled_request_t"": 0.0}, {""actual_arrival_month"": ""2037-11"", ""actual_delivery_share"": 1.0, ""availability_share"": 1.0, ""feasible_t"": 11.666666666666666, ""gross_delivery_t"": 11.666666666666666, ""order_month"": ""2036-11"", ""planned_arrival_month"": ""2037-11"", ""requested_t"": 11.666666666666666, ""shipment_id"": ""S0023"", ""source_id"": ""A"", ""source_name"": ""Earth-Core"", ""unfulfilled_request_t"": 0.0}, {""actual_arrival_month"": ""2037-12"", ""actual_delivery_share"": 1.0, ""availability_share"": 1.0, ""feasible_t"": 11.666666666666666, ""gross_delivery_t"": 11.666666666666666, ""order_month"": ""2036-12"", ""planned_arrival_month"": ""2037-12"", ""requested_t"": 11.666666666666666, ""shipment_id"": ""S0024"", ""source_id"": ""A"", ""source_name"": ""Earth-Core"", ""unfulfilled_request_t"": 0.0}, {""actual_arrival_month"": ""2038-01"", ""actual_delivery_share"": 1.0, ""availability_share"": 1.0, ""feasible_t"": 13.333333333333334, ""gross_delivery_t"": 13.333333333333334, ""order_month"": ""2037-01"", ""planned_arrival_month"": ""2038-01"", ""requested_t"": 13.333333333333334, ""shipment_id"": ""S0025"", ""source_id"": ""A"", ""source_name"": ""Earth-Core"", ""unfulfilled_request_t"": 0.0}, {""actual_arrival_month"": ""2038-02"", ""actual_delivery_share"": 1.0, ""availability_share"": 1.0, ""feasible_t"": 13.333333333333334, ""gross_delivery_t"": 13.333333333333334, ""order_month"": ""2037-02"", ""planned_arrival_month"": ""2038-02"", ""requested_t"": 13.333333333333334, ""shipment_id"": ""S0026"", ""source_id"": ""A"", ""source_name"": ""Earth-Core"", ""unfulfilled_request_t"": 0.0}, {""actual_arrival_month"": ""2038-03"", ""actual_delivery_share"": 1.0, ""availability_share"": 1.0, ""feasible_t"": 13.333333333333334, ""gross_delivery_t"": 13.333333333333334, ""order_month"": ""2037-03"", ""planned_arrival_month"": ""2038-03"", ""requested_t"": 13.333333333333334, ""shipment_id"": ""S0027"", ""source_id"": ""A"", ""source_name"": ""Earth-Core"", ""unfulfilled_request_t"": 0.0}, {""actual_arrival_month"": ""2038-04"", ""actual_delivery_share"": 1.0, ""availability_share"": 1.0, ""feasible_t"": 13.333333333333334, ""gross_delivery_t"": 13.333333333333334, ""order_month"": ""2037-04"", ""planned_arrival_month"": ""2038-04"", ""requested_t"": 13.333333333333334, ""shipment_id"": ""S0028"", ""source_id"": ""A"", ""source_name"": ""Earth-Core"", ""unfulfilled_request_t"": 0.0}, {""actual_arrival_month"": ""2038-05"", ""actual_delivery_share"": 1.0, ""availability_share"": 1.0, ""feasible_t"": 13.333333333333334, ""gross_delivery_t"": 13.333333333333334, ""order_month"": ""2037-05"", ""planned_arrival_month"": ""2038-05"", ""requested_t"": 13.333333333333334, ""shipment_id"": ""S0029"", ""source_id"": ""A"", ""source_name"": ""Earth-Core"", ""unfulfilled_request_t"": 0.0}, {""actual_arrival_month"": ""2038-06"", ""actual_delivery_share"": 1.0, ""availability_share"": 1.0, ""feasible_t"": 13.333333333333334, ""gross_delivery_t"": 13.333333333333334, ""order_month"": ""2037-06"", ""planned_arrival_month"": ""2038-06"", ""requested_t"": 13.333333333333334, ""shipment_id"": ""S0030"", ""source_id"": ""A"", ""source_name"": ""Earth-Core"", ""unfulfilled_request_t"": 0.0}, {""actual_arrival_month"": ""2037-07"", ""actual_delivery_share"": 1.0, ""availability_share"": 1.0, ""feasible_t"": 2.9166666666666665, ""gross_delivery_t"": 2.9166666666666665, ""order_month"": ""2037-03"", ""planned_arrival_month"": ""2037-07"", ""requested_t"": 2.9166666666666665, ""shipment_id"": ""S0099"", ""source_id"": ""B"", ""source_name"": ""Earth-Flex"", ""unfulfilled_request_t"": 0.0}, {""actual_arrival_month"": ""2037-08"", ""actual_delivery_share"": 1.0, ""availability_share"": 1.0, ""feasible_t"": 2.9166666666666665, ""gross_delivery_t"": 2.9166666666666665, ""order_month"": ""2037-04"", ""planned_arrival_month"": ""2037-08"", ""requested_t"": 2.9166666666666665, ""shipment_id"": ""S0100"", ""source_id"": ""B"", ""source_name"": ""Earth-Flex"", ""unfulfilled_request_t"": 0.0}, {""actual_arrival_month"": ""2037-09"", ""actual_delivery_share"": 1.0, ""availability_share"": 1.0, ""feasible_t"": 2.9166666666666665, ""gross_delivery_t"": 2.9166666666666665, ""order_month"": ""2037-05"", ""planned_arrival_month"": ""2037-09"", ""requested_t"": 2.9166666666666665, ""shipment_id"": ""S0101"", ""source_id"": ""B"", ""source_name"": ""Earth-Flex"", ""unfulfilled_request_t"": 0.0}, {""actual_arrival_month"": ""2037-10"", ""actual_delivery_share"": 1.0, ""availability_share"": 1.0, ""feasible_t"": 2.9166666666666665, ""gross_delivery_t"": 2.9166666666666665, ""order_month"": ""2037-06"", ""planned_arrival_month"": ""2037-10"", ""requested_t"": 2.9166666666666665, ""shipment_id"": ""S0102"", ""source_id"": ""B"", ""source_name"": ""Earth-Flex"", ""unfulfilled_request_t"": 0.0}]","{""A"": 11.666666666666666, ""B"": 2.9166666666666665, ""C"": 2.0833333333333335}","{""A"": 11.666666666666666, ""B"": 2.9166666666666665, ""C"": 2.0833333333333335}",16.666666666666664,0.19999999999999998,16.466666666666665,16.466666666666665,0.0,16.466666666666665,11.25,4.583333333333334,0.0,0.0,0.6333333333333311,ZBO,120.0,0.012,"[""ZBO"", ""EARTH_NEW""]",0.01899999999999993,1.0,[]
2037-07,0.6333333333333311,15.833333333333334,11.25,"{""A"": 170.0, ""B"": 60.0, ""C"": 40.0, ""D"": 0, ""E"": 30.0}","{""A"": 13.333333333333334, ""B"": 2.9166666666666665, ""C"": 2.0833333333333335}","[{""actual_arrival_month"": ""2037-08"", ""actual_delivery_share"": 1.0, ""availability_share"": 1.0, ""feasible_t"": 11.666666666666666, ""gross_delivery_t"": 11.666666666666666, ""order_month"": ""2036-08"", ""planned_arrival_month"": ""2037-08"", ""requested_t"": 11.666666666666666, ""shipment_id"": ""S0020"", ""source_id"": ""A"", ""source_name"": ""Earth-Core"", ""unfulfilled_request_t"": 0.0}, {""actual_arrival_month"": ""2037-09"", ""actual_delivery_share"": 1.0, ""availability_share"": 1.0, ""feasible_t"": 11.666666666666666, ""gross_delivery_t"": 11.666666666666666, ""order_month"": ""2036-09"", ""planned_arrival_month"": ""2037-09"", ""requested_t"": 11.666666666666666, ""shipment_id"": ""S0021"", ""source_id"": ""A"", ""source_name"": ""Earth-Core"", ""unfulfilled_request_t"": 0.0}, {""actual_arrival_month"": ""2037-10"", ""actual_delivery_share"": 1.0, ""availability_share"": 1.0, ""feasible_t"": 11.666666666666666, ""gross_delivery_t"": 11.666666666666666, ""order_month"": ""2036-10"", ""planned_arrival_month"": ""2037-10"", ""requested_t"": 11.666666666666666, ""shipment_id"": ""S0022"", ""source_id"": ""A"", ""source_name"": ""Earth-Core"", ""unfulfilled_request_t"": 0.0}, {""actual_arrival_month"": ""2037-11"", ""actual_delivery_share"": 1.0, ""availability_share"": 1.0, ""feasible_t"": 11.666666666666666, ""gross_delivery_t"": 11.666666666666666, ""order_month"": ""2036-11"", ""planned_arrival_month"": ""2037-11"", ""requested_t"": 11.666666666666666, ""shipment_id"": ""S0023"", ""source_id"": ""A"", ""source_name"": ""Earth-Core"", ""unfulfilled_request_t"": 0.0}, {""actual_arrival_month"": ""2037-12"", ""actual_delivery_share"": 1.0, ""availability_share"": 1.0, ""feasible_t"": 11.666666666666666, ""gross_delivery_t"": 11.666666666666666, ""order_month"": ""2036-12"", ""planned_arrival_month"": ""2037-12"", ""requested_t"": 11.666666666666666, ""shipment_id"": ""S0024"", ""source_id"": ""A"", ""source_name"": ""Earth-Core"", ""unfulfilled_request_t"": 0.0}, {""actual_arrival_month"": ""2038-01"", ""actual_delivery_share"": 1.0, ""availability_share"": 1.0, ""feasible_t"": 13.333333333333334, ""gross_delivery_t"": 13.333333333333334, ""order_month"": ""2037-01"", ""planned_arrival_month"": ""2038-01"", ""requested_t"": 13.333333333333334, ""shipment_id"": ""S0025"", ""source_id"": ""A"", ""source_name"": ""Earth-Core"", ""unfulfilled_request_t"": 0.0}, {""actual_arrival_month"": ""2038-02"", ""actual_delivery_share"": 1.0, ""availability_share"": 1.0, ""feasible_t"": 13.333333333333334, ""gross_delivery_t"": 13.333333333333334, ""order_month"": ""2037-02"", ""planned_arrival_month"": ""2038-02"", ""requested_t"": 13.333333333333334, ""shipment_id"": ""S0026"", ""source_id"": ""A"", ""source_name"": ""Earth-Core"", ""unfulfilled_request_t"": 0.0}, {""actual_arrival_month"": ""2038-03"", ""actual_delivery_share"": 1.0, ""availability_share"": 1.0, ""feasible_t"": 13.333333333333334, ""gross_delivery_t"": 13.333333333333334, ""order_month"": ""2037-03"", ""planned_arrival_month"": ""2038-03"", ""requested_t"": 13.333333333333334, ""shipment_id"": ""S0027"", ""source_id"": ""A"", ""source_name"": ""Earth-Core"", ""unfulfilled_request_t"": 0.0}, {""actual_arrival_month"": ""2038-04"", ""actual_delivery_share"": 1.0, ""availability_share"": 1.0, ""feasible_t"": 13.333333333333334, ""gross_delivery_t"": 13.333333333333334, ""order_month"": ""2037-04"", ""planned_arrival_month"": ""2038-04"", ""requested_t"": 13.333333333333334, ""shipment_id"": ""S0028"", ""source_id"": ""A"", ""source_name"": ""Earth-Core"", ""unfulfilled_request_t"": 0.0}, {""actual_arrival_month"": ""2038-05"", ""actual_delivery_share"": 1.0, ""availability_share"": 1.0, ""feasible_t"": 13.333333333333334, ""gross_delivery_t"": 13.333333333333334, ""order_month"": ""2037-05"", ""planned_arrival_month"": ""2038-05"", ""requested_t"": 13.333333333333334, ""shipment_id"": ""S0029"", ""source_id"": ""A"", ""source_name"": ""Earth-Core"", ""unfulfilled_request_t"": 0.0}, {""actual_arrival_month"": ""2038-06"", ""actual_delivery_share"": 1.0, ""availability_share"": 1.0, ""feasible_t"": 13.333333333333334, ""gross_delivery_t"": 13.333333333333334, ""order_month"": ""2037-06"", ""planned_arrival_month"": ""2038-06"", ""requested_t"": 13.333333333333334, ""shipment_id"": ""S0030"", ""source_id"": ""A"", ""source_name"": ""Earth-Core"", ""unfulfilled_request_t"": 0.0}, {""actual_arrival_month"": ""2038-07"", ""actual_delivery_share"": 1.0, ""availability_share"": 1.0, ""feasible_t"": 13.333333333333334, ""gross_delivery_t"": 13.333333333333334, ""order_month"": ""2037-07"", ""planned_arrival_month"": ""2038-07"", ""requested_t"": 13.333333333333334, ""shipment_id"": ""S0031"", ""source_id"": ""A"", ""source_name"": ""Earth-Core"", ""unfulfilled_request_t"": 0.0}, {""actual_arrival_month"": ""2037-08"", ""actual_delivery_share"": 1.0, ""availability_share"": 1.0, ""feasible_t"": 2.9166666666666665, ""gross_delivery_t"": 2.9166666666666665, ""order_month"": ""2037-04"", ""planned_arrival_month"": ""2037-08"", ""requested_t"": 2.9166666666666665, ""shipment_id"": ""S0100"", ""source_id"": ""B"", ""source_name"": ""Earth-Flex"", ""unfulfilled_request_t"": 0.0}, {""actual_arrival_month"": ""2037-09"", ""actual_delivery_share"": 1.0, ""availability_share"": 1.0, ""feasible_t"": 2.9166666666666665, ""gross_delivery_t"": 2.9166666666666665, ""order_month"": ""2037-05"", ""planned_arrival_month"": ""2037-09"", ""requested_t"": 2.9166666666666665, ""shipment_id"": ""S0101"", ""source_id"": ""B"", ""source_name"": ""Earth-Flex"", ""unfulfilled_request_t"": 0.0}, {""actual_arrival_month"": ""2037-10"", ""actual_delivery_share"": 1.0, ""availability_share"": 1.0, ""feasible_t"": 2.9166666666666665, ""gross_delivery_t"": 2.9166666666666665, ""order_month"": ""2037-06"", ""planned_arrival_month"": ""2037-10"", ""requested_t"": 2.9166666666666665, ""shipment_id"": ""S0102"", ""source_id"": ""B"", ""source_name"": ""Earth-Flex"", ""unfulfilled_request_t"": 0.0}, {""actual_arrival_month"": ""2037-11"", ""actual_delivery_share"": 1.0, ""availability_share"": 1.0, ""feasible_t"": 2.9166666666666665, ""gross_delivery_t"": 2.9166666666666665, ""order_month"": ""2037-07"", ""planned_arrival_month"": ""2037-11"", ""requested_t"": 2.9166666666666665, ""shipment_id"": ""S0103"", ""source_id"": ""B"", ""source_name"": ""Earth-Flex"", ""unfulfilled_request_t"": 0.0}]","{""A"": 11.666666666666666, ""B"": 2.9166666666666665, ""C"": 2.0833333333333335}","{""A"": 11.666666666666666, ""B"": 2.9166666666666665, ""C"": 2.0833333333333335}",16.666666666666664,0.19999999999999998,16.466666666666665,16.466666666666665,0.0,17.099999999999994,11.25,4.583333333333334,0.0,0.0,1.2666666666666604,ZBO,120.0,0.012,"[""ZBO"", ""EARTH_NEW""]",0.056999999999999745,1.0,[]
2037-08,1.2666666666666604,15.833333333333334,11.25,"{""A"": 170.0, ""B"": 60.0, ""C"": 40.0, ""D"": 0, ""E"": 30.0}","{""A"": 13.333333333333334, ""B"": 2.9166666666666665, ""C"": 2.0833333333333335}","[{""actual_arrival_month"": ""2037-09"", ""actual_delivery_share"": 1.0, ""availability_share"": 1.0, ""feasible_t"": 11.666666666666666, ""gross_delivery_t"": 11.666666666666666, ""order_month"": ""2036-09"", ""planned_arrival_month"": ""2037-09"", ""requested_t"": 11.666666666666666, ""shipment_id"": ""S0021"", ""source_id"": ""A"", ""source_name"": ""Earth-Core"", ""unfulfilled_request_t"": 0.0}, {""actual_arrival_month"": ""2037-10"", ""actual_delivery_share"": 1.0, ""availability_share"": 1.0, ""feasible_t"": 11.666666666666666, ""gross_delivery_t"": 11.666666666666666, ""order_month"": ""2036-10"", ""planned_arrival_month"": ""2037-10"", ""requested_t"": 11.666666666666666, ""shipment_id"": ""S0022"", ""source_id"": ""A"", ""source_name"": ""Earth-Core"", ""unfulfilled_request_t"": 0.0}, {""actual_arrival_month"": ""2037-11"", ""actual_delivery_share"": 1.0, ""availability_share"": 1.0, ""feasible_t"": 11.666666666666666, ""gross_delivery_t"": 11.666666666666666, ""order_month"": ""2036-11"", ""planned_arrival_month"": ""2037-11"", ""requested_t"": 11.666666666666666, ""shipment_id"": ""S0023"", ""source_id"": ""A"", ""source_name"": ""Earth-Core"", ""unfulfilled_request_t"": 0.0}, {""actual_arrival_month"": ""2037-12"", ""actual_delivery_share"": 1.0, ""availability_share"": 1.0, ""feasible_t"": 11.666666666666666, ""gross_delivery_t"": 11.666666666666666, ""order_month"": ""2036-12"", ""planned_arrival_month"": ""2037-12"", ""requested_t"": 11.666666666666666, ""shipment_id"": ""S0024"", ""source_id"": ""A"", ""source_name"": ""Earth-Core"", ""unfulfilled_request_t"": 0.0}, {""actual_arrival_month"": ""2038-01"", ""actual_delivery_share"": 1.0, ""availability_share"": 1.0, ""feasible_t"": 13.333333333333334, ""gross_delivery_t"": 13.333333333333334, ""order_month"": ""2037-01"", ""planned_arrival_month"": ""2038-01"", ""requested_t"": 13.333333333333334, ""shipment_id"": ""S0025"", ""source_id"": ""A"", ""source_name"": ""Earth-Core"", ""unfulfilled_request_t"": 0.0}, {""actual_arrival_month"": ""2038-02"", ""actual_delivery_share"": 1.0, ""availability_share"": 1.0, ""feasible_t"": 13.333333333333334, ""gross_delivery_t"": 13.333333333333334, ""order_month"": ""2037-02"", ""planned_arrival_month"": ""2038-02"", ""requested_t"": 13.333333333333334, ""shipment_id"": ""S0026"", ""source_id"": ""A"", ""source_name"": ""Earth-Core"", ""unfulfilled_request_t"": 0.0}, {""actual_arrival_month"": ""2038-03"", ""actual_delivery_share"": 1.0, ""availability_share"": 1.0, ""feasible_t"": 13.333333333333334, ""gross_delivery_t"": 13.333333333333334, ""order_month"": ""2037-03"", ""planned_arrival_month"": ""2038-03"", ""requested_t"": 13.333333333333334, ""shipment_id"": ""S0027"", ""source_id"": ""A"", ""source_name"": ""Earth-Core"", ""unfulfilled_request_t"": 0.0}, {""actual_arrival_month"": ""2038-04"", ""actual_delivery_share"": 1.0, ""availability_share"": 1.0, ""feasible_t"": 13.333333333333334, ""gross_delivery_t"": 13.333333333333334, ""order_month"": ""2037-04"", ""planned_arrival_month"": ""2038-04"", ""requested_t"": 13.333333333333334, ""shipment_id"": ""S0028"", ""source_id"": ""A"", ""source_name"": ""Earth-Core"", ""unfulfilled_request_t"": 0.0}, {""actual_arrival_month"": ""2038-05"", ""actual_delivery_share"": 1.0, ""availability_share"": 1.0, ""feasible_t"": 13.333333333333334, ""gross_delivery_t"": 13.333333333333334, ""order_month"": ""2037-05"", ""planned_arrival_month"": ""2038-05"", ""requested_t"": 13.333333333333334, ""shipment_id"": ""S0029"", ""source_id"": ""A"", ""source_name"": ""Earth-Core"", ""unfulfilled_request_t"": 0.0}, {""actual_arrival_month"": ""2038-06"", ""actual_delivery_share"": 1.0, ""availability_share"": 1.0, ""feasible_t"": 13.333333333333334, ""gross_delivery_t"": 13.333333333333334, ""order_month"": ""2037-06"", ""planned_arrival_month"": ""2038-06"", ""requested_t"": 13.333333333333334, ""shipment_id"": ""S0030"", ""source_id"": ""A"", ""source_name"": ""Earth-Core"", ""unfulfilled_request_t"": 0.0}, {""actual_arrival_month"": ""2038-07"", ""actual_delivery_share"": 1.0, ""availability_share"": 1.0, ""feasible_t"": 13.333333333333334, ""gross_delivery_t"": 13.333333333333334, ""order_month"": ""2037-07"", ""planned_arrival_month"": ""2038-07"", ""requested_t"": 13.333333333333334, ""shipment_id"": ""S0031"", ""source_id"": ""A"", ""source_name"": ""Earth-Core"", ""unfulfilled_request_t"": 0.0}, {""actual_arrival_month"": ""2038-08"", ""actual_delivery_share"": 1.0, ""availability_share"": 1.0, ""feasible_t"": 13.333333333333334, ""gross_delivery_t"": 13.333333333333334, ""order_month"": ""2037-08"", ""planned_arrival_month"": ""2038-08"", ""requested_t"": 13.333333333333334, ""shipment_id"": ""S0032"", ""source_id"": ""A"", ""source_name"": ""Earth-Core"", ""unfulfilled_request_t"": 0.0}, {""actual_arrival_month"": ""2037-09"", ""actual_delivery_share"": 1.0, ""availability_share"": 1.0, ""feasible_t"": 2.9166666666666665, ""gross_delivery_t"": 2.9166666666666665, ""order_month"": ""2037-05"", ""planned_arrival_month"": ""2037-09"", ""requested_t"": 2.9166666666666665, ""shipment_id"": ""S0101"", ""source_id"": ""B"", ""source_name"": ""Earth-Flex"", ""unfulfilled_request_t"": 0.0}, {""actual_arrival_month"": ""2037-10"", ""actual_delivery_share"": 1.0, ""availability_share"": 1.0, ""feasible_t"": 2.9166666666666665, ""gross_delivery_t"": 2.9166666666666665, ""order_month"": ""2037-06"", ""planned_arrival_month"": ""2037-10"", ""requested_t"": 2.9166666666666665, ""shipment_id"": ""S0102"", ""source_id"": ""B"", ""source_name"": ""Earth-Flex"", ""unfulfilled_request_t"": 0.0}, {""actual_arrival_month"": ""2037-11"", ""actual_delivery_share"": 1.0, ""availability_share"": 1.0, ""feasible_t"": 2.9166666666666665, ""gross_delivery_t"": 2.9166666666666665, ""order_month"": ""2037-07"", ""planned_arrival_month"": ""2037-11"", ""requested_t"": 2.9166666666666665, ""shipment_id"": ""S0103"", ""source_id"": ""B"", ""source_name"": ""Earth-Flex"", ""unfulfilled_request_t"": 0.0}, {""actual_arrival_month"": ""2037-12"", ""actual_delivery_share"": 1.0, ""availability_share"": 1.0, ""feasible_t"": 2.9166666666666665, ""gross_delivery_t"": 2.9166666666666665, ""order_month"": ""2037-08"", ""planned_arrival_month"": ""2037-12"", ""requested_t"": 2.9166666666666665, ""shipment_id"": ""S0104"", ""source_id"": ""B"", ""source_name"": ""Earth-Flex"", ""unfulfilled_request_t"": 0.0}]","{""A"": 11.666666666666666, ""B"": 2.9166666666666665, ""C"": 2.0833333333333335}","{""A"": 11.666666666666666, ""B"": 2.9166666666666665, ""C"": 2.0833333333333335}",16.666666666666664,0.19999999999999998,16.466666666666665,16.466666666666665,0.0,17.733333333333327,11.25,4.583333333333334,0.0,0.0,1.8999999999999932,ZBO,120.0,0.012,"[""ZBO"", ""EARTH_NEW""]",0.0949999999999996,1.0,[]
2037-09,1.8999999999999932,15.833333333333334,11.25,"{""A"": 170.0, ""B"": 60.0, ""C"": 40.0, ""D"": 0, ""E"": 30.0}","{""A"": 13.333333333333334, ""B"": 2.9166666666666665, ""C"": 2.0833333333333335}","[{""actual_arrival_month"": ""2037-10"", ""actual_delivery_share"": 1.0, ""availability_share"": 1.0, ""feasible_t"": 11.666666666666666, ""gross_delivery_t"": 11.666666666666666, ""order_month"": ""2036-10"", ""planned_arrival_month"": ""2037-10"", ""requested_t"": 11.666666666666666, ""shipment_id"": ""S0022"", ""source_id"": ""A"", ""source_name"": ""Earth-Core"", ""unfulfilled_request_t"": 0.0}, {""actual_arrival_month"": ""2037-11"", ""actual_delivery_share"": 1.0, ""availability_share"": 1.0, ""feasible_t"": 11.666666666666666, ""gross_delivery_t"": 11.666666666666666, ""order_month"": ""2036-11"", ""planned_arrival_month"": ""2037-11"", ""requested_t"": 11.666666666666666, ""shipment_id"": ""S0023"", ""source_id"": ""A"", ""source_name"": ""Earth-Core"", ""unfulfilled_request_t"": 0.0}, {""actual_arrival_month"": ""2037-12"", ""actual_delivery_share"": 1.0, ""availability_share"": 1.0, ""feasible_t"": 11.666666666666666, ""gross_delivery_t"": 11.666666666666666, ""order_month"": ""2036-12"", ""planned_arrival_month"": ""2037-12"", ""requested_t"": 11.666666666666666, ""shipment_id"": ""S0024"", ""source_id"": ""A"", ""source_name"": ""Earth-Core"", ""unfulfilled_request_t"": 0.0}, {""actual_arrival_month"": ""2038-01"", ""actual_delivery_share"": 1.0, ""availability_share"": 1.0, ""feasible_t"": 13.333333333333334, ""gross_delivery_t"": 13.333333333333334, ""order_month"": ""2037-01"", ""planned_arrival_month"": ""2038-01"", ""requested_t"": 13.333333333333334, ""shipment_id"": ""S0025"", ""source_id"": ""A"", ""source_name"": ""Earth-Core"", ""unfulfilled_request_t"": 0.0}, {""actual_arrival_month"": ""2038-02"", ""actual_delivery_share"": 1.0, ""availability_share"": 1.0, ""feasible_t"": 13.333333333333334, ""gross_delivery_t"": 13.333333333333334, ""order_month"": ""2037-02"", ""planned_arrival_month"": ""2038-02"", ""requested_t"": 13.333333333333334, ""shipment_id"": ""S0026"", ""source_id"": ""A"", ""source_name"": ""Earth-Core"", ""unfulfilled_request_t"": 0.0}, {""actual_arrival_month"": ""2038-03"", ""actual_delivery_share"": 1.0, ""availability_share"": 1.0, ""feasible_t"": 13.333333333333334, ""gross_delivery_t"": 13.333333333333334, ""order_month"": ""2037-03"", ""planned_arrival_month"": ""2038-03"", ""requested_t"": 13.333333333333334, ""shipment_id"": ""S0027"", ""source_id"": ""A"", ""source_name"": ""Earth-Core"", ""unfulfilled_request_t"": 0.0}, {""actual_arrival_month"": ""2038-04"", ""actual_delivery_share"": 1.0, ""availability_share"": 1.0, ""feasible_t"": 13.333333333333334, ""gross_delivery_t"": 13.333333333333334, ""order_month"": ""2037-04"", ""planned_arrival_month"": ""2038-04"", ""requested_t"": 13.333333333333334, ""shipment_id"": ""S0028"", ""source_id"": ""A"", ""source_name"": ""Earth-Core"", ""unfulfilled_request_t"": 0.0}, {""actual_arrival_month"": ""2038-05"", ""actual_delivery_share"": 1.0, ""availability_share"": 1.0, ""feasible_t"": 13.333333333333334, ""gross_delivery_t"": 13.333333333333334, ""order_month"": ""2037-05"", ""planned_arrival_month"": ""2038-05"", ""requested_t"": 13.333333333333334, ""shipment_id"": ""S0029"", ""source_id"": ""A"", ""source_name"": ""Earth-Core"", ""unfulfilled_request_t"": 0.0}, {""actual_arrival_month"": ""2038-06"", ""actual_delivery_share"": 1.0, ""availability_share"": 1.0, ""feasible_t"": 13.333333333333334, ""gross_delivery_t"": 13.333333333333334, ""order_month"": ""2037-06"", ""planned_arrival_month"": ""2038-06"", ""requested_t"": 13.333333333333334, ""shipment_id"": ""S0030"", ""source_id"": ""A"", ""source_name"": ""Earth-Core"", ""unfulfilled_request_t"": 0.0}, {""actual_arrival_month"": ""2038-07"", ""actual_delivery_share"": 1.0, ""availability_share"": 1.0, ""feasible_t"": 13.333333333333334, ""gross_delivery_t"": 13.333333333333334, ""order_month"": ""2037-07"", ""planned_arrival_month"": ""2038-07"", ""requested_t"": 13.333333333333334, ""shipment_id"": ""S0031"", ""source_id"": ""A"", ""source_name"": ""Earth-Core"", ""unfulfilled_request_t"": 0.0}, {""actual_arrival_month"": ""2038-08"", ""actual_delivery_share"": 1.0, ""availability_share"": 1.0, ""feasible_t"": 13.333333333333334, ""gross_delivery_t"": 13.333333333333334, ""order_month"": ""2037-08"", ""planned_arrival_month"": ""2038-08"", ""requested_t"": 13.333333333333334, ""shipment_id"": ""S0032"", ""source_id"": ""A"", ""source_name"": ""Earth-Core"", ""unfulfilled_request_t"": 0.0}, {""actual_arrival_month"": ""2038-09"", ""actual_delivery_share"": 1.0, ""availability_share"": 1.0, ""feasible_t"": 13.333333333333334, ""gross_delivery_t"": 13.333333333333334, ""order_month"": ""2037-09"", ""planned_arrival_month"": ""2038-09"", ""requested_t"": 13.333333333333334, ""shipment_id"": ""S0033"", ""source_id"": ""A"", ""source_name"": ""Earth-Core"", ""unfulfilled_request_t"": 0.0}, {""actual_arrival_month"": ""2037-10"", ""actual_delivery_share"": 1.0, ""availability_share"": 1.0, ""feasible_t"": 2.9166666666666665, ""gross_delivery_t"": 2.9166666666666665, ""order_month"": ""2037-06"", ""planned_arrival_month"": ""2037-10"", ""requested_t"": 2.9166666666666665, ""shipment_id"": ""S0102"", ""source_id"": ""B"", ""source_name"": ""Earth-Flex"", ""unfulfilled_request_t"": 0.0}, {""actual_arrival_month"": ""2037-11"", ""actual_delivery_share"": 1.0, ""availability_share"": 1.0, ""feasible_t"": 2.9166666666666665, ""gross_delivery_t"": 2.9166666666666665, ""order_month"": ""2037-07"", ""planned_arrival_month"": ""2037-11"", ""requested_t"": 2.9166666666666665, ""shipment_id"": ""S0103"", ""source_id"": ""B"", ""source_name"": ""Earth-Flex"", ""unfulfilled_request_t"": 0.0}, {""actual_arrival_month"": ""2037-12"", ""actual_delivery_share"": 1.0, ""availability_share"": 1.0, ""feasible_t"": 2.9166666666666665, ""gross_delivery_t"": 2.9166666666666665, ""order_month"": ""2037-08"", ""planned_arrival_month"": ""2037-12"", ""requested_t"": 2.9166666666666665, ""shipment_id"": ""S0104"", ""source_id"": ""B"", ""source_name"": ""Earth-Flex"", ""unfulfilled_request_t"": 0.0}, {""actual_arrival_month"": ""2038-01"", ""actual_delivery_share"": 1.0, ""availability_share"": 1.0, ""feasible_t"": 2.9166666666666665, ""gross_delivery_t"": 2.9166666666666665, ""order_month"": ""2037-09"", ""planned_arrival_month"": ""2038-01"", ""requested_t"": 2.9166666666666665, ""shipment_id"": ""S0105"", ""source_id"": ""B"", ""source_name"": ""Earth-Flex"", ""unfulfilled_request_t"": 0.0}]","{""A"": 11.666666666666666, ""B"": 2.9166666666666665, ""C"": 2.0833333333333335}","{""A"": 11.666666666666666, ""B"": 2.9166666666666665, ""C"": 2.0833333333333335}",16.666666666666664,0.19999999999999998,16.466666666666665,16.466666666666665,0.0,18.36666666666666,11.25,4.583333333333334,0.0,0.0,2.533333333333326,ZBO,120.0,0.012,"[""ZBO"", ""EARTH_NEW""]",0.1329999999999996,1.0,[]
2037-10,2.533333333333326,15.833333333333334,11.25,"{""A"": 170.0, ""B"": 60.0, ""C"": 40.0, ""D"": 0, ""E"": 30.0}","{""A"": 13.333333333333334, ""B"": 2.9166666666666665, ""C"": 2.0833333333333335}","[{""actual_arrival_month"": ""2037-11"", ""actual_delivery_share"": 1.0, ""availability_share"": 1.0, ""feasible_t"": 11.666666666666666, ""gross_delivery_t"": 11.666666666666666, ""order_month"": ""2036-11"", ""planned_arrival_month"": ""2037-11"", ""requested_t"": 11.666666666666666, ""shipment_id"": ""S0023"", ""source_id"": ""A"", ""source_name"": ""Earth-Core"", ""unfulfilled_request_t"": 0.0}, {""actual_arrival_month"": ""2037-12"", ""actual_delivery_share"": 1.0, ""availability_share"": 1.0, ""feasible_t"": 11.666666666666666, ""gross_delivery_t"": 11.666666666666666, ""order_month"": ""2036-12"", ""planned_arrival_month"": ""2037-12"", ""requested_t"": 11.666666666666666, ""shipment_id"": ""S0024"", ""source_id"": ""A"", ""source_name"": ""Earth-Core"", ""unfulfilled_request_t"": 0.0}, {""actual_arrival_month"": ""2038-01"", ""actual_delivery_share"": 1.0, ""availability_share"": 1.0, ""feasible_t"": 13.333333333333334, ""gross_delivery_t"": 13.333333333333334, ""order_month"": ""2037-01"", ""planned_arrival_month"": ""2038-01"", ""requested_t"": 13.333333333333334, ""shipment_id"": ""S0025"", ""source_id"": ""A"", ""source_name"": ""Earth-Core"", ""unfulfilled_request_t"": 0.0}, {""actual_arrival_month"": ""2038-02"", ""actual_delivery_share"": 1.0, ""availability_share"": 1.0, ""feasible_t"": 13.333333333333334, ""gross_delivery_t"": 13.333333333333334, ""order_month"": ""2037-02"", ""planned_arrival_month"": ""2038-02"", ""requested_t"": 13.333333333333334, ""shipment_id"": ""S0026"", ""source_id"": ""A"", ""source_name"": ""Earth-Core"", ""unfulfilled_request_t"": 0.0}, {""actual_arrival_month"": ""2038-03"", ""actual_delivery_share"": 1.0, ""availability_share"": 1.0, ""feasible_t"": 13.333333333333334, ""gross_delivery_t"": 13.333333333333334, ""order_month"": ""2037-03"", ""planned_arrival_month"": ""2038-03"", ""requested_t"": 13.333333333333334, ""shipment_id"": ""S0027"", ""source_id"": ""A"", ""source_name"": ""Earth-Core"", ""unfulfilled_request_t"": 0.0}, {""actual_arrival_month"": ""2038-04"", ""actual_delivery_share"": 1.0, ""availability_share"": 1.0, ""feasible_t"": 13.333333333333334, ""gross_delivery_t"": 13.333333333333334, ""order_month"": ""2037-04"", ""planned_arrival_month"": ""2038-04"", ""requested_t"": 13.333333333333334, ""shipment_id"": ""S0028"", ""source_id"": ""A"", ""source_name"": ""Earth-Core"", ""unfulfilled_request_t"": 0.0}, {""actual_arrival_month"": ""2038-05"", ""actual_delivery_share"": 1.0, ""availability_share"": 1.0, ""feasible_t"": 13.333333333333334, ""gross_delivery_t"": 13.333333333333334, ""order_month"": ""2037-05"", ""planned_arrival_month"": ""2038-05"", ""requested_t"": 13.333333333333334, ""shipment_id"": ""S0029"", ""source_id"": ""A"", ""source_name"": ""Earth-Core"", ""unfulfilled_request_t"": 0.0}, {""actual_arrival_month"": ""2038-06"", ""actual_delivery_share"": 1.0, ""availability_share"": 1.0, ""feasible_t"": 13.333333333333334, ""gross_delivery_t"": 13.333333333333334, ""order_month"": ""2037-06"", ""planned_arrival_month"": ""2038-06"", ""requested_t"": 13.333333333333334, ""shipment_id"": ""S0030"", ""source_id"": ""A"", ""source_name"": ""Earth-Core"", ""unfulfilled_request_t"": 0.0}, {""actual_arrival_month"": ""2038-07"", ""actual_delivery_share"": 1.0, ""availability_share"": 1.0, ""feasible_t"": 13.333333333333334, ""gross_delivery_t"": 13.333333333333334, ""order_month"": ""2037-07"", ""planned_arrival_month"": ""2038-07"", ""requested_t"": 13.333333333333334, ""shipment_id"": ""S0031"", ""source_id"": ""A"", ""source_name"": ""Earth-Core"", ""unfulfilled_request_t"": 0.0}, {""actual_arrival_month"": ""2038-08"", ""actual_delivery_share"": 1.0, ""availability_share"": 1.0, ""feasible_t"": 13.333333333333334, ""gross_delivery_t"": 13.333333333333334, ""order_month"": ""2037-08"", ""planned_arrival_month"": ""2038-08"", ""requested_t"": 13.333333333333334, ""shipment_id"": ""S0032"", ""source_id"": ""A"", ""source_name"": ""Earth-Core"", ""unfulfilled_request_t"": 0.0}, {""actual_arrival_month"": ""2038-09"", ""actual_delivery_share"": 1.0, ""availability_share"": 1.0, ""feasible_t"": 13.333333333333334, ""gross_delivery_t"": 13.333333333333334, ""order_month"": ""2037-09"", ""planned_arrival_month"": ""2038-09"", ""requested_t"": 13.333333333333334, ""shipment_id"": ""S0033"", ""source_id"": ""A"", ""source_name"": ""Earth-Core"", ""unfulfilled_request_t"": 0.0}, {""actual_arrival_month"": ""2038-10"", ""actual_delivery_share"": 1.0, ""availability_share"": 1.0, ""feasible_t"": 13.333333333333334, ""gross_delivery_t"": 13.333333333333334, ""order_month"": ""2037-10"", ""planned_arrival_month"": ""2038-10"", ""requested_t"": 13.333333333333334, ""shipment_id"": ""S0034"", ""source_id"": ""A"", ""source_name"": ""Earth-Core"", ""unfulfilled_request_t"": 0.0}, {""actual_arrival_month"": ""2037-11"", ""actual_delivery_share"": 1.0, ""availability_share"": 1.0, ""feasible_t"": 2.9166666666666665, ""gross_delivery_t"": 2.9166666666666665, ""order_month"": ""2037-07"", ""planned_arrival_month"": ""2037-11"", ""requested_t"": 2.9166666666666665, ""shipment_id"": ""S0103"", ""source_id"": ""B"", ""source_name"": ""Earth-Flex"", ""unfulfilled_request_t"": 0.0}, {""actual_arrival_month"": ""2037-12"", ""actual_delivery_share"": 1.0, ""availability_share"": 1.0, ""feasible_t"": 2.9166666666666665, ""gross_delivery_t"": 2.9166666666666665, ""order_month"": ""2037-08"", ""planned_arrival_month"": ""2037-12"", ""requested_t"": 2.9166666666666665, ""shipment_id"": ""S0104"", ""source_id"": ""B"", ""source_name"": ""Earth-Flex"", ""unfulfilled_request_t"": 0.0}, {""actual_arrival_month"": ""2038-01"", ""actual_delivery_share"": 1.0, ""availability_share"": 1.0, ""feasible_t"": 2.9166666666666665, ""gross_delivery_t"": 2.9166666666666665, ""order_month"": ""2037-09"", ""planned_arrival_month"": ""2038-01"", ""requested_t"": 2.9166666666666665, ""shipment_id"": ""S0105"", ""source_id"": ""B"", ""source_name"": ""Earth-Flex"", ""unfulfilled_request_t"": 0.0}, {""actual_arrival_month"": ""2038-02"", ""actual_delivery_share"": 1.0, ""availability_share"": 1.0, ""feasible_t"": 2.9166666666666665, ""gross_delivery_t"": 2.9166666666666665, ""order_month"": ""2037-10"", ""planned_arrival_month"": ""2038-02"", ""requested_t"": 2.9166666666666665, ""shipment_id"": ""S0106"", ""source_id"": ""B"", ""source_name"": ""Earth-Flex"", ""unfulfilled_request_t"": 0.0}]","{""A"": 11.666666666666666, ""B"": 2.9166666666666665, ""C"": 2.0833333333333335}","{""A"": 11.666666666666666, ""B"": 2.9166666666666665, ""C"": 2.0833333333333335}",16.666666666666664,0.19999999999999998,16.466666666666665,16.466666666666665,0.0,18.999999999999993,11.25,4.583333333333334,0.0,0.0,3.166666666666659,ZBO,120.0,0.012,"[""ZBO"", ""EARTH_NEW""]",0.17099999999999957,1.0,[]
2037-11,3.166666666666659,15.833333333333334,11.25,"{""A"": 170.0, ""B"": 60.0, ""C"": 40.0, ""D"": 0, ""E"": 30.0}","{""A"": 13.333333333333334, ""B"": 2.9166666666666665, ""C"": 2.0833333333333335}","[{""actual_arrival_month"": ""2037-12"", ""actual_delivery_share"": 1.0, ""availability_share"": 1.0, ""feasible_t"": 11.666666666666666, ""gross_delivery_t"": 11.666666666666666, ""order_month"": ""2036-12"", ""planned_arrival_month"": ""2037-12"", ""requested_t"": 11.666666666666666, ""shipment_id"": ""S0024"", ""source_id"": ""A"", ""source_name"": ""Earth-Core"", ""unfulfilled_request_t"": 0.0}, {""actual_arrival_month"": ""2038-01"", ""actual_delivery_share"": 1.0, ""availability_share"": 1.0, ""feasible_t"": 13.333333333333334, ""gross_delivery_t"": 13.333333333333334, ""order_month"": ""2037-01"", ""planned_arrival_month"": ""2038-01"", ""requested_t"": 13.333333333333334, ""shipment_id"": ""S0025"", ""source_id"": ""A"", ""source_name"": ""Earth-Core"", ""unfulfilled_request_t"": 0.0}, {""actual_arrival_month"": ""2038-02"", ""actual_delivery_share"": 1.0, ""availability_share"": 1.0, ""feasible_t"": 13.333333333333334, ""gross_delivery_t"": 13.333333333333334, ""order_month"": ""2037-02"", ""planned_arrival_month"": ""2038-02"", ""requested_t"": 13.333333333333334, ""shipment_id"": ""S0026"", ""source_id"": ""A"", ""source_name"": ""Earth-Core"", ""unfulfilled_request_t"": 0.0}, {""actual_arrival_month"": ""2038-03"", ""actual_delivery_share"": 1.0, ""availability_share"": 1.0, ""feasible_t"": 13.333333333333334, ""gross_delivery_t"": 13.333333333333334, ""order_month"": ""2037-03"", ""planned_arrival_month"": ""2038-03"", ""requested_t"": 13.333333333333334, ""shipment_id"": ""S0027"", ""source_id"": ""A"", ""source_name"": ""Earth-Core"", ""unfulfilled_request_t"": 0.0}, {""actual_arrival_month"": ""2038-04"", ""actual_delivery_share"": 1.0, ""availability_share"": 1.0, ""feasible_t"": 13.333333333333334, ""gross_delivery_t"": 13.333333333333334, ""order_month"": ""2037-04"", ""planned_arrival_month"": ""2038-04"", ""requested_t"": 13.333333333333334, ""shipment_id"": ""S0028"", ""source_id"": ""A"", ""source_name"": ""Earth-Core"", ""unfulfilled_request_t"": 0.0}, {""actual_arrival_month"": ""2038-05"", ""actual_delivery_share"": 1.0, ""availability_share"": 1.0, ""feasible_t"": 13.333333333333334, ""gross_delivery_t"": 13.333333333333334, ""order_month"": ""2037-05"", ""planned_arrival_month"": ""2038-05"", ""requested_t"": 13.333333333333334, ""shipment_id"": ""S0029"", ""source_id"": ""A"", ""source_name"": ""Earth-Core"", ""unfulfilled_request_t"": 0.0}, {""actual_arrival_month"": ""2038-06"", ""actual_delivery_share"": 1.0, ""availability_share"": 1.0, ""feasible_t"": 13.333333333333334, ""gross_delivery_t"": 13.333333333333334, ""order_month"": ""2037-06"", ""planned_arrival_month"": ""2038-06"", ""requested_t"": 13.333333333333334, ""shipment_id"": ""S0030"", ""source_id"": ""A"", ""source_name"": ""Earth-Core"", ""unfulfilled_request_t"": 0.0}, {""actual_arrival_month"": ""2038-07"", ""actual_delivery_share"": 1.0, ""availability_share"": 1.0, ""feasible_t"": 13.333333333333334, ""gross_delivery_t"": 13.333333333333334, ""order_month"": ""2037-07"", ""planned_arrival_month"": ""2038-07"", ""requested_t"": 13.333333333333334, ""shipment_id"": ""S0031"", ""source_id"": ""A"", ""source_name"": ""Earth-Core"", ""unfulfilled_request_t"": 0.0}, {""actual_arrival_month"": ""2038-08"", ""actual_delivery_share"": 1.0, ""availability_share"": 1.0, ""feasible_t"": 13.333333333333334, ""gross_delivery_t"": 13.333333333333334, ""order_month"": ""2037-08"", ""planned_arrival_month"": ""2038-08"", ""requested_t"": 13.333333333333334, ""shipment_id"": ""S0032"", ""source_id"": ""A"", ""source_name"": ""Earth-Core"", ""unfulfilled_request_t"": 0.0}, {""actual_arrival_month"": ""2038-09"", ""actual_delivery_share"": 1.0, ""availability_share"": 1.0, ""feasible_t"": 13.333333333333334, ""gross_delivery_t"": 13.333333333333334, ""order_month"": ""2037-09"", ""planned_arrival_month"": ""2038-09"", ""requested_t"": 13.333333333333334, ""shipment_id"": ""S0033"", ""source_id"": ""A"", ""source_name"": ""Earth-Core"", ""unfulfilled_request_t"": 0.0}, {""actual_arrival_month"": ""2038-10"", ""actual_delivery_share"": 1.0, ""availability_share"": 1.0, ""feasible_t"": 13.333333333333334, ""gross_delivery_t"": 13.333333333333334, ""order_month"": ""2037-10"", ""planned_arrival_month"": ""2038-10"", ""requested_t"": 13.333333333333334, ""shipment_id"": ""S0034"", ""source_id"": ""A"", ""source_name"": ""Earth-Core"", ""unfulfilled_request_t"": 0.0}, {""actual_arrival_month"": ""2038-11"", ""actual_delivery_share"": 1.0, ""availability_share"": 1.0, ""feasible_t"": 13.333333333333334, ""gross_delivery_t"": 13.333333333333334, ""order_month"": ""2037-11"", ""planned_arrival_month"": ""2038-11"", ""requested_t"": 13.333333333333334, ""shipment_id"": ""S0035"", ""source_id"": ""A"", ""source_name"": ""Earth-Core"", ""unfulfilled_request_t"": 0.0}, {""actual_arrival_month"": ""2037-12"", ""actual_delivery_share"": 1.0, ""availability_share"": 1.0, ""feasible_t"": 2.9166666666666665, ""gross_delivery_t"": 2.9166666666666665, ""order_month"": ""2037-08"", ""planned_arrival_month"": ""2037-12"", ""requested_t"": 2.9166666666666665, ""shipment_id"": ""S0104"", ""source_id"": ""B"", ""source_name"": ""Earth-Flex"", ""unfulfilled_request_t"": 0.0}, {""actual_arrival_month"": ""2038-01"", ""actual_delivery_share"": 1.0, ""availability_share"": 1.0, ""feasible_t"": 2.9166666666666665, ""gross_delivery_t"": 2.9166666666666665, ""order_month"": ""2037-09"", ""planned_arrival_month"": ""2038-01"", ""requested_t"": 2.9166666666666665, ""shipment_id"": ""S0105"", ""source_id"": ""B"", ""source_name"": ""Earth-Flex"", ""unfulfilled_request_t"": 0.0}, {""actual_arrival_month"": ""2038-02"", ""actual_delivery_share"": 1.0, ""availability_share"": 1.0, ""feasible_t"": 2.9166666666666665, ""gross_delivery_t"": 2.9166666666666665, ""order_month"": ""2037-10"", ""planned_arrival_month"": ""2038-02"", ""requested_t"": 2.9166666666666665, ""shipment_id"": ""S0106"", ""source_id"": ""B"", ""source_name"": ""Earth-Flex"", ""unfulfilled_request_t"": 0.0}, {""actual_arrival_month"": ""2038-03"", ""actual_delivery_share"": 1.0, ""availability_share"": 1.0, ""feasible_t"": 2.9166666666666665, ""gross_delivery_t"": 2.9166666666666665, ""order_month"": ""2037-11"", ""planned_arrival_month"": ""2038-03"", ""requested_t"": 2.9166666666666665, ""shipment_id"": ""S0107"", ""source_id"": ""B"", ""source_name"": ""Earth-Flex"", ""unfulfilled_request_t"": 0.0}]","{""A"": 11.666666666666666, ""B"": 2.9166666666666665, ""C"": 2.0833333333333335}","{""A"": 11.666666666666666, ""B"": 2.9166666666666665, ""C"": 2.0833333333333335}",16.666666666666664,0.19999999999999998,16.466666666666665,16.466666666666665,0.0,19.633333333333326,11.25,4.583333333333334,0.0,0.0,3.799999999999992,ZBO,120.0,0.012,"[""ZBO"", ""EARTH_NEW""]",0.20899999999999952,1.0,[]
2037-12,3.799999999999992,15.833333333333334,11.25,"{""A"": 170.0, ""B"": 60.0, ""C"": 40.0, ""D"": 0, ""E"": 30.0}","{""A"": 13.333333333333334, ""B"": 2.9166666666666665, ""C"": 2.0833333333333335}","[{""actual_arrival_month"": ""2038-01"", ""actual_delivery_share"": 1.0, ""availability_share"": 1.0, ""feasible_t"": 13.333333333333334, ""gross_delivery_t"": 13.333333333333334, ""order_month"": ""2037-01"", ""planned_arrival_month"": ""2038-01"", ""requested_t"": 13.333333333333334, ""shipment_id"": ""S0025"", ""source_id"": ""A"", ""source_name"": ""Earth-Core"", ""unfulfilled_request_t"": 0.0}, {""actual_arrival_month"": ""2038-02"", ""actual_delivery_share"": 1.0, ""availability_share"": 1.0, ""feasible_t"": 13.333333333333334, ""gross_delivery_t"": 13.333333333333334, ""order_month"": ""2037-02"", ""planned_arrival_month"": ""2038-02"", ""requested_t"": 13.333333333333334, ""shipment_id"": ""S0026"", ""source_id"": ""A"", ""source_name"": ""Earth-Core"", ""unfulfilled_request_t"": 0.0}, {""actual_arrival_month"": ""2038-03"", ""actual_delivery_share"": 1.0, ""availability_share"": 1.0, ""feasible_t"": 13.333333333333334, ""gross_delivery_t"": 13.333333333333334, ""order_month"": ""2037-03"", ""planned_arrival_month"": ""2038-03"", ""requested_t"": 13.333333333333334, ""shipment_id"": ""S0027"", ""source_id"": ""A"", ""source_name"": ""Earth-Core"", ""unfulfilled_request_t"": 0.0}, {""actual_arrival_month"": ""2038-04"", ""actual_delivery_share"": 1.0, ""availability_share"": 1.0, ""feasible_t"": 13.333333333333334, ""gross_delivery_t"": 13.333333333333334, ""order_month"": ""2037-04"", ""planned_arrival_month"": ""2038-04"", ""requested_t"": 13.333333333333334, ""shipment_id"": ""S0028"", ""source_id"": ""A"", ""source_name"": ""Earth-Core"", ""unfulfilled_request_t"": 0.0}, {""actual_arrival_month"": ""2038-05"", ""actual_delivery_share"": 1.0, ""availability_share"": 1.0, ""feasible_t"": 13.333333333333334, ""gross_delivery_t"": 13.333333333333334, ""order_month"": ""2037-05"", ""planned_arrival_month"": ""2038-05"", ""requested_t"": 13.333333333333334, ""shipment_id"": ""S0029"", ""source_id"": ""A"", ""source_name"": ""Earth-Core"", ""unfulfilled_request_t"": 0.0}, {""actual_arrival_month"": ""2038-06"", ""actual_delivery_share"": 1.0, ""availability_share"": 1.0, ""feasible_t"": 13.333333333333334, ""gross_delivery_t"": 13.333333333333334, ""order_month"": ""2037-06"", ""planned_arrival_month"": ""2038-06"", ""requested_t"": 13.333333333333334, ""shipment_id"": ""S0030"", ""source_id"": ""A"", ""source_name"": ""Earth-Core"", ""unfulfilled_request_t"": 0.0}, {""actual_arrival_month"": ""2038-07"", ""actual_delivery_share"": 1.0, ""availability_share"": 1.0, ""feasible_t"": 13.333333333333334, ""gross_delivery_t"": 13.333333333333334, ""order_month"": ""2037-07"", ""planned_arrival_month"": ""2038-07"", ""requested_t"": 13.333333333333334, ""shipment_id"": ""S0031"", ""source_id"": ""A"", ""source_name"": ""Earth-Core"", ""unfulfilled_request_t"": 0.0}, {""actual_arrival_month"": ""2038-08"", ""actual_delivery_share"": 1.0, ""availability_share"": 1.0, ""feasible_t"": 13.333333333333334, ""gross_delivery_t"": 13.333333333333334, ""order_month"": ""2037-08"", ""planned_arrival_month"": ""2038-08"", ""requested_t"": 13.333333333333334, ""shipment_id"": ""S0032"", ""source_id"": ""A"", ""source_name"": ""Earth-Core"", ""unfulfilled_request_t"": 0.0}, {""actual_arrival_month"": ""2038-09"", ""actual_delivery_share"": 1.0, ""availability_share"": 1.0, ""feasible_t"": 13.333333333333334, ""gross_delivery_t"": 13.333333333333334, ""order_month"": ""2037-09"", ""planned_arrival_month"": ""2038-09"", ""requested_t"": 13.333333333333334, ""shipment_id"": ""S0033"", ""source_id"": ""A"", ""source_name"": ""Earth-Core"", ""unfulfilled_request_t"": 0.0}, {""actual_arrival_month"": ""2038-10"", ""actual_delivery_share"": 1.0, ""availability_share"": 1.0, ""feasible_t"": 13.333333333333334, ""gross_delivery_t"": 13.333333333333334, ""order_month"": ""2037-10"", ""planned_arrival_month"": ""2038-10"", ""requested_t"": 13.333333333333334, ""shipment_id"": ""S0034"", ""source_id"": ""A"", ""source_name"": ""Earth-Core"", ""unfulfilled_request_t"": 0.0}, {""actual_arrival_month"": ""2038-11"", ""actual_delivery_share"": 1.0, ""availability_share"": 1.0, ""feasible_t"": 13.333333333333334, ""gross_delivery_t"": 13.333333333333334, ""order_month"": ""2037-11"", ""planned_arrival_month"": ""2038-11"", ""requested_t"": 13.333333333333334, ""shipment_id"": ""S0035"", ""source_id"": ""A"", ""source_name"": ""Earth-Core"", ""unfulfilled_request_t"": 0.0}, {""actual_arrival_month"": ""2038-12"", ""actual_delivery_share"": 1.0, ""availability_share"": 1.0, ""feasible_t"": 13.333333333333334, ""gross_delivery_t"": 13.333333333333334, ""order_month"": ""2037-12"", ""planned_arrival_month"": ""2038-12"", ""requested_t"": 13.333333333333334, ""shipment_id"": ""S0036"", ""source_id"": ""A"", ""source_name"": ""Earth-Core"", ""unfulfilled_request_t"": 0.0}, {""actual_arrival_month"": ""2038-01"", ""actual_delivery_share"": 1.0, ""availability_share"": 1.0, ""feasible_t"": 2.9166666666666665, ""gross_delivery_t"": 2.9166666666666665, ""order_month"": ""2037-09"", ""planned_arrival_month"": ""2038-01"", ""requested_t"": 2.9166666666666665, ""shipment_id"": ""S0105"", ""source_id"": ""B"", ""source_name"": ""Earth-Flex"", ""unfulfilled_request_t"": 0.0}, {""actual_arrival_month"": ""2038-02"", ""actual_delivery_share"": 1.0, ""availability_share"": 1.0, ""feasible_t"": 2.9166666666666665, ""gross_delivery_t"": 2.9166666666666665, ""order_month"": ""2037-10"", ""planned_arrival_month"": ""2038-02"", ""requested_t"": 2.9166666666666665, ""shipment_id"": ""S0106"", ""source_id"": ""B"", ""source_name"": ""Earth-Flex"", ""unfulfilled_request_t"": 0.0}, {""actual_arrival_month"": ""2038-03"", ""actual_delivery_share"": 1.0, ""availability_share"": 1.0, ""feasible_t"": 2.9166666666666665, ""gross_delivery_t"": 2.9166666666666665, ""order_month"": ""2037-11"", ""planned_arrival_month"": ""2038-03"", ""requested_t"": 2.9166666666666665, ""shipment_id"": ""S0107"", ""source_id"": ""B"", ""source_name"": ""Earth-Flex"", ""unfulfilled_request_t"": 0.0}, {""actual_arrival_month"": ""2038-04"", ""actual_delivery_share"": 1.0, ""availability_share"": 1.0, ""feasible_t"": 2.9166666666666665, ""gross_delivery_t"": 2.9166666666666665, ""order_month"": ""2037-12"", ""planned_arrival_month"": ""2038-04"", ""requested_t"": 2.9166666666666665, ""shipment_id"": ""S0108"", ""source_id"": ""B"", ""source_name"": ""Earth-Flex"", ""unfulfilled_request_t"": 0.0}]","{""A"": 11.666666666666666, ""B"": 2.9166666666666665, ""C"": 2.0833333333333335}","{""A"": 11.666666666666666, ""B"": 2.9166666666666665, ""C"": 2.0833333333333335}",16.666666666666664,0.19999999999999998,16.466666666666665,16.466666666666665,0.0,20.26666666666666,11.25,4.583333333333334,0.0,0.0,4.433333333333325,ZBO,120.0,0.012,"[""ZBO"", ""EARTH_NEW""]",0.24699999999999947,1.0,[]
2038-01,4.433333333333325,23.958333333333332,16.291666666666664,"{""A"": 180.0, ""B"": 70.0, ""C"": 90.0, ""D"": 0, ""E"": 30.0}","{""A"": 14.166666666666666, ""B"": 3.75, ""C"": 5.833333333333333}","[{""actual_arrival_month"": ""2038-02"", ""actual_delivery_share"": 1.0, ""availability_share"": 1.0, ""feasible_t"": 13.333333333333334, ""gross_delivery_t"": 13.333333333333334, ""order_month"": ""2037-02"", ""planned_arrival_month"": ""2038-02"", ""requested_t"": 13.333333333333334, ""shipment_id"": ""S0026"", ""source_id"": ""A"", ""source_name"": ""Earth-Core"", ""unfulfilled_request_t"": 0.0}, {""actual_arrival_month"": ""2038-03"", ""actual_delivery_share"": 1.0, ""availability_share"": 1.0, ""feasible_t"": 13.333333333333334, ""gross_delivery_t"": 13.333333333333334, ""order_month"": ""2037-03"", ""planned_arrival_month"": ""2038-03"", ""requested_t"": 13.333333333333334, ""shipment_id"": ""S0027"", ""source_id"": ""A"", ""source_name"": ""Earth-Core"", ""unfulfilled_request_t"": 0.0}, {""actual_arrival_month"": ""2038-04"", ""actual_delivery_share"": 1.0, ""availability_share"": 1.0, ""feasible_t"": 13.333333333333334, ""gross_delivery_t"": 13.333333333333334, ""order_month"": ""2037-04"", ""planned_arrival_month"": ""2038-04"", ""requested_t"": 13.333333333333334, ""shipment_id"": ""S0028"", ""source_id"": ""A"", ""source_name"": ""Earth-Core"", ""unfulfilled_request_t"": 0.0}, {""actual_arrival_month"": ""2038-05"", ""actual_delivery_share"": 1.0, ""availability_share"": 1.0, ""feasible_t"": 13.333333333333334, ""gross_delivery_t"": 13.333333333333334, ""order_month"": ""2037-05"", ""planned_arrival_month"": ""2038-05"", ""requested_t"": 13.333333333333334, ""shipment_id"": ""S0029"", ""source_id"": ""A"", ""source_name"": ""Earth-Core"", ""unfulfilled_request_t"": 0.0}, {""actual_arrival_month"": ""2038-06"", ""actual_delivery_share"": 1.0, ""availability_share"": 1.0, ""feasible_t"": 13.333333333333334, ""gross_delivery_t"": 13.333333333333334, ""order_month"": ""2037-06"", ""planned_arrival_month"": ""2038-06"", ""requested_t"": 13.333333333333334, ""shipment_id"": ""S0030"", ""source_id"": ""A"", ""source_name"": ""Earth-Core"", ""unfulfilled_request_t"": 0.0}, {""actual_arrival_month"": ""2038-07"", ""actual_delivery_share"": 1.0, ""availability_share"": 1.0, ""feasible_t"": 13.333333333333334, ""gross_delivery_t"": 13.333333333333334, ""order_month"": ""2037-07"", ""planned_arrival_month"": ""2038-07"", ""requested_t"": 13.333333333333334, ""shipment_id"": ""S0031"", ""source_id"": ""A"", ""source_name"": ""Earth-Core"", ""unfulfilled_request_t"": 0.0}, {""actual_arrival_month"": ""2038-08"", ""actual_delivery_share"": 1.0, ""availability_share"": 1.0, ""feasible_t"": 13.333333333333334, ""gross_delivery_t"": 13.333333333333334, ""order_month"": ""2037-08"", ""planned_arrival_month"": ""2038-08"", ""requested_t"": 13.333333333333334, ""shipment_id"": ""S0032"", ""source_id"": ""A"", ""source_name"": ""Earth-Core"", ""unfulfilled_request_t"": 0.0}, {""actual_arrival_month"": ""2038-09"", ""actual_delivery_share"": 1.0, ""availability_share"": 1.0, ""feasible_t"": 13.333333333333334, ""gross_delivery_t"": 13.333333333333334, ""order_month"": ""2037-09"", ""planned_arrival_month"": ""2038-09"", ""requested_t"": 13.333333333333334, ""shipment_id"": ""S0033"", ""source_id"": ""A"", ""source_name"": ""Earth-Core"", ""unfulfilled_request_t"": 0.0}, {""actual_arrival_month"": ""2038-10"", ""actual_delivery_share"": 1.0, ""availability_share"": 1.0, ""feasible_t"": 13.333333333333334, ""gross_delivery_t"": 13.333333333333334, ""order_month"": ""2037-10"", ""planned_arrival_month"": ""2038-10"", ""requested_t"": 13.333333333333334, ""shipment_id"": ""S0034"", ""source_id"": ""A"", ""source_name"": ""Earth-Core"", ""unfulfilled_request_t"": 0.0}, {""actual_arrival_month"": ""2038-11"", ""actual_delivery_share"": 1.0, ""availability_share"": 1.0, ""feasible_t"": 13.333333333333334, ""gross_delivery_t"": 13.333333333333334, ""order_month"": ""2037-11"", ""planned_arrival_month"": ""2038-11"", ""requested_t"": 13.333333333333334, ""shipment_id"": ""S0035"", ""source_id"": ""A"", ""source_name"": ""Earth-Core"", ""unfulfilled_request_t"": 0.0}, {""actual_arrival_month"": ""2038-12"", ""actual_delivery_share"": 1.0, ""availability_share"": 1.0, ""feasible_t"": 13.333333333333334, ""gross_delivery_t"": 13.333333333333334, ""order_month"": ""2037-12"", ""planned_arrival_month"": ""2038-12"", ""requested_t"": 13.333333333333334, ""shipment_id"": ""S0036"", ""source_id"": ""A"", ""source_name"": ""Earth-Core"", ""unfulfilled_request_t"": 0.0}, {""actual_arrival_month"": ""2039-01"", ""actual_delivery_share"": 1.0, ""availability_share"": 1.0, ""feasible_t"": 14.166666666666666, ""gross_delivery_t"": 14.166666666666666, ""order_month"": ""2038-01"", ""planned_arrival_month"": ""2039-01"", ""requested_t"": 14.166666666666666, ""shipment_id"": ""S0037"", ""source_id"": ""A"", ""source_name"": ""Earth-Core"", ""unfulfilled_request_t"": 0.0}, {""actual_arrival_month"": ""2038-02"", ""actual_delivery_share"": 1.0, ""availability_share"": 1.0, ""feasible_t"": 2.9166666666666665, ""gross_delivery_t"": 2.9166666666666665, ""order_month"": ""2037-10"", ""planned_arrival_month"": ""2038-02"", ""requested_t"": 2.9166666666666665, ""shipment_id"": ""S0106"", ""source_id"": ""B"", ""source_name"": ""Earth-Flex"", ""unfulfilled_request_t"": 0.0}, {""actual_arrival_month"": ""2038-03"", ""actual_delivery_share"": 1.0, ""availability_share"": 1.0, ""feasible_t"": 2.9166666666666665, ""gross_delivery_t"": 2.9166666666666665, ""order_month"": ""2037-11"", ""planned_arrival_month"": ""2038-03"", ""requested_t"": 2.9166666666666665, ""shipment_id"": ""S0107"", ""source_id"": ""B"", ""source_name"": ""Earth-Flex"", ""unfulfilled_request_t"": 0.0}, {""actual_arrival_month"": ""2038-04"", ""actual_delivery_share"": 1.0, ""availability_share"": 1.0, ""feasible_t"": 2.9166666666666665, ""gross_delivery_t"": 2.9166666666666665, ""order_month"": ""2037-12"", ""planned_arrival_month"": ""2038-04"", ""requested_t"": 2.9166666666666665, ""shipment_id"": ""S0108"", ""source_id"": ""B"", ""source_name"": ""Earth-Flex"", ""unfulfilled_request_t"": 0.0}, {""actual_arrival_month"": ""2038-05"", ""actual_delivery_share"": 1.0, ""availability_share"": 1.0, ""feasible_t"": 3.75, ""gross_delivery_t"": 3.75, ""order_month"": ""2038-01"", ""planned_arrival_month"": ""2038-05"", ""requested_t"": 3.75, ""shipment_id"": ""S0109"", ""source_id"": ""B"", ""source_name"": ""Earth-Flex"", ""unfulfilled_request_t"": 0.0}]","{""A"": 13.333333333333334, ""B"": 2.9166666666666665, ""C"": 5.833333333333333}","{""A"": 13.333333333333334, ""B"": 2.9166666666666665, ""C"": 5.833333333333333}",22.083333333333332,0.265,21.81833333333333,21.81833333333333,0.0,26.251666666666658,16.291666666666664,7.666666666666668,0.0,0.0,2.293333333333326,ZBO,120.0,0.012,"[""ZBO"", ""EARTH_NEW""]",0.2017999999999995,1.0,"[""RESERVE_45D""]"
2038-02,2.293333333333326,23.958333333333332,16.291666666666664,"{""A"": 180.0, ""B"": 70.0, ""C"": 90.0, ""D"": 0, ""E"": 30.0}","{""A"": 14.166666666666666, ""B"": 3.75, ""C"": 5.833333333333333}","[{""actual_arrival_month"": ""2038-03"", ""actual_delivery_share"": 1.0, ""availability_share"": 1.0, ""feasible_t"": 13.333333333333334, ""gross_delivery_t"": 13.333333333333334, ""order_month"": ""2037-03"", ""planned_arrival_month"": ""2038-03"", ""requested_t"": 13.333333333333334, ""shipment_id"": ""S0027"", ""source_id"": ""A"", ""source_name"": ""Earth-Core"", ""unfulfilled_request_t"": 0.0}, {""actual_arrival_month"": ""2038-04"", ""actual_delivery_share"": 1.0, ""availability_share"": 1.0, ""feasible_t"": 13.333333333333334, ""gross_delivery_t"": 13.333333333333334, ""order_month"": ""2037-04"", ""planned_arrival_month"": ""2038-04"", ""requested_t"": 13.333333333333334, ""shipment_id"": ""S0028"", ""source_id"": ""A"", ""source_name"": ""Earth-Core"", ""unfulfilled_request_t"": 0.0}, {""actual_arrival_month"": ""2038-05"", ""actual_delivery_share"": 1.0, ""availability_share"": 1.0, ""feasible_t"": 13.333333333333334, ""gross_delivery_t"": 13.333333333333334, ""order_month"": ""2037-05"", ""planned_arrival_month"": ""2038-05"", ""requested_t"": 13.333333333333334, ""shipment_id"": ""S0029"", ""source_id"": ""A"", ""source_name"": ""Earth-Core"", ""unfulfilled_request_t"": 0.0}, {""actual_arrival_month"": ""2038-06"", ""actual_delivery_share"": 1.0, ""availability_share"": 1.0, ""feasible_t"": 13.333333333333334, ""gross_delivery_t"": 13.333333333333334, ""order_month"": ""2037-06"", ""planned_arrival_month"": ""2038-06"", ""requested_t"": 13.333333333333334, ""shipment_id"": ""S0030"", ""source_id"": ""A"", ""source_name"": ""Earth-Core"", ""unfulfilled_request_t"": 0.0}, {""actual_arrival_month"": ""2038-07"", ""actual_delivery_share"": 1.0, ""availability_share"": 1.0, ""feasible_t"": 13.333333333333334, ""gross_delivery_t"": 13.333333333333334, ""order_month"": ""2037-07"", ""planned_arrival_month"": ""2038-07"", ""requested_t"": 13.333333333333334, ""shipment_id"": ""S0031"", ""source_id"": ""A"", ""source_name"": ""Earth-Core"", ""unfulfilled_request_t"": 0.0}, {""actual_arrival_month"": ""2038-08"", ""actual_delivery_share"": 1.0, ""availability_share"": 1.0, ""feasible_t"": 13.333333333333334, ""gross_delivery_t"": 13.333333333333334, ""order_month"": ""2037-08"", ""planned_arrival_month"": ""2038-08"", ""requested_t"": 13.333333333333334, ""shipment_id"": ""S0032"", ""source_id"": ""A"", ""source_name"": ""Earth-Core"", ""unfulfilled_request_t"": 0.0}, {""actual_arrival_month"": ""2038-09"", ""actual_delivery_share"": 1.0, ""availability_share"": 1.0, ""feasible_t"": 13.333333333333334, ""gross_delivery_t"": 13.333333333333334, ""order_month"": ""2037-09"", ""planned_arrival_month"": ""2038-09"", ""requested_t"": 13.333333333333334, ""shipment_id"": ""S0033"", ""source_id"": ""A"", ""source_name"": ""Earth-Core"", ""unfulfilled_request_t"": 0.0}, {""actual_arrival_month"": ""2038-10"", ""actual_delivery_share"": 1.0, ""availability_share"": 1.0, ""feasible_t"": 13.333333333333334, ""gross_delivery_t"": 13.333333333333334, ""order_month"": ""2037-10"", ""planned_arrival_month"": ""2038-10"", ""requested_t"": 13.333333333333334, ""shipment_id"": ""S0034"", ""source_id"": ""A"", ""source_name"": ""Earth-Core"", ""unfulfilled_request_t"": 0.0}, {""actual_arrival_month"": ""2038-11"", ""actual_delivery_share"": 1.0, ""availability_share"": 1.0, ""feasible_t"": 13.333333333333334, ""gross_delivery_t"": 13.333333333333334, ""order_month"": ""2037-11"", ""planned_arrival_month"": ""2038-11"", ""requested_t"": 13.333333333333334, ""shipment_id"": ""S0035"", ""source_id"": ""A"", ""source_name"": ""Earth-Core"", ""unfulfilled_request_t"": 0.0}, {""actual_arrival_month"": ""2038-12"", ""actual_delivery_share"": 1.0, ""availability_share"": 1.0, ""feasible_t"": 13.333333333333334, ""gross_delivery_t"": 13.333333333333334, ""order_month"": ""2037-12"", ""planned_arrival_month"": ""2038-12"", ""requested_t"": 13.333333333333334, ""shipment_id"": ""S0036"", ""source_id"": ""A"", ""source_name"": ""Earth-Core"", ""unfulfilled_request_t"": 0.0}, {""actual_arrival_month"": ""2039-01"", ""actual_delivery_share"": 1.0, ""availability_share"": 1.0, ""feasible_t"": 14.166666666666666, ""gross_delivery_t"": 14.166666666666666, ""order_month"": ""2038-01"", ""planned_arrival_month"": ""2039-01"", ""requested_t"": 14.166666666666666, ""shipment_id"": ""S0037"", ""source_id"": ""A"", ""source_name"": ""Earth-Core"", ""unfulfilled_request_t"": 0.0}, {""actual_arrival_month"": ""2039-02"", ""actual_delivery_share"": 1.0, ""availability_share"": 1.0, ""feasible_t"": 14.166666666666666, ""gross_delivery_t"": 14.166666666666666, ""order_month"": ""2038-02"", ""planned_arrival_month"": ""2039-02"", ""requested_t"": 14.166666666666666, ""shipment_id"": ""S0038"", ""source_id"": ""A"", ""source_name"": ""Earth-Core"", ""unfulfilled_request_t"": 0.0}, {""actual_arrival_month"": ""2038-03"", ""actual_delivery_share"": 1.0, ""availability_share"": 1.0, ""feasible_t"": 2.9166666666666665, ""gross_delivery_t"": 2.9166666666666665, ""order_month"": ""2037-11"", ""planned_arrival_month"": ""2038-03"", ""requested_t"": 2.9166666666666665, ""shipment_id"": ""S0107"", ""source_id"": ""B"", ""source_name"": ""Earth-Flex"", ""unfulfilled_request_t"": 0.0}, {""actual_arrival_month"": ""2038-04"", ""actual_delivery_share"": 1.0, ""availability_share"": 1.0, ""feasible_t"": 2.9166666666666665, ""gross_delivery_t"": 2.9166666666666665, ""order_month"": ""2037-12"", ""planned_arrival_month"": ""2038-04"", ""requested_t"": 2.9166666666666665, ""shipment_id"": ""S0108"", ""source_id"": ""B"", ""source_name"": ""Earth-Flex"", ""unfulfilled_request_t"": 0.0}, {""actual_arrival_month"": ""2038-05"", ""actual_delivery_share"": 1.0, ""availability_share"": 1.0, ""feasible_t"": 3.75, ""gross_delivery_t"": 3.75, ""order_month"": ""2038-01"", ""planned_arrival_month"": ""2038-05"", ""requested_t"": 3.75, ""shipment_id"": ""S0109"", ""source_id"": ""B"", ""source_name"": ""Earth-Flex"", ""unfulfilled_request_t"": 0.0}, {""actual_arrival_month"": ""2038-06"", ""actual_delivery_share"": 1.0, ""availability_share"": 1.0, ""feasible_t"": 3.75, ""gross_delivery_t"": 3.75, ""order_month"": ""2038-02"", ""planned_arrival_month"": ""2038-06"", ""requested_t"": 3.75, ""shipment_id"": ""S0110"", ""source_id"": ""B"", ""source_name"": ""Earth-Flex"", ""unfulfilled_request_t"": 0.0}]","{""A"": 13.333333333333334, ""B"": 2.9166666666666665, ""C"": 5.833333333333333}","{""A"": 13.333333333333334, ""B"": 2.9166666666666665, ""C"": 5.833333333333333}",22.083333333333332,0.265,21.81833333333333,21.81833333333333,0.0,24.111666666666657,16.291666666666664,7.666666666666668,0.0,0.0,0.15333333333332533,ZBO,120.0,0.012,"[""ZBO"", ""EARTH_NEW""]",0.07339999999999954,1.0,[]
2038-03,0.15333333333332533,23.958333333333332,16.291666666666664,"{""A"": 180.0, ""B"": 70.0, ""C"": 90.0, ""D"": 0, ""E"": 30.0}","{""A"": 14.166666666666666, ""B"": 3.75, ""C"": 5.833333333333333}","[{""actual_arrival_month"": ""2038-04"", ""actual_delivery_share"": 1.0, ""availability_share"": 1.0, ""feasible_t"": 13.333333333333334, ""gross_delivery_t"": 13.333333333333334, ""order_month"": ""2037-04"", ""planned_arrival_month"": ""2038-04"", ""requested_t"": 13.333333333333334, ""shipment_id"": ""S0028"", ""source_id"": ""A"", ""source_name"": ""Earth-Core"", ""unfulfilled_request_t"": 0.0}, {""actual_arrival_month"": ""2038-05"", ""actual_delivery_share"": 1.0, ""availability_share"": 1.0, ""feasible_t"": 13.333333333333334, ""gross_delivery_t"": 13.333333333333334, ""order_month"": ""2037-05"", ""planned_arrival_month"": ""2038-05"", ""requested_t"": 13.333333333333334, ""shipment_id"": ""S0029"", ""source_id"": ""A"", ""source_name"": ""Earth-Core"", ""unfulfilled_request_t"": 0.0}, {""actual_arrival_month"": ""2038-06"", ""actual_delivery_share"": 1.0, ""availability_share"": 1.0, ""feasible_t"": 13.333333333333334, ""gross_delivery_t"": 13.333333333333334, ""order_month"": ""2037-06"", ""planned_arrival_month"": ""2038-06"", ""requested_t"": 13.333333333333334, ""shipment_id"": ""S0030"", ""source_id"": ""A"", ""source_name"": ""Earth-Core"", ""unfulfilled_request_t"": 0.0}, {""actual_arrival_month"": ""2038-07"", ""actual_delivery_share"": 1.0, ""availability_share"": 1.0, ""feasible_t"": 13.333333333333334, ""gross_delivery_t"": 13.333333333333334, ""order_month"": ""2037-07"", ""planned_arrival_month"": ""2038-07"", ""requested_t"": 13.333333333333334, ""shipment_id"": ""S0031"", ""source_id"": ""A"", ""source_name"": ""Earth-Core"", ""unfulfilled_request_t"": 0.0}, {""actual_arrival_month"": ""2038-08"", ""actual_delivery_share"": 1.0, ""availability_share"": 1.0, ""feasible_t"": 13.333333333333334, ""gross_delivery_t"": 13.333333333333334, ""order_month"": ""2037-08"", ""planned_arrival_month"": ""2038-08"", ""requested_t"": 13.333333333333334, ""shipment_id"": ""S0032"", ""source_id"": ""A"", ""source_name"": ""Earth-Core"", ""unfulfilled_request_t"": 0.0}, {""actual_arrival_month"": ""2038-09"", ""actual_delivery_share"": 1.0, ""availability_share"": 1.0, ""feasible_t"": 13.333333333333334, ""gross_delivery_t"": 13.333333333333334, ""order_month"": ""2037-09"", ""planned_arrival_month"": ""2038-09"", ""requested_t"": 13.333333333333334, ""shipment_id"": ""S0033"", ""source_id"": ""A"", ""source_name"": ""Earth-Core"", ""unfulfilled_request_t"": 0.0}, {""actual_arrival_month"": ""2038-10"", ""actual_delivery_share"": 1.0, ""availability_share"": 1.0, ""feasible_t"": 13.333333333333334, ""gross_delivery_t"": 13.333333333333334, ""order_month"": ""2037-10"", ""planned_arrival_month"": ""2038-10"", ""requested_t"": 13.333333333333334, ""shipment_id"": ""S0034"", ""source_id"": ""A"", ""source_name"": ""Earth-Core"", ""unfulfilled_request_t"": 0.0}, {""actual_arrival_month"": ""2038-11"", ""actual_delivery_share"": 1.0, ""availability_share"": 1.0, ""feasible_t"": 13.333333333333334, ""gross_delivery_t"": 13.333333333333334, ""order_month"": ""2037-11"", ""planned_arrival_month"": ""2038-11"", ""requested_t"": 13.333333333333334, ""shipment_id"": ""S0035"", ""source_id"": ""A"", ""source_name"": ""Earth-Core"", ""unfulfilled_request_t"": 0.0}, {""actual_arrival_month"": ""2038-12"", ""actual_delivery_share"": 1.0, ""availability_share"": 1.0, ""feasible_t"": 13.333333333333334, ""gross_delivery_t"": 13.333333333333334, ""order_month"": ""2037-12"", ""planned_arrival_month"": ""2038-12"", ""requested_t"": 13.333333333333334, ""shipment_id"": ""S0036"", ""source_id"": ""A"", ""source_name"": ""Earth-Core"", ""unfulfilled_request_t"": 0.0}, {""actual_arrival_month"": ""2039-01"", ""actual_delivery_share"": 1.0, ""availability_share"": 1.0, ""feasible_t"": 14.166666666666666, ""gross_delivery_t"": 14.166666666666666, ""order_month"": ""2038-01"", ""planned_arrival_month"": ""2039-01"", ""requested_t"": 14.166666666666666, ""shipment_id"": ""S0037"", ""source_id"": ""A"", ""source_name"": ""Earth-Core"", ""unfulfilled_request_t"": 0.0}, {""actual_arrival_month"": ""2039-02"", ""actual_delivery_share"": 1.0, ""availability_share"": 1.0, ""feasible_t"": 14.166666666666666, ""gross_delivery_t"": 14.166666666666666, ""order_month"": ""2038-02"", ""planned_arrival_month"": ""2039-02"", ""requested_t"": 14.166666666666666, ""shipment_id"": ""S0038"", ""source_id"": ""A"", ""source_name"": ""Earth-Core"", ""unfulfilled_request_t"": 0.0}, {""actual_arrival_month"": ""2039-03"", ""actual_delivery_share"": 1.0, ""availability_share"": 1.0, ""feasible_t"": 14.166666666666666, ""gross_delivery_t"": 14.166666666666666, ""order_month"": ""2038-03"", ""planned_arrival_month"": ""2039-03"", ""requested_t"": 14.166666666666666, ""shipment_id"": ""S0039"", ""source_id"": ""A"", ""source_name"": ""Earth-Core"", ""unfulfilled_request_t"": 0.0}, {""actual_arrival_month"": ""2038-04"", ""actual_delivery_share"": 1.0, ""availability_share"": 1.0, ""feasible_t"": 2.9166666666666665, ""gross_delivery_t"": 2.9166666666666665, ""order_month"": ""2037-12"", ""planned_arrival_month"": ""2038-04"", ""requested_t"": 2.9166666666666665, ""shipment_id"": ""S0108"", ""source_id"": ""B"", ""source_name"": ""Earth-Flex"", ""unfulfilled_request_t"": 0.0}, {""actual_arrival_month"": ""2038-05"", ""actual_delivery_share"": 1.0, ""availability_share"": 1.0, ""feasible_t"": 3.75, ""gross_delivery_t"": 3.75, ""order_month"": ""2038-01"", ""planned_arrival_month"": ""2038-05"", ""requested_t"": 3.75, ""shipment_id"": ""S0109"", ""source_id"": ""B"", ""source_name"": ""Earth-Flex"", ""unfulfilled_request_t"": 0.0}, {""actual_arrival_month"": ""2038-06"", ""actual_delivery_share"": 1.0, ""availability_share"": 1.0, ""feasible_t"": 3.75, ""gross_delivery_t"": 3.75, ""order_month"": ""2038-02"", ""planned_arrival_month"": ""2038-06"", ""requested_t"": 3.75, ""shipment_id"": ""S0110"", ""source_id"": ""B"", ""source_name"": ""Earth-Flex"", ""unfulfilled_request_t"": 0.0}, {""actual_arrival_month"": ""2038-07"", ""actual_delivery_share"": 1.0, ""availability_share"": 1.0, ""feasible_t"": 3.75, ""gross_delivery_t"": 3.75, ""order_month"": ""2038-03"", ""planned_arrival_month"": ""2038-07"", ""requested_t"": 3.75, ""shipment_id"": ""S0111"", ""source_id"": ""B"", ""source_name"": ""Earth-Flex"", ""unfulfilled_request_t"": 0.0}]","{""A"": 13.333333333333334, ""B"": 2.9166666666666665, ""C"": 5.833333333333333}","{""A"": 13.333333333333334, ""B"": 2.9166666666666665, ""C"": 5.833333333333333}",22.083333333333332,0.265,21.81833333333333,21.81833333333333,0.0,21.971666666666657,16.291666666666664,5.679999999999993,0.0,1.9866666666666752,0.0,ZBO,120.0,0.012,"[""ZBO"", ""EARTH_NEW""]",0.00459999999999976,1.0,[]
2038-04,0.0,23.958333333333332,16.291666666666664,"{""A"": 180.0, ""B"": 70.0, ""C"": 90.0, ""D"": 0, ""E"": 30.0}","{""A"": 14.166666666666666, ""B"": 3.75, ""C"": 5.833333333333333}","[{""actual_arrival_month"": ""2038-05"", ""actual_delivery_share"": 1.0, ""availability_share"": 1.0, ""feasible_t"": 13.333333333333334, ""gross_delivery_t"": 13.333333333333334, ""order_month"": ""2037-05"", ""planned_arrival_month"": ""2038-05"", ""requested_t"": 13.333333333333334, ""shipment_id"": ""S0029"", ""source_id"": ""A"", ""source_name"": ""Earth-Core"", ""unfulfilled_request_t"": 0.0}, {""actual_arrival_month"": ""2038-06"", ""actual_delivery_share"": 1.0, ""availability_share"": 1.0, ""feasible_t"": 13.333333333333334, ""gross_delivery_t"": 13.333333333333334, ""order_month"": ""2037-06"", ""planned_arrival_month"": ""2038-06"", ""requested_t"": 13.333333333333334, ""shipment_id"": ""S0030"", ""source_id"": ""A"", ""source_name"": ""Earth-Core"", ""unfulfilled_request_t"": 0.0}, {""actual_arrival_month"": ""2038-07"", ""actual_delivery_share"": 1.0, ""availability_share"": 1.0, ""feasible_t"": 13.333333333333334, ""gross_delivery_t"": 13.333333333333334, ""order_month"": ""2037-07"", ""planned_arrival_month"": ""2038-07"", ""requested_t"": 13.333333333333334, ""shipment_id"": ""S0031"", ""source_id"": ""A"", ""source_name"": ""Earth-Core"", ""unfulfilled_request_t"": 0.0}, {""actual_arrival_month"": ""2038-08"", ""actual_delivery_share"": 1.0, ""availability_share"": 1.0, ""feasible_t"": 13.333333333333334, ""gross_delivery_t"": 13.333333333333334, ""order_month"": ""2037-08"", ""planned_arrival_month"": ""2038-08"", ""requested_t"": 13.333333333333334, ""shipment_id"": ""S0032"", ""source_id"": ""A"", ""source_name"": ""Earth-Core"", ""unfulfilled_request_t"": 0.0}, {""actual_arrival_month"": ""2038-09"", ""actual_delivery_share"": 1.0, ""availability_share"": 1.0, ""feasible_t"": 13.333333333333334, ""gross_delivery_t"": 13.333333333333334, ""order_month"": ""2037-09"", ""planned_arrival_month"": ""2038-09"", ""requested_t"": 13.333333333333334, ""shipment_id"": ""S0033"", ""source_id"": ""A"", ""source_name"": ""Earth-Core"", ""unfulfilled_request_t"": 0.0}, {""actual_arrival_month"": ""2038-10"", ""actual_delivery_share"": 1.0, ""availability_share"": 1.0, ""feasible_t"": 13.333333333333334, ""gross_delivery_t"": 13.333333333333334, ""order_month"": ""2037-10"", ""planned_arrival_month"": ""2038-10"", ""requested_t"": 13.333333333333334, ""shipment_id"": ""S0034"", ""source_id"": ""A"", ""source_name"": ""Earth-Core"", ""unfulfilled_request_t"": 0.0}, {""actual_arrival_month"": ""2038-11"", ""actual_delivery_share"": 1.0, ""availability_share"": 1.0, ""feasible_t"": 13.333333333333334, ""gross_delivery_t"": 13.333333333333334, ""order_month"": ""2037-11"", ""planned_arrival_month"": ""2038-11"", ""requested_t"": 13.333333333333334, ""shipment_id"": ""S0035"", ""source_id"": ""A"", ""source_name"": ""Earth-Core"", ""unfulfilled_request_t"": 0.0}, {""actual_arrival_month"": ""2038-12"", ""actual_delivery_share"": 1.0, ""availability_share"": 1.0, ""feasible_t"": 13.333333333333334, ""gross_delivery_t"": 13.333333333333334, ""order_month"": ""2037-12"", ""planned_arrival_month"": ""2038-12"", ""requested_t"": 13.333333333333334, ""shipment_id"": ""S0036"", ""source_id"": ""A"", ""source_name"": ""Earth-Core"", ""unfulfilled_request_t"": 0.0}, {""actual_arrival_month"": ""2039-01"", ""actual_delivery_share"": 1.0, ""availability_share"": 1.0, ""feasible_t"": 14.166666666666666, ""gross_delivery_t"": 14.166666666666666, ""order_month"": ""2038-01"", ""planned_arrival_month"": ""2039-01"", ""requested_t"": 14.166666666666666, ""shipment_id"": ""S0037"", ""source_id"": ""A"", ""source_name"": ""Earth-Core"", ""unfulfilled_request_t"": 0.0}, {""actual_arrival_month"": ""2039-02"", ""actual_delivery_share"": 1.0, ""availability_share"": 1.0, ""feasible_t"": 14.166666666666666, ""gross_delivery_t"": 14.166666666666666, ""order_month"": ""2038-02"", ""planned_arrival_month"": ""2039-02"", ""requested_t"": 14.166666666666666, ""shipment_id"": ""S0038"", ""source_id"": ""A"", ""source_name"": ""Earth-Core"", ""unfulfilled_request_t"": 0.0}, {""actual_arrival_month"": ""2039-03"", ""actual_delivery_share"": 1.0, ""availability_share"": 1.0, ""feasible_t"": 14.166666666666666, ""gross_delivery_t"": 14.166666666666666, ""order_month"": ""2038-03"", ""planned_arrival_month"": ""2039-03"", ""requested_t"": 14.166666666666666, ""shipment_id"": ""S0039"", ""source_id"": ""A"", ""source_name"": ""Earth-Core"", ""unfulfilled_request_t"": 0.0}, {""actual_arrival_month"": ""2039-04"", ""actual_delivery_share"": 1.0, ""availability_share"": 1.0, ""feasible_t"": 14.166666666666666, ""gross_delivery_t"": 14.166666666666666, ""order_month"": ""2038-04"", ""planned_arrival_month"": ""2039-04"", ""requested_t"": 14.166666666666666, ""shipment_id"": ""S0040"", ""source_id"": ""A"", ""source_name"": ""Earth-Core"", ""unfulfilled_request_t"": 0.0}, {""actual_arrival_month"": ""2038-05"", ""actual_delivery_share"": 1.0, ""availability_share"": 1.0, ""feasible_t"": 3.75, ""gross_delivery_t"": 3.75, ""order_month"": ""2038-01"", ""planned_arrival_month"": ""2038-05"", ""requested_t"": 3.75, ""shipment_id"": ""S0109"", ""source_id"": ""B"", ""source_name"": ""Earth-Flex"", ""unfulfilled_request_t"": 0.0}, {""actual_arrival_month"": ""2038-06"", ""actual_delivery_share"": 1.0, ""availability_share"": 1.0, ""feasible_t"": 3.75, ""gross_delivery_t"": 3.75, ""order_month"": ""2038-02"", ""planned_arrival_month"": ""2038-06"", ""requested_t"": 3.75, ""shipment_id"": ""S0110"", ""source_id"": ""B"", ""source_name"": ""Earth-Flex"", ""unfulfilled_request_t"": 0.0}, {""actual_arrival_month"": ""2038-07"", ""actual_delivery_share"": 1.0, ""availability_share"": 1.0, ""feasible_t"": 3.75, ""gross_delivery_t"": 3.75, ""order_month"": ""2038-03"", ""planned_arrival_month"": ""2038-07"", ""requested_t"": 3.75, ""shipment_id"": ""S0111"", ""source_id"": ""B"", ""source_name"": ""Earth-Flex"", ""unfulfilled_request_t"": 0.0}, {""actual_arrival_month"": ""2038-08"", ""actual_delivery_share"": 1.0, ""availability_share"": 1.0, ""feasible_t"": 3.75, ""gross_delivery_t"": 3.75, ""order_month"": ""2038-04"", ""planned_arrival_month"": ""2038-08"", ""requested_t"": 3.75, ""shipment_id"": ""S0112"", ""source_id"": ""B"", ""source_name"": ""Earth-Flex"", ""unfulfilled_request_t"": 0.0}]","{""A"": 13.333333333333334, ""B"": 2.9166666666666665, ""C"": 5.833333333333333}","{""A"": 13.333333333333334, ""B"": 2.9166666666666665, ""C"": 5.833333333333333}",22.083333333333332,0.265,21.81833333333333,21.81833333333333,0.0,21.81833333333333,16.291666666666664,5.526666666666667,0.0,2.1400000000000006,0.0,ZBO,120.0,0.012,"[""ZBO"", ""EARTH_NEW""]",0.0,1.0,[]
2038-05,0.0,23.958333333333332,16.291666666666664,"{""A"": 180.0, ""B"": 70.0, ""C"": 90.0, ""D"": 0, ""E"": 30.0}","{""A"": 14.166666666666666, ""B"": 3.75, ""C"": 5.833333333333333}","[{""actual_arrival_month"": ""2038-06"", ""actual_delivery_share"": 1.0, ""availability_share"": 1.0, ""feasible_t"": 13.333333333333334, ""gross_delivery_t"": 13.333333333333334, ""order_month"": ""2037-06"", ""planned_arrival_month"": ""2038-06"", ""requested_t"": 13.333333333333334, ""shipment_id"": ""S0030"", ""source_id"": ""A"", ""source_name"": ""Earth-Core"", ""unfulfilled_request_t"": 0.0}, {""actual_arrival_month"": ""2038-07"", ""actual_delivery_share"": 1.0, ""availability_share"": 1.0, ""feasible_t"": 13.333333333333334, ""gross_delivery_t"": 13.333333333333334, ""order_month"": ""2037-07"", ""planned_arrival_month"": ""2038-07"", ""requested_t"": 13.333333333333334, ""shipment_id"": ""S0031"", ""source_id"": ""A"", ""source_name"": ""Earth-Core"", ""unfulfilled_request_t"": 0.0}, {""actual_arrival_month"": ""2038-08"", ""actual_delivery_share"": 1.0, ""availability_share"": 1.0, ""feasible_t"": 13.333333333333334, ""gross_delivery_t"": 13.333333333333334, ""order_month"": ""2037-08"", ""planned_arrival_month"": ""2038-08"", ""requested_t"": 13.333333333333334, ""shipment_id"": ""S0032"", ""source_id"": ""A"", ""source_name"": ""Earth-Core"", ""unfulfilled_request_t"": 0.0}, {""actual_arrival_month"": ""2038-09"", ""actual_delivery_share"": 1.0, ""availability_share"": 1.0, ""feasible_t"": 13.333333333333334, ""gross_delivery_t"": 13.333333333333334, ""order_month"": ""2037-09"", ""planned_arrival_month"": ""2038-09"", ""requested_t"": 13.333333333333334, ""shipment_id"": ""S0033"", ""source_id"": ""A"", ""source_name"": ""Earth-Core"", ""unfulfilled_request_t"": 0.0}, {""actual_arrival_month"": ""2038-10"", ""actual_delivery_share"": 1.0, ""availability_share"": 1.0, ""feasible_t"": 13.333333333333334, ""gross_delivery_t"": 13.333333333333334, ""order_month"": ""2037-10"", ""planned_arrival_month"": ""2038-10"", ""requested_t"": 13.333333333333334, ""shipment_id"": ""S0034"", ""source_id"": ""A"", ""source_name"": ""Earth-Core"", ""unfulfilled_request_t"": 0.0}, {""actual_arrival_month"": ""2038-11"", ""actual_delivery_share"": 1.0, ""availability_share"": 1.0, ""feasible_t"": 13.333333333333334, ""gross_delivery_t"": 13.333333333333334, ""order_month"": ""2037-11"", ""planned_arrival_month"": ""2038-11"", ""requested_t"": 13.333333333333334, ""shipment_id"": ""S0035"", ""source_id"": ""A"", ""source_name"": ""Earth-Core"", ""unfulfilled_request_t"": 0.0}, {""actual_arrival_month"": ""2038-12"", ""actual_delivery_share"": 1.0, ""availability_share"": 1.0, ""feasible_t"": 13.333333333333334, ""gross_delivery_t"": 13.333333333333334, ""order_month"": ""2037-12"", ""planned_arrival_month"": ""2038-12"", ""requested_t"": 13.333333333333334, ""shipment_id"": ""S0036"", ""source_id"": ""A"", ""source_name"": ""Earth-Core"", ""unfulfilled_request_t"": 0.0}, {""actual_arrival_month"": ""2039-01"", ""actual_delivery_share"": 1.0, ""availability_share"": 1.0, ""feasible_t"": 14.166666666666666, ""gross_delivery_t"": 14.166666666666666, ""order_month"": ""2038-01"", ""planned_arrival_month"": ""2039-01"", ""requested_t"": 14.166666666666666, ""shipment_id"": ""S0037"", ""source_id"": ""A"", ""source_name"": ""Earth-Core"", ""unfulfilled_request_t"": 0.0}, {""actual_arrival_month"": ""2039-02"", ""actual_delivery_share"": 1.0, ""availability_share"": 1.0, ""feasible_t"": 14.166666666666666, ""gross_delivery_t"": 14.166666666666666, ""order_month"": ""2038-02"", ""planned_arrival_month"": ""2039-02"", ""requested_t"": 14.166666666666666, ""shipment_id"": ""S0038"", ""source_id"": ""A"", ""source_name"": ""Earth-Core"", ""unfulfilled_request_t"": 0.0}, {""actual_arrival_month"": ""2039-03"", ""actual_delivery_share"": 1.0, ""availability_share"": 1.0, ""feasible_t"": 14.166666666666666, ""gross_delivery_t"": 14.166666666666666, ""order_month"": ""2038-03"", ""planned_arrival_month"": ""2039-03"", ""requested_t"": 14.166666666666666, ""shipment_id"": ""S0039"", ""source_id"": ""A"", ""source_name"": ""Earth-Core"", ""unfulfilled_request_t"": 0.0}, {""actual_arrival_month"": ""2039-04"", ""actual_delivery_share"": 1.0, ""availability_share"": 1.0, ""feasible_t"": 14.166666666666666, ""gross_delivery_t"": 14.166666666666666, ""order_month"": ""2038-04"", ""planned_arrival_month"": ""2039-04"", ""requested_t"": 14.166666666666666, ""shipment_id"": ""S0040"", ""source_id"": ""A"", ""source_name"": ""Earth-Core"", ""unfulfilled_request_t"": 0.0}, {""actual_arrival_month"": ""2039-05"", ""actual_delivery_share"": 1.0, ""availability_share"": 1.0, ""feasible_t"": 14.166666666666666, ""gross_delivery_t"": 14.166666666666666, ""order_month"": ""2038-05"", ""planned_arrival_month"": ""2039-05"", ""requested_t"": 14.166666666666666, ""shipment_id"": ""S0041"", ""source_id"": ""A"", ""source_name"": ""Earth-Core"", ""unfulfilled_request_t"": 0.0}, {""actual_arrival_month"": ""2038-06"", ""actual_delivery_share"": 1.0, ""availability_share"": 1.0, ""feasible_t"": 3.75, ""gross_delivery_t"": 3.75, ""order_month"": ""2038-02"", ""planned_arrival_month"": ""2038-06"", ""requested_t"": 3.75, ""shipment_id"": ""S0110"", ""source_id"": ""B"", ""source_name"": ""Earth-Flex"", ""unfulfilled_request_t"": 0.0}, {""actual_arrival_month"": ""2038-07"", ""actual_delivery_share"": 1.0, ""availability_share"": 1.0, ""feasible_t"": 3.75, ""gross_delivery_t"": 3.75, ""order_month"": ""2038-03"", ""planned_arrival_month"": ""2038-07"", ""requested_t"": 3.75, ""shipment_id"": ""S0111"", ""source_id"": ""B"", ""source_name"": ""Earth-Flex"", ""unfulfilled_request_t"": 0.0}, {""actual_arrival_month"": ""2038-08"", ""actual_delivery_share"": 1.0, ""availability_share"": 1.0, ""feasible_t"": 3.75, ""gross_delivery_t"": 3.75, ""order_month"": ""2038-04"", ""planned_arrival_month"": ""2038-08"", ""requested_t"": 3.75, ""shipment_id"": ""S0112"", ""source_id"": ""B"", ""source_name"": ""Earth-Flex"", ""unfulfilled_request_t"": 0.0}, {""actual_arrival_month"": ""2038-09"", ""actual_delivery_share"": 1.0, ""availability_share"": 1.0, ""feasible_t"": 3.75, ""gross_delivery_t"": 3.75, ""order_month"": ""2038-05"", ""planned_arrival_month"": ""2038-09"", ""requested_t"": 3.75, ""shipment_id"": ""S0113"", ""source_id"": ""B"", ""source_name"": ""Earth-Flex"", ""unfulfilled_request_t"": 0.0}]","{""A"": 13.333333333333334, ""B"": 3.75, ""C"": 5.833333333333333}","{""A"": 13.333333333333334, ""B"": 3.75, ""C"": 5.833333333333333}",22.916666666666668,0.275,22.64166666666667,22.64166666666667,0.0,22.64166666666667,16.291666666666664,6.350000000000005,0.0,1.3166666666666629,0.0,ZBO,120.0,0.012,"[""ZBO"", ""EARTH_NEW""]",0.0,1.0,[]
2038-06,0.0,23.958333333333332,16.291666666666664,"{""A"": 180.0, ""B"": 70.0, ""C"": 90.0, ""D"": 0, ""E"": 30.0}","{""A"": 14.166666666666666, ""B"": 3.75, ""C"": 5.833333333333333}","[{""actual_arrival_month"": ""2038-07"", ""actual_delivery_share"": 1.0, ""availability_share"": 1.0, ""feasible_t"": 13.333333333333334, ""gross_delivery_t"": 13.333333333333334, ""order_month"": ""2037-07"", ""planned_arrival_month"": ""2038-07"", ""requested_t"": 13.333333333333334, ""shipment_id"": ""S0031"", ""source_id"": ""A"", ""source_name"": ""Earth-Core"", ""unfulfilled_request_t"": 0.0}, {""actual_arrival_month"": ""2038-08"", ""actual_delivery_share"": 1.0, ""availability_share"": 1.0, ""feasible_t"": 13.333333333333334, ""gross_delivery_t"": 13.333333333333334, ""order_month"": ""2037-08"", ""planned_arrival_month"": ""2038-08"", ""requested_t"": 13.333333333333334, ""shipment_id"": ""S0032"", ""source_id"": ""A"", ""source_name"": ""Earth-Core"", ""unfulfilled_request_t"": 0.0}, {""actual_arrival_month"": ""2038-09"", ""actual_delivery_share"": 1.0, ""availability_share"": 1.0, ""feasible_t"": 13.333333333333334, ""gross_delivery_t"": 13.333333333333334, ""order_month"": ""2037-09"", ""planned_arrival_month"": ""2038-09"", ""requested_t"": 13.333333333333334, ""shipment_id"": ""S0033"", ""source_id"": ""A"", ""source_name"": ""Earth-Core"", ""unfulfilled_request_t"": 0.0}, {""actual_arrival_month"": ""2038-10"", ""actual_delivery_share"": 1.0, ""availability_share"": 1.0, ""feasible_t"": 13.333333333333334, ""gross_delivery_t"": 13.333333333333334, ""order_month"": ""2037-10"", ""planned_arrival_month"": ""2038-10"", ""requested_t"": 13.333333333333334, ""shipment_id"": ""S0034"", ""source_id"": ""A"", ""source_name"": ""Earth-Core"", ""unfulfilled_request_t"": 0.0}, {""actual_arrival_month"": ""2038-11"", ""actual_delivery_share"": 1.0, ""availability_share"": 1.0, ""feasible_t"": 13.333333333333334, ""gross_delivery_t"": 13.333333333333334, ""order_month"": ""2037-11"", ""planned_arrival_month"": ""2038-11"", ""requested_t"": 13.333333333333334, ""shipment_id"": ""S0035"", ""source_id"": ""A"", ""source_name"": ""Earth-Core"", ""unfulfilled_request_t"": 0.0}, {""actual_arrival_month"": ""2038-12"", ""actual_delivery_share"": 1.0, ""availability_share"": 1.0, ""feasible_t"": 13.333333333333334, ""gross_delivery_t"": 13.333333333333334, ""order_month"": ""2037-12"", ""planned_arrival_month"": ""2038-12"", ""requested_t"": 13.333333333333334, ""shipment_id"": ""S0036"", ""source_id"": ""A"", ""source_name"": ""Earth-Core"", ""unfulfilled_request_t"": 0.0}, {""actual_arrival_month"": ""2039-01"", ""actual_delivery_share"": 1.0, ""availability_share"": 1.0, ""feasible_t"": 14.166666666666666, ""gross_delivery_t"": 14.166666666666666, ""order_month"": ""2038-01"", ""planned_arrival_month"": ""2039-01"", ""requested_t"": 14.166666666666666, ""shipment_id"": ""S0037"", ""source_id"": ""A"", ""source_name"": ""Earth-Core"", ""unfulfilled_request_t"": 0.0}, {""actual_arrival_month"": ""2039-02"", ""actual_delivery_share"": 1.0, ""availability_share"": 1.0, ""feasible_t"": 14.166666666666666, ""gross_delivery_t"": 14.166666666666666, ""order_month"": ""2038-02"", ""planned_arrival_month"": ""2039-02"", ""requested_t"": 14.166666666666666, ""shipment_id"": ""S0038"", ""source_id"": ""A"", ""source_name"": ""Earth-Core"", ""unfulfilled_request_t"": 0.0}, {""actual_arrival_month"": ""2039-03"", ""actual_delivery_share"": 1.0, ""availability_share"": 1.0, ""feasible_t"": 14.166666666666666, ""gross_delivery_t"": 14.166666666666666, ""order_month"": ""2038-03"", ""planned_arrival_month"": ""2039-03"", ""requested_t"": 14.166666666666666, ""shipment_id"": ""S0039"", ""source_id"": ""A"", ""source_name"": ""Earth-Core"", ""unfulfilled_request_t"": 0.0}, {""actual_arrival_month"": ""2039-04"", ""actual_delivery_share"": 1.0, ""availability_share"": 1.0, ""feasible_t"": 14.166666666666666, ""gross_delivery_t"": 14.166666666666666, ""order_month"": ""2038-04"", ""planned_arrival_month"": ""2039-04"", ""requested_t"": 14.166666666666666, ""shipment_id"": ""S0040"", ""source_id"": ""A"", ""source_name"": ""Earth-Core"", ""unfulfilled_request_t"": 0.0}, {""actual_arrival_month"": ""2039-05"", ""actual_delivery_share"": 1.0, ""availability_share"": 1.0, ""feasible_t"": 14.166666666666666, ""gross_delivery_t"": 14.166666666666666, ""order_month"": ""2038-05"", ""planned_arrival_month"": ""2039-05"", ""requested_t"": 14.166666666666666, ""shipment_id"": ""S0041"", ""source_id"": ""A"", ""source_name"": ""Earth-Core"", ""unfulfilled_request_t"": 0.0}, {""actual_arrival_month"": ""2039-06"", ""actual_delivery_share"": 1.0, ""availability_share"": 1.0, ""feasible_t"": 14.166666666666666, ""gross_delivery_t"": 14.166666666666666, ""order_month"": ""2038-06"", ""planned_arrival_month"": ""2039-06"", ""requested_t"": 14.166666666666666, ""shipment_id"": ""S0042"", ""source_id"": ""A"", ""source_name"": ""Earth-Core"", ""unfulfilled_request_t"": 0.0}, {""actual_arrival_month"": ""2038-07"", ""actual_delivery_share"": 1.0, ""availability_share"": 1.0, ""feasible_t"": 3.75, ""gross_delivery_t"": 3.75, ""order_month"": ""2038-03"", ""planned_arrival_month"": ""2038-07"", ""requested_t"": 3.75, ""shipment_id"": ""S0111"", ""source_id"": ""B"", ""source_name"": ""Earth-Flex"", ""unfulfilled_request_t"": 0.0}, {""actual_arrival_month"": ""2038-08"", ""actual_delivery_share"": 1.0, ""availability_share"": 1.0, ""feasible_t"": 3.75, ""gross_delivery_t"": 3.75, ""order_month"": ""2038-04"", ""planned_arrival_month"": ""2038-08"", ""requested_t"": 3.75, ""shipment_id"": ""S0112"", ""source_id"": ""B"", ""source_name"": ""Earth-Flex"", ""unfulfilled_request_t"": 0.0}, {""actual_arrival_month"": ""2038-09"", ""actual_delivery_share"": 1.0, ""availability_share"": 1.0, ""feasible_t"": 3.75, ""gross_delivery_t"": 3.75, ""order_month"": ""2038-05"", ""planned_arrival_month"": ""2038-09"", ""requested_t"": 3.75, ""shipment_id"": ""S0113"", ""source_id"": ""B"", ""source_name"": ""Earth-Flex"", ""unfulfilled_request_t"": 0.0}, {""actual_arrival_month"": ""2038-10"", ""actual_delivery_share"": 1.0, ""availability_share"": 1.0, ""feasible_t"": 3.75, ""gross_delivery_t"": 3.75, ""order_month"": ""2038-06"", ""planned_arrival_month"": ""2038-10"", ""requested_t"": 3.75, ""shipment_id"": ""S0114"", ""source_id"": ""B"", ""source_name"": ""Earth-Flex"", ""unfulfilled_request_t"": 0.0}]","{""A"": 13.333333333333334, ""B"": 3.75, ""C"": 5.833333333333333}","{""A"": 13.333333333333334, ""B"": 3.75, ""C"": 5.833333333333333}",22.916666666666668,0.275,22.64166666666667,22.64166666666667,0.0,22.64166666666667,16.291666666666664,6.350000000000005,0.0,1.3166666666666629,0.0,ZBO,120.0,0.012,"[""ZBO"", ""EARTH_NEW""]",0.0,1.0,[]
2038-07,0.0,23.958333333333332,16.291666666666664,"{""A"": 180.0, ""B"": 70.0, ""C"": 90.0, ""D"": 0, ""E"": 30.0}","{""A"": 14.166666666666666, ""B"": 3.75, ""C"": 5.833333333333333}","[{""actual_arrival_month"": ""2038-08"", ""actual_delivery_share"": 1.0, ""availability_share"": 1.0, ""feasible_t"": 13.333333333333334, ""gross_delivery_t"": 13.333333333333334, ""order_month"": ""2037-08"", ""planned_arrival_month"": ""2038-08"", ""requested_t"": 13.333333333333334, ""shipment_id"": ""S0032"", ""source_id"": ""A"", ""source_name"": ""Earth-Core"", ""unfulfilled_request_t"": 0.0}, {""actual_arrival_month"": ""2038-09"", ""actual_delivery_share"": 1.0, ""availability_share"": 1.0, ""feasible_t"": 13.333333333333334, ""gross_delivery_t"": 13.333333333333334, ""order_month"": ""2037-09"", ""planned_arrival_month"": ""2038-09"", ""requested_t"": 13.333333333333334, ""shipment_id"": ""S0033"", ""source_id"": ""A"", ""source_name"": ""Earth-Core"", ""unfulfilled_request_t"": 0.0}, {""actual_arrival_month"": ""2038-10"", ""actual_delivery_share"": 1.0, ""availability_share"": 1.0, ""feasible_t"": 13.333333333333334, ""gross_delivery_t"": 13.333333333333334, ""order_month"": ""2037-10"", ""planned_arrival_month"": ""2038-10"", ""requested_t"": 13.333333333333334, ""shipment_id"": ""S0034"", ""source_id"": ""A"", ""source_name"": ""Earth-Core"", ""unfulfilled_request_t"": 0.0}, {""actual_arrival_month"": ""2038-11"", ""actual_delivery_share"": 1.0, ""availability_share"": 1.0, ""feasible_t"": 13.333333333333334, ""gross_delivery_t"": 13.333333333333334, ""order_month"": ""2037-11"", ""planned_arrival_month"": ""2038-11"", ""requested_t"": 13.333333333333334, ""shipment_id"": ""S0035"", ""source_id"": ""A"", ""source_name"": ""Earth-Core"", ""unfulfilled_request_t"": 0.0}, {""actual_arrival_month"": ""2038-12"", ""actual_delivery_share"": 1.0, ""availability_share"": 1.0, ""feasible_t"": 13.333333333333334, ""gross_delivery_t"": 13.333333333333334, ""order_month"": ""2037-12"", ""planned_arrival_month"": ""2038-12"", ""requested_t"": 13.333333333333334, ""shipment_id"": ""S0036"", ""source_id"": ""A"", ""source_name"": ""Earth-Core"", ""unfulfilled_request_t"": 0.0}, {""actual_arrival_month"": ""2039-01"", ""actual_delivery_share"": 1.0, ""availability_share"": 1.0, ""feasible_t"": 14.166666666666666, ""gross_delivery_t"": 14.166666666666666, ""order_month"": ""2038-01"", ""planned_arrival_month"": ""2039-01"", ""requested_t"": 14.166666666666666, ""shipment_id"": ""S0037"", ""source_id"": ""A"", ""source_name"": ""Earth-Core"", ""unfulfilled_request_t"": 0.0}, {""actual_arrival_month"": ""2039-02"", ""actual_delivery_share"": 1.0, ""availability_share"": 1.0, ""feasible_t"": 14.166666666666666, ""gross_delivery_t"": 14.166666666666666, ""order_month"": ""2038-02"", ""planned_arrival_month"": ""2039-02"", ""requested_t"": 14.166666666666666, ""shipment_id"": ""S0038"", ""source_id"": ""A"", ""source_name"": ""Earth-Core"", ""unfulfilled_request_t"": 0.0}, {""actual_arrival_month"": ""2039-03"", ""actual_delivery_share"": 1.0, ""availability_share"": 1.0, ""feasible_t"": 14.166666666666666, ""gross_delivery_t"": 14.166666666666666, ""order_month"": ""2038-03"", ""planned_arrival_month"": ""2039-03"", ""requested_t"": 14.166666666666666, ""shipment_id"": ""S0039"", ""source_id"": ""A"", ""source_name"": ""Earth-Core"", ""unfulfilled_request_t"": 0.0}, {""actual_arrival_month"": ""2039-04"", ""actual_delivery_share"": 1.0, ""availability_share"": 1.0, ""feasible_t"": 14.166666666666666, ""gross_delivery_t"": 14.166666666666666, ""order_month"": ""2038-04"", ""planned_arrival_month"": ""2039-04"", ""requested_t"": 14.166666666666666, ""shipment_id"": ""S0040"", ""source_id"": ""A"", ""source_name"": ""Earth-Core"", ""unfulfilled_request_t"": 0.0}, {""actual_arrival_month"": ""2039-05"", ""actual_delivery_share"": 1.0, ""availability_share"": 1.0, ""feasible_t"": 14.166666666666666, ""gross_delivery_t"": 14.166666666666666, ""order_month"": ""2038-05"", ""planned_arrival_month"": ""2039-05"", ""requested_t"": 14.166666666666666, ""shipment_id"": ""S0041"", ""source_id"": ""A"", ""source_name"": ""Earth-Core"", ""unfulfilled_request_t"": 0.0}, {""actual_arrival_month"": ""2039-06"", ""actual_delivery_share"": 1.0, ""availability_share"": 1.0, ""feasible_t"": 14.166666666666666, ""gross_delivery_t"": 14.166666666666666, ""order_month"": ""2038-06"", ""planned_arrival_month"": ""2039-06"", ""requested_t"": 14.166666666666666, ""shipment_id"": ""S0042"", ""source_id"": ""A"", ""source_name"": ""Earth-Core"", ""unfulfilled_request_t"": 0.0}, {""actual_arrival_month"": ""2039-07"", ""actual_delivery_share"": 1.0, ""availability_share"": 1.0, ""feasible_t"": 14.166666666666666, ""gross_delivery_t"": 14.166666666666666, ""order_month"": ""2038-07"", ""planned_arrival_month"": ""2039-07"", ""requested_t"": 14.166666666666666, ""shipment_id"": ""S0043"", ""source_id"": ""A"", ""source_name"": ""Earth-Core"", ""unfulfilled_request_t"": 0.0}, {""actual_arrival_month"": ""2038-08"", ""actual_delivery_share"": 1.0, ""availability_share"": 1.0, ""feasible_t"": 3.75, ""gross_delivery_t"": 3.75, ""order_month"": ""2038-04"", ""planned_arrival_month"": ""2038-08"", ""requested_t"": 3.75, ""shipment_id"": ""S0112"", ""source_id"": ""B"", ""source_name"": ""Earth-Flex"", ""unfulfilled_request_t"": 0.0}, {""actual_arrival_month"": ""2038-09"", ""actual_delivery_share"": 1.0, ""availability_share"": 1.0, ""feasible_t"": 3.75, ""gross_delivery_t"": 3.75, ""order_month"": ""2038-05"", ""planned_arrival_month"": ""2038-09"", ""requested_t"": 3.75, ""shipment_id"": ""S0113"", ""source_id"": ""B"", ""source_name"": ""Earth-Flex"", ""unfulfilled_request_t"": 0.0}, {""actual_arrival_month"": ""2038-10"", ""actual_delivery_share"": 1.0, ""availability_share"": 1.0, ""feasible_t"": 3.75, ""gross_delivery_t"": 3.75, ""order_month"": ""2038-06"", ""planned_arrival_month"": ""2038-10"", ""requested_t"": 3.75, ""shipment_id"": ""S0114"", ""source_id"": ""B"", ""source_name"": ""Earth-Flex"", ""unfulfilled_request_t"": 0.0}, {""actual_arrival_month"": ""2038-11"", ""actual_delivery_share"": 1.0, ""availability_share"": 1.0, ""feasible_t"": 3.75, ""gross_delivery_t"": 3.75, ""order_month"": ""2038-07"", ""planned_arrival_month"": ""2038-11"", ""requested_t"": 3.75, ""shipment_id"": ""S0115"", ""source_id"": ""B"", ""source_name"": ""Earth-Flex"", ""unfulfilled_request_t"": 0.0}]","{""A"": 13.333333333333334, ""B"": 3.75, ""C"": 5.833333333333333}","{""A"": 13.333333333333334, ""B"": 3.75, ""C"": 5.833333333333333}",22.916666666666668,0.275,22.64166666666667,22.64166666666667,0.0,22.64166666666667,16.291666666666664,6.350000000000005,0.0,1.3166666666666629,0.0,ZBO,120.0,0.012,"[""ZBO"", ""EARTH_NEW""]",0.0,1.0,[]
2038-08,0.0,23.958333333333332,16.291666666666664,"{""A"": 180.0, ""B"": 70.0, ""C"": 90.0, ""D"": 0, ""E"": 30.0}","{""A"": 14.166666666666666, ""B"": 3.75, ""C"": 5.833333333333333}","[{""actual_arrival_month"": ""2038-09"", ""actual_delivery_share"": 1.0, ""availability_share"": 1.0, ""feasible_t"": 13.333333333333334, ""gross_delivery_t"": 13.333333333333334, ""order_month"": ""2037-09"", ""planned_arrival_month"": ""2038-09"", ""requested_t"": 13.333333333333334, ""shipment_id"": ""S0033"", ""source_id"": ""A"", ""source_name"": ""Earth-Core"", ""unfulfilled_request_t"": 0.0}, {""actual_arrival_month"": ""2038-10"", ""actual_delivery_share"": 1.0, ""availability_share"": 1.0, ""feasible_t"": 13.333333333333334, ""gross_delivery_t"": 13.333333333333334, ""order_month"": ""2037-10"", ""planned_arrival_month"": ""2038-10"", ""requested_t"": 13.333333333333334, ""shipment_id"": ""S0034"", ""source_id"": ""A"", ""source_name"": ""Earth-Core"", ""unfulfilled_request_t"": 0.0}, {""actual_arrival_month"": ""2038-11"", ""actual_delivery_share"": 1.0, ""availability_share"": 1.0, ""feasible_t"": 13.333333333333334, ""gross_delivery_t"": 13.333333333333334, ""order_month"": ""2037-11"", ""planned_arrival_month"": ""2038-11"", ""requested_t"": 13.333333333333334, ""shipment_id"": ""S0035"", ""source_id"": ""A"", ""source_name"": ""Earth-Core"", ""unfulfilled_request_t"": 0.0}, {""actual_arrival_month"": ""2038-12"", ""actual_delivery_share"": 1.0, ""availability_share"": 1.0, ""feasible_t"": 13.333333333333334, ""gross_delivery_t"": 13.333333333333334, ""order_month"": ""2037-12"", ""planned_arrival_month"": ""2038-12"", ""requested_t"": 13.333333333333334, ""shipment_id"": ""S0036"", ""source_id"": ""A"", ""source_name"": ""Earth-Core"", ""unfulfilled_request_t"": 0.0}, {""actual_arrival_month"": ""2039-01"", ""actual_delivery_share"": 1.0, ""availability_share"": 1.0, ""feasible_t"": 14.166666666666666, ""gross_delivery_t"": 14.166666666666666, ""order_month"": ""2038-01"", ""planned_arrival_month"": ""2039-01"", ""requested_t"": 14.166666666666666, ""shipment_id"": ""S0037"", ""source_id"": ""A"", ""source_name"": ""Earth-Core"", ""unfulfilled_request_t"": 0.0}, {""actual_arrival_month"": ""2039-02"", ""actual_delivery_share"": 1.0, ""availability_share"": 1.0, ""feasible_t"": 14.166666666666666, ""gross_delivery_t"": 14.166666666666666, ""order_month"": ""2038-02"", ""planned_arrival_month"": ""2039-02"", ""requested_t"": 14.166666666666666, ""shipment_id"": ""S0038"", ""source_id"": ""A"", ""source_name"": ""Earth-Core"", ""unfulfilled_request_t"": 0.0}, {""actual_arrival_month"": ""2039-03"", ""actual_delivery_share"": 1.0, ""availability_share"": 1.0, ""feasible_t"": 14.166666666666666, ""gross_delivery_t"": 14.166666666666666, ""order_month"": ""2038-03"", ""planned_arrival_month"": ""2039-03"", ""requested_t"": 14.166666666666666, ""shipment_id"": ""S0039"", ""source_id"": ""A"", ""source_name"": ""Earth-Core"", ""unfulfilled_request_t"": 0.0}, {""actual_arrival_month"": ""2039-04"", ""actual_delivery_share"": 1.0, ""availability_share"": 1.0, ""feasible_t"": 14.166666666666666, ""gross_delivery_t"": 14.166666666666666, ""order_month"": ""2038-04"", ""planned_arrival_month"": ""2039-04"", ""requested_t"": 14.166666666666666, ""shipment_id"": ""S0040"", ""source_id"": ""A"", ""source_name"": ""Earth-Core"", ""unfulfilled_request_t"": 0.0}, {""actual_arrival_month"": ""2039-05"", ""actual_delivery_share"": 1.0, ""availability_share"": 1.0, ""feasible_t"": 14.166666666666666, ""gross_delivery_t"": 14.166666666666666, ""order_month"": ""2038-05"", ""planned_arrival_month"": ""2039-05"", ""requested_t"": 14.166666666666666, ""shipment_id"": ""S0041"", ""source_id"": ""A"", ""source_name"": ""Earth-Core"", ""unfulfilled_request_t"": 0.0}, {""actual_arrival_month"": ""2039-06"", ""actual_delivery_share"": 1.0, ""availability_share"": 1.0, ""feasible_t"": 14.166666666666666, ""gross_delivery_t"": 14.166666666666666, ""order_month"": ""2038-06"", ""planned_arrival_month"": ""2039-06"", ""requested_t"": 14.166666666666666, ""shipment_id"": ""S0042"", ""source_id"": ""A"", ""source_name"": ""Earth-Core"", ""unfulfilled_request_t"": 0.0}, {""actual_arrival_month"": ""2039-07"", ""actual_delivery_share"": 1.0, ""availability_share"": 1.0, ""feasible_t"": 14.166666666666666, ""gross_delivery_t"": 14.166666666666666, ""order_month"": ""2038-07"", ""planned_arrival_month"": ""2039-07"", ""requested_t"": 14.166666666666666, ""shipment_id"": ""S0043"", ""source_id"": ""A"", ""source_name"": ""Earth-Core"", ""unfulfilled_request_t"": 0.0}, {""actual_arrival_month"": ""2039-08"", ""actual_delivery_share"": 1.0, ""availability_share"": 1.0, ""feasible_t"": 14.166666666666666, ""gross_delivery_t"": 14.166666666666666, ""order_month"": ""2038-08"", ""planned_arrival_month"": ""2039-08"", ""requested_t"": 14.166666666666666, ""shipment_id"": ""S0044"", ""source_id"": ""A"", ""source_name"": ""Earth-Core"", ""unfulfilled_request_t"": 0.0}, {""actual_arrival_month"": ""2038-09"", ""actual_delivery_share"": 1.0, ""availability_share"": 1.0, ""feasible_t"": 3.75, ""gross_delivery_t"": 3.75, ""order_month"": ""2038-05"", ""planned_arrival_month"": ""2038-09"", ""requested_t"": 3.75, ""shipment_id"": ""S0113"", ""source_id"": ""B"", ""source_name"": ""Earth-Flex"", ""unfulfilled_request_t"": 0.0}, {""actual_arrival_month"": ""2038-10"", ""actual_delivery_share"": 1.0, ""availability_share"": 1.0, ""feasible_t"": 3.75, ""gross_delivery_t"": 3.75, ""order_month"": ""2038-06"", ""planned_arrival_month"": ""2038-10"", ""requested_t"": 3.75, ""shipment_id"": ""S0114"", ""source_id"": ""B"", ""source_name"": ""Earth-Flex"", ""unfulfilled_request_t"": 0.0}, {""actual_arrival_month"": ""2038-11"", ""actual_delivery_share"": 1.0, ""availability_share"": 1.0, ""feasible_t"": 3.75, ""gross_delivery_t"": 3.75, ""order_month"": ""2038-07"", ""planned_arrival_month"": ""2038-11"", ""requested_t"": 3.75, ""shipment_id"": ""S0115"", ""source_id"": ""B"", ""source_name"": ""Earth-Flex"", ""unfulfilled_request_t"": 0.0}, {""actual_arrival_month"": ""2038-12"", ""actual_delivery_share"": 1.0, ""availability_share"": 1.0, ""feasible_t"": 3.75, ""gross_delivery_t"": 3.75, ""order_month"": ""2038-08"", ""planned_arrival_month"": ""2038-12"", ""requested_t"": 3.75, ""shipment_id"": ""S0116"", ""source_id"": ""B"", ""source_name"": ""Earth-Flex"", ""unfulfilled_request_t"": 0.0}]","{""A"": 13.333333333333334, ""B"": 3.75, ""C"": 5.833333333333333}","{""A"": 13.333333333333334, ""B"": 3.75, ""C"": 5.833333333333333}",22.916666666666668,0.275,22.64166666666667,22.64166666666667,0.0,22.64166666666667,16.291666666666664,6.350000000000005,0.0,1.3166666666666629,0.0,ZBO,120.0,0.012,"[""ZBO"", ""EARTH_NEW""]",0.0,1.0,[]
2038-09,0.0,23.958333333333332,16.291666666666664,"{""A"": 180.0, ""B"": 70.0, ""C"": 90.0, ""D"": 0, ""E"": 30.0}","{""A"": 14.166666666666666, ""B"": 3.75, ""C"": 5.833333333333333}","[{""actual_arrival_month"": ""2038-10"", ""actual_delivery_share"": 1.0, ""availability_share"": 1.0, ""feasible_t"": 13.333333333333334, ""gross_delivery_t"": 13.333333333333334, ""order_month"": ""2037-10"", ""planned_arrival_month"": ""2038-10"", ""requested_t"": 13.333333333333334, ""shipment_id"": ""S0034"", ""source_id"": ""A"", ""source_name"": ""Earth-Core"", ""unfulfilled_request_t"": 0.0}, {""actual_arrival_month"": ""2038-11"", ""actual_delivery_share"": 1.0, ""availability_share"": 1.0, ""feasible_t"": 13.333333333333334, ""gross_delivery_t"": 13.333333333333334, ""order_month"": ""2037-11"", ""planned_arrival_month"": ""2038-11"", ""requested_t"": 13.333333333333334, ""shipment_id"": ""S0035"", ""source_id"": ""A"", ""source_name"": ""Earth-Core"", ""unfulfilled_request_t"": 0.0}, {""actual_arrival_month"": ""2038-12"", ""actual_delivery_share"": 1.0, ""availability_share"": 1.0, ""feasible_t"": 13.333333333333334, ""gross_delivery_t"": 13.333333333333334, ""order_month"": ""2037-12"", ""planned_arrival_month"": ""2038-12"", ""requested_t"": 13.333333333333334, ""shipment_id"": ""S0036"", ""source_id"": ""A"", ""source_name"": ""Earth-Core"", ""unfulfilled_request_t"": 0.0}, {""actual_arrival_month"": ""2039-01"", ""actual_delivery_share"": 1.0, ""availability_share"": 1.0, ""feasible_t"": 14.166666666666666, ""gross_delivery_t"": 14.166666666666666, ""order_month"": ""2038-01"", ""planned_arrival_month"": ""2039-01"", ""requested_t"": 14.166666666666666, ""shipment_id"": ""S0037"", ""source_id"": ""A"", ""source_name"": ""Earth-Core"", ""unfulfilled_request_t"": 0.0}, {""actual_arrival_month"": ""2039-02"", ""actual_delivery_share"": 1.0, ""availability_share"": 1.0, ""feasible_t"": 14.166666666666666, ""gross_delivery_t"": 14.166666666666666, ""order_month"": ""2038-02"", ""planned_arrival_month"": ""2039-02"", ""requested_t"": 14.166666666666666, ""shipment_id"": ""S0038"", ""source_id"": ""A"", ""source_name"": ""Earth-Core"", ""unfulfilled_request_t"": 0.0}, {""actual_arrival_month"": ""2039-03"", ""actual_delivery_share"": 1.0, ""availability_share"": 1.0, ""feasible_t"": 14.166666666666666, ""gross_delivery_t"": 14.166666666666666, ""order_month"": ""2038-03"", ""planned_arrival_month"": ""2039-03"", ""requested_t"": 14.166666666666666, ""shipment_id"": ""S0039"", ""source_id"": ""A"", ""source_name"": ""Earth-Core"", ""unfulfilled_request_t"": 0.0}, {""actual_arrival_month"": ""2039-04"", ""actual_delivery_share"": 1.0, ""availability_share"": 1.0, ""feasible_t"": 14.166666666666666, ""gross_delivery_t"": 14.166666666666666, ""order_month"": ""2038-04"", ""planned_arrival_month"": ""2039-04"", ""requested_t"": 14.166666666666666, ""shipment_id"": ""S0040"", ""source_id"": ""A"", ""source_name"": ""Earth-Core"", ""unfulfilled_request_t"": 0.0}, {""actual_arrival_month"": ""2039-05"", ""actual_delivery_share"": 1.0, ""availability_share"": 1.0, ""feasible_t"": 14.166666666666666, ""gross_delivery_t"": 14.166666666666666, ""order_month"": ""2038-05"", ""planned_arrival_month"": ""2039-05"", ""requested_t"": 14.166666666666666, ""shipment_id"": ""S0041"", ""source_id"": ""A"", ""source_name"": ""Earth-Core"", ""unfulfilled_request_t"": 0.0}, {""actual_arrival_month"": ""2039-06"", ""actual_delivery_share"": 1.0, ""availability_share"": 1.0, ""feasible_t"": 14.166666666666666, ""gross_delivery_t"": 14.166666666666666, ""order_month"": ""2038-06"", ""planned_arrival_month"": ""2039-06"", ""requested_t"": 14.166666666666666, ""shipment_id"": ""S0042"", ""source_id"": ""A"", ""source_name"": ""Earth-Core"", ""unfulfilled_request_t"": 0.0}, {""actual_arrival_month"": ""2039-07"", ""actual_delivery_share"": 1.0, ""availability_share"": 1.0, ""feasible_t"": 14.166666666666666, ""gross_delivery_t"": 14.166666666666666, ""order_month"": ""2038-07"", ""planned_arrival_month"": ""2039-07"", ""requested_t"": 14.166666666666666, ""shipment_id"": ""S0043"", ""source_id"": ""A"", ""source_name"": ""Earth-Core"", ""unfulfilled_request_t"": 0.0}, {""actual_arrival_month"": ""2039-08"", ""actual_delivery_share"": 1.0, ""availability_share"": 1.0, ""feasible_t"": 14.166666666666666, ""gross_delivery_t"": 14.166666666666666, ""order_month"": ""2038-08"", ""planned_arrival_month"": ""2039-08"", ""requested_t"": 14.166666666666666, ""shipment_id"": ""S0044"", ""source_id"": ""A"", ""source_name"": ""Earth-Core"", ""unfulfilled_request_t"": 0.0}, {""actual_arrival_month"": ""2039-09"", ""actual_delivery_share"": 1.0, ""availability_share"": 1.0, ""feasible_t"": 14.166666666666666, ""gross_delivery_t"": 14.166666666666666, ""order_month"": ""2038-09"", ""planned_arrival_month"": ""2039-09"", ""requested_t"": 14.166666666666666, ""shipment_id"": ""S0045"", ""source_id"": ""A"", ""source_name"": ""Earth-Core"", ""unfulfilled_request_t"": 0.0}, {""actual_arrival_month"": ""2038-10"", ""actual_delivery_share"": 1.0, ""availability_share"": 1.0, ""feasible_t"": 3.75, ""gross_delivery_t"": 3.75, ""order_month"": ""2038-06"", ""planned_arrival_month"": ""2038-10"", ""requested_t"": 3.75, ""shipment_id"": ""S0114"", ""source_id"": ""B"", ""source_name"": ""Earth-Flex"", ""unfulfilled_request_t"": 0.0}, {""actual_arrival_month"": ""2038-11"", ""actual_delivery_share"": 1.0, ""availability_share"": 1.0, ""feasible_t"": 3.75, ""gross_delivery_t"": 3.75, ""order_month"": ""2038-07"", ""planned_arrival_month"": ""2038-11"", ""requested_t"": 3.75, ""shipment_id"": ""S0115"", ""source_id"": ""B"", ""source_name"": ""Earth-Flex"", ""unfulfilled_request_t"": 0.0}, {""actual_arrival_month"": ""2038-12"", ""actual_delivery_share"": 1.0, ""availability_share"": 1.0, ""feasible_t"": 3.75, ""gross_delivery_t"": 3.75, ""order_month"": ""2038-08"", ""planned_arrival_month"": ""2038-12"", ""requested_t"": 3.75, ""shipment_id"": ""S0116"", ""source_id"": ""B"", ""source_name"": ""Earth-Flex"", ""unfulfilled_request_t"": 0.0}, {""actual_arrival_month"": ""2039-01"", ""actual_delivery_share"": 1.0, ""availability_share"": 1.0, ""feasible_t"": 3.75, ""gross_delivery_t"": 3.75, ""order_month"": ""2038-09"", ""planned_arrival_month"": ""2039-01"", ""requested_t"": 3.75, ""shipment_id"": ""S0117"", ""source_id"": ""B"", ""source_name"": ""Earth-Flex"", ""unfulfilled_request_t"": 0.0}]","{""A"": 13.333333333333334, ""B"": 3.75, ""C"": 5.833333333333333}","{""A"": 13.333333333333334, ""B"": 3.75, ""C"": 5.833333333333333}",22.916666666666668,0.275,22.64166666666667,22.64166666666667,0.0,22.64166666666667,16.291666666666664,6.350000000000005,0.0,1.3166666666666629,0.0,ZBO,120.0,0.012,"[""ZBO"", ""EARTH_NEW""]",0.0,1.0,[]
2038-10,0.0,23.958333333333332,16.291666666666664,"{""A"": 180.0, ""B"": 70.0, ""C"": 90.0, ""D"": 0, ""E"": 30.0}","{""A"": 14.166666666666666, ""B"": 3.75, ""C"": 5.833333333333333}","[{""actual_arrival_month"": ""2038-11"", ""actual_delivery_share"": 1.0, ""availability_share"": 1.0, ""feasible_t"": 13.333333333333334, ""gross_delivery_t"": 13.333333333333334, ""order_month"": ""2037-11"", ""planned_arrival_month"": ""2038-11"", ""requested_t"": 13.333333333333334, ""shipment_id"": ""S0035"", ""source_id"": ""A"", ""source_name"": ""Earth-Core"", ""unfulfilled_request_t"": 0.0}, {""actual_arrival_month"": ""2038-12"", ""actual_delivery_share"": 1.0, ""availability_share"": 1.0, ""feasible_t"": 13.333333333333334, ""gross_delivery_t"": 13.333333333333334, ""order_month"": ""2037-12"", ""planned_arrival_month"": ""2038-12"", ""requested_t"": 13.333333333333334, ""shipment_id"": ""S0036"", ""source_id"": ""A"", ""source_name"": ""Earth-Core"", ""unfulfilled_request_t"": 0.0}, {""actual_arrival_month"": ""2039-01"", ""actual_delivery_share"": 1.0, ""availability_share"": 1.0, ""feasible_t"": 14.166666666666666, ""gross_delivery_t"": 14.166666666666666, ""order_month"": ""2038-01"", ""planned_arrival_month"": ""2039-01"", ""requested_t"": 14.166666666666666, ""shipment_id"": ""S0037"", ""source_id"": ""A"", ""source_name"": ""Earth-Core"", ""unfulfilled_request_t"": 0.0}, {""actual_arrival_month"": ""2039-02"", ""actual_delivery_share"": 1.0, ""availability_share"": 1.0, ""feasible_t"": 14.166666666666666, ""gross_delivery_t"": 14.166666666666666, ""order_month"": ""2038-02"", ""planned_arrival_month"": ""2039-02"", ""requested_t"": 14.166666666666666, ""shipment_id"": ""S0038"", ""source_id"": ""A"", ""source_name"": ""Earth-Core"", ""unfulfilled_request_t"": 0.0}, {""actual_arrival_month"": ""2039-03"", ""actual_delivery_share"": 1.0, ""availability_share"": 1.0, ""feasible_t"": 14.166666666666666, ""gross_delivery_t"": 14.166666666666666, ""order_month"": ""2038-03"", ""planned_arrival_month"": ""2039-03"", ""requested_t"": 14.166666666666666, ""shipment_id"": ""S0039"", ""source_id"": ""A"", ""source_name"": ""Earth-Core"", ""unfulfilled_request_t"": 0.0}, {""actual_arrival_month"": ""2039-04"", ""actual_delivery_share"": 1.0, ""availability_share"": 1.0, ""feasible_t"": 14.166666666666666, ""gross_delivery_t"": 14.166666666666666, ""order_month"": ""2038-04"", ""planned_arrival_month"": ""2039-04"", ""requested_t"": 14.166666666666666, ""shipment_id"": ""S0040"", ""source_id"": ""A"", ""source_name"": ""Earth-Core"", ""unfulfilled_request_t"": 0.0}, {""actual_arrival_month"": ""2039-05"", ""actual_delivery_share"": 1.0, ""availability_share"": 1.0, ""feasible_t"": 14.166666666666666, ""gross_delivery_t"": 14.166666666666666, ""order_month"": ""2038-05"", ""planned_arrival_month"": ""2039-05"", ""requested_t"": 14.166666666666666, ""shipment_id"": ""S0041"", ""source_id"": ""A"", ""source_name"": ""Earth-Core"", ""unfulfilled_request_t"": 0.0}, {""actual_arrival_month"": ""2039-06"", ""actual_delivery_share"": 1.0, ""availability_share"": 1.0, ""feasible_t"": 14.166666666666666, ""gross_delivery_t"": 14.166666666666666, ""order_month"": ""2038-06"", ""planned_arrival_month"": ""2039-06"", ""requested_t"": 14.166666666666666, ""shipment_id"": ""S0042"", ""source_id"": ""A"", ""source_name"": ""Earth-Core"", ""unfulfilled_request_t"": 0.0}, {""actual_arrival_month"": ""2039-07"", ""actual_delivery_share"": 1.0, ""availability_share"": 1.0, ""feasible_t"": 14.166666666666666, ""gross_delivery_t"": 14.166666666666666, ""order_month"": ""2038-07"", ""planned_arrival_month"": ""2039-07"", ""requested_t"": 14.166666666666666, ""shipment_id"": ""S0043"", ""source_id"": ""A"", ""source_name"": ""Earth-Core"", ""unfulfilled_request_t"": 0.0}, {""actual_arrival_month"": ""2039-08"", ""actual_delivery_share"": 1.0, ""availability_share"": 1.0, ""feasible_t"": 14.166666666666666, ""gross_delivery_t"": 14.166666666666666, ""order_month"": ""2038-08"", ""planned_arrival_month"": ""2039-08"", ""requested_t"": 14.166666666666666, ""shipment_id"": ""S0044"", ""source_id"": ""A"", ""source_name"": ""Earth-Core"", ""unfulfilled_request_t"": 0.0}, {""actual_arrival_month"": ""2039-09"", ""actual_delivery_share"": 1.0, ""availability_share"": 1.0, ""feasible_t"": 14.166666666666666, ""gross_delivery_t"": 14.166666666666666, ""order_month"": ""2038-09"", ""planned_arrival_month"": ""2039-09"", ""requested_t"": 14.166666666666666, ""shipment_id"": ""S0045"", ""source_id"": ""A"", ""source_name"": ""Earth-Core"", ""unfulfilled_request_t"": 0.0}, {""actual_arrival_month"": ""2039-10"", ""actual_delivery_share"": 1.0, ""availability_share"": 1.0, ""feasible_t"": 14.166666666666666, ""gross_delivery_t"": 14.166666666666666, ""order_month"": ""2038-10"", ""planned_arrival_month"": ""2039-10"", ""requested_t"": 14.166666666666666, ""shipment_id"": ""S0046"", ""source_id"": ""A"", ""source_name"": ""Earth-Core"", ""unfulfilled_request_t"": 0.0}, {""actual_arrival_month"": ""2038-11"", ""actual_delivery_share"": 1.0, ""availability_share"": 1.0, ""feasible_t"": 3.75, ""gross_delivery_t"": 3.75, ""order_month"": ""2038-07"", ""planned_arrival_month"": ""2038-11"", ""requested_t"": 3.75, ""shipment_id"": ""S0115"", ""source_id"": ""B"", ""source_name"": ""Earth-Flex"", ""unfulfilled_request_t"": 0.0}, {""actual_arrival_month"": ""2038-12"", ""actual_delivery_share"": 1.0, ""availability_share"": 1.0, ""feasible_t"": 3.75, ""gross_delivery_t"": 3.75, ""order_month"": ""2038-08"", ""planned_arrival_month"": ""2038-12"", ""requested_t"": 3.75, ""shipment_id"": ""S0116"", ""source_id"": ""B"", ""source_name"": ""Earth-Flex"", ""unfulfilled_request_t"": 0.0}, {""actual_arrival_month"": ""2039-01"", ""actual_delivery_share"": 1.0, ""availability_share"": 1.0, ""feasible_t"": 3.75, ""gross_delivery_t"": 3.75, ""order_month"": ""2038-09"", ""planned_arrival_month"": ""2039-01"", ""requested_t"": 3.75, ""shipment_id"": ""S0117"", ""source_id"": ""B"", ""source_name"": ""Earth-Flex"", ""unfulfilled_request_t"": 0.0}, {""actual_arrival_month"": ""2039-02"", ""actual_delivery_share"": 1.0, ""availability_share"": 1.0, ""feasible_t"": 3.75, ""gross_delivery_t"": 3.75, ""order_month"": ""2038-10"", ""planned_arrival_month"": ""2039-02"", ""requested_t"": 3.75, ""shipment_id"": ""S0118"", ""source_id"": ""B"", ""source_name"": ""Earth-Flex"", ""unfulfilled_request_t"": 0.0}]","{""A"": 13.333333333333334, ""B"": 3.75, ""C"": 5.833333333333333}","{""A"": 13.333333333333334, ""B"": 3.75, ""C"": 5.833333333333333}",22.916666666666668,0.275,22.64166666666667,22.64166666666667,0.0,22.64166666666667,16.291666666666664,6.350000000000005,0.0,1.3166666666666629,0.0,ZBO,120.0,0.012,"[""ZBO"", ""EARTH_NEW""]",0.0,1.0,[]
2038-11,0.0,23.958333333333332,16.291666666666664,"{""A"": 180.0, ""B"": 70.0, ""C"": 90.0, ""D"": 0, ""E"": 30.0}","{""A"": 14.166666666666666, ""B"": 3.75, ""C"": 5.833333333333333}","[{""actual_arrival_month"": ""2038-12"", ""actual_delivery_share"": 1.0, ""availability_share"": 1.0, ""feasible_t"": 13.333333333333334, ""gross_delivery_t"": 13.333333333333334, ""order_month"": ""2037-12"", ""planned_arrival_month"": ""2038-12"", ""requested_t"": 13.333333333333334, ""shipment_id"": ""S0036"", ""source_id"": ""A"", ""source_name"": ""Earth-Core"", ""unfulfilled_request_t"": 0.0}, {""actual_arrival_month"": ""2039-01"", ""actual_delivery_share"": 1.0, ""availability_share"": 1.0, ""feasible_t"": 14.166666666666666, ""gross_delivery_t"": 14.166666666666666, ""order_month"": ""2038-01"", ""planned_arrival_month"": ""2039-01"", ""requested_t"": 14.166666666666666, ""shipment_id"": ""S0037"", ""source_id"": ""A"", ""source_name"": ""Earth-Core"", ""unfulfilled_request_t"": 0.0}, {""actual_arrival_month"": ""2039-02"", ""actual_delivery_share"": 1.0, ""availability_share"": 1.0, ""feasible_t"": 14.166666666666666, ""gross_delivery_t"": 14.166666666666666, ""order_month"": ""2038-02"", ""planned_arrival_month"": ""2039-02"", ""requested_t"": 14.166666666666666, ""shipment_id"": ""S0038"", ""source_id"": ""A"", ""source_name"": ""Earth-Core"", ""unfulfilled_request_t"": 0.0}, {""actual_arrival_month"": ""2039-03"", ""actual_delivery_share"": 1.0, ""availability_share"": 1.0, ""feasible_t"": 14.166666666666666, ""gross_delivery_t"": 14.166666666666666, ""order_month"": ""2038-03"", ""planned_arrival_month"": ""2039-03"", ""requested_t"": 14.166666666666666, ""shipment_id"": ""S0039"", ""source_id"": ""A"", ""source_name"": ""Earth-Core"", ""unfulfilled_request_t"": 0.0}, {""actual_arrival_month"": ""2039-04"", ""actual_delivery_share"": 1.0, ""availability_share"": 1.0, ""feasible_t"": 14.166666666666666, ""gross_delivery_t"": 14.166666666666666, ""order_month"": ""2038-04"", ""planned_arrival_month"": ""2039-04"", ""requested_t"": 14.166666666666666, ""shipment_id"": ""S0040"", ""source_id"": ""A"", ""source_name"": ""Earth-Core"", ""unfulfilled_request_t"": 0.0}, {""actual_arrival_month"": ""2039-05"", ""actual_delivery_share"": 1.0, ""availability_share"": 1.0, ""feasible_t"": 14.166666666666666, ""gross_delivery_t"": 14.166666666666666, ""order_month"": ""2038-05"", ""planned_arrival_month"": ""2039-05"", ""requested_t"": 14.166666666666666, ""shipment_id"": ""S0041"", ""source_id"": ""A"", ""source_name"": ""Earth-Core"", ""unfulfilled_request_t"": 0.0}, {""actual_arrival_month"": ""2039-06"", ""actual_delivery_share"": 1.0, ""availability_share"": 1.0, ""feasible_t"": 14.166666666666666, ""gross_delivery_t"": 14.166666666666666, ""order_month"": ""2038-06"", ""planned_arrival_month"": ""2039-06"", ""requested_t"": 14.166666666666666, ""shipment_id"": ""S0042"", ""source_id"": ""A"", ""source_name"": ""Earth-Core"", ""unfulfilled_request_t"": 0.0}, {""actual_arrival_month"": ""2039-07"", ""actual_delivery_share"": 1.0, ""availability_share"": 1.0, ""feasible_t"": 14.166666666666666, ""gross_delivery_t"": 14.166666666666666, ""order_month"": ""2038-07"", ""planned_arrival_month"": ""2039-07"", ""requested_t"": 14.166666666666666, ""shipment_id"": ""S0043"", ""source_id"": ""A"", ""source_name"": ""Earth-Core"", ""unfulfilled_request_t"": 0.0}, {""actual_arrival_month"": ""2039-08"", ""actual_delivery_share"": 1.0, ""availability_share"": 1.0, ""feasible_t"": 14.166666666666666, ""gross_delivery_t"": 14.166666666666666, ""order_month"": ""2038-08"", ""planned_arrival_month"": ""2039-08"", ""requested_t"": 14.166666666666666, ""shipment_id"": ""S0044"", ""source_id"": ""A"", ""source_name"": ""Earth-Core"", ""unfulfilled_request_t"": 0.0}, {""actual_arrival_month"": ""2039-09"", ""actual_delivery_share"": 1.0, ""availability_share"": 1.0, ""feasible_t"": 14.166666666666666, ""gross_delivery_t"": 14.166666666666666, ""order_month"": ""2038-09"", ""planned_arrival_month"": ""2039-09"", ""requested_t"": 14.166666666666666, ""shipment_id"": ""S0045"", ""source_id"": ""A"", ""source_name"": ""Earth-Core"", ""unfulfilled_request_t"": 0.0}, {""actual_arrival_month"": ""2039-10"", ""actual_delivery_share"": 1.0, ""availability_share"": 1.0, ""feasible_t"": 14.166666666666666, ""gross_delivery_t"": 14.166666666666666, ""order_month"": ""2038-10"", ""planned_arrival_month"": ""2039-10"", ""requested_t"": 14.166666666666666, ""shipment_id"": ""S0046"", ""source_id"": ""A"", ""source_name"": ""Earth-Core"", ""unfulfilled_request_t"": 0.0}, {""actual_arrival_month"": ""2039-11"", ""actual_delivery_share"": 1.0, ""availability_share"": 1.0, ""feasible_t"": 14.166666666666666, ""gross_delivery_t"": 14.166666666666666, ""order_month"": ""2038-11"", ""planned_arrival_month"": ""2039-11"", ""requested_t"": 14.166666666666666, ""shipment_id"": ""S0047"", ""source_id"": ""A"", ""source_name"": ""Earth-Core"", ""unfulfilled_request_t"": 0.0}, {""actual_arrival_month"": ""2038-12"", ""actual_delivery_share"": 1.0, ""availability_share"": 1.0, ""feasible_t"": 3.75, ""gross_delivery_t"": 3.75, ""order_month"": ""2038-08"", ""planned_arrival_month"": ""2038-12"", ""requested_t"": 3.75, ""shipment_id"": ""S0116"", ""source_id"": ""B"", ""source_name"": ""Earth-Flex"", ""unfulfilled_request_t"": 0.0}, {""actual_arrival_month"": ""2039-01"", ""actual_delivery_share"": 1.0, ""availability_share"": 1.0, ""feasible_t"": 3.75, ""gross_delivery_t"": 3.75, ""order_month"": ""2038-09"", ""planned_arrival_month"": ""2039-01"", ""requested_t"": 3.75, ""shipment_id"": ""S0117"", ""source_id"": ""B"", ""source_name"": ""Earth-Flex"", ""unfulfilled_request_t"": 0.0}, {""actual_arrival_month"": ""2039-02"", ""actual_delivery_share"": 1.0, ""availability_share"": 1.0, ""feasible_t"": 3.75, ""gross_delivery_t"": 3.75, ""order_month"": ""2038-10"", ""planned_arrival_month"": ""2039-02"", ""requested_t"": 3.75, ""shipment_id"": ""S0118"", ""source_id"": ""B"", ""source_name"": ""Earth-Flex"", ""unfulfilled_request_t"": 0.0}, {""actual_arrival_month"": ""2039-03"", ""actual_delivery_share"": 1.0, ""availability_share"": 1.0, ""feasible_t"": 3.75, ""gross_delivery_t"": 3.75, ""order_month"": ""2038-11"", ""planned_arrival_month"": ""2039-03"", ""requested_t"": 3.75, ""shipment_id"": ""S0119"", ""source_id"": ""B"", ""source_name"": ""Earth-Flex"", ""unfulfilled_request_t"": 0.0}]","{""A"": 13.333333333333334, ""B"": 3.75, ""C"": 5.833333333333333}","{""A"": 13.333333333333334, ""B"": 3.75, ""C"": 5.833333333333333}",22.916666666666668,0.275,22.64166666666667,22.64166666666667,0.0,22.64166666666667,16.291666666666664,6.350000000000005,0.0,1.3166666666666629,0.0,ZBO,120.0,0.012,"[""ZBO"", ""EARTH_NEW""]",0.0,1.0,[]
2038-12,0.0,23.958333333333332,16.291666666666664,"{""A"": 180.0, ""B"": 70.0, ""C"": 90.0, ""D"": 0, ""E"": 30.0}","{""A"": 14.166666666666666, ""B"": 3.75, ""C"": 5.833333333333333}","[{""actual_arrival_month"": ""2039-01"", ""actual_delivery_share"": 1.0, ""availability_share"": 1.0, ""feasible_t"": 14.166666666666666, ""gross_delivery_t"": 14.166666666666666, ""order_month"": ""2038-01"", ""planned_arrival_month"": ""2039-01"", ""requested_t"": 14.166666666666666, ""shipment_id"": ""S0037"", ""source_id"": ""A"", ""source_name"": ""Earth-Core"", ""unfulfilled_request_t"": 0.0}, {""actual_arrival_month"": ""2039-02"", ""actual_delivery_share"": 1.0, ""availability_share"": 1.0, ""feasible_t"": 14.166666666666666, ""gross_delivery_t"": 14.166666666666666, ""order_month"": ""2038-02"", ""planned_arrival_month"": ""2039-02"", ""requested_t"": 14.166666666666666, ""shipment_id"": ""S0038"", ""source_id"": ""A"", ""source_name"": ""Earth-Core"", ""unfulfilled_request_t"": 0.0}, {""actual_arrival_month"": ""2039-03"", ""actual_delivery_share"": 1.0, ""availability_share"": 1.0, ""feasible_t"": 14.166666666666666, ""gross_delivery_t"": 14.166666666666666, ""order_month"": ""2038-03"", ""planned_arrival_month"": ""2039-03"", ""requested_t"": 14.166666666666666, ""shipment_id"": ""S0039"", ""source_id"": ""A"", ""source_name"": ""Earth-Core"", ""unfulfilled_request_t"": 0.0}, {""actual_arrival_month"": ""2039-04"", ""actual_delivery_share"": 1.0, ""availability_share"": 1.0, ""feasible_t"": 14.166666666666666, ""gross_delivery_t"": 14.166666666666666, ""order_month"": ""2038-04"", ""planned_arrival_month"": ""2039-04"", ""requested_t"": 14.166666666666666, ""shipment_id"": ""S0040"", ""source_id"": ""A"", ""source_name"": ""Earth-Core"", ""unfulfilled_request_t"": 0.0}, {""actual_arrival_month"": ""2039-05"", ""actual_delivery_share"": 1.0, ""availability_share"": 1.0, ""feasible_t"": 14.166666666666666, ""gross_delivery_t"": 14.166666666666666, ""order_month"": ""2038-05"", ""planned_arrival_month"": ""2039-05"", ""requested_t"": 14.166666666666666, ""shipment_id"": ""S0041"", ""source_id"": ""A"", ""source_name"": ""Earth-Core"", ""unfulfilled_request_t"": 0.0}, {""actual_arrival_month"": ""2039-06"", ""actual_delivery_share"": 1.0, ""availability_share"": 1.0, ""feasible_t"": 14.166666666666666, ""gross_delivery_t"": 14.166666666666666, ""order_month"": ""2038-06"", ""planned_arrival_month"": ""2039-06"", ""requested_t"": 14.166666666666666, ""shipment_id"": ""S0042"", ""source_id"": ""A"", ""source_name"": ""Earth-Core"", ""unfulfilled_request_t"": 0.0}, {""actual_arrival_month"": ""2039-07"", ""actual_delivery_share"": 1.0, ""availability_share"": 1.0, ""feasible_t"": 14.166666666666666, ""gross_delivery_t"": 14.166666666666666, ""order_month"": ""2038-07"", ""planned_arrival_month"": ""2039-07"", ""requested_t"": 14.166666666666666, ""shipment_id"": ""S0043"", ""source_id"": ""A"", ""source_name"": ""Earth-Core"", ""unfulfilled_request_t"": 0.0}, {""actual_arrival_month"": ""2039-08"", ""actual_delivery_share"": 1.0, ""availability_share"": 1.0, ""feasible_t"": 14.166666666666666, ""gross_delivery_t"": 14.166666666666666, ""order_month"": ""2038-08"", ""planned_arrival_month"": ""2039-08"", ""requested_t"": 14.166666666666666, ""shipment_id"": ""S0044"", ""source_id"": ""A"", ""source_name"": ""Earth-Core"", ""unfulfilled_request_t"": 0.0}, {""actual_arrival_month"": ""2039-09"", ""actual_delivery_share"": 1.0, ""availability_share"": 1.0, ""feasible_t"": 14.166666666666666, ""gross_delivery_t"": 14.166666666666666, ""order_month"": ""2038-09"", ""planned_arrival_month"": ""2039-09"", ""requested_t"": 14.166666666666666, ""shipment_id"": ""S0045"", ""source_id"": ""A"", ""source_name"": ""Earth-Core"", ""unfulfilled_request_t"": 0.0}, {""actual_arrival_month"": ""2039-10"", ""actual_delivery_share"": 1.0, ""availability_share"": 1.0, ""feasible_t"": 14.166666666666666, ""gross_delivery_t"": 14.166666666666666, ""order_month"": ""2038-10"", ""planned_arrival_month"": ""2039-10"", ""requested_t"": 14.166666666666666, ""shipment_id"": ""S0046"", ""source_id"": ""A"", ""source_name"": ""Earth-Core"", ""unfulfilled_request_t"": 0.0}, {""actual_arrival_month"": ""2039-11"", ""actual_delivery_share"": 1.0, ""availability_share"": 1.0, ""feasible_t"": 14.166666666666666, ""gross_delivery_t"": 14.166666666666666, ""order_month"": ""2038-11"", ""planned_arrival_month"": ""2039-11"", ""requested_t"": 14.166666666666666, ""shipment_id"": ""S0047"", ""source_id"": ""A"", ""source_name"": ""Earth-Core"", ""unfulfilled_request_t"": 0.0}, {""actual_arrival_month"": ""2039-12"", ""actual_delivery_share"": 1.0, ""availability_share"": 1.0, ""feasible_t"": 14.166666666666666, ""gross_delivery_t"": 14.166666666666666, ""order_month"": ""2038-12"", ""planned_arrival_month"": ""2039-12"", ""requested_t"": 14.166666666666666, ""shipment_id"": ""S0048"", ""source_id"": ""A"", ""source_name"": ""Earth-Core"", ""unfulfilled_request_t"": 0.0}, {""actual_arrival_month"": ""2039-01"", ""actual_delivery_share"": 1.0, ""availability_share"": 1.0, ""feasible_t"": 3.75, ""gross_delivery_t"": 3.75, ""order_month"": ""2038-09"", ""planned_arrival_month"": ""2039-01"", ""requested_t"": 3.75, ""shipment_id"": ""S0117"", ""source_id"": ""B"", ""source_name"": ""Earth-Flex"", ""unfulfilled_request_t"": 0.0}, {""actual_arrival_month"": ""2039-02"", ""actual_delivery_share"": 1.0, ""availability_share"": 1.0, ""feasible_t"": 3.75, ""gross_delivery_t"": 3.75, ""order_month"": ""2038-10"", ""planned_arrival_month"": ""2039-02"", ""requested_t"": 3.75, ""shipment_id"": ""S0118"", ""source_id"": ""B"", ""source_name"": ""Earth-Flex"", ""unfulfilled_request_t"": 0.0}, {""actual_arrival_month"": ""2039-03"", ""actual_delivery_share"": 1.0, ""availability_share"": 1.0, ""feasible_t"": 3.75, ""gross_delivery_t"": 3.75, ""order_month"": ""2038-11"", ""planned_arrival_month"": ""2039-03"", ""requested_t"": 3.75, ""shipment_id"": ""S0119"", ""source_id"": ""B"", ""source_name"": ""Earth-Flex"", ""unfulfilled_request_t"": 0.0}, {""actual_arrival_month"": ""2039-04"", ""actual_delivery_share"": 1.0, ""availability_share"": 1.0, ""feasible_t"": 3.75, ""gross_delivery_t"": 3.75, ""order_month"": ""2038-12"", ""planned_arrival_month"": ""2039-04"", ""requested_t"": 3.75, ""shipment_id"": ""S0120"", ""source_id"": ""B"", ""source_name"": ""Earth-Flex"", ""unfulfilled_request_t"": 0.0}]","{""A"": 13.333333333333334, ""B"": 3.75, ""C"": 5.833333333333333}","{""A"": 13.333333333333334, ""B"": 3.75, ""C"": 5.833333333333333}",22.916666666666668,0.275,22.64166666666667,22.64166666666667,0.0,22.64166666666667,16.291666666666664,6.350000000000005,0.0,1.3166666666666629,0.0,ZBO,120.0,0.012,"[""ZBO"", ""EARTH_NEW""]",0.0,1.0,[]
2039-01,0.0,30.666666666666668,20.124999999999996,"{""A"": 190.0, ""B"": 80.0, ""C"": 120.0, ""D"": 0, ""E"": 35.0}","{""A"": 15.0, ""B"": 4.583333333333333, ""C"": 8.75}","[{""actual_arrival_month"": ""2039-02"", ""actual_delivery_share"": 1.0, ""availability_share"": 1.0, ""feasible_t"": 14.166666666666666, ""gross_delivery_t"": 14.166666666666666, ""order_month"": ""2038-02"", ""planned_arrival_month"": ""2039-02"", ""requested_t"": 14.166666666666666, ""shipment_id"": ""S0038"", ""source_id"": ""A"", ""source_name"": ""Earth-Core"", ""unfulfilled_request_t"": 0.0}, {""actual_arrival_month"": ""2039-03"", ""actual_delivery_share"": 1.0, ""availability_share"": 1.0, ""feasible_t"": 14.166666666666666, ""gross_delivery_t"": 14.166666666666666, ""order_month"": ""2038-03"", ""planned_arrival_month"": ""2039-03"", ""requested_t"": 14.166666666666666, ""shipment_id"": ""S0039"", ""source_id"": ""A"", ""source_name"": ""Earth-Core"", ""unfulfilled_request_t"": 0.0}, {""actual_arrival_month"": ""2039-04"", ""actual_delivery_share"": 1.0, ""availability_share"": 1.0, ""feasible_t"": 14.166666666666666, ""gross_delivery_t"": 14.166666666666666, ""order_month"": ""2038-04"", ""planned_arrival_month"": ""2039-04"", ""requested_t"": 14.166666666666666, ""shipment_id"": ""S0040"", ""source_id"": ""A"", ""source_name"": ""Earth-Core"", ""unfulfilled_request_t"": 0.0}, {""actual_arrival_month"": ""2039-05"", ""actual_delivery_share"": 1.0, ""availability_share"": 1.0, ""feasible_t"": 14.166666666666666, ""gross_delivery_t"": 14.166666666666666, ""order_month"": ""2038-05"", ""planned_arrival_month"": ""2039-05"", ""requested_t"": 14.166666666666666, ""shipment_id"": ""S0041"", ""source_id"": ""A"", ""source_name"": ""Earth-Core"", ""unfulfilled_request_t"": 0.0}, {""actual_arrival_month"": ""2039-06"", ""actual_delivery_share"": 1.0, ""availability_share"": 1.0, ""feasible_t"": 14.166666666666666, ""gross_delivery_t"": 14.166666666666666, ""order_month"": ""2038-06"", ""planned_arrival_month"": ""2039-06"", ""requested_t"": 14.166666666666666, ""shipment_id"": ""S0042"", ""source_id"": ""A"", ""source_name"": ""Earth-Core"", ""unfulfilled_request_t"": 0.0}, {""actual_arrival_month"": ""2039-07"", ""actual_delivery_share"": 1.0, ""availability_share"": 1.0, ""feasible_t"": 14.166666666666666, ""gross_delivery_t"": 14.166666666666666, ""order_month"": ""2038-07"", ""planned_arrival_month"": ""2039-07"", ""requested_t"": 14.166666666666666, ""shipment_id"": ""S0043"", ""source_id"": ""A"", ""source_name"": ""Earth-Core"", ""unfulfilled_request_t"": 0.0}, {""actual_arrival_month"": ""2039-08"", ""actual_delivery_share"": 1.0, ""availability_share"": 1.0, ""feasible_t"": 14.166666666666666, ""gross_delivery_t"": 14.166666666666666, ""order_month"": ""2038-08"", ""planned_arrival_month"": ""2039-08"", ""requested_t"": 14.166666666666666, ""shipment_id"": ""S0044"", ""source_id"": ""A"", ""source_name"": ""Earth-Core"", ""unfulfilled_request_t"": 0.0}, {""actual_arrival_month"": ""2039-09"", ""actual_delivery_share"": 1.0, ""availability_share"": 1.0, ""feasible_t"": 14.166666666666666, ""gross_delivery_t"": 14.166666666666666, ""order_month"": ""2038-09"", ""planned_arrival_month"": ""2039-09"", ""requested_t"": 14.166666666666666, ""shipment_id"": ""S0045"", ""source_id"": ""A"", ""source_name"": ""Earth-Core"", ""unfulfilled_request_t"": 0.0}, {""actual_arrival_month"": ""2039-10"", ""actual_delivery_share"": 1.0, ""availability_share"": 1.0, ""feasible_t"": 14.166666666666666, ""gross_delivery_t"": 14.166666666666666, ""order_month"": ""2038-10"", ""planned_arrival_month"": ""2039-10"", ""requested_t"": 14.166666666666666, ""shipment_id"": ""S0046"", ""source_id"": ""A"", ""source_name"": ""Earth-Core"", ""unfulfilled_request_t"": 0.0}, {""actual_arrival_month"": ""2039-11"", ""actual_delivery_share"": 1.0, ""availability_share"": 1.0, ""feasible_t"": 14.166666666666666, ""gross_delivery_t"": 14.166666666666666, ""order_month"": ""2038-11"", ""planned_arrival_month"": ""2039-11"", ""requested_t"": 14.166666666666666, ""shipment_id"": ""S0047"", ""source_id"": ""A"", ""source_name"": ""Earth-Core"", ""unfulfilled_request_t"": 0.0}, {""actual_arrival_month"": ""2039-12"", ""actual_delivery_share"": 1.0, ""availability_share"": 1.0, ""feasible_t"": 14.166666666666666, ""gross_delivery_t"": 14.166666666666666, ""order_month"": ""2038-12"", ""planned_arrival_month"": ""2039-12"", ""requested_t"": 14.166666666666666, ""shipment_id"": ""S0048"", ""source_id"": ""A"", ""source_name"": ""Earth-Core"", ""unfulfilled_request_t"": 0.0}, {""actual_arrival_month"": ""2040-01"", ""actual_delivery_share"": 1.0, ""availability_share"": 1.0, ""feasible_t"": 15.0, ""gross_delivery_t"": 15.0, ""order_month"": ""2039-01"", ""planned_arrival_month"": ""2040-01"", ""requested_t"": 15.0, ""shipment_id"": ""S0049"", ""source_id"": ""A"", ""source_name"": ""Earth-Core"", ""unfulfilled_request_t"": 0.0}, {""actual_arrival_month"": ""2039-02"", ""actual_delivery_share"": 1.0, ""availability_share"": 1.0, ""feasible_t"": 3.75, ""gross_delivery_t"": 3.75, ""order_month"": ""2038-10"", ""planned_arrival_month"": ""2039-02"", ""requested_t"": 3.75, ""shipment_id"": ""S0118"", ""source_id"": ""B"", ""source_name"": ""Earth-Flex"", ""unfulfilled_request_t"": 0.0}, {""actual_arrival_month"": ""2039-03"", ""actual_delivery_share"": 1.0, ""availability_share"": 1.0, ""feasible_t"": 3.75, ""gross_delivery_t"": 3.75, ""order_month"": ""2038-11"", ""planned_arrival_month"": ""2039-03"", ""requested_t"": 3.75, ""shipment_id"": ""S0119"", ""source_id"": ""B"", ""source_name"": ""Earth-Flex"", ""unfulfilled_request_t"": 0.0}, {""actual_arrival_month"": ""2039-04"", ""actual_delivery_share"": 1.0, ""availability_share"": 1.0, ""feasible_t"": 3.75, ""gross_delivery_t"": 3.75, ""order_month"": ""2038-12"", ""planned_arrival_month"": ""2039-04"", ""requested_t"": 3.75, ""shipment_id"": ""S0120"", ""source_id"": ""B"", ""source_name"": ""Earth-Flex"", ""unfulfilled_request_t"": 0.0}, {""actual_arrival_month"": ""2039-05"", ""actual_delivery_share"": 1.0, ""availability_share"": 1.0, ""feasible_t"": 4.583333333333333, ""gross_delivery_t"": 4.583333333333333, ""order_month"": ""2039-01"", ""planned_arrival_month"": ""2039-05"", ""requested_t"": 4.583333333333333, ""shipment_id"": ""S0121"", ""source_id"": ""B"", ""source_name"": ""Earth-Flex"", ""unfulfilled_request_t"": 0.0}]","{""A"": 14.166666666666666, ""B"": 3.75, ""C"": 8.75}","{""A"": 14.166666666666666, ""B"": 3.75, ""C"": 8.75}",26.666666666666664,0.31999999999999995,26.346666666666664,26.346666666666664,0.0,26.346666666666664,20.124999999999996,6.221666666666668,0.0,4.320000000000004,0.0,ZBO,120.0,0.012,"[""ZBO"", ""EARTH_NEW""]",0.0,1.0,"[""RESERVE_45D""]"
2039-02,0.0,30.666666666666668,20.124999999999996,"{""A"": 190.0, ""B"": 80.0, ""C"": 120.0, ""D"": 0, ""E"": 35.0}","{""A"": 15.0, ""B"": 4.583333333333333, ""C"": 8.75}","[{""actual_arrival_month"": ""2039-03"", ""actual_delivery_share"": 1.0, ""availability_share"": 1.0, ""feasible_t"": 14.166666666666666, ""gross_delivery_t"": 14.166666666666666, ""order_month"": ""2038-03"", ""planned_arrival_month"": ""2039-03"", ""requested_t"": 14.166666666666666, ""shipment_id"": ""S0039"", ""source_id"": ""A"", ""source_name"": ""Earth-Core"", ""unfulfilled_request_t"": 0.0}, {""actual_arrival_month"": ""2039-04"", ""actual_delivery_share"": 1.0, ""availability_share"": 1.0, ""feasible_t"": 14.166666666666666, ""gross_delivery_t"": 14.166666666666666, ""order_month"": ""2038-04"", ""planned_arrival_month"": ""2039-04"", ""requested_t"": 14.166666666666666, ""shipment_id"": ""S0040"", ""source_id"": ""A"", ""source_name"": ""Earth-Core"", ""unfulfilled_request_t"": 0.0}, {""actual_arrival_month"": ""2039-05"", ""actual_delivery_share"": 1.0, ""availability_share"": 1.0, ""feasible_t"": 14.166666666666666, ""gross_delivery_t"": 14.166666666666666, ""order_month"": ""2038-05"", ""planned_arrival_month"": ""2039-05"", ""requested_t"": 14.166666666666666, ""shipment_id"": ""S0041"", ""source_id"": ""A"", ""source_name"": ""Earth-Core"", ""unfulfilled_request_t"": 0.0}, {""actual_arrival_month"": ""2039-06"", ""actual_delivery_share"": 1.0, ""availability_share"": 1.0, ""feasible_t"": 14.166666666666666, ""gross_delivery_t"": 14.166666666666666, ""order_month"": ""2038-06"", ""planned_arrival_month"": ""2039-06"", ""requested_t"": 14.166666666666666, ""shipment_id"": ""S0042"", ""source_id"": ""A"", ""source_name"": ""Earth-Core"", ""unfulfilled_request_t"": 0.0}, {""actual_arrival_month"": ""2039-07"", ""actual_delivery_share"": 1.0, ""availability_share"": 1.0, ""feasible_t"": 14.166666666666666, ""gross_delivery_t"": 14.166666666666666, ""order_month"": ""2038-07"", ""planned_arrival_month"": ""2039-07"", ""requested_t"": 14.166666666666666, ""shipment_id"": ""S0043"", ""source_id"": ""A"", ""source_name"": ""Earth-Core"", ""unfulfilled_request_t"": 0.0}, {""actual_arrival_month"": ""2039-08"", ""actual_delivery_share"": 1.0, ""availability_share"": 1.0, ""feasible_t"": 14.166666666666666, ""gross_delivery_t"": 14.166666666666666, ""order_month"": ""2038-08"", ""planned_arrival_month"": ""2039-08"", ""requested_t"": 14.166666666666666, ""shipment_id"": ""S0044"", ""source_id"": ""A"", ""source_name"": ""Earth-Core"", ""unfulfilled_request_t"": 0.0}, {""actual_arrival_month"": ""2039-09"", ""actual_delivery_share"": 1.0, ""availability_share"": 1.0, ""feasible_t"": 14.166666666666666, ""gross_delivery_t"": 14.166666666666666, ""order_month"": ""2038-09"", ""planned_arrival_month"": ""2039-09"", ""requested_t"": 14.166666666666666, ""shipment_id"": ""S0045"", ""source_id"": ""A"", ""source_name"": ""Earth-Core"", ""unfulfilled_request_t"": 0.0}, {""actual_arrival_month"": ""2039-10"", ""actual_delivery_share"": 1.0, ""availability_share"": 1.0, ""feasible_t"": 14.166666666666666, ""gross_delivery_t"": 14.166666666666666, ""order_month"": ""2038-10"", ""planned_arrival_month"": ""2039-10"", ""requested_t"": 14.166666666666666, ""shipment_id"": ""S0046"", ""source_id"": ""A"", ""source_name"": ""Earth-Core"", ""unfulfilled_request_t"": 0.0}, {""actual_arrival_month"": ""2039-11"", ""actual_delivery_share"": 1.0, ""availability_share"": 1.0, ""feasible_t"": 14.166666666666666, ""gross_delivery_t"": 14.166666666666666, ""order_month"": ""2038-11"", ""planned_arrival_month"": ""2039-11"", ""requested_t"": 14.166666666666666, ""shipment_id"": ""S0047"", ""source_id"": ""A"", ""source_name"": ""Earth-Core"", ""unfulfilled_request_t"": 0.0}, {""actual_arrival_month"": ""2039-12"", ""actual_delivery_share"": 1.0, ""availability_share"": 1.0, ""feasible_t"": 14.166666666666666, ""gross_delivery_t"": 14.166666666666666, ""order_month"": ""2038-12"", ""planned_arrival_month"": ""2039-12"", ""requested_t"": 14.166666666666666, ""shipment_id"": ""S0048"", ""source_id"": ""A"", ""source_name"": ""Earth-Core"", ""unfulfilled_request_t"": 0.0}, {""actual_arrival_month"": ""2040-01"", ""actual_delivery_share"": 1.0, ""availability_share"": 1.0, ""feasible_t"": 15.0, ""gross_delivery_t"": 15.0, ""order_month"": ""2039-01"", ""planned_arrival_month"": ""2040-01"", ""requested_t"": 15.0, ""shipment_id"": ""S0049"", ""source_id"": ""A"", ""source_name"": ""Earth-Core"", ""unfulfilled_request_t"": 0.0}, {""actual_arrival_month"": ""2040-02"", ""actual_delivery_share"": 1.0, ""availability_share"": 1.0, ""feasible_t"": 15.0, ""gross_delivery_t"": 15.0, ""order_month"": ""2039-02"", ""planned_arrival_month"": ""2040-02"", ""requested_t"": 15.0, ""shipment_id"": ""S0050"", ""source_id"": ""A"", ""source_name"": ""Earth-Core"", ""unfulfilled_request_t"": 0.0}, {""actual_arrival_month"": ""2039-03"", ""actual_delivery_share"": 1.0, ""availability_share"": 1.0, ""feasible_t"": 3.75, ""gross_delivery_t"": 3.75, ""order_month"": ""2038-11"", ""planned_arrival_month"": ""2039-03"", ""requested_t"": 3.75, ""shipment_id"": ""S0119"", ""source_id"": ""B"", ""source_name"": ""Earth-Flex"", ""unfulfilled_request_t"": 0.0}, {""actual_arrival_month"": ""2039-04"", ""actual_delivery_share"": 1.0, ""availability_share"": 1.0, ""feasible_t"": 3.75, ""gross_delivery_t"": 3.75, ""order_month"": ""2038-12"", ""planned_arrival_month"": ""2039-04"", ""requested_t"": 3.75, ""shipment_id"": ""S0120"", ""source_id"": ""B"", ""source_name"": ""Earth-Flex"", ""unfulfilled_request_t"": 0.0}, {""actual_arrival_month"": ""2039-05"", ""actual_delivery_share"": 1.0, ""availability_share"": 1.0, ""feasible_t"": 4.583333333333333, ""gross_delivery_t"": 4.583333333333333, ""order_month"": ""2039-01"", ""planned_arrival_month"": ""2039-05"", ""requested_t"": 4.583333333333333, ""shipment_id"": ""S0121"", ""source_id"": ""B"", ""source_name"": ""Earth-Flex"", ""unfulfilled_request_t"": 0.0}, {""actual_arrival_month"": ""2039-06"", ""actual_delivery_share"": 1.0, ""availability_share"": 1.0, ""feasible_t"": 4.583333333333333, ""gross_delivery_t"": 4.583333333333333, ""order_month"": ""2039-02"", ""planned_arrival_month"": ""2039-06"", ""requested_t"": 4.583333333333333, ""shipment_id"": ""S0122"", ""source_id"": ""B"", ""source_name"": ""Earth-Flex"", ""unfulfilled_request_t"": 0.0}]","{""A"": 14.166666666666666, ""B"": 3.75, ""C"": 8.75}","{""A"": 14.166666666666666, ""B"": 3.75, ""C"": 8.75}",26.666666666666664,0.31999999999999995,26.346666666666664,26.346666666666664,0.0,26.346666666666664,20.124999999999996,6.221666666666668,0.0,4.320000000000004,0.0,ZBO,120.0,0.012,"[""ZBO"", ""EARTH_NEW""]",0.0,1.0,[]
2039-03,0.0,30.666666666666668,20.124999999999996,"{""A"": 190.0, ""B"": 80.0, ""C"": 120.0, ""D"": 0, ""E"": 35.0}","{""A"": 15.0, ""B"": 4.583333333333333, ""C"": 8.75}","[{""actual_arrival_month"": ""2039-04"", ""actual_delivery_share"": 1.0, ""availability_share"": 1.0, ""feasible_t"": 14.166666666666666, ""gross_delivery_t"": 14.166666666666666, ""order_month"": ""2038-04"", ""planned_arrival_month"": ""2039-04"", ""requested_t"": 14.166666666666666, ""shipment_id"": ""S0040"", ""source_id"": ""A"", ""source_name"": ""Earth-Core"", ""unfulfilled_request_t"": 0.0}, {""actual_arrival_month"": ""2039-05"", ""actual_delivery_share"": 1.0, ""availability_share"": 1.0, ""feasible_t"": 14.166666666666666, ""gross_delivery_t"": 14.166666666666666, ""order_month"": ""2038-05"", ""planned_arrival_month"": ""2039-05"", ""requested_t"": 14.166666666666666, ""shipment_id"": ""S0041"", ""source_id"": ""A"", ""source_name"": ""Earth-Core"", ""unfulfilled_request_t"": 0.0}, {""actual_arrival_month"": ""2039-06"", ""actual_delivery_share"": 1.0, ""availability_share"": 1.0, ""feasible_t"": 14.166666666666666, ""gross_delivery_t"": 14.166666666666666, ""order_month"": ""2038-06"", ""planned_arrival_month"": ""2039-06"", ""requested_t"": 14.166666666666666, ""shipment_id"": ""S0042"", ""source_id"": ""A"", ""source_name"": ""Earth-Core"", ""unfulfilled_request_t"": 0.0}, {""actual_arrival_month"": ""2039-07"", ""actual_delivery_share"": 1.0, ""availability_share"": 1.0, ""feasible_t"": 14.166666666666666, ""gross_delivery_t"": 14.166666666666666, ""order_month"": ""2038-07"", ""planned_arrival_month"": ""2039-07"", ""requested_t"": 14.166666666666666, ""shipment_id"": ""S0043"", ""source_id"": ""A"", ""source_name"": ""Earth-Core"", ""unfulfilled_request_t"": 0.0}, {""actual_arrival_month"": ""2039-08"", ""actual_delivery_share"": 1.0, ""availability_share"": 1.0, ""feasible_t"": 14.166666666666666, ""gross_delivery_t"": 14.166666666666666, ""order_month"": ""2038-08"", ""planned_arrival_month"": ""2039-08"", ""requested_t"": 14.166666666666666, ""shipment_id"": ""S0044"", ""source_id"": ""A"", ""source_name"": ""Earth-Core"", ""unfulfilled_request_t"": 0.0}, {""actual_arrival_month"": ""2039-09"", ""actual_delivery_share"": 1.0, ""availability_share"": 1.0, ""feasible_t"": 14.166666666666666, ""gross_delivery_t"": 14.166666666666666, ""order_month"": ""2038-09"", ""planned_arrival_month"": ""2039-09"", ""requested_t"": 14.166666666666666, ""shipment_id"": ""S0045"", ""source_id"": ""A"", ""source_name"": ""Earth-Core"", ""unfulfilled_request_t"": 0.0}, {""actual_arrival_month"": ""2039-10"", ""actual_delivery_share"": 1.0, ""availability_share"": 1.0, ""feasible_t"": 14.166666666666666, ""gross_delivery_t"": 14.166666666666666, ""order_month"": ""2038-10"", ""planned_arrival_month"": ""2039-10"", ""requested_t"": 14.166666666666666, ""shipment_id"": ""S0046"", ""source_id"": ""A"", ""source_name"": ""Earth-Core"", ""unfulfilled_request_t"": 0.0}, {""actual_arrival_month"": ""2039-11"", ""actual_delivery_share"": 1.0, ""availability_share"": 1.0, ""feasible_t"": 14.166666666666666, ""gross_delivery_t"": 14.166666666666666, ""order_month"": ""2038-11"", ""planned_arrival_month"": ""2039-11"", ""requested_t"": 14.166666666666666, ""shipment_id"": ""S0047"", ""source_id"": ""A"", ""source_name"": ""Earth-Core"", ""unfulfilled_request_t"": 0.0}, {""actual_arrival_month"": ""2039-12"", ""actual_delivery_share"": 1.0, ""availability_share"": 1.0, ""feasible_t"": 14.166666666666666, ""gross_delivery_t"": 14.166666666666666, ""order_month"": ""2038-12"", ""planned_arrival_month"": ""2039-12"", ""requested_t"": 14.166666666666666, ""shipment_id"": ""S0048"", ""source_id"": ""A"", ""source_name"": ""Earth-Core"", ""unfulfilled_request_t"": 0.0}, {""actual_arrival_month"": ""2040-01"", ""actual_delivery_share"": 1.0, ""availability_share"": 1.0, ""feasible_t"": 15.0, ""gross_delivery_t"": 15.0, ""order_month"": ""2039-01"", ""planned_arrival_month"": ""2040-01"", ""requested_t"": 15.0, ""shipment_id"": ""S0049"", ""source_id"": ""A"", ""source_name"": ""Earth-Core"", ""unfulfilled_request_t"": 0.0}, {""actual_arrival_month"": ""2040-02"", ""actual_delivery_share"": 1.0, ""availability_share"": 1.0, ""feasible_t"": 15.0, ""gross_delivery_t"": 15.0, ""order_month"": ""2039-02"", ""planned_arrival_month"": ""2040-02"", ""requested_t"": 15.0, ""shipment_id"": ""S0050"", ""source_id"": ""A"", ""source_name"": ""Earth-Core"", ""unfulfilled_request_t"": 0.0}, {""actual_arrival_month"": ""2040-03"", ""actual_delivery_share"": 1.0, ""availability_share"": 1.0, ""feasible_t"": 15.0, ""gross_delivery_t"": 15.0, ""order_month"": ""2039-03"", ""planned_arrival_month"": ""2040-03"", ""requested_t"": 15.0, ""shipment_id"": ""S0051"", ""source_id"": ""A"", ""source_name"": ""Earth-Core"", ""unfulfilled_request_t"": 0.0}, {""actual_arrival_month"": ""2039-04"", ""actual_delivery_share"": 1.0, ""availability_share"": 1.0, ""feasible_t"": 3.75, ""gross_delivery_t"": 3.75, ""order_month"": ""2038-12"", ""planned_arrival_month"": ""2039-04"", ""requested_t"": 3.75, ""shipment_id"": ""S0120"", ""source_id"": ""B"", ""source_name"": ""Earth-Flex"", ""unfulfilled_request_t"": 0.0}, {""actual_arrival_month"": ""2039-05"", ""actual_delivery_share"": 1.0, ""availability_share"": 1.0, ""feasible_t"": 4.583333333333333, ""gross_delivery_t"": 4.583333333333333, ""order_month"": ""2039-01"", ""planned_arrival_month"": ""2039-05"", ""requested_t"": 4.583333333333333, ""shipment_id"": ""S0121"", ""source_id"": ""B"", ""source_name"": ""Earth-Flex"", ""unfulfilled_request_t"": 0.0}, {""actual_arrival_month"": ""2039-06"", ""actual_delivery_share"": 1.0, ""availability_share"": 1.0, ""feasible_t"": 4.583333333333333, ""gross_delivery_t"": 4.583333333333333, ""order_month"": ""2039-02"", ""planned_arrival_month"": ""2039-06"", ""requested_t"": 4.583333333333333, ""shipment_id"": ""S0122"", ""source_id"": ""B"", ""source_name"": ""Earth-Flex"", ""unfulfilled_request_t"": 0.0}, {""actual_arrival_month"": ""2039-07"", ""actual_delivery_share"": 1.0, ""availability_share"": 1.0, ""feasible_t"": 4.583333333333333, ""gross_delivery_t"": 4.583333333333333, ""order_month"": ""2039-03"", ""planned_arrival_month"": ""2039-07"", ""requested_t"": 4.583333333333333, ""shipment_id"": ""S0123"", ""source_id"": ""B"", ""source_name"": ""Earth-Flex"", ""unfulfilled_request_t"": 0.0}]","{""A"": 14.166666666666666, ""B"": 3.75, ""C"": 8.75}","{""A"": 14.166666666666666, ""B"": 3.75, ""C"": 8.75}",26.666666666666664,0.31999999999999995,26.346666666666664,26.346666666666664,0.0,26.346666666666664,20.124999999999996,6.221666666666668,0.0,4.320000000000004,0.0,ZBO,120.0,0.012,"[""ZBO"", ""EARTH_NEW""]",0.0,1.0,[]
2039-04,0.0,30.666666666666668,20.124999999999996,"{""A"": 190.0, ""B"": 80.0, ""C"": 120.0, ""D"": 0, ""E"": 35.0}","{""A"": 15.0, ""B"": 4.583333333333333, ""C"": 8.75}","[{""actual_arrival_month"": ""2039-05"", ""actual_delivery_share"": 1.0, ""availability_share"": 1.0, ""feasible_t"": 14.166666666666666, ""gross_delivery_t"": 14.166666666666666, ""order_month"": ""2038-05"", ""planned_arrival_month"": ""2039-05"", ""requested_t"": 14.166666666666666, ""shipment_id"": ""S0041"", ""source_id"": ""A"", ""source_name"": ""Earth-Core"", ""unfulfilled_request_t"": 0.0}, {""actual_arrival_month"": ""2039-06"", ""actual_delivery_share"": 1.0, ""availability_share"": 1.0, ""feasible_t"": 14.166666666666666, ""gross_delivery_t"": 14.166666666666666, ""order_month"": ""2038-06"", ""planned_arrival_month"": ""2039-06"", ""requested_t"": 14.166666666666666, ""shipment_id"": ""S0042"", ""source_id"": ""A"", ""source_name"": ""Earth-Core"", ""unfulfilled_request_t"": 0.0}, {""actual_arrival_month"": ""2039-07"", ""actual_delivery_share"": 1.0, ""availability_share"": 1.0, ""feasible_t"": 14.166666666666666, ""gross_delivery_t"": 14.166666666666666, ""order_month"": ""2038-07"", ""planned_arrival_month"": ""2039-07"", ""requested_t"": 14.166666666666666, ""shipment_id"": ""S0043"", ""source_id"": ""A"", ""source_name"": ""Earth-Core"", ""unfulfilled_request_t"": 0.0}, {""actual_arrival_month"": ""2039-08"", ""actual_delivery_share"": 1.0, ""availability_share"": 1.0, ""feasible_t"": 14.166666666666666, ""gross_delivery_t"": 14.166666666666666, ""order_month"": ""2038-08"", ""planned_arrival_month"": ""2039-08"", ""requested_t"": 14.166666666666666, ""shipment_id"": ""S0044"", ""source_id"": ""A"", ""source_name"": ""Earth-Core"", ""unfulfilled_request_t"": 0.0}, {""actual_arrival_month"": ""2039-09"", ""actual_delivery_share"": 1.0, ""availability_share"": 1.0, ""feasible_t"": 14.166666666666666, ""gross_delivery_t"": 14.166666666666666, ""order_month"": ""2038-09"", ""planned_arrival_month"": ""2039-09"", ""requested_t"": 14.166666666666666, ""shipment_id"": ""S0045"", ""source_id"": ""A"", ""source_name"": ""Earth-Core"", ""unfulfilled_request_t"": 0.0}, {""actual_arrival_month"": ""2039-10"", ""actual_delivery_share"": 1.0, ""availability_share"": 1.0, ""feasible_t"": 14.166666666666666, ""gross_delivery_t"": 14.166666666666666, ""order_month"": ""2038-10"", ""planned_arrival_month"": ""2039-10"", ""requested_t"": 14.166666666666666, ""shipment_id"": ""S0046"", ""source_id"": ""A"", ""source_name"": ""Earth-Core"", ""unfulfilled_request_t"": 0.0}, {""actual_arrival_month"": ""2039-11"", ""actual_delivery_share"": 1.0, ""availability_share"": 1.0, ""feasible_t"": 14.166666666666666, ""gross_delivery_t"": 14.166666666666666, ""order_month"": ""2038-11"", ""planned_arrival_month"": ""2039-11"", ""requested_t"": 14.166666666666666, ""shipment_id"": ""S0047"", ""source_id"": ""A"", ""source_name"": ""Earth-Core"", ""unfulfilled_request_t"": 0.0}, {""actual_arrival_month"": ""2039-12"", ""actual_delivery_share"": 1.0, ""availability_share"": 1.0, ""feasible_t"": 14.166666666666666, ""gross_delivery_t"": 14.166666666666666, ""order_month"": ""2038-12"", ""planned_arrival_month"": ""2039-12"", ""requested_t"": 14.166666666666666, ""shipment_id"": ""S0048"", ""source_id"": ""A"", ""source_name"": ""Earth-Core"", ""unfulfilled_request_t"": 0.0}, {""actual_arrival_month"": ""2040-01"", ""actual_delivery_share"": 1.0, ""availability_share"": 1.0, ""feasible_t"": 15.0, ""gross_delivery_t"": 15.0, ""order_month"": ""2039-01"", ""planned_arrival_month"": ""2040-01"", ""requested_t"": 15.0, ""shipment_id"": ""S0049"", ""source_id"": ""A"", ""source_name"": ""Earth-Core"", ""unfulfilled_request_t"": 0.0}, {""actual_arrival_month"": ""2040-02"", ""actual_delivery_share"": 1.0, ""availability_share"": 1.0, ""feasible_t"": 15.0, ""gross_delivery_t"": 15.0, ""order_month"": ""2039-02"", ""planned_arrival_month"": ""2040-02"", ""requested_t"": 15.0, ""shipment_id"": ""S0050"", ""source_id"": ""A"", ""source_name"": ""Earth-Core"", ""unfulfilled_request_t"": 0.0}, {""actual_arrival_month"": ""2040-03"", ""actual_delivery_share"": 1.0, ""availability_share"": 1.0, ""feasible_t"": 15.0, ""gross_delivery_t"": 15.0, ""order_month"": ""2039-03"", ""planned_arrival_month"": ""2040-03"", ""requested_t"": 15.0, ""shipment_id"": ""S0051"", ""source_id"": ""A"", ""source_name"": ""Earth-Core"", ""unfulfilled_request_t"": 0.0}, {""actual_arrival_month"": ""2040-04"", ""actual_delivery_share"": 1.0, ""availability_share"": 1.0, ""feasible_t"": 15.0, ""gross_delivery_t"": 15.0, ""order_month"": ""2039-04"", ""planned_arrival_month"": ""2040-04"", ""requested_t"": 15.0, ""shipment_id"": ""S0052"", ""source_id"": ""A"", ""source_name"": ""Earth-Core"", ""unfulfilled_request_t"": 0.0}, {""actual_arrival_month"": ""2039-05"", ""actual_delivery_share"": 1.0, ""availability_share"": 1.0, ""feasible_t"": 4.583333333333333, ""gross_delivery_t"": 4.583333333333333, ""order_month"": ""2039-01"", ""planned_arrival_month"": ""2039-05"", ""requested_t"": 4.583333333333333, ""shipment_id"": ""S0121"", ""source_id"": ""B"", ""source_name"": ""Earth-Flex"", ""unfulfilled_request_t"": 0.0}, {""actual_arrival_month"": ""2039-06"", ""actual_delivery_share"": 1.0, ""availability_share"": 1.0, ""feasible_t"": 4.583333333333333, ""gross_delivery_t"": 4.583333333333333, ""order_month"": ""2039-02"", ""planned_arrival_month"": ""2039-06"", ""requested_t"": 4.583333333333333, ""shipment_id"": ""S0122"", ""source_id"": ""B"", ""source_name"": ""Earth-Flex"", ""unfulfilled_request_t"": 0.0}, {""actual_arrival_month"": ""2039-07"", ""actual_delivery_share"": 1.0, ""availability_share"": 1.0, ""feasible_t"": 4.583333333333333, ""gross_delivery_t"": 4.583333333333333, ""order_month"": ""2039-03"", ""planned_arrival_month"": ""2039-07"", ""requested_t"": 4.583333333333333, ""shipment_id"": ""S0123"", ""source_id"": ""B"", ""source_name"": ""Earth-Flex"", ""unfulfilled_request_t"": 0.0}, {""actual_arrival_month"": ""2039-08"", ""actual_delivery_share"": 1.0, ""availability_share"": 1.0, ""feasible_t"": 4.583333333333333, ""gross_delivery_t"": 4.583333333333333, ""order_month"": ""2039-04"", ""planned_arrival_month"": ""2039-08"", ""requested_t"": 4.583333333333333, ""shipment_id"": ""S0124"", ""source_id"": ""B"", ""source_name"": ""Earth-Flex"", ""unfulfilled_request_t"": 0.0}]","{""A"": 14.166666666666666, ""B"": 3.75, ""C"": 8.75}","{""A"": 14.166666666666666, ""B"": 3.75, ""C"": 8.75}",26.666666666666664,0.31999999999999995,26.346666666666664,26.346666666666664,0.0,26.346666666666664,20.124999999999996,6.221666666666668,0.0,4.320000000000004,0.0,ZBO,120.0,0.012,"[""ZBO"", ""EARTH_NEW""]",0.0,1.0,[]
2039-05,0.0,30.666666666666668,20.124999999999996,"{""A"": 190.0, ""B"": 80.0, ""C"": 120.0, ""D"": 0, ""E"": 35.0}","{""A"": 15.0, ""B"": 4.583333333333333, ""C"": 8.75}","[{""actual_arrival_month"": ""2039-06"", ""actual_delivery_share"": 1.0, ""availability_share"": 1.0, ""feasible_t"": 14.166666666666666, ""gross_delivery_t"": 14.166666666666666, ""order_month"": ""2038-06"", ""planned_arrival_month"": ""2039-06"", ""requested_t"": 14.166666666666666, ""shipment_id"": ""S0042"", ""source_id"": ""A"", ""source_name"": ""Earth-Core"", ""unfulfilled_request_t"": 0.0}, {""actual_arrival_month"": ""2039-07"", ""actual_delivery_share"": 1.0, ""availability_share"": 1.0, ""feasible_t"": 14.166666666666666, ""gross_delivery_t"": 14.166666666666666, ""order_month"": ""2038-07"", ""planned_arrival_month"": ""2039-07"", ""requested_t"": 14.166666666666666, ""shipment_id"": ""S0043"", ""source_id"": ""A"", ""source_name"": ""Earth-Core"", ""unfulfilled_request_t"": 0.0}, {""actual_arrival_month"": ""2039-08"", ""actual_delivery_share"": 1.0, ""availability_share"": 1.0, ""feasible_t"": 14.166666666666666, ""gross_delivery_t"": 14.166666666666666, ""order_month"": ""2038-08"", ""planned_arrival_month"": ""2039-08"", ""requested_t"": 14.166666666666666, ""shipment_id"": ""S0044"", ""source_id"": ""A"", ""source_name"": ""Earth-Core"", ""unfulfilled_request_t"": 0.0}, {""actual_arrival_month"": ""2039-09"", ""actual_delivery_share"": 1.0, ""availability_share"": 1.0, ""feasible_t"": 14.166666666666666, ""gross_delivery_t"": 14.166666666666666, ""order_month"": ""2038-09"", ""planned_arrival_month"": ""2039-09"", ""requested_t"": 14.166666666666666, ""shipment_id"": ""S0045"", ""source_id"": ""A"", ""source_name"": ""Earth-Core"", ""unfulfilled_request_t"": 0.0}, {""actual_arrival_month"": ""2039-10"", ""actual_delivery_share"": 1.0, ""availability_share"": 1.0, ""feasible_t"": 14.166666666666666, ""gross_delivery_t"": 14.166666666666666, ""order_month"": ""2038-10"", ""planned_arrival_month"": ""2039-10"", ""requested_t"": 14.166666666666666, ""shipment_id"": ""S0046"", ""source_id"": ""A"", ""source_name"": ""Earth-Core"", ""unfulfilled_request_t"": 0.0}, {""actual_arrival_month"": ""2039-11"", ""actual_delivery_share"": 1.0, ""availability_share"": 1.0, ""feasible_t"": 14.166666666666666, ""gross_delivery_t"": 14.166666666666666, ""order_month"": ""2038-11"", ""planned_arrival_month"": ""2039-11"", ""requested_t"": 14.166666666666666, ""shipment_id"": ""S0047"", ""source_id"": ""A"", ""source_name"": ""Earth-Core"", ""unfulfilled_request_t"": 0.0}, {""actual_arrival_month"": ""2039-12"", ""actual_delivery_share"": 1.0, ""availability_share"": 1.0, ""feasible_t"": 14.166666666666666, ""gross_delivery_t"": 14.166666666666666, ""order_month"": ""2038-12"", ""planned_arrival_month"": ""2039-12"", ""requested_t"": 14.166666666666666, ""shipment_id"": ""S0048"", ""source_id"": ""A"", ""source_name"": ""Earth-Core"", ""unfulfilled_request_t"": 0.0}, {""actual_arrival_month"": ""2040-01"", ""actual_delivery_share"": 1.0, ""availability_share"": 1.0, ""feasible_t"": 15.0, ""gross_delivery_t"": 15.0, ""order_month"": ""2039-01"", ""planned_arrival_month"": ""2040-01"", ""requested_t"": 15.0, ""shipment_id"": ""S0049"", ""source_id"": ""A"", ""source_name"": ""Earth-Core"", ""unfulfilled_request_t"": 0.0}, {""actual_arrival_month"": ""2040-02"", ""actual_delivery_share"": 1.0, ""availability_share"": 1.0, ""feasible_t"": 15.0, ""gross_delivery_t"": 15.0, ""order_month"": ""2039-02"", ""planned_arrival_month"": ""2040-02"", ""requested_t"": 15.0, ""shipment_id"": ""S0050"", ""source_id"": ""A"", ""source_name"": ""Earth-Core"", ""unfulfilled_request_t"": 0.0}, {""actual_arrival_month"": ""2040-03"", ""actual_delivery_share"": 1.0, ""availability_share"": 1.0, ""feasible_t"": 15.0, ""gross_delivery_t"": 15.0, ""order_month"": ""2039-03"", ""planned_arrival_month"": ""2040-03"", ""requested_t"": 15.0, ""shipment_id"": ""S0051"", ""source_id"": ""A"", ""source_name"": ""Earth-Core"", ""unfulfilled_request_t"": 0.0}, {""actual_arrival_month"": ""2040-04"", ""actual_delivery_share"": 1.0, ""availability_share"": 1.0, ""feasible_t"": 15.0, ""gross_delivery_t"": 15.0, ""order_month"": ""2039-04"", ""planned_arrival_month"": ""2040-04"", ""requested_t"": 15.0, ""shipment_id"": ""S0052"", ""source_id"": ""A"", ""source_name"": ""Earth-Core"", ""unfulfilled_request_t"": 0.0}, {""actual_arrival_month"": ""2040-05"", ""actual_delivery_share"": 1.0, ""availability_share"": 1.0, ""feasible_t"": 15.0, ""gross_delivery_t"": 15.0, ""order_month"": ""2039-05"", ""planned_arrival_month"": ""2040-05"", ""requested_t"": 15.0, ""shipment_id"": ""S0053"", ""source_id"": ""A"", ""source_name"": ""Earth-Core"", ""unfulfilled_request_t"": 0.0}, {""actual_arrival_month"": ""2039-06"", ""actual_delivery_share"": 1.0, ""availability_share"": 1.0, ""feasible_t"": 4.583333333333333, ""gross_delivery_t"": 4.583333333333333, ""order_month"": ""2039-02"", ""planned_arrival_month"": ""2039-06"", ""requested_t"": 4.583333333333333, ""shipment_id"": ""S0122"", ""source_id"": ""B"", ""source_name"": ""Earth-Flex"", ""unfulfilled_request_t"": 0.0}, {""actual_arrival_month"": ""2039-07"", ""actual_delivery_share"": 1.0, ""availability_share"": 1.0, ""feasible_t"": 4.583333333333333, ""gross_delivery_t"": 4.583333333333333, ""order_month"": ""2039-03"", ""planned_arrival_month"": ""2039-07"", ""requested_t"": 4.583333333333333, ""shipment_id"": ""S0123"", ""source_id"": ""B"", ""source_name"": ""Earth-Flex"", ""unfulfilled_request_t"": 0.0}, {""actual_arrival_month"": ""2039-08"", ""actual_delivery_share"": 1.0, ""availability_share"": 1.0, ""feasible_t"": 4.583333333333333, ""gross_delivery_t"": 4.583333333333333, ""order_month"": ""2039-04"", ""planned_arrival_month"": ""2039-08"", ""requested_t"": 4.583333333333333, ""shipment_id"": ""S0124"", ""source_id"": ""B"", ""source_name"": ""Earth-Flex"", ""unfulfilled_request_t"": 0.0}, {""actual_arrival_month"": ""2039-09"", ""actual_delivery_share"": 1.0, ""availability_share"": 1.0, ""feasible_t"": 4.583333333333333, ""gross_delivery_t"": 4.583333333333333, ""order_month"": ""2039-05"", ""planned_arrival_month"": ""2039-09"", ""requested_t"": 4.583333333333333, ""shipment_id"": ""S0125"", ""source_id"": ""B"", ""source_name"": ""Earth-Flex"", ""unfulfilled_request_t"": 0.0}]","{""A"": 14.166666666666666, ""B"": 4.583333333333333, ""C"": 8.75}","{""A"": 14.166666666666666, ""B"": 4.583333333333333, ""C"": 8.75}",27.5,0.33,27.17,27.17,0.0,27.17,20.124999999999996,7.045000000000005,0.0,3.496666666666666,0.0,ZBO,120.0,0.012,"[""ZBO"", ""EARTH_NEW""]",0.0,1.0,[]
2039-06,0.0,30.666666666666668,20.124999999999996,"{""A"": 190.0, ""B"": 80.0, ""C"": 120.0, ""D"": 0, ""E"": 35.0}","{""A"": 15.0, ""B"": 4.583333333333333, ""C"": 8.75}","[{""actual_arrival_month"": ""2039-07"", ""actual_delivery_share"": 1.0, ""availability_share"": 1.0, ""feasible_t"": 14.166666666666666, ""gross_delivery_t"": 14.166666666666666, ""order_month"": ""2038-07"", ""planned_arrival_month"": ""2039-07"", ""requested_t"": 14.166666666666666, ""shipment_id"": ""S0043"", ""source_id"": ""A"", ""source_name"": ""Earth-Core"", ""unfulfilled_request_t"": 0.0}, {""actual_arrival_month"": ""2039-08"", ""actual_delivery_share"": 1.0, ""availability_share"": 1.0, ""feasible_t"": 14.166666666666666, ""gross_delivery_t"": 14.166666666666666, ""order_month"": ""2038-08"", ""planned_arrival_month"": ""2039-08"", ""requested_t"": 14.166666666666666, ""shipment_id"": ""S0044"", ""source_id"": ""A"", ""source_name"": ""Earth-Core"", ""unfulfilled_request_t"": 0.0}, {""actual_arrival_month"": ""2039-09"", ""actual_delivery_share"": 1.0, ""availability_share"": 1.0, ""feasible_t"": 14.166666666666666, ""gross_delivery_t"": 14.166666666666666, ""order_month"": ""2038-09"", ""planned_arrival_month"": ""2039-09"", ""requested_t"": 14.166666666666666, ""shipment_id"": ""S0045"", ""source_id"": ""A"", ""source_name"": ""Earth-Core"", ""unfulfilled_request_t"": 0.0}, {""actual_arrival_month"": ""2039-10"", ""actual_delivery_share"": 1.0, ""availability_share"": 1.0, ""feasible_t"": 14.166666666666666, ""gross_delivery_t"": 14.166666666666666, ""order_month"": ""2038-10"", ""planned_arrival_month"": ""2039-10"", ""requested_t"": 14.166666666666666, ""shipment_id"": ""S0046"", ""source_id"": ""A"", ""source_name"": ""Earth-Core"", ""unfulfilled_request_t"": 0.0}, {""actual_arrival_month"": ""2039-11"", ""actual_delivery_share"": 1.0, ""availability_share"": 1.0, ""feasible_t"": 14.166666666666666, ""gross_delivery_t"": 14.166666666666666, ""order_month"": ""2038-11"", ""planned_arrival_month"": ""2039-11"", ""requested_t"": 14.166666666666666, ""shipment_id"": ""S0047"", ""source_id"": ""A"", ""source_name"": ""Earth-Core"", ""unfulfilled_request_t"": 0.0}, {""actual_arrival_month"": ""2039-12"", ""actual_delivery_share"": 1.0, ""availability_share"": 1.0, ""feasible_t"": 14.166666666666666, ""gross_delivery_t"": 14.166666666666666, ""order_month"": ""2038-12"", ""planned_arrival_month"": ""2039-12"", ""requested_t"": 14.166666666666666, ""shipment_id"": ""S0048"", ""source_id"": ""A"", ""source_name"": ""Earth-Core"", ""unfulfilled_request_t"": 0.0}, {""actual_arrival_month"": ""2040-01"", ""actual_delivery_share"": 1.0, ""availability_share"": 1.0, ""feasible_t"": 15.0, ""gross_delivery_t"": 15.0, ""order_month"": ""2039-01"", ""planned_arrival_month"": ""2040-01"", ""requested_t"": 15.0, ""shipment_id"": ""S0049"", ""source_id"": ""A"", ""source_name"": ""Earth-Core"", ""unfulfilled_request_t"": 0.0}, {""actual_arrival_month"": ""2040-02"", ""actual_delivery_share"": 1.0, ""availability_share"": 1.0, ""feasible_t"": 15.0, ""gross_delivery_t"": 15.0, ""order_month"": ""2039-02"", ""planned_arrival_month"": ""2040-02"", ""requested_t"": 15.0, ""shipment_id"": ""S0050"", ""source_id"": ""A"", ""source_name"": ""Earth-Core"", ""unfulfilled_request_t"": 0.0}, {""actual_arrival_month"": ""2040-03"", ""actual_delivery_share"": 1.0, ""availability_share"": 1.0, ""feasible_t"": 15.0, ""gross_delivery_t"": 15.0, ""order_month"": ""2039-03"", ""planned_arrival_month"": ""2040-03"", ""requested_t"": 15.0, ""shipment_id"": ""S0051"", ""source_id"": ""A"", ""source_name"": ""Earth-Core"", ""unfulfilled_request_t"": 0.0}, {""actual_arrival_month"": ""2040-04"", ""actual_delivery_share"": 1.0, ""availability_share"": 1.0, ""feasible_t"": 15.0, ""gross_delivery_t"": 15.0, ""order_month"": ""2039-04"", ""planned_arrival_month"": ""2040-04"", ""requested_t"": 15.0, ""shipment_id"": ""S0052"", ""source_id"": ""A"", ""source_name"": ""Earth-Core"", ""unfulfilled_request_t"": 0.0}, {""actual_arrival_month"": ""2040-05"", ""actual_delivery_share"": 1.0, ""availability_share"": 1.0, ""feasible_t"": 15.0, ""gross_delivery_t"": 15.0, ""order_month"": ""2039-05"", ""planned_arrival_month"": ""2040-05"", ""requested_t"": 15.0, ""shipment_id"": ""S0053"", ""source_id"": ""A"", ""source_name"": ""Earth-Core"", ""unfulfilled_request_t"": 0.0}, {""actual_arrival_month"": ""2040-06"", ""actual_delivery_share"": 1.0, ""availability_share"": 1.0, ""feasible_t"": 15.0, ""gross_delivery_t"": 15.0, ""order_month"": ""2039-06"", ""planned_arrival_month"": ""2040-06"", ""requested_t"": 15.0, ""shipment_id"": ""S0054"", ""source_id"": ""A"", ""source_name"": ""Earth-Core"", ""unfulfilled_request_t"": 0.0}, {""actual_arrival_month"": ""2039-07"", ""actual_delivery_share"": 1.0, ""availability_share"": 1.0, ""feasible_t"": 4.583333333333333, ""gross_delivery_t"": 4.583333333333333, ""order_month"": ""2039-03"", ""planned_arrival_month"": ""2039-07"", ""requested_t"": 4.583333333333333, ""shipment_id"": ""S0123"", ""source_id"": ""B"", ""source_name"": ""Earth-Flex"", ""unfulfilled_request_t"": 0.0}, {""actual_arrival_month"": ""2039-08"", ""actual_delivery_share"": 1.0, ""availability_share"": 1.0, ""feasible_t"": 4.583333333333333, ""gross_delivery_t"": 4.583333333333333, ""order_month"": ""2039-04"", ""planned_arrival_month"": ""2039-08"", ""requested_t"": 4.583333333333333, ""shipment_id"": ""S0124"", ""source_id"": ""B"", ""source_name"": ""Earth-Flex"", ""unfulfilled_request_t"": 0.0}, {""actual_arrival_month"": ""2039-09"", ""actual_delivery_share"": 1.0, ""availability_share"": 1.0, ""feasible_t"": 4.583333333333333, ""gross_delivery_t"": 4.583333333333333, ""order_month"": ""2039-05"", ""planned_arrival_month"": ""2039-09"", ""requested_t"": 4.583333333333333, ""shipment_id"": ""S0125"", ""source_id"": ""B"", ""source_name"": ""Earth-Flex"", ""unfulfilled_request_t"": 0.0}, {""actual_arrival_month"": ""2039-10"", ""actual_delivery_share"": 1.0, ""availability_share"": 1.0, ""feasible_t"": 4.583333333333333, ""gross_delivery_t"": 4.583333333333333, ""order_month"": ""2039-06"", ""planned_arrival_month"": ""2039-10"", ""requested_t"": 4.583333333333333, ""shipment_id"": ""S0126"", ""source_id"": ""B"", ""source_name"": ""Earth-Flex"", ""unfulfilled_request_t"": 0.0}]","{""A"": 14.166666666666666, ""B"": 4.583333333333333, ""C"": 8.75}","{""A"": 14.166666666666666, ""B"": 4.583333333333333, ""C"": 8.75}",27.5,0.33,27.17,27.17,0.0,27.17,20.124999999999996,7.045000000000005,0.0,3.496666666666666,0.0,ZBO,120.0,0.012,"[""ZBO"", ""EARTH_NEW""]",0.0,1.0,[]
2039-07,0.0,30.666666666666668,20.124999999999996,"{""A"": 190.0, ""B"": 80.0, ""C"": 120.0, ""D"": 0, ""E"": 35.0}","{""A"": 15.0, ""B"": 4.583333333333333, ""C"": 8.75}","[{""actual_arrival_month"": ""2039-08"", ""actual_delivery_share"": 1.0, ""availability_share"": 1.0, ""feasible_t"": 14.166666666666666, ""gross_delivery_t"": 14.166666666666666, ""order_month"": ""2038-08"", ""planned_arrival_month"": ""2039-08"", ""requested_t"": 14.166666666666666, ""shipment_id"": ""S0044"", ""source_id"": ""A"", ""source_name"": ""Earth-Core"", ""unfulfilled_request_t"": 0.0}, {""actual_arrival_month"": ""2039-09"", ""actual_delivery_share"": 1.0, ""availability_share"": 1.0, ""feasible_t"": 14.166666666666666, ""gross_delivery_t"": 14.166666666666666, ""order_month"": ""2038-09"", ""planned_arrival_month"": ""2039-09"", ""requested_t"": 14.166666666666666, ""shipment_id"": ""S0045"", ""source_id"": ""A"", ""source_name"": ""Earth-Core"", ""unfulfilled_request_t"": 0.0}, {""actual_arrival_month"": ""2039-10"", ""actual_delivery_share"": 1.0, ""availability_share"": 1.0, ""feasible_t"": 14.166666666666666, ""gross_delivery_t"": 14.166666666666666, ""order_month"": ""2038-10"", ""planned_arrival_month"": ""2039-10"", ""requested_t"": 14.166666666666666, ""shipment_id"": ""S0046"", ""source_id"": ""A"", ""source_name"": ""Earth-Core"", ""unfulfilled_request_t"": 0.0}, {""actual_arrival_month"": ""2039-11"", ""actual_delivery_share"": 1.0, ""availability_share"": 1.0, ""feasible_t"": 14.166666666666666, ""gross_delivery_t"": 14.166666666666666, ""order_month"": ""2038-11"", ""planned_arrival_month"": ""2039-11"", ""requested_t"": 14.166666666666666, ""shipment_id"": ""S0047"", ""source_id"": ""A"", ""source_name"": ""Earth-Core"", ""unfulfilled_request_t"": 0.0}, {""actual_arrival_month"": ""2039-12"", ""actual_delivery_share"": 1.0, ""availability_share"": 1.0, ""feasible_t"": 14.166666666666666, ""gross_delivery_t"": 14.166666666666666, ""order_month"": ""2038-12"", ""planned_arrival_month"": ""2039-12"", ""requested_t"": 14.166666666666666, ""shipment_id"": ""S0048"", ""source_id"": ""A"", ""source_name"": ""Earth-Core"", ""unfulfilled_request_t"": 0.0}, {""actual_arrival_month"": ""2040-01"", ""actual_delivery_share"": 1.0, ""availability_share"": 1.0, ""feasible_t"": 15.0, ""gross_delivery_t"": 15.0, ""order_month"": ""2039-01"", ""planned_arrival_month"": ""2040-01"", ""requested_t"": 15.0, ""shipment_id"": ""S0049"", ""source_id"": ""A"", ""source_name"": ""Earth-Core"", ""unfulfilled_request_t"": 0.0}, {""actual_arrival_month"": ""2040-02"", ""actual_delivery_share"": 1.0, ""availability_share"": 1.0, ""feasible_t"": 15.0, ""gross_delivery_t"": 15.0, ""order_month"": ""2039-02"", ""planned_arrival_month"": ""2040-02"", ""requested_t"": 15.0, ""shipment_id"": ""S0050"", ""source_id"": ""A"", ""source_name"": ""Earth-Core"", ""unfulfilled_request_t"": 0.0}, {""actual_arrival_month"": ""2040-03"", ""actual_delivery_share"": 1.0, ""availability_share"": 1.0, ""feasible_t"": 15.0, ""gross_delivery_t"": 15.0, ""order_month"": ""2039-03"", ""planned_arrival_month"": ""2040-03"", ""requested_t"": 15.0, ""shipment_id"": ""S0051"", ""source_id"": ""A"", ""source_name"": ""Earth-Core"", ""unfulfilled_request_t"": 0.0}, {""actual_arrival_month"": ""2040-04"", ""actual_delivery_share"": 1.0, ""availability_share"": 1.0, ""feasible_t"": 15.0, ""gross_delivery_t"": 15.0, ""order_month"": ""2039-04"", ""planned_arrival_month"": ""2040-04"", ""requested_t"": 15.0, ""shipment_id"": ""S0052"", ""source_id"": ""A"", ""source_name"": ""Earth-Core"", ""unfulfilled_request_t"": 0.0}, {""actual_arrival_month"": ""2040-05"", ""actual_delivery_share"": 1.0, ""availability_share"": 1.0, ""feasible_t"": 15.0, ""gross_delivery_t"": 15.0, ""order_month"": ""2039-05"", ""planned_arrival_month"": ""2040-05"", ""requested_t"": 15.0, ""shipment_id"": ""S0053"", ""source_id"": ""A"", ""source_name"": ""Earth-Core"", ""unfulfilled_request_t"": 0.0}, {""actual_arrival_month"": ""2040-06"", ""actual_delivery_share"": 1.0, ""availability_share"": 1.0, ""feasible_t"": 15.0, ""gross_delivery_t"": 15.0, ""order_month"": ""2039-06"", ""planned_arrival_month"": ""2040-06"", ""requested_t"": 15.0, ""shipment_id"": ""S0054"", ""source_id"": ""A"", ""source_name"": ""Earth-Core"", ""unfulfilled_request_t"": 0.0}, {""actual_arrival_month"": ""2040-07"", ""actual_delivery_share"": 1.0, ""availability_share"": 1.0, ""feasible_t"": 15.0, ""gross_delivery_t"": 15.0, ""order_month"": ""2039-07"", ""planned_arrival_month"": ""2040-07"", ""requested_t"": 15.0, ""shipment_id"": ""S0055"", ""source_id"": ""A"", ""source_name"": ""Earth-Core"", ""unfulfilled_request_t"": 0.0}, {""actual_arrival_month"": ""2039-08"", ""actual_delivery_share"": 1.0, ""availability_share"": 1.0, ""feasible_t"": 4.583333333333333, ""gross_delivery_t"": 4.583333333333333, ""order_month"": ""2039-04"", ""planned_arrival_month"": ""2039-08"", ""requested_t"": 4.583333333333333, ""shipment_id"": ""S0124"", ""source_id"": ""B"", ""source_name"": ""Earth-Flex"", ""unfulfilled_request_t"": 0.0}, {""actual_arrival_month"": ""2039-09"", ""actual_delivery_share"": 1.0, ""availability_share"": 1.0, ""feasible_t"": 4.583333333333333, ""gross_delivery_t"": 4.583333333333333, ""order_month"": ""2039-05"", ""planned_arrival_month"": ""2039-09"", ""requested_t"": 4.583333333333333, ""shipment_id"": ""S0125"", ""source_id"": ""B"", ""source_name"": ""Earth-Flex"", ""unfulfilled_request_t"": 0.0}, {""actual_arrival_month"": ""2039-10"", ""actual_delivery_share"": 1.0, ""availability_share"": 1.0, ""feasible_t"": 4.583333333333333, ""gross_delivery_t"": 4.583333333333333, ""order_month"": ""2039-06"", ""planned_arrival_month"": ""2039-10"", ""requested_t"": 4.583333333333333, ""shipment_id"": ""S0126"", ""source_id"": ""B"", ""source_name"": ""Earth-Flex"", ""unfulfilled_request_t"": 0.0}, {""actual_arrival_month"": ""2039-11"", ""actual_delivery_share"": 1.0, ""availability_share"": 1.0, ""feasible_t"": 4.583333333333333, ""gross_delivery_t"": 4.583333333333333, ""order_month"": ""2039-07"", ""planned_arrival_month"": ""2039-11"", ""requested_t"": 4.583333333333333, ""shipment_id"": ""S0127"", ""source_id"": ""B"", ""source_name"": ""Earth-Flex"", ""unfulfilled_request_t"": 0.0}]","{""A"": 14.166666666666666, ""B"": 4.583333333333333, ""C"": 8.75}","{""A"": 14.166666666666666, ""B"": 4.583333333333333, ""C"": 8.75}",27.5,0.33,27.17,27.17,0.0,27.17,20.124999999999996,7.045000000000005,0.0,3.496666666666666,0.0,ZBO,120.0,0.012,"[""ZBO"", ""EARTH_NEW""]",0.0,1.0,[]
2039-08,0.0,30.666666666666668,20.124999999999996,"{""A"": 190.0, ""B"": 80.0, ""C"": 120.0, ""D"": 0, ""E"": 35.0}","{""A"": 15.0, ""B"": 4.583333333333333, ""C"": 8.75}","[{""actual_arrival_month"": ""2039-09"", ""actual_delivery_share"": 1.0, ""availability_share"": 1.0, ""feasible_t"": 14.166666666666666, ""gross_delivery_t"": 14.166666666666666, ""order_month"": ""2038-09"", ""planned_arrival_month"": ""2039-09"", ""requested_t"": 14.166666666666666, ""shipment_id"": ""S0045"", ""source_id"": ""A"", ""source_name"": ""Earth-Core"", ""unfulfilled_request_t"": 0.0}, {""actual_arrival_month"": ""2039-10"", ""actual_delivery_share"": 1.0, ""availability_share"": 1.0, ""feasible_t"": 14.166666666666666, ""gross_delivery_t"": 14.166666666666666, ""order_month"": ""2038-10"", ""planned_arrival_month"": ""2039-10"", ""requested_t"": 14.166666666666666, ""shipment_id"": ""S0046"", ""source_id"": ""A"", ""source_name"": ""Earth-Core"", ""unfulfilled_request_t"": 0.0}, {""actual_arrival_month"": ""2039-11"", ""actual_delivery_share"": 1.0, ""availability_share"": 1.0, ""feasible_t"": 14.166666666666666, ""gross_delivery_t"": 14.166666666666666, ""order_month"": ""2038-11"", ""planned_arrival_month"": ""2039-11"", ""requested_t"": 14.166666666666666, ""shipment_id"": ""S0047"", ""source_id"": ""A"", ""source_name"": ""Earth-Core"", ""unfulfilled_request_t"": 0.0}, {""actual_arrival_month"": ""2039-12"", ""actual_delivery_share"": 1.0, ""availability_share"": 1.0, ""feasible_t"": 14.166666666666666, ""gross_delivery_t"": 14.166666666666666, ""order_month"": ""2038-12"", ""planned_arrival_month"": ""2039-12"", ""requested_t"": 14.166666666666666, ""shipment_id"": ""S0048"", ""source_id"": ""A"", ""source_name"": ""Earth-Core"", ""unfulfilled_request_t"": 0.0}, {""actual_arrival_month"": ""2040-01"", ""actual_delivery_share"": 1.0, ""availability_share"": 1.0, ""feasible_t"": 15.0, ""gross_delivery_t"": 15.0, ""order_month"": ""2039-01"", ""planned_arrival_month"": ""2040-01"", ""requested_t"": 15.0, ""shipment_id"": ""S0049"", ""source_id"": ""A"", ""source_name"": ""Earth-Core"", ""unfulfilled_request_t"": 0.0}, {""actual_arrival_month"": ""2040-02"", ""actual_delivery_share"": 1.0, ""availability_share"": 1.0, ""feasible_t"": 15.0, ""gross_delivery_t"": 15.0, ""order_month"": ""2039-02"", ""planned_arrival_month"": ""2040-02"", ""requested_t"": 15.0, ""shipment_id"": ""S0050"", ""source_id"": ""A"", ""source_name"": ""Earth-Core"", ""unfulfilled_request_t"": 0.0}, {""actual_arrival_month"": ""2040-03"", ""actual_delivery_share"": 1.0, ""availability_share"": 1.0, ""feasible_t"": 15.0, ""gross_delivery_t"": 15.0, ""order_month"": ""2039-03"", ""planned_arrival_month"": ""2040-03"", ""requested_t"": 15.0, ""shipment_id"": ""S0051"", ""source_id"": ""A"", ""source_name"": ""Earth-Core"", ""unfulfilled_request_t"": 0.0}, {""actual_arrival_month"": ""2040-04"", ""actual_delivery_share"": 1.0, ""availability_share"": 1.0, ""feasible_t"": 15.0, ""gross_delivery_t"": 15.0, ""order_month"": ""2039-04"", ""planned_arrival_month"": ""2040-04"", ""requested_t"": 15.0, ""shipment_id"": ""S0052"", ""source_id"": ""A"", ""source_name"": ""Earth-Core"", ""unfulfilled_request_t"": 0.0}, {""actual_arrival_month"": ""2040-05"", ""actual_delivery_share"": 1.0, ""availability_share"": 1.0, ""feasible_t"": 15.0, ""gross_delivery_t"": 15.0, ""order_month"": ""2039-05"", ""planned_arrival_month"": ""2040-05"", ""requested_t"": 15.0, ""shipment_id"": ""S0053"", ""source_id"": ""A"", ""source_name"": ""Earth-Core"", ""unfulfilled_request_t"": 0.0}, {""actual_arrival_month"": ""2040-06"", ""actual_delivery_share"": 1.0, ""availability_share"": 1.0, ""feasible_t"": 15.0, ""gross_delivery_t"": 15.0, ""order_month"": ""2039-06"", ""planned_arrival_month"": ""2040-06"", ""requested_t"": 15.0, ""shipment_id"": ""S0054"", ""source_id"": ""A"", ""source_name"": ""Earth-Core"", ""unfulfilled_request_t"": 0.0}, {""actual_arrival_month"": ""2040-07"", ""actual_delivery_share"": 1.0, ""availability_share"": 1.0, ""feasible_t"": 15.0, ""gross_delivery_t"": 15.0, ""order_month"": ""2039-07"", ""planned_arrival_month"": ""2040-07"", ""requested_t"": 15.0, ""shipment_id"": ""S0055"", ""source_id"": ""A"", ""source_name"": ""Earth-Core"", ""unfulfilled_request_t"": 0.0}, {""actual_arrival_month"": ""2040-08"", ""actual_delivery_share"": 1.0, ""availability_share"": 1.0, ""feasible_t"": 15.0, ""gross_delivery_t"": 15.0, ""order_month"": ""2039-08"", ""planned_arrival_month"": ""2040-08"", ""requested_t"": 15.0, ""shipment_id"": ""S0056"", ""source_id"": ""A"", ""source_name"": ""Earth-Core"", ""unfulfilled_request_t"": 0.0}, {""actual_arrival_month"": ""2039-09"", ""actual_delivery_share"": 1.0, ""availability_share"": 1.0, ""feasible_t"": 4.583333333333333, ""gross_delivery_t"": 4.583333333333333, ""order_month"": ""2039-05"", ""planned_arrival_month"": ""2039-09"", ""requested_t"": 4.583333333333333, ""shipment_id"": ""S0125"", ""source_id"": ""B"", ""source_name"": ""Earth-Flex"", ""unfulfilled_request_t"": 0.0}, {""actual_arrival_month"": ""2039-10"", ""actual_delivery_share"": 1.0, ""availability_share"": 1.0, ""feasible_t"": 4.583333333333333, ""gross_delivery_t"": 4.583333333333333, ""order_month"": ""2039-06"", ""planned_arrival_month"": ""2039-10"", ""requested_t"": 4.583333333333333, ""shipment_id"": ""S0126"", ""source_id"": ""B"", ""source_name"": ""Earth-Flex"", ""unfulfilled_request_t"": 0.0}, {""actual_arrival_month"": ""2039-11"", ""actual_delivery_share"": 1.0, ""availability_share"": 1.0, ""feasible_t"": 4.583333333333333, ""gross_delivery_t"": 4.583333333333333, ""order_month"": ""2039-07"", ""planned_arrival_month"": ""2039-11"", ""requested_t"": 4.583333333333333, ""shipment_id"": ""S0127"", ""source_id"": ""B"", ""source_name"": ""Earth-Flex"", ""unfulfilled_request_t"": 0.0}, {""actual_arrival_month"": ""2039-12"", ""actual_delivery_share"": 1.0, ""availability_share"": 1.0, ""feasible_t"": 4.583333333333333, ""gross_delivery_t"": 4.583333333333333, ""order_month"": ""2039-08"", ""planned_arrival_month"": ""2039-12"", ""requested_t"": 4.583333333333333, ""shipment_id"": ""S0128"", ""source_id"": ""B"", ""source_name"": ""Earth-Flex"", ""unfulfilled_request_t"": 0.0}]","{""A"": 14.166666666666666, ""B"": 4.583333333333333, ""C"": 8.75}","{""A"": 14.166666666666666, ""B"": 4.583333333333333, ""C"": 8.75}",27.5,0.33,27.17,27.17,0.0,27.17,20.124999999999996,7.045000000000005,0.0,3.496666666666666,0.0,ZBO,120.0,0.012,"[""ZBO"", ""EARTH_NEW""]",0.0,1.0,[]
2039-09,0.0,30.666666666666668,20.124999999999996,"{""A"": 190.0, ""B"": 80.0, ""C"": 120.0, ""D"": 0, ""E"": 35.0}","{""A"": 15.0, ""B"": 4.583333333333333, ""C"": 8.75}","[{""actual_arrival_month"": ""2039-10"", ""actual_delivery_share"": 1.0, ""availability_share"": 1.0, ""feasible_t"": 14.166666666666666, ""gross_delivery_t"": 14.166666666666666, ""order_month"": ""2038-10"", ""planned_arrival_month"": ""2039-10"", ""requested_t"": 14.166666666666666, ""shipment_id"": ""S0046"", ""source_id"": ""A"", ""source_name"": ""Earth-Core"", ""unfulfilled_request_t"": 0.0}, {""actual_arrival_month"": ""2039-11"", ""actual_delivery_share"": 1.0, ""availability_share"": 1.0, ""feasible_t"": 14.166666666666666, ""gross_delivery_t"": 14.166666666666666, ""order_month"": ""2038-11"", ""planned_arrival_month"": ""2039-11"", ""requested_t"": 14.166666666666666, ""shipment_id"": ""S0047"", ""source_id"": ""A"", ""source_name"": ""Earth-Core"", ""unfulfilled_request_t"": 0.0}, {""actual_arrival_month"": ""2039-12"", ""actual_delivery_share"": 1.0, ""availability_share"": 1.0, ""feasible_t"": 14.166666666666666, ""gross_delivery_t"": 14.166666666666666, ""order_month"": ""2038-12"", ""planned_arrival_month"": ""2039-12"", ""requested_t"": 14.166666666666666, ""shipment_id"": ""S0048"", ""source_id"": ""A"", ""source_name"": ""Earth-Core"", ""unfulfilled_request_t"": 0.0}, {""actual_arrival_month"": ""2040-01"", ""actual_delivery_share"": 1.0, ""availability_share"": 1.0, ""feasible_t"": 15.0, ""gross_delivery_t"": 15.0, ""order_month"": ""2039-01"", ""planned_arrival_month"": ""2040-01"", ""requested_t"": 15.0, ""shipment_id"": ""S0049"", ""source_id"": ""A"", ""source_name"": ""Earth-Core"", ""unfulfilled_request_t"": 0.0}, {""actual_arrival_month"": ""2040-02"", ""actual_delivery_share"": 1.0, ""availability_share"": 1.0, ""feasible_t"": 15.0, ""gross_delivery_t"": 15.0, ""order_month"": ""2039-02"", ""planned_arrival_month"": ""2040-02"", ""requested_t"": 15.0, ""shipment_id"": ""S0050"", ""source_id"": ""A"", ""source_name"": ""Earth-Core"", ""unfulfilled_request_t"": 0.0}, {""actual_arrival_month"": ""2040-03"", ""actual_delivery_share"": 1.0, ""availability_share"": 1.0, ""feasible_t"": 15.0, ""gross_delivery_t"": 15.0, ""order_month"": ""2039-03"", ""planned_arrival_month"": ""2040-03"", ""requested_t"": 15.0, ""shipment_id"": ""S0051"", ""source_id"": ""A"", ""source_name"": ""Earth-Core"", ""unfulfilled_request_t"": 0.0}, {""actual_arrival_month"": ""2040-04"", ""actual_delivery_share"": 1.0, ""availability_share"": 1.0, ""feasible_t"": 15.0, ""gross_delivery_t"": 15.0, ""order_month"": ""2039-04"", ""planned_arrival_month"": ""2040-04"", ""requested_t"": 15.0, ""shipment_id"": ""S0052"", ""source_id"": ""A"", ""source_name"": ""Earth-Core"", ""unfulfilled_request_t"": 0.0}, {""actual_arrival_month"": ""2040-05"", ""actual_delivery_share"": 1.0, ""availability_share"": 1.0, ""feasible_t"": 15.0, ""gross_delivery_t"": 15.0, ""order_month"": ""2039-05"", ""planned_arrival_month"": ""2040-05"", ""requested_t"": 15.0, ""shipment_id"": ""S0053"", ""source_id"": ""A"", ""source_name"": ""Earth-Core"", ""unfulfilled_request_t"": 0.0}, {""actual_arrival_month"": ""2040-06"", ""actual_delivery_share"": 1.0, ""availability_share"": 1.0, ""feasible_t"": 15.0, ""gross_delivery_t"": 15.0, ""order_month"": ""2039-06"", ""planned_arrival_month"": ""2040-06"", ""requested_t"": 15.0, ""shipment_id"": ""S0054"", ""source_id"": ""A"", ""source_name"": ""Earth-Core"", ""unfulfilled_request_t"": 0.0}, {""actual_arrival_month"": ""2040-07"", ""actual_delivery_share"": 1.0, ""availability_share"": 1.0, ""feasible_t"": 15.0, ""gross_delivery_t"": 15.0, ""order_month"": ""2039-07"", ""planned_arrival_month"": ""2040-07"", ""requested_t"": 15.0, ""shipment_id"": ""S0055"", ""source_id"": ""A"", ""source_name"": ""Earth-Core"", ""unfulfilled_request_t"": 0.0}, {""actual_arrival_month"": ""2040-08"", ""actual_delivery_share"": 1.0, ""availability_share"": 1.0, ""feasible_t"": 15.0, ""gross_delivery_t"": 15.0, ""order_month"": ""2039-08"", ""planned_arrival_month"": ""2040-08"", ""requested_t"": 15.0, ""shipment_id"": ""S0056"", ""source_id"": ""A"", ""source_name"": ""Earth-Core"", ""unfulfilled_request_t"": 0.0}, {""actual_arrival_month"": ""2040-09"", ""actual_delivery_share"": 1.0, ""availability_share"": 1.0, ""feasible_t"": 15.0, ""gross_delivery_t"": 15.0, ""order_month"": ""2039-09"", ""planned_arrival_month"": ""2040-09"", ""requested_t"": 15.0, ""shipment_id"": ""S0057"", ""source_id"": ""A"", ""source_name"": ""Earth-Core"", ""unfulfilled_request_t"": 0.0}, {""actual_arrival_month"": ""2039-10"", ""actual_delivery_share"": 1.0, ""availability_share"": 1.0, ""feasible_t"": 4.583333333333333, ""gross_delivery_t"": 4.583333333333333, ""order_month"": ""2039-06"", ""planned_arrival_month"": ""2039-10"", ""requested_t"": 4.583333333333333, ""shipment_id"": ""S0126"", ""source_id"": ""B"", ""source_name"": ""Earth-Flex"", ""unfulfilled_request_t"": 0.0}, {""actual_arrival_month"": ""2039-11"", ""actual_delivery_share"": 1.0, ""availability_share"": 1.0, ""feasible_t"": 4.583333333333333, ""gross_delivery_t"": 4.583333333333333, ""order_month"": ""2039-07"", ""planned_arrival_month"": ""2039-11"", ""requested_t"": 4.583333333333333, ""shipment_id"": ""S0127"", ""source_id"": ""B"", ""source_name"": ""Earth-Flex"", ""unfulfilled_request_t"": 0.0}, {""actual_arrival_month"": ""2039-12"", ""actual_delivery_share"": 1.0, ""availability_share"": 1.0, ""feasible_t"": 4.583333333333333, ""gross_delivery_t"": 4.583333333333333, ""order_month"": ""2039-08"", ""planned_arrival_month"": ""2039-12"", ""requested_t"": 4.583333333333333, ""shipment_id"": ""S0128"", ""source_id"": ""B"", ""source_name"": ""Earth-Flex"", ""unfulfilled_request_t"": 0.0}, {""actual_arrival_month"": ""2040-01"", ""actual_delivery_share"": 1.0, ""availability_share"": 1.0, ""feasible_t"": 4.583333333333333, ""gross_delivery_t"": 4.583333333333333, ""order_month"": ""2039-09"", ""planned_arrival_month"": ""2040-01"", ""requested_t"": 4.583333333333333, ""shipment_id"": ""S0129"", ""source_id"": ""B"", ""source_name"": ""Earth-Flex"", ""unfulfilled_request_t"": 0.0}]","{""A"": 14.166666666666666, ""B"": 4.583333333333333, ""C"": 8.75}","{""A"": 14.166666666666666, ""B"": 4.583333333333333, ""C"": 8.75}",27.5,0.33,27.17,27.17,0.0,27.17,20.124999999999996,7.045000000000005,0.0,3.496666666666666,0.0,ZBO,120.0,0.012,"[""ZBO"", ""EARTH_NEW""]",0.0,1.0,[]
2039-10,0.0,30.666666666666668,20.124999999999996,"{""A"": 190.0, ""B"": 80.0, ""C"": 120.0, ""D"": 0, ""E"": 35.0}","{""A"": 15.0, ""B"": 4.583333333333333, ""C"": 8.75}","[{""actual_arrival_month"": ""2039-11"", ""actual_delivery_share"": 1.0, ""availability_share"": 1.0, ""feasible_t"": 14.166666666666666, ""gross_delivery_t"": 14.166666666666666, ""order_month"": ""2038-11"", ""planned_arrival_month"": ""2039-11"", ""requested_t"": 14.166666666666666, ""shipment_id"": ""S0047"", ""source_id"": ""A"", ""source_name"": ""Earth-Core"", ""unfulfilled_request_t"": 0.0}, {""actual_arrival_month"": ""2039-12"", ""actual_delivery_share"": 1.0, ""availability_share"": 1.0, ""feasible_t"": 14.166666666666666, ""gross_delivery_t"": 14.166666666666666, ""order_month"": ""2038-12"", ""planned_arrival_month"": ""2039-12"", ""requested_t"": 14.166666666666666, ""shipment_id"": ""S0048"", ""source_id"": ""A"", ""source_name"": ""Earth-Core"", ""unfulfilled_request_t"": 0.0}, {""actual_arrival_month"": ""2040-01"", ""actual_delivery_share"": 1.0, ""availability_share"": 1.0, ""feasible_t"": 15.0, ""gross_delivery_t"": 15.0, ""order_month"": ""2039-01"", ""planned_arrival_month"": ""2040-01"", ""requested_t"": 15.0, ""shipment_id"": ""S0049"", ""source_id"": ""A"", ""source_name"": ""Earth-Core"", ""unfulfilled_request_t"": 0.0}, {""actual_arrival_month"": ""2040-02"", ""actual_delivery_share"": 1.0, ""availability_share"": 1.0, ""feasible_t"": 15.0, ""gross_delivery_t"": 15.0, ""order_month"": ""2039-02"", ""planned_arrival_month"": ""2040-02"", ""requested_t"": 15.0, ""shipment_id"": ""S0050"", ""source_id"": ""A"", ""source_name"": ""Earth-Core"", ""unfulfilled_request_t"": 0.0}, {""actual_arrival_month"": ""2040-03"", ""actual_delivery_share"": 1.0, ""availability_share"": 1.0, ""feasible_t"": 15.0, ""gross_delivery_t"": 15.0, ""order_month"": ""2039-03"", ""planned_arrival_month"": ""2040-03"", ""requested_t"": 15.0, ""shipment_id"": ""S0051"", ""source_id"": ""A"", ""source_name"": ""Earth-Core"", ""unfulfilled_request_t"": 0.0}, {""actual_arrival_month"": ""2040-04"", ""actual_delivery_share"": 1.0, ""availability_share"": 1.0, ""feasible_t"": 15.0, ""gross_delivery_t"": 15.0, ""order_month"": ""2039-04"", ""planned_arrival_month"": ""2040-04"", ""requested_t"": 15.0, ""shipment_id"": ""S0052"", ""source_id"": ""A"", ""source_name"": ""Earth-Core"", ""unfulfilled_request_t"": 0.0}, {""actual_arrival_month"": ""2040-05"", ""actual_delivery_share"": 1.0, ""availability_share"": 1.0, ""feasible_t"": 15.0, ""gross_delivery_t"": 15.0, ""order_month"": ""2039-05"", ""planned_arrival_month"": ""2040-05"", ""requested_t"": 15.0, ""shipment_id"": ""S0053"", ""source_id"": ""A"", ""source_name"": ""Earth-Core"", ""unfulfilled_request_t"": 0.0}, {""actual_arrival_month"": ""2040-06"", ""actual_delivery_share"": 1.0, ""availability_share"": 1.0, ""feasible_t"": 15.0, ""gross_delivery_t"": 15.0, ""order_month"": ""2039-06"", ""planned_arrival_month"": ""2040-06"", ""requested_t"": 15.0, ""shipment_id"": ""S0054"", ""source_id"": ""A"", ""source_name"": ""Earth-Core"", ""unfulfilled_request_t"": 0.0}, {""actual_arrival_month"": ""2040-07"", ""actual_delivery_share"": 1.0, ""availability_share"": 1.0, ""feasible_t"": 15.0, ""gross_delivery_t"": 15.0, ""order_month"": ""2039-07"", ""planned_arrival_month"": ""2040-07"", ""requested_t"": 15.0, ""shipment_id"": ""S0055"", ""source_id"": ""A"", ""source_name"": ""Earth-Core"", ""unfulfilled_request_t"": 0.0}, {""actual_arrival_month"": ""2040-08"", ""actual_delivery_share"": 1.0, ""availability_share"": 1.0, ""feasible_t"": 15.0, ""gross_delivery_t"": 15.0, ""order_month"": ""2039-08"", ""planned_arrival_month"": ""2040-08"", ""requested_t"": 15.0, ""shipment_id"": ""S0056"", ""source_id"": ""A"", ""source_name"": ""Earth-Core"", ""unfulfilled_request_t"": 0.0}, {""actual_arrival_month"": ""2040-09"", ""actual_delivery_share"": 1.0, ""availability_share"": 1.0, ""feasible_t"": 15.0, ""gross_delivery_t"": 15.0, ""order_month"": ""2039-09"", ""planned_arrival_month"": ""2040-09"", ""requested_t"": 15.0, ""shipment_id"": ""S0057"", ""source_id"": ""A"", ""source_name"": ""Earth-Core"", ""unfulfilled_request_t"": 0.0}, {""actual_arrival_month"": ""2040-10"", ""actual_delivery_share"": 1.0, ""availability_share"": 1.0, ""feasible_t"": 15.0, ""gross_delivery_t"": 15.0, ""order_month"": ""2039-10"", ""planned_arrival_month"": ""2040-10"", ""requested_t"": 15.0, ""shipment_id"": ""S0058"", ""source_id"": ""A"", ""source_name"": ""Earth-Core"", ""unfulfilled_request_t"": 0.0}, {""actual_arrival_month"": ""2039-11"", ""actual_delivery_share"": 1.0, ""availability_share"": 1.0, ""feasible_t"": 4.583333333333333, ""gross_delivery_t"": 4.583333333333333, ""order_month"": ""2039-07"", ""planned_arrival_month"": ""2039-11"", ""requested_t"": 4.583333333333333, ""shipment_id"": ""S0127"", ""source_id"": ""B"", ""source_name"": ""Earth-Flex"", ""unfulfilled_request_t"": 0.0}, {""actual_arrival_month"": ""2039-12"", ""actual_delivery_share"": 1.0, ""availability_share"": 1.0, ""feasible_t"": 4.583333333333333, ""gross_delivery_t"": 4.583333333333333, ""order_month"": ""2039-08"", ""planned_arrival_month"": ""2039-12"", ""requested_t"": 4.583333333333333, ""shipment_id"": ""S0128"", ""source_id"": ""B"", ""source_name"": ""Earth-Flex"", ""unfulfilled_request_t"": 0.0}, {""actual_arrival_month"": ""2040-01"", ""actual_delivery_share"": 1.0, ""availability_share"": 1.0, ""feasible_t"": 4.583333333333333, ""gross_delivery_t"": 4.583333333333333, ""order_month"": ""2039-09"", ""planned_arrival_month"": ""2040-01"", ""requested_t"": 4.583333333333333, ""shipment_id"": ""S0129"", ""source_id"": ""B"", ""source_name"": ""Earth-Flex"", ""unfulfilled_request_t"": 0.0}, {""actual_arrival_month"": ""2040-02"", ""actual_delivery_share"": 1.0, ""availability_share"": 1.0, ""feasible_t"": 4.583333333333333, ""gross_delivery_t"": 4.583333333333333, ""order_month"": ""2039-10"", ""planned_arrival_month"": ""2040-02"", ""requested_t"": 4.583333333333333, ""shipment_id"": ""S0130"", ""source_id"": ""B"", ""source_name"": ""Earth-Flex"", ""unfulfilled_request_t"": 0.0}]","{""A"": 14.166666666666666, ""B"": 4.583333333333333, ""C"": 8.75}","{""A"": 14.166666666666666, ""B"": 4.583333333333333, ""C"": 8.75}",27.5,0.33,27.17,27.17,0.0,27.17,20.124999999999996,7.045000000000005,0.0,3.496666666666666,0.0,ZBO,120.0,0.012,"[""ZBO"", ""EARTH_NEW""]",0.0,1.0,[]
2039-11,0.0,30.666666666666668,20.124999999999996,"{""A"": 190.0, ""B"": 80.0, ""C"": 120.0, ""D"": 0, ""E"": 35.0}","{""A"": 15.0, ""B"": 4.583333333333333, ""C"": 8.75}","[{""actual_arrival_month"": ""2039-12"", ""actual_delivery_share"": 1.0, ""availability_share"": 1.0, ""feasible_t"": 14.166666666666666, ""gross_delivery_t"": 14.166666666666666, ""order_month"": ""2038-12"", ""planned_arrival_month"": ""2039-12"", ""requested_t"": 14.166666666666666, ""shipment_id"": ""S0048"", ""source_id"": ""A"", ""source_name"": ""Earth-Core"", ""unfulfilled_request_t"": 0.0}, {""actual_arrival_month"": ""2040-01"", ""actual_delivery_share"": 1.0, ""availability_share"": 1.0, ""feasible_t"": 15.0, ""gross_delivery_t"": 15.0, ""order_month"": ""2039-01"", ""planned_arrival_month"": ""2040-01"", ""requested_t"": 15.0, ""shipment_id"": ""S0049"", ""source_id"": ""A"", ""source_name"": ""Earth-Core"", ""unfulfilled_request_t"": 0.0}, {""actual_arrival_month"": ""2040-02"", ""actual_delivery_share"": 1.0, ""availability_share"": 1.0, ""feasible_t"": 15.0, ""gross_delivery_t"": 15.0, ""order_month"": ""2039-02"", ""planned_arrival_month"": ""2040-02"", ""requested_t"": 15.0, ""shipment_id"": ""S0050"", ""source_id"": ""A"", ""source_name"": ""Earth-Core"", ""unfulfilled_request_t"": 0.0}, {""actual_arrival_month"": ""2040-03"", ""actual_delivery_share"": 1.0, ""availability_share"": 1.0, ""feasible_t"": 15.0, ""gross_delivery_t"": 15.0, ""order_month"": ""2039-03"", ""planned_arrival_month"": ""2040-03"", ""requested_t"": 15.0, ""shipment_id"": ""S0051"", ""source_id"": ""A"", ""source_name"": ""Earth-Core"", ""unfulfilled_request_t"": 0.0}, {""actual_arrival_month"": ""2040-04"", ""actual_delivery_share"": 1.0, ""availability_share"": 1.0, ""feasible_t"": 15.0, ""gross_delivery_t"": 15.0, ""order_month"": ""2039-04"", ""planned_arrival_month"": ""2040-04"", ""requested_t"": 15.0, ""shipment_id"": ""S0052"", ""source_id"": ""A"", ""source_name"": ""Earth-Core"", ""unfulfilled_request_t"": 0.0}, {""actual_arrival_month"": ""2040-05"", ""actual_delivery_share"": 1.0, ""availability_share"": 1.0, ""feasible_t"": 15.0, ""gross_delivery_t"": 15.0, ""order_month"": ""2039-05"", ""planned_arrival_month"": ""2040-05"", ""requested_t"": 15.0, ""shipment_id"": ""S0053"", ""source_id"": ""A"", ""source_name"": ""Earth-Core"", ""unfulfilled_request_t"": 0.0}, {""actual_arrival_month"": ""2040-06"", ""actual_delivery_share"": 1.0, ""availability_share"": 1.0, ""feasible_t"": 15.0, ""gross_delivery_t"": 15.0, ""order_month"": ""2039-06"", ""planned_arrival_month"": ""2040-06"", ""requested_t"": 15.0, ""shipment_id"": ""S0054"", ""source_id"": ""A"", ""source_name"": ""Earth-Core"", ""unfulfilled_request_t"": 0.0}, {""actual_arrival_month"": ""2040-07"", ""actual_delivery_share"": 1.0, ""availability_share"": 1.0, ""feasible_t"": 15.0, ""gross_delivery_t"": 15.0, ""order_month"": ""2039-07"", ""planned_arrival_month"": ""2040-07"", ""requested_t"": 15.0, ""shipment_id"": ""S0055"", ""source_id"": ""A"", ""source_name"": ""Earth-Core"", ""unfulfilled_request_t"": 0.0}, {""actual_arrival_month"": ""2040-08"", ""actual_delivery_share"": 1.0, ""availability_share"": 1.0, ""feasible_t"": 15.0, ""gross_delivery_t"": 15.0, ""order_month"": ""2039-08"", ""planned_arrival_month"": ""2040-08"", ""requested_t"": 15.0, ""shipment_id"": ""S0056"", ""source_id"": ""A"", ""source_name"": ""Earth-Core"", ""unfulfilled_request_t"": 0.0}, {""actual_arrival_month"": ""2040-09"", ""actual_delivery_share"": 1.0, ""availability_share"": 1.0, ""feasible_t"": 15.0, ""gross_delivery_t"": 15.0, ""order_month"": ""2039-09"", ""planned_arrival_month"": ""2040-09"", ""requested_t"": 15.0, ""shipment_id"": ""S0057"", ""source_id"": ""A"", ""source_name"": ""Earth-Core"", ""unfulfilled_request_t"": 0.0}, {""actual_arrival_month"": ""2040-10"", ""actual_delivery_share"": 1.0, ""availability_share"": 1.0, ""feasible_t"": 15.0, ""gross_delivery_t"": 15.0, ""order_month"": ""2039-10"", ""planned_arrival_month"": ""2040-10"", ""requested_t"": 15.0, ""shipment_id"": ""S0058"", ""source_id"": ""A"", ""source_name"": ""Earth-Core"", ""unfulfilled_request_t"": 0.0}, {""actual_arrival_month"": ""2040-11"", ""actual_delivery_share"": 1.0, ""availability_share"": 1.0, ""feasible_t"": 15.0, ""gross_delivery_t"": 15.0, ""order_month"": ""2039-11"", ""planned_arrival_month"": ""2040-11"", ""requested_t"": 15.0, ""shipment_id"": ""S0059"", ""source_id"": ""A"", ""source_name"": ""Earth-Core"", ""unfulfilled_request_t"": 0.0}, {""actual_arrival_month"": ""2039-12"", ""actual_delivery_share"": 1.0, ""availability_share"": 1.0, ""feasible_t"": 4.583333333333333, ""gross_delivery_t"": 4.583333333333333, ""order_month"": ""2039-08"", ""planned_arrival_month"": ""2039-12"", ""requested_t"": 4.583333333333333, ""shipment_id"": ""S0128"", ""source_id"": ""B"", ""source_name"": ""Earth-Flex"", ""unfulfilled_request_t"": 0.0}, {""actual_arrival_month"": ""2040-01"", ""actual_delivery_share"": 1.0, ""availability_share"": 1.0, ""feasible_t"": 4.583333333333333, ""gross_delivery_t"": 4.583333333333333, ""order_month"": ""2039-09"", ""planned_arrival_month"": ""2040-01"", ""requested_t"": 4.583333333333333, ""shipment_id"": ""S0129"", ""source_id"": ""B"", ""source_name"": ""Earth-Flex"", ""unfulfilled_request_t"": 0.0}, {""actual_arrival_month"": ""2040-02"", ""actual_delivery_share"": 1.0, ""availability_share"": 1.0, ""feasible_t"": 4.583333333333333, ""gross_delivery_t"": 4.583333333333333, ""order_month"": ""2039-10"", ""planned_arrival_month"": ""2040-02"", ""requested_t"": 4.583333333333333, ""shipment_id"": ""S0130"", ""source_id"": ""B"", ""source_name"": ""Earth-Flex"", ""unfulfilled_request_t"": 0.0}, {""actual_arrival_month"": ""2040-03"", ""actual_delivery_share"": 1.0, ""availability_share"": 1.0, ""feasible_t"": 4.583333333333333, ""gross_delivery_t"": 4.583333333333333, ""order_month"": ""2039-11"", ""planned_arrival_month"": ""2040-03"", ""requested_t"": 4.583333333333333, ""shipment_id"": ""S0131"", ""source_id"": ""B"", ""source_name"": ""Earth-Flex"", ""unfulfilled_request_t"": 0.0}]","{""A"": 14.166666666666666, ""B"": 4.583333333333333, ""C"": 8.75}","{""A"": 14.166666666666666, ""B"": 4.583333333333333, ""C"": 8.75}",27.5,0.33,27.17,27.17,0.0,27.17,20.124999999999996,7.045000000000005,0.0,3.496666666666666,0.0,ZBO,120.0,0.012,"[""ZBO"", ""EARTH_NEW""]",0.0,1.0,[]
2039-12,0.0,30.666666666666668,20.124999999999996,"{""A"": 190.0, ""B"": 80.0, ""C"": 120.0, ""D"": 0, ""E"": 35.0}","{""A"": 15.0, ""B"": 4.583333333333333, ""C"": 8.75}","[{""actual_arrival_month"": ""2040-01"", ""actual_delivery_share"": 1.0, ""availability_share"": 1.0, ""feasible_t"": 15.0, ""gross_delivery_t"": 15.0, ""order_month"": ""2039-01"", ""planned_arrival_month"": ""2040-01"", ""requested_t"": 15.0, ""shipment_id"": ""S0049"", ""source_id"": ""A"", ""source_name"": ""Earth-Core"", ""unfulfilled_request_t"": 0.0}, {""actual_arrival_month"": ""2040-02"", ""actual_delivery_share"": 1.0, ""availability_share"": 1.0, ""feasible_t"": 15.0, ""gross_delivery_t"": 15.0, ""order_month"": ""2039-02"", ""planned_arrival_month"": ""2040-02"", ""requested_t"": 15.0, ""shipment_id"": ""S0050"", ""source_id"": ""A"", ""source_name"": ""Earth-Core"", ""unfulfilled_request_t"": 0.0}, {""actual_arrival_month"": ""2040-03"", ""actual_delivery_share"": 1.0, ""availability_share"": 1.0, ""feasible_t"": 15.0, ""gross_delivery_t"": 15.0, ""order_month"": ""2039-03"", ""planned_arrival_month"": ""2040-03"", ""requested_t"": 15.0, ""shipment_id"": ""S0051"", ""source_id"": ""A"", ""source_name"": ""Earth-Core"", ""unfulfilled_request_t"": 0.0}, {""actual_arrival_month"": ""2040-04"", ""actual_delivery_share"": 1.0, ""availability_share"": 1.0, ""feasible_t"": 15.0, ""gross_delivery_t"": 15.0, ""order_month"": ""2039-04"", ""planned_arrival_month"": ""2040-04"", ""requested_t"": 15.0, ""shipment_id"": ""S0052"", ""source_id"": ""A"", ""source_name"": ""Earth-Core"", ""unfulfilled_request_t"": 0.0}, {""actual_arrival_month"": ""2040-05"", ""actual_delivery_share"": 1.0, ""availability_share"": 1.0, ""feasible_t"": 15.0, ""gross_delivery_t"": 15.0, ""order_month"": ""2039-05"", ""planned_arrival_month"": ""2040-05"", ""requested_t"": 15.0, ""shipment_id"": ""S0053"", ""source_id"": ""A"", ""source_name"": ""Earth-Core"", ""unfulfilled_request_t"": 0.0}, {""actual_arrival_month"": ""2040-06"", ""actual_delivery_share"": 1.0, ""availability_share"": 1.0, ""feasible_t"": 15.0, ""gross_delivery_t"": 15.0, ""order_month"": ""2039-06"", ""planned_arrival_month"": ""2040-06"", ""requested_t"": 15.0, ""shipment_id"": ""S0054"", ""source_id"": ""A"", ""source_name"": ""Earth-Core"", ""unfulfilled_request_t"": 0.0}, {""actual_arrival_month"": ""2040-07"", ""actual_delivery_share"": 1.0, ""availability_share"": 1.0, ""feasible_t"": 15.0, ""gross_delivery_t"": 15.0, ""order_month"": ""2039-07"", ""planned_arrival_month"": ""2040-07"", ""requested_t"": 15.0, ""shipment_id"": ""S0055"", ""source_id"": ""A"", ""source_name"": ""Earth-Core"", ""unfulfilled_request_t"": 0.0}, {""actual_arrival_month"": ""2040-08"", ""actual_delivery_share"": 1.0, ""availability_share"": 1.0, ""feasible_t"": 15.0, ""gross_delivery_t"": 15.0, ""order_month"": ""2039-08"", ""planned_arrival_month"": ""2040-08"", ""requested_t"": 15.0, ""shipment_id"": ""S0056"", ""source_id"": ""A"", ""source_name"": ""Earth-Core"", ""unfulfilled_request_t"": 0.0}, {""actual_arrival_month"": ""2040-09"", ""actual_delivery_share"": 1.0, ""availability_share"": 1.0, ""feasible_t"": 15.0, ""gross_delivery_t"": 15.0, ""order_month"": ""2039-09"", ""planned_arrival_month"": ""2040-09"", ""requested_t"": 15.0, ""shipment_id"": ""S0057"", ""source_id"": ""A"", ""source_name"": ""Earth-Core"", ""unfulfilled_request_t"": 0.0}, {""actual_arrival_month"": ""2040-10"", ""actual_delivery_share"": 1.0, ""availability_share"": 1.0, ""feasible_t"": 15.0, ""gross_delivery_t"": 15.0, ""order_month"": ""2039-10"", ""planned_arrival_month"": ""2040-10"", ""requested_t"": 15.0, ""shipment_id"": ""S0058"", ""source_id"": ""A"", ""source_name"": ""Earth-Core"", ""unfulfilled_request_t"": 0.0}, {""actual_arrival_month"": ""2040-11"", ""actual_delivery_share"": 1.0, ""availability_share"": 1.0, ""feasible_t"": 15.0, ""gross_delivery_t"": 15.0, ""order_month"": ""2039-11"", ""planned_arrival_month"": ""2040-11"", ""requested_t"": 15.0, ""shipment_id"": ""S0059"", ""source_id"": ""A"", ""source_name"": ""Earth-Core"", ""unfulfilled_request_t"": 0.0}, {""actual_arrival_month"": ""2040-12"", ""actual_delivery_share"": 1.0, ""availability_share"": 1.0, ""feasible_t"": 15.0, ""gross_delivery_t"": 15.0, ""order_month"": ""2039-12"", ""planned_arrival_month"": ""2040-12"", ""requested_t"": 15.0, ""shipment_id"": ""S0060"", ""source_id"": ""A"", ""source_name"": ""Earth-Core"", ""unfulfilled_request_t"": 0.0}, {""actual_arrival_month"": ""2040-01"", ""actual_delivery_share"": 1.0, ""availability_share"": 1.0, ""feasible_t"": 4.583333333333333, ""gross_delivery_t"": 4.583333333333333, ""order_month"": ""2039-09"", ""planned_arrival_month"": ""2040-01"", ""requested_t"": 4.583333333333333, ""shipment_id"": ""S0129"", ""source_id"": ""B"", ""source_name"": ""Earth-Flex"", ""unfulfilled_request_t"": 0.0}, {""actual_arrival_month"": ""2040-02"", ""actual_delivery_share"": 1.0, ""availability_share"": 1.0, ""feasible_t"": 4.583333333333333, ""gross_delivery_t"": 4.583333333333333, ""order_month"": ""2039-10"", ""planned_arrival_month"": ""2040-02"", ""requested_t"": 4.583333333333333, ""shipment_id"": ""S0130"", ""source_id"": ""B"", ""source_name"": ""Earth-Flex"", ""unfulfilled_request_t"": 0.0}, {""actual_arrival_month"": ""2040-03"", ""actual_delivery_share"": 1.0, ""availability_share"": 1.0, ""feasible_t"": 4.583333333333333, ""gross_delivery_t"": 4.583333333333333, ""order_month"": ""2039-11"", ""planned_arrival_month"": ""2040-03"", ""requested_t"": 4.583333333333333, ""shipment_id"": ""S0131"", ""source_id"": ""B"", ""source_name"": ""Earth-Flex"", ""unfulfilled_request_t"": 0.0}, {""actual_arrival_month"": ""2040-04"", ""actual_delivery_share"": 1.0, ""availability_share"": 1.0, ""feasible_t"": 4.583333333333333, ""gross_delivery_t"": 4.583333333333333, ""order_month"": ""2039-12"", ""planned_arrival_month"": ""2040-04"", ""requested_t"": 4.583333333333333, ""shipment_id"": ""S0132"", ""source_id"": ""B"", ""source_name"": ""Earth-Flex"", ""unfulfilled_request_t"": 0.0}]","{""A"": 14.166666666666666, ""B"": 4.583333333333333, ""C"": 8.75}","{""A"": 14.166666666666666, ""B"": 4.583333333333333, ""C"": 8.75}",27.5,0.33,27.17,27.17,0.0,27.17,20.124999999999996,7.045000000000005,0.0,3.496666666666666,0.0,ZBO,120.0,0.012,"[""ZBO"", ""EARTH_NEW""]",0.0,1.0,[]
2040-01,0.0,37.37499999999999,23.958333333333332,"{""A"": 190.0, ""B"": 100.0, ""C"": 130.0, ""D"": 0, ""E"": 40.0}","{""A"": 15.416666666666666, ""B"": 6.666666666666667, ""C"": 10.416666666666666}","[{""actual_arrival_month"": ""2040-02"", ""actual_delivery_share"": 1.0, ""availability_share"": 1.0, ""feasible_t"": 15.0, ""gross_delivery_t"": 15.0, ""order_month"": ""2039-02"", ""planned_arrival_month"": ""2040-02"", ""requested_t"": 15.0, ""shipment_id"": ""S0050"", ""source_id"": ""A"", ""source_name"": ""Earth-Core"", ""unfulfilled_request_t"": 0.0}, {""actual_arrival_month"": ""2040-03"", ""actual_delivery_share"": 1.0, ""availability_share"": 1.0, ""feasible_t"": 15.0, ""gross_delivery_t"": 15.0, ""order_month"": ""2039-03"", ""planned_arrival_month"": ""2040-03"", ""requested_t"": 15.0, ""shipment_id"": ""S0051"", ""source_id"": ""A"", ""source_name"": ""Earth-Core"", ""unfulfilled_request_t"": 0.0}, {""actual_arrival_month"": ""2040-04"", ""actual_delivery_share"": 1.0, ""availability_share"": 1.0, ""feasible_t"": 15.0, ""gross_delivery_t"": 15.0, ""order_month"": ""2039-04"", ""planned_arrival_month"": ""2040-04"", ""requested_t"": 15.0, ""shipment_id"": ""S0052"", ""source_id"": ""A"", ""source_name"": ""Earth-Core"", ""unfulfilled_request_t"": 0.0}, {""actual_arrival_month"": ""2040-05"", ""actual_delivery_share"": 1.0, ""availability_share"": 1.0, ""feasible_t"": 15.0, ""gross_delivery_t"": 15.0, ""order_month"": ""2039-05"", ""planned_arrival_month"": ""2040-05"", ""requested_t"": 15.0, ""shipment_id"": ""S0053"", ""source_id"": ""A"", ""source_name"": ""Earth-Core"", ""unfulfilled_request_t"": 0.0}, {""actual_arrival_month"": ""2040-06"", ""actual_delivery_share"": 1.0, ""availability_share"": 1.0, ""feasible_t"": 15.0, ""gross_delivery_t"": 15.0, ""order_month"": ""2039-06"", ""planned_arrival_month"": ""2040-06"", ""requested_t"": 15.0, ""shipment_id"": ""S0054"", ""source_id"": ""A"", ""source_name"": ""Earth-Core"", ""unfulfilled_request_t"": 0.0}, {""actual_arrival_month"": ""2040-07"", ""actual_delivery_share"": 1.0, ""availability_share"": 1.0, ""feasible_t"": 15.0, ""gross_delivery_t"": 15.0, ""order_month"": ""2039-07"", ""planned_arrival_month"": ""2040-07"", ""requested_t"": 15.0, ""shipment_id"": ""S0055"", ""source_id"": ""A"", ""source_name"": ""Earth-Core"", ""unfulfilled_request_t"": 0.0}, {""actual_arrival_month"": ""2040-08"", ""actual_delivery_share"": 1.0, ""availability_share"": 1.0, ""feasible_t"": 15.0, ""gross_delivery_t"": 15.0, ""order_month"": ""2039-08"", ""planned_arrival_month"": ""2040-08"", ""requested_t"": 15.0, ""shipment_id"": ""S0056"", ""source_id"": ""A"", ""source_name"": ""Earth-Core"", ""unfulfilled_request_t"": 0.0}, {""actual_arrival_month"": ""2040-09"", ""actual_delivery_share"": 1.0, ""availability_share"": 1.0, ""feasible_t"": 15.0, ""gross_delivery_t"": 15.0, ""order_month"": ""2039-09"", ""planned_arrival_month"": ""2040-09"", ""requested_t"": 15.0, ""shipment_id"": ""S0057"", ""source_id"": ""A"", ""source_name"": ""Earth-Core"", ""unfulfilled_request_t"": 0.0}, {""actual_arrival_month"": ""2040-10"", ""actual_delivery_share"": 1.0, ""availability_share"": 1.0, ""feasible_t"": 15.0, ""gross_delivery_t"": 15.0, ""order_month"": ""2039-10"", ""planned_arrival_month"": ""2040-10"", ""requested_t"": 15.0, ""shipment_id"": ""S0058"", ""source_id"": ""A"", ""source_name"": ""Earth-Core"", ""unfulfilled_request_t"": 0.0}, {""actual_arrival_month"": ""2040-11"", ""actual_delivery_share"": 1.0, ""availability_share"": 1.0, ""feasible_t"": 15.0, ""gross_delivery_t"": 15.0, ""order_month"": ""2039-11"", ""planned_arrival_month"": ""2040-11"", ""requested_t"": 15.0, ""shipment_id"": ""S0059"", ""source_id"": ""A"", ""source_name"": ""Earth-Core"", ""unfulfilled_request_t"": 0.0}, {""actual_arrival_month"": ""2040-12"", ""actual_delivery_share"": 1.0, ""availability_share"": 1.0, ""feasible_t"": 15.0, ""gross_delivery_t"": 15.0, ""order_month"": ""2039-12"", ""planned_arrival_month"": ""2040-12"", ""requested_t"": 15.0, ""shipment_id"": ""S0060"", ""source_id"": ""A"", ""source_name"": ""Earth-Core"", ""unfulfilled_request_t"": 0.0}, {""actual_arrival_month"": ""2041-01"", ""actual_delivery_share"": 1.0, ""availability_share"": 1.0, ""feasible_t"": 15.416666666666666, ""gross_delivery_t"": 15.416666666666666, ""order_month"": ""2040-01"", ""planned_arrival_month"": ""2041-01"", ""requested_t"": 15.416666666666666, ""shipment_id"": ""S0061"", ""source_id"": ""A"", ""source_name"": ""Earth-Core"", ""unfulfilled_request_t"": 0.0}, {""actual_arrival_month"": ""2040-02"", ""actual_delivery_share"": 1.0, ""availability_share"": 1.0, ""feasible_t"": 4.583333333333333, ""gross_delivery_t"": 4.583333333333333, ""order_month"": ""2039-10"", ""planned_arrival_month"": ""2040-02"", ""requested_t"": 4.583333333333333, ""shipment_id"": ""S0130"", ""source_id"": ""B"", ""source_name"": ""Earth-Flex"", ""unfulfilled_request_t"": 0.0}, {""actual_arrival_month"": ""2040-03"", ""actual_delivery_share"": 1.0, ""availability_share"": 1.0, ""feasible_t"": 4.583333333333333, ""gross_delivery_t"": 4.583333333333333, ""order_month"": ""2039-11"", ""planned_arrival_month"": ""2040-03"", ""requested_t"": 4.583333333333333, ""shipment_id"": ""S0131"", ""source_id"": ""B"", ""source_name"": ""Earth-Flex"", ""unfulfilled_request_t"": 0.0}, {""actual_arrival_month"": ""2040-04"", ""actual_delivery_share"": 1.0, ""availability_share"": 1.0, ""feasible_t"": 4.583333333333333, ""gross_delivery_t"": 4.583333333333333, ""order_month"": ""2039-12"", ""planned_arrival_month"": ""2040-04"", ""requested_t"": 4.583333333333333, ""shipment_id"": ""S0132"", ""source_id"": ""B"", ""source_name"": ""Earth-Flex"", ""unfulfilled_request_t"": 0.0}, {""actual_arrival_month"": ""2040-05"", ""actual_delivery_share"": 1.0, ""availability_share"": 1.0, ""feasible_t"": 6.666666666666667, ""gross_delivery_t"": 6.666666666666667, ""order_month"": ""2040-01"", ""planned_arrival_month"": ""2040-05"", ""requested_t"": 6.666666666666667, ""shipment_id"": ""S0133"", ""source_id"": ""B"", ""source_name"": ""Earth-Flex"", ""unfulfilled_request_t"": 0.0}]","{""A"": 15.0, ""B"": 4.583333333333333, ""C"": 10.416666666666666}","{""A"": 15.0, ""B"": 4.583333333333333, ""C"": 10.416666666666666}",30.0,0.36,29.64,29.64,0.0,29.64,23.958333333333332,5.681666666666668,0.0,7.734999999999992,0.0,ZBO,120.0,0.012,"[""ZBO"", ""EARTH_NEW""]",0.0,1.0,"[""RESERVE_45D""]"
2040-02,0.0,37.37499999999999,23.958333333333332,"{""A"": 190.0, ""B"": 100.0, ""C"": 130.0, ""D"": 0, ""E"": 40.0}","{""A"": 15.416666666666666, ""B"": 6.666666666666667, ""C"": 10.416666666666666}","[{""actual_arrival_month"": ""2040-03"", ""actual_delivery_share"": 1.0, ""availability_share"": 1.0, ""feasible_t"": 15.0, ""gross_delivery_t"": 15.0, ""order_month"": ""2039-03"", ""planned_arrival_month"": ""2040-03"", ""requested_t"": 15.0, ""shipment_id"": ""S0051"", ""source_id"": ""A"", ""source_name"": ""Earth-Core"", ""unfulfilled_request_t"": 0.0}, {""actual_arrival_month"": ""2040-04"", ""actual_delivery_share"": 1.0, ""availability_share"": 1.0, ""feasible_t"": 15.0, ""gross_delivery_t"": 15.0, ""order_month"": ""2039-04"", ""planned_arrival_month"": ""2040-04"", ""requested_t"": 15.0, ""shipment_id"": ""S0052"", ""source_id"": ""A"", ""source_name"": ""Earth-Core"", ""unfulfilled_request_t"": 0.0}, {""actual_arrival_month"": ""2040-05"", ""actual_delivery_share"": 1.0, ""availability_share"": 1.0, ""feasible_t"": 15.0, ""gross_delivery_t"": 15.0, ""order_month"": ""2039-05"", ""planned_arrival_month"": ""2040-05"", ""requested_t"": 15.0, ""shipment_id"": ""S0053"", ""source_id"": ""A"", ""source_name"": ""Earth-Core"", ""unfulfilled_request_t"": 0.0}, {""actual_arrival_month"": ""2040-06"", ""actual_delivery_share"": 1.0, ""availability_share"": 1.0, ""feasible_t"": 15.0, ""gross_delivery_t"": 15.0, ""order_month"": ""2039-06"", ""planned_arrival_month"": ""2040-06"", ""requested_t"": 15.0, ""shipment_id"": ""S0054"", ""source_id"": ""A"", ""source_name"": ""Earth-Core"", ""unfulfilled_request_t"": 0.0}, {""actual_arrival_month"": ""2040-07"", ""actual_delivery_share"": 1.0, ""availability_share"": 1.0, ""feasible_t"": 15.0, ""gross_delivery_t"": 15.0, ""order_month"": ""2039-07"", ""planned_arrival_month"": ""2040-07"", ""requested_t"": 15.0, ""shipment_id"": ""S0055"", ""source_id"": ""A"", ""source_name"": ""Earth-Core"", ""unfulfilled_request_t"": 0.0}, {""actual_arrival_month"": ""2040-08"", ""actual_delivery_share"": 1.0, ""availability_share"": 1.0, ""feasible_t"": 15.0, ""gross_delivery_t"": 15.0, ""order_month"": ""2039-08"", ""planned_arrival_month"": ""2040-08"", ""requested_t"": 15.0, ""shipment_id"": ""S0056"", ""source_id"": ""A"", ""source_name"": ""Earth-Core"", ""unfulfilled_request_t"": 0.0}, {""actual_arrival_month"": ""2040-09"", ""actual_delivery_share"": 1.0, ""availability_share"": 1.0, ""feasible_t"": 15.0, ""gross_delivery_t"": 15.0, ""order_month"": ""2039-09"", ""planned_arrival_month"": ""2040-09"", ""requested_t"": 15.0, ""shipment_id"": ""S0057"", ""source_id"": ""A"", ""source_name"": ""Earth-Core"", ""unfulfilled_request_t"": 0.0}, {""actual_arrival_month"": ""2040-10"", ""actual_delivery_share"": 1.0, ""availability_share"": 1.0, ""feasible_t"": 15.0, ""gross_delivery_t"": 15.0, ""order_month"": ""2039-10"", ""planned_arrival_month"": ""2040-10"", ""requested_t"": 15.0, ""shipment_id"": ""S0058"", ""source_id"": ""A"", ""source_name"": ""Earth-Core"", ""unfulfilled_request_t"": 0.0}, {""actual_arrival_month"": ""2040-11"", ""actual_delivery_share"": 1.0, ""availability_share"": 1.0, ""feasible_t"": 15.0, ""gross_delivery_t"": 15.0, ""order_month"": ""2039-11"", ""planned_arrival_month"": ""2040-11"", ""requested_t"": 15.0, ""shipment_id"": ""S0059"", ""source_id"": ""A"", ""source_name"": ""Earth-Core"", ""unfulfilled_request_t"": 0.0}, {""actual_arrival_month"": ""2040-12"", ""actual_delivery_share"": 1.0, ""availability_share"": 1.0, ""feasible_t"": 15.0, ""gross_delivery_t"": 15.0, ""order_month"": ""2039-12"", ""planned_arrival_month"": ""2040-12"", ""requested_t"": 15.0, ""shipment_id"": ""S0060"", ""source_id"": ""A"", ""source_name"": ""Earth-Core"", ""unfulfilled_request_t"": 0.0}, {""actual_arrival_month"": ""2041-01"", ""actual_delivery_share"": 1.0, ""availability_share"": 1.0, ""feasible_t"": 15.416666666666666, ""gross_delivery_t"": 15.416666666666666, ""order_month"": ""2040-01"", ""planned_arrival_month"": ""2041-01"", ""requested_t"": 15.416666666666666, ""shipment_id"": ""S0061"", ""source_id"": ""A"", ""source_name"": ""Earth-Core"", ""unfulfilled_request_t"": 0.0}, {""actual_arrival_month"": ""2041-02"", ""actual_delivery_share"": 1.0, ""availability_share"": 1.0, ""feasible_t"": 15.416666666666666, ""gross_delivery_t"": 15.416666666666666, ""order_month"": ""2040-02"", ""planned_arrival_month"": ""2041-02"", ""requested_t"": 15.416666666666666, ""shipment_id"": ""S0062"", ""source_id"": ""A"", ""source_name"": ""Earth-Core"", ""unfulfilled_request_t"": 0.0}, {""actual_arrival_month"": ""2040-03"", ""actual_delivery_share"": 1.0, ""availability_share"": 1.0, ""feasible_t"": 4.583333333333333, ""gross_delivery_t"": 4.583333333333333, ""order_month"": ""2039-11"", ""planned_arrival_month"": ""2040-03"", ""requested_t"": 4.583333333333333, ""shipment_id"": ""S0131"", ""source_id"": ""B"", ""source_name"": ""Earth-Flex"", ""unfulfilled_request_t"": 0.0}, {""actual_arrival_month"": ""2040-04"", ""actual_delivery_share"": 1.0, ""availability_share"": 1.0, ""feasible_t"": 4.583333333333333, ""gross_delivery_t"": 4.583333333333333, ""order_month"": ""2039-12"", ""planned_arrival_month"": ""2040-04"", ""requested_t"": 4.583333333333333, ""shipment_id"": ""S0132"", ""source_id"": ""B"", ""source_name"": ""Earth-Flex"", ""unfulfilled_request_t"": 0.0}, {""actual_arrival_month"": ""2040-05"", ""actual_delivery_share"": 1.0, ""availability_share"": 1.0, ""feasible_t"": 6.666666666666667, ""gross_delivery_t"": 6.666666666666667, ""order_month"": ""2040-01"", ""planned_arrival_month"": ""2040-05"", ""requested_t"": 6.666666666666667, ""shipment_id"": ""S0133"", ""source_id"": ""B"", ""source_name"": ""Earth-Flex"", ""unfulfilled_request_t"": 0.0}, {""actual_arrival_month"": ""2040-06"", ""actual_delivery_share"": 1.0, ""availability_share"": 1.0, ""feasible_t"": 6.666666666666667, ""gross_delivery_t"": 6.666666666666667, ""order_month"": ""2040-02"", ""planned_arrival_month"": ""2040-06"", ""requested_t"": 6.666666666666667, ""shipment_id"": ""S0134"", ""source_id"": ""B"", ""source_name"": ""Earth-Flex"", ""unfulfilled_request_t"": 0.0}]","{""A"": 15.0, ""B"": 4.583333333333333, ""C"": 10.416666666666666}","{""A"": 15.0, ""B"": 4.583333333333333, ""C"": 10.416666666666666}",30.0,0.36,29.64,29.64,0.0,29.64,23.958333333333332,5.681666666666668,0.0,7.734999999999992,0.0,ZBO,120.0,0.012,"[""ZBO"", ""EARTH_NEW""]",0.0,1.0,[]
2040-03,0.0,37.37499999999999,23.958333333333332,"{""A"": 190.0, ""B"": 100.0, ""C"": 130.0, ""D"": 0, ""E"": 40.0}","{""A"": 15.416666666666666, ""B"": 6.666666666666667, ""C"": 10.416666666666666}","[{""actual_arrival_month"": ""2040-04"", ""actual_delivery_share"": 1.0, ""availability_share"": 1.0, ""feasible_t"": 15.0, ""gross_delivery_t"": 15.0, ""order_month"": ""2039-04"", ""planned_arrival_month"": ""2040-04"", ""requested_t"": 15.0, ""shipment_id"": ""S0052"", ""source_id"": ""A"", ""source_name"": ""Earth-Core"", ""unfulfilled_request_t"": 0.0}, {""actual_arrival_month"": ""2040-05"", ""actual_delivery_share"": 1.0, ""availability_share"": 1.0, ""feasible_t"": 15.0, ""gross_delivery_t"": 15.0, ""order_month"": ""2039-05"", ""planned_arrival_month"": ""2040-05"", ""requested_t"": 15.0, ""shipment_id"": ""S0053"", ""source_id"": ""A"", ""source_name"": ""Earth-Core"", ""unfulfilled_request_t"": 0.0}, {""actual_arrival_month"": ""2040-06"", ""actual_delivery_share"": 1.0, ""availability_share"": 1.0, ""feasible_t"": 15.0, ""gross_delivery_t"": 15.0, ""order_month"": ""2039-06"", ""planned_arrival_month"": ""2040-06"", ""requested_t"": 15.0, ""shipment_id"": ""S0054"", ""source_id"": ""A"", ""source_name"": ""Earth-Core"", ""unfulfilled_request_t"": 0.0}, {""actual_arrival_month"": ""2040-07"", ""actual_delivery_share"": 1.0, ""availability_share"": 1.0, ""feasible_t"": 15.0, ""gross_delivery_t"": 15.0, ""order_month"": ""2039-07"", ""planned_arrival_month"": ""2040-07"", ""requested_t"": 15.0, ""shipment_id"": ""S0055"", ""source_id"": ""A"", ""source_name"": ""Earth-Core"", ""unfulfilled_request_t"": 0.0}, {""actual_arrival_month"": ""2040-08"", ""actual_delivery_share"": 1.0, ""availability_share"": 1.0, ""feasible_t"": 15.0, ""gross_delivery_t"": 15.0, ""order_month"": ""2039-08"", ""planned_arrival_month"": ""2040-08"", ""requested_t"": 15.0, ""shipment_id"": ""S0056"", ""source_id"": ""A"", ""source_name"": ""Earth-Core"", ""unfulfilled_request_t"": 0.0}, {""actual_arrival_month"": ""2040-09"", ""actual_delivery_share"": 1.0, ""availability_share"": 1.0, ""feasible_t"": 15.0, ""gross_delivery_t"": 15.0, ""order_month"": ""2039-09"", ""planned_arrival_month"": ""2040-09"", ""requested_t"": 15.0, ""shipment_id"": ""S0057"", ""source_id"": ""A"", ""source_name"": ""Earth-Core"", ""unfulfilled_request_t"": 0.0}, {""actual_arrival_month"": ""2040-10"", ""actual_delivery_share"": 1.0, ""availability_share"": 1.0, ""feasible_t"": 15.0, ""gross_delivery_t"": 15.0, ""order_month"": ""2039-10"", ""planned_arrival_month"": ""2040-10"", ""requested_t"": 15.0, ""shipment_id"": ""S0058"", ""source_id"": ""A"", ""source_name"": ""Earth-Core"", ""unfulfilled_request_t"": 0.0}, {""actual_arrival_month"": ""2040-11"", ""actual_delivery_share"": 1.0, ""availability_share"": 1.0, ""feasible_t"": 15.0, ""gross_delivery_t"": 15.0, ""order_month"": ""2039-11"", ""planned_arrival_month"": ""2040-11"", ""requested_t"": 15.0, ""shipment_id"": ""S0059"", ""source_id"": ""A"", ""source_name"": ""Earth-Core"", ""unfulfilled_request_t"": 0.0}, {""actual_arrival_month"": ""2040-12"", ""actual_delivery_share"": 1.0, ""availability_share"": 1.0, ""feasible_t"": 15.0, ""gross_delivery_t"": 15.0, ""order_month"": ""2039-12"", ""planned_arrival_month"": ""2040-12"", ""requested_t"": 15.0, ""shipment_id"": ""S0060"", ""source_id"": ""A"", ""source_name"": ""Earth-Core"", ""unfulfilled_request_t"": 0.0}, {""actual_arrival_month"": ""2041-01"", ""actual_delivery_share"": 1.0, ""availability_share"": 1.0, ""feasible_t"": 15.416666666666666, ""gross_delivery_t"": 15.416666666666666, ""order_month"": ""2040-01"", ""planned_arrival_month"": ""2041-01"", ""requested_t"": 15.416666666666666, ""shipment_id"": ""S0061"", ""source_id"": ""A"", ""source_name"": ""Earth-Core"", ""unfulfilled_request_t"": 0.0}, {""actual_arrival_month"": ""2041-02"", ""actual_delivery_share"": 1.0, ""availability_share"": 1.0, ""feasible_t"": 15.416666666666666, ""gross_delivery_t"": 15.416666666666666, ""order_month"": ""2040-02"", ""planned_arrival_month"": ""2041-02"", ""requested_t"": 15.416666666666666, ""shipment_id"": ""S0062"", ""source_id"": ""A"", ""source_name"": ""Earth-Core"", ""unfulfilled_request_t"": 0.0}, {""actual_arrival_month"": ""2041-03"", ""actual_delivery_share"": 1.0, ""availability_share"": 1.0, ""feasible_t"": 15.416666666666666, ""gross_delivery_t"": 15.416666666666666, ""order_month"": ""2040-03"", ""planned_arrival_month"": ""2041-03"", ""requested_t"": 15.416666666666666, ""shipment_id"": ""S0063"", ""source_id"": ""A"", ""source_name"": ""Earth-Core"", ""unfulfilled_request_t"": 0.0}, {""actual_arrival_month"": ""2040-04"", ""actual_delivery_share"": 1.0, ""availability_share"": 1.0, ""feasible_t"": 4.583333333333333, ""gross_delivery_t"": 4.583333333333333, ""order_month"": ""2039-12"", ""planned_arrival_month"": ""2040-04"", ""requested_t"": 4.583333333333333, ""shipment_id"": ""S0132"", ""source_id"": ""B"", ""source_name"": ""Earth-Flex"", ""unfulfilled_request_t"": 0.0}, {""actual_arrival_month"": ""2040-05"", ""actual_delivery_share"": 1.0, ""availability_share"": 1.0, ""feasible_t"": 6.666666666666667, ""gross_delivery_t"": 6.666666666666667, ""order_month"": ""2040-01"", ""planned_arrival_month"": ""2040-05"", ""requested_t"": 6.666666666666667, ""shipment_id"": ""S0133"", ""source_id"": ""B"", ""source_name"": ""Earth-Flex"", ""unfulfilled_request_t"": 0.0}, {""actual_arrival_month"": ""2040-06"", ""actual_delivery_share"": 1.0, ""availability_share"": 1.0, ""feasible_t"": 6.666666666666667, ""gross_delivery_t"": 6.666666666666667, ""order_month"": ""2040-02"", ""planned_arrival_month"": ""2040-06"", ""requested_t"": 6.666666666666667, ""shipment_id"": ""S0134"", ""source_id"": ""B"", ""source_name"": ""Earth-Flex"", ""unfulfilled_request_t"": 0.0}, {""actual_arrival_month"": ""2040-07"", ""actual_delivery_share"": 1.0, ""availability_share"": 1.0, ""feasible_t"": 6.666666666666667, ""gross_delivery_t"": 6.666666666666667, ""order_month"": ""2040-03"", ""planned_arrival_month"": ""2040-07"", ""requested_t"": 6.666666666666667, ""shipment_id"": ""S0135"", ""source_id"": ""B"", ""source_name"": ""Earth-Flex"", ""unfulfilled_request_t"": 0.0}]","{""A"": 15.0, ""B"": 4.583333333333333, ""C"": 10.416666666666666}","{""A"": 15.0, ""B"": 4.583333333333333, ""C"": 10.416666666666666}",30.0,0.36,29.64,29.64,0.0,29.64,23.958333333333332,5.681666666666668,0.0,7.734999999999992,0.0,ZBO,120.0,0.012,"[""ZBO"", ""EARTH_NEW""]",0.0,1.0,[]
2040-04,0.0,37.37499999999999,23.958333333333332,"{""A"": 190.0, ""B"": 100.0, ""C"": 130.0, ""D"": 0, ""E"": 40.0}","{""A"": 15.416666666666666, ""B"": 6.666666666666667, ""C"": 10.416666666666666}","[{""actual_arrival_month"": ""2040-05"", ""actual_delivery_share"": 1.0, ""availability_share"": 1.0, ""feasible_t"": 15.0, ""gross_delivery_t"": 15.0, ""order_month"": ""2039-05"", ""planned_arrival_month"": ""2040-05"", ""requested_t"": 15.0, ""shipment_id"": ""S0053"", ""source_id"": ""A"", ""source_name"": ""Earth-Core"", ""unfulfilled_request_t"": 0.0}, {""actual_arrival_month"": ""2040-06"", ""actual_delivery_share"": 1.0, ""availability_share"": 1.0, ""feasible_t"": 15.0, ""gross_delivery_t"": 15.0, ""order_month"": ""2039-06"", ""planned_arrival_month"": ""2040-06"", ""requested_t"": 15.0, ""shipment_id"": ""S0054"", ""source_id"": ""A"", ""source_name"": ""Earth-Core"", ""unfulfilled_request_t"": 0.0}, {""actual_arrival_month"": ""2040-07"", ""actual_delivery_share"": 1.0, ""availability_share"": 1.0, ""feasible_t"": 15.0, ""gross_delivery_t"": 15.0, ""order_month"": ""2039-07"", ""planned_arrival_month"": ""2040-07"", ""requested_t"": 15.0, ""shipment_id"": ""S0055"", ""source_id"": ""A"", ""source_name"": ""Earth-Core"", ""unfulfilled_request_t"": 0.0}, {""actual_arrival_month"": ""2040-08"", ""actual_delivery_share"": 1.0, ""availability_share"": 1.0, ""feasible_t"": 15.0, ""gross_delivery_t"": 15.0, ""order_month"": ""2039-08"", ""planned_arrival_month"": ""2040-08"", ""requested_t"": 15.0, ""shipment_id"": ""S0056"", ""source_id"": ""A"", ""source_name"": ""Earth-Core"", ""unfulfilled_request_t"": 0.0}, {""actual_arrival_month"": ""2040-09"", ""actual_delivery_share"": 1.0, ""availability_share"": 1.0, ""feasible_t"": 15.0, ""gross_delivery_t"": 15.0, ""order_month"": ""2039-09"", ""planned_arrival_month"": ""2040-09"", ""requested_t"": 15.0, ""shipment_id"": ""S0057"", ""source_id"": ""A"", ""source_name"": ""Earth-Core"", ""unfulfilled_request_t"": 0.0}, {""actual_arrival_month"": ""2040-10"", ""actual_delivery_share"": 1.0, ""availability_share"": 1.0, ""feasible_t"": 15.0, ""gross_delivery_t"": 15.0, ""order_month"": ""2039-10"", ""planned_arrival_month"": ""2040-10"", ""requested_t"": 15.0, ""shipment_id"": ""S0058"", ""source_id"": ""A"", ""source_name"": ""Earth-Core"", ""unfulfilled_request_t"": 0.0}, {""actual_arrival_month"": ""2040-11"", ""actual_delivery_share"": 1.0, ""availability_share"": 1.0, ""feasible_t"": 15.0, ""gross_delivery_t"": 15.0, ""order_month"": ""2039-11"", ""planned_arrival_month"": ""2040-11"", ""requested_t"": 15.0, ""shipment_id"": ""S0059"", ""source_id"": ""A"", ""source_name"": ""Earth-Core"", ""unfulfilled_request_t"": 0.0}, {""actual_arrival_month"": ""2040-12"", ""actual_delivery_share"": 1.0, ""availability_share"": 1.0, ""feasible_t"": 15.0, ""gross_delivery_t"": 15.0, ""order_month"": ""2039-12"", ""planned_arrival_month"": ""2040-12"", ""requested_t"": 15.0, ""shipment_id"": ""S0060"", ""source_id"": ""A"", ""source_name"": ""Earth-Core"", ""unfulfilled_request_t"": 0.0}, {""actual_arrival_month"": ""2041-01"", ""actual_delivery_share"": 1.0, ""availability_share"": 1.0, ""feasible_t"": 15.416666666666666, ""gross_delivery_t"": 15.416666666666666, ""order_month"": ""2040-01"", ""planned_arrival_month"": ""2041-01"", ""requested_t"": 15.416666666666666, ""shipment_id"": ""S0061"", ""source_id"": ""A"", ""source_name"": ""Earth-Core"", ""unfulfilled_request_t"": 0.0}, {""actual_arrival_month"": ""2041-02"", ""actual_delivery_share"": 1.0, ""availability_share"": 1.0, ""feasible_t"": 15.416666666666666, ""gross_delivery_t"": 15.416666666666666, ""order_month"": ""2040-02"", ""planned_arrival_month"": ""2041-02"", ""requested_t"": 15.416666666666666, ""shipment_id"": ""S0062"", ""source_id"": ""A"", ""source_name"": ""Earth-Core"", ""unfulfilled_request_t"": 0.0}, {""actual_arrival_month"": ""2041-03"", ""actual_delivery_share"": 1.0, ""availability_share"": 1.0, ""feasible_t"": 15.416666666666666, ""gross_delivery_t"": 15.416666666666666, ""order_month"": ""2040-03"", ""planned_arrival_month"": ""2041-03"", ""requested_t"": 15.416666666666666, ""shipment_id"": ""S0063"", ""source_id"": ""A"", ""source_name"": ""Earth-Core"", ""unfulfilled_request_t"": 0.0}, {""actual_arrival_month"": ""2041-04"", ""actual_delivery_share"": 1.0, ""availability_share"": 1.0, ""feasible_t"": 15.416666666666666, ""gross_delivery_t"": 15.416666666666666, ""order_month"": ""2040-04"", ""planned_arrival_month"": ""2041-04"", ""requested_t"": 15.416666666666666, ""shipment_id"": ""S0064"", ""source_id"": ""A"", ""source_name"": ""Earth-Core"", ""unfulfilled_request_t"": 0.0}, {""actual_arrival_month"": ""2040-05"", ""actual_delivery_share"": 1.0, ""availability_share"": 1.0, ""feasible_t"": 6.666666666666667, ""gross_delivery_t"": 6.666666666666667, ""order_month"": ""2040-01"", ""planned_arrival_month"": ""2040-05"", ""requested_t"": 6.666666666666667, ""shipment_id"": ""S0133"", ""source_id"": ""B"", ""source_name"": ""Earth-Flex"", ""unfulfilled_request_t"": 0.0}, {""actual_arrival_month"": ""2040-06"", ""actual_delivery_share"": 1.0, ""availability_share"": 1.0, ""feasible_t"": 6.666666666666667, ""gross_delivery_t"": 6.666666666666667, ""order_month"": ""2040-02"", ""planned_arrival_month"": ""2040-06"", ""requested_t"": 6.666666666666667, ""shipment_id"": ""S0134"", ""source_id"": ""B"", ""source_name"": ""Earth-Flex"", ""unfulfilled_request_t"": 0.0}, {""actual_arrival_month"": ""2040-07"", ""actual_delivery_share"": 1.0, ""availability_share"": 1.0, ""feasible_t"": 6.666666666666667, ""gross_delivery_t"": 6.666666666666667, ""order_month"": ""2040-03"", ""planned_arrival_month"": ""2040-07"", ""requested_t"": 6.666666666666667, ""shipment_id"": ""S0135"", ""source_id"": ""B"", ""source_name"": ""Earth-Flex"", ""unfulfilled_request_t"": 0.0}, {""actual_arrival_month"": ""2040-08"", ""actual_delivery_share"": 1.0, ""availability_share"": 1.0, ""feasible_t"": 6.666666666666667, ""gross_delivery_t"": 6.666666666666667, ""order_month"": ""2040-04"", ""planned_arrival_month"": ""2040-08"", ""requested_t"": 6.666666666666667, ""shipment_id"": ""S0136"", ""source_id"": ""B"", ""source_name"": ""Earth-Flex"", ""unfulfilled_request_t"": 0.0}]","{""A"": 15.0, ""B"": 4.583333333333333, ""C"": 10.416666666666666}","{""A"": 15.0, ""B"": 4.583333333333333, ""C"": 10.416666666666666}",30.0,0.36,29.64,29.64,0.0,29.64,23.958333333333332,5.681666666666668,0.0,7.734999999999992,0.0,ZBO,120.0,0.012,"[""ZBO"", ""EARTH_NEW""]",0.0,1.0,[]
2040-05,0.0,37.37499999999999,23.958333333333332,"{""A"": 190.0, ""B"": 100.0, ""C"": 130.0, ""D"": 0, ""E"": 40.0}","{""A"": 15.416666666666666, ""B"": 6.666666666666667, ""C"": 10.416666666666666}","[{""actual_arrival_month"": ""2040-06"", ""actual_delivery_share"": 1.0, ""availability_share"": 1.0, ""feasible_t"": 15.0, ""gross_delivery_t"": 15.0, ""order_month"": ""2039-06"", ""planned_arrival_month"": ""2040-06"", ""requested_t"": 15.0, ""shipment_id"": ""S0054"", ""source_id"": ""A"", ""source_name"": ""Earth-Core"", ""unfulfilled_request_t"": 0.0}, {""actual_arrival_month"": ""2040-07"", ""actual_delivery_share"": 1.0, ""availability_share"": 1.0, ""feasible_t"": 15.0, ""gross_delivery_t"": 15.0, ""order_month"": ""2039-07"", ""planned_arrival_month"": ""2040-07"", ""requested_t"": 15.0, ""shipment_id"": ""S0055"", ""source_id"": ""A"", ""source_name"": ""Earth-Core"", ""unfulfilled_request_t"": 0.0}, {""actual_arrival_month"": ""2040-08"", ""actual_delivery_share"": 1.0, ""availability_share"": 1.0, ""feasible_t"": 15.0, ""gross_delivery_t"": 15.0, ""order_month"": ""2039-08"", ""planned_arrival_month"": ""2040-08"", ""requested_t"": 15.0, ""shipment_id"": ""S0056"", ""source_id"": ""A"", ""source_name"": ""Earth-Core"", ""unfulfilled_request_t"": 0.0}, {""actual_arrival_month"": ""2040-09"", ""actual_delivery_share"": 1.0, ""availability_share"": 1.0, ""feasible_t"": 15.0, ""gross_delivery_t"": 15.0, ""order_month"": ""2039-09"", ""planned_arrival_month"": ""2040-09"", ""requested_t"": 15.0, ""shipment_id"": ""S0057"", ""source_id"": ""A"", ""source_name"": ""Earth-Core"", ""unfulfilled_request_t"": 0.0}, {""actual_arrival_month"": ""2040-10"", ""actual_delivery_share"": 1.0, ""availability_share"": 1.0, ""feasible_t"": 15.0, ""gross_delivery_t"": 15.0, ""order_month"": ""2039-10"", ""planned_arrival_month"": ""2040-10"", ""requested_t"": 15.0, ""shipment_id"": ""S0058"", ""source_id"": ""A"", ""source_name"": ""Earth-Core"", ""unfulfilled_request_t"": 0.0}, {""actual_arrival_month"": ""2040-11"", ""actual_delivery_share"": 1.0, ""availability_share"": 1.0, ""feasible_t"": 15.0, ""gross_delivery_t"": 15.0, ""order_month"": ""2039-11"", ""planned_arrival_month"": ""2040-11"", ""requested_t"": 15.0, ""shipment_id"": ""S0059"", ""source_id"": ""A"", ""source_name"": ""Earth-Core"", ""unfulfilled_request_t"": 0.0}, {""actual_arrival_month"": ""2040-12"", ""actual_delivery_share"": 1.0, ""availability_share"": 1.0, ""feasible_t"": 15.0, ""gross_delivery_t"": 15.0, ""order_month"": ""2039-12"", ""planned_arrival_month"": ""2040-12"", ""requested_t"": 15.0, ""shipment_id"": ""S0060"", ""source_id"": ""A"", ""source_name"": ""Earth-Core"", ""unfulfilled_request_t"": 0.0}, {""actual_arrival_month"": ""2041-01"", ""actual_delivery_share"": 1.0, ""availability_share"": 1.0, ""feasible_t"": 15.416666666666666, ""gross_delivery_t"": 15.416666666666666, ""order_month"": ""2040-01"", ""planned_arrival_month"": ""2041-01"", ""requested_t"": 15.416666666666666, ""shipment_id"": ""S0061"", ""source_id"": ""A"", ""source_name"": ""Earth-Core"", ""unfulfilled_request_t"": 0.0}, {""actual_arrival_month"": ""2041-02"", ""actual_delivery_share"": 1.0, ""availability_share"": 1.0, ""feasible_t"": 15.416666666666666, ""gross_delivery_t"": 15.416666666666666, ""order_month"": ""2040-02"", ""planned_arrival_month"": ""2041-02"", ""requested_t"": 15.416666666666666, ""shipment_id"": ""S0062"", ""source_id"": ""A"", ""source_name"": ""Earth-Core"", ""unfulfilled_request_t"": 0.0}, {""actual_arrival_month"": ""2041-03"", ""actual_delivery_share"": 1.0, ""availability_share"": 1.0, ""feasible_t"": 15.416666666666666, ""gross_delivery_t"": 15.416666666666666, ""order_month"": ""2040-03"", ""planned_arrival_month"": ""2041-03"", ""requested_t"": 15.416666666666666, ""shipment_id"": ""S0063"", ""source_id"": ""A"", ""source_name"": ""Earth-Core"", ""unfulfilled_request_t"": 0.0}, {""actual_arrival_month"": ""2041-04"", ""actual_delivery_share"": 1.0, ""availability_share"": 1.0, ""feasible_t"": 15.416666666666666, ""gross_delivery_t"": 15.416666666666666, ""order_month"": ""2040-04"", ""planned_arrival_month"": ""2041-04"", ""requested_t"": 15.416666666666666, ""shipment_id"": ""S0064"", ""source_id"": ""A"", ""source_name"": ""Earth-Core"", ""unfulfilled_request_t"": 0.0}, {""actual_arrival_month"": ""2041-05"", ""actual_delivery_share"": 1.0, ""availability_share"": 1.0, ""feasible_t"": 15.416666666666666, ""gross_delivery_t"": 15.416666666666666, ""order_month"": ""2040-05"", ""planned_arrival_month"": ""2041-05"", ""requested_t"": 15.416666666666666, ""shipment_id"": ""S0065"", ""source_id"": ""A"", ""source_name"": ""Earth-Core"", ""unfulfilled_request_t"": 0.0}, {""actual_arrival_month"": ""2040-06"", ""actual_delivery_share"": 1.0, ""availability_share"": 1.0, ""feasible_t"": 6.666666666666667, ""gross_delivery_t"": 6.666666666666667, ""order_month"": ""2040-02"", ""planned_arrival_month"": ""2040-06"", ""requested_t"": 6.666666666666667, ""shipment_id"": ""S0134"", ""source_id"": ""B"", ""source_name"": ""Earth-Flex"", ""unfulfilled_request_t"": 0.0}, {""actual_arrival_month"": ""2040-07"", ""actual_delivery_share"": 1.0, ""availability_share"": 1.0, ""feasible_t"": 6.666666666666667, ""gross_delivery_t"": 6.666666666666667, ""order_month"": ""2040-03"", ""planned_arrival_month"": ""2040-07"", ""requested_t"": 6.666666666666667, ""shipment_id"": ""S0135"", ""source_id"": ""B"", ""source_name"": ""Earth-Flex"", ""unfulfilled_request_t"": 0.0}, {""actual_arrival_month"": ""2040-08"", ""actual_delivery_share"": 1.0, ""availability_share"": 1.0, ""feasible_t"": 6.666666666666667, ""gross_delivery_t"": 6.666666666666667, ""order_month"": ""2040-04"", ""planned_arrival_month"": ""2040-08"", ""requested_t"": 6.666666666666667, ""shipment_id"": ""S0136"", ""source_id"": ""B"", ""source_name"": ""Earth-Flex"", ""unfulfilled_request_t"": 0.0}, {""actual_arrival_month"": ""2040-09"", ""actual_delivery_share"": 1.0, ""availability_share"": 1.0, ""feasible_t"": 6.666666666666667, ""gross_delivery_t"": 6.666666666666667, ""order_month"": ""2040-05"", ""planned_arrival_month"": ""2040-09"", ""requested_t"": 6.666666666666667, ""shipment_id"": ""S0137"", ""source_id"": ""B"", ""source_name"": ""Earth-Flex"", ""unfulfilled_request_t"": 0.0}]","{""A"": 15.0, ""B"": 6.666666666666667, ""C"": 10.416666666666666}","{""A"": 15.0, ""B"": 6.666666666666667, ""C"": 10.416666666666666}",32.083333333333336,0.385,31.698333333333334,31.698333333333334,0.0,31.698333333333334,23.958333333333332,7.740000000000002,0.0,5.676666666666659,0.0,ZBO,120.0,0.012,"[""ZBO"", ""EARTH_NEW""]",0.0,1.0,[]
2040-06,0.0,37.37499999999999,23.958333333333332,"{""A"": 190.0, ""B"": 100.0, ""C"": 130.0, ""D"": 0, ""E"": 40.0}","{""A"": 15.416666666666666, ""B"": 6.666666666666667, ""C"": 10.416666666666666}","[{""actual_arrival_month"": ""2040-07"", ""actual_delivery_share"": 1.0, ""availability_share"": 1.0, ""feasible_t"": 15.0, ""gross_delivery_t"": 15.0, ""order_month"": ""2039-07"", ""planned_arrival_month"": ""2040-07"", ""requested_t"": 15.0, ""shipment_id"": ""S0055"", ""source_id"": ""A"", ""source_name"": ""Earth-Core"", ""unfulfilled_request_t"": 0.0}, {""actual_arrival_month"": ""2040-08"", ""actual_delivery_share"": 1.0, ""availability_share"": 1.0, ""feasible_t"": 15.0, ""gross_delivery_t"": 15.0, ""order_month"": ""2039-08"", ""planned_arrival_month"": ""2040-08"", ""requested_t"": 15.0, ""shipment_id"": ""S0056"", ""source_id"": ""A"", ""source_name"": ""Earth-Core"", ""unfulfilled_request_t"": 0.0}, {""actual_arrival_month"": ""2040-09"", ""actual_delivery_share"": 1.0, ""availability_share"": 1.0, ""feasible_t"": 15.0, ""gross_delivery_t"": 15.0, ""order_month"": ""2039-09"", ""planned_arrival_month"": ""2040-09"", ""requested_t"": 15.0, ""shipment_id"": ""S0057"", ""source_id"": ""A"", ""source_name"": ""Earth-Core"", ""unfulfilled_request_t"": 0.0}, {""actual_arrival_month"": ""2040-10"", ""actual_delivery_share"": 1.0, ""availability_share"": 1.0, ""feasible_t"": 15.0, ""gross_delivery_t"": 15.0, ""order_month"": ""2039-10"", ""planned_arrival_month"": ""2040-10"", ""requested_t"": 15.0, ""shipment_id"": ""S0058"", ""source_id"": ""A"", ""source_name"": ""Earth-Core"", ""unfulfilled_request_t"": 0.0}, {""actual_arrival_month"": ""2040-11"", ""actual_delivery_share"": 1.0, ""availability_share"": 1.0, ""feasible_t"": 15.0, ""gross_delivery_t"": 15.0, ""order_month"": ""2039-11"", ""planned_arrival_month"": ""2040-11"", ""requested_t"": 15.0, ""shipment_id"": ""S0059"", ""source_id"": ""A"", ""source_name"": ""Earth-Core"", ""unfulfilled_request_t"": 0.0}, {""actual_arrival_month"": ""2040-12"", ""actual_delivery_share"": 1.0, ""availability_share"": 1.0, ""feasible_t"": 15.0, ""gross_delivery_t"": 15.0, ""order_month"": ""2039-12"", ""planned_arrival_month"": ""2040-12"", ""requested_t"": 15.0, ""shipment_id"": ""S0060"", ""source_id"": ""A"", ""source_name"": ""Earth-Core"", ""unfulfilled_request_t"": 0.0}, {""actual_arrival_month"": ""2041-01"", ""actual_delivery_share"": 1.0, ""availability_share"": 1.0, ""feasible_t"": 15.416666666666666, ""gross_delivery_t"": 15.416666666666666, ""order_month"": ""2040-01"", ""planned_arrival_month"": ""2041-01"", ""requested_t"": 15.416666666666666, ""shipment_id"": ""S0061"", ""source_id"": ""A"", ""source_name"": ""Earth-Core"", ""unfulfilled_request_t"": 0.0}, {""actual_arrival_month"": ""2041-02"", ""actual_delivery_share"": 1.0, ""availability_share"": 1.0, ""feasible_t"": 15.416666666666666, ""gross_delivery_t"": 15.416666666666666, ""order_month"": ""2040-02"", ""planned_arrival_month"": ""2041-02"", ""requested_t"": 15.416666666666666, ""shipment_id"": ""S0062"", ""source_id"": ""A"", ""source_name"": ""Earth-Core"", ""unfulfilled_request_t"": 0.0}, {""actual_arrival_month"": ""2041-03"", ""actual_delivery_share"": 1.0, ""availability_share"": 1.0, ""feasible_t"": 15.416666666666666, ""gross_delivery_t"": 15.416666666666666, ""order_month"": ""2040-03"", ""planned_arrival_month"": ""2041-03"", ""requested_t"": 15.416666666666666, ""shipment_id"": ""S0063"", ""source_id"": ""A"", ""source_name"": ""Earth-Core"", ""unfulfilled_request_t"": 0.0}, {""actual_arrival_month"": ""2041-04"", ""actual_delivery_share"": 1.0, ""availability_share"": 1.0, ""feasible_t"": 15.416666666666666, ""gross_delivery_t"": 15.416666666666666, ""order_month"": ""2040-04"", ""planned_arrival_month"": ""2041-04"", ""requested_t"": 15.416666666666666, ""shipment_id"": ""S0064"", ""source_id"": ""A"", ""source_name"": ""Earth-Core"", ""unfulfilled_request_t"": 0.0}, {""actual_arrival_month"": ""2041-05"", ""actual_delivery_share"": 1.0, ""availability_share"": 1.0, ""feasible_t"": 15.416666666666666, ""gross_delivery_t"": 15.416666666666666, ""order_month"": ""2040-05"", ""planned_arrival_month"": ""2041-05"", ""requested_t"": 15.416666666666666, ""shipment_id"": ""S0065"", ""source_id"": ""A"", ""source_name"": ""Earth-Core"", ""unfulfilled_request_t"": 0.0}, {""actual_arrival_month"": ""2041-06"", ""actual_delivery_share"": 1.0, ""availability_share"": 1.0, ""feasible_t"": 15.416666666666666, ""gross_delivery_t"": 15.416666666666666, ""order_month"": ""2040-06"", ""planned_arrival_month"": ""2041-06"", ""requested_t"": 15.416666666666666, ""shipment_id"": ""S0066"", ""source_id"": ""A"", ""source_name"": ""Earth-Core"", ""unfulfilled_request_t"": 0.0}, {""actual_arrival_month"": ""2040-07"", ""actual_delivery_share"": 1.0, ""availability_share"": 1.0, ""feasible_t"": 6.666666666666667, ""gross_delivery_t"": 6.666666666666667, ""order_month"": ""2040-03"", ""planned_arrival_month"": ""2040-07"", ""requested_t"": 6.666666666666667, ""shipment_id"": ""S0135"", ""source_id"": ""B"", ""source_name"": ""Earth-Flex"", ""unfulfilled_request_t"": 0.0}, {""actual_arrival_month"": ""2040-08"", ""actual_delivery_share"": 1.0, ""availability_share"": 1.0, ""feasible_t"": 6.666666666666667, ""gross_delivery_t"": 6.666666666666667, ""order_month"": ""2040-04"", ""planned_arrival_month"": ""2040-08"", ""requested_t"": 6.666666666666667, ""shipment_id"": ""S0136"", ""source_id"": ""B"", ""source_name"": ""Earth-Flex"", ""unfulfilled_request_t"": 0.0}, {""actual_arrival_month"": ""2040-09"", ""actual_delivery_share"": 1.0, ""availability_share"": 1.0, ""feasible_t"": 6.666666666666667, ""gross_delivery_t"": 6.666666666666667, ""order_month"": ""2040-05"", ""planned_arrival_month"": ""2040-09"", ""requested_t"": 6.666666666666667, ""shipment_id"": ""S0137"", ""source_id"": ""B"", ""source_name"": ""Earth-Flex"", ""unfulfilled_request_t"": 0.0}, {""actual_arrival_month"": ""2040-10"", ""actual_delivery_share"": 1.0, ""availability_share"": 1.0, ""feasible_t"": 6.666666666666667, ""gross_delivery_t"": 6.666666666666667, ""order_month"": ""2040-06"", ""planned_arrival_month"": ""2040-10"", ""requested_t"": 6.666666666666667, ""shipment_id"": ""S0138"", ""source_id"": ""B"", ""source_name"": ""Earth-Flex"", ""unfulfilled_request_t"": 0.0}]","{""A"": 15.0, ""B"": 6.666666666666667, ""C"": 10.416666666666666}","{""A"": 15.0, ""B"": 6.666666666666667, ""C"": 10.416666666666666}",32.083333333333336,0.385,31.698333333333334,31.698333333333334,0.0,31.698333333333334,23.958333333333332,7.740000000000002,0.0,5.676666666666659,0.0,ZBO,120.0,0.012,"[""ZBO"", ""EARTH_NEW""]",0.0,1.0,[]
2040-07,0.0,37.37499999999999,23.958333333333332,"{""A"": 190.0, ""B"": 100.0, ""C"": 130.0, ""D"": 0, ""E"": 40.0}","{""A"": 15.416666666666666, ""B"": 6.666666666666667, ""C"": 10.416666666666666}","[{""actual_arrival_month"": ""2040-08"", ""actual_delivery_share"": 1.0, ""availability_share"": 1.0, ""feasible_t"": 15.0, ""gross_delivery_t"": 15.0, ""order_month"": ""2039-08"", ""planned_arrival_month"": ""2040-08"", ""requested_t"": 15.0, ""shipment_id"": ""S0056"", ""source_id"": ""A"", ""source_name"": ""Earth-Core"", ""unfulfilled_request_t"": 0.0}, {""actual_arrival_month"": ""2040-09"", ""actual_delivery_share"": 1.0, ""availability_share"": 1.0, ""feasible_t"": 15.0, ""gross_delivery_t"": 15.0, ""order_month"": ""2039-09"", ""planned_arrival_month"": ""2040-09"", ""requested_t"": 15.0, ""shipment_id"": ""S0057"", ""source_id"": ""A"", ""source_name"": ""Earth-Core"", ""unfulfilled_request_t"": 0.0}, {""actual_arrival_month"": ""2040-10"", ""actual_delivery_share"": 1.0, ""availability_share"": 1.0, ""feasible_t"": 15.0, ""gross_delivery_t"": 15.0, ""order_month"": ""2039-10"", ""planned_arrival_month"": ""2040-10"", ""requested_t"": 15.0, ""shipment_id"": ""S0058"", ""source_id"": ""A"", ""source_name"": ""Earth-Core"", ""unfulfilled_request_t"": 0.0}, {""actual_arrival_month"": ""2040-11"", ""actual_delivery_share"": 1.0, ""availability_share"": 1.0, ""feasible_t"": 15.0, ""gross_delivery_t"": 15.0, ""order_month"": ""2039-11"", ""planned_arrival_month"": ""2040-11"", ""requested_t"": 15.0, ""shipment_id"": ""S0059"", ""source_id"": ""A"", ""source_name"": ""Earth-Core"", ""unfulfilled_request_t"": 0.0}, {""actual_arrival_month"": ""2040-12"", ""actual_delivery_share"": 1.0, ""availability_share"": 1.0, ""feasible_t"": 15.0, ""gross_delivery_t"": 15.0, ""order_month"": ""2039-12"", ""planned_arrival_month"": ""2040-12"", ""requested_t"": 15.0, ""shipment_id"": ""S0060"", ""source_id"": ""A"", ""source_name"": ""Earth-Core"", ""unfulfilled_request_t"": 0.0}, {""actual_arrival_month"": ""2041-01"", ""actual_delivery_share"": 1.0, ""availability_share"": 1.0, ""feasible_t"": 15.416666666666666, ""gross_delivery_t"": 15.416666666666666, ""order_month"": ""2040-01"", ""planned_arrival_month"": ""2041-01"", ""requested_t"": 15.416666666666666, ""shipment_id"": ""S0061"", ""source_id"": ""A"", ""source_name"": ""Earth-Core"", ""unfulfilled_request_t"": 0.0}, {""actual_arrival_month"": ""2041-02"", ""actual_delivery_share"": 1.0, ""availability_share"": 1.0, ""feasible_t"": 15.416666666666666, ""gross_delivery_t"": 15.416666666666666, ""order_month"": ""2040-02"", ""planned_arrival_month"": ""2041-02"", ""requested_t"": 15.416666666666666, ""shipment_id"": ""S0062"", ""source_id"": ""A"", ""source_name"": ""Earth-Core"", ""unfulfilled_request_t"": 0.0}, {""actual_arrival_month"": ""2041-03"", ""actual_delivery_share"": 1.0, ""availability_share"": 1.0, ""feasible_t"": 15.416666666666666, ""gross_delivery_t"": 15.416666666666666, ""order_month"": ""2040-03"", ""planned_arrival_month"": ""2041-03"", ""requested_t"": 15.416666666666666, ""shipment_id"": ""S0063"", ""source_id"": ""A"", ""source_name"": ""Earth-Core"", ""unfulfilled_request_t"": 0.0}, {""actual_arrival_month"": ""2041-04"", ""actual_delivery_share"": 1.0, ""availability_share"": 1.0, ""feasible_t"": 15.416666666666666, ""gross_delivery_t"": 15.416666666666666, ""order_month"": ""2040-04"", ""planned_arrival_month"": ""2041-04"", ""requested_t"": 15.416666666666666, ""shipment_id"": ""S0064"", ""source_id"": ""A"", ""source_name"": ""Earth-Core"", ""unfulfilled_request_t"": 0.0}, {""actual_arrival_month"": ""2041-05"", ""actual_delivery_share"": 1.0, ""availability_share"": 1.0, ""feasible_t"": 15.416666666666666, ""gross_delivery_t"": 15.416666666666666, ""order_month"": ""2040-05"", ""planned_arrival_month"": ""2041-05"", ""requested_t"": 15.416666666666666, ""shipment_id"": ""S0065"", ""source_id"": ""A"", ""source_name"": ""Earth-Core"", ""unfulfilled_request_t"": 0.0}, {""actual_arrival_month"": ""2041-06"", ""actual_delivery_share"": 1.0, ""availability_share"": 1.0, ""feasible_t"": 15.416666666666666, ""gross_delivery_t"": 15.416666666666666, ""order_month"": ""2040-06"", ""planned_arrival_month"": ""2041-06"", ""requested_t"": 15.416666666666666, ""shipment_id"": ""S0066"", ""source_id"": ""A"", ""source_name"": ""Earth-Core"", ""unfulfilled_request_t"": 0.0}, {""actual_arrival_month"": ""2041-07"", ""actual_delivery_share"": 1.0, ""availability_share"": 1.0, ""feasible_t"": 15.416666666666666, ""gross_delivery_t"": 15.416666666666666, ""order_month"": ""2040-07"", ""planned_arrival_month"": ""2041-07"", ""requested_t"": 15.416666666666666, ""shipment_id"": ""S0067"", ""source_id"": ""A"", ""source_name"": ""Earth-Core"", ""unfulfilled_request_t"": 0.0}, {""actual_arrival_month"": ""2040-08"", ""actual_delivery_share"": 1.0, ""availability_share"": 1.0, ""feasible_t"": 6.666666666666667, ""gross_delivery_t"": 6.666666666666667, ""order_month"": ""2040-04"", ""planned_arrival_month"": ""2040-08"", ""requested_t"": 6.666666666666667, ""shipment_id"": ""S0136"", ""source_id"": ""B"", ""source_name"": ""Earth-Flex"", ""unfulfilled_request_t"": 0.0}, {""actual_arrival_month"": ""2040-09"", ""actual_delivery_share"": 1.0, ""availability_share"": 1.0, ""feasible_t"": 6.666666666666667, ""gross_delivery_t"": 6.666666666666667, ""order_month"": ""2040-05"", ""planned_arrival_month"": ""2040-09"", ""requested_t"": 6.666666666666667, ""shipment_id"": ""S0137"", ""source_id"": ""B"", ""source_name"": ""Earth-Flex"", ""unfulfilled_request_t"": 0.0}, {""actual_arrival_month"": ""2040-10"", ""actual_delivery_share"": 1.0, ""availability_share"": 1.0, ""feasible_t"": 6.666666666666667, ""gross_delivery_t"": 6.666666666666667, ""order_month"": ""2040-06"", ""planned_arrival_month"": ""2040-10"", ""requested_t"": 6.666666666666667, ""shipment_id"": ""S0138"", ""source_id"": ""B"", ""source_name"": ""Earth-Flex"", ""unfulfilled_request_t"": 0.0}, {""actual_arrival_month"": ""2040-11"", ""actual_delivery_share"": 1.0, ""availability_share"": 1.0, ""feasible_t"": 6.666666666666667, ""gross_delivery_t"": 6.666666666666667, ""order_month"": ""2040-07"", ""planned_arrival_month"": ""2040-11"", ""requested_t"": 6.666666666666667, ""shipment_id"": ""S0139"", ""source_id"": ""B"", ""source_name"": ""Earth-Flex"", ""unfulfilled_request_t"": 0.0}]","{""A"": 15.0, ""B"": 6.666666666666667, ""C"": 10.416666666666666}","{""A"": 15.0, ""B"": 6.666666666666667, ""C"": 10.416666666666666}",32.083333333333336,0.385,31.698333333333334,31.698333333333334,0.0,31.698333333333334,23.958333333333332,7.740000000000002,0.0,5.676666666666659,0.0,ZBO,120.0,0.012,"[""ZBO"", ""EARTH_NEW""]",0.0,1.0,[]
2040-08,0.0,37.37499999999999,23.958333333333332,"{""A"": 190.0, ""B"": 100.0, ""C"": 130.0, ""D"": 0, ""E"": 40.0}","{""A"": 15.416666666666666, ""B"": 6.666666666666667, ""C"": 10.416666666666666}","[{""actual_arrival_month"": ""2040-09"", ""actual_delivery_share"": 1.0, ""availability_share"": 1.0, ""feasible_t"": 15.0, ""gross_delivery_t"": 15.0, ""order_month"": ""2039-09"", ""planned_arrival_month"": ""2040-09"", ""requested_t"": 15.0, ""shipment_id"": ""S0057"", ""source_id"": ""A"", ""source_name"": ""Earth-Core"", ""unfulfilled_request_t"": 0.0}, {""actual_arrival_month"": ""2040-10"", ""actual_delivery_share"": 1.0, ""availability_share"": 1.0, ""feasible_t"": 15.0, ""gross_delivery_t"": 15.0, ""order_month"": ""2039-10"", ""planned_arrival_month"": ""2040-10"", ""requested_t"": 15.0, ""shipment_id"": ""S0058"", ""source_id"": ""A"", ""source_name"": ""Earth-Core"", ""unfulfilled_request_t"": 0.0}, {""actual_arrival_month"": ""2040-11"", ""actual_delivery_share"": 1.0, ""availability_share"": 1.0, ""feasible_t"": 15.0, ""gross_delivery_t"": 15.0, ""order_month"": ""2039-11"", ""planned_arrival_month"": ""2040-11"", ""requested_t"": 15.0, ""shipment_id"": ""S0059"", ""source_id"": ""A"", ""source_name"": ""Earth-Core"", ""unfulfilled_request_t"": 0.0}, {""actual_arrival_month"": ""2040-12"", ""actual_delivery_share"": 1.0, ""availability_share"": 1.0, ""feasible_t"": 15.0, ""gross_delivery_t"": 15.0, ""order_month"": ""2039-12"", ""planned_arrival_month"": ""2040-12"", ""requested_t"": 15.0, ""shipment_id"": ""S0060"", ""source_id"": ""A"", ""source_name"": ""Earth-Core"", ""unfulfilled_request_t"": 0.0}, {""actual_arrival_month"": ""2041-01"", ""actual_delivery_share"": 1.0, ""availability_share"": 1.0, ""feasible_t"": 15.416666666666666, ""gross_delivery_t"": 15.416666666666666, ""order_month"": ""2040-01"", ""planned_arrival_month"": ""2041-01"", ""requested_t"": 15.416666666666666, ""shipment_id"": ""S0061"", ""source_id"": ""A"", ""source_name"": ""Earth-Core"", ""unfulfilled_request_t"": 0.0}, {""actual_arrival_month"": ""2041-02"", ""actual_delivery_share"": 1.0, ""availability_share"": 1.0, ""feasible_t"": 15.416666666666666, ""gross_delivery_t"": 15.416666666666666, ""order_month"": ""2040-02"", ""planned_arrival_month"": ""2041-02"", ""requested_t"": 15.416666666666666, ""shipment_id"": ""S0062"", ""source_id"": ""A"", ""source_name"": ""Earth-Core"", ""unfulfilled_request_t"": 0.0}, {""actual_arrival_month"": ""2041-03"", ""actual_delivery_share"": 1.0, ""availability_share"": 1.0, ""feasible_t"": 15.416666666666666, ""gross_delivery_t"": 15.416666666666666, ""order_month"": ""2040-03"", ""planned_arrival_month"": ""2041-03"", ""requested_t"": 15.416666666666666, ""shipment_id"": ""S0063"", ""source_id"": ""A"", ""source_name"": ""Earth-Core"", ""unfulfilled_request_t"": 0.0}, {""actual_arrival_month"": ""2041-04"", ""actual_delivery_share"": 1.0, ""availability_share"": 1.0, ""feasible_t"": 15.416666666666666, ""gross_delivery_t"": 15.416666666666666, ""order_month"": ""2040-04"", ""planned_arrival_month"": ""2041-04"", ""requested_t"": 15.416666666666666, ""shipment_id"": ""S0064"", ""source_id"": ""A"", ""source_name"": ""Earth-Core"", ""unfulfilled_request_t"": 0.0}, {""actual_arrival_month"": ""2041-05"", ""actual_delivery_share"": 1.0, ""availability_share"": 1.0, ""feasible_t"": 15.416666666666666, ""gross_delivery_t"": 15.416666666666666, ""order_month"": ""2040-05"", ""planned_arrival_month"": ""2041-05"", ""requested_t"": 15.416666666666666, ""shipment_id"": ""S0065"", ""source_id"": ""A"", ""source_name"": ""Earth-Core"", ""unfulfilled_request_t"": 0.0}, {""actual_arrival_month"": ""2041-06"", ""actual_delivery_share"": 1.0, ""availability_share"": 1.0, ""feasible_t"": 15.416666666666666, ""gross_delivery_t"": 15.416666666666666, ""order_month"": ""2040-06"", ""planned_arrival_month"": ""2041-06"", ""requested_t"": 15.416666666666666, ""shipment_id"": ""S0066"", ""source_id"": ""A"", ""source_name"": ""Earth-Core"", ""unfulfilled_request_t"": 0.0}, {""actual_arrival_month"": ""2041-07"", ""actual_delivery_share"": 1.0, ""availability_share"": 1.0, ""feasible_t"": 15.416666666666666, ""gross_delivery_t"": 15.416666666666666, ""order_month"": ""2040-07"", ""planned_arrival_month"": ""2041-07"", ""requested_t"": 15.416666666666666, ""shipment_id"": ""S0067"", ""source_id"": ""A"", ""source_name"": ""Earth-Core"", ""unfulfilled_request_t"": 0.0}, {""actual_arrival_month"": ""2041-08"", ""actual_delivery_share"": 1.0, ""availability_share"": 1.0, ""feasible_t"": 15.416666666666666, ""gross_delivery_t"": 15.416666666666666, ""order_month"": ""2040-08"", ""planned_arrival_month"": ""2041-08"", ""requested_t"": 15.416666666666666, ""shipment_id"": ""S0068"", ""source_id"": ""A"", ""source_name"": ""Earth-Core"", ""unfulfilled_request_t"": 0.0}, {""actual_arrival_month"": ""2040-09"", ""actual_delivery_share"": 1.0, ""availability_share"": 1.0, ""feasible_t"": 6.666666666666667, ""gross_delivery_t"": 6.666666666666667, ""order_month"": ""2040-05"", ""planned_arrival_month"": ""2040-09"", ""requested_t"": 6.666666666666667, ""shipment_id"": ""S0137"", ""source_id"": ""B"", ""source_name"": ""Earth-Flex"", ""unfulfilled_request_t"": 0.0}, {""actual_arrival_month"": ""2040-10"", ""actual_delivery_share"": 1.0, ""availability_share"": 1.0, ""feasible_t"": 6.666666666666667, ""gross_delivery_t"": 6.666666666666667, ""order_month"": ""2040-06"", ""planned_arrival_month"": ""2040-10"", ""requested_t"": 6.666666666666667, ""shipment_id"": ""S0138"", ""source_id"": ""B"", ""source_name"": ""Earth-Flex"", ""unfulfilled_request_t"": 0.0}, {""actual_arrival_month"": ""2040-11"", ""actual_delivery_share"": 1.0, ""availability_share"": 1.0, ""feasible_t"": 6.666666666666667, ""gross_delivery_t"": 6.666666666666667, ""order_month"": ""2040-07"", ""planned_arrival_month"": ""2040-11"", ""requested_t"": 6.666666666666667, ""shipment_id"": ""S0139"", ""source_id"": ""B"", ""source_name"": ""Earth-Flex"", ""unfulfilled_request_t"": 0.0}, {""actual_arrival_month"": ""2040-12"", ""actual_delivery_share"": 1.0, ""availability_share"": 1.0, ""feasible_t"": 6.666666666666667, ""gross_delivery_t"": 6.666666666666667, ""order_month"": ""2040-08"", ""planned_arrival_month"": ""2040-12"", ""requested_t"": 6.666666666666667, ""shipment_id"": ""S0140"", ""source_id"": ""B"", ""source_name"": ""Earth-Flex"", ""unfulfilled_request_t"": 0.0}]","{""A"": 15.0, ""B"": 6.666666666666667, ""C"": 10.416666666666666}","{""A"": 15.0, ""B"": 6.666666666666667, ""C"": 10.416666666666666}",32.083333333333336,0.385,31.698333333333334,31.698333333333334,0.0,31.698333333333334,23.958333333333332,7.740000000000002,0.0,5.676666666666659,0.0,ZBO,120.0,0.012,"[""ZBO"", ""EARTH_NEW""]",0.0,1.0,[]
2040-09,0.0,37.37499999999999,23.958333333333332,"{""A"": 190.0, ""B"": 100.0, ""C"": 130.0, ""D"": 0, ""E"": 40.0}","{""A"": 15.416666666666666, ""B"": 6.666666666666667, ""C"": 10.416666666666666}","[{""actual_arrival_month"": ""2040-10"", ""actual_delivery_share"": 1.0, ""availability_share"": 1.0, ""feasible_t"": 15.0, ""gross_delivery_t"": 15.0, ""order_month"": ""2039-10"", ""planned_arrival_month"": ""2040-10"", ""requested_t"": 15.0, ""shipment_id"": ""S0058"", ""source_id"": ""A"", ""source_name"": ""Earth-Core"", ""unfulfilled_request_t"": 0.0}, {""actual_arrival_month"": ""2040-11"", ""actual_delivery_share"": 1.0, ""availability_share"": 1.0, ""feasible_t"": 15.0, ""gross_delivery_t"": 15.0, ""order_month"": ""2039-11"", ""planned_arrival_month"": ""2040-11"", ""requested_t"": 15.0, ""shipment_id"": ""S0059"", ""source_id"": ""A"", ""source_name"": ""Earth-Core"", ""unfulfilled_request_t"": 0.0}, {""actual_arrival_month"": ""2040-12"", ""actual_delivery_share"": 1.0, ""availability_share"": 1.0, ""feasible_t"": 15.0, ""gross_delivery_t"": 15.0, ""order_month"": ""2039-12"", ""planned_arrival_month"": ""2040-12"", ""requested_t"": 15.0, ""shipment_id"": ""S0060"", ""source_id"": ""A"", ""source_name"": ""Earth-Core"", ""unfulfilled_request_t"": 0.0}, {""actual_arrival_month"": ""2041-01"", ""actual_delivery_share"": 1.0, ""availability_share"": 1.0, ""feasible_t"": 15.416666666666666, ""gross_delivery_t"": 15.416666666666666, ""order_month"": ""2040-01"", ""planned_arrival_month"": ""2041-01"", ""requested_t"": 15.416666666666666, ""shipment_id"": ""S0061"", ""source_id"": ""A"", ""source_name"": ""Earth-Core"", ""unfulfilled_request_t"": 0.0}, {""actual_arrival_month"": ""2041-02"", ""actual_delivery_share"": 1.0, ""availability_share"": 1.0, ""feasible_t"": 15.416666666666666, ""gross_delivery_t"": 15.416666666666666, ""order_month"": ""2040-02"", ""planned_arrival_month"": ""2041-02"", ""requested_t"": 15.416666666666666, ""shipment_id"": ""S0062"", ""source_id"": ""A"", ""source_name"": ""Earth-Core"", ""unfulfilled_request_t"": 0.0}, {""actual_arrival_month"": ""2041-03"", ""actual_delivery_share"": 1.0, ""availability_share"": 1.0, ""feasible_t"": 15.416666666666666, ""gross_delivery_t"": 15.416666666666666, ""order_month"": ""2040-03"", ""planned_arrival_month"": ""2041-03"", ""requested_t"": 15.416666666666666, ""shipment_id"": ""S0063"", ""source_id"": ""A"", ""source_name"": ""Earth-Core"", ""unfulfilled_request_t"": 0.0}, {""actual_arrival_month"": ""2041-04"", ""actual_delivery_share"": 1.0, ""availability_share"": 1.0, ""feasible_t"": 15.416666666666666, ""gross_delivery_t"": 15.416666666666666, ""order_month"": ""2040-04"", ""planned_arrival_month"": ""2041-04"", ""requested_t"": 15.416666666666666, ""shipment_id"": ""S0064"", ""source_id"": ""A"", ""source_name"": ""Earth-Core"", ""unfulfilled_request_t"": 0.0}, {""actual_arrival_month"": ""2041-05"", ""actual_delivery_share"": 1.0, ""availability_share"": 1.0, ""feasible_t"": 15.416666666666666, ""gross_delivery_t"": 15.416666666666666, ""order_month"": ""2040-05"", ""planned_arrival_month"": ""2041-05"", ""requested_t"": 15.416666666666666, ""shipment_id"": ""S0065"", ""source_id"": ""A"", ""source_name"": ""Earth-Core"", ""unfulfilled_request_t"": 0.0}, {""actual_arrival_month"": ""2041-06"", ""actual_delivery_share"": 1.0, ""availability_share"": 1.0, ""feasible_t"": 15.416666666666666, ""gross_delivery_t"": 15.416666666666666, ""order_month"": ""2040-06"", ""planned_arrival_month"": ""2041-06"", ""requested_t"": 15.416666666666666, ""shipment_id"": ""S0066"", ""source_id"": ""A"", ""source_name"": ""Earth-Core"", ""unfulfilled_request_t"": 0.0}, {""actual_arrival_month"": ""2041-07"", ""actual_delivery_share"": 1.0, ""availability_share"": 1.0, ""feasible_t"": 15.416666666666666, ""gross_delivery_t"": 15.416666666666666, ""order_month"": ""2040-07"", ""planned_arrival_month"": ""2041-07"", ""requested_t"": 15.416666666666666, ""shipment_id"": ""S0067"", ""source_id"": ""A"", ""source_name"": ""Earth-Core"", ""unfulfilled_request_t"": 0.0}, {""actual_arrival_month"": ""2041-08"", ""actual_delivery_share"": 1.0, ""availability_share"": 1.0, ""feasible_t"": 15.416666666666666, ""gross_delivery_t"": 15.416666666666666, ""order_month"": ""2040-08"", ""planned_arrival_month"": ""2041-08"", ""requested_t"": 15.416666666666666, ""shipment_id"": ""S0068"", ""source_id"": ""A"", ""source_name"": ""Earth-Core"", ""unfulfilled_request_t"": 0.0}, {""actual_arrival_month"": ""2041-09"", ""actual_delivery_share"": 1.0, ""availability_share"": 1.0, ""feasible_t"": 15.416666666666666, ""gross_delivery_t"": 15.416666666666666, ""order_month"": ""2040-09"", ""planned_arrival_month"": ""2041-09"", ""requested_t"": 15.416666666666666, ""shipment_id"": ""S0069"", ""source_id"": ""A"", ""source_name"": ""Earth-Core"", ""unfulfilled_request_t"": 0.0}, {""actual_arrival_month"": ""2040-10"", ""actual_delivery_share"": 1.0, ""availability_share"": 1.0, ""feasible_t"": 6.666666666666667, ""gross_delivery_t"": 6.666666666666667, ""order_month"": ""2040-06"", ""planned_arrival_month"": ""2040-10"", ""requested_t"": 6.666666666666667, ""shipment_id"": ""S0138"", ""source_id"": ""B"", ""source_name"": ""Earth-Flex"", ""unfulfilled_request_t"": 0.0}, {""actual_arrival_month"": ""2040-11"", ""actual_delivery_share"": 1.0, ""availability_share"": 1.0, ""feasible_t"": 6.666666666666667, ""gross_delivery_t"": 6.666666666666667, ""order_month"": ""2040-07"", ""planned_arrival_month"": ""2040-11"", ""requested_t"": 6.666666666666667, ""shipment_id"": ""S0139"", ""source_id"": ""B"", ""source_name"": ""Earth-Flex"", ""unfulfilled_request_t"": 0.0}, {""actual_arrival_month"": ""2040-12"", ""actual_delivery_share"": 1.0, ""availability_share"": 1.0, ""feasible_t"": 6.666666666666667, ""gross_delivery_t"": 6.666666666666667, ""order_month"": ""2040-08"", ""planned_arrival_month"": ""2040-12"", ""requested_t"": 6.666666666666667, ""shipment_id"": ""S0140"", ""source_id"": ""B"", ""source_name"": ""Earth-Flex"", ""unfulfilled_request_t"": 0.0}, {""actual_arrival_month"": ""2041-01"", ""actual_delivery_share"": 1.0, ""availability_share"": 1.0, ""feasible_t"": 6.666666666666667, ""gross_delivery_t"": 6.666666666666667, ""order_month"": ""2040-09"", ""planned_arrival_month"": ""2041-01"", ""requested_t"": 6.666666666666667, ""shipment_id"": ""S0141"", ""source_id"": ""B"", ""source_name"": ""Earth-Flex"", ""unfulfilled_request_t"": 0.0}]","{""A"": 15.0, ""B"": 6.666666666666667, ""C"": 10.416666666666666}","{""A"": 15.0, ""B"": 6.666666666666667, ""C"": 10.416666666666666}",32.083333333333336,0.385,31.698333333333334,31.698333333333334,0.0,31.698333333333334,23.958333333333332,7.740000000000002,0.0,5.676666666666659,0.0,ZBO,120.0,0.012,"[""ZBO"", ""EARTH_NEW""]",0.0,1.0,[]
2040-10,0.0,37.37499999999999,23.958333333333332,"{""A"": 190.0, ""B"": 100.0, ""C"": 130.0, ""D"": 0, ""E"": 40.0}","{""A"": 15.416666666666666, ""B"": 6.666666666666667, ""C"": 10.416666666666666}","[{""actual_arrival_month"": ""2040-11"", ""actual_delivery_share"": 1.0, ""availability_share"": 1.0, ""feasible_t"": 15.0, ""gross_delivery_t"": 15.0, ""order_month"": ""2039-11"", ""planned_arrival_month"": ""2040-11"", ""requested_t"": 15.0, ""shipment_id"": ""S0059"", ""source_id"": ""A"", ""source_name"": ""Earth-Core"", ""unfulfilled_request_t"": 0.0}, {""actual_arrival_month"": ""2040-12"", ""actual_delivery_share"": 1.0, ""availability_share"": 1.0, ""feasible_t"": 15.0, ""gross_delivery_t"": 15.0, ""order_month"": ""2039-12"", ""planned_arrival_month"": ""2040-12"", ""requested_t"": 15.0, ""shipment_id"": ""S0060"", ""source_id"": ""A"", ""source_name"": ""Earth-Core"", ""unfulfilled_request_t"": 0.0}, {""actual_arrival_month"": ""2041-01"", ""actual_delivery_share"": 1.0, ""availability_share"": 1.0, ""feasible_t"": 15.416666666666666, ""gross_delivery_t"": 15.416666666666666, ""order_month"": ""2040-01"", ""planned_arrival_month"": ""2041-01"", ""requested_t"": 15.416666666666666, ""shipment_id"": ""S0061"", ""source_id"": ""A"", ""source_name"": ""Earth-Core"", ""unfulfilled_request_t"": 0.0}, {""actual_arrival_month"": ""2041-02"", ""actual_delivery_share"": 1.0, ""availability_share"": 1.0, ""feasible_t"": 15.416666666666666, ""gross_delivery_t"": 15.416666666666666, ""order_month"": ""2040-02"", ""planned_arrival_month"": ""2041-02"", ""requested_t"": 15.416666666666666, ""shipment_id"": ""S0062"", ""source_id"": ""A"", ""source_name"": ""Earth-Core"", ""unfulfilled_request_t"": 0.0}, {""actual_arrival_month"": ""2041-03"", ""actual_delivery_share"": 1.0, ""availability_share"": 1.0, ""feasible_t"": 15.416666666666666, ""gross_delivery_t"": 15.416666666666666, ""order_month"": ""2040-03"", ""planned_arrival_month"": ""2041-03"", ""requested_t"": 15.416666666666666, ""shipment_id"": ""S0063"", ""source_id"": ""A"", ""source_name"": ""Earth-Core"", ""unfulfilled_request_t"": 0.0}, {""actual_arrival_month"": ""2041-04"", ""actual_delivery_share"": 1.0, ""availability_share"": 1.0, ""feasible_t"": 15.416666666666666, ""gross_delivery_t"": 15.416666666666666, ""order_month"": ""2040-04"", ""planned_arrival_month"": ""2041-04"", ""requested_t"": 15.416666666666666, ""shipment_id"": ""S0064"", ""source_id"": ""A"", ""source_name"": ""Earth-Core"", ""unfulfilled_request_t"": 0.0}, {""actual_arrival_month"": ""2041-05"", ""actual_delivery_share"": 1.0, ""availability_share"": 1.0, ""feasible_t"": 15.416666666666666, ""gross_delivery_t"": 15.416666666666666, ""order_month"": ""2040-05"", ""planned_arrival_month"": ""2041-05"", ""requested_t"": 15.416666666666666, ""shipment_id"": ""S0065"", ""source_id"": ""A"", ""source_name"": ""Earth-Core"", ""unfulfilled_request_t"": 0.0}, {""actual_arrival_month"": ""2041-06"", ""actual_delivery_share"": 1.0, ""availability_share"": 1.0, ""feasible_t"": 15.416666666666666, ""gross_delivery_t"": 15.416666666666666, ""order_month"": ""2040-06"", ""planned_arrival_month"": ""2041-06"", ""requested_t"": 15.416666666666666, ""shipment_id"": ""S0066"", ""source_id"": ""A"", ""source_name"": ""Earth-Core"", ""unfulfilled_request_t"": 0.0}, {""actual_arrival_month"": ""2041-07"", ""actual_delivery_share"": 1.0, ""availability_share"": 1.0, ""feasible_t"": 15.416666666666666, ""gross_delivery_t"": 15.416666666666666, ""order_month"": ""2040-07"", ""planned_arrival_month"": ""2041-07"", ""requested_t"": 15.416666666666666, ""shipment_id"": ""S0067"", ""source_id"": ""A"", ""source_name"": ""Earth-Core"", ""unfulfilled_request_t"": 0.0}, {""actual_arrival_month"": ""2041-08"", ""actual_delivery_share"": 1.0, ""availability_share"": 1.0, ""feasible_t"": 15.416666666666666, ""gross_delivery_t"": 15.416666666666666, ""order_month"": ""2040-08"", ""planned_arrival_month"": ""2041-08"", ""requested_t"": 15.416666666666666, ""shipment_id"": ""S0068"", ""source_id"": ""A"", ""source_name"": ""Earth-Core"", ""unfulfilled_request_t"": 0.0}, {""actual_arrival_month"": ""2041-09"", ""actual_delivery_share"": 1.0, ""availability_share"": 1.0, ""feasible_t"": 15.416666666666666, ""gross_delivery_t"": 15.416666666666666, ""order_month"": ""2040-09"", ""planned_arrival_month"": ""2041-09"", ""requested_t"": 15.416666666666666, ""shipment_id"": ""S0069"", ""source_id"": ""A"", ""source_name"": ""Earth-Core"", ""unfulfilled_request_t"": 0.0}, {""actual_arrival_month"": ""2041-10"", ""actual_delivery_share"": 1.0, ""availability_share"": 1.0, ""feasible_t"": 15.416666666666666, ""gross_delivery_t"": 15.416666666666666, ""order_month"": ""2040-10"", ""planned_arrival_month"": ""2041-10"", ""requested_t"": 15.416666666666666, ""shipment_id"": ""S0070"", ""source_id"": ""A"", ""source_name"": ""Earth-Core"", ""unfulfilled_request_t"": 0.0}, {""actual_arrival_month"": ""2040-11"", ""actual_delivery_share"": 1.0, ""availability_share"": 1.0, ""feasible_t"": 6.666666666666667, ""gross_delivery_t"": 6.666666666666667, ""order_month"": ""2040-07"", ""planned_arrival_month"": ""2040-11"", ""requested_t"": 6.666666666666667, ""shipment_id"": ""S0139"", ""source_id"": ""B"", ""source_name"": ""Earth-Flex"", ""unfulfilled_request_t"": 0.0}, {""actual_arrival_month"": ""2040-12"", ""actual_delivery_share"": 1.0, ""availability_share"": 1.0, ""feasible_t"": 6.666666666666667, ""gross_delivery_t"": 6.666666666666667, ""order_month"": ""2040-08"", ""planned_arrival_month"": ""2040-12"", ""requested_t"": 6.666666666666667, ""shipment_id"": ""S0140"", ""source_id"": ""B"", ""source_name"": ""Earth-Flex"", ""unfulfilled_request_t"": 0.0}, {""actual_arrival_month"": ""2041-01"", ""actual_delivery_share"": 1.0, ""availability_share"": 1.0, ""feasible_t"": 6.666666666666667, ""gross_delivery_t"": 6.666666666666667, ""order_month"": ""2040-09"", ""planned_arrival_month"": ""2041-01"", ""requested_t"": 6.666666666666667, ""shipment_id"": ""S0141"", ""source_id"": ""B"", ""source_name"": ""Earth-Flex"", ""unfulfilled_request_t"": 0.0}, {""actual_arrival_month"": ""2041-02"", ""actual_delivery_share"": 1.0, ""availability_share"": 1.0, ""feasible_t"": 6.666666666666667, ""gross_delivery_t"": 6.666666666666667, ""order_month"": ""2040-10"", ""planned_arrival_month"": ""2041-02"", ""requested_t"": 6.666666666666667, ""shipment_id"": ""S0142"", ""source_id"": ""B"", ""source_name"": ""Earth-Flex"", ""unfulfilled_request_t"": 0.0}]","{""A"": 15.0, ""B"": 6.666666666666667, ""C"": 10.416666666666666}","{""A"": 15.0, ""B"": 6.666666666666667, ""C"": 10.416666666666666}",32.083333333333336,0.385,31.698333333333334,31.698333333333334,0.0,31.698333333333334,23.958333333333332,7.740000000000002,0.0,5.676666666666659,0.0,ZBO,120.0,0.012,"[""ZBO"", ""EARTH_NEW""]",0.0,1.0,[]
2040-11,0.0,37.37499999999999,23.958333333333332,"{""A"": 190.0, ""B"": 100.0, ""C"": 130.0, ""D"": 0, ""E"": 40.0}","{""A"": 15.416666666666666, ""B"": 6.666666666666667, ""C"": 10.416666666666666}","[{""actual_arrival_month"": ""2040-12"", ""actual_delivery_share"": 1.0, ""availability_share"": 1.0, ""feasible_t"": 15.0, ""gross_delivery_t"": 15.0, ""order_month"": ""2039-12"", ""planned_arrival_month"": ""2040-12"", ""requested_t"": 15.0, ""shipment_id"": ""S0060"", ""source_id"": ""A"", ""source_name"": ""Earth-Core"", ""unfulfilled_request_t"": 0.0}, {""actual_arrival_month"": ""2041-01"", ""actual_delivery_share"": 1.0, ""availability_share"": 1.0, ""feasible_t"": 15.416666666666666, ""gross_delivery_t"": 15.416666666666666, ""order_month"": ""2040-01"", ""planned_arrival_month"": ""2041-01"", ""requested_t"": 15.416666666666666, ""shipment_id"": ""S0061"", ""source_id"": ""A"", ""source_name"": ""Earth-Core"", ""unfulfilled_request_t"": 0.0}, {""actual_arrival_month"": ""2041-02"", ""actual_delivery_share"": 1.0, ""availability_share"": 1.0, ""feasible_t"": 15.416666666666666, ""gross_delivery_t"": 15.416666666666666, ""order_month"": ""2040-02"", ""planned_arrival_month"": ""2041-02"", ""requested_t"": 15.416666666666666, ""shipment_id"": ""S0062"", ""source_id"": ""A"", ""source_name"": ""Earth-Core"", ""unfulfilled_request_t"": 0.0}, {""actual_arrival_month"": ""2041-03"", ""actual_delivery_share"": 1.0, ""availability_share"": 1.0, ""feasible_t"": 15.416666666666666, ""gross_delivery_t"": 15.416666666666666, ""order_month"": ""2040-03"", ""planned_arrival_month"": ""2041-03"", ""requested_t"": 15.416666666666666, ""shipment_id"": ""S0063"", ""source_id"": ""A"", ""source_name"": ""Earth-Core"", ""unfulfilled_request_t"": 0.0}, {""actual_arrival_month"": ""2041-04"", ""actual_delivery_share"": 1.0, ""availability_share"": 1.0, ""feasible_t"": 15.416666666666666, ""gross_delivery_t"": 15.416666666666666, ""order_month"": ""2040-04"", ""planned_arrival_month"": ""2041-04"", ""requested_t"": 15.416666666666666, ""shipment_id"": ""S0064"", ""source_id"": ""A"", ""source_name"": ""Earth-Core"", ""unfulfilled_request_t"": 0.0}, {""actual_arrival_month"": ""2041-05"", ""actual_delivery_share"": 1.0, ""availability_share"": 1.0, ""feasible_t"": 15.416666666666666, ""gross_delivery_t"": 15.416666666666666, ""order_month"": ""2040-05"", ""planned_arrival_month"": ""2041-05"", ""requested_t"": 15.416666666666666, ""shipment_id"": ""S0065"", ""source_id"": ""A"", ""source_name"": ""Earth-Core"", ""unfulfilled_request_t"": 0.0}, {""actual_arrival_month"": ""2041-06"", ""actual_delivery_share"": 1.0, ""availability_share"": 1.0, ""feasible_t"": 15.416666666666666, ""gross_delivery_t"": 15.416666666666666, ""order_month"": ""2040-06"", ""planned_arrival_month"": ""2041-06"", ""requested_t"": 15.416666666666666, ""shipment_id"": ""S0066"", ""source_id"": ""A"", ""source_name"": ""Earth-Core"", ""unfulfilled_request_t"": 0.0}, {""actual_arrival_month"": ""2041-07"", ""actual_delivery_share"": 1.0, ""availability_share"": 1.0, ""feasible_t"": 15.416666666666666, ""gross_delivery_t"": 15.416666666666666, ""order_month"": ""2040-07"", ""planned_arrival_month"": ""2041-07"", ""requested_t"": 15.416666666666666, ""shipment_id"": ""S0067"", ""source_id"": ""A"", ""source_name"": ""Earth-Core"", ""unfulfilled_request_t"": 0.0}, {""actual_arrival_month"": ""2041-08"", ""actual_delivery_share"": 1.0, ""availability_share"": 1.0, ""feasible_t"": 15.416666666666666, ""gross_delivery_t"": 15.416666666666666, ""order_month"": ""2040-08"", ""planned_arrival_month"": ""2041-08"", ""requested_t"": 15.416666666666666, ""shipment_id"": ""S0068"", ""source_id"": ""A"", ""source_name"": ""Earth-Core"", ""unfulfilled_request_t"": 0.0}, {""actual_arrival_month"": ""2041-09"", ""actual_delivery_share"": 1.0, ""availability_share"": 1.0, ""feasible_t"": 15.416666666666666, ""gross_delivery_t"": 15.416666666666666, ""order_month"": ""2040-09"", ""planned_arrival_month"": ""2041-09"", ""requested_t"": 15.416666666666666, ""shipment_id"": ""S0069"", ""source_id"": ""A"", ""source_name"": ""Earth-Core"", ""unfulfilled_request_t"": 0.0}, {""actual_arrival_month"": ""2041-10"", ""actual_delivery_share"": 1.0, ""availability_share"": 1.0, ""feasible_t"": 15.416666666666666, ""gross_delivery_t"": 15.416666666666666, ""order_month"": ""2040-10"", ""planned_arrival_month"": ""2041-10"", ""requested_t"": 15.416666666666666, ""shipment_id"": ""S0070"", ""source_id"": ""A"", ""source_name"": ""Earth-Core"", ""unfulfilled_request_t"": 0.0}, {""actual_arrival_month"": ""2041-11"", ""actual_delivery_share"": 1.0, ""availability_share"": 1.0, ""feasible_t"": 15.416666666666666, ""gross_delivery_t"": 15.416666666666666, ""order_month"": ""2040-11"", ""planned_arrival_month"": ""2041-11"", ""requested_t"": 15.416666666666666, ""shipment_id"": ""S0071"", ""source_id"": ""A"", ""source_name"": ""Earth-Core"", ""unfulfilled_request_t"": 0.0}, {""actual_arrival_month"": ""2040-12"", ""actual_delivery_share"": 1.0, ""availability_share"": 1.0, ""feasible_t"": 6.666666666666667, ""gross_delivery_t"": 6.666666666666667, ""order_month"": ""2040-08"", ""planned_arrival_month"": ""2040-12"", ""requested_t"": 6.666666666666667, ""shipment_id"": ""S0140"", ""source_id"": ""B"", ""source_name"": ""Earth-Flex"", ""unfulfilled_request_t"": 0.0}, {""actual_arrival_month"": ""2041-01"", ""actual_delivery_share"": 1.0, ""availability_share"": 1.0, ""feasible_t"": 6.666666666666667, ""gross_delivery_t"": 6.666666666666667, ""order_month"": ""2040-09"", ""planned_arrival_month"": ""2041-01"", ""requested_t"": 6.666666666666667, ""shipment_id"": ""S0141"", ""source_id"": ""B"", ""source_name"": ""Earth-Flex"", ""unfulfilled_request_t"": 0.0}, {""actual_arrival_month"": ""2041-02"", ""actual_delivery_share"": 1.0, ""availability_share"": 1.0, ""feasible_t"": 6.666666666666667, ""gross_delivery_t"": 6.666666666666667, ""order_month"": ""2040-10"", ""planned_arrival_month"": ""2041-02"", ""requested_t"": 6.666666666666667, ""shipment_id"": ""S0142"", ""source_id"": ""B"", ""source_name"": ""Earth-Flex"", ""unfulfilled_request_t"": 0.0}, {""actual_arrival_month"": ""2041-03"", ""actual_delivery_share"": 1.0, ""availability_share"": 1.0, ""feasible_t"": 6.666666666666667, ""gross_delivery_t"": 6.666666666666667, ""order_month"": ""2040-11"", ""planned_arrival_month"": ""2041-03"", ""requested_t"": 6.666666666666667, ""shipment_id"": ""S0143"", ""source_id"": ""B"", ""source_name"": ""Earth-Flex"", ""unfulfilled_request_t"": 0.0}]","{""A"": 15.0, ""B"": 6.666666666666667, ""C"": 10.416666666666666}","{""A"": 15.0, ""B"": 6.666666666666667, ""C"": 10.416666666666666}",32.083333333333336,0.385,31.698333333333334,31.698333333333334,0.0,31.698333333333334,23.958333333333332,7.740000000000002,0.0,5.676666666666659,0.0,ZBO,120.0,0.012,"[""ZBO"", ""EARTH_NEW""]",0.0,1.0,[]
2040-12,0.0,37.37499999999999,23.958333333333332,"{""A"": 190.0, ""B"": 100.0, ""C"": 130.0, ""D"": 0, ""E"": 40.0}","{""A"": 15.416666666666666, ""B"": 6.666666666666667, ""C"": 10.416666666666666}","[{""actual_arrival_month"": ""2041-01"", ""actual_delivery_share"": 1.0, ""availability_share"": 1.0, ""feasible_t"": 15.416666666666666, ""gross_delivery_t"": 15.416666666666666, ""order_month"": ""2040-01"", ""planned_arrival_month"": ""2041-01"", ""requested_t"": 15.416666666666666, ""shipment_id"": ""S0061"", ""source_id"": ""A"", ""source_name"": ""Earth-Core"", ""unfulfilled_request_t"": 0.0}, {""actual_arrival_month"": ""2041-02"", ""actual_delivery_share"": 1.0, ""availability_share"": 1.0, ""feasible_t"": 15.416666666666666, ""gross_delivery_t"": 15.416666666666666, ""order_month"": ""2040-02"", ""planned_arrival_month"": ""2041-02"", ""requested_t"": 15.416666666666666, ""shipment_id"": ""S0062"", ""source_id"": ""A"", ""source_name"": ""Earth-Core"", ""unfulfilled_request_t"": 0.0}, {""actual_arrival_month"": ""2041-03"", ""actual_delivery_share"": 1.0, ""availability_share"": 1.0, ""feasible_t"": 15.416666666666666, ""gross_delivery_t"": 15.416666666666666, ""order_month"": ""2040-03"", ""planned_arrival_month"": ""2041-03"", ""requested_t"": 15.416666666666666, ""shipment_id"": ""S0063"", ""source_id"": ""A"", ""source_name"": ""Earth-Core"", ""unfulfilled_request_t"": 0.0}, {""actual_arrival_month"": ""2041-04"", ""actual_delivery_share"": 1.0, ""availability_share"": 1.0, ""feasible_t"": 15.416666666666666, ""gross_delivery_t"": 15.416666666666666, ""order_month"": ""2040-04"", ""planned_arrival_month"": ""2041-04"", ""requested_t"": 15.416666666666666, ""shipment_id"": ""S0064"", ""source_id"": ""A"", ""source_name"": ""Earth-Core"", ""unfulfilled_request_t"": 0.0}, {""actual_arrival_month"": ""2041-05"", ""actual_delivery_share"": 1.0, ""availability_share"": 1.0, ""feasible_t"": 15.416666666666666, ""gross_delivery_t"": 15.416666666666666, ""order_month"": ""2040-05"", ""planned_arrival_month"": ""2041-05"", ""requested_t"": 15.416666666666666, ""shipment_id"": ""S0065"", ""source_id"": ""A"", ""source_name"": ""Earth-Core"", ""unfulfilled_request_t"": 0.0}, {""actual_arrival_month"": ""2041-06"", ""actual_delivery_share"": 1.0, ""availability_share"": 1.0, ""feasible_t"": 15.416666666666666, ""gross_delivery_t"": 15.416666666666666, ""order_month"": ""2040-06"", ""planned_arrival_month"": ""2041-06"", ""requested_t"": 15.416666666666666, ""shipment_id"": ""S0066"", ""source_id"": ""A"", ""source_name"": ""Earth-Core"", ""unfulfilled_request_t"": 0.0}, {""actual_arrival_month"": ""2041-07"", ""actual_delivery_share"": 1.0, ""availability_share"": 1.0, ""feasible_t"": 15.416666666666666, ""gross_delivery_t"": 15.416666666666666, ""order_month"": ""2040-07"", ""planned_arrival_month"": ""2041-07"", ""requested_t"": 15.416666666666666, ""shipment_id"": ""S0067"", ""source_id"": ""A"", ""source_name"": ""Earth-Core"", ""unfulfilled_request_t"": 0.0}, {""actual_arrival_month"": ""2041-08"", ""actual_delivery_share"": 1.0, ""availability_share"": 1.0, ""feasible_t"": 15.416666666666666, ""gross_delivery_t"": 15.416666666666666, ""order_month"": ""2040-08"", ""planned_arrival_month"": ""2041-08"", ""requested_t"": 15.416666666666666, ""shipment_id"": ""S0068"", ""source_id"": ""A"", ""source_name"": ""Earth-Core"", ""unfulfilled_request_t"": 0.0}, {""actual_arrival_month"": ""2041-09"", ""actual_delivery_share"": 1.0, ""availability_share"": 1.0, ""feasible_t"": 15.416666666666666, ""gross_delivery_t"": 15.416666666666666, ""order_month"": ""2040-09"", ""planned_arrival_month"": ""2041-09"", ""requested_t"": 15.416666666666666, ""shipment_id"": ""S0069"", ""source_id"": ""A"", ""source_name"": ""Earth-Core"", ""unfulfilled_request_t"": 0.0}, {""actual_arrival_month"": ""2041-10"", ""actual_delivery_share"": 1.0, ""availability_share"": 1.0, ""feasible_t"": 15.416666666666666, ""gross_delivery_t"": 15.416666666666666, ""order_month"": ""2040-10"", ""planned_arrival_month"": ""2041-10"", ""requested_t"": 15.416666666666666, ""shipment_id"": ""S0070"", ""source_id"": ""A"", ""source_name"": ""Earth-Core"", ""unfulfilled_request_t"": 0.0}, {""actual_arrival_month"": ""2041-11"", ""actual_delivery_share"": 1.0, ""availability_share"": 1.0, ""feasible_t"": 15.416666666666666, ""gross_delivery_t"": 15.416666666666666, ""order_month"": ""2040-11"", ""planned_arrival_month"": ""2041-11"", ""requested_t"": 15.416666666666666, ""shipment_id"": ""S0071"", ""source_id"": ""A"", ""source_name"": ""Earth-Core"", ""unfulfilled_request_t"": 0.0}, {""actual_arrival_month"": ""2041-12"", ""actual_delivery_share"": 1.0, ""availability_share"": 1.0, ""feasible_t"": 15.416666666666666, ""gross_delivery_t"": 15.416666666666666, ""order_month"": ""2040-12"", ""planned_arrival_month"": ""2041-12"", ""requested_t"": 15.416666666666666, ""shipment_id"": ""S0072"", ""source_id"": ""A"", ""source_name"": ""Earth-Core"", ""unfulfilled_request_t"": 0.0}, {""actual_arrival_month"": ""2041-01"", ""actual_delivery_share"": 1.0, ""availability_share"": 1.0, ""feasible_t"": 6.666666666666667, ""gross_delivery_t"": 6.666666666666667, ""order_month"": ""2040-09"", ""planned_arrival_month"": ""2041-01"", ""requested_t"": 6.666666666666667, ""shipment_id"": ""S0141"", ""source_id"": ""B"", ""source_name"": ""Earth-Flex"", ""unfulfilled_request_t"": 0.0}, {""actual_arrival_month"": ""2041-02"", ""actual_delivery_share"": 1.0, ""availability_share"": 1.0, ""feasible_t"": 6.666666666666667, ""gross_delivery_t"": 6.666666666666667, ""order_month"": ""2040-10"", ""planned_arrival_month"": ""2041-02"", ""requested_t"": 6.666666666666667, ""shipment_id"": ""S0142"", ""source_id"": ""B"", ""source_name"": ""Earth-Flex"", ""unfulfilled_request_t"": 0.0}, {""actual_arrival_month"": ""2041-03"", ""actual_delivery_share"": 1.0, ""availability_share"": 1.0, ""feasible_t"": 6.666666666666667, ""gross_delivery_t"": 6.666666666666667, ""order_month"": ""2040-11"", ""planned_arrival_month"": ""2041-03"", ""requested_t"": 6.666666666666667, ""shipment_id"": ""S0143"", ""source_id"": ""B"", ""source_name"": ""Earth-Flex"", ""unfulfilled_request_t"": 0.0}, {""actual_arrival_month"": ""2041-04"", ""actual_delivery_share"": 1.0, ""availability_share"": 1.0, ""feasible_t"": 6.666666666666667, ""gross_delivery_t"": 6.666666666666667, ""order_month"": ""2040-12"", ""planned_arrival_month"": ""2041-04"", ""requested_t"": 6.666666666666667, ""shipment_id"": ""S0144"", ""source_id"": ""B"", ""source_name"": ""Earth-Flex"", ""unfulfilled_request_t"": 0.0}]","{""A"": 15.0, ""B"": 6.666666666666667, ""C"": 10.416666666666666}","{""A"": 15.0, ""B"": 6.666666666666667, ""C"": 10.416666666666666}",32.083333333333336,0.385,31.698333333333334,31.698333333333334,0.0,31.698333333333334,23.958333333333332,7.740000000000002,0.0,5.676666666666659,0.0,ZBO,120.0,0.012,"[""ZBO"", ""EARTH_NEW""]",0.0,1.0,[]
