month,opening_inventory_t,demand_total_t,demand_critical_t,reserved_by_source,requested_order_by_source,pipeline,planned_arrival_by_source,gross_delivery_by_source,gross_delivery_t,losses_t,net_delivery_t,accepted_delivery_t,overflow_t,available_inventory_t,served_critical_t,served_noncritical_t,shortage_critical_t,shortage_noncritical_t,closing_inventory_t,active_storage_id,active_storage_capacity_t,active_loss_rate,active_investments,holding_cost_mln,fixed_opex_mln,violations
2035-01,60.0000000000095,8.333333333333334,6.666666666666667,"{""A"": 120.0, ""B"": 90.0, ""C"": 0, ""D"": 0, ""E"": 0}","{""A"": 10.0, ""B"": 7.5}","[{""actual_arrival_month"": ""2036-01"", ""actual_delivery_share"": 1.0, ""availability_share"": 1.0, ""feasible_t"": 10.0, ""gross_delivery_t"": 10.0, ""order_month"": ""2035-01"", ""ordered_t"": 10.0, ""planned_arrival_month"": ""2036-01"", ""requested_t"": 10.0, ""shipment_id"": ""S0001"", ""source_id"": ""A"", ""source_name"": ""Earth-Core"", ""unfulfilled_request_t"": 0.0}, {""actual_arrival_month"": ""2035-05"", ""actual_delivery_share"": 1.0, ""availability_share"": 1.0, ""feasible_t"": 7.5, ""gross_delivery_t"": 7.5, ""order_month"": ""2035-01"", ""ordered_t"": 7.5, ""planned_arrival_month"": ""2035-05"", ""requested_t"": 7.5, ""shipment_id"": ""S0061"", ""source_id"": ""B"", ""source_name"": ""Earth-Flex"", ""unfulfilled_request_t"": 0.0}]",{},{},0,0.0,0.0,0.0,0.0,60.0000000000095,6.666666666666667,1.666666666666667,0.0,0.0,51.66666666667617,BASE,70.0,0.045,[],3.35000000000057,0.0,[]
2035-02,51.66666666667617,8.333333333333334,6.666666666666667,"{""A"": 120.0, ""B"": 90.0, ""C"": 0, ""D"": 0, ""E"": 0}","{""A"": 10.0, ""B"": 7.5}","[{""actual_arrival_month"": ""2036-01"", ""actual_delivery_share"": 1.0, ""availability_share"": 1.0, ""feasible_t"": 10.0, ""gross_delivery_t"": 10.0, ""order_month"": ""2035-01"", ""ordered_t"": 10.0, ""planned_arrival_month"": ""2036-01"", ""requested_t"": 10.0, ""shipment_id"": ""S0001"", ""source_id"": ""A"", ""source_name"": ""Earth-Core"", ""unfulfilled_request_t"": 0.0}, {""actual_arrival_month"": ""2036-02"", ""actual_delivery_share"": 1.0, ""availability_share"": 1.0, ""feasible_t"": 10.0, ""gross_delivery_t"": 10.0, ""order_month"": ""2035-02"", ""ordered_t"": 10.0, ""planned_arrival_month"": ""2036-02"", ""requested_t"": 10.0, ""shipment_id"": ""S0002"", ""source_id"": ""A"", ""source_name"": ""Earth-Core"", ""unfulfilled_request_t"": 0.0}, {""actual_arrival_month"": ""2035-05"", ""actual_delivery_share"": 1.0, ""availability_share"": 1.0, ""feasible_t"": 7.5, ""gross_delivery_t"": 7.5, ""order_month"": ""2035-01"", ""ordered_t"": 7.5, ""planned_arrival_month"": ""2035-05"", ""requested_t"": 7.5, ""shipment_id"": ""S0061"", ""source_id"": ""B"", ""source_name"": ""Earth-Flex"", ""unfulfilled_request_t"": 0.0}, {""actual_arrival_month"": ""2035-06"", ""actual_delivery_share"": 1.0, ""availability_share"": 1.0, ""feasible_t"": 7.5, ""gross_delivery_t"": 7.5, ""order_month"": ""2035-02"", ""ordered_t"": 7.5, ""planned_arrival_month"": ""2035-06"", ""requested_t"": 7.5, ""shipment_id"": ""S0062"", ""source_id"": ""B"", ""source_name"": ""Earth-Flex"", ""unfulfilled_request_t"": 0.0}]",{},{},0,0.0,0.0,0.0,0.0,51.66666666667617,6.666666666666667,1.666666666666667,0.0,0.0,43.33333333334284,BASE,70.0,0.045,[],2.8500000000005703,0.0,[]
2035-03,43.33333333334284,8.333333333333334,6.666666666666667,"{""A"": 120.0, ""B"": 90.0, ""C"": 0, ""D"": 0, ""E"": 0}","{""A"": 10.0, ""B"": 7.5}","[{""actual_arrival_month"": ""2036-01"", ""actual_delivery_share"": 1.0, ""availability_share"": 1.0, ""feasible_t"": 10.0, ""gross_delivery_t"": 10.0, ""order_month"": ""2035-01"", ""ordered_t"": 10.0, ""planned_arrival_month"": ""2036-01"", ""requested_t"": 10.0, ""shipment_id"": ""S0001"", ""source_id"": ""A"", ""source_name"": ""Earth-Core"", ""unfulfilled_request_t"": 0.0}, {""actual_arrival_month"": ""2036-02"", ""actual_delivery_share"": 1.0, ""availability_share"": 1.0, ""feasible_t"": 10.0, ""gross_delivery_t"": 10.0, ""order_month"": ""2035-02"", ""ordered_t"": 10.0, ""planned_arrival_month"": ""2036-02"", ""requested_t"": 10.0, ""shipment_id"": ""S0002"", ""source_id"": ""A"", ""source_name"": ""Earth-Core"", ""unfulfilled_request_t"": 0.0}, {""actual_arrival_month"": ""2036-03"", ""actual_delivery_share"": 1.0, ""availability_share"": 1.0, ""feasible_t"": 10.0, ""gross_delivery_t"": 10.0, ""order_month"": ""2035-03"", ""ordered_t"": 10.0, ""planned_arrival_month"": ""2036-03"", ""requested_t"": 10.0, ""shipment_id"": ""S0003"", ""source_id"": ""A"", ""source_name"": ""Earth-Core"", ""unfulfilled_request_t"": 0.0}, {""actual_arrival_month"": ""2035-05"", ""actual_delivery_share"": 1.0, ""availability_share"": 1.0, ""feasible_t"": 7.5, ""gross_delivery_t"": 7.5, ""order_month"": ""2035-01"", ""ordered_t"": 7.5, ""planned_arrival_month"": ""2035-05"", ""requested_t"": 7.5, ""shipment_id"": ""S0061"", ""source_id"": ""B"", ""source_name"": ""Earth-Flex"", ""unfulfilled_request_t"": 0.0}, {""actual_arrival_month"": ""2035-06"", ""actual_delivery_share"": 1.0, ""availability_share"": 1.0, ""feasible_t"": 7.5, ""gross_delivery_t"": 7.5, ""order_month"": ""2035-02"", ""ordered_t"": 7.5, ""planned_arrival_month"": ""2035-06"", ""requested_t"": 7.5, ""shipment_id"": ""S0062"", ""source_id"": ""B"", ""source_name"": ""Earth-Flex"", ""unfulfilled_request_t"": 0.0}, {""actual_arrival_month"": ""2035-07"", ""actual_delivery_share"": 1.0, ""availability_share"": 1.0, ""feasible_t"": 7.5, ""gross_delivery_t"": 7.5, ""order_month"": ""2035-03"", ""ordered_t"": 7.5, ""planned_arrival_month"": ""2035-07"", ""requested_t"": 7.5, ""shipment_id"": ""S0063"", ""source_id"": ""B"", ""source_name"": ""Earth-Flex"", ""unfulfilled_request_t"": 0.0}]",{},{},0,0.0,0.0,0.0,0.0,43.33333333334284,6.666666666666667,1.666666666666667,0.0,0.0,35.000000000009514,BASE,70.0,0.045,[],2.3500000000005707,0.0,[]
2035-04,35.000000000009514,8.333333333333334,6.666666666666667,"{""A"": 120.0, ""B"": 90.0, ""C"": 0, ""D"": 0, ""E"": 0}","{""A"": 10.0, ""B"": 7.5}","[{""actual_arrival_month"": ""2036-01"", ""actual_delivery_share"": 1.0, ""availability_share"": 1.0, ""feasible_t"": 10.0, ""gross_delivery_t"": 10.0, ""order_month"": ""2035-01"", ""ordered_t"": 10.0, ""planned_arrival_month"": ""2036-01"", ""requested_t"": 10.0, ""shipment_id"": ""S0001"", ""source_id"": ""A"", ""source_name"": ""Earth-Core"", ""unfulfilled_request_t"": 0.0}, {""actual_arrival_month"": ""2036-02"", ""actual_delivery_share"": 1.0, ""availability_share"": 1.0, ""feasible_t"": 10.0, ""gross_delivery_t"": 10.0, ""order_month"": ""2035-02"", ""ordered_t"": 10.0, ""planned_arrival_month"": ""2036-02"", ""requested_t"": 10.0, ""shipment_id"": ""S0002"", ""source_id"": ""A"", ""source_name"": ""Earth-Core"", ""unfulfilled_request_t"": 0.0}, {""actual_arrival_month"": ""2036-03"", ""actual_delivery_share"": 1.0, ""availability_share"": 1.0, ""feasible_t"": 10.0, ""gross_delivery_t"": 10.0, ""order_month"": ""2035-03"", ""ordered_t"": 10.0, ""planned_arrival_month"": ""2036-03"", ""requested_t"": 10.0, ""shipment_id"": ""S0003"", ""source_id"": ""A"", ""source_name"": ""Earth-Core"", ""unfulfilled_request_t"": 0.0}, {""actual_arrival_month"": ""2036-04"", ""actual_delivery_share"": 1.0, ""availability_share"": 1.0, ""feasible_t"": 10.0, ""gross_delivery_t"": 10.0, ""order_month"": ""2035-04"", ""ordered_t"": 10.0, ""planned_arrival_month"": ""2036-04"", ""requested_t"": 10.0, ""shipment_id"": ""S0004"", ""source_id"": ""A"", ""source_name"": ""Earth-Core"", ""unfulfilled_request_t"": 0.0}, {""actual_arrival_month"": ""2035-05"", ""actual_delivery_share"": 1.0, ""availability_share"": 1.0, ""feasible_t"": 7.5, ""gross_delivery_t"": 7.5, ""order_month"": ""2035-01"", ""ordered_t"": 7.5, ""planned_arrival_month"": ""2035-05"", ""requested_t"": 7.5, ""shipment_id"": ""S0061"", ""source_id"": ""B"", ""source_name"": ""Earth-Flex"", ""unfulfilled_request_t"": 0.0}, {""actual_arrival_month"": ""2035-06"", ""actual_delivery_share"": 1.0, ""availability_share"": 1.0, ""feasible_t"": 7.5, ""gross_delivery_t"": 7.5, ""order_month"": ""2035-02"", ""ordered_t"": 7.5, ""planned_arrival_month"": ""2035-06"", ""requested_t"": 7.5, ""shipment_id"": ""S0062"", ""source_id"": ""B"", ""source_name"": ""Earth-Flex"", ""unfulfilled_request_t"": 0.0}, {""actual_arrival_month"": ""2035-07"", ""actual_delivery_share"": 1.0, ""availability_share"": 1.0, ""feasible_t"": 7.5, ""gross_delivery_t"": 7.5, ""order_month"": ""2035-03"", ""ordered_t"": 7.5, ""planned_arrival_month"": ""2035-07"", ""requested_t"": 7.5, ""shipment_id"": ""S0063"", ""source_id"": ""B"", ""source_name"": ""Earth-Flex"", ""unfulfilled_request_t"": 0.0}, {""actual_arrival_month"": ""2035-08"", ""actual_delivery_share"": 1.0, ""availability_share"": 1.0, ""feasible_t"": 7.5, ""gross_delivery_t"": 7.5, ""order_month"": ""2035-04"", ""ordered_t"": 7.5, ""planned_arrival_month"": ""2035-08"", ""requested_t"": 7.5, ""shipment_id"": ""S0064"", ""source_id"": ""B"", ""source_name"": ""Earth-Flex"", ""unfulfilled_request_t"": 0.0}]",{},{},0,0.0,0.0,0.0,0.0,35.000000000009514,6.666666666666667,1.666666666666667,0.0,0.0,26.66666666667618,BASE,70.0,0.045,[],1.8500000000005707,0.0,[]
2035-05,26.66666666667618,8.333333333333334,6.666666666666667,"{""A"": 120.0, ""B"": 90.0, ""C"": 0, ""D"": 0, ""E"": 0}","{""A"": 10.0, ""B"": 7.5}","[{""actual_arrival_month"": ""2036-01"", ""actual_delivery_share"": 1.0, ""availability_share"": 1.0, ""feasible_t"": 10.0, ""gross_delivery_t"": 10.0, ""order_month"": ""2035-01"", ""ordered_t"": 10.0, ""planned_arrival_month"": ""2036-01"", ""requested_t"": 10.0, ""shipment_id"": ""S0001"", ""source_id"": ""A"", ""source_name"": ""Earth-Core"", ""unfulfilled_request_t"": 0.0}, {""actual_arrival_month"": ""2036-02"", ""actual_delivery_share"": 1.0, ""availability_share"": 1.0, ""feasible_t"": 10.0, ""gross_delivery_t"": 10.0, ""order_month"": ""2035-02"", ""ordered_t"": 10.0, ""planned_arrival_month"": ""2036-02"", ""requested_t"": 10.0, ""shipment_id"": ""S0002"", ""source_id"": ""A"", ""source_name"": ""Earth-Core"", ""unfulfilled_request_t"": 0.0}, {""actual_arrival_month"": ""2036-03"", ""actual_delivery_share"": 1.0, ""availability_share"": 1.0, ""feasible_t"": 10.0, ""gross_delivery_t"": 10.0, ""order_month"": ""2035-03"", ""ordered_t"": 10.0, ""planned_arrival_month"": ""2036-03"", ""requested_t"": 10.0, ""shipment_id"": ""S0003"", ""source_id"": ""A"", ""source_name"": ""Earth-Core"", ""unfulfilled_request_t"": 0.0}, {""actual_arrival_month"": ""2036-04"", ""actual_delivery_share"": 1.0, ""availability_share"": 1.0, ""feasible_t"": 10.0, ""gross_delivery_t"": 10.0, ""order_month"": ""2035-04"", ""ordered_t"": 10.0, ""planned_arrival_month"": ""2036-04"", ""requested_t"": 10.0, ""shipment_id"": ""S0004"", ""source_id"": ""A"", ""source_name"": ""Earth-Core"", ""unfulfilled_request_t"": 0.0}, {""actual_arrival_month"": ""2036-05"", ""actual_delivery_share"": 1.0, ""availability_share"": 1.0, ""feasible_t"": 10.0, ""gross_delivery_t"": 10.0, ""order_month"": ""2035-05"", ""ordered_t"": 10.0, ""planned_arrival_month"": ""2036-05"", ""requested_t"": 10.0, ""shipment_id"": ""S0005"", ""source_id"": ""A"", ""source_name"": ""Earth-Core"", ""unfulfilled_request_t"": 0.0}, {""actual_arrival_month"": ""2035-06"", ""actual_delivery_share"": 1.0, ""availability_share"": 1.0, ""feasible_t"": 7.5, ""gross_delivery_t"": 7.5, ""order_month"": ""2035-02"", ""ordered_t"": 7.5, ""planned_arrival_month"": ""2035-06"", ""requested_t"": 7.5, ""shipment_id"": ""S0062"", ""source_id"": ""B"", ""source_name"": ""Earth-Flex"", ""unfulfilled_request_t"": 0.0}, {""actual_arrival_month"": ""2035-07"", ""actual_delivery_share"": 1.0, ""availability_share"": 1.0, ""feasible_t"": 7.5, ""gross_delivery_t"": 7.5, ""order_month"": ""2035-03"", ""ordered_t"": 7.5, ""planned_arrival_month"": ""2035-07"", ""requested_t"": 7.5, ""shipment_id"": ""S0063"", ""source_id"": ""B"", ""source_name"": ""Earth-Flex"", ""unfulfilled_request_t"": 0.0}, {""actual_arrival_month"": ""2035-08"", ""actual_delivery_share"": 1.0, ""availability_share"": 1.0, ""feasible_t"": 7.5, ""gross_delivery_t"": 7.5, ""order_month"": ""2035-04"", ""ordered_t"": 7.5, ""planned_arrival_month"": ""2035-08"", ""requested_t"": 7.5, ""shipment_id"": ""S0064"", ""source_id"": ""B"", ""source_name"": ""Earth-Flex"", ""unfulfilled_request_t"": 0.0}, {""actual_arrival_month"": ""2035-09"", ""actual_delivery_share"": 1.0, ""availability_share"": 1.0, ""feasible_t"": 7.5, ""gross_delivery_t"": 7.5, ""order_month"": ""2035-05"", ""ordered_t"": 7.5, ""planned_arrival_month"": ""2035-09"", ""requested_t"": 7.5, ""shipment_id"": ""S0065"", ""source_id"": ""B"", ""source_name"": ""Earth-Flex"", ""unfulfilled_request_t"": 0.0}]","{""B"": 7.5}","{""B"": 7.5}",7.5,0.33749999999999997,7.1625,7.1625,0.0,33.82916666667618,6.666666666666667,1.666666666666667,0.0,0.0,25.495833333342844,BASE,70.0,0.045,[],1.5648750000005707,0.0,[]
2035-06,25.495833333342844,8.333333333333334,6.666666666666667,"{""A"": 120.0, ""B"": 90.0, ""C"": 0, ""D"": 0, ""E"": 0}","{""A"": 10.0, ""B"": 7.5}","[{""actual_arrival_month"": ""2036-01"", ""actual_delivery_share"": 1.0, ""availability_share"": 1.0, ""feasible_t"": 10.0, ""gross_delivery_t"": 10.0, ""order_month"": ""2035-01"", ""ordered_t"": 10.0, ""planned_arrival_month"": ""2036-01"", ""requested_t"": 10.0, ""shipment_id"": ""S0001"", ""source_id"": ""A"", ""source_name"": ""Earth-Core"", ""unfulfilled_request_t"": 0.0}, {""actual_arrival_month"": ""2036-02"", ""actual_delivery_share"": 1.0, ""availability_share"": 1.0, ""feasible_t"": 10.0, ""gross_delivery_t"": 10.0, ""order_month"": ""2035-02"", ""ordered_t"": 10.0, ""planned_arrival_month"": ""2036-02"", ""requested_t"": 10.0, ""shipment_id"": ""S0002"", ""source_id"": ""A"", ""source_name"": ""Earth-Core"", ""unfulfilled_request_t"": 0.0}, {""actual_arrival_month"": ""2036-03"", ""actual_delivery_share"": 1.0, ""availability_share"": 1.0, ""feasible_t"": 10.0, ""gross_delivery_t"": 10.0, ""order_month"": ""2035-03"", ""ordered_t"": 10.0, ""planned_arrival_month"": ""2036-03"", ""requested_t"": 10.0, ""shipment_id"": ""S0003"", ""source_id"": ""A"", ""source_name"": ""Earth-Core"", ""unfulfilled_request_t"": 0.0}, {""actual_arrival_month"": ""2036-04"", ""actual_delivery_share"": 1.0, ""availability_share"": 1.0, ""feasible_t"": 10.0, ""gross_delivery_t"": 10.0, ""order_month"": ""2035-04"", ""ordered_t"": 10.0, ""planned_arrival_month"": ""2036-04"", ""requested_t"": 10.0, ""shipment_id"": ""S0004"", ""source_id"": ""A"", ""source_name"": ""Earth-Core"", ""unfulfilled_request_t"": 0.0}, {""actual_arrival_month"": ""2036-05"", ""actual_delivery_share"": 1.0, ""availability_share"": 1.0, ""feasible_t"": 10.0, ""gross_delivery_t"": 10.0, ""order_month"": ""2035-05"", ""ordered_t"": 10.0, ""planned_arrival_month"": ""2036-05"", ""requested_t"": 10.0, ""shipment_id"": ""S0005"", ""source_id"": ""A"", ""source_name"": ""Earth-Core"", ""unfulfilled_request_t"": 0.0}, {""actual_arrival_month"": ""2036-06"", ""actual_delivery_share"": 1.0, ""availability_share"": 1.0, ""feasible_t"": 10.0, ""gross_delivery_t"": 10.0, ""order_month"": ""2035-06"", ""ordered_t"": 10.0, ""planned_arrival_month"": ""2036-06"", ""requested_t"": 10.0, ""shipment_id"": ""S0006"", ""source_id"": ""A"", ""source_name"": ""Earth-Core"", ""unfulfilled_request_t"": 0.0}, {""actual_arrival_month"": ""2035-07"", ""actual_delivery_share"": 1.0, ""availability_share"": 1.0, ""feasible_t"": 7.5, ""gross_delivery_t"": 7.5, ""order_month"": ""2035-03"", ""ordered_t"": 7.5, ""planned_arrival_month"": ""2035-07"", ""requested_t"": 7.5, ""shipment_id"": ""S0063"", ""source_id"": ""B"", ""source_name"": ""Earth-Flex"", ""unfulfilled_request_t"": 0.0}, {""actual_arrival_month"": ""2035-08"", ""actual_delivery_share"": 1.0, ""availability_share"": 1.0, ""feasible_t"": 7.5, ""gross_delivery_t"": 7.5, ""order_month"": ""2035-04"", ""ordered_t"": 7.5, ""planned_arrival_month"": ""2035-08"", ""requested_t"": 7.5, ""shipment_id"": ""S0064"", ""source_id"": ""B"", ""source_name"": ""Earth-Flex"", ""unfulfilled_request_t"": 0.0}, {""actual_arrival_month"": ""2035-09"", ""actual_delivery_share"": 1.0, ""availability_share"": 1.0, ""feasible_t"": 7.5, ""gross_delivery_t"": 7.5, ""order_month"": ""2035-05"", ""ordered_t"": 7.5, ""planned_arrival_month"": ""2035-09"", ""requested_t"": 7.5, ""shipment_id"": ""S0065"", ""source_id"": ""B"", ""source_name"": ""Earth-Flex"", ""unfulfilled_request_t"": 0.0}, {""actual_arrival_month"": ""2035-10"", ""actual_delivery_share"": 1.0, ""availability_share"": 1.0, ""feasible_t"": 7.5, ""gross_delivery_t"": 7.5, ""order_month"": ""2035-06"", ""ordered_t"": 7.5, ""planned_arrival_month"": ""2035-10"", ""requested_t"": 7.5, ""shipment_id"": ""S0066"", ""source_id"": ""B"", ""source_name"": ""Earth-Flex"", ""unfulfilled_request_t"": 0.0}]","{""B"": 7.5}","{""B"": 7.5}",7.5,0.33749999999999997,7.1625,7.1625,0.0,32.658333333342846,6.666666666666667,1.666666666666667,0.0,0.0,24.32500000000951,BASE,70.0,0.045,[],1.4946250000005705,0.0,[]
2035-07,24.32500000000951,8.333333333333334,6.666666666666667,"{""A"": 120.0, ""B"": 90.0, ""C"": 0, ""D"": 0, ""E"": 0}","{""A"": 10.0, ""B"": 7.5}","[{""actual_arrival_month"": ""2036-01"", ""actual_delivery_share"": 1.0, ""availability_share"": 1.0, ""feasible_t"": 10.0, ""gross_delivery_t"": 10.0, ""order_month"": ""2035-01"", ""ordered_t"": 10.0, ""planned_arrival_month"": ""2036-01"", ""requested_t"": 10.0, ""shipment_id"": ""S0001"", ""source_id"": ""A"", ""source_name"": ""Earth-Core"", ""unfulfilled_request_t"": 0.0}, {""actual_arrival_month"": ""2036-02"", ""actual_delivery_share"": 1.0, ""availability_share"": 1.0, ""feasible_t"": 10.0, ""gross_delivery_t"": 10.0, ""order_month"": ""2035-02"", ""ordered_t"": 10.0, ""planned_arrival_month"": ""2036-02"", ""requested_t"": 10.0, ""shipment_id"": ""S0002"", ""source_id"": ""A"", ""source_name"": ""Earth-Core"", ""unfulfilled_request_t"": 0.0}, {""actual_arrival_month"": ""2036-03"", ""actual_delivery_share"": 1.0, ""availability_share"": 1.0, ""feasible_t"": 10.0, ""gross_delivery_t"": 10.0, ""order_month"": ""2035-03"", ""ordered_t"": 10.0, ""planned_arrival_month"": ""2036-03"", ""requested_t"": 10.0, ""shipment_id"": ""S0003"", ""source_id"": ""A"", ""source_name"": ""Earth-Core"", ""unfulfilled_request_t"": 0.0}, {""actual_arrival_month"": ""2036-04"", ""actual_delivery_share"": 1.0, ""availability_share"": 1.0, ""feasible_t"": 10.0, ""gross_delivery_t"": 10.0, ""order_month"": ""2035-04"", ""ordered_t"": 10.0, ""planned_arrival_month"": ""2036-04"", ""requested_t"": 10.0, ""shipment_id"": ""S0004"", ""source_id"": ""A"", ""source_name"": ""Earth-Core"", ""unfulfilled_request_t"": 0.0}, {""actual_arrival_month"": ""2036-05"", ""actual_delivery_share"": 1.0, ""availability_share"": 1.0, ""feasible_t"": 10.0, ""gross_delivery_t"": 10.0, ""order_month"": ""2035-05"", ""ordered_t"": 10.0, ""planned_arrival_month"": ""2036-05"", ""requested_t"": 10.0, ""shipment_id"": ""S0005"", ""source_id"": ""A"", ""source_name"": ""Earth-Core"", ""unfulfilled_request_t"": 0.0}, {""actual_arrival_month"": ""2036-06"", ""actual_delivery_share"": 1.0, ""availability_share"": 1.0, ""feasible_t"": 10.0, ""gross_delivery_t"": 10.0, ""order_month"": ""2035-06"", ""ordered_t"": 10.0, ""planned_arrival_month"": ""2036-06"", ""requested_t"": 10.0, ""shipment_id"": ""S0006"", ""source_id"": ""A"", ""source_name"": ""Earth-Core"", ""unfulfilled_request_t"": 0.0}, {""actual_arrival_month"": ""2036-07"", ""actual_delivery_share"": 1.0, ""availability_share"": 1.0, ""feasible_t"": 10.0, ""gross_delivery_t"": 10.0, ""order_month"": ""2035-07"", ""ordered_t"": 10.0, ""planned_arrival_month"": ""2036-07"", ""requested_t"": 10.0, ""shipment_id"": ""S0007"", ""source_id"": ""A"", ""source_name"": ""Earth-Core"", ""unfulfilled_request_t"": 0.0}, {""actual_arrival_month"": ""2035-08"", ""actual_delivery_share"": 1.0, ""availability_share"": 1.0, ""feasible_t"": 7.5, ""gross_delivery_t"": 7.5, ""order_month"": ""2035-04"", ""ordered_t"": 7.5, ""planned_arrival_month"": ""2035-08"", ""requested_t"": 7.5, ""shipment_id"": ""S0064"", ""source_id"": ""B"", ""source_name"": ""Earth-Flex"", ""unfulfilled_request_t"": 0.0}, {""actual_arrival_month"": ""2035-09"", ""actual_delivery_share"": 1.0, ""availability_share"": 1.0, ""feasible_t"": 7.5, ""gross_delivery_t"": 7.5, ""order_month"": ""2035-05"", ""ordered_t"": 7.5, ""planned_arrival_month"": ""2035-09"", ""requested_t"": 7.5, ""shipment_id"": ""S0065"", ""source_id"": ""B"", ""source_name"": ""Earth-Flex"", ""unfulfilled_request_t"": 0.0}, {""actual_arrival_month"": ""2035-10"", ""actual_delivery_share"": 1.0, ""availability_share"": 1.0, ""feasible_t"": 7.5, ""gross_delivery_t"": 7.5, ""order_month"": ""2035-06"", ""ordered_t"": 7.5, ""planned_arrival_month"": ""2035-10"", ""requested_t"": 7.5, ""shipment_id"": ""S0066"", ""source_id"": ""B"", ""source_name"": ""Earth-Flex"", ""unfulfilled_request_t"": 0.0}, {""actual_arrival_month"": ""2035-11"", ""actual_delivery_share"": 1.0, ""availability_share"": 1.0, ""feasible_t"": 7.5, ""gross_delivery_t"": 7.5, ""order_month"": ""2035-07"", ""ordered_t"": 7.5, ""planned_arrival_month"": ""2035-11"", ""requested_t"": 7.5, ""shipment_id"": ""S0067"", ""source_id"": ""B"", ""source_name"": ""Earth-Flex"", ""unfulfilled_request_t"": 0.0}]","{""B"": 7.5}","{""B"": 7.5}",7.5,0.33749999999999997,7.1625,7.1625,0.0,31.48750000000951,6.666666666666667,1.666666666666667,0.0,0.0,23.154166666676176,BASE,70.0,0.045,[],1.4243750000005706,0.0,[]
2035-08,23.154166666676176,8.333333333333334,6.666666666666667,"{""A"": 120.0, ""B"": 90.0, ""C"": 0, ""D"": 0, ""E"": 0}","{""A"": 10.0, ""B"": 7.5}","[{""actual_arrival_month"": ""2036-01"", ""actual_delivery_share"": 1.0, ""availability_share"": 1.0, ""feasible_t"": 10.0, ""gross_delivery_t"": 10.0, ""order_month"": ""2035-01"", ""ordered_t"": 10.0, ""planned_arrival_month"": ""2036-01"", ""requested_t"": 10.0, ""shipment_id"": ""S0001"", ""source_id"": ""A"", ""source_name"": ""Earth-Core"", ""unfulfilled_request_t"": 0.0}, {""actual_arrival_month"": ""2036-02"", ""actual_delivery_share"": 1.0, ""availability_share"": 1.0, ""feasible_t"": 10.0, ""gross_delivery_t"": 10.0, ""order_month"": ""2035-02"", ""ordered_t"": 10.0, ""planned_arrival_month"": ""2036-02"", ""requested_t"": 10.0, ""shipment_id"": ""S0002"", ""source_id"": ""A"", ""source_name"": ""Earth-Core"", ""unfulfilled_request_t"": 0.0}, {""actual_arrival_month"": ""2036-03"", ""actual_delivery_share"": 1.0, ""availability_share"": 1.0, ""feasible_t"": 10.0, ""gross_delivery_t"": 10.0, ""order_month"": ""2035-03"", ""ordered_t"": 10.0, ""planned_arrival_month"": ""2036-03"", ""requested_t"": 10.0, ""shipment_id"": ""S0003"", ""source_id"": ""A"", ""source_name"": ""Earth-Core"", ""unfulfilled_request_t"": 0.0}, {""actual_arrival_month"": ""2036-04"", ""actual_delivery_share"": 1.0, ""availability_share"": 1.0, ""feasible_t"": 10.0, ""gross_delivery_t"": 10.0, ""order_month"": ""2035-04"", ""ordered_t"": 10.0, ""planned_arrival_month"": ""2036-04"", ""requested_t"": 10.0, ""shipment_id"": ""S0004"", ""source_id"": ""A"", ""source_name"": ""Earth-Core"", ""unfulfilled_request_t"": 0.0}, {""actual_arrival_month"": ""2036-05"", ""actual_delivery_share"": 1.0, ""availability_share"": 1.0, ""feasible_t"": 10.0, ""gross_delivery_t"": 10.0, ""order_month"": ""2035-05"", ""ordered_t"": 10.0, ""planned_arrival_month"": ""2036-05"", ""requested_t"": 10.0, ""shipment_id"": ""S0005"", ""source_id"": ""A"", ""source_name"": ""Earth-Core"", ""unfulfilled_request_t"": 0.0}, {""actual_arrival_month"": ""2036-06"", ""actual_delivery_share"": 1.0, ""availability_share"": 1.0, ""feasible_t"": 10.0, ""gross_delivery_t"": 10.0, ""order_month"": ""2035-06"", ""ordered_t"": 10.0, ""planned_arrival_month"": ""2036-06"", ""requested_t"": 10.0, ""shipment_id"": ""S0006"", ""source_id"": ""A"", ""source_name"": ""Earth-Core"", ""unfulfilled_request_t"": 0.0}, {""actual_arrival_month"": ""2036-07"", ""actual_delivery_share"": 1.0, ""availability_share"": 1.0, ""feasible_t"": 10.0, ""gross_delivery_t"": 10.0, ""order_month"": ""2035-07"", ""ordered_t"": 10.0, ""planned_arrival_month"": ""2036-07"", ""requested_t"": 10.0, ""shipment_id"": ""S0007"", ""source_id"": ""A"", ""source_name"": ""Earth-Core"", ""unfulfilled_request_t"": 0.0}, {""actual_arrival_month"": ""2036-08"", ""actual_delivery_share"": 1.0, ""availability_share"": 1.0, ""feasible_t"": 10.0, ""gross_delivery_t"": 10.0, ""order_month"": ""2035-08"", ""ordered_t"": 10.0, ""planned_arrival_month"": ""2036-08"", ""requested_t"": 10.0, ""shipment_id"": ""S0008"", ""source_id"": ""A"", ""source_name"": ""Earth-Core"", ""unfulfilled_request_t"": 0.0}, {""actual_arrival_month"": ""2035-09"", ""actual_delivery_share"": 1.0, ""availability_share"": 1.0, ""feasible_t"": 7.5, ""gross_delivery_t"": 7.5, ""order_month"": ""2035-05"", ""ordered_t"": 7.5, ""planned_arrival_month"": ""2035-09"", ""requested_t"": 7.5, ""shipment_id"": ""S0065"", ""source_id"": ""B"", ""source_name"": ""Earth-Flex"", ""unfulfilled_request_t"": 0.0}, {""actual_arrival_month"": ""2035-10"", ""actual_delivery_share"": 1.0, ""availability_share"": 1.0, ""feasible_t"": 7.5, ""gross_delivery_t"": 7.5, ""order_month"": ""2035-06"", ""ordered_t"": 7.5, ""planned_arrival_month"": ""2035-10"", ""requested_t"": 7.5, ""shipment_id"": ""S0066"", ""source_id"": ""B"", ""source_name"": ""Earth-Flex"", ""unfulfilled_request_t"": 0.0}, {""actual_arrival_month"": ""2035-11"", ""actual_delivery_share"": 1.0, ""availability_share"": 1.0, ""feasible_t"": 7.5, ""gross_delivery_t"": 7.5, ""order_month"": ""2035-07"", ""ordered_t"": 7.5, ""planned_arrival_month"": ""2035-11"", ""requested_t"": 7.5, ""shipment_id"": ""S0067"", ""source_id"": ""B"", ""source_name"": ""Earth-Flex"", ""unfulfilled_request_t"": 0.0}, {""actual_arrival_month"": ""2035-12"", ""actual_delivery_share"": 1.0, ""availability_share"": 1.0, ""feasible_t"": 7.5, ""gross_delivery_t"": 7.5, ""order_month"": ""2035-08"", ""ordered_t"": 7.5, ""planned_arrival_month"": ""2035-12"", ""requested_t"": 7.5, ""shipment_id"": ""S0068"", ""source_id"": ""B"", ""source_name"": ""Earth-Flex"", ""unfulfilled_request_t"": 0.0}]","{""B"": 7.5}","{""B"": 7.5}",7.5,0.33749999999999997,7.1625,7.1625,0.0,30.316666666676177,6.666666666666667,1.666666666666667,0.0,0.0,21.98333333334284,BASE,70.0,0.045,[],1.3541250000005707,0.0,[]
2035-09,21.98333333334284,8.333333333333334,6.666666666666667,"{""A"": 120.0, ""B"": 90.0, ""C"": 0, ""D"": 0, ""E"": 0}","{""A"": 10.0, ""B"": 7.5}","[{""actual_arrival_month"": ""2036-01"", ""actual_delivery_share"": 1.0, ""availability_share"": 1.0, ""feasible_t"": 10.0, ""gross_delivery_t"": 10.0, ""order_month"": ""2035-01"", ""ordered_t"": 10.0, ""planned_arrival_month"": ""2036-01"", ""requested_t"": 10.0, ""shipment_id"": ""S0001"", ""source_id"": ""A"", ""source_name"": ""Earth-Core"", ""unfulfilled_request_t"": 0.0}, {""actual_arrival_month"": ""2036-02"", ""actual_delivery_share"": 1.0, ""availability_share"": 1.0, ""feasible_t"": 10.0, ""gross_delivery_t"": 10.0, ""order_month"": ""2035-02"", ""ordered_t"": 10.0, ""planned_arrival_month"": ""2036-02"", ""requested_t"": 10.0, ""shipment_id"": ""S0002"", ""source_id"": ""A"", ""source_name"": ""Earth-Core"", ""unfulfilled_request_t"": 0.0}, {""actual_arrival_month"": ""2036-03"", ""actual_delivery_share"": 1.0, ""availability_share"": 1.0, ""feasible_t"": 10.0, ""gross_delivery_t"": 10.0, ""order_month"": ""2035-03"", ""ordered_t"": 10.0, ""planned_arrival_month"": ""2036-03"", ""requested_t"": 10.0, ""shipment_id"": ""S0003"", ""source_id"": ""A"", ""source_name"": ""Earth-Core"", ""unfulfilled_request_t"": 0.0}, {""actual_arrival_month"": ""2036-04"", ""actual_delivery_share"": 1.0, ""availability_share"": 1.0, ""feasible_t"": 10.0, ""gross_delivery_t"": 10.0, ""order_month"": ""2035-04"", ""ordered_t"": 10.0, ""planned_arrival_month"": ""2036-04"", ""requested_t"": 10.0, ""shipment_id"": ""S0004"", ""source_id"": ""A"", ""source_name"": ""Earth-Core"", ""unfulfilled_request_t"": 0.0}, {""actual_arrival_month"": ""2036-05"", ""actual_delivery_share"": 1.0, ""availability_share"": 1.0, ""feasible_t"": 10.0, ""gross_delivery_t"": 10.0, ""order_month"": ""2035-05"", ""ordered_t"": 10.0, ""planned_arrival_month"": ""2036-05"", ""requested_t"": 10.0, ""shipment_id"": ""S0005"", ""source_id"": ""A"", ""source_name"": ""Earth-Core"", ""unfulfilled_request_t"": 0.0}, {""actual_arrival_month"": ""2036-06"", ""actual_delivery_share"": 1.0, ""availability_share"": 1.0, ""feasible_t"": 10.0, ""gross_delivery_t"": 10.0, ""order_month"": ""2035-06"", ""ordered_t"": 10.0, ""planned_arrival_month"": ""2036-06"", ""requested_t"": 10.0, ""shipment_id"": ""S0006"", ""source_id"": ""A"", ""source_name"": ""Earth-Core"", ""unfulfilled_request_t"": 0.0}, {""actual_arrival_month"": ""2036-07"", ""actual_delivery_share"": 1.0, ""availability_share"": 1.0, ""feasible_t"": 10.0, ""gross_delivery_t"": 10.0, ""order_month"": ""2035-07"", ""ordered_t"": 10.0, ""planned_arrival_month"": ""2036-07"", ""requested_t"": 10.0, ""shipment_id"": ""S0007"", ""source_id"": ""A"", ""source_name"": ""Earth-Core"", ""unfulfilled_request_t"": 0.0}, {""actual_arrival_month"": ""2036-08"", ""actual_delivery_share"": 1.0, ""availability_share"": 1.0, ""feasible_t"": 10.0, ""gross_delivery_t"": 10.0, ""order_month"": ""2035-08"", ""ordered_t"": 10.0, ""planned_arrival_month"": ""2036-08"", ""requested_t"": 10.0, ""shipment_id"": ""S0008"", ""source_id"": ""A"", ""source_name"": ""Earth-Core"", ""unfulfilled_request_t"": 0.0}, {""actual_arrival_month"": ""2036-09"", ""actual_delivery_share"": 1.0, ""availability_share"": 1.0, ""feasible_t"": 10.0, ""gross_delivery_t"": 10.0, ""order_month"": ""2035-09"", ""ordered_t"": 10.0, ""planned_arrival_month"": ""2036-09"", ""requested_t"": 10.0, ""shipment_id"": ""S0009"", ""source_id"": ""A"", ""source_name"": ""Earth-Core"", ""unfulfilled_request_t"": 0.0}, {""actual_arrival_month"": ""2035-10"", ""actual_delivery_share"": 1.0, ""availability_share"": 1.0, ""feasible_t"": 7.5, ""gross_delivery_t"": 7.5, ""order_month"": ""2035-06"", ""ordered_t"": 7.5, ""planned_arrival_month"": ""2035-10"", ""requested_t"": 7.5, ""shipment_id"": ""S0066"", ""source_id"": ""B"", ""source_name"": ""Earth-Flex"", ""unfulfilled_request_t"": 0.0}, {""actual_arrival_month"": ""2035-11"", ""actual_delivery_share"": 1.0, ""availability_share"": 1.0, ""feasible_t"": 7.5, ""gross_delivery_t"": 7.5, ""order_month"": ""2035-07"", ""ordered_t"": 7.5, ""planned_arrival_month"": ""2035-11"", ""requested_t"": 7.5, ""shipment_id"": ""S0067"", ""source_id"": ""B"", ""source_name"": ""Earth-Flex"", ""unfulfilled_request_t"": 0.0}, {""actual_arrival_month"": ""2035-12"", ""actual_delivery_share"": 1.0, ""availability_share"": 1.0, ""feasible_t"": 7.5, ""gross_delivery_t"": 7.5, ""order_month"": ""2035-08"", ""ordered_t"": 7.5, ""planned_arrival_month"": ""2035-12"", ""requested_t"": 7.5, ""shipment_id"": ""S0068"", ""source_id"": ""B"", ""source_name"": ""Earth-Flex"", ""unfulfilled_request_t"": 0.0}, {""actual_arrival_month"": ""2036-01"", ""actual_delivery_share"": 1.0, ""availability_share"": 1.0, ""feasible_t"": 7.5, ""gross_delivery_t"": 7.5, ""order_month"": ""2035-09"", ""ordered_t"": 7.5, ""planned_arrival_month"": ""2036-01"", ""requested_t"": 7.5, ""shipment_id"": ""S0069"", ""source_id"": ""B"", ""source_name"": ""Earth-Flex"", ""unfulfilled_request_t"": 0.0}]","{""B"": 7.5}","{""B"": 7.5}",7.5,0.33749999999999997,7.1625,7.1625,0.0,29.145833333342843,6.666666666666667,1.666666666666667,0.0,0.0,20.812500000009507,BASE,70.0,0.045,[],1.2838750000005705,0.0,[]
2035-10,20.812500000009507,8.333333333333334,6.666666666666667,"{""A"": 120.0, ""B"": 90.0, ""C"": 0, ""D"": 0, ""E"": 0}","{""A"": 10.0, ""B"": 7.5}","[{""actual_arrival_month"": ""2036-01"", ""actual_delivery_share"": 1.0, ""availability_share"": 1.0, ""feasible_t"": 10.0, ""gross_delivery_t"": 10.0, ""order_month"": ""2035-01"", ""ordered_t"": 10.0, ""planned_arrival_month"": ""2036-01"", ""requested_t"": 10.0, ""shipment_id"": ""S0001"", ""source_id"": ""A"", ""source_name"": ""Earth-Core"", ""unfulfilled_request_t"": 0.0}, {""actual_arrival_month"": ""2036-02"", ""actual_delivery_share"": 1.0, ""availability_share"": 1.0, ""feasible_t"": 10.0, ""gross_delivery_t"": 10.0, ""order_month"": ""2035-02"", ""ordered_t"": 10.0, ""planned_arrival_month"": ""2036-02"", ""requested_t"": 10.0, ""shipment_id"": ""S0002"", ""source_id"": ""A"", ""source_name"": ""Earth-Core"", ""unfulfilled_request_t"": 0.0}, {""actual_arrival_month"": ""2036-03"", ""actual_delivery_share"": 1.0, ""availability_share"": 1.0, ""feasible_t"": 10.0, ""gross_delivery_t"": 10.0, ""order_month"": ""2035-03"", ""ordered_t"": 10.0, ""planned_arrival_month"": ""2036-03"", ""requested_t"": 10.0, ""shipment_id"": ""S0003"", ""source_id"": ""A"", ""source_name"": ""Earth-Core"", ""unfulfilled_request_t"": 0.0}, {""actual_arrival_month"": ""2036-04"", ""actual_delivery_share"": 1.0, ""availability_share"": 1.0, ""feasible_t"": 10.0, ""gross_delivery_t"": 10.0, ""order_month"": ""2035-04"", ""ordered_t"": 10.0, ""planned_arrival_month"": ""2036-04"", ""requested_t"": 10.0, ""shipment_id"": ""S0004"", ""source_id"": ""A"", ""source_name"": ""Earth-Core"", ""unfulfilled_request_t"": 0.0}, {""actual_arrival_month"": ""2036-05"", ""actual_delivery_share"": 1.0, ""availability_share"": 1.0, ""feasible_t"": 10.0, ""gross_delivery_t"": 10.0, ""order_month"": ""2035-05"", ""ordered_t"": 10.0, ""planned_arrival_month"": ""2036-05"", ""requested_t"": 10.0, ""shipment_id"": ""S0005"", ""source_id"": ""A"", ""source_name"": ""Earth-Core"", ""unfulfilled_request_t"": 0.0}, {""actual_arrival_month"": ""2036-06"", ""actual_delivery_share"": 1.0, ""availability_share"": 1.0, ""feasible_t"": 10.0, ""gross_delivery_t"": 10.0, ""order_month"": ""2035-06"", ""ordered_t"": 10.0, ""planned_arrival_month"": ""2036-06"", ""requested_t"": 10.0, ""shipment_id"": ""S0006"", ""source_id"": ""A"", ""source_name"": ""Earth-Core"", ""unfulfilled_request_t"": 0.0}, {""actual_arrival_month"": ""2036-07"", ""actual_delivery_share"": 1.0, ""availability_share"": 1.0, ""feasible_t"": 10.0, ""gross_delivery_t"": 10.0, ""order_month"": ""2035-07"", ""ordered_t"": 10.0, ""planned_arrival_month"": ""2036-07"", ""requested_t"": 10.0, ""shipment_id"": ""S0007"", ""source_id"": ""A"", ""source_name"": ""Earth-Core"", ""unfulfilled_request_t"": 0.0}, {""actual_arrival_month"": ""2036-08"", ""actual_delivery_share"": 1.0, ""availability_share"": 1.0, ""feasible_t"": 10.0, ""gross_delivery_t"": 10.0, ""order_month"": ""2035-08"", ""ordered_t"": 10.0, ""planned_arrival_month"": ""2036-08"", ""requested_t"": 10.0, ""shipment_id"": ""S0008"", ""source_id"": ""A"", ""source_name"": ""Earth-Core"", ""unfulfilled_request_t"": 0.0}, {""actual_arrival_month"": ""2036-09"", ""actual_delivery_share"": 1.0, ""availability_share"": 1.0, ""feasible_t"": 10.0, ""gross_delivery_t"": 10.0, ""order_month"": ""2035-09"", ""ordered_t"": 10.0, ""planned_arrival_month"": ""2036-09"", ""requested_t"": 10.0, ""shipment_id"": ""S0009"", ""source_id"": ""A"", ""source_name"": ""Earth-Core"", ""unfulfilled_request_t"": 0.0}, {""actual_arrival_month"": ""2036-10"", ""actual_delivery_share"": 1.0, ""availability_share"": 1.0, ""feasible_t"": 10.0, ""gross_delivery_t"": 10.0, ""order_month"": ""2035-10"", ""ordered_t"": 10.0, ""planned_arrival_month"": ""2036-10"", ""requested_t"": 10.0, ""shipment_id"": ""S0010"", ""source_id"": ""A"", ""source_name"": ""Earth-Core"", ""unfulfilled_request_t"": 0.0}, {""actual_arrival_month"": ""2035-11"", ""actual_delivery_share"": 1.0, ""availability_share"": 1.0, ""feasible_t"": 7.5, ""gross_delivery_t"": 7.5, ""order_month"": ""2035-07"", ""ordered_t"": 7.5, ""planned_arrival_month"": ""2035-11"", ""requested_t"": 7.5, ""shipment_id"": ""S0067"", ""source_id"": ""B"", ""source_name"": ""Earth-Flex"", ""unfulfilled_request_t"": 0.0}, {""actual_arrival_month"": ""2035-12"", ""actual_delivery_share"": 1.0, ""availability_share"": 1.0, ""feasible_t"": 7.5, ""gross_delivery_t"": 7.5, ""order_month"": ""2035-08"", ""ordered_t"": 7.5, ""planned_arrival_month"": ""2035-12"", ""requested_t"": 7.5, ""shipment_id"": ""S0068"", ""source_id"": ""B"", ""source_name"": ""Earth-Flex"", ""unfulfilled_request_t"": 0.0}, {""actual_arrival_month"": ""2036-01"", ""actual_delivery_share"": 1.0, ""availability_share"": 1.0, ""feasible_t"": 7.5, ""gross_delivery_t"": 7.5, ""order_month"": ""2035-09"", ""ordered_t"": 7.5, ""planned_arrival_month"": ""2036-01"", ""requested_t"": 7.5, ""shipment_id"": ""S0069"", ""source_id"": ""B"", ""source_name"": ""Earth-Flex"", ""unfulfilled_request_t"": 0.0}, {""actual_arrival_month"": ""2036-02"", ""actual_delivery_share"": 1.0, ""availability_share"": 1.0, ""feasible_t"": 7.5, ""gross_delivery_t"": 7.5, ""order_month"": ""2035-10"", ""ordered_t"": 7.5, ""planned_arrival_month"": ""2036-02"", ""requested_t"": 7.5, ""shipment_id"": ""S0070"", ""source_id"": ""B"", ""source_name"": ""Earth-Flex"", ""unfulfilled_request_t"": 0.0}]","{""B"": 7.5}","{""B"": 7.5}",7.5,0.33749999999999997,7.1625,7.1625,0.0,27.97500000000951,6.666666666666667,1.666666666666667,0.0,0.0,19.641666666676173,BASE,70.0,0.045,[],1.2136250000005704,0.0,[]
2035-11,19.641666666676173,8.333333333333334,6.666666666666667,"{""A"": 120.0, ""B"": 90.0, ""C"": 0, ""D"": 0, ""E"": 0}","{""A"": 10.0, ""B"": 7.5}","[{""actual_arrival_month"": ""2036-01"", ""actual_delivery_share"": 1.0, ""availability_share"": 1.0, ""feasible_t"": 10.0, ""gross_delivery_t"": 10.0, ""order_month"": ""2035-01"", ""ordered_t"": 10.0, ""planned_arrival_month"": ""2036-01"", ""requested_t"": 10.0, ""shipment_id"": ""S0001"", ""source_id"": ""A"", ""source_name"": ""Earth-Core"", ""unfulfilled_request_t"": 0.0}, {""actual_arrival_month"": ""2036-02"", ""actual_delivery_share"": 1.0, ""availability_share"": 1.0, ""feasible_t"": 10.0, ""gross_delivery_t"": 10.0, ""order_month"": ""2035-02"", ""ordered_t"": 10.0, ""planned_arrival_month"": ""2036-02"", ""requested_t"": 10.0, ""shipment_id"": ""S0002"", ""source_id"": ""A"", ""source_name"": ""Earth-Core"", ""unfulfilled_request_t"": 0.0}, {""actual_arrival_month"": ""2036-03"", ""actual_delivery_share"": 1.0, ""availability_share"": 1.0, ""feasible_t"": 10.0, ""gross_delivery_t"": 10.0, ""order_month"": ""2035-03"", ""ordered_t"": 10.0, ""planned_arrival_month"": ""2036-03"", ""requested_t"": 10.0, ""shipment_id"": ""S0003"", ""source_id"": ""A"", ""source_name"": ""Earth-Core"", ""unfulfilled_request_t"": 0.0}, {""actual_arrival_month"": ""2036-04"", ""actual_delivery_share"": 1.0, ""availability_share"": 1.0, ""feasible_t"": 10.0, ""gross_delivery_t"": 10.0, ""order_month"": ""2035-04"", ""ordered_t"": 10.0, ""planned_arrival_month"": ""2036-04"", ""requested_t"": 10.0, ""shipment_id"": ""S0004"", ""source_id"": ""A"", ""source_name"": ""Earth-Core"", ""unfulfilled_request_t"": 0.0}, {""actual_arrival_month"": ""2036-05"", ""actual_delivery_share"": 1.0, ""availability_share"": 1.0, ""feasible_t"": 10.0, ""gross_delivery_t"": 10.0, ""order_month"": ""2035-05"", ""ordered_t"": 10.0, ""planned_arrival_month"": ""2036-05"", ""requested_t"": 10.0, ""shipment_id"": ""S0005"", ""source_id"": ""A"", ""source_name"": ""Earth-Core"", ""unfulfilled_request_t"": 0.0}, {""actual_arrival_month"": ""2036-06"", ""actual_delivery_share"": 1.0, ""availability_share"": 1.0, ""feasible_t"": 10.0, ""gross_delivery_t"": 10.0, ""order_month"": ""2035-06"", ""ordered_t"": 10.0, ""planned_arrival_month"": ""2036-06"", ""requested_t"": 10.0, ""shipment_id"": ""S0006"", ""source_id"": ""A"", ""source_name"": ""Earth-Core"", ""unfulfilled_request_t"": 0.0}, {""actual_arrival_month"": ""2036-07"", ""actual_delivery_share"": 1.0, ""availability_share"": 1.0, ""feasible_t"": 10.0, ""gross_delivery_t"": 10.0, ""order_month"": ""2035-07"", ""ordered_t"": 10.0, ""planned_arrival_month"": ""2036-07"", ""requested_t"": 10.0, ""shipment_id"": ""S0007"", ""source_id"": ""A"", ""source_name"": ""Earth-Core"", ""unfulfilled_request_t"": 0.0}, {""actual_arrival_month"": ""2036-08"", ""actual_delivery_share"": 1.0, ""availability_share"": 1.0, ""feasible_t"": 10.0, ""gross_delivery_t"": 10.0, ""order_month"": ""2035-08"", ""ordered_t"": 10.0, ""planned_arrival_month"": ""2036-08"", ""requested_t"": 10.0, ""shipment_id"": ""S0008"", ""source_id"": ""A"", ""source_name"": ""Earth-Core"", ""unfulfilled_request_t"": 0.0}, {""actual_arrival_month"": ""2036-09"", ""actual_delivery_share"": 1.0, ""availability_share"": 1.0, ""feasible_t"": 10.0, ""gross_delivery_t"": 10.0, ""order_month"": ""2035-09"", ""ordered_t"": 10.0, ""planned_arrival_month"": ""2036-09"", ""requested_t"": 10.0, ""shipment_id"": ""S0009"", ""source_id"": ""A"", ""source_name"": ""Earth-Core"", ""unfulfilled_request_t"": 0.0}, {""actual_arrival_month"": ""2036-10"", ""actual_delivery_share"": 1.0, ""availability_share"": 1.0, ""feasible_t"": 10.0, ""gross_delivery_t"": 10.0, ""order_month"": ""2035-10"", ""ordered_t"": 10.0, ""planned_arrival_month"": ""2036-10"", ""requested_t"": 10.0, ""shipment_id"": ""S0010"", ""source_id"": ""A"", ""source_name"": ""Earth-Core"", ""unfulfilled_request_t"": 0.0}, {""actual_arrival_month"": ""2036-11"", ""actual_delivery_share"": 1.0, ""availability_share"": 1.0, ""feasible_t"": 10.0, ""gross_delivery_t"": 10.0, ""order_month"": ""2035-11"", ""ordered_t"": 10.0, ""planned_arrival_month"": ""2036-11"", ""requested_t"": 10.0, ""shipment_id"": ""S0011"", ""source_id"": ""A"", ""source_name"": ""Earth-Core"", ""unfulfilled_request_t"": 0.0}, {""actual_arrival_month"": ""2035-12"", ""actual_delivery_share"": 1.0, ""availability_share"": 1.0, ""feasible_t"": 7.5, ""gross_delivery_t"": 7.5, ""order_month"": ""2035-08"", ""ordered_t"": 7.5, ""planned_arrival_month"": ""2035-12"", ""requested_t"": 7.5, ""shipment_id"": ""S0068"", ""source_id"": ""B"", ""source_name"": ""Earth-Flex"", ""unfulfilled_request_t"": 0.0}, {""actual_arrival_month"": ""2036-01"", ""actual_delivery_share"": 1.0, ""availability_share"": 1.0, ""feasible_t"": 7.5, ""gross_delivery_t"": 7.5, ""order_month"": ""2035-09"", ""ordered_t"": 7.5, ""planned_arrival_month"": ""2036-01"", ""requested_t"": 7.5, ""shipment_id"": ""S0069"", ""source_id"": ""B"", ""source_name"": ""Earth-Flex"", ""unfulfilled_request_t"": 0.0}, {""actual_arrival_month"": ""2036-02"", ""actual_delivery_share"": 1.0, ""availability_share"": 1.0, ""feasible_t"": 7.5, ""gross_delivery_t"": 7.5, ""order_month"": ""2035-10"", ""ordered_t"": 7.5, ""planned_arrival_month"": ""2036-02"", ""requested_t"": 7.5, ""shipment_id"": ""S0070"", ""source_id"": ""B"", ""source_name"": ""Earth-Flex"", ""unfulfilled_request_t"": 0.0}, {""actual_arrival_month"": ""2036-03"", ""actual_delivery_share"": 1.0, ""availability_share"": 1.0, ""feasible_t"": 7.5, ""gross_delivery_t"": 7.5, ""order_month"": ""2035-11"", ""ordered_t"": 7.5, ""planned_arrival_month"": ""2036-03"", ""requested_t"": 7.5, ""shipment_id"": ""S0071"", ""source_id"": ""B"", ""source_name"": ""Earth-Flex"", ""unfulfilled_request_t"": 0.0}]","{""B"": 7.5}","{""B"": 7.5}",7.5,0.33749999999999997,7.1625,7.1625,0.0,26.804166666676174,6.666666666666667,1.666666666666667,0.0,0.0,18.47083333334284,BASE,70.0,0.045,[],1.1433750000005702,0.0,[]
2035-12,18.47083333334284,8.333333333333334,6.666666666666667,"{""A"": 120.0, ""B"": 90.0, ""C"": 0, ""D"": 0, ""E"": 0}","{""A"": 10.0, ""B"": 7.5}","[{""actual_arrival_month"": ""2036-01"", ""actual_delivery_share"": 1.0, ""availability_share"": 1.0, ""feasible_t"": 10.0, ""gross_delivery_t"": 10.0, ""order_month"": ""2035-01"", ""ordered_t"": 10.0, ""planned_arrival_month"": ""2036-01"", ""requested_t"": 10.0, ""shipment_id"": ""S0001"", ""source_id"": ""A"", ""source_name"": ""Earth-Core"", ""unfulfilled_request_t"": 0.0}, {""actual_arrival_month"": ""2036-02"", ""actual_delivery_share"": 1.0, ""availability_share"": 1.0, ""feasible_t"": 10.0, ""gross_delivery_t"": 10.0, ""order_month"": ""2035-02"", ""ordered_t"": 10.0, ""planned_arrival_month"": ""2036-02"", ""requested_t"": 10.0, ""shipment_id"": ""S0002"", ""source_id"": ""A"", ""source_name"": ""Earth-Core"", ""unfulfilled_request_t"": 0.0}, {""actual_arrival_month"": ""2036-03"", ""actual_delivery_share"": 1.0, ""availability_share"": 1.0, ""feasible_t"": 10.0, ""gross_delivery_t"": 10.0, ""order_month"": ""2035-03"", ""ordered_t"": 10.0, ""planned_arrival_month"": ""2036-03"", ""requested_t"": 10.0, ""shipment_id"": ""S0003"", ""source_id"": ""A"", ""source_name"": ""Earth-Core"", ""unfulfilled_request_t"": 0.0}, {""actual_arrival_month"": ""2036-04"", ""actual_delivery_share"": 1.0, ""availability_share"": 1.0, ""feasible_t"": 10.0, ""gross_delivery_t"": 10.0, ""order_month"": ""2035-04"", ""ordered_t"": 10.0, ""planned_arrival_month"": ""2036-04"", ""requested_t"": 10.0, ""shipment_id"": ""S0004"", ""source_id"": ""A"", ""source_name"": ""Earth-Core"", ""unfulfilled_request_t"": 0.0}, {""actual_arrival_month"": ""2036-05"", ""actual_delivery_share"": 1.0, ""availability_share"": 1.0, ""feasible_t"": 10.0, ""gross_delivery_t"": 10.0, ""order_month"": ""2035-05"", ""ordered_t"": 10.0, ""planned_arrival_month"": ""2036-05"", ""requested_t"": 10.0, ""shipment_id"": ""S0005"", ""source_id"": ""A"", ""source_name"": ""Earth-Core"", ""unfulfilled_request_t"": 0.0}, {""actual_arrival_month"": ""2036-06"", ""actual_delivery_share"": 1.0, ""availability_share"": 1.0, ""feasible_t"": 10.0, ""gross_delivery_t"": 10.0, ""order_month"": ""2035-06"", ""ordered_t"": 10.0, ""planned_arrival_month"": ""2036-06"", ""requested_t"": 10.0, ""shipment_id"": ""S0006"", ""source_id"": ""A"", ""source_name"": ""Earth-Core"", ""unfulfilled_request_t"": 0.0}, {""actual_arrival_month"": ""2036-07"", ""actual_delivery_share"": 1.0, ""availability_share"": 1.0, ""feasible_t"": 10.0, ""gross_delivery_t"": 10.0, ""order_month"": ""2035-07"", ""ordered_t"": 10.0, ""planned_arrival_month"": ""2036-07"", ""requested_t"": 10.0, ""shipment_id"": ""S0007"", ""source_id"": ""A"", ""source_name"": ""Earth-Core"", ""unfulfilled_request_t"": 0.0}, {""actual_arrival_month"": ""2036-08"", ""actual_delivery_share"": 1.0, ""availability_share"": 1.0, ""feasible_t"": 10.0, ""gross_delivery_t"": 10.0, ""order_month"": ""2035-08"", ""ordered_t"": 10.0, ""planned_arrival_month"": ""2036-08"", ""requested_t"": 10.0, ""shipment_id"": ""S0008"", ""source_id"": ""A"", ""source_name"": ""Earth-Core"", ""unfulfilled_request_t"": 0.0}, {""actual_arrival_month"": ""2036-09"", ""actual_delivery_share"": 1.0, ""availability_share"": 1.0, ""feasible_t"": 10.0, ""gross_delivery_t"": 10.0, ""order_month"": ""2035-09"", ""ordered_t"": 10.0, ""planned_arrival_month"": ""2036-09"", ""requested_t"": 10.0, ""shipment_id"": ""S0009"", ""source_id"": ""A"", ""source_name"": ""Earth-Core"", ""unfulfilled_request_t"": 0.0}, {""actual_arrival_month"": ""2036-10"", ""actual_delivery_share"": 1.0, ""availability_share"": 1.0, ""feasible_t"": 10.0, ""gross_delivery_t"": 10.0, ""order_month"": ""2035-10"", ""ordered_t"": 10.0, ""planned_arrival_month"": ""2036-10"", ""requested_t"": 10.0, ""shipment_id"": ""S0010"", ""source_id"": ""A"", ""source_name"": ""Earth-Core"", ""unfulfilled_request_t"": 0.0}, {""actual_arrival_month"": ""2036-11"", ""actual_delivery_share"": 1.0, ""availability_share"": 1.0, ""feasible_t"": 10.0, ""gross_delivery_t"": 10.0, ""order_month"": ""2035-11"", ""ordered_t"": 10.0, ""planned_arrival_month"": ""2036-11"", ""requested_t"": 10.0, ""shipment_id"": ""S0011"", ""source_id"": ""A"", ""source_name"": ""Earth-Core"", ""unfulfilled_request_t"": 0.0}, {""actual_arrival_month"": ""2036-12"", ""actual_delivery_share"": 1.0, ""availability_share"": 1.0, ""feasible_t"": 10.0, ""gross_delivery_t"": 10.0, ""order_month"": ""2035-12"", ""ordered_t"": 10.0, ""planned_arrival_month"": ""2036-12"", ""requested_t"": 10.0, ""shipment_id"": ""S0012"", ""source_id"": ""A"", ""source_name"": ""Earth-Core"", ""unfulfilled_request_t"": 0.0}, {""actual_arrival_month"": ""2036-01"", ""actual_delivery_share"": 1.0, ""availability_share"": 1.0, ""feasible_t"": 7.5, ""gross_delivery_t"": 7.5, ""order_month"": ""2035-09"", ""ordered_t"": 7.5, ""planned_arrival_month"": ""2036-01"", ""requested_t"": 7.5, ""shipment_id"": ""S0069"", ""source_id"": ""B"", ""source_name"": ""Earth-Flex"", ""unfulfilled_request_t"": 0.0}, {""actual_arrival_month"": ""2036-02"", ""actual_delivery_share"": 1.0, ""availability_share"": 1.0, ""feasible_t"": 7.5, ""gross_delivery_t"": 7.5, ""order_month"": ""2035-10"", ""ordered_t"": 7.5, ""planned_arrival_month"": ""2036-02"", ""requested_t"": 7.5, ""shipment_id"": ""S0070"", ""source_id"": ""B"", ""source_name"": ""Earth-Flex"", ""unfulfilled_request_t"": 0.0}, {""actual_arrival_month"": ""2036-03"", ""actual_delivery_share"": 1.0, ""availability_share"": 1.0, ""feasible_t"": 7.5, ""gross_delivery_t"": 7.5, ""order_month"": ""2035-11"", ""ordered_t"": 7.5, ""planned_arrival_month"": ""2036-03"", ""requested_t"": 7.5, ""shipment_id"": ""S0071"", ""source_id"": ""B"", ""source_name"": ""Earth-Flex"", ""unfulfilled_request_t"": 0.0}, {""actual_arrival_month"": ""2036-04"", ""actual_delivery_share"": 1.0, ""availability_share"": 1.0, ""feasible_t"": 7.5, ""gross_delivery_t"": 7.5, ""order_month"": ""2035-12"", ""ordered_t"": 7.5, ""planned_arrival_month"": ""2036-04"", ""requested_t"": 7.5, ""shipment_id"": ""S0072"", ""source_id"": ""B"", ""source_name"": ""Earth-Flex"", ""unfulfilled_request_t"": 0.0}]","{""B"": 7.5}","{""B"": 7.5}",7.5,0.33749999999999997,7.1625,7.1625,0.0,25.63333333334284,6.666666666666667,1.666666666666667,0.0,0.0,17.300000000009504,BASE,70.0,0.045,[],1.07312500000057,0.0,[]
2036-01,17.300000000009504,11.666666666666666,8.75,"{""A"": 150.0, ""B"": 5.0, ""C"": 0, ""D"": 0, ""E"": 0}","{""A"": 12.5, ""B"": 0.4166666666666667}","[{""actual_arrival_month"": ""2036-02"", ""actual_delivery_share"": 1.0, ""availability_share"": 1.0, ""feasible_t"": 10.0, ""gross_delivery_t"": 10.0, ""order_month"": ""2035-02"", ""ordered_t"": 10.0, ""planned_arrival_month"": ""2036-02"", ""requested_t"": 10.0, ""shipment_id"": ""S0002"", ""source_id"": ""A"", ""source_name"": ""Earth-Core"", ""unfulfilled_request_t"": 0.0}, {""actual_arrival_month"": ""2036-03"", ""actual_delivery_share"": 1.0, ""availability_share"": 1.0, ""feasible_t"": 10.0, ""gross_delivery_t"": 10.0, ""order_month"": ""2035-03"", ""ordered_t"": 10.0, ""planned_arrival_month"": ""2036-03"", ""requested_t"": 10.0, ""shipment_id"": ""S0003"", ""source_id"": ""A"", ""source_name"": ""Earth-Core"", ""unfulfilled_request_t"": 0.0}, {""actual_arrival_month"": ""2036-04"", ""actual_delivery_share"": 1.0, ""availability_share"": 1.0, ""feasible_t"": 10.0, ""gross_delivery_t"": 10.0, ""order_month"": ""2035-04"", ""ordered_t"": 10.0, ""planned_arrival_month"": ""2036-04"", ""requested_t"": 10.0, ""shipment_id"": ""S0004"", ""source_id"": ""A"", ""source_name"": ""Earth-Core"", ""unfulfilled_request_t"": 0.0}, {""actual_arrival_month"": ""2036-05"", ""actual_delivery_share"": 1.0, ""availability_share"": 1.0, ""feasible_t"": 10.0, ""gross_delivery_t"": 10.0, ""order_month"": ""2035-05"", ""ordered_t"": 10.0, ""planned_arrival_month"": ""2036-05"", ""requested_t"": 10.0, ""shipment_id"": ""S0005"", ""source_id"": ""A"", ""source_name"": ""Earth-Core"", ""unfulfilled_request_t"": 0.0}, {""actual_arrival_month"": ""2036-06"", ""actual_delivery_share"": 1.0, ""availability_share"": 1.0, ""feasible_t"": 10.0, ""gross_delivery_t"": 10.0, ""order_month"": ""2035-06"", ""ordered_t"": 10.0, ""planned_arrival_month"": ""2036-06"", ""requested_t"": 10.0, ""shipment_id"": ""S0006"", ""source_id"": ""A"", ""source_name"": ""Earth-Core"", ""unfulfilled_request_t"": 0.0}, {""actual_arrival_month"": ""2036-07"", ""actual_delivery_share"": 1.0, ""availability_share"": 1.0, ""feasible_t"": 10.0, ""gross_delivery_t"": 10.0, ""order_month"": ""2035-07"", ""ordered_t"": 10.0, ""planned_arrival_month"": ""2036-07"", ""requested_t"": 10.0, ""shipment_id"": ""S0007"", ""source_id"": ""A"", ""source_name"": ""Earth-Core"", ""unfulfilled_request_t"": 0.0}, {""actual_arrival_month"": ""2036-08"", ""actual_delivery_share"": 1.0, ""availability_share"": 1.0, ""feasible_t"": 10.0, ""gross_delivery_t"": 10.0, ""order_month"": ""2035-08"", ""ordered_t"": 10.0, ""planned_arrival_month"": ""2036-08"", ""requested_t"": 10.0, ""shipment_id"": ""S0008"", ""source_id"": ""A"", ""source_name"": ""Earth-Core"", ""unfulfilled_request_t"": 0.0}, {""actual_arrival_month"": ""2036-09"", ""actual_delivery_share"": 1.0, ""availability_share"": 1.0, ""feasible_t"": 10.0, ""gross_delivery_t"": 10.0, ""order_month"": ""2035-09"", ""ordered_t"": 10.0, ""planned_arrival_month"": ""2036-09"", ""requested_t"": 10.0, ""shipment_id"": ""S0009"", ""source_id"": ""A"", ""source_name"": ""Earth-Core"", ""unfulfilled_request_t"": 0.0}, {""actual_arrival_month"": ""2036-10"", ""actual_delivery_share"": 1.0, ""availability_share"": 1.0, ""feasible_t"": 10.0, ""gross_delivery_t"": 10.0, ""order_month"": ""2035-10"", ""ordered_t"": 10.0, ""planned_arrival_month"": ""2036-10"", ""requested_t"": 10.0, ""shipment_id"": ""S0010"", ""source_id"": ""A"", ""source_name"": ""Earth-Core"", ""unfulfilled_request_t"": 0.0}, {""actual_arrival_month"": ""2036-11"", ""actual_delivery_share"": 1.0, ""availability_share"": 1.0, ""feasible_t"": 10.0, ""gross_delivery_t"": 10.0, ""order_month"": ""2035-11"", ""ordered_t"": 10.0, ""planned_arrival_month"": ""2036-11"", ""requested_t"": 10.0, ""shipment_id"": ""S0011"", ""source_id"": ""A"", ""source_name"": ""Earth-Core"", ""unfulfilled_request_t"": 0.0}, {""actual_arrival_month"": ""2036-12"", ""actual_delivery_share"": 1.0, ""availability_share"": 1.0, ""feasible_t"": 10.0, ""gross_delivery_t"": 10.0, ""order_month"": ""2035-12"", ""ordered_t"": 10.0, ""planned_arrival_month"": ""2036-12"", ""requested_t"": 10.0, ""shipment_id"": ""S0012"", ""source_id"": ""A"", ""source_name"": ""Earth-Core"", ""unfulfilled_request_t"": 0.0}, {""actual_arrival_month"": ""2037-01"", ""actual_delivery_share"": 1.0, ""availability_share"": 1.0, ""feasible_t"": 12.5, ""gross_delivery_t"": 12.5, ""order_month"": ""2036-01"", ""ordered_t"": 12.5, ""planned_arrival_month"": ""2037-01"", ""requested_t"": 12.5, ""shipment_id"": ""S0013"", ""source_id"": ""A"", ""source_name"": ""Earth-Core"", ""unfulfilled_request_t"": 0.0}, {""actual_arrival_month"": ""2036-02"", ""actual_delivery_share"": 1.0, ""availability_share"": 1.0, ""feasible_t"": 7.5, ""gross_delivery_t"": 7.5, ""order_month"": ""2035-10"", ""ordered_t"": 7.5, ""planned_arrival_month"": ""2036-02"", ""requested_t"": 7.5, ""shipment_id"": ""S0070"", ""source_id"": ""B"", ""source_name"": ""Earth-Flex"", ""unfulfilled_request_t"": 0.0}, {""actual_arrival_month"": ""2036-03"", ""actual_delivery_share"": 1.0, ""availability_share"": 1.0, ""feasible_t"": 7.5, ""gross_delivery_t"": 7.5, ""order_month"": ""2035-11"", ""ordered_t"": 7.5, ""planned_arrival_month"": ""2036-03"", ""requested_t"": 7.5, ""shipment_id"": ""S0071"", ""source_id"": ""B"", ""source_name"": ""Earth-Flex"", ""unfulfilled_request_t"": 0.0}, {""actual_arrival_month"": ""2036-04"", ""actual_delivery_share"": 1.0, ""availability_share"": 1.0, ""feasible_t"": 7.5, ""gross_delivery_t"": 7.5, ""order_month"": ""2035-12"", ""ordered_t"": 7.5, ""planned_arrival_month"": ""2036-04"", ""requested_t"": 7.5, ""shipment_id"": ""S0072"", ""source_id"": ""B"", ""source_name"": ""Earth-Flex"", ""unfulfilled_request_t"": 0.0}, {""actual_arrival_month"": ""2036-05"", ""actual_delivery_share"": 1.0, ""availability_share"": 1.0, ""feasible_t"": 0.4166666666666667, ""gross_delivery_t"": 0.4166666666666667, ""order_month"": ""2036-01"", ""ordered_t"": 0.4166666666666667, ""planned_arrival_month"": ""2036-05"", ""requested_t"": 0.4166666666666667, ""shipment_id"": ""S0073"", ""source_id"": ""B"", ""source_name"": ""Earth-Flex"", ""unfulfilled_request_t"": 0.0}]","{""A"": 10.0, ""B"": 7.5}","{""A"": 10.0, ""B"": 7.5}",17.5,0.21,17.29,17.29,0.0,34.5900000000095,8.75,2.916666666666666,0.0,0.0,22.92333333334284,ZBO,120.0,0.012,"[""ZBO""]",1.2067000000005703,1.0,[]
2036-02,22.92333333334284,11.666666666666666,8.75,"{""A"": 150.0, ""B"": 5.0, ""C"": 0, ""D"": 0, ""E"": 0}","{""A"": 12.5, ""B"": 0.4166666666666667}","[{""actual_arrival_month"": ""2036-03"", ""actual_delivery_share"": 1.0, ""availability_share"": 1.0, ""feasible_t"": 10.0, ""gross_delivery_t"": 10.0, ""order_month"": ""2035-03"", ""ordered_t"": 10.0, ""planned_arrival_month"": ""2036-03"", ""requested_t"": 10.0, ""shipment_id"": ""S0003"", ""source_id"": ""A"", ""source_name"": ""Earth-Core"", ""unfulfilled_request_t"": 0.0}, {""actual_arrival_month"": ""2036-04"", ""actual_delivery_share"": 1.0, ""availability_share"": 1.0, ""feasible_t"": 10.0, ""gross_delivery_t"": 10.0, ""order_month"": ""2035-04"", ""ordered_t"": 10.0, ""planned_arrival_month"": ""2036-04"", ""requested_t"": 10.0, ""shipment_id"": ""S0004"", ""source_id"": ""A"", ""source_name"": ""Earth-Core"", ""unfulfilled_request_t"": 0.0}, {""actual_arrival_month"": ""2036-05"", ""actual_delivery_share"": 1.0, ""availability_share"": 1.0, ""feasible_t"": 10.0, ""gross_delivery_t"": 10.0, ""order_month"": ""2035-05"", ""ordered_t"": 10.0, ""planned_arrival_month"": ""2036-05"", ""requested_t"": 10.0, ""shipment_id"": ""S0005"", ""source_id"": ""A"", ""source_name"": ""Earth-Core"", ""unfulfilled_request_t"": 0.0}, {""actual_arrival_month"": ""2036-06"", ""actual_delivery_share"": 1.0, ""availability_share"": 1.0, ""feasible_t"": 10.0, ""gross_delivery_t"": 10.0, ""order_month"": ""2035-06"", ""ordered_t"": 10.0, ""planned_arrival_month"": ""2036-06"", ""requested_t"": 10.0, ""shipment_id"": ""S0006"", ""source_id"": ""A"", ""source_name"": ""Earth-Core"", ""unfulfilled_request_t"": 0.0}, {""actual_arrival_month"": ""2036-07"", ""actual_delivery_share"": 1.0, ""availability_share"": 1.0, ""feasible_t"": 10.0, ""gross_delivery_t"": 10.0, ""order_month"": ""2035-07"", ""ordered_t"": 10.0, ""planned_arrival_month"": ""2036-07"", ""requested_t"": 10.0, ""shipment_id"": ""S0007"", ""source_id"": ""A"", ""source_name"": ""Earth-Core"", ""unfulfilled_request_t"": 0.0}, {""actual_arrival_month"": ""2036-08"", ""actual_delivery_share"": 1.0, ""availability_share"": 1.0, ""feasible_t"": 10.0, ""gross_delivery_t"": 10.0, ""order_month"": ""2035-08"", ""ordered_t"": 10.0, ""planned_arrival_month"": ""2036-08"", ""requested_t"": 10.0, ""shipment_id"": ""S0008"", ""source_id"": ""A"", ""source_name"": ""Earth-Core"", ""unfulfilled_request_t"": 0.0}, {""actual_arrival_month"": ""2036-09"", ""actual_delivery_share"": 1.0, ""availability_share"": 1.0, ""feasible_t"": 10.0, ""gross_delivery_t"": 10.0, ""order_month"": ""2035-09"", ""ordered_t"": 10.0, ""planned_arrival_month"": ""2036-09"", ""requested_t"": 10.0, ""shipment_id"": ""S0009"", ""source_id"": ""A"", ""source_name"": ""Earth-Core"", ""unfulfilled_request_t"": 0.0}, {""actual_arrival_month"": ""2036-10"", ""actual_delivery_share"": 1.0, ""availability_share"": 1.0, ""feasible_t"": 10.0, ""gross_delivery_t"": 10.0, ""order_month"": ""2035-10"", ""ordered_t"": 10.0, ""planned_arrival_month"": ""2036-10"", ""requested_t"": 10.0, ""shipment_id"": ""S0010"", ""source_id"": ""A"", ""source_name"": ""Earth-Core"", ""unfulfilled_request_t"": 0.0}, {""actual_arrival_month"": ""2036-11"", ""actual_delivery_share"": 1.0, ""availability_share"": 1.0, ""feasible_t"": 10.0, ""gross_delivery_t"": 10.0, ""order_month"": ""2035-11"", ""ordered_t"": 10.0, ""planned_arrival_month"": ""2036-11"", ""requested_t"": 10.0, ""shipment_id"": ""S0011"", ""source_id"": ""A"", ""source_name"": ""Earth-Core"", ""unfulfilled_request_t"": 0.0}, {""actual_arrival_month"": ""2036-12"", ""actual_delivery_share"": 1.0, ""availability_share"": 1.0, ""feasible_t"": 10.0, ""gross_delivery_t"": 10.0, ""order_month"": ""2035-12"", ""ordered_t"": 10.0, ""planned_arrival_month"": ""2036-12"", ""requested_t"": 10.0, ""shipment_id"": ""S0012"", ""source_id"": ""A"", ""source_name"": ""Earth-Core"", ""unfulfilled_request_t"": 0.0}, {""actual_arrival_month"": ""2037-01"", ""actual_delivery_share"": 1.0, ""availability_share"": 1.0, ""feasible_t"": 12.5, ""gross_delivery_t"": 12.5, ""order_month"": ""2036-01"", ""ordered_t"": 12.5, ""planned_arrival_month"": ""2037-01"", ""requested_t"": 12.5, ""shipment_id"": ""S0013"", ""source_id"": ""A"", ""source_name"": ""Earth-Core"", ""unfulfilled_request_t"": 0.0}, {""actual_arrival_month"": ""2037-02"", ""actual_delivery_share"": 1.0, ""availability_share"": 1.0, ""feasible_t"": 12.5, ""gross_delivery_t"": 12.5, ""order_month"": ""2036-02"", ""ordered_t"": 12.5, ""planned_arrival_month"": ""2037-02"", ""requested_t"": 12.5, ""shipment_id"": ""S0014"", ""source_id"": ""A"", ""source_name"": ""Earth-Core"", ""unfulfilled_request_t"": 0.0}, {""actual_arrival_month"": ""2036-03"", ""actual_delivery_share"": 1.0, ""availability_share"": 1.0, ""feasible_t"": 7.5, ""gross_delivery_t"": 7.5, ""order_month"": ""2035-11"", ""ordered_t"": 7.5, ""planned_arrival_month"": ""2036-03"", ""requested_t"": 7.5, ""shipment_id"": ""S0071"", ""source_id"": ""B"", ""source_name"": ""Earth-Flex"", ""unfulfilled_request_t"": 0.0}, {""actual_arrival_month"": ""2036-04"", ""actual_delivery_share"": 1.0, ""availability_share"": 1.0, ""feasible_t"": 7.5, ""gross_delivery_t"": 7.5, ""order_month"": ""2035-12"", ""ordered_t"": 7.5, ""planned_arrival_month"": ""2036-04"", ""requested_t"": 7.5, ""shipment_id"": ""S0072"", ""source_id"": ""B"", ""source_name"": ""Earth-Flex"", ""unfulfilled_request_t"": 0.0}, {""actual_arrival_month"": ""2036-05"", ""actual_delivery_share"": 1.0, ""availability_share"": 1.0, ""feasible_t"": 0.4166666666666667, ""gross_delivery_t"": 0.4166666666666667, ""order_month"": ""2036-01"", ""ordered_t"": 0.4166666666666667, ""planned_arrival_month"": ""2036-05"", ""requested_t"": 0.4166666666666667, ""shipment_id"": ""S0073"", ""source_id"": ""B"", ""source_name"": ""Earth-Flex"", ""unfulfilled_request_t"": 0.0}, {""actual_arrival_month"": ""2036-06"", ""actual_delivery_share"": 1.0, ""availability_share"": 1.0, ""feasible_t"": 0.4166666666666667, ""gross_delivery_t"": 0.4166666666666667, ""order_month"": ""2036-02"", ""ordered_t"": 0.4166666666666667, ""planned_arrival_month"": ""2036-06"", ""requested_t"": 0.4166666666666667, ""shipment_id"": ""S0074"", ""source_id"": ""B"", ""source_name"": ""Earth-Flex"", ""unfulfilled_request_t"": 0.0}]","{""A"": 10.0, ""B"": 7.5}","{""A"": 10.0, ""B"": 7.5}",17.5,0.21,17.29,17.29,0.0,40.21333333334284,8.75,2.916666666666666,0.0,0.0,28.546666666676174,ZBO,120.0,0.012,"[""ZBO""]",1.5441000000005705,1.0,[]
2036-03,28.546666666676174,11.666666666666666,8.75,"{""A"": 150.0, ""B"": 5.0, ""C"": 0, ""D"": 0, ""E"": 0}","{""A"": 12.5, ""B"": 0.4166666666666667}","[{""actual_arrival_month"": ""2036-04"", ""actual_delivery_share"": 1.0, ""availability_share"": 1.0, ""feasible_t"": 10.0, ""gross_delivery_t"": 10.0, ""order_month"": ""2035-04"", ""ordered_t"": 10.0, ""planned_arrival_month"": ""2036-04"", ""requested_t"": 10.0, ""shipment_id"": ""S0004"", ""source_id"": ""A"", ""source_name"": ""Earth-Core"", ""unfulfilled_request_t"": 0.0}, {""actual_arrival_month"": ""2036-05"", ""actual_delivery_share"": 1.0, ""availability_share"": 1.0, ""feasible_t"": 10.0, ""gross_delivery_t"": 10.0, ""order_month"": ""2035-05"", ""ordered_t"": 10.0, ""planned_arrival_month"": ""2036-05"", ""requested_t"": 10.0, ""shipment_id"": ""S0005"", ""source_id"": ""A"", ""source_name"": ""Earth-Core"", ""unfulfilled_request_t"": 0.0}, {""actual_arrival_month"": ""2036-06"", ""actual_delivery_share"": 1.0, ""availability_share"": 1.0, ""feasible_t"": 10.0, ""gross_delivery_t"": 10.0, ""order_month"": ""2035-06"", ""ordered_t"": 10.0, ""planned_arrival_month"": ""2036-06"", ""requested_t"": 10.0, ""shipment_id"": ""S0006"", ""source_id"": ""A"", ""source_name"": ""Earth-Core"", ""unfulfilled_request_t"": 0.0}, {""actual_arrival_month"": ""2036-07"", ""actual_delivery_share"": 1.0, ""availability_share"": 1.0, ""feasible_t"": 10.0, ""gross_delivery_t"": 10.0, ""order_month"": ""2035-07"", ""ordered_t"": 10.0, ""planned_arrival_month"": ""2036-07"", ""requested_t"": 10.0, ""shipment_id"": ""S0007"", ""source_id"": ""A"", ""source_name"": ""Earth-Core"", ""unfulfilled_request_t"": 0.0}, {""actual_arrival_month"": ""2036-08"", ""actual_delivery_share"": 1.0, ""availability_share"": 1.0, ""feasible_t"": 10.0, ""gross_delivery_t"": 10.0, ""order_month"": ""2035-08"", ""ordered_t"": 10.0, ""planned_arrival_month"": ""2036-08"", ""requested_t"": 10.0, ""shipment_id"": ""S0008"", ""source_id"": ""A"", ""source_name"": ""Earth-Core"", ""unfulfilled_request_t"": 0.0}, {""actual_arrival_month"": ""2036-09"", ""actual_delivery_share"": 1.0, ""availability_share"": 1.0, ""feasible_t"": 10.0, ""gross_delivery_t"": 10.0, ""order_month"": ""2035-09"", ""ordered_t"": 10.0, ""planned_arrival_month"": ""2036-09"", ""requested_t"": 10.0, ""shipment_id"": ""S0009"", ""source_id"": ""A"", ""source_name"": ""Earth-Core"", ""unfulfilled_request_t"": 0.0}, {""actual_arrival_month"": ""2036-10"", ""actual_delivery_share"": 1.0, ""availability_share"": 1.0, ""feasible_t"": 10.0, ""gross_delivery_t"": 10.0, ""order_month"": ""2035-10"", ""ordered_t"": 10.0, ""planned_arrival_month"": ""2036-10"", ""requested_t"": 10.0, ""shipment_id"": ""S0010"", ""source_id"": ""A"", ""source_name"": ""Earth-Core"", ""unfulfilled_request_t"": 0.0}, {""actual_arrival_month"": ""2036-11"", ""actual_delivery_share"": 1.0, ""availability_share"": 1.0, ""feasible_t"": 10.0, ""gross_delivery_t"": 10.0, ""order_month"": ""2035-11"", ""ordered_t"": 10.0, ""planned_arrival_month"": ""2036-11"", ""requested_t"": 10.0, ""shipment_id"": ""S0011"", ""source_id"": ""A"", ""source_name"": ""Earth-Core"", ""unfulfilled_request_t"": 0.0}, {""actual_arrival_month"": ""2036-12"", ""actual_delivery_share"": 1.0, ""availability_share"": 1.0, ""feasible_t"": 10.0, ""gross_delivery_t"": 10.0, ""order_month"": ""2035-12"", ""ordered_t"": 10.0, ""planned_arrival_month"": ""2036-12"", ""requested_t"": 10.0, ""shipment_id"": ""S0012"", ""source_id"": ""A"", ""source_name"": ""Earth-Core"", ""unfulfilled_request_t"": 0.0}, {""actual_arrival_month"": ""2037-01"", ""actual_delivery_share"": 1.0, ""availability_share"": 1.0, ""feasible_t"": 12.5, ""gross_delivery_t"": 12.5, ""order_month"": ""2036-01"", ""ordered_t"": 12.5, ""planned_arrival_month"": ""2037-01"", ""requested_t"": 12.5, ""shipment_id"": ""S0013"", ""source_id"": ""A"", ""source_name"": ""Earth-Core"", ""unfulfilled_request_t"": 0.0}, {""actual_arrival_month"": ""2037-02"", ""actual_delivery_share"": 1.0, ""availability_share"": 1.0, ""feasible_t"": 12.5, ""gross_delivery_t"": 12.5, ""order_month"": ""2036-02"", ""ordered_t"": 12.5, ""planned_arrival_month"": ""2037-02"", ""requested_t"": 12.5, ""shipment_id"": ""S0014"", ""source_id"": ""A"", ""source_name"": ""Earth-Core"", ""unfulfilled_request_t"": 0.0}, {""actual_arrival_month"": ""2037-03"", ""actual_delivery_share"": 1.0, ""availability_share"": 1.0, ""feasible_t"": 12.5, ""gross_delivery_t"": 12.5, ""order_month"": ""2036-03"", ""ordered_t"": 12.5, ""planned_arrival_month"": ""2037-03"", ""requested_t"": 12.5, ""shipment_id"": ""S0015"", ""source_id"": ""A"", ""source_name"": ""Earth-Core"", ""unfulfilled_request_t"": 0.0}, {""actual_arrival_month"": ""2036-04"", ""actual_delivery_share"": 1.0, ""availability_share"": 1.0, ""feasible_t"": 7.5, ""gross_delivery_t"": 7.5, ""order_month"": ""2035-12"", ""ordered_t"": 7.5, ""planned_arrival_month"": ""2036-04"", ""requested_t"": 7.5, ""shipment_id"": ""S0072"", ""source_id"": ""B"", ""source_name"": ""Earth-Flex"", ""unfulfilled_request_t"": 0.0}, {""actual_arrival_month"": ""2036-05"", ""actual_delivery_share"": 1.0, ""availability_share"": 1.0, ""feasible_t"": 0.4166666666666667, ""gross_delivery_t"": 0.4166666666666667, ""order_month"": ""2036-01"", ""ordered_t"": 0.4166666666666667, ""planned_arrival_month"": ""2036-05"", ""requested_t"": 0.4166666666666667, ""shipment_id"": ""S0073"", ""source_id"": ""B"", ""source_name"": ""Earth-Flex"", ""unfulfilled_request_t"": 0.0}, {""actual_arrival_month"": ""2036-06"", ""actual_delivery_share"": 1.0, ""availability_share"": 1.0, ""feasible_t"": 0.4166666666666667, ""gross_delivery_t"": 0.4166666666666667, ""order_month"": ""2036-02"", ""ordered_t"": 0.4166666666666667, ""planned_arrival_month"": ""2036-06"", ""requested_t"": 0.4166666666666667, ""shipment_id"": ""S0074"", ""source_id"": ""B"", ""source_name"": ""Earth-Flex"", ""unfulfilled_request_t"": 0.0}, {""actual_arrival_month"": ""2036-07"", ""actual_delivery_share"": 1.0, ""availability_share"": 1.0, ""feasible_t"": 0.4166666666666667, ""gross_delivery_t"": 0.4166666666666667, ""order_month"": ""2036-03"", ""ordered_t"": 0.4166666666666667, ""planned_arrival_month"": ""2036-07"", ""requested_t"": 0.4166666666666667, ""shipment_id"": ""S0075"", ""source_id"": ""B"", ""source_name"": ""Earth-Flex"", ""unfulfilled_request_t"": 0.0}]","{""A"": 10.0, ""B"": 7.5}","{""A"": 10.0, ""B"": 7.5}",17.5,0.21,17.29,17.29,0.0,45.83666666667617,8.75,2.916666666666666,0.0,0.0,34.17000000000951,ZBO,120.0,0.012,"[""ZBO""]",1.8815000000005704,1.0,[]
2036-04,34.17000000000951,11.666666666666666,8.75,"{""A"": 150.0, ""B"": 5.0, ""C"": 0, ""D"": 0, ""E"": 0}","{""A"": 12.5, ""B"": 0.4166666666666667}","[{""actual_arrival_month"": ""2036-05"", ""actual_delivery_share"": 1.0, ""availability_share"": 1.0, ""feasible_t"": 10.0, ""gross_delivery_t"": 10.0, ""order_month"": ""2035-05"", ""ordered_t"": 10.0, ""planned_arrival_month"": ""2036-05"", ""requested_t"": 10.0, ""shipment_id"": ""S0005"", ""source_id"": ""A"", ""source_name"": ""Earth-Core"", ""unfulfilled_request_t"": 0.0}, {""actual_arrival_month"": ""2036-06"", ""actual_delivery_share"": 1.0, ""availability_share"": 1.0, ""feasible_t"": 10.0, ""gross_delivery_t"": 10.0, ""order_month"": ""2035-06"", ""ordered_t"": 10.0, ""planned_arrival_month"": ""2036-06"", ""requested_t"": 10.0, ""shipment_id"": ""S0006"", ""source_id"": ""A"", ""source_name"": ""Earth-Core"", ""unfulfilled_request_t"": 0.0}, {""actual_arrival_month"": ""2036-07"", ""actual_delivery_share"": 1.0, ""availability_share"": 1.0, ""feasible_t"": 10.0, ""gross_delivery_t"": 10.0, ""order_month"": ""2035-07"", ""ordered_t"": 10.0, ""planned_arrival_month"": ""2036-07"", ""requested_t"": 10.0, ""shipment_id"": ""S0007"", ""source_id"": ""A"", ""source_name"": ""Earth-Core"", ""unfulfilled_request_t"": 0.0}, {""actual_arrival_month"": ""2036-08"", ""actual_delivery_share"": 1.0, ""availability_share"": 1.0, ""feasible_t"": 10.0, ""gross_delivery_t"": 10.0, ""order_month"": ""2035-08"", ""ordered_t"": 10.0, ""planned_arrival_month"": ""2036-08"", ""requested_t"": 10.0, ""shipment_id"": ""S0008"", ""source_id"": ""A"", ""source_name"": ""Earth-Core"", ""unfulfilled_request_t"": 0.0}, {""actual_arrival_month"": ""2036-09"", ""actual_delivery_share"": 1.0, ""availability_share"": 1.0, ""feasible_t"": 10.0, ""gross_delivery_t"": 10.0, ""order_month"": ""2035-09"", ""ordered_t"": 10.0, ""planned_arrival_month"": ""2036-09"", ""requested_t"": 10.0, ""shipment_id"": ""S0009"", ""source_id"": ""A"", ""source_name"": ""Earth-Core"", ""unfulfilled_request_t"": 0.0}, {""actual_arrival_month"": ""2036-10"", ""actual_delivery_share"": 1.0, ""availability_share"": 1.0, ""feasible_t"": 10.0, ""gross_delivery_t"": 10.0, ""order_month"": ""2035-10"", ""ordered_t"": 10.0, ""planned_arrival_month"": ""2036-10"", ""requested_t"": 10.0, ""shipment_id"": ""S0010"", ""source_id"": ""A"", ""source_name"": ""Earth-Core"", ""unfulfilled_request_t"": 0.0}, {""actual_arrival_month"": ""2036-11"", ""actual_delivery_share"": 1.0, ""availability_share"": 1.0, ""feasible_t"": 10.0, ""gross_delivery_t"": 10.0, ""order_month"": ""2035-11"", ""ordered_t"": 10.0, ""planned_arrival_month"": ""2036-11"", ""requested_t"": 10.0, ""shipment_id"": ""S0011"", ""source_id"": ""A"", ""source_name"": ""Earth-Core"", ""unfulfilled_request_t"": 0.0}, {""actual_arrival_month"": ""2036-12"", ""actual_delivery_share"": 1.0, ""availability_share"": 1.0, ""feasible_t"": 10.0, ""gross_delivery_t"": 10.0, ""order_month"": ""2035-12"", ""ordered_t"": 10.0, ""planned_arrival_month"": ""2036-12"", ""requested_t"": 10.0, ""shipment_id"": ""S0012"", ""source_id"": ""A"", ""source_name"": ""Earth-Core"", ""unfulfilled_request_t"": 0.0}, {""actual_arrival_month"": ""2037-01"", ""actual_delivery_share"": 1.0, ""availability_share"": 1.0, ""feasible_t"": 12.5, ""gross_delivery_t"": 12.5, ""order_month"": ""2036-01"", ""ordered_t"": 12.5, ""planned_arrival_month"": ""2037-01"", ""requested_t"": 12.5, ""shipment_id"": ""S0013"", ""source_id"": ""A"", ""source_name"": ""Earth-Core"", ""unfulfilled_request_t"": 0.0}, {""actual_arrival_month"": ""2037-02"", ""actual_delivery_share"": 1.0, ""availability_share"": 1.0, ""feasible_t"": 12.5, ""gross_delivery_t"": 12.5, ""order_month"": ""2036-02"", ""ordered_t"": 12.5, ""planned_arrival_month"": ""2037-02"", ""requested_t"": 12.5, ""shipment_id"": ""S0014"", ""source_id"": ""A"", ""source_name"": ""Earth-Core"", ""unfulfilled_request_t"": 0.0}, {""actual_arrival_month"": ""2037-03"", ""actual_delivery_share"": 1.0, ""availability_share"": 1.0, ""feasible_t"": 12.5, ""gross_delivery_t"": 12.5, ""order_month"": ""2036-03"", ""ordered_t"": 12.5, ""planned_arrival_month"": ""2037-03"", ""requested_t"": 12.5, ""shipment_id"": ""S0015"", ""source_id"": ""A"", ""source_name"": ""Earth-Core"", ""unfulfilled_request_t"": 0.0}, {""actual_arrival_month"": ""2037-04"", ""actual_delivery_share"": 1.0, ""availability_share"": 1.0, ""feasible_t"": 12.5, ""gross_delivery_t"": 12.5, ""order_month"": ""2036-04"", ""ordered_t"": 12.5, ""planned_arrival_month"": ""2037-04"", ""requested_t"": 12.5, ""shipment_id"": ""S0016"", ""source_id"": ""A"", ""source_name"": ""Earth-Core"", ""unfulfilled_request_t"": 0.0}, {""actual_arrival_month"": ""2036-05"", ""actual_delivery_share"": 1.0, ""availability_share"": 1.0, ""feasible_t"": 0.4166666666666667, ""gross_delivery_t"": 0.4166666666666667, ""order_month"": ""2036-01"", ""ordered_t"": 0.4166666666666667, ""planned_arrival_month"": ""2036-05"", ""requested_t"": 0.4166666666666667, ""shipment_id"": ""S0073"", ""source_id"": ""B"", ""source_name"": ""Earth-Flex"", ""unfulfilled_request_t"": 0.0}, {""actual_arrival_month"": ""2036-06"", ""actual_delivery_share"": 1.0, ""availability_share"": 1.0, ""feasible_t"": 0.4166666666666667, ""gross_delivery_t"": 0.4166666666666667, ""order_month"": ""2036-02"", ""ordered_t"": 0.4166666666666667, ""planned_arrival_month"": ""2036-06"", ""requested_t"": 0.4166666666666667, ""shipment_id"": ""S0074"", ""source_id"": ""B"", ""source_name"": ""Earth-Flex"", ""unfulfilled_request_t"": 0.0}, {""actual_arrival_month"": ""2036-07"", ""actual_delivery_share"": 1.0, ""availability_share"": 1.0, ""feasible_t"": 0.4166666666666667, ""gross_delivery_t"": 0.4166666666666667, ""order_month"": ""2036-03"", ""ordered_t"": 0.4166666666666667, ""planned_arrival_month"": ""2036-07"", ""requested_t"": 0.4166666666666667, ""shipment_id"": ""S0075"", ""source_id"": ""B"", ""source_name"": ""Earth-Flex"", ""unfulfilled_request_t"": 0.0}, {""actual_arrival_month"": ""2036-08"", ""actual_delivery_share"": 1.0, ""availability_share"": 1.0, ""feasible_t"": 0.4166666666666667, ""gross_delivery_t"": 0.4166666666666667, ""order_month"": ""2036-04"", ""ordered_t"": 0.4166666666666667, ""planned_arrival_month"": ""2036-08"", ""requested_t"": 0.4166666666666667, ""shipment_id"": ""S0076"", ""source_id"": ""B"", ""source_name"": ""Earth-Flex"", ""unfulfilled_request_t"": 0.0}]","{""A"": 10.0, ""B"": 7.5}","{""A"": 10.0, ""B"": 7.5}",17.5,0.21,17.29,17.29,0.0,51.46000000000951,8.75,2.916666666666666,0.0,0.0,39.793333333342844,ZBO,120.0,0.012,"[""ZBO""]",2.2189000000005703,1.0,[]
2036-05,39.793333333342844,11.666666666666666,8.75,"{""A"": 150.0, ""B"": 5.0, ""C"": 0, ""D"": 0, ""E"": 0}","{""A"": 12.5, ""B"": 0.4166666666666667}","[{""actual_arrival_month"": ""2036-06"", ""actual_delivery_share"": 1.0, ""availability_share"": 1.0, ""feasible_t"": 10.0, ""gross_delivery_t"": 10.0, ""order_month"": ""2035-06"", ""ordered_t"": 10.0, ""planned_arrival_month"": ""2036-06"", ""requested_t"": 10.0, ""shipment_id"": ""S0006"", ""source_id"": ""A"", ""source_name"": ""Earth-Core"", ""unfulfilled_request_t"": 0.0}, {""actual_arrival_month"": ""2036-07"", ""actual_delivery_share"": 1.0, ""availability_share"": 1.0, ""feasible_t"": 10.0, ""gross_delivery_t"": 10.0, ""order_month"": ""2035-07"", ""ordered_t"": 10.0, ""planned_arrival_month"": ""2036-07"", ""requested_t"": 10.0, ""shipment_id"": ""S0007"", ""source_id"": ""A"", ""source_name"": ""Earth-Core"", ""unfulfilled_request_t"": 0.0}, {""actual_arrival_month"": ""2036-08"", ""actual_delivery_share"": 1.0, ""availability_share"": 1.0, ""feasible_t"": 10.0, ""gross_delivery_t"": 10.0, ""order_month"": ""2035-08"", ""ordered_t"": 10.0, ""planned_arrival_month"": ""2036-08"", ""requested_t"": 10.0, ""shipment_id"": ""S0008"", ""source_id"": ""A"", ""source_name"": ""Earth-Core"", ""unfulfilled_request_t"": 0.0}, {""actual_arrival_month"": ""2036-09"", ""actual_delivery_share"": 1.0, ""availability_share"": 1.0, ""feasible_t"": 10.0, ""gross_delivery_t"": 10.0, ""order_month"": ""2035-09"", ""ordered_t"": 10.0, ""planned_arrival_month"": ""2036-09"", ""requested_t"": 10.0, ""shipment_id"": ""S0009"", ""source_id"": ""A"", ""source_name"": ""Earth-Core"", ""unfulfilled_request_t"": 0.0}, {""actual_arrival_month"": ""2036-10"", ""actual_delivery_share"": 1.0, ""availability_share"": 1.0, ""feasible_t"": 10.0, ""gross_delivery_t"": 10.0, ""order_month"": ""2035-10"", ""ordered_t"": 10.0, ""planned_arrival_month"": ""2036-10"", ""requested_t"": 10.0, ""shipment_id"": ""S0010"", ""source_id"": ""A"", ""source_name"": ""Earth-Core"", ""unfulfilled_request_t"": 0.0}, {""actual_arrival_month"": ""2036-11"", ""actual_delivery_share"": 1.0, ""availability_share"": 1.0, ""feasible_t"": 10.0, ""gross_delivery_t"": 10.0, ""order_month"": ""2035-11"", ""ordered_t"": 10.0, ""planned_arrival_month"": ""2036-11"", ""requested_t"": 10.0, ""shipment_id"": ""S0011"", ""source_id"": ""A"", ""source_name"": ""Earth-Core"", ""unfulfilled_request_t"": 0.0}, {""actual_arrival_month"": ""2036-12"", ""actual_delivery_share"": 1.0, ""availability_share"": 1.0, ""feasible_t"": 10.0, ""gross_delivery_t"": 10.0, ""order_month"": ""2035-12"", ""ordered_t"": 10.0, ""planned_arrival_month"": ""2036-12"", ""requested_t"": 10.0, ""shipment_id"": ""S0012"", ""source_id"": ""A"", ""source_name"": ""Earth-Core"", ""unfulfilled_request_t"": 0.0}, {""actual_arrival_month"": ""2037-01"", ""actual_delivery_share"": 1.0, ""availability_share"": 1.0, ""feasible_t"": 12.5, ""gross_delivery_t"": 12.5, ""order_month"": ""2036-01"", ""ordered_t"": 12.5, ""planned_arrival_month"": ""2037-01"", ""requested_t"": 12.5, ""shipment_id"": ""S0013"", ""source_id"": ""A"", ""source_name"": ""Earth-Core"", ""unfulfilled_request_t"": 0.0}, {""actual_arrival_month"": ""2037-02"", ""actual_delivery_share"": 1.0, ""availability_share"": 1.0, ""feasible_t"": 12.5, ""gross_delivery_t"": 12.5, ""order_month"": ""2036-02"", ""ordered_t"": 12.5, ""planned_arrival_month"": ""2037-02"", ""requested_t"": 12.5, ""shipment_id"": ""S0014"", ""source_id"": ""A"", ""source_name"": ""Earth-Core"", ""unfulfilled_request_t"": 0.0}, {""actual_arrival_month"": ""2037-03"", ""actual_delivery_share"": 1.0, ""availability_share"": 1.0, ""feasible_t"": 12.5, ""gross_delivery_t"": 12.5, ""order_month"": ""2036-03"", ""ordered_t"": 12.5, ""planned_arrival_month"": ""2037-03"", ""requested_t"": 12.5, ""shipment_id"": ""S0015"", ""source_id"": ""A"", ""source_name"": ""Earth-Core"", ""unfulfilled_request_t"": 0.0}, {""actual_arrival_month"": ""2037-04"", ""actual_delivery_share"": 1.0, ""availability_share"": 1.0, ""feasible_t"": 12.5, ""gross_delivery_t"": 12.5, ""order_month"": ""2036-04"", ""ordered_t"": 12.5, ""planned_arrival_month"": ""2037-04"", ""requested_t"": 12.5, ""shipment_id"": ""S0016"", ""source_id"": ""A"", ""source_name"": ""Earth-Core"", ""unfulfilled_request_t"": 0.0}, {""actual_arrival_month"": ""2037-05"", ""actual_delivery_share"": 1.0, ""availability_share"": 1.0, ""feasible_t"": 12.5, ""gross_delivery_t"": 12.5, ""order_month"": ""2036-05"", ""ordered_t"": 12.5, ""planned_arrival_month"": ""2037-05"", ""requested_t"": 12.5, ""shipment_id"": ""S0017"", ""source_id"": ""A"", ""source_name"": ""Earth-Core"", ""unfulfilled_request_t"": 0.0}, {""actual_arrival_month"": ""2036-06"", ""actual_delivery_share"": 1.0, ""availability_share"": 1.0, ""feasible_t"": 0.4166666666666667, ""gross_delivery_t"": 0.4166666666666667, ""order_month"": ""2036-02"", ""ordered_t"": 0.4166666666666667, ""planned_arrival_month"": ""2036-06"", ""requested_t"": 0.4166666666666667, ""shipment_id"": ""S0074"", ""source_id"": ""B"", ""source_name"": ""Earth-Flex"", ""unfulfilled_request_t"": 0.0}, {""actual_arrival_month"": ""2036-07"", ""actual_delivery_share"": 1.0, ""availability_share"": 1.0, ""feasible_t"": 0.4166666666666667, ""gross_delivery_t"": 0.4166666666666667, ""order_month"": ""2036-03"", ""ordered_t"": 0.4166666666666667, ""planned_arrival_month"": ""2036-07"", ""requested_t"": 0.4166666666666667, ""shipment_id"": ""S0075"", ""source_id"": ""B"", ""source_name"": ""Earth-Flex"", ""unfulfilled_request_t"": 0.0}, {""actual_arrival_month"": ""2036-08"", ""actual_delivery_share"": 1.0, ""availability_share"": 1.0, ""feasible_t"": 0.4166666666666667, ""gross_delivery_t"": 0.4166666666666667, ""order_month"": ""2036-04"", ""ordered_t"": 0.4166666666666667, ""planned_arrival_month"": ""2036-08"", ""requested_t"": 0.4166666666666667, ""shipment_id"": ""S0076"", ""source_id"": ""B"", ""source_name"": ""Earth-Flex"", ""unfulfilled_request_t"": 0.0}, {""actual_arrival_month"": ""2036-09"", ""actual_delivery_share"": 1.0, ""availability_share"": 1.0, ""feasible_t"": 0.4166666666666667, ""gross_delivery_t"": 0.4166666666666667, ""order_month"": ""2036-05"", ""ordered_t"": 0.4166666666666667, ""planned_arrival_month"": ""2036-09"", ""requested_t"": 0.4166666666666667, ""shipment_id"": ""S0077"", ""source_id"": ""B"", ""source_name"": ""Earth-Flex"", ""unfulfilled_request_t"": 0.0}]","{""A"": 10.0, ""B"": 0.4166666666666667}","{""A"": 10.0, ""B"": 0.4166666666666667}",10.416666666666666,0.125,10.291666666666666,10.291666666666666,0.0,50.08500000000951,8.75,2.916666666666666,0.0,0.0,38.418333333342844,ZBO,120.0,0.012,"[""ZBO""]",2.346350000000571,1.0,[]
2036-06,38.418333333342844,11.666666666666666,8.75,"{""A"": 150.0, ""B"": 5.0, ""C"": 0, ""D"": 0, ""E"": 0}","{""A"": 12.5, ""B"": 0.4166666666666667}","[{""actual_arrival_month"": ""2036-07"", ""actual_delivery_share"": 1.0, ""availability_share"": 1.0, ""feasible_t"": 10.0, ""gross_delivery_t"": 10.0, ""order_month"": ""2035-07"", ""ordered_t"": 10.0, ""planned_arrival_month"": ""2036-07"", ""requested_t"": 10.0, ""shipment_id"": ""S0007"", ""source_id"": ""A"", ""source_name"": ""Earth-Core"", ""unfulfilled_request_t"": 0.0}, {""actual_arrival_month"": ""2036-08"", ""actual_delivery_share"": 1.0, ""availability_share"": 1.0, ""feasible_t"": 10.0, ""gross_delivery_t"": 10.0, ""order_month"": ""2035-08"", ""ordered_t"": 10.0, ""planned_arrival_month"": ""2036-08"", ""requested_t"": 10.0, ""shipment_id"": ""S0008"", ""source_id"": ""A"", ""source_name"": ""Earth-Core"", ""unfulfilled_request_t"": 0.0}, {""actual_arrival_month"": ""2036-09"", ""actual_delivery_share"": 1.0, ""availability_share"": 1.0, ""feasible_t"": 10.0, ""gross_delivery_t"": 10.0, ""order_month"": ""2035-09"", ""ordered_t"": 10.0, ""planned_arrival_month"": ""2036-09"", ""requested_t"": 10.0, ""shipment_id"": ""S0009"", ""source_id"": ""A"", ""source_name"": ""Earth-Core"", ""unfulfilled_request_t"": 0.0}, {""actual_arrival_month"": ""2036-10"", ""actual_delivery_share"": 1.0, ""availability_share"": 1.0, ""feasible_t"": 10.0, ""gross_delivery_t"": 10.0, ""order_month"": ""2035-10"", ""ordered_t"": 10.0, ""planned_arrival_month"": ""2036-10"", ""requested_t"": 10.0, ""shipment_id"": ""S0010"", ""source_id"": ""A"", ""source_name"": ""Earth-Core"", ""unfulfilled_request_t"": 0.0}, {""actual_arrival_month"": ""2036-11"", ""actual_delivery_share"": 1.0, ""availability_share"": 1.0, ""feasible_t"": 10.0, ""gross_delivery_t"": 10.0, ""order_month"": ""2035-11"", ""ordered_t"": 10.0, ""planned_arrival_month"": ""2036-11"", ""requested_t"": 10.0, ""shipment_id"": ""S0011"", ""source_id"": ""A"", ""source_name"": ""Earth-Core"", ""unfulfilled_request_t"": 0.0}, {""actual_arrival_month"": ""2036-12"", ""actual_delivery_share"": 1.0, ""availability_share"": 1.0, ""feasible_t"": 10.0, ""gross_delivery_t"": 10.0, ""order_month"": ""2035-12"", ""ordered_t"": 10.0, ""planned_arrival_month"": ""2036-12"", ""requested_t"": 10.0, ""shipment_id"": ""S0012"", ""source_id"": ""A"", ""source_name"": ""Earth-Core"", ""unfulfilled_request_t"": 0.0}, {""actual_arrival_month"": ""2037-01"", ""actual_delivery_share"": 1.0, ""availability_share"": 1.0, ""feasible_t"": 12.5, ""gross_delivery_t"": 12.5, ""order_month"": ""2036-01"", ""ordered_t"": 12.5, ""planned_arrival_month"": ""2037-01"", ""requested_t"": 12.5, ""shipment_id"": ""S0013"", ""source_id"": ""A"", ""source_name"": ""Earth-Core"", ""unfulfilled_request_t"": 0.0}, {""actual_arrival_month"": ""2037-02"", ""actual_delivery_share"": 1.0, ""availability_share"": 1.0, ""feasible_t"": 12.5, ""gross_delivery_t"": 12.5, ""order_month"": ""2036-02"", ""ordered_t"": 12.5, ""planned_arrival_month"": ""2037-02"", ""requested_t"": 12.5, ""shipment_id"": ""S0014"", ""source_id"": ""A"", ""source_name"": ""Earth-Core"", ""unfulfilled_request_t"": 0.0}, {""actual_arrival_month"": ""2037-03"", ""actual_delivery_share"": 1.0, ""availability_share"": 1.0, ""feasible_t"": 12.5, ""gross_delivery_t"": 12.5, ""order_month"": ""2036-03"", ""ordered_t"": 12.5, ""planned_arrival_month"": ""2037-03"", ""requested_t"": 12.5, ""shipment_id"": ""S0015"", ""source_id"": ""A"", ""source_name"": ""Earth-Core"", ""unfulfilled_request_t"": 0.0}, {""actual_arrival_month"": ""2037-04"", ""actual_delivery_share"": 1.0, ""availability_share"": 1.0, ""feasible_t"": 12.5, ""gross_delivery_t"": 12.5, ""order_month"": ""2036-04"", ""ordered_t"": 12.5, ""planned_arrival_month"": ""2037-04"", ""requested_t"": 12.5, ""shipment_id"": ""S0016"", ""source_id"": ""A"", ""source_name"": ""Earth-Core"", ""unfulfilled_request_t"": 0.0}, {""actual_arrival_month"": ""2037-05"", ""actual_delivery_share"": 1.0, ""availability_share"": 1.0, ""feasible_t"": 12.5, ""gross_delivery_t"": 12.5, ""order_month"": ""2036-05"", ""ordered_t"": 12.5, ""planned_arrival_month"": ""2037-05"", ""requested_t"": 12.5, ""shipment_id"": ""S0017"", ""source_id"": ""A"", ""source_name"": ""Earth-Core"", ""unfulfilled_request_t"": 0.0}, {""actual_arrival_month"": ""2037-06"", ""actual_delivery_share"": 1.0, ""availability_share"": 1.0, ""feasible_t"": 12.5, ""gross_delivery_t"": 12.5, ""order_month"": ""2036-06"", ""ordered_t"": 12.5, ""planned_arrival_month"": ""2037-06"", ""requested_t"": 12.5, ""shipment_id"": ""S0018"", ""source_id"": ""A"", ""source_name"": ""Earth-Core"", ""unfulfilled_request_t"": 0.0}, {""actual_arrival_month"": ""2036-07"", ""actual_delivery_share"": 1.0, ""availability_share"": 1.0, ""feasible_t"": 0.4166666666666667, ""gross_delivery_t"": 0.4166666666666667, ""order_month"": ""2036-03"", ""ordered_t"": 0.4166666666666667, ""planned_arrival_month"": ""2036-07"", ""requested_t"": 0.4166666666666667, ""shipment_id"": ""S0075"", ""source_id"": ""B"", ""source_name"": ""Earth-Flex"", ""unfulfilled_request_t"": 0.0}, {""actual_arrival_month"": ""2036-08"", ""actual_delivery_share"": 1.0, ""availability_share"": 1.0, ""feasible_t"": 0.4166666666666667, ""gross_delivery_t"": 0.4166666666666667, ""order_month"": ""2036-04"", ""ordered_t"": 0.4166666666666667, ""planned_arrival_month"": ""2036-08"", ""requested_t"": 0.4166666666666667, ""shipment_id"": ""S0076"", ""source_id"": ""B"", ""source_name"": ""Earth-Flex"", ""unfulfilled_request_t"": 0.0}, {""actual_arrival_month"": ""2036-09"", ""actual_delivery_share"": 1.0, ""availability_share"": 1.0, ""feasible_t"": 0.4166666666666667, ""gross_delivery_t"": 0.4166666666666667, ""order_month"": ""2036-05"", ""ordered_t"": 0.4166666666666667, ""planned_arrival_month"": ""2036-09"", ""requested_t"": 0.4166666666666667, ""shipment_id"": ""S0077"", ""source_id"": ""B"", ""source_name"": ""Earth-Flex"", ""unfulfilled_request_t"": 0.0}, {""actual_arrival_month"": ""2036-10"", ""actual_delivery_share"": 1.0, ""availability_share"": 1.0, ""feasible_t"": 0.4166666666666667, ""gross_delivery_t"": 0.4166666666666667, ""order_month"": ""2036-06"", ""ordered_t"": 0.4166666666666667, ""planned_arrival_month"": ""2036-10"", ""requested_t"": 0.4166666666666667, ""shipment_id"": ""S0078"", ""source_id"": ""B"", ""source_name"": ""Earth-Flex"", ""unfulfilled_request_t"": 0.0}]","{""A"": 10.0, ""B"": 0.4166666666666667}","{""A"": 10.0, ""B"": 0.4166666666666667}",10.416666666666666,0.125,10.291666666666666,10.291666666666666,0.0,48.71000000000951,8.75,2.916666666666666,0.0,0.0,37.043333333342844,ZBO,120.0,0.012,"[""ZBO""]",2.2638500000005704,1.0,[]
2036-07,37.043333333342844,11.666666666666666,8.75,"{""A"": 150.0, ""B"": 5.0, ""C"": 0, ""D"": 0, ""E"": 0}","{""A"": 12.5, ""B"": 0.4166666666666667}","[{""actual_arrival_month"": ""2036-08"", ""actual_delivery_share"": 1.0, ""availability_share"": 1.0, ""feasible_t"": 10.0, ""gross_delivery_t"": 10.0, ""order_month"": ""2035-08"", ""ordered_t"": 10.0, ""planned_arrival_month"": ""2036-08"", ""requested_t"": 10.0, ""shipment_id"": ""S0008"", ""source_id"": ""A"", ""source_name"": ""Earth-Core"", ""unfulfilled_request_t"": 0.0}, {""actual_arrival_month"": ""2036-09"", ""actual_delivery_share"": 1.0, ""availability_share"": 1.0, ""feasible_t"": 10.0, ""gross_delivery_t"": 10.0, ""order_month"": ""2035-09"", ""ordered_t"": 10.0, ""planned_arrival_month"": ""2036-09"", ""requested_t"": 10.0, ""shipment_id"": ""S0009"", ""source_id"": ""A"", ""source_name"": ""Earth-Core"", ""unfulfilled_request_t"": 0.0}, {""actual_arrival_month"": ""2036-10"", ""actual_delivery_share"": 1.0, ""availability_share"": 1.0, ""feasible_t"": 10.0, ""gross_delivery_t"": 10.0, ""order_month"": ""2035-10"", ""ordered_t"": 10.0, ""planned_arrival_month"": ""2036-10"", ""requested_t"": 10.0, ""shipment_id"": ""S0010"", ""source_id"": ""A"", ""source_name"": ""Earth-Core"", ""unfulfilled_request_t"": 0.0}, {""actual_arrival_month"": ""2036-11"", ""actual_delivery_share"": 1.0, ""availability_share"": 1.0, ""feasible_t"": 10.0, ""gross_delivery_t"": 10.0, ""order_month"": ""2035-11"", ""ordered_t"": 10.0, ""planned_arrival_month"": ""2036-11"", ""requested_t"": 10.0, ""shipment_id"": ""S0011"", ""source_id"": ""A"", ""source_name"": ""Earth-Core"", ""unfulfilled_request_t"": 0.0}, {""actual_arrival_month"": ""2036-12"", ""actual_delivery_share"": 1.0, ""availability_share"": 1.0, ""feasible_t"": 10.0, ""gross_delivery_t"": 10.0, ""order_month"": ""2035-12"", ""ordered_t"": 10.0, ""planned_arrival_month"": ""2036-12"", ""requested_t"": 10.0, ""shipment_id"": ""S0012"", ""source_id"": ""A"", ""source_name"": ""Earth-Core"", ""unfulfilled_request_t"": 0.0}, {""actual_arrival_month"": ""2037-01"", ""actual_delivery_share"": 1.0, ""availability_share"": 1.0, ""feasible_t"": 12.5, ""gross_delivery_t"": 12.5, ""order_month"": ""2036-01"", ""ordered_t"": 12.5, ""planned_arrival_month"": ""2037-01"", ""requested_t"": 12.5, ""shipment_id"": ""S0013"", ""source_id"": ""A"", ""source_name"": ""Earth-Core"", ""unfulfilled_request_t"": 0.0}, {""actual_arrival_month"": ""2037-02"", ""actual_delivery_share"": 1.0, ""availability_share"": 1.0, ""feasible_t"": 12.5, ""gross_delivery_t"": 12.5, ""order_month"": ""2036-02"", ""ordered_t"": 12.5, ""planned_arrival_month"": ""2037-02"", ""requested_t"": 12.5, ""shipment_id"": ""S0014"", ""source_id"": ""A"", ""source_name"": ""Earth-Core"", ""unfulfilled_request_t"": 0.0}, {""actual_arrival_month"": ""2037-03"", ""actual_delivery_share"": 1.0, ""availability_share"": 1.0, ""feasible_t"": 12.5, ""gross_delivery_t"": 12.5, ""order_month"": ""2036-03"", ""ordered_t"": 12.5, ""planned_arrival_month"": ""2037-03"", ""requested_t"": 12.5, ""shipment_id"": ""S0015"", ""source_id"": ""A"", ""source_name"": ""Earth-Core"", ""unfulfilled_request_t"": 0.0}, {""actual_arrival_month"": ""2037-04"", ""actual_delivery_share"": 1.0, ""availability_share"": 1.0, ""feasible_t"": 12.5, ""gross_delivery_t"": 12.5, ""order_month"": ""2036-04"", ""ordered_t"": 12.5, ""planned_arrival_month"": ""2037-04"", ""requested_t"": 12.5, ""shipment_id"": ""S0016"", ""source_id"": ""A"", ""source_name"": ""Earth-Core"", ""unfulfilled_request_t"": 0.0}, {""actual_arrival_month"": ""2037-05"", ""actual_delivery_share"": 1.0, ""availability_share"": 1.0, ""feasible_t"": 12.5, ""gross_delivery_t"": 12.5, ""order_month"": ""2036-05"", ""ordered_t"": 12.5, ""planned_arrival_month"": ""2037-05"", ""requested_t"": 12.5, ""shipment_id"": ""S0017"", ""source_id"": ""A"", ""source_name"": ""Earth-Core"", ""unfulfilled_request_t"": 0.0}, {""actual_arrival_month"": ""2037-06"", ""actual_delivery_share"": 1.0, ""availability_share"": 1.0, ""feasible_t"": 12.5, ""gross_delivery_t"": 12.5, ""order_month"": ""2036-06"", ""ordered_t"": 12.5, ""planned_arrival_month"": ""2037-06"", ""requested_t"": 12.5, ""shipment_id"": ""S0018"", ""source_id"": ""A"", ""source_name"": ""Earth-Core"", ""unfulfilled_request_t"": 0.0}, {""actual_arrival_month"": ""2037-07"", ""actual_delivery_share"": 1.0, ""availability_share"": 1.0, ""feasible_t"": 12.5, ""gross_delivery_t"": 12.5, ""order_month"": ""2036-07"", ""ordered_t"": 12.5, ""planned_arrival_month"": ""2037-07"", ""requested_t"": 12.5, ""shipment_id"": ""S0019"", ""source_id"": ""A"", ""source_name"": ""Earth-Core"", ""unfulfilled_request_t"": 0.0}, {""actual_arrival_month"": ""2036-08"", ""actual_delivery_share"": 1.0, ""availability_share"": 1.0, ""feasible_t"": 0.4166666666666667, ""gross_delivery_t"": 0.4166666666666667, ""order_month"": ""2036-04"", ""ordered_t"": 0.4166666666666667, ""planned_arrival_month"": ""2036-08"", ""requested_t"": 0.4166666666666667, ""shipment_id"": ""S0076"", ""source_id"": ""B"", ""source_name"": ""Earth-Flex"", ""unfulfilled_request_t"": 0.0}, {""actual_arrival_month"": ""2036-09"", ""actual_delivery_share"": 1.0, ""availability_share"": 1.0, ""feasible_t"": 0.4166666666666667, ""gross_delivery_t"": 0.4166666666666667, ""order_month"": ""2036-05"", ""ordered_t"": 0.4166666666666667, ""planned_arrival_month"": ""2036-09"", ""requested_t"": 0.4166666666666667, ""shipment_id"": ""S0077"", ""source_id"": ""B"", ""source_name"": ""Earth-Flex"", ""unfulfilled_request_t"": 0.0}, {""actual_arrival_month"": ""2036-10"", ""actual_delivery_share"": 1.0, ""availability_share"": 1.0, ""feasible_t"": 0.4166666666666667, ""gross_delivery_t"": 0.4166666666666667, ""order_month"": ""2036-06"", ""ordered_t"": 0.4166666666666667, ""planned_arrival_month"": ""2036-10"", ""requested_t"": 0.4166666666666667, ""shipment_id"": ""S0078"", ""source_id"": ""B"", ""source_name"": ""Earth-Flex"", ""unfulfilled_request_t"": 0.0}, {""actual_arrival_month"": ""2036-11"", ""actual_delivery_share"": 1.0, ""availability_share"": 1.0, ""feasible_t"": 0.4166666666666667, ""gross_delivery_t"": 0.4166666666666667, ""order_month"": ""2036-07"", ""ordered_t"": 0.4166666666666667, ""planned_arrival_month"": ""2036-11"", ""requested_t"": 0.4166666666666667, ""shipment_id"": ""S0079"", ""source_id"": ""B"", ""source_name"": ""Earth-Flex"", ""unfulfilled_request_t"": 0.0}]","{""A"": 10.0, ""B"": 0.4166666666666667}","{""A"": 10.0, ""B"": 0.4166666666666667}",10.416666666666666,0.125,10.291666666666666,10.291666666666666,0.0,47.33500000000951,8.75,2.916666666666666,0.0,0.0,35.668333333342844,ZBO,120.0,0.012,"[""ZBO""]",2.1813500000005708,1.0,[]
2036-08,35.668333333342844,11.666666666666666,8.75,"{""A"": 150.0, ""B"": 5.0, ""C"": 0, ""D"": 0, ""E"": 0}","{""A"": 12.5, ""B"": 0.4166666666666667}","[{""actual_arrival_month"": ""2036-09"", ""actual_delivery_share"": 1.0, ""availability_share"": 1.0, ""feasible_t"": 10.0, ""gross_delivery_t"": 10.0, ""order_month"": ""2035-09"", ""ordered_t"": 10.0, ""planned_arrival_month"": ""2036-09"", ""requested_t"": 10.0, ""shipment_id"": ""S0009"", ""source_id"": ""A"", ""source_name"": ""Earth-Core"", ""unfulfilled_request_t"": 0.0}, {""actual_arrival_month"": ""2036-10"", ""actual_delivery_share"": 1.0, ""availability_share"": 1.0, ""feasible_t"": 10.0, ""gross_delivery_t"": 10.0, ""order_month"": ""2035-10"", ""ordered_t"": 10.0, ""planned_arrival_month"": ""2036-10"", ""requested_t"": 10.0, ""shipment_id"": ""S0010"", ""source_id"": ""A"", ""source_name"": ""Earth-Core"", ""unfulfilled_request_t"": 0.0}, {""actual_arrival_month"": ""2036-11"", ""actual_delivery_share"": 1.0, ""availability_share"": 1.0, ""feasible_t"": 10.0, ""gross_delivery_t"": 10.0, ""order_month"": ""2035-11"", ""ordered_t"": 10.0, ""planned_arrival_month"": ""2036-11"", ""requested_t"": 10.0, ""shipment_id"": ""S0011"", ""source_id"": ""A"", ""source_name"": ""Earth-Core"", ""unfulfilled_request_t"": 0.0}, {""actual_arrival_month"": ""2036-12"", ""actual_delivery_share"": 1.0, ""availability_share"": 1.0, ""feasible_t"": 10.0, ""gross_delivery_t"": 10.0, ""order_month"": ""2035-12"", ""ordered_t"": 10.0, ""planned_arrival_month"": ""2036-12"", ""requested_t"": 10.0, ""shipment_id"": ""S0012"", ""source_id"": ""A"", ""source_name"": ""Earth-Core"", ""unfulfilled_request_t"": 0.0}, {""actual_arrival_month"": ""2037-01"", ""actual_delivery_share"": 1.0, ""availability_share"": 1.0, ""feasible_t"": 12.5, ""gross_delivery_t"": 12.5, ""order_month"": ""2036-01"", ""ordered_t"": 12.5, ""planned_arrival_month"": ""2037-01"", ""requested_t"": 12.5, ""shipment_id"": ""S0013"", ""source_id"": ""A"", ""source_name"": ""Earth-Core"", ""unfulfilled_request_t"": 0.0}, {""actual_arrival_month"": ""2037-02"", ""actual_delivery_share"": 1.0, ""availability_share"": 1.0, ""feasible_t"": 12.5, ""gross_delivery_t"": 12.5, ""order_month"": ""2036-02"", ""ordered_t"": 12.5, ""planned_arrival_month"": ""2037-02"", ""requested_t"": 12.5, ""shipment_id"": ""S0014"", ""source_id"": ""A"", ""source_name"": ""Earth-Core"", ""unfulfilled_request_t"": 0.0}, {""actual_arrival_month"": ""2037-03"", ""actual_delivery_share"": 1.0, ""availability_share"": 1.0, ""feasible_t"": 12.5, ""gross_delivery_t"": 12.5, ""order_month"": ""2036-03"", ""ordered_t"": 12.5, ""planned_arrival_month"": ""2037-03"", ""requested_t"": 12.5, ""shipment_id"": ""S0015"", ""source_id"": ""A"", ""source_name"": ""Earth-Core"", ""unfulfilled_request_t"": 0.0}, {""actual_arrival_month"": ""2037-04"", ""actual_delivery_share"": 1.0, ""availability_share"": 1.0, ""feasible_t"": 12.5, ""gross_delivery_t"": 12.5, ""order_month"": ""2036-04"", ""ordered_t"": 12.5, ""planned_arrival_month"": ""2037-04"", ""requested_t"": 12.5, ""shipment_id"": ""S0016"", ""source_id"": ""A"", ""source_name"": ""Earth-Core"", ""unfulfilled_request_t"": 0.0}, {""actual_arrival_month"": ""2037-05"", ""actual_delivery_share"": 1.0, ""availability_share"": 1.0, ""feasible_t"": 12.5, ""gross_delivery_t"": 12.5, ""order_month"": ""2036-05"", ""ordered_t"": 12.5, ""planned_arrival_month"": ""2037-05"", ""requested_t"": 12.5, ""shipment_id"": ""S0017"", ""source_id"": ""A"", ""source_name"": ""Earth-Core"", ""unfulfilled_request_t"": 0.0}, {""actual_arrival_month"": ""2037-06"", ""actual_delivery_share"": 1.0, ""availability_share"": 1.0, ""feasible_t"": 12.5, ""gross_delivery_t"": 12.5, ""order_month"": ""2036-06"", ""ordered_t"": 12.5, ""planned_arrival_month"": ""2037-06"", ""requested_t"": 12.5, ""shipment_id"": ""S0018"", ""source_id"": ""A"", ""source_name"": ""Earth-Core"", ""unfulfilled_request_t"": 0.0}, {""actual_arrival_month"": ""2037-07"", ""actual_delivery_share"": 1.0, ""availability_share"": 1.0, ""feasible_t"": 12.5, ""gross_delivery_t"": 12.5, ""order_month"": ""2036-07"", ""ordered_t"": 12.5, ""planned_arrival_month"": ""2037-07"", ""requested_t"": 12.5, ""shipment_id"": ""S0019"", ""source_id"": ""A"", ""source_name"": ""Earth-Core"", ""unfulfilled_request_t"": 0.0}, {""actual_arrival_month"": ""2037-08"", ""actual_delivery_share"": 1.0, ""availability_share"": 1.0, ""feasible_t"": 12.5, ""gross_delivery_t"": 12.5, ""order_month"": ""2036-08"", ""ordered_t"": 12.5, ""planned_arrival_month"": ""2037-08"", ""requested_t"": 12.5, ""shipment_id"": ""S0020"", ""source_id"": ""A"", ""source_name"": ""Earth-Core"", ""unfulfilled_request_t"": 0.0}, {""actual_arrival_month"": ""2036-09"", ""actual_delivery_share"": 1.0, ""availability_share"": 1.0, ""feasible_t"": 0.4166666666666667, ""gross_delivery_t"": 0.4166666666666667, ""order_month"": ""2036-05"", ""ordered_t"": 0.4166666666666667, ""planned_arrival_month"": ""2036-09"", ""requested_t"": 0.4166666666666667, ""shipment_id"": ""S0077"", ""source_id"": ""B"", ""source_name"": ""Earth-Flex"", ""unfulfilled_request_t"": 0.0}, {""actual_arrival_month"": ""2036-10"", ""actual_delivery_share"": 1.0, ""availability_share"": 1.0, ""feasible_t"": 0.4166666666666667, ""gross_delivery_t"": 0.4166666666666667, ""order_month"": ""2036-06"", ""ordered_t"": 0.4166666666666667, ""planned_arrival_month"": ""2036-10"", ""requested_t"": 0.4166666666666667, ""shipment_id"": ""S0078"", ""source_id"": ""B"", ""source_name"": ""Earth-Flex"", ""unfulfilled_request_t"": 0.0}, {""actual_arrival_month"": ""2036-11"", ""actual_delivery_share"": 1.0, ""availability_share"": 1.0, ""feasible_t"": 0.4166666666666667, ""gross_delivery_t"": 0.4166666666666667, ""order_month"": ""2036-07"", ""ordered_t"": 0.4166666666666667, ""planned_arrival_month"": ""2036-11"", ""requested_t"": 0.4166666666666667, ""shipment_id"": ""S0079"", ""source_id"": ""B"", ""source_name"": ""Earth-Flex"", ""unfulfilled_request_t"": 0.0}, {""actual_arrival_month"": ""2036-12"", ""actual_delivery_share"": 1.0, ""availability_share"": 1.0, ""feasible_t"": 0.4166666666666667, ""gross_delivery_t"": 0.4166666666666667, ""order_month"": ""2036-08"", ""ordered_t"": 0.4166666666666667, ""planned_arrival_month"": ""2036-12"", ""requested_t"": 0.4166666666666667, ""shipment_id"": ""S0080"", ""source_id"": ""B"", ""source_name"": ""Earth-Flex"", ""unfulfilled_request_t"": 0.0}]","{""A"": 10.0, ""B"": 0.4166666666666667}","{""A"": 10.0, ""B"": 0.4166666666666667}",10.416666666666666,0.125,10.291666666666666,10.291666666666666,0.0,45.96000000000951,8.75,2.916666666666666,0.0,0.0,34.293333333342844,ZBO,120.0,0.012,"[""ZBO""]",2.0988500000005703,1.0,[]
2036-09,34.293333333342844,11.666666666666666,8.75,"{""A"": 150.0, ""B"": 5.0, ""C"": 0, ""D"": 0, ""E"": 0}","{""A"": 12.5, ""B"": 0.4166666666666667}","[{""actual_arrival_month"": ""2036-10"", ""actual_delivery_share"": 1.0, ""availability_share"": 1.0, ""feasible_t"": 10.0, ""gross_delivery_t"": 10.0, ""order_month"": ""2035-10"", ""ordered_t"": 10.0, ""planned_arrival_month"": ""2036-10"", ""requested_t"": 10.0, ""shipment_id"": ""S0010"", ""source_id"": ""A"", ""source_name"": ""Earth-Core"", ""unfulfilled_request_t"": 0.0}, {""actual_arrival_month"": ""2036-11"", ""actual_delivery_share"": 1.0, ""availability_share"": 1.0, ""feasible_t"": 10.0, ""gross_delivery_t"": 10.0, ""order_month"": ""2035-11"", ""ordered_t"": 10.0, ""planned_arrival_month"": ""2036-11"", ""requested_t"": 10.0, ""shipment_id"": ""S0011"", ""source_id"": ""A"", ""source_name"": ""Earth-Core"", ""unfulfilled_request_t"": 0.0}, {""actual_arrival_month"": ""2036-12"", ""actual_delivery_share"": 1.0, ""availability_share"": 1.0, ""feasible_t"": 10.0, ""gross_delivery_t"": 10.0, ""order_month"": ""2035-12"", ""ordered_t"": 10.0, ""planned_arrival_month"": ""2036-12"", ""requested_t"": 10.0, ""shipment_id"": ""S0012"", ""source_id"": ""A"", ""source_name"": ""Earth-Core"", ""unfulfilled_request_t"": 0.0}, {""actual_arrival_month"": ""2037-01"", ""actual_delivery_share"": 1.0, ""availability_share"": 1.0, ""feasible_t"": 12.5, ""gross_delivery_t"": 12.5, ""order_month"": ""2036-01"", ""ordered_t"": 12.5, ""planned_arrival_month"": ""2037-01"", ""requested_t"": 12.5, ""shipment_id"": ""S0013"", ""source_id"": ""A"", ""source_name"": ""Earth-Core"", ""unfulfilled_request_t"": 0.0}, {""actual_arrival_month"": ""2037-02"", ""actual_delivery_share"": 1.0, ""availability_share"": 1.0, ""feasible_t"": 12.5, ""gross_delivery_t"": 12.5, ""order_month"": ""2036-02"", ""ordered_t"": 12.5, ""planned_arrival_month"": ""2037-02"", ""requested_t"": 12.5, ""shipment_id"": ""S0014"", ""source_id"": ""A"", ""source_name"": ""Earth-Core"", ""unfulfilled_request_t"": 0.0}, {""actual_arrival_month"": ""2037-03"", ""actual_delivery_share"": 1.0, ""availability_share"": 1.0, ""feasible_t"": 12.5, ""gross_delivery_t"": 12.5, ""order_month"": ""2036-03"", ""ordered_t"": 12.5, ""planned_arrival_month"": ""2037-03"", ""requested_t"": 12.5, ""shipment_id"": ""S0015"", ""source_id"": ""A"", ""source_name"": ""Earth-Core"", ""unfulfilled_request_t"": 0.0}, {""actual_arrival_month"": ""2037-04"", ""actual_delivery_share"": 1.0, ""availability_share"": 1.0, ""feasible_t"": 12.5, ""gross_delivery_t"": 12.5, ""order_month"": ""2036-04"", ""ordered_t"": 12.5, ""planned_arrival_month"": ""2037-04"", ""requested_t"": 12.5, ""shipment_id"": ""S0016"", ""source_id"": ""A"", ""source_name"": ""Earth-Core"", ""unfulfilled_request_t"": 0.0}, {""actual_arrival_month"": ""2037-05"", ""actual_delivery_share"": 1.0, ""availability_share"": 1.0, ""feasible_t"": 12.5, ""gross_delivery_t"": 12.5, ""order_month"": ""2036-05"", ""ordered_t"": 12.5, ""planned_arrival_month"": ""2037-05"", ""requested_t"": 12.5, ""shipment_id"": ""S0017"", ""source_id"": ""A"", ""source_name"": ""Earth-Core"", ""unfulfilled_request_t"": 0.0}, {""actual_arrival_month"": ""2037-06"", ""actual_delivery_share"": 1.0, ""availability_share"": 1.0, ""feasible_t"": 12.5, ""gross_delivery_t"": 12.5, ""order_month"": ""2036-06"", ""ordered_t"": 12.5, ""planned_arrival_month"": ""2037-06"", ""requested_t"": 12.5, ""shipment_id"": ""S0018"", ""source_id"": ""A"", ""source_name"": ""Earth-Core"", ""unfulfilled_request_t"": 0.0}, {""actual_arrival_month"": ""2037-07"", ""actual_delivery_share"": 1.0, ""availability_share"": 1.0, ""feasible_t"": 12.5, ""gross_delivery_t"": 12.5, ""order_month"": ""2036-07"", ""ordered_t"": 12.5, ""planned_arrival_month"": ""2037-07"", ""requested_t"": 12.5, ""shipment_id"": ""S0019"", ""source_id"": ""A"", ""source_name"": ""Earth-Core"", ""unfulfilled_request_t"": 0.0}, {""actual_arrival_month"": ""2037-08"", ""actual_delivery_share"": 1.0, ""availability_share"": 1.0, ""feasible_t"": 12.5, ""gross_delivery_t"": 12.5, ""order_month"": ""2036-08"", ""ordered_t"": 12.5, ""planned_arrival_month"": ""2037-08"", ""requested_t"": 12.5, ""shipment_id"": ""S0020"", ""source_id"": ""A"", ""source_name"": ""Earth-Core"", ""unfulfilled_request_t"": 0.0}, {""actual_arrival_month"": ""2037-09"", ""actual_delivery_share"": 1.0, ""availability_share"": 1.0, ""feasible_t"": 12.5, ""gross_delivery_t"": 12.5, ""order_month"": ""2036-09"", ""ordered_t"": 12.5, ""planned_arrival_month"": ""2037-09"", ""requested_t"": 12.5, ""shipment_id"": ""S0021"", ""source_id"": ""A"", ""source_name"": ""Earth-Core"", ""unfulfilled_request_t"": 0.0}, {""actual_arrival_month"": ""2036-10"", ""actual_delivery_share"": 1.0, ""availability_share"": 1.0, ""feasible_t"": 0.4166666666666667, ""gross_delivery_t"": 0.4166666666666667, ""order_month"": ""2036-06"", ""ordered_t"": 0.4166666666666667, ""planned_arrival_month"": ""2036-10"", ""requested_t"": 0.4166666666666667, ""shipment_id"": ""S0078"", ""source_id"": ""B"", ""source_name"": ""Earth-Flex"", ""unfulfilled_request_t"": 0.0}, {""actual_arrival_month"": ""2036-11"", ""actual_delivery_share"": 1.0, ""availability_share"": 1.0, ""feasible_t"": 0.4166666666666667, ""gross_delivery_t"": 0.4166666666666667, ""order_month"": ""2036-07"", ""ordered_t"": 0.4166666666666667, ""planned_arrival_month"": ""2036-11"", ""requested_t"": 0.4166666666666667, ""shipment_id"": ""S0079"", ""source_id"": ""B"", ""source_name"": ""Earth-Flex"", ""unfulfilled_request_t"": 0.0}, {""actual_arrival_month"": ""2036-12"", ""actual_delivery_share"": 1.0, ""availability_share"": 1.0, ""feasible_t"": 0.4166666666666667, ""gross_delivery_t"": 0.4166666666666667, ""order_month"": ""2036-08"", ""ordered_t"": 0.4166666666666667, ""planned_arrival_month"": ""2036-12"", ""requested_t"": 0.4166666666666667, ""shipment_id"": ""S0080"", ""source_id"": ""B"", ""source_name"": ""Earth-Flex"", ""unfulfilled_request_t"": 0.0}, {""actual_arrival_month"": ""2037-01"", ""actual_delivery_share"": 1.0, ""availability_share"": 1.0, ""feasible_t"": 0.4166666666666667, ""gross_delivery_t"": 0.4166666666666667, ""order_month"": ""2036-09"", ""ordered_t"": 0.4166666666666667, ""planned_arrival_month"": ""2037-01"", ""requested_t"": 0.4166666666666667, ""shipment_id"": ""S0081"", ""source_id"": ""B"", ""source_name"": ""Earth-Flex"", ""unfulfilled_request_t"": 0.0}]","{""A"": 10.0, ""B"": 0.4166666666666667}","{""A"": 10.0, ""B"": 0.4166666666666667}",10.416666666666666,0.125,10.291666666666666,10.291666666666666,0.0,44.58500000000951,8.75,2.916666666666666,0.0,0.0,32.918333333342844,ZBO,120.0,0.012,"[""ZBO""]",2.0163500000005707,1.0,[]
2036-10,32.918333333342844,11.666666666666666,8.75,"{""A"": 150.0, ""B"": 5.0, ""C"": 0, ""D"": 0, ""E"": 0}","{""A"": 12.5, ""B"": 0.4166666666666667}","[{""actual_arrival_month"": ""2036-11"", ""actual_delivery_share"": 1.0, ""availability_share"": 1.0, ""feasible_t"": 10.0, ""gross_delivery_t"": 10.0, ""order_month"": ""2035-11"", ""ordered_t"": 10.0, ""planned_arrival_month"": ""2036-11"", ""requested_t"": 10.0, ""shipment_id"": ""S0011"", ""source_id"": ""A"", ""source_name"": ""Earth-Core"", ""unfulfilled_request_t"": 0.0}, {""actual_arrival_month"": ""2036-12"", ""actual_delivery_share"": 1.0, ""availability_share"": 1.0, ""feasible_t"": 10.0, ""gross_delivery_t"": 10.0, ""order_month"": ""2035-12"", ""ordered_t"": 10.0, ""planned_arrival_month"": ""2036-12"", ""requested_t"": 10.0, ""shipment_id"": ""S0012"", ""source_id"": ""A"", ""source_name"": ""Earth-Core"", ""unfulfilled_request_t"": 0.0}, {""actual_arrival_month"": ""2037-01"", ""actual_delivery_share"": 1.0, ""availability_share"": 1.0, ""feasible_t"": 12.5, ""gross_delivery_t"": 12.5, ""order_month"": ""2036-01"", ""ordered_t"": 12.5, ""planned_arrival_month"": ""2037-01"", ""requested_t"": 12.5, ""shipment_id"": ""S0013"", ""source_id"": ""A"", ""source_name"": ""Earth-Core"", ""unfulfilled_request_t"": 0.0}, {""actual_arrival_month"": ""2037-02"", ""actual_delivery_share"": 1.0, ""availability_share"": 1.0, ""feasible_t"": 12.5, ""gross_delivery_t"": 12.5, ""order_month"": ""2036-02"", ""ordered_t"": 12.5, ""planned_arrival_month"": ""2037-02"", ""requested_t"": 12.5, ""shipment_id"": ""S0014"", ""source_id"": ""A"", ""source_name"": ""Earth-Core"", ""unfulfilled_request_t"": 0.0}, {""actual_arrival_month"": ""2037-03"", ""actual_delivery_share"": 1.0, ""availability_share"": 1.0, ""feasible_t"": 12.5, ""gross_delivery_t"": 12.5, ""order_month"": ""2036-03"", ""ordered_t"": 12.5, ""planned_arrival_month"": ""2037-03"", ""requested_t"": 12.5, ""shipment_id"": ""S0015"", ""source_id"": ""A"", ""source_name"": ""Earth-Core"", ""unfulfilled_request_t"": 0.0}, {""actual_arrival_month"": ""2037-04"", ""actual_delivery_share"": 1.0, ""availability_share"": 1.0, ""feasible_t"": 12.5, ""gross_delivery_t"": 12.5, ""order_month"": ""2036-04"", ""ordered_t"": 12.5, ""planned_arrival_month"": ""2037-04"", ""requested_t"": 12.5, ""shipment_id"": ""S0016"", ""source_id"": ""A"", ""source_name"": ""Earth-Core"", ""unfulfilled_request_t"": 0.0}, {""actual_arrival_month"": ""2037-05"", ""actual_delivery_share"": 1.0, ""availability_share"": 1.0, ""feasible_t"": 12.5, ""gross_delivery_t"": 12.5, ""order_month"": ""2036-05"", ""ordered_t"": 12.5, ""planned_arrival_month"": ""2037-05"", ""requested_t"": 12.5, ""shipment_id"": ""S0017"", ""source_id"": ""A"", ""source_name"": ""Earth-Core"", ""unfulfilled_request_t"": 0.0}, {""actual_arrival_month"": ""2037-06"", ""actual_delivery_share"": 1.0, ""availability_share"": 1.0, ""feasible_t"": 12.5, ""gross_delivery_t"": 12.5, ""order_month"": ""2036-06"", ""ordered_t"": 12.5, ""planned_arrival_month"": ""2037-06"", ""requested_t"": 12.5, ""shipment_id"": ""S0018"", ""source_id"": ""A"", ""source_name"": ""Earth-Core"", ""unfulfilled_request_t"": 0.0}, {""actual_arrival_month"": ""2037-07"", ""actual_delivery_share"": 1.0, ""availability_share"": 1.0, ""feasible_t"": 12.5, ""gross_delivery_t"": 12.5, ""order_month"": ""2036-07"", ""ordered_t"": 12.5, ""planned_arrival_month"": ""2037-07"", ""requested_t"": 12.5, ""shipment_id"": ""S0019"", ""source_id"": ""A"", ""source_name"": ""Earth-Core"", ""unfulfilled_request_t"": 0.0}, {""actual_arrival_month"": ""2037-08"", ""actual_delivery_share"": 1.0, ""availability_share"": 1.0, ""feasible_t"": 12.5, ""gross_delivery_t"": 12.5, ""order_month"": ""2036-08"", ""ordered_t"": 12.5, ""planned_arrival_month"": ""2037-08"", ""requested_t"": 12.5, ""shipment_id"": ""S0020"", ""source_id"": ""A"", ""source_name"": ""Earth-Core"", ""unfulfilled_request_t"": 0.0}, {""actual_arrival_month"": ""2037-09"", ""actual_delivery_share"": 1.0, ""availability_share"": 1.0, ""feasible_t"": 12.5, ""gross_delivery_t"": 12.5, ""order_month"": ""2036-09"", ""ordered_t"": 12.5, ""planned_arrival_month"": ""2037-09"", ""requested_t"": 12.5, ""shipment_id"": ""S0021"", ""source_id"": ""A"", ""source_name"": ""Earth-Core"", ""unfulfilled_request_t"": 0.0}, {""actual_arrival_month"": ""2037-10"", ""actual_delivery_share"": 1.0, ""availability_share"": 1.0, ""feasible_t"": 12.5, ""gross_delivery_t"": 12.5, ""order_month"": ""2036-10"", ""ordered_t"": 12.5, ""planned_arrival_month"": ""2037-10"", ""requested_t"": 12.5, ""shipment_id"": ""S0022"", ""source_id"": ""A"", ""source_name"": ""Earth-Core"", ""unfulfilled_request_t"": 0.0}, {""actual_arrival_month"": ""2036-11"", ""actual_delivery_share"": 1.0, ""availability_share"": 1.0, ""feasible_t"": 0.4166666666666667, ""gross_delivery_t"": 0.4166666666666667, ""order_month"": ""2036-07"", ""ordered_t"": 0.4166666666666667, ""planned_arrival_month"": ""2036-11"", ""requested_t"": 0.4166666666666667, ""shipment_id"": ""S0079"", ""source_id"": ""B"", ""source_name"": ""Earth-Flex"", ""unfulfilled_request_t"": 0.0}, {""actual_arrival_month"": ""2036-12"", ""actual_delivery_share"": 1.0, ""availability_share"": 1.0, ""feasible_t"": 0.4166666666666667, ""gross_delivery_t"": 0.4166666666666667, ""order_month"": ""2036-08"", ""ordered_t"": 0.4166666666666667, ""planned_arrival_month"": ""2036-12"", ""requested_t"": 0.4166666666666667, ""shipment_id"": ""S0080"", ""source_id"": ""B"", ""source_name"": ""Earth-Flex"", ""unfulfilled_request_t"": 0.0}, {""actual_arrival_month"": ""2037-01"", ""actual_delivery_share"": 1.0, ""availability_share"": 1.0, ""feasible_t"": 0.4166666666666667, ""gross_delivery_t"": 0.4166666666666667, ""order_month"": ""2036-09"", ""ordered_t"": 0.4166666666666667, ""planned_arrival_month"": ""2037-01"", ""requested_t"": 0.4166666666666667, ""shipment_id"": ""S0081"", ""source_id"": ""B"", ""source_name"": ""Earth-Flex"", ""unfulfilled_request_t"": 0.0}, {""actual_arrival_month"": ""2037-02"", ""actual_delivery_share"": 1.0, ""availability_share"": 1.0, ""feasible_t"": 0.4166666666666667, ""gross_delivery_t"": 0.4166666666666667, ""order_month"": ""2036-10"", ""ordered_t"": 0.4166666666666667, ""planned_arrival_month"": ""2037-02"", ""requested_t"": 0.4166666666666667, ""shipment_id"": ""S0082"", ""source_id"": ""B"", ""source_name"": ""Earth-Flex"", ""unfulfilled_request_t"": 0.0}]","{""A"": 10.0, ""B"": 0.4166666666666667}","{""A"": 10.0, ""B"": 0.4166666666666667}",10.416666666666666,0.125,10.291666666666666,10.291666666666666,0.0,43.21000000000951,8.75,2.916666666666666,0.0,0.0,31.543333333342844,ZBO,120.0,0.012,"[""ZBO""]",1.9338500000005705,1.0,[]
2036-11,31.543333333342844,11.666666666666666,8.75,"{""A"": 150.0, ""B"": 5.0, ""C"": 0, ""D"": 0, ""E"": 0}","{""A"": 12.5, ""B"": 0.4166666666666667}","[{""actual_arrival_month"": ""2036-12"", ""actual_delivery_share"": 1.0, ""availability_share"": 1.0, ""feasible_t"": 10.0, ""gross_delivery_t"": 10.0, ""order_month"": ""2035-12"", ""ordered_t"": 10.0, ""planned_arrival_month"": ""2036-12"", ""requested_t"": 10.0, ""shipment_id"": ""S0012"", ""source_id"": ""A"", ""source_name"": ""Earth-Core"", ""unfulfilled_request_t"": 0.0}, {""actual_arrival_month"": ""2037-01"", ""actual_delivery_share"": 1.0, ""availability_share"": 1.0, ""feasible_t"": 12.5, ""gross_delivery_t"": 12.5, ""order_month"": ""2036-01"", ""ordered_t"": 12.5, ""planned_arrival_month"": ""2037-01"", ""requested_t"": 12.5, ""shipment_id"": ""S0013"", ""source_id"": ""A"", ""source_name"": ""Earth-Core"", ""unfulfilled_request_t"": 0.0}, {""actual_arrival_month"": ""2037-02"", ""actual_delivery_share"": 1.0, ""availability_share"": 1.0, ""feasible_t"": 12.5, ""gross_delivery_t"": 12.5, ""order_month"": ""2036-02"", ""ordered_t"": 12.5, ""planned_arrival_month"": ""2037-02"", ""requested_t"": 12.5, ""shipment_id"": ""S0014"", ""source_id"": ""A"", ""source_name"": ""Earth-Core"", ""unfulfilled_request_t"": 0.0}, {""actual_arrival_month"": ""2037-03"", ""actual_delivery_share"": 1.0, ""availability_share"": 1.0, ""feasible_t"": 12.5, ""gross_delivery_t"": 12.5, ""order_month"": ""2036-03"", ""ordered_t"": 12.5, ""planned_arrival_month"": ""2037-03"", ""requested_t"": 12.5, ""shipment_id"": ""S0015"", ""source_id"": ""A"", ""source_name"": ""Earth-Core"", ""unfulfilled_request_t"": 0.0}, {""actual_arrival_month"": ""2037-04"", ""actual_delivery_share"": 1.0, ""availability_share"": 1.0, ""feasible_t"": 12.5, ""gross_delivery_t"": 12.5, ""order_month"": ""2036-04"", ""ordered_t"": 12.5, ""planned_arrival_month"": ""2037-04"", ""requested_t"": 12.5, ""shipment_id"": ""S0016"", ""source_id"": ""A"", ""source_name"": ""Earth-Core"", ""unfulfilled_request_t"": 0.0}, {""actual_arrival_month"": ""2037-05"", ""actual_delivery_share"": 1.0, ""availability_share"": 1.0, ""feasible_t"": 12.5, ""gross_delivery_t"": 12.5, ""order_month"": ""2036-05"", ""ordered_t"": 12.5, ""planned_arrival_month"": ""2037-05"", ""requested_t"": 12.5, ""shipment_id"": ""S0017"", ""source_id"": ""A"", ""source_name"": ""Earth-Core"", ""unfulfilled_request_t"": 0.0}, {""actual_arrival_month"": ""2037-06"", ""actual_delivery_share"": 1.0, ""availability_share"": 1.0, ""feasible_t"": 12.5, ""gross_delivery_t"": 12.5, ""order_month"": ""2036-06"", ""ordered_t"": 12.5, ""planned_arrival_month"": ""2037-06"", ""requested_t"": 12.5, ""shipment_id"": ""S0018"", ""source_id"": ""A"", ""source_name"": ""Earth-Core"", ""unfulfilled_request_t"": 0.0}, {""actual_arrival_month"": ""2037-07"", ""actual_delivery_share"": 1.0, ""availability_share"": 1.0, ""feasible_t"": 12.5, ""gross_delivery_t"": 12.5, ""order_month"": ""2036-07"", ""ordered_t"": 12.5, ""planned_arrival_month"": ""2037-07"", ""requested_t"": 12.5, ""shipment_id"": ""S0019"", ""source_id"": ""A"", ""source_name"": ""Earth-Core"", ""unfulfilled_request_t"": 0.0}, {""actual_arrival_month"": ""2037-08"", ""actual_delivery_share"": 1.0, ""availability_share"": 1.0, ""feasible_t"": 12.5, ""gross_delivery_t"": 12.5, ""order_month"": ""2036-08"", ""ordered_t"": 12.5, ""planned_arrival_month"": ""2037-08"", ""requested_t"": 12.5, ""shipment_id"": ""S0020"", ""source_id"": ""A"", ""source_name"": ""Earth-Core"", ""unfulfilled_request_t"": 0.0}, {""actual_arrival_month"": ""2037-09"", ""actual_delivery_share"": 1.0, ""availability_share"": 1.0, ""feasible_t"": 12.5, ""gross_delivery_t"": 12.5, ""order_month"": ""2036-09"", ""ordered_t"": 12.5, ""planned_arrival_month"": ""2037-09"", ""requested_t"": 12.5, ""shipment_id"": ""S0021"", ""source_id"": ""A"", ""source_name"": ""Earth-Core"", ""unfulfilled_request_t"": 0.0}, {""actual_arrival_month"": ""2037-10"", ""actual_delivery_share"": 1.0, ""availability_share"": 1.0, ""feasible_t"": 12.5, ""gross_delivery_t"": 12.5, ""order_month"": ""2036-10"", ""ordered_t"": 12.5, ""planned_arrival_month"": ""2037-10"", ""requested_t"": 12.5, ""shipment_id"": ""S0022"", ""source_id"": ""A"", ""source_name"": ""Earth-Core"", ""unfulfilled_request_t"": 0.0}, {""actual_arrival_month"": ""2037-11"", ""actual_delivery_share"": 1.0, ""availability_share"": 1.0, ""feasible_t"": 12.5, ""gross_delivery_t"": 12.5, ""order_month"": ""2036-11"", ""ordered_t"": 12.5, ""planned_arrival_month"": ""2037-11"", ""requested_t"": 12.5, ""shipment_id"": ""S0023"", ""source_id"": ""A"", ""source_name"": ""Earth-Core"", ""unfulfilled_request_t"": 0.0}, {""actual_arrival_month"": ""2036-12"", ""actual_delivery_share"": 1.0, ""availability_share"": 1.0, ""feasible_t"": 0.4166666666666667, ""gross_delivery_t"": 0.4166666666666667, ""order_month"": ""2036-08"", ""ordered_t"": 0.4166666666666667, ""planned_arrival_month"": ""2036-12"", ""requested_t"": 0.4166666666666667, ""shipment_id"": ""S0080"", ""source_id"": ""B"", ""source_name"": ""Earth-Flex"", ""unfulfilled_request_t"": 0.0}, {""actual_arrival_month"": ""2037-01"", ""actual_delivery_share"": 1.0, ""availability_share"": 1.0, ""feasible_t"": 0.4166666666666667, ""gross_delivery_t"": 0.4166666666666667, ""order_month"": ""2036-09"", ""ordered_t"": 0.4166666666666667, ""planned_arrival_month"": ""2037-01"", ""requested_t"": 0.4166666666666667, ""shipment_id"": ""S0081"", ""source_id"": ""B"", ""source_name"": ""Earth-Flex"", ""unfulfilled_request_t"": 0.0}, {""actual_arrival_month"": ""2037-02"", ""actual_delivery_share"": 1.0, ""availability_share"": 1.0, ""feasible_t"": 0.4166666666666667, ""gross_delivery_t"": 0.4166666666666667, ""order_month"": ""2036-10"", ""ordered_t"": 0.4166666666666667, ""planned_arrival_month"": ""2037-02"", ""requested_t"": 0.4166666666666667, ""shipment_id"": ""S0082"", ""source_id"": ""B"", ""source_name"": ""Earth-Flex"", ""unfulfilled_request_t"": 0.0}, {""actual_arrival_month"": ""2037-03"", ""actual_delivery_share"": 1.0, ""availability_share"": 1.0, ""feasible_t"": 0.4166666666666667, ""gross_delivery_t"": 0.4166666666666667, ""order_month"": ""2036-11"", ""ordered_t"": 0.4166666666666667, ""planned_arrival_month"": ""2037-03"", ""requested_t"": 0.4166666666666667, ""shipment_id"": ""S0083"", ""source_id"": ""B"", ""source_name"": ""Earth-Flex"", ""unfulfilled_request_t"": 0.0}]","{""A"": 10.0, ""B"": 0.4166666666666667}","{""A"": 10.0, ""B"": 0.4166666666666667}",10.416666666666666,0.125,10.291666666666666,10.291666666666666,0.0,41.83500000000951,8.75,2.916666666666666,0.0,0.0,30.168333333342844,ZBO,120.0,0.012,"[""ZBO""]",1.8513500000005705,1.0,[]
2036-12,30.168333333342844,11.666666666666666,8.75,"{""A"": 150.0, ""B"": 5.0, ""C"": 0, ""D"": 0, ""E"": 0}","{""A"": 12.5, ""B"": 0.4166666666666667}","[{""actual_arrival_month"": ""2037-01"", ""actual_delivery_share"": 1.0, ""availability_share"": 1.0, ""feasible_t"": 12.5, ""gross_delivery_t"": 12.5, ""order_month"": ""2036-01"", ""ordered_t"": 12.5, ""planned_arrival_month"": ""2037-01"", ""requested_t"": 12.5, ""shipment_id"": ""S0013"", ""source_id"": ""A"", ""source_name"": ""Earth-Core"", ""unfulfilled_request_t"": 0.0}, {""actual_arrival_month"": ""2037-02"", ""actual_delivery_share"": 1.0, ""availability_share"": 1.0, ""feasible_t"": 12.5, ""gross_delivery_t"": 12.5, ""order_month"": ""2036-02"", ""ordered_t"": 12.5, ""planned_arrival_month"": ""2037-02"", ""requested_t"": 12.5, ""shipment_id"": ""S0014"", ""source_id"": ""A"", ""source_name"": ""Earth-Core"", ""unfulfilled_request_t"": 0.0}, {""actual_arrival_month"": ""2037-03"", ""actual_delivery_share"": 1.0, ""availability_share"": 1.0, ""feasible_t"": 12.5, ""gross_delivery_t"": 12.5, ""order_month"": ""2036-03"", ""ordered_t"": 12.5, ""planned_arrival_month"": ""2037-03"", ""requested_t"": 12.5, ""shipment_id"": ""S0015"", ""source_id"": ""A"", ""source_name"": ""Earth-Core"", ""unfulfilled_request_t"": 0.0}, {""actual_arrival_month"": ""2037-04"", ""actual_delivery_share"": 1.0, ""availability_share"": 1.0, ""feasible_t"": 12.5, ""gross_delivery_t"": 12.5, ""order_month"": ""2036-04"", ""ordered_t"": 12.5, ""planned_arrival_month"": ""2037-04"", ""requested_t"": 12.5, ""shipment_id"": ""S0016"", ""source_id"": ""A"", ""source_name"": ""Earth-Core"", ""unfulfilled_request_t"": 0.0}, {""actual_arrival_month"": ""2037-05"", ""actual_delivery_share"": 1.0, ""availability_share"": 1.0, ""feasible_t"": 12.5, ""gross_delivery_t"": 12.5, ""order_month"": ""2036-05"", ""ordered_t"": 12.5, ""planned_arrival_month"": ""2037-05"", ""requested_t"": 12.5, ""shipment_id"": ""S0017"", ""source_id"": ""A"", ""source_name"": ""Earth-Core"", ""unfulfilled_request_t"": 0.0}, {""actual_arrival_month"": ""2037-06"", ""actual_delivery_share"": 1.0, ""availability_share"": 1.0, ""feasible_t"": 12.5, ""gross_delivery_t"": 12.5, ""order_month"": ""2036-06"", ""ordered_t"": 12.5, ""planned_arrival_month"": ""2037-06"", ""requested_t"": 12.5, ""shipment_id"": ""S0018"", ""source_id"": ""A"", ""source_name"": ""Earth-Core"", ""unfulfilled_request_t"": 0.0}, {""actual_arrival_month"": ""2037-07"", ""actual_delivery_share"": 1.0, ""availability_share"": 1.0, ""feasible_t"": 12.5, ""gross_delivery_t"": 12.5, ""order_month"": ""2036-07"", ""ordered_t"": 12.5, ""planned_arrival_month"": ""2037-07"", ""requested_t"": 12.5, ""shipment_id"": ""S0019"", ""source_id"": ""A"", ""source_name"": ""Earth-Core"", ""unfulfilled_request_t"": 0.0}, {""actual_arrival_month"": ""2037-08"", ""actual_delivery_share"": 1.0, ""availability_share"": 1.0, ""feasible_t"": 12.5, ""gross_delivery_t"": 12.5, ""order_month"": ""2036-08"", ""ordered_t"": 12.5, ""planned_arrival_month"": ""2037-08"", ""requested_t"": 12.5, ""shipment_id"": ""S0020"", ""source_id"": ""A"", ""source_name"": ""Earth-Core"", ""unfulfilled_request_t"": 0.0}, {""actual_arrival_month"": ""2037-09"", ""actual_delivery_share"": 1.0, ""availability_share"": 1.0, ""feasible_t"": 12.5, ""gross_delivery_t"": 12.5, ""order_month"": ""2036-09"", ""ordered_t"": 12.5, ""planned_arrival_month"": ""2037-09"", ""requested_t"": 12.5, ""shipment_id"": ""S0021"", ""source_id"": ""A"", ""source_name"": ""Earth-Core"", ""unfulfilled_request_t"": 0.0}, {""actual_arrival_month"": ""2037-10"", ""actual_delivery_share"": 1.0, ""availability_share"": 1.0, ""feasible_t"": 12.5, ""gross_delivery_t"": 12.5, ""order_month"": ""2036-10"", ""ordered_t"": 12.5, ""planned_arrival_month"": ""2037-10"", ""requested_t"": 12.5, ""shipment_id"": ""S0022"", ""source_id"": ""A"", ""source_name"": ""Earth-Core"", ""unfulfilled_request_t"": 0.0}, {""actual_arrival_month"": ""2037-11"", ""actual_delivery_share"": 1.0, ""availability_share"": 1.0, ""feasible_t"": 12.5, ""gross_delivery_t"": 12.5, ""order_month"": ""2036-11"", ""ordered_t"": 12.5, ""planned_arrival_month"": ""2037-11"", ""requested_t"": 12.5, ""shipment_id"": ""S0023"", ""source_id"": ""A"", ""source_name"": ""Earth-Core"", ""unfulfilled_request_t"": 0.0}, {""actual_arrival_month"": ""2037-12"", ""actual_delivery_share"": 1.0, ""availability_share"": 1.0, ""feasible_t"": 12.5, ""gross_delivery_t"": 12.5, ""order_month"": ""2036-12"", ""ordered_t"": 12.5, ""planned_arrival_month"": ""2037-12"", ""requested_t"": 12.5, ""shipment_id"": ""S0024"", ""source_id"": ""A"", ""source_name"": ""Earth-Core"", ""unfulfilled_request_t"": 0.0}, {""actual_arrival_month"": ""2037-01"", ""actual_delivery_share"": 1.0, ""availability_share"": 1.0, ""feasible_t"": 0.4166666666666667, ""gross_delivery_t"": 0.4166666666666667, ""order_month"": ""2036-09"", ""ordered_t"": 0.4166666666666667, ""planned_arrival_month"": ""2037-01"", ""requested_t"": 0.4166666666666667, ""shipment_id"": ""S0081"", ""source_id"": ""B"", ""source_name"": ""Earth-Flex"", ""unfulfilled_request_t"": 0.0}, {""actual_arrival_month"": ""2037-02"", ""actual_delivery_share"": 1.0, ""availability_share"": 1.0, ""feasible_t"": 0.4166666666666667, ""gross_delivery_t"": 0.4166666666666667, ""order_month"": ""2036-10"", ""ordered_t"": 0.4166666666666667, ""planned_arrival_month"": ""2037-02"", ""requested_t"": 0.4166666666666667, ""shipment_id"": ""S0082"", ""source_id"": ""B"", ""source_name"": ""Earth-Flex"", ""unfulfilled_request_t"": 0.0}, {""actual_arrival_month"": ""2037-03"", ""actual_delivery_share"": 1.0, ""availability_share"": 1.0, ""feasible_t"": 0.4166666666666667, ""gross_delivery_t"": 0.4166666666666667, ""order_month"": ""2036-11"", ""ordered_t"": 0.4166666666666667, ""planned_arrival_month"": ""2037-03"", ""requested_t"": 0.4166666666666667, ""shipment_id"": ""S0083"", ""source_id"": ""B"", ""source_name"": ""Earth-Flex"", ""unfulfilled_request_t"": 0.0}, {""actual_arrival_month"": ""2037-04"", ""actual_delivery_share"": 1.0, ""availability_share"": 1.0, ""feasible_t"": 0.4166666666666667, ""gross_delivery_t"": 0.4166666666666667, ""order_month"": ""2036-12"", ""ordered_t"": 0.4166666666666667, ""planned_arrival_month"": ""2037-04"", ""requested_t"": 0.4166666666666667, ""shipment_id"": ""S0084"", ""source_id"": ""B"", ""source_name"": ""Earth-Flex"", ""unfulfilled_request_t"": 0.0}]","{""A"": 10.0, ""B"": 0.4166666666666667}","{""A"": 10.0, ""B"": 0.4166666666666667}",10.416666666666666,0.125,10.291666666666666,10.291666666666666,0.0,40.46000000000951,8.75,2.916666666666666,0.0,0.0,28.793333333342844,ZBO,120.0,0.012,"[""ZBO""]",1.7688500000005707,1.0,[]
2037-01,28.793333333342844,15.833333333333334,11.25,"{""A"": 160.0, ""B"": 0, ""C"": 60.0, ""D"": 0, ""E"": 0}","{""A"": 13.333333333333334}","[{""actual_arrival_month"": ""2037-02"", ""actual_delivery_share"": 1.0, ""availability_share"": 1.0, ""feasible_t"": 12.5, ""gross_delivery_t"": 12.5, ""order_month"": ""2036-02"", ""ordered_t"": 12.5, ""planned_arrival_month"": ""2037-02"", ""requested_t"": 12.5, ""shipment_id"": ""S0014"", ""source_id"": ""A"", ""source_name"": ""Earth-Core"", ""unfulfilled_request_t"": 0.0}, {""actual_arrival_month"": ""2037-03"", ""actual_delivery_share"": 1.0, ""availability_share"": 1.0, ""feasible_t"": 12.5, ""gross_delivery_t"": 12.5, ""order_month"": ""2036-03"", ""ordered_t"": 12.5, ""planned_arrival_month"": ""2037-03"", ""requested_t"": 12.5, ""shipment_id"": ""S0015"", ""source_id"": ""A"", ""source_name"": ""Earth-Core"", ""unfulfilled_request_t"": 0.0}, {""actual_arrival_month"": ""2037-04"", ""actual_delivery_share"": 1.0, ""availability_share"": 1.0, ""feasible_t"": 12.5, ""gross_delivery_t"": 12.5, ""order_month"": ""2036-04"", ""ordered_t"": 12.5, ""planned_arrival_month"": ""2037-04"", ""requested_t"": 12.5, ""shipment_id"": ""S0016"", ""source_id"": ""A"", ""source_name"": ""Earth-Core"", ""unfulfilled_request_t"": 0.0}, {""actual_arrival_month"": ""2037-05"", ""actual_delivery_share"": 1.0, ""availability_share"": 1.0, ""feasible_t"": 12.5, ""gross_delivery_t"": 12.5, ""order_month"": ""2036-05"", ""ordered_t"": 12.5, ""planned_arrival_month"": ""2037-05"", ""requested_t"": 12.5, ""shipment_id"": ""S0017"", ""source_id"": ""A"", ""source_name"": ""Earth-Core"", ""unfulfilled_request_t"": 0.0}, {""actual_arrival_month"": ""2037-06"", ""actual_delivery_share"": 1.0, ""availability_share"": 1.0, ""feasible_t"": 12.5, ""gross_delivery_t"": 12.5, ""order_month"": ""2036-06"", ""ordered_t"": 12.5, ""planned_arrival_month"": ""2037-06"", ""requested_t"": 12.5, ""shipment_id"": ""S0018"", ""source_id"": ""A"", ""source_name"": ""Earth-Core"", ""unfulfilled_request_t"": 0.0}, {""actual_arrival_month"": ""2037-07"", ""actual_delivery_share"": 1.0, ""availability_share"": 1.0, ""feasible_t"": 12.5, ""gross_delivery_t"": 12.5, ""order_month"": ""2036-07"", ""ordered_t"": 12.5, ""planned_arrival_month"": ""2037-07"", ""requested_t"": 12.5, ""shipment_id"": ""S0019"", ""source_id"": ""A"", ""source_name"": ""Earth-Core"", ""unfulfilled_request_t"": 0.0}, {""actual_arrival_month"": ""2037-08"", ""actual_delivery_share"": 1.0, ""availability_share"": 1.0, ""feasible_t"": 12.5, ""gross_delivery_t"": 12.5, ""order_month"": ""2036-08"", ""ordered_t"": 12.5, ""planned_arrival_month"": ""2037-08"", ""requested_t"": 12.5, ""shipment_id"": ""S0020"", ""source_id"": ""A"", ""source_name"": ""Earth-Core"", ""unfulfilled_request_t"": 0.0}, {""actual_arrival_month"": ""2037-09"", ""actual_delivery_share"": 1.0, ""availability_share"": 1.0, ""feasible_t"": 12.5, ""gross_delivery_t"": 12.5, ""order_month"": ""2036-09"", ""ordered_t"": 12.5, ""planned_arrival_month"": ""2037-09"", ""requested_t"": 12.5, ""shipment_id"": ""S0021"", ""source_id"": ""A"", ""source_name"": ""Earth-Core"", ""unfulfilled_request_t"": 0.0}, {""actual_arrival_month"": ""2037-10"", ""actual_delivery_share"": 1.0, ""availability_share"": 1.0, ""feasible_t"": 12.5, ""gross_delivery_t"": 12.5, ""order_month"": ""2036-10"", ""ordered_t"": 12.5, ""planned_arrival_month"": ""2037-10"", ""requested_t"": 12.5, ""shipment_id"": ""S0022"", ""source_id"": ""A"", ""source_name"": ""Earth-Core"", ""unfulfilled_request_t"": 0.0}, {""actual_arrival_month"": ""2037-11"", ""actual_delivery_share"": 1.0, ""availability_share"": 1.0, ""feasible_t"": 12.5, ""gross_delivery_t"": 12.5, ""order_month"": ""2036-11"", ""ordered_t"": 12.5, ""planned_arrival_month"": ""2037-11"", ""requested_t"": 12.5, ""shipment_id"": ""S0023"", ""source_id"": ""A"", ""source_name"": ""Earth-Core"", ""unfulfilled_request_t"": 0.0}, {""actual_arrival_month"": ""2037-12"", ""actual_delivery_share"": 1.0, ""availability_share"": 1.0, ""feasible_t"": 12.5, ""gross_delivery_t"": 12.5, ""order_month"": ""2036-12"", ""ordered_t"": 12.5, ""planned_arrival_month"": ""2037-12"", ""requested_t"": 12.5, ""shipment_id"": ""S0024"", ""source_id"": ""A"", ""source_name"": ""Earth-Core"", ""unfulfilled_request_t"": 0.0}, {""actual_arrival_month"": ""2038-01"", ""actual_delivery_share"": 1.0, ""availability_share"": 0.0, ""feasible_t"": 13.333333333333334, ""gross_delivery_t"": 0.0, ""order_month"": ""2037-01"", ""ordered_t"": 13.333333333333334, ""planned_arrival_month"": ""2038-01"", ""requested_t"": 13.333333333333334, ""shipment_id"": ""S0025"", ""source_id"": ""A"", ""source_name"": ""Earth-Core"", ""unfulfilled_request_t"": 0.0}, {""actual_arrival_month"": ""2037-02"", ""actual_delivery_share"": 1.0, ""availability_share"": 1.0, ""feasible_t"": 0.4166666666666667, ""gross_delivery_t"": 0.4166666666666667, ""order_month"": ""2036-10"", ""ordered_t"": 0.4166666666666667, ""planned_arrival_month"": ""2037-02"", ""requested_t"": 0.4166666666666667, ""shipment_id"": ""S0082"", ""source_id"": ""B"", ""source_name"": ""Earth-Flex"", ""unfulfilled_request_t"": 0.0}, {""actual_arrival_month"": ""2037-03"", ""actual_delivery_share"": 1.0, ""availability_share"": 1.0, ""feasible_t"": 0.4166666666666667, ""gross_delivery_t"": 0.4166666666666667, ""order_month"": ""2036-11"", ""ordered_t"": 0.4166666666666667, ""planned_arrival_month"": ""2037-03"", ""requested_t"": 0.4166666666666667, ""shipment_id"": ""S0083"", ""source_id"": ""B"", ""source_name"": ""Earth-Flex"", ""unfulfilled_request_t"": 0.0}, {""actual_arrival_month"": ""2037-04"", ""actual_delivery_share"": 1.0, ""availability_share"": 1.0, ""feasible_t"": 0.4166666666666667, ""gross_delivery_t"": 0.4166666666666667, ""order_month"": ""2036-12"", ""ordered_t"": 0.4166666666666667, ""planned_arrival_month"": ""2037-04"", ""requested_t"": 0.4166666666666667, ""shipment_id"": ""S0084"", ""source_id"": ""B"", ""source_name"": ""Earth-Flex"", ""unfulfilled_request_t"": 0.0}]","{""A"": 12.5, ""B"": 0.4166666666666667}","{""A"": 12.5, ""B"": 0.4166666666666667}",12.916666666666666,0.155,12.761666666666667,12.761666666666667,0.0,41.555000000009514,11.25,4.583333333333334,0.0,0.0,25.721666666676178,ZBO,120.0,0.012,"[""ZBO""]",1.6354500000005707,1.0,[]
2037-02,25.721666666676178,15.833333333333334,11.25,"{""A"": 160.0, ""B"": 0, ""C"": 60.0, ""D"": 0, ""E"": 0}","{""A"": 13.333333333333334, ""C"": 4.3636363636}","[{""actual_arrival_month"": ""2037-03"", ""actual_delivery_share"": 1.0, ""availability_share"": 1.0, ""feasible_t"": 12.5, ""gross_delivery_t"": 12.5, ""order_month"": ""2036-03"", ""ordered_t"": 12.5, ""planned_arrival_month"": ""2037-03"", ""requested_t"": 12.5, ""shipment_id"": ""S0015"", ""source_id"": ""A"", ""source_name"": ""Earth-Core"", ""unfulfilled_request_t"": 0.0}, {""actual_arrival_month"": ""2037-04"", ""actual_delivery_share"": 1.0, ""availability_share"": 1.0, ""feasible_t"": 12.5, ""gross_delivery_t"": 12.5, ""order_month"": ""2036-04"", ""ordered_t"": 12.5, ""planned_arrival_month"": ""2037-04"", ""requested_t"": 12.5, ""shipment_id"": ""S0016"", ""source_id"": ""A"", ""source_name"": ""Earth-Core"", ""unfulfilled_request_t"": 0.0}, {""actual_arrival_month"": ""2037-05"", ""actual_delivery_share"": 1.0, ""availability_share"": 1.0, ""feasible_t"": 12.5, ""gross_delivery_t"": 12.5, ""order_month"": ""2036-05"", ""ordered_t"": 12.5, ""planned_arrival_month"": ""2037-05"", ""requested_t"": 12.5, ""shipment_id"": ""S0017"", ""source_id"": ""A"", ""source_name"": ""Earth-Core"", ""unfulfilled_request_t"": 0.0}, {""actual_arrival_month"": ""2037-06"", ""actual_delivery_share"": 1.0, ""availability_share"": 1.0, ""feasible_t"": 12.5, ""gross_delivery_t"": 12.5, ""order_month"": ""2036-06"", ""ordered_t"": 12.5, ""planned_arrival_month"": ""2037-06"", ""requested_t"": 12.5, ""shipment_id"": ""S0018"", ""source_id"": ""A"", ""source_name"": ""Earth-Core"", ""unfulfilled_request_t"": 0.0}, {""actual_arrival_month"": ""2037-07"", ""actual_delivery_share"": 1.0, ""availability_share"": 1.0, ""feasible_t"": 12.5, ""gross_delivery_t"": 12.5, ""order_month"": ""2036-07"", ""ordered_t"": 12.5, ""planned_arrival_month"": ""2037-07"", ""requested_t"": 12.5, ""shipment_id"": ""S0019"", ""source_id"": ""A"", ""source_name"": ""Earth-Core"", ""unfulfilled_request_t"": 0.0}, {""actual_arrival_month"": ""2037-08"", ""actual_delivery_share"": 1.0, ""availability_share"": 1.0, ""feasible_t"": 12.5, ""gross_delivery_t"": 12.5, ""order_month"": ""2036-08"", ""ordered_t"": 12.5, ""planned_arrival_month"": ""2037-08"", ""requested_t"": 12.5, ""shipment_id"": ""S0020"", ""source_id"": ""A"", ""source_name"": ""Earth-Core"", ""unfulfilled_request_t"": 0.0}, {""actual_arrival_month"": ""2037-09"", ""actual_delivery_share"": 1.0, ""availability_share"": 1.0, ""feasible_t"": 12.5, ""gross_delivery_t"": 12.5, ""order_month"": ""2036-09"", ""ordered_t"": 12.5, ""planned_arrival_month"": ""2037-09"", ""requested_t"": 12.5, ""shipment_id"": ""S0021"", ""source_id"": ""A"", ""source_name"": ""Earth-Core"", ""unfulfilled_request_t"": 0.0}, {""actual_arrival_month"": ""2037-10"", ""actual_delivery_share"": 1.0, ""availability_share"": 1.0, ""feasible_t"": 12.5, ""gross_delivery_t"": 12.5, ""order_month"": ""2036-10"", ""ordered_t"": 12.5, ""planned_arrival_month"": ""2037-10"", ""requested_t"": 12.5, ""shipment_id"": ""S0022"", ""source_id"": ""A"", ""source_name"": ""Earth-Core"", ""unfulfilled_request_t"": 0.0}, {""actual_arrival_month"": ""2037-11"", ""actual_delivery_share"": 1.0, ""availability_share"": 1.0, ""feasible_t"": 12.5, ""gross_delivery_t"": 12.5, ""order_month"": ""2036-11"", ""ordered_t"": 12.5, ""planned_arrival_month"": ""2037-11"", ""requested_t"": 12.5, ""shipment_id"": ""S0023"", ""source_id"": ""A"", ""source_name"": ""Earth-Core"", ""unfulfilled_request_t"": 0.0}, {""actual_arrival_month"": ""2037-12"", ""actual_delivery_share"": 1.0, ""availability_share"": 1.0, ""feasible_t"": 12.5, ""gross_delivery_t"": 12.5, ""order_month"": ""2036-12"", ""ordered_t"": 12.5, ""planned_arrival_month"": ""2037-12"", ""requested_t"": 12.5, ""shipment_id"": ""S0024"", ""source_id"": ""A"", ""source_name"": ""Earth-Core"", ""unfulfilled_request_t"": 0.0}, {""actual_arrival_month"": ""2038-01"", ""actual_delivery_share"": 1.0, ""availability_share"": 0.0, ""feasible_t"": 13.333333333333334, ""gross_delivery_t"": 0.0, ""order_month"": ""2037-01"", ""ordered_t"": 13.333333333333334, ""planned_arrival_month"": ""2038-01"", ""requested_t"": 13.333333333333334, ""shipment_id"": ""S0025"", ""source_id"": ""A"", ""source_name"": ""Earth-Core"", ""unfulfilled_request_t"": 0.0}, {""actual_arrival_month"": ""2038-02"", ""actual_delivery_share"": 1.0, ""availability_share"": 0.0, ""feasible_t"": 13.333333333333334, ""gross_delivery_t"": 0.0, ""order_month"": ""2037-02"", ""ordered_t"": 13.333333333333334, ""planned_arrival_month"": ""2038-02"", ""requested_t"": 13.333333333333334, ""shipment_id"": ""S0026"", ""source_id"": ""A"", ""source_name"": ""Earth-Core"", ""unfulfilled_request_t"": 0.0}, {""actual_arrival_month"": ""2037-03"", ""actual_delivery_share"": 1.0, ""availability_share"": 1.0, ""feasible_t"": 0.4166666666666667, ""gross_delivery_t"": 0.4166666666666667, ""order_month"": ""2036-11"", ""ordered_t"": 0.4166666666666667, ""planned_arrival_month"": ""2037-03"", ""requested_t"": 0.4166666666666667, ""shipment_id"": ""S0083"", ""source_id"": ""B"", ""source_name"": ""Earth-Flex"", ""unfulfilled_request_t"": 0.0}, {""actual_arrival_month"": ""2037-04"", ""actual_delivery_share"": 1.0, ""availability_share"": 1.0, ""feasible_t"": 0.4166666666666667, ""gross_delivery_t"": 0.4166666666666667, ""order_month"": ""2036-12"", ""ordered_t"": 0.4166666666666667, ""planned_arrival_month"": ""2037-04"", ""requested_t"": 0.4166666666666667, ""shipment_id"": ""S0084"", ""source_id"": ""B"", ""source_name"": ""Earth-Flex"", ""unfulfilled_request_t"": 0.0}]","{""A"": 12.5, ""B"": 0.4166666666666667, ""C"": 4.3636363636}","{""A"": 12.5, ""B"": 0.4166666666666667, ""C"": 4.3636363636}",17.280303030266666,0.2073636363632,17.072939393903464,17.072939393903464,0.0,42.79460606057964,11.25,4.583333333333334,0.0,0.0,26.961272727246303,ZBO,120.0,0.012,"[""ZBO"", ""EARTH_NEW""]",1.5804881818176744,1.0,[]
2037-03,26.961272727246303,15.833333333333334,11.25,"{""A"": 160.0, ""B"": 0, ""C"": 60.0, ""D"": 0, ""E"": 0}","{""A"": 13.333333333333334, ""C"": 4.3636363636}","[{""actual_arrival_month"": ""2037-04"", ""actual_delivery_share"": 1.0, ""availability_share"": 1.0, ""feasible_t"": 12.5, ""gross_delivery_t"": 12.5, ""order_month"": ""2036-04"", ""ordered_t"": 12.5, ""planned_arrival_month"": ""2037-04"", ""requested_t"": 12.5, ""shipment_id"": ""S0016"", ""source_id"": ""A"", ""source_name"": ""Earth-Core"", ""unfulfilled_request_t"": 0.0}, {""actual_arrival_month"": ""2037-05"", ""actual_delivery_share"": 1.0, ""availability_share"": 1.0, ""feasible_t"": 12.5, ""gross_delivery_t"": 12.5, ""order_month"": ""2036-05"", ""ordered_t"": 12.5, ""planned_arrival_month"": ""2037-05"", ""requested_t"": 12.5, ""shipment_id"": ""S0017"", ""source_id"": ""A"", ""source_name"": ""Earth-Core"", ""unfulfilled_request_t"": 0.0}, {""actual_arrival_month"": ""2037-06"", ""actual_delivery_share"": 1.0, ""availability_share"": 1.0, ""feasible_t"": 12.5, ""gross_delivery_t"": 12.5, ""order_month"": ""2036-06"", ""ordered_t"": 12.5, ""planned_arrival_month"": ""2037-06"", ""requested_t"": 12.5, ""shipment_id"": ""S0018"", ""source_id"": ""A"", ""source_name"": ""Earth-Core"", ""unfulfilled_request_t"": 0.0}, {""actual_arrival_month"": ""2037-07"", ""actual_delivery_share"": 1.0, ""availability_share"": 1.0, ""feasible_t"": 12.5, ""gross_delivery_t"": 12.5, ""order_month"": ""2036-07"", ""ordered_t"": 12.5, ""planned_arrival_month"": ""2037-07"", ""requested_t"": 12.5, ""shipment_id"": ""S0019"", ""source_id"": ""A"", ""source_name"": ""Earth-Core"", ""unfulfilled_request_t"": 0.0}, {""actual_arrival_month"": ""2037-08"", ""actual_delivery_share"": 1.0, ""availability_share"": 1.0, ""feasible_t"": 12.5, ""gross_delivery_t"": 12.5, ""order_month"": ""2036-08"", ""ordered_t"": 12.5, ""planned_arrival_month"": ""2037-08"", ""requested_t"": 12.5, ""shipment_id"": ""S0020"", ""source_id"": ""A"", ""source_name"": ""Earth-Core"", ""unfulfilled_request_t"": 0.0}, {""actual_arrival_month"": ""2037-09"", ""actual_delivery_share"": 1.0, ""availability_share"": 1.0, ""feasible_t"": 12.5, ""gross_delivery_t"": 12.5, ""order_month"": ""2036-09"", ""ordered_t"": 12.5, ""planned_arrival_month"": ""2037-09"", ""requested_t"": 12.5, ""shipment_id"": ""S0021"", ""source_id"": ""A"", ""source_name"": ""Earth-Core"", ""unfulfilled_request_t"": 0.0}, {""actual_arrival_month"": ""2037-10"", ""actual_delivery_share"": 1.0, ""availability_share"": 1.0, ""feasible_t"": 12.5, ""gross_delivery_t"": 12.5, ""order_month"": ""2036-10"", ""ordered_t"": 12.5, ""planned_arrival_month"": ""2037-10"", ""requested_t"": 12.5, ""shipment_id"": ""S0022"", ""source_id"": ""A"", ""source_name"": ""Earth-Core"", ""unfulfilled_request_t"": 0.0}, {""actual_arrival_month"": ""2037-11"", ""actual_delivery_share"": 1.0, ""availability_share"": 1.0, ""feasible_t"": 12.5, ""gross_delivery_t"": 12.5, ""order_month"": ""2036-11"", ""ordered_t"": 12.5, ""planned_arrival_month"": ""2037-11"", ""requested_t"": 12.5, ""shipment_id"": ""S0023"", ""source_id"": ""A"", ""source_name"": ""Earth-Core"", ""unfulfilled_request_t"": 0.0}, {""actual_arrival_month"": ""2037-12"", ""actual_delivery_share"": 1.0, ""availability_share"": 1.0, ""feasible_t"": 12.5, ""gross_delivery_t"": 12.5, ""order_month"": ""2036-12"", ""ordered_t"": 12.5, ""planned_arrival_month"": ""2037-12"", ""requested_t"": 12.5, ""shipment_id"": ""S0024"", ""source_id"": ""A"", ""source_name"": ""Earth-Core"", ""unfulfilled_request_t"": 0.0}, {""actual_arrival_month"": ""2038-01"", ""actual_delivery_share"": 1.0, ""availability_share"": 0.0, ""feasible_t"": 13.333333333333334, ""gross_delivery_t"": 0.0, ""order_month"": ""2037-01"", ""ordered_t"": 13.333333333333334, ""planned_arrival_month"": ""2038-01"", ""requested_t"": 13.333333333333334, ""shipment_id"": ""S0025"", ""source_id"": ""A"", ""source_name"": ""Earth-Core"", ""unfulfilled_request_t"": 0.0}, {""actual_arrival_month"": ""2038-02"", ""actual_delivery_share"": 1.0, ""availability_share"": 0.0, ""feasible_t"": 13.333333333333334, ""gross_delivery_t"": 0.0, ""order_month"": ""2037-02"", ""ordered_t"": 13.333333333333334, ""planned_arrival_month"": ""2038-02"", ""requested_t"": 13.333333333333334, ""shipment_id"": ""S0026"", ""source_id"": ""A"", ""source_name"": ""Earth-Core"", ""unfulfilled_request_t"": 0.0}, {""actual_arrival_month"": ""2038-03"", ""actual_delivery_share"": 1.0, ""availability_share"": 0.0, ""feasible_t"": 13.333333333333334, ""gross_delivery_t"": 0.0, ""order_month"": ""2037-03"", ""ordered_t"": 13.333333333333334, ""planned_arrival_month"": ""2038-03"", ""requested_t"": 13.333333333333334, ""shipment_id"": ""S0027"", ""source_id"": ""A"", ""source_name"": ""Earth-Core"", ""unfulfilled_request_t"": 0.0}, {""actual_arrival_month"": ""2037-04"", ""actual_delivery_share"": 1.0, ""availability_share"": 1.0, ""feasible_t"": 0.4166666666666667, ""gross_delivery_t"": 0.4166666666666667, ""order_month"": ""2036-12"", ""ordered_t"": 0.4166666666666667, ""planned_arrival_month"": ""2037-04"", ""requested_t"": 0.4166666666666667, ""shipment_id"": ""S0084"", ""source_id"": ""B"", ""source_name"": ""Earth-Flex"", ""unfulfilled_request_t"": 0.0}]","{""A"": 12.5, ""B"": 0.4166666666666667, ""C"": 4.3636363636}","{""A"": 12.5, ""B"": 0.4166666666666667, ""C"": 4.3636363636}",17.280303030266666,0.2073636363632,17.072939393903464,17.072939393903464,0.0,44.034212121149764,11.25,4.583333333333334,0.0,0.0,28.20087878781643,ZBO,120.0,0.012,"[""ZBO"", ""EARTH_NEW""]",1.6548645454518818,1.0,[]
2037-04,28.20087878781643,15.833333333333334,11.25,"{""A"": 160.0, ""B"": 0, ""C"": 60.0, ""D"": 0, ""E"": 0}","{""A"": 13.333333333333334, ""C"": 4.3636363636}","[{""actual_arrival_month"": ""2037-05"", ""actual_delivery_share"": 1.0, ""availability_share"": 1.0, ""feasible_t"": 12.5, ""gross_delivery_t"": 12.5, ""order_month"": ""2036-05"", ""ordered_t"": 12.5, ""planned_arrival_month"": ""2037-05"", ""requested_t"": 12.5, ""shipment_id"": ""S0017"", ""source_id"": ""A"", ""source_name"": ""Earth-Core"", ""unfulfilled_request_t"": 0.0}, {""actual_arrival_month"": ""2037-06"", ""actual_delivery_share"": 1.0, ""availability_share"": 1.0, ""feasible_t"": 12.5, ""gross_delivery_t"": 12.5, ""order_month"": ""2036-06"", ""ordered_t"": 12.5, ""planned_arrival_month"": ""2037-06"", ""requested_t"": 12.5, ""shipment_id"": ""S0018"", ""source_id"": ""A"", ""source_name"": ""Earth-Core"", ""unfulfilled_request_t"": 0.0}, {""actual_arrival_month"": ""2037-07"", ""actual_delivery_share"": 1.0, ""availability_share"": 1.0, ""feasible_t"": 12.5, ""gross_delivery_t"": 12.5, ""order_month"": ""2036-07"", ""ordered_t"": 12.5, ""planned_arrival_month"": ""2037-07"", ""requested_t"": 12.5, ""shipment_id"": ""S0019"", ""source_id"": ""A"", ""source_name"": ""Earth-Core"", ""unfulfilled_request_t"": 0.0}, {""actual_arrival_month"": ""2037-08"", ""actual_delivery_share"": 1.0, ""availability_share"": 1.0, ""feasible_t"": 12.5, ""gross_delivery_t"": 12.5, ""order_month"": ""2036-08"", ""ordered_t"": 12.5, ""planned_arrival_month"": ""2037-08"", ""requested_t"": 12.5, ""shipment_id"": ""S0020"", ""source_id"": ""A"", ""source_name"": ""Earth-Core"", ""unfulfilled_request_t"": 0.0}, {""actual_arrival_month"": ""2037-09"", ""actual_delivery_share"": 1.0, ""availability_share"": 1.0, ""feasible_t"": 12.5, ""gross_delivery_t"": 12.5, ""order_month"": ""2036-09"", ""ordered_t"": 12.5, ""planned_arrival_month"": ""2037-09"", ""requested_t"": 12.5, ""shipment_id"": ""S0021"", ""source_id"": ""A"", ""source_name"": ""Earth-Core"", ""unfulfilled_request_t"": 0.0}, {""actual_arrival_month"": ""2037-10"", ""actual_delivery_share"": 1.0, ""availability_share"": 1.0, ""feasible_t"": 12.5, ""gross_delivery_t"": 12.5, ""order_month"": ""2036-10"", ""ordered_t"": 12.5, ""planned_arrival_month"": ""2037-10"", ""requested_t"": 12.5, ""shipment_id"": ""S0022"", ""source_id"": ""A"", ""source_name"": ""Earth-Core"", ""unfulfilled_request_t"": 0.0}, {""actual_arrival_month"": ""2037-11"", ""actual_delivery_share"": 1.0, ""availability_share"": 1.0, ""feasible_t"": 12.5, ""gross_delivery_t"": 12.5, ""order_month"": ""2036-11"", ""ordered_t"": 12.5, ""planned_arrival_month"": ""2037-11"", ""requested_t"": 12.5, ""shipment_id"": ""S0023"", ""source_id"": ""A"", ""source_name"": ""Earth-Core"", ""unfulfilled_request_t"": 0.0}, {""actual_arrival_month"": ""2037-12"", ""actual_delivery_share"": 1.0, ""availability_share"": 1.0, ""feasible_t"": 12.5, ""gross_delivery_t"": 12.5, ""order_month"": ""2036-12"", ""ordered_t"": 12.5, ""planned_arrival_month"": ""2037-12"", ""requested_t"": 12.5, ""shipment_id"": ""S0024"", ""source_id"": ""A"", ""source_name"": ""Earth-Core"", ""unfulfilled_request_t"": 0.0}, {""actual_arrival_month"": ""2038-01"", ""actual_delivery_share"": 1.0, ""availability_share"": 0.0, ""feasible_t"": 13.333333333333334, ""gross_delivery_t"": 0.0, ""order_month"": ""2037-01"", ""ordered_t"": 13.333333333333334, ""planned_arrival_month"": ""2038-01"", ""requested_t"": 13.333333333333334, ""shipment_id"": ""S0025"", ""source_id"": ""A"", ""source_name"": ""Earth-Core"", ""unfulfilled_request_t"": 0.0}, {""actual_arrival_month"": ""2038-02"", ""actual_delivery_share"": 1.0, ""availability_share"": 0.0, ""feasible_t"": 13.333333333333334, ""gross_delivery_t"": 0.0, ""order_month"": ""2037-02"", ""ordered_t"": 13.333333333333334, ""planned_arrival_month"": ""2038-02"", ""requested_t"": 13.333333333333334, ""shipment_id"": ""S0026"", ""source_id"": ""A"", ""source_name"": ""Earth-Core"", ""unfulfilled_request_t"": 0.0}, {""actual_arrival_month"": ""2038-03"", ""actual_delivery_share"": 1.0, ""availability_share"": 0.0, ""feasible_t"": 13.333333333333334, ""gross_delivery_t"": 0.0, ""order_month"": ""2037-03"", ""ordered_t"": 13.333333333333334, ""planned_arrival_month"": ""2038-03"", ""requested_t"": 13.333333333333334, ""shipment_id"": ""S0027"", ""source_id"": ""A"", ""source_name"": ""Earth-Core"", ""unfulfilled_request_t"": 0.0}, {""actual_arrival_month"": ""2038-04"", ""actual_delivery_share"": 1.0, ""availability_share"": 0.0, ""feasible_t"": 13.333333333333334, ""gross_delivery_t"": 0.0, ""order_month"": ""2037-04"", ""ordered_t"": 13.333333333333334, ""planned_arrival_month"": ""2038-04"", ""requested_t"": 13.333333333333334, ""shipment_id"": ""S0028"", ""source_id"": ""A"", ""source_name"": ""Earth-Core"", ""unfulfilled_request_t"": 0.0}]","{""A"": 12.5, ""B"": 0.4166666666666667, ""C"": 4.3636363636}","{""A"": 12.5, ""B"": 0.4166666666666667, ""C"": 4.3636363636}",17.280303030266666,0.2073636363632,17.072939393903464,17.072939393903464,0.0,45.27381818171989,11.25,4.583333333333334,0.0,0.0,29.440484848386554,ZBO,120.0,0.012,"[""ZBO"", ""EARTH_NEW""]",1.7292409090860892,1.0,[]
2037-05,29.440484848386554,15.833333333333334,11.25,"{""A"": 160.0, ""B"": 0, ""C"": 60.0, ""D"": 0, ""E"": 0}","{""A"": 13.333333333333334, ""C"": 4.3636363636}","[{""actual_arrival_month"": ""2037-06"", ""actual_delivery_share"": 1.0, ""availability_share"": 1.0, ""feasible_t"": 12.5, ""gross_delivery_t"": 12.5, ""order_month"": ""2036-06"", ""ordered_t"": 12.5, ""planned_arrival_month"": ""2037-06"", ""requested_t"": 12.5, ""shipment_id"": ""S0018"", ""source_id"": ""A"", ""source_name"": ""Earth-Core"", ""unfulfilled_request_t"": 0.0}, {""actual_arrival_month"": ""2037-07"", ""actual_delivery_share"": 1.0, ""availability_share"": 1.0, ""feasible_t"": 12.5, ""gross_delivery_t"": 12.5, ""order_month"": ""2036-07"", ""ordered_t"": 12.5, ""planned_arrival_month"": ""2037-07"", ""requested_t"": 12.5, ""shipment_id"": ""S0019"", ""source_id"": ""A"", ""source_name"": ""Earth-Core"", ""unfulfilled_request_t"": 0.0}, {""actual_arrival_month"": ""2037-08"", ""actual_delivery_share"": 1.0, ""availability_share"": 1.0, ""feasible_t"": 12.5, ""gross_delivery_t"": 12.5, ""order_month"": ""2036-08"", ""ordered_t"": 12.5, ""planned_arrival_month"": ""2037-08"", ""requested_t"": 12.5, ""shipment_id"": ""S0020"", ""source_id"": ""A"", ""source_name"": ""Earth-Core"", ""unfulfilled_request_t"": 0.0}, {""actual_arrival_month"": ""2037-09"", ""actual_delivery_share"": 1.0, ""availability_share"": 1.0, ""feasible_t"": 12.5, ""gross_delivery_t"": 12.5, ""order_month"": ""2036-09"", ""ordered_t"": 12.5, ""planned_arrival_month"": ""2037-09"", ""requested_t"": 12.5, ""shipment_id"": ""S0021"", ""source_id"": ""A"", ""source_name"": ""Earth-Core"", ""unfulfilled_request_t"": 0.0}, {""actual_arrival_month"": ""2037-10"", ""actual_delivery_share"": 1.0, ""availability_share"": 1.0, ""feasible_t"": 12.5, ""gross_delivery_t"": 12.5, ""order_month"": ""2036-10"", ""ordered_t"": 12.5, ""planned_arrival_month"": ""2037-10"", ""requested_t"": 12.5, ""shipment_id"": ""S0022"", ""source_id"": ""A"", ""source_name"": ""Earth-Core"", ""unfulfilled_request_t"": 0.0}, {""actual_arrival_month"": ""2037-11"", ""actual_delivery_share"": 1.0, ""availability_share"": 1.0, ""feasible_t"": 12.5, ""gross_delivery_t"": 12.5, ""order_month"": ""2036-11"", ""ordered_t"": 12.5, ""planned_arrival_month"": ""2037-11"", ""requested_t"": 12.5, ""shipment_id"": ""S0023"", ""source_id"": ""A"", ""source_name"": ""Earth-Core"", ""unfulfilled_request_t"": 0.0}, {""actual_arrival_month"": ""2037-12"", ""actual_delivery_share"": 1.0, ""availability_share"": 1.0, ""feasible_t"": 12.5, ""gross_delivery_t"": 12.5, ""order_month"": ""2036-12"", ""ordered_t"": 12.5, ""planned_arrival_month"": ""2037-12"", ""requested_t"": 12.5, ""shipment_id"": ""S0024"", ""source_id"": ""A"", ""source_name"": ""Earth-Core"", ""unfulfilled_request_t"": 0.0}, {""actual_arrival_month"": ""2038-01"", ""actual_delivery_share"": 1.0, ""availability_share"": 0.0, ""feasible_t"": 13.333333333333334, ""gross_delivery_t"": 0.0, ""order_month"": ""2037-01"", ""ordered_t"": 13.333333333333334, ""planned_arrival_month"": ""2038-01"", ""requested_t"": 13.333333333333334, ""shipment_id"": ""S0025"", ""source_id"": ""A"", ""source_name"": ""Earth-Core"", ""unfulfilled_request_t"": 0.0}, {""actual_arrival_month"": ""2038-02"", ""actual_delivery_share"": 1.0, ""availability_share"": 0.0, ""feasible_t"": 13.333333333333334, ""gross_delivery_t"": 0.0, ""order_month"": ""2037-02"", ""ordered_t"": 13.333333333333334, ""planned_arrival_month"": ""2038-02"", ""requested_t"": 13.333333333333334, ""shipment_id"": ""S0026"", ""source_id"": ""A"", ""source_name"": ""Earth-Core"", ""unfulfilled_request_t"": 0.0}, {""actual_arrival_month"": ""2038-03"", ""actual_delivery_share"": 1.0, ""availability_share"": 0.0, ""feasible_t"": 13.333333333333334, ""gross_delivery_t"": 0.0, ""order_month"": ""2037-03"", ""ordered_t"": 13.333333333333334, ""planned_arrival_month"": ""2038-03"", ""requested_t"": 13.333333333333334, ""shipment_id"": ""S0027"", ""source_id"": ""A"", ""source_name"": ""Earth-Core"", ""unfulfilled_request_t"": 0.0}, {""actual_arrival_month"": ""2038-04"", ""actual_delivery_share"": 1.0, ""availability_share"": 0.0, ""feasible_t"": 13.333333333333334, ""gross_delivery_t"": 0.0, ""order_month"": ""2037-04"", ""ordered_t"": 13.333333333333334, ""planned_arrival_month"": ""2038-04"", ""requested_t"": 13.333333333333334, ""shipment_id"": ""S0028"", ""source_id"": ""A"", ""source_name"": ""Earth-Core"", ""unfulfilled_request_t"": 0.0}, {""actual_arrival_month"": ""2038-05"", ""actual_delivery_share"": 1.0, ""availability_share"": 0.0, ""feasible_t"": 13.333333333333334, ""gross_delivery_t"": 0.0, ""order_month"": ""2037-05"", ""ordered_t"": 13.333333333333334, ""planned_arrival_month"": ""2038-05"", ""requested_t"": 13.333333333333334, ""shipment_id"": ""S0029"", ""source_id"": ""A"", ""source_name"": ""Earth-Core"", ""unfulfilled_request_t"": 0.0}]","{""A"": 12.5, ""C"": 4.3636363636}","{""A"": 12.5, ""C"": 4.3636363636}",16.8636363636,0.2023636363632,16.661272727236803,16.661272727236803,0.0,46.10175757562335,11.25,4.583333333333334,0.0,0.0,30.268424242290017,ZBO,120.0,0.012,"[""ZBO"", ""EARTH_NEW""]",1.7912672727202972,1.0,[]
2037-06,30.268424242290017,15.833333333333334,11.25,"{""A"": 160.0, ""B"": 0, ""C"": 60.0, ""D"": 0, ""E"": 0}","{""A"": 13.333333333333334, ""C"": 4.3636363636}","[{""actual_arrival_month"": ""2037-07"", ""actual_delivery_share"": 1.0, ""availability_share"": 1.0, ""feasible_t"": 12.5, ""gross_delivery_t"": 12.5, ""order_month"": ""2036-07"", ""ordered_t"": 12.5, ""planned_arrival_month"": ""2037-07"", ""requested_t"": 12.5, ""shipment_id"": ""S0019"", ""source_id"": ""A"", ""source_name"": ""Earth-Core"", ""unfulfilled_request_t"": 0.0}, {""actual_arrival_month"": ""2037-08"", ""actual_delivery_share"": 1.0, ""availability_share"": 1.0, ""feasible_t"": 12.5, ""gross_delivery_t"": 12.5, ""order_month"": ""2036-08"", ""ordered_t"": 12.5, ""planned_arrival_month"": ""2037-08"", ""requested_t"": 12.5, ""shipment_id"": ""S0020"", ""source_id"": ""A"", ""source_name"": ""Earth-Core"", ""unfulfilled_request_t"": 0.0}, {""actual_arrival_month"": ""2037-09"", ""actual_delivery_share"": 1.0, ""availability_share"": 1.0, ""feasible_t"": 12.5, ""gross_delivery_t"": 12.5, ""order_month"": ""2036-09"", ""ordered_t"": 12.5, ""planned_arrival_month"": ""2037-09"", ""requested_t"": 12.5, ""shipment_id"": ""S0021"", ""source_id"": ""A"", ""source_name"": ""Earth-Core"", ""unfulfilled_request_t"": 0.0}, {""actual_arrival_month"": ""2037-10"", ""actual_delivery_share"": 1.0, ""availability_share"": 1.0, ""feasible_t"": 12.5, ""gross_delivery_t"": 12.5, ""order_month"": ""2036-10"", ""ordered_t"": 12.5, ""planned_arrival_month"": ""2037-10"", ""requested_t"": 12.5, ""shipment_id"": ""S0022"", ""source_id"": ""A"", ""source_name"": ""Earth-Core"", ""unfulfilled_request_t"": 0.0}, {""actual_arrival_month"": ""2037-11"", ""actual_delivery_share"": 1.0, ""availability_share"": 1.0, ""feasible_t"": 12.5, ""gross_delivery_t"": 12.5, ""order_month"": ""2036-11"", ""ordered_t"": 12.5, ""planned_arrival_month"": ""2037-11"", ""requested_t"": 12.5, ""shipment_id"": ""S0023"", ""source_id"": ""A"", ""source_name"": ""Earth-Core"", ""unfulfilled_request_t"": 0.0}, {""actual_arrival_month"": ""2037-12"", ""actual_delivery_share"": 1.0, ""availability_share"": 1.0, ""feasible_t"": 12.5, ""gross_delivery_t"": 12.5, ""order_month"": ""2036-12"", ""ordered_t"": 12.5, ""planned_arrival_month"": ""2037-12"", ""requested_t"": 12.5, ""shipment_id"": ""S0024"", ""source_id"": ""A"", ""source_name"": ""Earth-Core"", ""unfulfilled_request_t"": 0.0}, {""actual_arrival_month"": ""2038-01"", ""actual_delivery_share"": 1.0, ""availability_share"": 0.0, ""feasible_t"": 13.333333333333334, ""gross_delivery_t"": 0.0, ""order_month"": ""2037-01"", ""ordered_t"": 13.333333333333334, ""planned_arrival_month"": ""2038-01"", ""requested_t"": 13.333333333333334, ""shipment_id"": ""S0025"", ""source_id"": ""A"", ""source_name"": ""Earth-Core"", ""unfulfilled_request_t"": 0.0}, {""actual_arrival_month"": ""2038-02"", ""actual_delivery_share"": 1.0, ""availability_share"": 0.0, ""feasible_t"": 13.333333333333334, ""gross_delivery_t"": 0.0, ""order_month"": ""2037-02"", ""ordered_t"": 13.333333333333334, ""planned_arrival_month"": ""2038-02"", ""requested_t"": 13.333333333333334, ""shipment_id"": ""S0026"", ""source_id"": ""A"", ""source_name"": ""Earth-Core"", ""unfulfilled_request_t"": 0.0}, {""actual_arrival_month"": ""2038-03"", ""actual_delivery_share"": 1.0, ""availability_share"": 0.0, ""feasible_t"": 13.333333333333334, ""gross_delivery_t"": 0.0, ""order_month"": ""2037-03"", ""ordered_t"": 13.333333333333334, ""planned_arrival_month"": ""2038-03"", ""requested_t"": 13.333333333333334, ""shipment_id"": ""S0027"", ""source_id"": ""A"", ""source_name"": ""Earth-Core"", ""unfulfilled_request_t"": 0.0}, {""actual_arrival_month"": ""2038-04"", ""actual_delivery_share"": 1.0, ""availability_share"": 0.0, ""feasible_t"": 13.333333333333334, ""gross_delivery_t"": 0.0, ""order_month"": ""2037-04"", ""ordered_t"": 13.333333333333334, ""planned_arrival_month"": ""2038-04"", ""requested_t"": 13.333333333333334, ""shipment_id"": ""S0028"", ""source_id"": ""A"", ""source_name"": ""Earth-Core"", ""unfulfilled_request_t"": 0.0}, {""actual_arrival_month"": ""2038-05"", ""actual_delivery_share"": 1.0, ""availability_share"": 0.0, ""feasible_t"": 13.333333333333334, ""gross_delivery_t"": 0.0, ""order_month"": ""2037-05"", ""ordered_t"": 13.333333333333334, ""planned_arrival_month"": ""2038-05"", ""requested_t"": 13.333333333333334, ""shipment_id"": ""S0029"", ""source_id"": ""A"", ""source_name"": ""Earth-Core"", ""unfulfilled_request_t"": 0.0}, {""actual_arrival_month"": ""2038-06"", ""actual_delivery_share"": 1.0, ""availability_share"": 0.0, ""feasible_t"": 13.333333333333334, ""gross_delivery_t"": 0.0, ""order_month"": ""2037-06"", ""ordered_t"": 13.333333333333334, ""planned_arrival_month"": ""2038-06"", ""requested_t"": 13.333333333333334, ""shipment_id"": ""S0030"", ""source_id"": ""A"", ""source_name"": ""Earth-Core"", ""unfulfilled_request_t"": 0.0}]","{""A"": 12.5, ""C"": 4.3636363636}","{""A"": 12.5, ""C"": 4.3636363636}",16.8636363636,0.2023636363632,16.661272727236803,16.661272727236803,0.0,46.929696969526816,11.25,4.583333333333334,0.0,0.0,31.09636363619348,ZBO,120.0,0.012,"[""ZBO"", ""EARTH_NEW""]",1.8409436363545046,1.0,[]
2037-07,31.09636363619348,15.833333333333334,11.25,"{""A"": 160.0, ""B"": 0, ""C"": 60.0, ""D"": 0, ""E"": 0}","{""A"": 13.333333333333334, ""C"": 4.3636363636}","[{""actual_arrival_month"": ""2037-08"", ""actual_delivery_share"": 1.0, ""availability_share"": 1.0, ""feasible_t"": 12.5, ""gross_delivery_t"": 12.5, ""order_month"": ""2036-08"", ""ordered_t"": 12.5, ""planned_arrival_month"": ""2037-08"", ""requested_t"": 12.5, ""shipment_id"": ""S0020"", ""source_id"": ""A"", ""source_name"": ""Earth-Core"", ""unfulfilled_request_t"": 0.0}, {""actual_arrival_month"": ""2037-09"", ""actual_delivery_share"": 1.0, ""availability_share"": 1.0, ""feasible_t"": 12.5, ""gross_delivery_t"": 12.5, ""order_month"": ""2036-09"", ""ordered_t"": 12.5, ""planned_arrival_month"": ""2037-09"", ""requested_t"": 12.5, ""shipment_id"": ""S0021"", ""source_id"": ""A"", ""source_name"": ""Earth-Core"", ""unfulfilled_request_t"": 0.0}, {""actual_arrival_month"": ""2037-10"", ""actual_delivery_share"": 1.0, ""availability_share"": 1.0, ""feasible_t"": 12.5, ""gross_delivery_t"": 12.5, ""order_month"": ""2036-10"", ""ordered_t"": 12.5, ""planned_arrival_month"": ""2037-10"", ""requested_t"": 12.5, ""shipment_id"": ""S0022"", ""source_id"": ""A"", ""source_name"": ""Earth-Core"", ""unfulfilled_request_t"": 0.0}, {""actual_arrival_month"": ""2037-11"", ""actual_delivery_share"": 1.0, ""availability_share"": 1.0, ""feasible_t"": 12.5, ""gross_delivery_t"": 12.5, ""order_month"": ""2036-11"", ""ordered_t"": 12.5, ""planned_arrival_month"": ""2037-11"", ""requested_t"": 12.5, ""shipment_id"": ""S0023"", ""source_id"": ""A"", ""source_name"": ""Earth-Core"", ""unfulfilled_request_t"": 0.0}, {""actual_arrival_month"": ""2037-12"", ""actual_delivery_share"": 1.0, ""availability_share"": 1.0, ""feasible_t"": 12.5, ""gross_delivery_t"": 12.5, ""order_month"": ""2036-12"", ""ordered_t"": 12.5, ""planned_arrival_month"": ""2037-12"", ""requested_t"": 12.5, ""shipment_id"": ""S0024"", ""source_id"": ""A"", ""source_name"": ""Earth-Core"", ""unfulfilled_request_t"": 0.0}, {""actual_arrival_month"": ""2038-01"", ""actual_delivery_share"": 1.0, ""availability_share"": 0.0, ""feasible_t"": 13.333333333333334, ""gross_delivery_t"": 0.0, ""order_month"": ""2037-01"", ""ordered_t"": 13.333333333333334, ""planned_arrival_month"": ""2038-01"", ""requested_t"": 13.333333333333334, ""shipment_id"": ""S0025"", ""source_id"": ""A"", ""source_name"": ""Earth-Core"", ""unfulfilled_request_t"": 0.0}, {""actual_arrival_month"": ""2038-02"", ""actual_delivery_share"": 1.0, ""availability_share"": 0.0, ""feasible_t"": 13.333333333333334, ""gross_delivery_t"": 0.0, ""order_month"": ""2037-02"", ""ordered_t"": 13.333333333333334, ""planned_arrival_month"": ""2038-02"", ""requested_t"": 13.333333333333334, ""shipment_id"": ""S0026"", ""source_id"": ""A"", ""source_name"": ""Earth-Core"", ""unfulfilled_request_t"": 0.0}, {""actual_arrival_month"": ""2038-03"", ""actual_delivery_share"": 1.0, ""availability_share"": 0.0, ""feasible_t"": 13.333333333333334, ""gross_delivery_t"": 0.0, ""order_month"": ""2037-03"", ""ordered_t"": 13.333333333333334, ""planned_arrival_month"": ""2038-03"", ""requested_t"": 13.333333333333334, ""shipment_id"": ""S0027"", ""source_id"": ""A"", ""source_name"": ""Earth-Core"", ""unfulfilled_request_t"": 0.0}, {""actual_arrival_month"": ""2038-04"", ""actual_delivery_share"": 1.0, ""availability_share"": 0.0, ""feasible_t"": 13.333333333333334, ""gross_delivery_t"": 0.0, ""order_month"": ""2037-04"", ""ordered_t"": 13.333333333333334, ""planned_arrival_month"": ""2038-04"", ""requested_t"": 13.333333333333334, ""shipment_id"": ""S0028"", ""source_id"": ""A"", ""source_name"": ""Earth-Core"", ""unfulfilled_request_t"": 0.0}, {""actual_arrival_month"": ""2038-05"", ""actual_delivery_share"": 1.0, ""availability_share"": 0.0, ""feasible_t"": 13.333333333333334, ""gross_delivery_t"": 0.0, ""order_month"": ""2037-05"", ""ordered_t"": 13.333333333333334, ""planned_arrival_month"": ""2038-05"", ""requested_t"": 13.333333333333334, ""shipment_id"": ""S0029"", ""source_id"": ""A"", ""source_name"": ""Earth-Core"", ""unfulfilled_request_t"": 0.0}, {""actual_arrival_month"": ""2038-06"", ""actual_delivery_share"": 1.0, ""availability_share"": 0.0, ""feasible_t"": 13.333333333333334, ""gross_delivery_t"": 0.0, ""order_month"": ""2037-06"", ""ordered_t"": 13.333333333333334, ""planned_arrival_month"": ""2038-06"", ""requested_t"": 13.333333333333334, ""shipment_id"": ""S0030"", ""source_id"": ""A"", ""source_name"": ""Earth-Core"", ""unfulfilled_request_t"": 0.0}, {""actual_arrival_month"": ""2038-07"", ""actual_delivery_share"": 1.0, ""availability_share"": 0.0, ""feasible_t"": 13.333333333333334, ""gross_delivery_t"": 0.0, ""order_month"": ""2037-07"", ""ordered_t"": 13.333333333333334, ""planned_arrival_month"": ""2038-07"", ""requested_t"": 13.333333333333334, ""shipment_id"": ""S0031"", ""source_id"": ""A"", ""source_name"": ""Earth-Core"", ""unfulfilled_request_t"": 0.0}]","{""A"": 12.5, ""C"": 4.3636363636}","{""A"": 12.5, ""C"": 4.3636363636}",16.8636363636,0.2023636363632,16.661272727236803,16.661272727236803,0.0,47.75763636343028,11.25,4.583333333333334,0.0,0.0,31.924303030096944,ZBO,120.0,0.012,"[""ZBO"", ""EARTH_NEW""]",1.8906199999887126,1.0,[]
2037-08,31.924303030096944,15.833333333333334,11.25,"{""A"": 160.0, ""B"": 0, ""C"": 60.0, ""D"": 0, ""E"": 0}","{""A"": 13.333333333333334, ""C"": 4.3636363636}","[{""actual_arrival_month"": ""2037-09"", ""actual_delivery_share"": 1.0, ""availability_share"": 1.0, ""feasible_t"": 12.5, ""gross_delivery_t"": 12.5, ""order_month"": ""2036-09"", ""ordered_t"": 12.5, ""planned_arrival_month"": ""2037-09"", ""requested_t"": 12.5, ""shipment_id"": ""S0021"", ""source_id"": ""A"", ""source_name"": ""Earth-Core"", ""unfulfilled_request_t"": 0.0}, {""actual_arrival_month"": ""2037-10"", ""actual_delivery_share"": 1.0, ""availability_share"": 1.0, ""feasible_t"": 12.5, ""gross_delivery_t"": 12.5, ""order_month"": ""2036-10"", ""ordered_t"": 12.5, ""planned_arrival_month"": ""2037-10"", ""requested_t"": 12.5, ""shipment_id"": ""S0022"", ""source_id"": ""A"", ""source_name"": ""Earth-Core"", ""unfulfilled_request_t"": 0.0}, {""actual_arrival_month"": ""2037-11"", ""actual_delivery_share"": 1.0, ""availability_share"": 1.0, ""feasible_t"": 12.5, ""gross_delivery_t"": 12.5, ""order_month"": ""2036-11"", ""ordered_t"": 12.5, ""planned_arrival_month"": ""2037-11"", ""requested_t"": 12.5, ""shipment_id"": ""S0023"", ""source_id"": ""A"", ""source_name"": ""Earth-Core"", ""unfulfilled_request_t"": 0.0}, {""actual_arrival_month"": ""2037-12"", ""actual_delivery_share"": 1.0, ""availability_share"": 1.0, ""feasible_t"": 12.5, ""gross_delivery_t"": 12.5, ""order_month"": ""2036-12"", ""ordered_t"": 12.5, ""planned_arrival_month"": ""2037-12"", ""requested_t"": 12.5, ""shipment_id"": ""S0024"", ""source_id"": ""A"", ""source_name"": ""Earth-Core"", ""unfulfilled_request_t"": 0.0}, {""actual_arrival_month"": ""2038-01"", ""actual_delivery_share"": 1.0, ""availability_share"": 0.0, ""feasible_t"": 13.333333333333334, ""gross_delivery_t"": 0.0, ""order_month"": ""2037-01"", ""ordered_t"": 13.333333333333334, ""planned_arrival_month"": ""2038-01"", ""requested_t"": 13.333333333333334, ""shipment_id"": ""S0025"", ""source_id"": ""A"", ""source_name"": ""Earth-Core"", ""unfulfilled_request_t"": 0.0}, {""actual_arrival_month"": ""2038-02"", ""actual_delivery_share"": 1.0, ""availability_share"": 0.0, ""feasible_t"": 13.333333333333334, ""gross_delivery_t"": 0.0, ""order_month"": ""2037-02"", ""ordered_t"": 13.333333333333334, ""planned_arrival_month"": ""2038-02"", ""requested_t"": 13.333333333333334, ""shipment_id"": ""S0026"", ""source_id"": ""A"", ""source_name"": ""Earth-Core"", ""unfulfilled_request_t"": 0.0}, {""actual_arrival_month"": ""2038-03"", ""actual_delivery_share"": 1.0, ""availability_share"": 0.0, ""feasible_t"": 13.333333333333334, ""gross_delivery_t"": 0.0, ""order_month"": ""2037-03"", ""ordered_t"": 13.333333333333334, ""planned_arrival_month"": ""2038-03"", ""requested_t"": 13.333333333333334, ""shipment_id"": ""S0027"", ""source_id"": ""A"", ""source_name"": ""Earth-Core"", ""unfulfilled_request_t"": 0.0}, {""actual_arrival_month"": ""2038-04"", ""actual_delivery_share"": 1.0, ""availability_share"": 0.0, ""feasible_t"": 13.333333333333334, ""gross_delivery_t"": 0.0, ""order_month"": ""2037-04"", ""ordered_t"": 13.333333333333334, ""planned_arrival_month"": ""2038-04"", ""requested_t"": 13.333333333333334, ""shipment_id"": ""S0028"", ""source_id"": ""A"", ""source_name"": ""Earth-Core"", ""unfulfilled_request_t"": 0.0}, {""actual_arrival_month"": ""2038-05"", ""actual_delivery_share"": 1.0, ""availability_share"": 0.0, ""feasible_t"": 13.333333333333334, ""gross_delivery_t"": 0.0, ""order_month"": ""2037-05"", ""ordered_t"": 13.333333333333334, ""planned_arrival_month"": ""2038-05"", ""requested_t"": 13.333333333333334, ""shipment_id"": ""S0029"", ""source_id"": ""A"", ""source_name"": ""Earth-Core"", ""unfulfilled_request_t"": 0.0}, {""actual_arrival_month"": ""2038-06"", ""actual_delivery_share"": 1.0, ""availability_share"": 0.0, ""feasible_t"": 13.333333333333334, ""gross_delivery_t"": 0.0, ""order_month"": ""2037-06"", ""ordered_t"": 13.333333333333334, ""planned_arrival_month"": ""2038-06"", ""requested_t"": 13.333333333333334, ""shipment_id"": ""S0030"", ""source_id"": ""A"", ""source_name"": ""Earth-Core"", ""unfulfilled_request_t"": 0.0}, {""actual_arrival_month"": ""2038-07"", ""actual_delivery_share"": 1.0, ""availability_share"": 0.0, ""feasible_t"": 13.333333333333334, ""gross_delivery_t"": 0.0, ""order_month"": ""2037-07"", ""ordered_t"": 13.333333333333334, ""planned_arrival_month"": ""2038-07"", ""requested_t"": 13.333333333333334, ""shipment_id"": ""S0031"", ""source_id"": ""A"", ""source_name"": ""Earth-Core"", ""unfulfilled_request_t"": 0.0}, {""actual_arrival_month"": ""2038-08"", ""actual_delivery_share"": 1.0, ""availability_share"": 0.0, ""feasible_t"": 13.333333333333334, ""gross_delivery_t"": 0.0, ""order_month"": ""2037-08"", ""ordered_t"": 13.333333333333334, ""planned_arrival_month"": ""2038-08"", ""requested_t"": 13.333333333333334, ""shipment_id"": ""S0032"", ""source_id"": ""A"", ""source_name"": ""Earth-Core"", ""unfulfilled_request_t"": 0.0}]","{""A"": 12.5, ""C"": 4.3636363636}","{""A"": 12.5, ""C"": 4.3636363636}",16.8636363636,0.2023636363632,16.661272727236803,16.661272727236803,0.0,48.58557575733374,11.25,4.583333333333334,0.0,0.0,32.75224242400041,ZBO,120.0,0.012,"[""ZBO"", ""EARTH_NEW""]",1.9402963636229205,1.0,[]
2037-09,32.75224242400041,15.833333333333334,11.25,"{""A"": 160.0, ""B"": 0, ""C"": 60.0, ""D"": 0, ""E"": 0}","{""A"": 13.333333333333334, ""C"": 4.3636363636}","[{""actual_arrival_month"": ""2037-10"", ""actual_delivery_share"": 1.0, ""availability_share"": 1.0, ""feasible_t"": 12.5, ""gross_delivery_t"": 12.5, ""order_month"": ""2036-10"", ""ordered_t"": 12.5, ""planned_arrival_month"": ""2037-10"", ""requested_t"": 12.5, ""shipment_id"": ""S0022"", ""source_id"": ""A"", ""source_name"": ""Earth-Core"", ""unfulfilled_request_t"": 0.0}, {""actual_arrival_month"": ""2037-11"", ""actual_delivery_share"": 1.0, ""availability_share"": 1.0, ""feasible_t"": 12.5, ""gross_delivery_t"": 12.5, ""order_month"": ""2036-11"", ""ordered_t"": 12.5, ""planned_arrival_month"": ""2037-11"", ""requested_t"": 12.5, ""shipment_id"": ""S0023"", ""source_id"": ""A"", ""source_name"": ""Earth-Core"", ""unfulfilled_request_t"": 0.0}, {""actual_arrival_month"": ""2037-12"", ""actual_delivery_share"": 1.0, ""availability_share"": 1.0, ""feasible_t"": 12.5, ""gross_delivery_t"": 12.5, ""order_month"": ""2036-12"", ""ordered_t"": 12.5, ""planned_arrival_month"": ""2037-12"", ""requested_t"": 12.5, ""shipment_id"": ""S0024"", ""source_id"": ""A"", ""source_name"": ""Earth-Core"", ""unfulfilled_request_t"": 0.0}, {""actual_arrival_month"": ""2038-01"", ""actual_delivery_share"": 1.0, ""availability_share"": 0.0, ""feasible_t"": 13.333333333333334, ""gross_delivery_t"": 0.0, ""order_month"": ""2037-01"", ""ordered_t"": 13.333333333333334, ""planned_arrival_month"": ""2038-01"", ""requested_t"": 13.333333333333334, ""shipment_id"": ""S0025"", ""source_id"": ""A"", ""source_name"": ""Earth-Core"", ""unfulfilled_request_t"": 0.0}, {""actual_arrival_month"": ""2038-02"", ""actual_delivery_share"": 1.0, ""availability_share"": 0.0, ""feasible_t"": 13.333333333333334, ""gross_delivery_t"": 0.0, ""order_month"": ""2037-02"", ""ordered_t"": 13.333333333333334, ""planned_arrival_month"": ""2038-02"", ""requested_t"": 13.333333333333334, ""shipment_id"": ""S0026"", ""source_id"": ""A"", ""source_name"": ""Earth-Core"", ""unfulfilled_request_t"": 0.0}, {""actual_arrival_month"": ""2038-03"", ""actual_delivery_share"": 1.0, ""availability_share"": 0.0, ""feasible_t"": 13.333333333333334, ""gross_delivery_t"": 0.0, ""order_month"": ""2037-03"", ""ordered_t"": 13.333333333333334, ""planned_arrival_month"": ""2038-03"", ""requested_t"": 13.333333333333334, ""shipment_id"": ""S0027"", ""source_id"": ""A"", ""source_name"": ""Earth-Core"", ""unfulfilled_request_t"": 0.0}, {""actual_arrival_month"": ""2038-04"", ""actual_delivery_share"": 1.0, ""availability_share"": 0.0, ""feasible_t"": 13.333333333333334, ""gross_delivery_t"": 0.0, ""order_month"": ""2037-04"", ""ordered_t"": 13.333333333333334, ""planned_arrival_month"": ""2038-04"", ""requested_t"": 13.333333333333334, ""shipment_id"": ""S0028"", ""source_id"": ""A"", ""source_name"": ""Earth-Core"", ""unfulfilled_request_t"": 0.0}, {""actual_arrival_month"": ""2038-05"", ""actual_delivery_share"": 1.0, ""availability_share"": 0.0, ""feasible_t"": 13.333333333333334, ""gross_delivery_t"": 0.0, ""order_month"": ""2037-05"", ""ordered_t"": 13.333333333333334, ""planned_arrival_month"": ""2038-05"", ""requested_t"": 13.333333333333334, ""shipment_id"": ""S0029"", ""source_id"": ""A"", ""source_name"": ""Earth-Core"", ""unfulfilled_request_t"": 0.0}, {""actual_arrival_month"": ""2038-06"", ""actual_delivery_share"": 1.0, ""availability_share"": 0.0, ""feasible_t"": 13.333333333333334, ""gross_delivery_t"": 0.0, ""order_month"": ""2037-06"", ""ordered_t"": 13.333333333333334, ""planned_arrival_month"": ""2038-06"", ""requested_t"": 13.333333333333334, ""shipment_id"": ""S0030"", ""source_id"": ""A"", ""source_name"": ""Earth-Core"", ""unfulfilled_request_t"": 0.0}, {""actual_arrival_month"": ""2038-07"", ""actual_delivery_share"": 1.0, ""availability_share"": 0.0, ""feasible_t"": 13.333333333333334, ""gross_delivery_t"": 0.0, ""order_month"": ""2037-07"", ""ordered_t"": 13.333333333333334, ""planned_arrival_month"": ""2038-07"", ""requested_t"": 13.333333333333334, ""shipment_id"": ""S0031"", ""source_id"": ""A"", ""source_name"": ""Earth-Core"", ""unfulfilled_request_t"": 0.0}, {""actual_arrival_month"": ""2038-08"", ""actual_delivery_share"": 1.0, ""availability_share"": 0.0, ""feasible_t"": 13.333333333333334, ""gross_delivery_t"": 0.0, ""order_month"": ""2037-08"", ""ordered_t"": 13.333333333333334, ""planned_arrival_month"": ""2038-08"", ""requested_t"": 13.333333333333334, ""shipment_id"": ""S0032"", ""source_id"": ""A"", ""source_name"": ""Earth-Core"", ""unfulfilled_request_t"": 0.0}, {""actual_arrival_month"": ""2038-09"", ""actual_delivery_share"": 1.0, ""availability_share"": 0.0, ""feasible_t"": 13.333333333333334, ""gross_delivery_t"": 0.0, ""order_month"": ""2037-09"", ""ordered_t"": 13.333333333333334, ""planned_arrival_month"": ""2038-09"", ""requested_t"": 13.333333333333334, ""shipment_id"": ""S0033"", ""source_id"": ""A"", ""source_name"": ""Earth-Core"", ""unfulfilled_request_t"": 0.0}]","{""A"": 12.5, ""C"": 4.3636363636}","{""A"": 12.5, ""C"": 4.3636363636}",16.8636363636,0.2023636363632,16.661272727236803,16.661272727236803,0.0,49.413515151237206,11.25,4.583333333333334,0.0,0.0,33.58018181790387,ZBO,120.0,0.012,"[""ZBO"", ""EARTH_NEW""]",1.9899727272571281,1.0,[]
2037-10,33.58018181790387,15.833333333333334,11.25,"{""A"": 160.0, ""B"": 0, ""C"": 60.0, ""D"": 0, ""E"": 0}","{""A"": 13.333333333333334, ""C"": 4.3636363636}","[{""actual_arrival_month"": ""2037-11"", ""actual_delivery_share"": 1.0, ""availability_share"": 1.0, ""feasible_t"": 12.5, ""gross_delivery_t"": 12.5, ""order_month"": ""2036-11"", ""ordered_t"": 12.5, ""planned_arrival_month"": ""2037-11"", ""requested_t"": 12.5, ""shipment_id"": ""S0023"", ""source_id"": ""A"", ""source_name"": ""Earth-Core"", ""unfulfilled_request_t"": 0.0}, {""actual_arrival_month"": ""2037-12"", ""actual_delivery_share"": 1.0, ""availability_share"": 1.0, ""feasible_t"": 12.5, ""gross_delivery_t"": 12.5, ""order_month"": ""2036-12"", ""ordered_t"": 12.5, ""planned_arrival_month"": ""2037-12"", ""requested_t"": 12.5, ""shipment_id"": ""S0024"", ""source_id"": ""A"", ""source_name"": ""Earth-Core"", ""unfulfilled_request_t"": 0.0}, {""actual_arrival_month"": ""2038-01"", ""actual_delivery_share"": 1.0, ""availability_share"": 0.0, ""feasible_t"": 13.333333333333334, ""gross_delivery_t"": 0.0, ""order_month"": ""2037-01"", ""ordered_t"": 13.333333333333334, ""planned_arrival_month"": ""2038-01"", ""requested_t"": 13.333333333333334, ""shipment_id"": ""S0025"", ""source_id"": ""A"", ""source_name"": ""Earth-Core"", ""unfulfilled_request_t"": 0.0}, {""actual_arrival_month"": ""2038-02"", ""actual_delivery_share"": 1.0, ""availability_share"": 0.0, ""feasible_t"": 13.333333333333334, ""gross_delivery_t"": 0.0, ""order_month"": ""2037-02"", ""ordered_t"": 13.333333333333334, ""planned_arrival_month"": ""2038-02"", ""requested_t"": 13.333333333333334, ""shipment_id"": ""S0026"", ""source_id"": ""A"", ""source_name"": ""Earth-Core"", ""unfulfilled_request_t"": 0.0}, {""actual_arrival_month"": ""2038-03"", ""actual_delivery_share"": 1.0, ""availability_share"": 0.0, ""feasible_t"": 13.333333333333334, ""gross_delivery_t"": 0.0, ""order_month"": ""2037-03"", ""ordered_t"": 13.333333333333334, ""planned_arrival_month"": ""2038-03"", ""requested_t"": 13.333333333333334, ""shipment_id"": ""S0027"", ""source_id"": ""A"", ""source_name"": ""Earth-Core"", ""unfulfilled_request_t"": 0.0}, {""actual_arrival_month"": ""2038-04"", ""actual_delivery_share"": 1.0, ""availability_share"": 0.0, ""feasible_t"": 13.333333333333334, ""gross_delivery_t"": 0.0, ""order_month"": ""2037-04"", ""ordered_t"": 13.333333333333334, ""planned_arrival_month"": ""2038-04"", ""requested_t"": 13.333333333333334, ""shipment_id"": ""S0028"", ""source_id"": ""A"", ""source_name"": ""Earth-Core"", ""unfulfilled_request_t"": 0.0}, {""actual_arrival_month"": ""2038-05"", ""actual_delivery_share"": 1.0, ""availability_share"": 0.0, ""feasible_t"": 13.333333333333334, ""gross_delivery_t"": 0.0, ""order_month"": ""2037-05"", ""ordered_t"": 13.333333333333334, ""planned_arrival_month"": ""2038-05"", ""requested_t"": 13.333333333333334, ""shipment_id"": ""S0029"", ""source_id"": ""A"", ""source_name"": ""Earth-Core"", ""unfulfilled_request_t"": 0.0}, {""actual_arrival_month"": ""2038-06"", ""actual_delivery_share"": 1.0, ""availability_share"": 0.0, ""feasible_t"": 13.333333333333334, ""gross_delivery_t"": 0.0, ""order_month"": ""2037-06"", ""ordered_t"": 13.333333333333334, ""planned_arrival_month"": ""2038-06"", ""requested_t"": 13.333333333333334, ""shipment_id"": ""S0030"", ""source_id"": ""A"", ""source_name"": ""Earth-Core"", ""unfulfilled_request_t"": 0.0}, {""actual_arrival_month"": ""2038-07"", ""actual_delivery_share"": 1.0, ""availability_share"": 0.0, ""feasible_t"": 13.333333333333334, ""gross_delivery_t"": 0.0, ""order_month"": ""2037-07"", ""ordered_t"": 13.333333333333334, ""planned_arrival_month"": ""2038-07"", ""requested_t"": 13.333333333333334, ""shipment_id"": ""S0031"", ""source_id"": ""A"", ""source_name"": ""Earth-Core"", ""unfulfilled_request_t"": 0.0}, {""actual_arrival_month"": ""2038-08"", ""actual_delivery_share"": 1.0, ""availability_share"": 0.0, ""feasible_t"": 13.333333333333334, ""gross_delivery_t"": 0.0, ""order_month"": ""2037-08"", ""ordered_t"": 13.333333333333334, ""planned_arrival_month"": ""2038-08"", ""requested_t"": 13.333333333333334, ""shipment_id"": ""S0032"", ""source_id"": ""A"", ""source_name"": ""Earth-Core"", ""unfulfilled_request_t"": 0.0}, {""actual_arrival_month"": ""2038-09"", ""actual_delivery_share"": 1.0, ""availability_share"": 0.0, ""feasible_t"": 13.333333333333334, ""gross_delivery_t"": 0.0, ""order_month"": ""2037-09"", ""ordered_t"": 13.333333333333334, ""planned_arrival_month"": ""2038-09"", ""requested_t"": 13.333333333333334, ""shipment_id"": ""S0033"", ""source_id"": ""A"", ""source_name"": ""Earth-Core"", ""unfulfilled_request_t"": 0.0}, {""actual_arrival_month"": ""2038-10"", ""actual_delivery_share"": 1.0, ""availability_share"": 0.0, ""feasible_t"": 13.333333333333334, ""gross_delivery_t"": 0.0, ""order_month"": ""2037-10"", ""ordered_t"": 13.333333333333334, ""planned_arrival_month"": ""2038-10"", ""requested_t"": 13.333333333333334, ""shipment_id"": ""S0034"", ""source_id"": ""A"", ""source_name"": ""Earth-Core"", ""unfulfilled_request_t"": 0.0}]","{""A"": 12.5, ""C"": 4.3636363636}","{""A"": 12.5, ""C"": 4.3636363636}",16.8636363636,0.2023636363632,16.661272727236803,16.661272727236803,0.0,50.24145454514067,11.25,4.583333333333334,0.0,0.0,34.408121211807334,ZBO,120.0,0.012,"[""ZBO"", ""EARTH_NEW""]",2.039649090891336,1.0,[]
2037-11,34.408121211807334,15.833333333333334,11.25,"{""A"": 160.0, ""B"": 0, ""C"": 60.0, ""D"": 0, ""E"": 0}","{""A"": 13.333333333333334, ""C"": 4.3636363636}","[{""actual_arrival_month"": ""2037-12"", ""actual_delivery_share"": 1.0, ""availability_share"": 1.0, ""feasible_t"": 12.5, ""gross_delivery_t"": 12.5, ""order_month"": ""2036-12"", ""ordered_t"": 12.5, ""planned_arrival_month"": ""2037-12"", ""requested_t"": 12.5, ""shipment_id"": ""S0024"", ""source_id"": ""A"", ""source_name"": ""Earth-Core"", ""unfulfilled_request_t"": 0.0}, {""actual_arrival_month"": ""2038-01"", ""actual_delivery_share"": 1.0, ""availability_share"": 0.0, ""feasible_t"": 13.333333333333334, ""gross_delivery_t"": 0.0, ""order_month"": ""2037-01"", ""ordered_t"": 13.333333333333334, ""planned_arrival_month"": ""2038-01"", ""requested_t"": 13.333333333333334, ""shipment_id"": ""S0025"", ""source_id"": ""A"", ""source_name"": ""Earth-Core"", ""unfulfilled_request_t"": 0.0}, {""actual_arrival_month"": ""2038-02"", ""actual_delivery_share"": 1.0, ""availability_share"": 0.0, ""feasible_t"": 13.333333333333334, ""gross_delivery_t"": 0.0, ""order_month"": ""2037-02"", ""ordered_t"": 13.333333333333334, ""planned_arrival_month"": ""2038-02"", ""requested_t"": 13.333333333333334, ""shipment_id"": ""S0026"", ""source_id"": ""A"", ""source_name"": ""Earth-Core"", ""unfulfilled_request_t"": 0.0}, {""actual_arrival_month"": ""2038-03"", ""actual_delivery_share"": 1.0, ""availability_share"": 0.0, ""feasible_t"": 13.333333333333334, ""gross_delivery_t"": 0.0, ""order_month"": ""2037-03"", ""ordered_t"": 13.333333333333334, ""planned_arrival_month"": ""2038-03"", ""requested_t"": 13.333333333333334, ""shipment_id"": ""S0027"", ""source_id"": ""A"", ""source_name"": ""Earth-Core"", ""unfulfilled_request_t"": 0.0}, {""actual_arrival_month"": ""2038-04"", ""actual_delivery_share"": 1.0, ""availability_share"": 0.0, ""feasible_t"": 13.333333333333334, ""gross_delivery_t"": 0.0, ""order_month"": ""2037-04"", ""ordered_t"": 13.333333333333334, ""planned_arrival_month"": ""2038-04"", ""requested_t"": 13.333333333333334, ""shipment_id"": ""S0028"", ""source_id"": ""A"", ""source_name"": ""Earth-Core"", ""unfulfilled_request_t"": 0.0}, {""actual_arrival_month"": ""2038-05"", ""actual_delivery_share"": 1.0, ""availability_share"": 0.0, ""feasible_t"": 13.333333333333334, ""gross_delivery_t"": 0.0, ""order_month"": ""2037-05"", ""ordered_t"": 13.333333333333334, ""planned_arrival_month"": ""2038-05"", ""requested_t"": 13.333333333333334, ""shipment_id"": ""S0029"", ""source_id"": ""A"", ""source_name"": ""Earth-Core"", ""unfulfilled_request_t"": 0.0}, {""actual_arrival_month"": ""2038-06"", ""actual_delivery_share"": 1.0, ""availability_share"": 0.0, ""feasible_t"": 13.333333333333334, ""gross_delivery_t"": 0.0, ""order_month"": ""2037-06"", ""ordered_t"": 13.333333333333334, ""planned_arrival_month"": ""2038-06"", ""requested_t"": 13.333333333333334, ""shipment_id"": ""S0030"", ""source_id"": ""A"", ""source_name"": ""Earth-Core"", ""unfulfilled_request_t"": 0.0}, {""actual_arrival_month"": ""2038-07"", ""actual_delivery_share"": 1.0, ""availability_share"": 0.0, ""feasible_t"": 13.333333333333334, ""gross_delivery_t"": 0.0, ""order_month"": ""2037-07"", ""ordered_t"": 13.333333333333334, ""planned_arrival_month"": ""2038-07"", ""requested_t"": 13.333333333333334, ""shipment_id"": ""S0031"", ""source_id"": ""A"", ""source_name"": ""Earth-Core"", ""unfulfilled_request_t"": 0.0}, {""actual_arrival_month"": ""2038-08"", ""actual_delivery_share"": 1.0, ""availability_share"": 0.0, ""feasible_t"": 13.333333333333334, ""gross_delivery_t"": 0.0, ""order_month"": ""2037-08"", ""ordered_t"": 13.333333333333334, ""planned_arrival_month"": ""2038-08"", ""requested_t"": 13.333333333333334, ""shipment_id"": ""S0032"", ""source_id"": ""A"", ""source_name"": ""Earth-Core"", ""unfulfilled_request_t"": 0.0}, {""actual_arrival_month"": ""2038-09"", ""actual_delivery_share"": 1.0, ""availability_share"": 0.0, ""feasible_t"": 13.333333333333334, ""gross_delivery_t"": 0.0, ""order_month"": ""2037-09"", ""ordered_t"": 13.333333333333334, ""planned_arrival_month"": ""2038-09"", ""requested_t"": 13.333333333333334, ""shipment_id"": ""S0033"", ""source_id"": ""A"", ""source_name"": ""Earth-Core"", ""unfulfilled_request_t"": 0.0}, {""actual_arrival_month"": ""2038-10"", ""actual_delivery_share"": 1.0, ""availability_share"": 0.0, ""feasible_t"": 13.333333333333334, ""gross_delivery_t"": 0.0, ""order_month"": ""2037-10"", ""ordered_t"": 13.333333333333334, ""planned_arrival_month"": ""2038-10"", ""requested_t"": 13.333333333333334, ""shipment_id"": ""S0034"", ""source_id"": ""A"", ""source_name"": ""Earth-Core"", ""unfulfilled_request_t"": 0.0}, {""actual_arrival_month"": ""2038-11"", ""actual_delivery_share"": 1.0, ""availability_share"": 0.0, ""feasible_t"": 13.333333333333334, ""gross_delivery_t"": 0.0, ""order_month"": ""2037-11"", ""ordered_t"": 13.333333333333334, ""planned_arrival_month"": ""2038-11"", ""requested_t"": 13.333333333333334, ""shipment_id"": ""S0035"", ""source_id"": ""A"", ""source_name"": ""Earth-Core"", ""unfulfilled_request_t"": 0.0}]","{""A"": 12.5, ""C"": 4.3636363636}","{""A"": 12.5, ""C"": 4.3636363636}",16.8636363636,0.2023636363632,16.661272727236803,16.661272727236803,0.0,51.06939393904413,11.25,4.583333333333334,0.0,0.0,35.2360606057108,ZBO,120.0,0.012,"[""ZBO"", ""EARTH_NEW""]",2.089325454525544,1.0,[]
2037-12,35.2360606057108,15.833333333333334,11.25,"{""A"": 160.0, ""B"": 0, ""C"": 60.0, ""D"": 0, ""E"": 0}","{""A"": 13.333333333333334, ""C"": 4.3636363636}","[{""actual_arrival_month"": ""2038-01"", ""actual_delivery_share"": 1.0, ""availability_share"": 0.0, ""feasible_t"": 13.333333333333334, ""gross_delivery_t"": 0.0, ""order_month"": ""2037-01"", ""ordered_t"": 13.333333333333334, ""planned_arrival_month"": ""2038-01"", ""requested_t"": 13.333333333333334, ""shipment_id"": ""S0025"", ""source_id"": ""A"", ""source_name"": ""Earth-Core"", ""unfulfilled_request_t"": 0.0}, {""actual_arrival_month"": ""2038-02"", ""actual_delivery_share"": 1.0, ""availability_share"": 0.0, ""feasible_t"": 13.333333333333334, ""gross_delivery_t"": 0.0, ""order_month"": ""2037-02"", ""ordered_t"": 13.333333333333334, ""planned_arrival_month"": ""2038-02"", ""requested_t"": 13.333333333333334, ""shipment_id"": ""S0026"", ""source_id"": ""A"", ""source_name"": ""Earth-Core"", ""unfulfilled_request_t"": 0.0}, {""actual_arrival_month"": ""2038-03"", ""actual_delivery_share"": 1.0, ""availability_share"": 0.0, ""feasible_t"": 13.333333333333334, ""gross_delivery_t"": 0.0, ""order_month"": ""2037-03"", ""ordered_t"": 13.333333333333334, ""planned_arrival_month"": ""2038-03"", ""requested_t"": 13.333333333333334, ""shipment_id"": ""S0027"", ""source_id"": ""A"", ""source_name"": ""Earth-Core"", ""unfulfilled_request_t"": 0.0}, {""actual_arrival_month"": ""2038-04"", ""actual_delivery_share"": 1.0, ""availability_share"": 0.0, ""feasible_t"": 13.333333333333334, ""gross_delivery_t"": 0.0, ""order_month"": ""2037-04"", ""ordered_t"": 13.333333333333334, ""planned_arrival_month"": ""2038-04"", ""requested_t"": 13.333333333333334, ""shipment_id"": ""S0028"", ""source_id"": ""A"", ""source_name"": ""Earth-Core"", ""unfulfilled_request_t"": 0.0}, {""actual_arrival_month"": ""2038-05"", ""actual_delivery_share"": 1.0, ""availability_share"": 0.0, ""feasible_t"": 13.333333333333334, ""gross_delivery_t"": 0.0, ""order_month"": ""2037-05"", ""ordered_t"": 13.333333333333334, ""planned_arrival_month"": ""2038-05"", ""requested_t"": 13.333333333333334, ""shipment_id"": ""S0029"", ""source_id"": ""A"", ""source_name"": ""Earth-Core"", ""unfulfilled_request_t"": 0.0}, {""actual_arrival_month"": ""2038-06"", ""actual_delivery_share"": 1.0, ""availability_share"": 0.0, ""feasible_t"": 13.333333333333334, ""gross_delivery_t"": 0.0, ""order_month"": ""2037-06"", ""ordered_t"": 13.333333333333334, ""planned_arrival_month"": ""2038-06"", ""requested_t"": 13.333333333333334, ""shipment_id"": ""S0030"", ""source_id"": ""A"", ""source_name"": ""Earth-Core"", ""unfulfilled_request_t"": 0.0}, {""actual_arrival_month"": ""2038-07"", ""actual_delivery_share"": 1.0, ""availability_share"": 0.0, ""feasible_t"": 13.333333333333334, ""gross_delivery_t"": 0.0, ""order_month"": ""2037-07"", ""ordered_t"": 13.333333333333334, ""planned_arrival_month"": ""2038-07"", ""requested_t"": 13.333333333333334, ""shipment_id"": ""S0031"", ""source_id"": ""A"", ""source_name"": ""Earth-Core"", ""unfulfilled_request_t"": 0.0}, {""actual_arrival_month"": ""2038-08"", ""actual_delivery_share"": 1.0, ""availability_share"": 0.0, ""feasible_t"": 13.333333333333334, ""gross_delivery_t"": 0.0, ""order_month"": ""2037-08"", ""ordered_t"": 13.333333333333334, ""planned_arrival_month"": ""2038-08"", ""requested_t"": 13.333333333333334, ""shipment_id"": ""S0032"", ""source_id"": ""A"", ""source_name"": ""Earth-Core"", ""unfulfilled_request_t"": 0.0}, {""actual_arrival_month"": ""2038-09"", ""actual_delivery_share"": 1.0, ""availability_share"": 0.0, ""feasible_t"": 13.333333333333334, ""gross_delivery_t"": 0.0, ""order_month"": ""2037-09"", ""ordered_t"": 13.333333333333334, ""planned_arrival_month"": ""2038-09"", ""requested_t"": 13.333333333333334, ""shipment_id"": ""S0033"", ""source_id"": ""A"", ""source_name"": ""Earth-Core"", ""unfulfilled_request_t"": 0.0}, {""actual_arrival_month"": ""2038-10"", ""actual_delivery_share"": 1.0, ""availability_share"": 0.0, ""feasible_t"": 13.333333333333334, ""gross_delivery_t"": 0.0, ""order_month"": ""2037-10"", ""ordered_t"": 13.333333333333334, ""planned_arrival_month"": ""2038-10"", ""requested_t"": 13.333333333333334, ""shipment_id"": ""S0034"", ""source_id"": ""A"", ""source_name"": ""Earth-Core"", ""unfulfilled_request_t"": 0.0}, {""actual_arrival_month"": ""2038-11"", ""actual_delivery_share"": 1.0, ""availability_share"": 0.0, ""feasible_t"": 13.333333333333334, ""gross_delivery_t"": 0.0, ""order_month"": ""2037-11"", ""ordered_t"": 13.333333333333334, ""planned_arrival_month"": ""2038-11"", ""requested_t"": 13.333333333333334, ""shipment_id"": ""S0035"", ""source_id"": ""A"", ""source_name"": ""Earth-Core"", ""unfulfilled_request_t"": 0.0}, {""actual_arrival_month"": ""2038-12"", ""actual_delivery_share"": 1.0, ""availability_share"": 0.0, ""feasible_t"": 13.333333333333334, ""gross_delivery_t"": 0.0, ""order_month"": ""2037-12"", ""ordered_t"": 13.333333333333334, ""planned_arrival_month"": ""2038-12"", ""requested_t"": 13.333333333333334, ""shipment_id"": ""S0036"", ""source_id"": ""A"", ""source_name"": ""Earth-Core"", ""unfulfilled_request_t"": 0.0}]","{""A"": 12.5, ""C"": 4.3636363636}","{""A"": 12.5, ""C"": 4.3636363636}",16.8636363636,0.2023636363632,16.661272727236803,16.661272727236803,0.0,51.897333332947596,11.25,4.583333333333334,0.0,0.0,36.06399999961426,ZBO,120.0,0.012,"[""ZBO"", ""EARTH_NEW""]",2.1390018181597514,1.0,[]
2038-01,36.06399999961426,20.833333333333332,14.166666666666666,"{""A"": 170.0, ""B"": 110.0, ""C"": 60.0, ""D"": 50.2, ""E"": 0}","{""A"": 14.166666666666666, ""B"": 9.166666666666666, ""C"": 5.0, ""D"": 4.183333333333334}","[{""actual_arrival_month"": ""2038-02"", ""actual_delivery_share"": 1.0, ""availability_share"": 0.0, ""feasible_t"": 13.333333333333334, ""gross_delivery_t"": 0.0, ""order_month"": ""2037-02"", ""ordered_t"": 13.333333333333334, ""planned_arrival_month"": ""2038-02"", ""requested_t"": 13.333333333333334, ""shipment_id"": ""S0026"", ""source_id"": ""A"", ""source_name"": ""Earth-Core"", ""unfulfilled_request_t"": 0.0}, {""actual_arrival_month"": ""2038-03"", ""actual_delivery_share"": 1.0, ""availability_share"": 0.0, ""feasible_t"": 13.333333333333334, ""gross_delivery_t"": 0.0, ""order_month"": ""2037-03"", ""ordered_t"": 13.333333333333334, ""planned_arrival_month"": ""2038-03"", ""requested_t"": 13.333333333333334, ""shipment_id"": ""S0027"", ""source_id"": ""A"", ""source_name"": ""Earth-Core"", ""unfulfilled_request_t"": 0.0}, {""actual_arrival_month"": ""2038-04"", ""actual_delivery_share"": 1.0, ""availability_share"": 0.0, ""feasible_t"": 13.333333333333334, ""gross_delivery_t"": 0.0, ""order_month"": ""2037-04"", ""ordered_t"": 13.333333333333334, ""planned_arrival_month"": ""2038-04"", ""requested_t"": 13.333333333333334, ""shipment_id"": ""S0028"", ""source_id"": ""A"", ""source_name"": ""Earth-Core"", ""unfulfilled_request_t"": 0.0}, {""actual_arrival_month"": ""2038-05"", ""actual_delivery_share"": 1.0, ""availability_share"": 0.0, ""feasible_t"": 13.333333333333334, ""gross_delivery_t"": 0.0, ""order_month"": ""2037-05"", ""ordered_t"": 13.333333333333334, ""planned_arrival_month"": ""2038-05"", ""requested_t"": 13.333333333333334, ""shipment_id"": ""S0029"", ""source_id"": ""A"", ""source_name"": ""Earth-Core"", ""unfulfilled_request_t"": 0.0}, {""actual_arrival_month"": ""2038-06"", ""actual_delivery_share"": 1.0, ""availability_share"": 0.0, ""feasible_t"": 13.333333333333334, ""gross_delivery_t"": 0.0, ""order_month"": ""2037-06"", ""ordered_t"": 13.333333333333334, ""planned_arrival_month"": ""2038-06"", ""requested_t"": 13.333333333333334, ""shipment_id"": ""S0030"", ""source_id"": ""A"", ""source_name"": ""Earth-Core"", ""unfulfilled_request_t"": 0.0}, {""actual_arrival_month"": ""2038-07"", ""actual_delivery_share"": 1.0, ""availability_share"": 0.0, ""feasible_t"": 13.333333333333334, ""gross_delivery_t"": 0.0, ""order_month"": ""2037-07"", ""ordered_t"": 13.333333333333334, ""planned_arrival_month"": ""2038-07"", ""requested_t"": 13.333333333333334, ""shipment_id"": ""S0031"", ""source_id"": ""A"", ""source_name"": ""Earth-Core"", ""unfulfilled_request_t"": 0.0}, {""actual_arrival_month"": ""2038-08"", ""actual_delivery_share"": 1.0, ""availability_share"": 0.0, ""feasible_t"": 13.333333333333334, ""gross_delivery_t"": 0.0, ""order_month"": ""2037-08"", ""ordered_t"": 13.333333333333334, ""planned_arrival_month"": ""2038-08"", ""requested_t"": 13.333333333333334, ""shipment_id"": ""S0032"", ""source_id"": ""A"", ""source_name"": ""Earth-Core"", ""unfulfilled_request_t"": 0.0}, {""actual_arrival_month"": ""2038-09"", ""actual_delivery_share"": 1.0, ""availability_share"": 0.0, ""feasible_t"": 13.333333333333334, ""gross_delivery_t"": 0.0, ""order_month"": ""2037-09"", ""ordered_t"": 13.333333333333334, ""planned_arrival_month"": ""2038-09"", ""requested_t"": 13.333333333333334, ""shipment_id"": ""S0033"", ""source_id"": ""A"", ""source_name"": ""Earth-Core"", ""unfulfilled_request_t"": 0.0}, {""actual_arrival_month"": ""2038-10"", ""actual_delivery_share"": 1.0, ""availability_share"": 0.0, ""feasible_t"": 13.333333333333334, ""gross_delivery_t"": 0.0, ""order_month"": ""2037-10"", ""ordered_t"": 13.333333333333334, ""planned_arrival_month"": ""2038-10"", ""requested_t"": 13.333333333333334, ""shipment_id"": ""S0034"", ""source_id"": ""A"", ""source_name"": ""Earth-Core"", ""unfulfilled_request_t"": 0.0}, {""actual_arrival_month"": ""2038-11"", ""actual_delivery_share"": 1.0, ""availability_share"": 0.0, ""feasible_t"": 13.333333333333334, ""gross_delivery_t"": 0.0, ""order_month"": ""2037-11"", ""ordered_t"": 13.333333333333334, ""planned_arrival_month"": ""2038-11"", ""requested_t"": 13.333333333333334, ""shipment_id"": ""S0035"", ""source_id"": ""A"", ""source_name"": ""Earth-Core"", ""unfulfilled_request_t"": 0.0}, {""actual_arrival_month"": ""2038-12"", ""actual_delivery_share"": 1.0, ""availability_share"": 0.0, ""feasible_t"": 13.333333333333334, ""gross_delivery_t"": 0.0, ""order_month"": ""2037-12"", ""ordered_t"": 13.333333333333334, ""planned_arrival_month"": ""2038-12"", ""requested_t"": 13.333333333333334, ""shipment_id"": ""S0036"", ""source_id"": ""A"", ""source_name"": ""Earth-Core"", ""unfulfilled_request_t"": 0.0}, {""actual_arrival_month"": ""2039-01"", ""actual_delivery_share"": 1.0, ""availability_share"": 1.0, ""feasible_t"": 14.166666666666666, ""gross_delivery_t"": 14.166666666666666, ""order_month"": ""2038-01"", ""ordered_t"": 14.166666666666666, ""planned_arrival_month"": ""2039-01"", ""requested_t"": 14.166666666666666, ""shipment_id"": ""S0037"", ""source_id"": ""A"", ""source_name"": ""Earth-Core"", ""unfulfilled_request_t"": 0.0}, {""actual_arrival_month"": ""2038-05"", ""actual_delivery_share"": 1.0, ""availability_share"": 1.0, ""feasible_t"": 9.166666666666664, ""gross_delivery_t"": 9.166666666666664, ""order_month"": ""2038-01"", ""ordered_t"": 9.166666666666666, ""planned_arrival_month"": ""2038-05"", ""requested_t"": 9.166666666666666, ""shipment_id"": ""S0085"", ""source_id"": ""B"", ""source_name"": ""Earth-Flex"", ""unfulfilled_request_t"": 1.7763568394002505e-15}, {""actual_arrival_month"": ""2038-03"", ""actual_delivery_share"": 1.0, ""availability_share"": 1.0, ""feasible_t"": 4.183333333333332, ""gross_delivery_t"": 4.183333333333332, ""order_month"": ""2038-01"", ""ordered_t"": 4.183333333333334, ""planned_arrival_month"": ""2038-03"", ""requested_t"": 4.183333333333334, ""shipment_id"": ""S0144"", ""source_id"": ""D"", ""source_name"": ""Lunar-ISRU"", ""unfulfilled_request_t"": 1.7763568394002505e-15}]","{""A"": 13.333333333333334, ""C"": 5.0}","{""A"": 0.0, ""C"": 5.0}",5.0,0.06,4.94,4.94,0.0,41.00399999961426,14.166666666666666,6.666666666666666,0.0,0.0,20.17066666628093,ZBO,120.0,0.012,"[""ZBO"", ""EARTH_NEW"", ""LUNAR_ISRU""]",1.6870399999768557,6.833333333333333,[]
2038-02,20.17066666628093,20.833333333333332,14.166666666666666,"{""A"": 170.0, ""B"": 110.0, ""C"": 60.0, ""D"": 50.2, ""E"": 0}","{""A"": 14.166666666666666, ""B"": 9.166666666666666, ""C"": 5.0, ""D"": 4.183333333333334}","[{""actual_arrival_month"": ""2038-03"", ""actual_delivery_share"": 1.0, ""availability_share"": 0.0, ""feasible_t"": 13.333333333333334, ""gross_delivery_t"": 0.0, ""order_month"": ""2037-03"", ""ordered_t"": 13.333333333333334, ""planned_arrival_month"": ""2038-03"", ""requested_t"": 13.333333333333334, ""shipment_id"": ""S0027"", ""source_id"": ""A"", ""source_name"": ""Earth-Core"", ""unfulfilled_request_t"": 0.0}, {""actual_arrival_month"": ""2038-04"", ""actual_delivery_share"": 1.0, ""availability_share"": 0.0, ""feasible_t"": 13.333333333333334, ""gross_delivery_t"": 0.0, ""order_month"": ""2037-04"", ""ordered_t"": 13.333333333333334, ""planned_arrival_month"": ""2038-04"", ""requested_t"": 13.333333333333334, ""shipment_id"": ""S0028"", ""source_id"": ""A"", ""source_name"": ""Earth-Core"", ""unfulfilled_request_t"": 0.0}, {""actual_arrival_month"": ""2038-05"", ""actual_delivery_share"": 1.0, ""availability_share"": 0.0, ""feasible_t"": 13.333333333333334, ""gross_delivery_t"": 0.0, ""order_month"": ""2037-05"", ""ordered_t"": 13.333333333333334, ""planned_arrival_month"": ""2038-05"", ""requested_t"": 13.333333333333334, ""shipment_id"": ""S0029"", ""source_id"": ""A"", ""source_name"": ""Earth-Core"", ""unfulfilled_request_t"": 0.0}, {""actual_arrival_month"": ""2038-06"", ""actual_delivery_share"": 1.0, ""availability_share"": 0.0, ""feasible_t"": 13.333333333333334, ""gross_delivery_t"": 0.0, ""order_month"": ""2037-06"", ""ordered_t"": 13.333333333333334, ""planned_arrival_month"": ""2038-06"", ""requested_t"": 13.333333333333334, ""shipment_id"": ""S0030"", ""source_id"": ""A"", ""source_name"": ""Earth-Core"", ""unfulfilled_request_t"": 0.0}, {""actual_arrival_month"": ""2038-07"", ""actual_delivery_share"": 1.0, ""availability_share"": 0.0, ""feasible_t"": 13.333333333333334, ""gross_delivery_t"": 0.0, ""order_month"": ""2037-07"", ""ordered_t"": 13.333333333333334, ""planned_arrival_month"": ""2038-07"", ""requested_t"": 13.333333333333334, ""shipment_id"": ""S0031"", ""source_id"": ""A"", ""source_name"": ""Earth-Core"", ""unfulfilled_request_t"": 0.0}, {""actual_arrival_month"": ""2038-08"", ""actual_delivery_share"": 1.0, ""availability_share"": 0.0, ""feasible_t"": 13.333333333333334, ""gross_delivery_t"": 0.0, ""order_month"": ""2037-08"", ""ordered_t"": 13.333333333333334, ""planned_arrival_month"": ""2038-08"", ""requested_t"": 13.333333333333334, ""shipment_id"": ""S0032"", ""source_id"": ""A"", ""source_name"": ""Earth-Core"", ""unfulfilled_request_t"": 0.0}, {""actual_arrival_month"": ""2038-09"", ""actual_delivery_share"": 1.0, ""availability_share"": 0.0, ""feasible_t"": 13.333333333333334, ""gross_delivery_t"": 0.0, ""order_month"": ""2037-09"", ""ordered_t"": 13.333333333333334, ""planned_arrival_month"": ""2038-09"", ""requested_t"": 13.333333333333334, ""shipment_id"": ""S0033"", ""source_id"": ""A"", ""source_name"": ""Earth-Core"", ""unfulfilled_request_t"": 0.0}, {""actual_arrival_month"": ""2038-10"", ""actual_delivery_share"": 1.0, ""availability_share"": 0.0, ""feasible_t"": 13.333333333333334, ""gross_delivery_t"": 0.0, ""order_month"": ""2037-10"", ""ordered_t"": 13.333333333333334, ""planned_arrival_month"": ""2038-10"", ""requested_t"": 13.333333333333334, ""shipment_id"": ""S0034"", ""source_id"": ""A"", ""source_name"": ""Earth-Core"", ""unfulfilled_request_t"": 0.0}, {""actual_arrival_month"": ""2038-11"", ""actual_delivery_share"": 1.0, ""availability_share"": 0.0, ""feasible_t"": 13.333333333333334, ""gross_delivery_t"": 0.0, ""order_month"": ""2037-11"", ""ordered_t"": 13.333333333333334, ""planned_arrival_month"": ""2038-11"", ""requested_t"": 13.333333333333334, ""shipment_id"": ""S0035"", ""source_id"": ""A"", ""source_name"": ""Earth-Core"", ""unfulfilled_request_t"": 0.0}, {""actual_arrival_month"": ""2038-12"", ""actual_delivery_share"": 1.0, ""availability_share"": 0.0, ""feasible_t"": 13.333333333333334, ""gross_delivery_t"": 0.0, ""order_month"": ""2037-12"", ""ordered_t"": 13.333333333333334, ""planned_arrival_month"": ""2038-12"", ""requested_t"": 13.333333333333334, ""shipment_id"": ""S0036"", ""source_id"": ""A"", ""source_name"": ""Earth-Core"", ""unfulfilled_request_t"": 0.0}, {""actual_arrival_month"": ""2039-01"", ""actual_delivery_share"": 1.0, ""availability_share"": 1.0, ""feasible_t"": 14.166666666666666, ""gross_delivery_t"": 14.166666666666666, ""order_month"": ""2038-01"", ""ordered_t"": 14.166666666666666, ""planned_arrival_month"": ""2039-01"", ""requested_t"": 14.166666666666666, ""shipment_id"": ""S0037"", ""source_id"": ""A"", ""source_name"": ""Earth-Core"", ""unfulfilled_request_t"": 0.0}, {""actual_arrival_month"": ""2039-02"", ""actual_delivery_share"": 1.0, ""availability_share"": 1.0, ""feasible_t"": 14.166666666666666, ""gross_delivery_t"": 14.166666666666666, ""order_month"": ""2038-02"", ""ordered_t"": 14.166666666666666, ""planned_arrival_month"": ""2039-02"", ""requested_t"": 14.166666666666666, ""shipment_id"": ""S0038"", ""source_id"": ""A"", ""source_name"": ""Earth-Core"", ""unfulfilled_request_t"": 0.0}, {""actual_arrival_month"": ""2038-05"", ""actual_delivery_share"": 1.0, ""availability_share"": 1.0, ""feasible_t"": 9.166666666666664, ""gross_delivery_t"": 9.166666666666664, ""order_month"": ""2038-01"", ""ordered_t"": 9.166666666666666, ""planned_arrival_month"": ""2038-05"", ""requested_t"": 9.166666666666666, ""shipment_id"": ""S0085"", ""source_id"": ""B"", ""source_name"": ""Earth-Flex"", ""unfulfilled_request_t"": 1.7763568394002505e-15}, {""actual_arrival_month"": ""2038-06"", ""actual_delivery_share"": 1.0, ""availability_share"": 1.0, ""feasible_t"": 9.166666666666664, ""gross_delivery_t"": 9.166666666666664, ""order_month"": ""2038-02"", ""ordered_t"": 9.166666666666666, ""planned_arrival_month"": ""2038-06"", ""requested_t"": 9.166666666666666, ""shipment_id"": ""S0086"", ""source_id"": ""B"", ""source_name"": ""Earth-Flex"", ""unfulfilled_request_t"": 1.7763568394002505e-15}, {""actual_arrival_month"": ""2038-03"", ""actual_delivery_share"": 1.0, ""availability_share"": 1.0, ""feasible_t"": 4.183333333333332, ""gross_delivery_t"": 4.183333333333332, ""order_month"": ""2038-01"", ""ordered_t"": 4.183333333333334, ""planned_arrival_month"": ""2038-03"", ""requested_t"": 4.183333333333334, ""shipment_id"": ""S0144"", ""source_id"": ""D"", ""source_name"": ""Lunar-ISRU"", ""unfulfilled_request_t"": 1.7763568394002505e-15}, {""actual_arrival_month"": ""2038-04"", ""actual_delivery_share"": 1.0, ""availability_share"": 1.0, ""feasible_t"": 4.183333333333332, ""gross_delivery_t"": 4.183333333333332, ""order_month"": ""2038-02"", ""ordered_t"": 4.183333333333334, ""planned_arrival_month"": ""2038-04"", ""requested_t"": 4.183333333333334, ""shipment_id"": ""S0145"", ""source_id"": ""D"", ""source_name"": ""Lunar-ISRU"", ""unfulfilled_request_t"": 1.7763568394002505e-15}]","{""A"": 13.333333333333334, ""C"": 5.0}","{""A"": 0.0, ""C"": 5.0}",5.0,0.06,4.94,4.94,0.0,25.11066666628093,14.166666666666666,6.666666666666666,0.0,0.0,4.277333332947599,ZBO,120.0,0.012,"[""ZBO"", ""EARTH_NEW"", ""LUNAR_ISRU""]",0.7334399999768558,6.833333333333333,[]
2038-03,4.277333332947599,20.833333333333332,14.166666666666666,"{""A"": 170.0, ""B"": 110.0, ""C"": 60.0, ""D"": 50.2, ""E"": 0}","{""A"": 14.166666666666666, ""B"": 9.166666666666666, ""C"": 5.0, ""D"": 4.183333333333334}","[{""actual_arrival_month"": ""2038-04"", ""actual_delivery_share"": 1.0, ""availability_share"": 0.0, ""feasible_t"": 13.333333333333334, ""gross_delivery_t"": 0.0, ""order_month"": ""2037-04"", ""ordered_t"": 13.333333333333334, ""planned_arrival_month"": ""2038-04"", ""requested_t"": 13.333333333333334, ""shipment_id"": ""S0028"", ""source_id"": ""A"", ""source_name"": ""Earth-Core"", ""unfulfilled_request_t"": 0.0}, {""actual_arrival_month"": ""2038-05"", ""actual_delivery_share"": 1.0, ""availability_share"": 0.0, ""feasible_t"": 13.333333333333334, ""gross_delivery_t"": 0.0, ""order_month"": ""2037-05"", ""ordered_t"": 13.333333333333334, ""planned_arrival_month"": ""2038-05"", ""requested_t"": 13.333333333333334, ""shipment_id"": ""S0029"", ""source_id"": ""A"", ""source_name"": ""Earth-Core"", ""unfulfilled_request_t"": 0.0}, {""actual_arrival_month"": ""2038-06"", ""actual_delivery_share"": 1.0, ""availability_share"": 0.0, ""feasible_t"": 13.333333333333334, ""gross_delivery_t"": 0.0, ""order_month"": ""2037-06"", ""ordered_t"": 13.333333333333334, ""planned_arrival_month"": ""2038-06"", ""requested_t"": 13.333333333333334, ""shipment_id"": ""S0030"", ""source_id"": ""A"", ""source_name"": ""Earth-Core"", ""unfulfilled_request_t"": 0.0}, {""actual_arrival_month"": ""2038-07"", ""actual_delivery_share"": 1.0, ""availability_share"": 0.0, ""feasible_t"": 13.333333333333334, ""gross_delivery_t"": 0.0, ""order_month"": ""2037-07"", ""ordered_t"": 13.333333333333334, ""planned_arrival_month"": ""2038-07"", ""requested_t"": 13.333333333333334, ""shipment_id"": ""S0031"", ""source_id"": ""A"", ""source_name"": ""Earth-Core"", ""unfulfilled_request_t"": 0.0}, {""actual_arrival_month"": ""2038-08"", ""actual_delivery_share"": 1.0, ""availability_share"": 0.0, ""feasible_t"": 13.333333333333334, ""gross_delivery_t"": 0.0, ""order_month"": ""2037-08"", ""ordered_t"": 13.333333333333334, ""planned_arrival_month"": ""2038-08"", ""requested_t"": 13.333333333333334, ""shipment_id"": ""S0032"", ""source_id"": ""A"", ""source_name"": ""Earth-Core"", ""unfulfilled_request_t"": 0.0}, {""actual_arrival_month"": ""2038-09"", ""actual_delivery_share"": 1.0, ""availability_share"": 0.0, ""feasible_t"": 13.333333333333334, ""gross_delivery_t"": 0.0, ""order_month"": ""2037-09"", ""ordered_t"": 13.333333333333334, ""planned_arrival_month"": ""2038-09"", ""requested_t"": 13.333333333333334, ""shipment_id"": ""S0033"", ""source_id"": ""A"", ""source_name"": ""Earth-Core"", ""unfulfilled_request_t"": 0.0}, {""actual_arrival_month"": ""2038-10"", ""actual_delivery_share"": 1.0, ""availability_share"": 0.0, ""feasible_t"": 13.333333333333334, ""gross_delivery_t"": 0.0, ""order_month"": ""2037-10"", ""ordered_t"": 13.333333333333334, ""planned_arrival_month"": ""2038-10"", ""requested_t"": 13.333333333333334, ""shipment_id"": ""S0034"", ""source_id"": ""A"", ""source_name"": ""Earth-Core"", ""unfulfilled_request_t"": 0.0}, {""actual_arrival_month"": ""2038-11"", ""actual_delivery_share"": 1.0, ""availability_share"": 0.0, ""feasible_t"": 13.333333333333334, ""gross_delivery_t"": 0.0, ""order_month"": ""2037-11"", ""ordered_t"": 13.333333333333334, ""planned_arrival_month"": ""2038-11"", ""requested_t"": 13.333333333333334, ""shipment_id"": ""S0035"", ""source_id"": ""A"", ""source_name"": ""Earth-Core"", ""unfulfilled_request_t"": 0.0}, {""actual_arrival_month"": ""2038-12"", ""actual_delivery_share"": 1.0, ""availability_share"": 0.0, ""feasible_t"": 13.333333333333334, ""gross_delivery_t"": 0.0, ""order_month"": ""2037-12"", ""ordered_t"": 13.333333333333334, ""planned_arrival_month"": ""2038-12"", ""requested_t"": 13.333333333333334, ""shipment_id"": ""S0036"", ""source_id"": ""A"", ""source_name"": ""Earth-Core"", ""unfulfilled_request_t"": 0.0}, {""actual_arrival_month"": ""2039-01"", ""actual_delivery_share"": 1.0, ""availability_share"": 1.0, ""feasible_t"": 14.166666666666666, ""gross_delivery_t"": 14.166666666666666, ""order_month"": ""2038-01"", ""ordered_t"": 14.166666666666666, ""planned_arrival_month"": ""2039-01"", ""requested_t"": 14.166666666666666, ""shipment_id"": ""S0037"", ""source_id"": ""A"", ""source_name"": ""Earth-Core"", ""unfulfilled_request_t"": 0.0}, {""actual_arrival_month"": ""2039-02"", ""actual_delivery_share"": 1.0, ""availability_share"": 1.0, ""feasible_t"": 14.166666666666666, ""gross_delivery_t"": 14.166666666666666, ""order_month"": ""2038-02"", ""ordered_t"": 14.166666666666666, ""planned_arrival_month"": ""2039-02"", ""requested_t"": 14.166666666666666, ""shipment_id"": ""S0038"", ""source_id"": ""A"", ""source_name"": ""Earth-Core"", ""unfulfilled_request_t"": 0.0}, {""actual_arrival_month"": ""2039-03"", ""actual_delivery_share"": 1.0, ""availability_share"": 1.0, ""feasible_t"": 14.166666666666666, ""gross_delivery_t"": 14.166666666666666, ""order_month"": ""2038-03"", ""ordered_t"": 14.166666666666666, ""planned_arrival_month"": ""2039-03"", ""requested_t"": 14.166666666666666, ""shipment_id"": ""S0039"", ""source_id"": ""A"", ""source_name"": ""Earth-Core"", ""unfulfilled_request_t"": 0.0}, {""actual_arrival_month"": ""2038-05"", ""actual_delivery_share"": 1.0, ""availability_share"": 1.0, ""feasible_t"": 9.166666666666664, ""gross_delivery_t"": 9.166666666666664, ""order_month"": ""2038-01"", ""ordered_t"": 9.166666666666666, ""planned_arrival_month"": ""2038-05"", ""requested_t"": 9.166666666666666, ""shipment_id"": ""S0085"", ""source_id"": ""B"", ""source_name"": ""Earth-Flex"", ""unfulfilled_request_t"": 1.7763568394002505e-15}, {""actual_arrival_month"": ""2038-06"", ""actual_delivery_share"": 1.0, ""availability_share"": 1.0, ""feasible_t"": 9.166666666666664, ""gross_delivery_t"": 9.166666666666664, ""order_month"": ""2038-02"", ""ordered_t"": 9.166666666666666, ""planned_arrival_month"": ""2038-06"", ""requested_t"": 9.166666666666666, ""shipment_id"": ""S0086"", ""source_id"": ""B"", ""source_name"": ""Earth-Flex"", ""unfulfilled_request_t"": 1.7763568394002505e-15}, {""actual_arrival_month"": ""2038-07"", ""actual_delivery_share"": 1.0, ""availability_share"": 1.0, ""feasible_t"": 9.166666666666664, ""gross_delivery_t"": 9.166666666666664, ""order_month"": ""2038-03"", ""ordered_t"": 9.166666666666666, ""planned_arrival_month"": ""2038-07"", ""requested_t"": 9.166666666666666, ""shipment_id"": ""S0087"", ""source_id"": ""B"", ""source_name"": ""Earth-Flex"", ""unfulfilled_request_t"": 1.7763568394002505e-15}, {""actual_arrival_month"": ""2038-04"", ""actual_delivery_share"": 1.0, ""availability_share"": 1.0, ""feasible_t"": 4.183333333333332, ""gross_delivery_t"": 4.183333333333332, ""order_month"": ""2038-02"", ""ordered_t"": 4.183333333333334, ""planned_arrival_month"": ""2038-04"", ""requested_t"": 4.183333333333334, ""shipment_id"": ""S0145"", ""source_id"": ""D"", ""source_name"": ""Lunar-ISRU"", ""unfulfilled_request_t"": 1.7763568394002505e-15}, {""actual_arrival_month"": ""2038-05"", ""actual_delivery_share"": 1.0, ""availability_share"": 1.0, ""feasible_t"": 4.183333333333332, ""gross_delivery_t"": 4.183333333333332, ""order_month"": ""2038-03"", ""ordered_t"": 4.183333333333334, ""planned_arrival_month"": ""2038-05"", ""requested_t"": 4.183333333333334, ""shipment_id"": ""S0146"", ""source_id"": ""D"", ""source_name"": ""Lunar-ISRU"", ""unfulfilled_request_t"": 1.7763568394002505e-15}]","{""A"": 13.333333333333334, ""C"": 5.0, ""D"": 4.183333333333332}","{""A"": 0.0, ""C"": 5.0, ""D"": 4.183333333333332}",9.183333333333332,0.11019999999999998,9.073133333333331,9.073133333333331,0.0,13.35046666628093,13.35046666628093,0.0,0.8162000003857361,6.666666666666666,0.0,ZBO,120.0,0.012,"[""ZBO"", ""EARTH_NEW"", ""LUNAR_ISRU""]",0.12831999998842797,6.833333333333333,[]
2038-04,0.0,20.833333333333332,14.166666666666666,"{""A"": 170.0, ""B"": 110.0, ""C"": 60.0, ""D"": 50.2, ""E"": 0}","{""A"": 14.166666666666666, ""B"": 9.166666666666666, ""C"": 5.0, ""D"": 4.183333333333334}","[{""actual_arrival_month"": ""2038-05"", ""actual_delivery_share"": 1.0, ""availability_share"": 0.0, ""feasible_t"": 13.333333333333334, ""gross_delivery_t"": 0.0, ""order_month"": ""2037-05"", ""ordered_t"": 13.333333333333334, ""planned_arrival_month"": ""2038-05"", ""requested_t"": 13.333333333333334, ""shipment_id"": ""S0029"", ""source_id"": ""A"", ""source_name"": ""Earth-Core"", ""unfulfilled_request_t"": 0.0}, {""actual_arrival_month"": ""2038-06"", ""actual_delivery_share"": 1.0, ""availability_share"": 0.0, ""feasible_t"": 13.333333333333334, ""gross_delivery_t"": 0.0, ""order_month"": ""2037-06"", ""ordered_t"": 13.333333333333334, ""planned_arrival_month"": ""2038-06"", ""requested_t"": 13.333333333333334, ""shipment_id"": ""S0030"", ""source_id"": ""A"", ""source_name"": ""Earth-Core"", ""unfulfilled_request_t"": 0.0}, {""actual_arrival_month"": ""2038-07"", ""actual_delivery_share"": 1.0, ""availability_share"": 0.0, ""feasible_t"": 13.333333333333334, ""gross_delivery_t"": 0.0, ""order_month"": ""2037-07"", ""ordered_t"": 13.333333333333334, ""planned_arrival_month"": ""2038-07"", ""requested_t"": 13.333333333333334, ""shipment_id"": ""S0031"", ""source_id"": ""A"", ""source_name"": ""Earth-Core"", ""unfulfilled_request_t"": 0.0}, {""actual_arrival_month"": ""2038-08"", ""actual_delivery_share"": 1.0, ""availability_share"": 0.0, ""feasible_t"": 13.333333333333334, ""gross_delivery_t"": 0.0, ""order_month"": ""2037-08"", ""ordered_t"": 13.333333333333334, ""planned_arrival_month"": ""2038-08"", ""requested_t"": 13.333333333333334, ""shipment_id"": ""S0032"", ""source_id"": ""A"", ""source_name"": ""Earth-Core"", ""unfulfilled_request_t"": 0.0}, {""actual_arrival_month"": ""2038-09"", ""actual_delivery_share"": 1.0, ""availability_share"": 0.0, ""feasible_t"": 13.333333333333334, ""gross_delivery_t"": 0.0, ""order_month"": ""2037-09"", ""ordered_t"": 13.333333333333334, ""planned_arrival_month"": ""2038-09"", ""requested_t"": 13.333333333333334, ""shipment_id"": ""S0033"", ""source_id"": ""A"", ""source_name"": ""Earth-Core"", ""unfulfilled_request_t"": 0.0}, {""actual_arrival_month"": ""2038-10"", ""actual_delivery_share"": 1.0, ""availability_share"": 0.0, ""feasible_t"": 13.333333333333334, ""gross_delivery_t"": 0.0, ""order_month"": ""2037-10"", ""ordered_t"": 13.333333333333334, ""planned_arrival_month"": ""2038-10"", ""requested_t"": 13.333333333333334, ""shipment_id"": ""S0034"", ""source_id"": ""A"", ""source_name"": ""Earth-Core"", ""unfulfilled_request_t"": 0.0}, {""actual_arrival_month"": ""2038-11"", ""actual_delivery_share"": 1.0, ""availability_share"": 0.0, ""feasible_t"": 13.333333333333334, ""gross_delivery_t"": 0.0, ""order_month"": ""2037-11"", ""ordered_t"": 13.333333333333334, ""planned_arrival_month"": ""2038-11"", ""requested_t"": 13.333333333333334, ""shipment_id"": ""S0035"", ""source_id"": ""A"", ""source_name"": ""Earth-Core"", ""unfulfilled_request_t"": 0.0}, {""actual_arrival_month"": ""2038-12"", ""actual_delivery_share"": 1.0, ""availability_share"": 0.0, ""feasible_t"": 13.333333333333334, ""gross_delivery_t"": 0.0, ""order_month"": ""2037-12"", ""ordered_t"": 13.333333333333334, ""planned_arrival_month"": ""2038-12"", ""requested_t"": 13.333333333333334, ""shipment_id"": ""S0036"", ""source_id"": ""A"", ""source_name"": ""Earth-Core"", ""unfulfilled_request_t"": 0.0}, {""actual_arrival_month"": ""2039-01"", ""actual_delivery_share"": 1.0, ""availability_share"": 1.0, ""feasible_t"": 14.166666666666666, ""gross_delivery_t"": 14.166666666666666, ""order_month"": ""2038-01"", ""ordered_t"": 14.166666666666666, ""planned_arrival_month"": ""2039-01"", ""requested_t"": 14.166666666666666, ""shipment_id"": ""S0037"", ""source_id"": ""A"", ""source_name"": ""Earth-Core"", ""unfulfilled_request_t"": 0.0}, {""actual_arrival_month"": ""2039-02"", ""actual_delivery_share"": 1.0, ""availability_share"": 1.0, ""feasible_t"": 14.166666666666666, ""gross_delivery_t"": 14.166666666666666, ""order_month"": ""2038-02"", ""ordered_t"": 14.166666666666666, ""planned_arrival_month"": ""2039-02"", ""requested_t"": 14.166666666666666, ""shipment_id"": ""S0038"", ""source_id"": ""A"", ""source_name"": ""Earth-Core"", ""unfulfilled_request_t"": 0.0}, {""actual_arrival_month"": ""2039-03"", ""actual_delivery_share"": 1.0, ""availability_share"": 1.0, ""feasible_t"": 14.166666666666666, ""gross_delivery_t"": 14.166666666666666, ""order_month"": ""2038-03"", ""ordered_t"": 14.166666666666666, ""planned_arrival_month"": ""2039-03"", ""requested_t"": 14.166666666666666, ""shipment_id"": ""S0039"", ""source_id"": ""A"", ""source_name"": ""Earth-Core"", ""unfulfilled_request_t"": 0.0}, {""actual_arrival_month"": ""2039-04"", ""actual_delivery_share"": 1.0, ""availability_share"": 1.0, ""feasible_t"": 14.166666666666666, ""gross_delivery_t"": 14.166666666666666, ""order_month"": ""2038-04"", ""ordered_t"": 14.166666666666666, ""planned_arrival_month"": ""2039-04"", ""requested_t"": 14.166666666666666, ""shipment_id"": ""S0040"", ""source_id"": ""A"", ""source_name"": ""Earth-Core"", ""unfulfilled_request_t"": 0.0}, {""actual_arrival_month"": ""2038-05"", ""actual_delivery_share"": 1.0, ""availability_share"": 1.0, ""feasible_t"": 9.166666666666664, ""gross_delivery_t"": 9.166666666666664, ""order_month"": ""2038-01"", ""ordered_t"": 9.166666666666666, ""planned_arrival_month"": ""2038-05"", ""requested_t"": 9.166666666666666, ""shipment_id"": ""S0085"", ""source_id"": ""B"", ""source_name"": ""Earth-Flex"", ""unfulfilled_request_t"": 1.7763568394002505e-15}, {""actual_arrival_month"": ""2038-06"", ""actual_delivery_share"": 1.0, ""availability_share"": 1.0, ""feasible_t"": 9.166666666666664, ""gross_delivery_t"": 9.166666666666664, ""order_month"": ""2038-02"", ""ordered_t"": 9.166666666666666, ""planned_arrival_month"": ""2038-06"", ""requested_t"": 9.166666666666666, ""shipment_id"": ""S0086"", ""source_id"": ""B"", ""source_name"": ""Earth-Flex"", ""unfulfilled_request_t"": 1.7763568394002505e-15}, {""actual_arrival_month"": ""2038-07"", ""actual_delivery_share"": 1.0, ""availability_share"": 1.0, ""feasible_t"": 9.166666666666664, ""gross_delivery_t"": 9.166666666666664, ""order_month"": ""2038-03"", ""ordered_t"": 9.166666666666666, ""planned_arrival_month"": ""2038-07"", ""requested_t"": 9.166666666666666, ""shipment_id"": ""S0087"", ""source_id"": ""B"", ""source_name"": ""Earth-Flex"", ""unfulfilled_request_t"": 1.7763568394002505e-15}, {""actual_arrival_month"": ""2038-08"", ""actual_delivery_share"": 1.0, ""availability_share"": 1.0, ""feasible_t"": 9.166666666666664, ""gross_delivery_t"": 9.166666666666664, ""order_month"": ""2038-04"", ""ordered_t"": 9.166666666666666, ""planned_arrival_month"": ""2038-08"", ""requested_t"": 9.166666666666666, ""shipment_id"": ""S0088"", ""source_id"": ""B"", ""source_name"": ""Earth-Flex"", ""unfulfilled_request_t"": 1.7763568394002505e-15}, {""actual_arrival_month"": ""2038-05"", ""actual_delivery_share"": 1.0, ""availability_share"": 1.0, ""feasible_t"": 4.183333333333332, ""gross_delivery_t"": 4.183333333333332, ""order_month"": ""2038-03"", ""ordered_t"": 4.183333333333334, ""planned_arrival_month"": ""2038-05"", ""requested_t"": 4.183333333333334, ""shipment_id"": ""S0146"", ""source_id"": ""D"", ""source_name"": ""Lunar-ISRU"", ""unfulfilled_request_t"": 1.7763568394002505e-15}, {""actual_arrival_month"": ""2038-06"", ""actual_delivery_share"": 1.0, ""availability_share"": 1.0, ""feasible_t"": 4.183333333333332, ""gross_delivery_t"": 4.183333333333332, ""order_month"": ""2038-04"", ""ordered_t"": 4.183333333333334, ""planned_arrival_month"": ""2038-06"", ""requested_t"": 4.183333333333334, ""shipment_id"": ""S0147"", ""source_id"": ""D"", ""source_name"": ""Lunar-ISRU"", ""unfulfilled_request_t"": 1.7763568394002505e-15}]","{""A"": 13.333333333333334, ""C"": 5.0, ""D"": 4.183333333333332}","{""A"": 0.0, ""C"": 5.0, ""D"": 4.183333333333332}",9.183333333333332,0.11019999999999998,9.073133333333331,9.073133333333331,0.0,9.073133333333331,9.073133333333331,0.0,5.093533333333335,6.666666666666666,0.0,ZBO,120.0,0.012,"[""ZBO"", ""EARTH_NEW"", ""LUNAR_ISRU""]",0.0,6.833333333333333,[]
2038-05,0.0,20.833333333333332,14.166666666666666,"{""A"": 170.0, ""B"": 110.0, ""C"": 60.0, ""D"": 50.2, ""E"": 0}","{""A"": 14.166666666666666, ""B"": 9.166666666666666, ""C"": 5.0, ""D"": 4.183333333333334}","[{""actual_arrival_month"": ""2038-06"", ""actual_delivery_share"": 1.0, ""availability_share"": 0.0, ""feasible_t"": 13.333333333333334, ""gross_delivery_t"": 0.0, ""order_month"": ""2037-06"", ""ordered_t"": 13.333333333333334, ""planned_arrival_month"": ""2038-06"", ""requested_t"": 13.333333333333334, ""shipment_id"": ""S0030"", ""source_id"": ""A"", ""source_name"": ""Earth-Core"", ""unfulfilled_request_t"": 0.0}, {""actual_arrival_month"": ""2038-07"", ""actual_delivery_share"": 1.0, ""availability_share"": 0.0, ""feasible_t"": 13.333333333333334, ""gross_delivery_t"": 0.0, ""order_month"": ""2037-07"", ""ordered_t"": 13.333333333333334, ""planned_arrival_month"": ""2038-07"", ""requested_t"": 13.333333333333334, ""shipment_id"": ""S0031"", ""source_id"": ""A"", ""source_name"": ""Earth-Core"", ""unfulfilled_request_t"": 0.0}, {""actual_arrival_month"": ""2038-08"", ""actual_delivery_share"": 1.0, ""availability_share"": 0.0, ""feasible_t"": 13.333333333333334, ""gross_delivery_t"": 0.0, ""order_month"": ""2037-08"", ""ordered_t"": 13.333333333333334, ""planned_arrival_month"": ""2038-08"", ""requested_t"": 13.333333333333334, ""shipment_id"": ""S0032"", ""source_id"": ""A"", ""source_name"": ""Earth-Core"", ""unfulfilled_request_t"": 0.0}, {""actual_arrival_month"": ""2038-09"", ""actual_delivery_share"": 1.0, ""availability_share"": 0.0, ""feasible_t"": 13.333333333333334, ""gross_delivery_t"": 0.0, ""order_month"": ""2037-09"", ""ordered_t"": 13.333333333333334, ""planned_arrival_month"": ""2038-09"", ""requested_t"": 13.333333333333334, ""shipment_id"": ""S0033"", ""source_id"": ""A"", ""source_name"": ""Earth-Core"", ""unfulfilled_request_t"": 0.0}, {""actual_arrival_month"": ""2038-10"", ""actual_delivery_share"": 1.0, ""availability_share"": 0.0, ""feasible_t"": 13.333333333333334, ""gross_delivery_t"": 0.0, ""order_month"": ""2037-10"", ""ordered_t"": 13.333333333333334, ""planned_arrival_month"": ""2038-10"", ""requested_t"": 13.333333333333334, ""shipment_id"": ""S0034"", ""source_id"": ""A"", ""source_name"": ""Earth-Core"", ""unfulfilled_request_t"": 0.0}, {""actual_arrival_month"": ""2038-11"", ""actual_delivery_share"": 1.0, ""availability_share"": 0.0, ""feasible_t"": 13.333333333333334, ""gross_delivery_t"": 0.0, ""order_month"": ""2037-11"", ""ordered_t"": 13.333333333333334, ""planned_arrival_month"": ""2038-11"", ""requested_t"": 13.333333333333334, ""shipment_id"": ""S0035"", ""source_id"": ""A"", ""source_name"": ""Earth-Core"", ""unfulfilled_request_t"": 0.0}, {""actual_arrival_month"": ""2038-12"", ""actual_delivery_share"": 1.0, ""availability_share"": 0.0, ""feasible_t"": 13.333333333333334, ""gross_delivery_t"": 0.0, ""order_month"": ""2037-12"", ""ordered_t"": 13.333333333333334, ""planned_arrival_month"": ""2038-12"", ""requested_t"": 13.333333333333334, ""shipment_id"": ""S0036"", ""source_id"": ""A"", ""source_name"": ""Earth-Core"", ""unfulfilled_request_t"": 0.0}, {""actual_arrival_month"": ""2039-01"", ""actual_delivery_share"": 1.0, ""availability_share"": 1.0, ""feasible_t"": 14.166666666666666, ""gross_delivery_t"": 14.166666666666666, ""order_month"": ""2038-01"", ""ordered_t"": 14.166666666666666, ""planned_arrival_month"": ""2039-01"", ""requested_t"": 14.166666666666666, ""shipment_id"": ""S0037"", ""source_id"": ""A"", ""source_name"": ""Earth-Core"", ""unfulfilled_request_t"": 0.0}, {""actual_arrival_month"": ""2039-02"", ""actual_delivery_share"": 1.0, ""availability_share"": 1.0, ""feasible_t"": 14.166666666666666, ""gross_delivery_t"": 14.166666666666666, ""order_month"": ""2038-02"", ""ordered_t"": 14.166666666666666, ""planned_arrival_month"": ""2039-02"", ""requested_t"": 14.166666666666666, ""shipment_id"": ""S0038"", ""source_id"": ""A"", ""source_name"": ""Earth-Core"", ""unfulfilled_request_t"": 0.0}, {""actual_arrival_month"": ""2039-03"", ""actual_delivery_share"": 1.0, ""availability_share"": 1.0, ""feasible_t"": 14.166666666666666, ""gross_delivery_t"": 14.166666666666666, ""order_month"": ""2038-03"", ""ordered_t"": 14.166666666666666, ""planned_arrival_month"": ""2039-03"", ""requested_t"": 14.166666666666666, ""shipment_id"": ""S0039"", ""source_id"": ""A"", ""source_name"": ""Earth-Core"", ""unfulfilled_request_t"": 0.0}, {""actual_arrival_month"": ""2039-04"", ""actual_delivery_share"": 1.0, ""availability_share"": 1.0, ""feasible_t"": 14.166666666666666, ""gross_delivery_t"": 14.166666666666666, ""order_month"": ""2038-04"", ""ordered_t"": 14.166666666666666, ""planned_arrival_month"": ""2039-04"", ""requested_t"": 14.166666666666666, ""shipment_id"": ""S0040"", ""source_id"": ""A"", ""source_name"": ""Earth-Core"", ""unfulfilled_request_t"": 0.0}, {""actual_arrival_month"": ""2039-05"", ""actual_delivery_share"": 1.0, ""availability_share"": 1.0, ""feasible_t"": 14.166666666666666, ""gross_delivery_t"": 14.166666666666666, ""order_month"": ""2038-05"", ""ordered_t"": 14.166666666666666, ""planned_arrival_month"": ""2039-05"", ""requested_t"": 14.166666666666666, ""shipment_id"": ""S0041"", ""source_id"": ""A"", ""source_name"": ""Earth-Core"", ""unfulfilled_request_t"": 0.0}, {""actual_arrival_month"": ""2038-06"", ""actual_delivery_share"": 1.0, ""availability_share"": 1.0, ""feasible_t"": 9.166666666666664, ""gross_delivery_t"": 9.166666666666664, ""order_month"": ""2038-02"", ""ordered_t"": 9.166666666666666, ""planned_arrival_month"": ""2038-06"", ""requested_t"": 9.166666666666666, ""shipment_id"": ""S0086"", ""source_id"": ""B"", ""source_name"": ""Earth-Flex"", ""unfulfilled_request_t"": 1.7763568394002505e-15}, {""actual_arrival_month"": ""2038-07"", ""actual_delivery_share"": 1.0, ""availability_share"": 1.0, ""feasible_t"": 9.166666666666664, ""gross_delivery_t"": 9.166666666666664, ""order_month"": ""2038-03"", ""ordered_t"": 9.166666666666666, ""planned_arrival_month"": ""2038-07"", ""requested_t"": 9.166666666666666, ""shipment_id"": ""S0087"", ""source_id"": ""B"", ""source_name"": ""Earth-Flex"", ""unfulfilled_request_t"": 1.7763568394002505e-15}, {""actual_arrival_month"": ""2038-08"", ""actual_delivery_share"": 1.0, ""availability_share"": 1.0, ""feasible_t"": 9.166666666666664, ""gross_delivery_t"": 9.166666666666664, ""order_month"": ""2038-04"", ""ordered_t"": 9.166666666666666, ""planned_arrival_month"": ""2038-08"", ""requested_t"": 9.166666666666666, ""shipment_id"": ""S0088"", ""source_id"": ""B"", ""source_name"": ""Earth-Flex"", ""unfulfilled_request_t"": 1.7763568394002505e-15}, {""actual_arrival_month"": ""2038-09"", ""actual_delivery_share"": 1.0, ""availability_share"": 1.0, ""feasible_t"": 9.166666666666664, ""gross_delivery_t"": 9.166666666666664, ""order_month"": ""2038-05"", ""ordered_t"": 9.166666666666666, ""planned_arrival_month"": ""2038-09"", ""requested_t"": 9.166666666666666, ""shipment_id"": ""S0089"", ""source_id"": ""B"", ""source_name"": ""Earth-Flex"", ""unfulfilled_request_t"": 1.7763568394002505e-15}, {""actual_arrival_month"": ""2038-06"", ""actual_delivery_share"": 1.0, ""availability_share"": 1.0, ""feasible_t"": 4.183333333333332, ""gross_delivery_t"": 4.183333333333332, ""order_month"": ""2038-04"", ""ordered_t"": 4.183333333333334, ""planned_arrival_month"": ""2038-06"", ""requested_t"": 4.183333333333334, ""shipment_id"": ""S0147"", ""source_id"": ""D"", ""source_name"": ""Lunar-ISRU"", ""unfulfilled_request_t"": 1.7763568394002505e-15}, {""actual_arrival_month"": ""2038-07"", ""actual_delivery_share"": 1.0, ""availability_share"": 1.0, ""feasible_t"": 4.183333333333332, ""gross_delivery_t"": 4.183333333333332, ""order_month"": ""2038-05"", ""ordered_t"": 4.183333333333334, ""planned_arrival_month"": ""2038-07"", ""requested_t"": 4.183333333333334, ""shipment_id"": ""S0148"", ""source_id"": ""D"", ""source_name"": ""Lunar-ISRU"", ""unfulfilled_request_t"": 1.7763568394002505e-15}]","{""A"": 13.333333333333334, ""B"": 9.166666666666664, ""C"": 5.0, ""D"": 4.183333333333332}","{""A"": 0.0, ""B"": 9.166666666666664, ""C"": 5.0, ""D"": 4.183333333333332}",18.349999999999994,0.22019999999999992,18.129799999999996,18.129799999999996,0.0,18.129799999999996,14.166666666666666,3.96313333333333,0.0,2.7035333333333362,0.0,ZBO,120.0,0.012,"[""ZBO"", ""EARTH_NEW"", ""LUNAR_ISRU""]",0.0,6.833333333333333,[]
2038-06,0.0,20.833333333333332,14.166666666666666,"{""A"": 170.0, ""B"": 110.0, ""C"": 60.0, ""D"": 50.2, ""E"": 0}","{""A"": 14.166666666666666, ""B"": 9.166666666666666, ""C"": 5.0, ""D"": 4.183333333333334}","[{""actual_arrival_month"": ""2038-07"", ""actual_delivery_share"": 1.0, ""availability_share"": 0.0, ""feasible_t"": 13.333333333333334, ""gross_delivery_t"": 0.0, ""order_month"": ""2037-07"", ""ordered_t"": 13.333333333333334, ""planned_arrival_month"": ""2038-07"", ""requested_t"": 13.333333333333334, ""shipment_id"": ""S0031"", ""source_id"": ""A"", ""source_name"": ""Earth-Core"", ""unfulfilled_request_t"": 0.0}, {""actual_arrival_month"": ""2038-08"", ""actual_delivery_share"": 1.0, ""availability_share"": 0.0, ""feasible_t"": 13.333333333333334, ""gross_delivery_t"": 0.0, ""order_month"": ""2037-08"", ""ordered_t"": 13.333333333333334, ""planned_arrival_month"": ""2038-08"", ""requested_t"": 13.333333333333334, ""shipment_id"": ""S0032"", ""source_id"": ""A"", ""source_name"": ""Earth-Core"", ""unfulfilled_request_t"": 0.0}, {""actual_arrival_month"": ""2038-09"", ""actual_delivery_share"": 1.0, ""availability_share"": 0.0, ""feasible_t"": 13.333333333333334, ""gross_delivery_t"": 0.0, ""order_month"": ""2037-09"", ""ordered_t"": 13.333333333333334, ""planned_arrival_month"": ""2038-09"", ""requested_t"": 13.333333333333334, ""shipment_id"": ""S0033"", ""source_id"": ""A"", ""source_name"": ""Earth-Core"", ""unfulfilled_request_t"": 0.0}, {""actual_arrival_month"": ""2038-10"", ""actual_delivery_share"": 1.0, ""availability_share"": 0.0, ""feasible_t"": 13.333333333333334, ""gross_delivery_t"": 0.0, ""order_month"": ""2037-10"", ""ordered_t"": 13.333333333333334, ""planned_arrival_month"": ""2038-10"", ""requested_t"": 13.333333333333334, ""shipment_id"": ""S0034"", ""source_id"": ""A"", ""source_name"": ""Earth-Core"", ""unfulfilled_request_t"": 0.0}, {""actual_arrival_month"": ""2038-11"", ""actual_delivery_share"": 1.0, ""availability_share"": 0.0, ""feasible_t"": 13.333333333333334, ""gross_delivery_t"": 0.0, ""order_month"": ""2037-11"", ""ordered_t"": 13.333333333333334, ""planned_arrival_month"": ""2038-11"", ""requested_t"": 13.333333333333334, ""shipment_id"": ""S0035"", ""source_id"": ""A"", ""source_name"": ""Earth-Core"", ""unfulfilled_request_t"": 0.0}, {""actual_arrival_month"": ""2038-12"", ""actual_delivery_share"": 1.0, ""availability_share"": 0.0, ""feasible_t"": 13.333333333333334, ""gross_delivery_t"": 0.0, ""order_month"": ""2037-12"", ""ordered_t"": 13.333333333333334, ""planned_arrival_month"": ""2038-12"", ""requested_t"": 13.333333333333334, ""shipment_id"": ""S0036"", ""source_id"": ""A"", ""source_name"": ""Earth-Core"", ""unfulfilled_request_t"": 0.0}, {""actual_arrival_month"": ""2039-01"", ""actual_delivery_share"": 1.0, ""availability_share"": 1.0, ""feasible_t"": 14.166666666666666, ""gross_delivery_t"": 14.166666666666666, ""order_month"": ""2038-01"", ""ordered_t"": 14.166666666666666, ""planned_arrival_month"": ""2039-01"", ""requested_t"": 14.166666666666666, ""shipment_id"": ""S0037"", ""source_id"": ""A"", ""source_name"": ""Earth-Core"", ""unfulfilled_request_t"": 0.0}, {""actual_arrival_month"": ""2039-02"", ""actual_delivery_share"": 1.0, ""availability_share"": 1.0, ""feasible_t"": 14.166666666666666, ""gross_delivery_t"": 14.166666666666666, ""order_month"": ""2038-02"", ""ordered_t"": 14.166666666666666, ""planned_arrival_month"": ""2039-02"", ""requested_t"": 14.166666666666666, ""shipment_id"": ""S0038"", ""source_id"": ""A"", ""source_name"": ""Earth-Core"", ""unfulfilled_request_t"": 0.0}, {""actual_arrival_month"": ""2039-03"", ""actual_delivery_share"": 1.0, ""availability_share"": 1.0, ""feasible_t"": 14.166666666666666, ""gross_delivery_t"": 14.166666666666666, ""order_month"": ""2038-03"", ""ordered_t"": 14.166666666666666, ""planned_arrival_month"": ""2039-03"", ""requested_t"": 14.166666666666666, ""shipment_id"": ""S0039"", ""source_id"": ""A"", ""source_name"": ""Earth-Core"", ""unfulfilled_request_t"": 0.0}, {""actual_arrival_month"": ""2039-04"", ""actual_delivery_share"": 1.0, ""availability_share"": 1.0, ""feasible_t"": 14.166666666666666, ""gross_delivery_t"": 14.166666666666666, ""order_month"": ""2038-04"", ""ordered_t"": 14.166666666666666, ""planned_arrival_month"": ""2039-04"", ""requested_t"": 14.166666666666666, ""shipment_id"": ""S0040"", ""source_id"": ""A"", ""source_name"": ""Earth-Core"", ""unfulfilled_request_t"": 0.0}, {""actual_arrival_month"": ""2039-05"", ""actual_delivery_share"": 1.0, ""availability_share"": 1.0, ""feasible_t"": 14.166666666666666, ""gross_delivery_t"": 14.166666666666666, ""order_month"": ""2038-05"", ""ordered_t"": 14.166666666666666, ""planned_arrival_month"": ""2039-05"", ""requested_t"": 14.166666666666666, ""shipment_id"": ""S0041"", ""source_id"": ""A"", ""source_name"": ""Earth-Core"", ""unfulfilled_request_t"": 0.0}, {""actual_arrival_month"": ""2039-06"", ""actual_delivery_share"": 1.0, ""availability_share"": 1.0, ""feasible_t"": 14.166666666666666, ""gross_delivery_t"": 14.166666666666666, ""order_month"": ""2038-06"", ""ordered_t"": 14.166666666666666, ""planned_arrival_month"": ""2039-06"", ""requested_t"": 14.166666666666666, ""shipment_id"": ""S0042"", ""source_id"": ""A"", ""source_name"": ""Earth-Core"", ""unfulfilled_request_t"": 0.0}, {""actual_arrival_month"": ""2038-07"", ""actual_delivery_share"": 1.0, ""availability_share"": 1.0, ""feasible_t"": 9.166666666666664, ""gross_delivery_t"": 9.166666666666664, ""order_month"": ""2038-03"", ""ordered_t"": 9.166666666666666, ""planned_arrival_month"": ""2038-07"", ""requested_t"": 9.166666666666666, ""shipment_id"": ""S0087"", ""source_id"": ""B"", ""source_name"": ""Earth-Flex"", ""unfulfilled_request_t"": 1.7763568394002505e-15}, {""actual_arrival_month"": ""2038-08"", ""actual_delivery_share"": 1.0, ""availability_share"": 1.0, ""feasible_t"": 9.166666666666664, ""gross_delivery_t"": 9.166666666666664, ""order_month"": ""2038-04"", ""ordered_t"": 9.166666666666666, ""planned_arrival_month"": ""2038-08"", ""requested_t"": 9.166666666666666, ""shipment_id"": ""S0088"", ""source_id"": ""B"", ""source_name"": ""Earth-Flex"", ""unfulfilled_request_t"": 1.7763568394002505e-15}, {""actual_arrival_month"": ""2038-09"", ""actual_delivery_share"": 1.0, ""availability_share"": 1.0, ""feasible_t"": 9.166666666666664, ""gross_delivery_t"": 9.166666666666664, ""order_month"": ""2038-05"", ""ordered_t"": 9.166666666666666, ""planned_arrival_month"": ""2038-09"", ""requested_t"": 9.166666666666666, ""shipment_id"": ""S0089"", ""source_id"": ""B"", ""source_name"": ""Earth-Flex"", ""unfulfilled_request_t"": 1.7763568394002505e-15}, {""actual_arrival_month"": ""2038-10"", ""actual_delivery_share"": 1.0, ""availability_share"": 1.0, ""feasible_t"": 9.166666666666664, ""gross_delivery_t"": 9.166666666666664, ""order_month"": ""2038-06"", ""ordered_t"": 9.166666666666666, ""planned_arrival_month"": ""2038-10"", ""requested_t"": 9.166666666666666, ""shipment_id"": ""S0090"", ""source_id"": ""B"", ""source_name"": ""Earth-Flex"", ""unfulfilled_request_t"": 1.7763568394002505e-15}, {""actual_arrival_month"": ""2038-07"", ""actual_delivery_share"": 1.0, ""availability_share"": 1.0, ""feasible_t"": 4.183333333333332, ""gross_delivery_t"": 4.183333333333332, ""order_month"": ""2038-05"", ""ordered_t"": 4.183333333333334, ""planned_arrival_month"": ""2038-07"", ""requested_t"": 4.183333333333334, ""shipment_id"": ""S0148"", ""source_id"": ""D"", ""source_name"": ""Lunar-ISRU"", ""unfulfilled_request_t"": 1.7763568394002505e-15}, {""actual_arrival_month"": ""2038-08"", ""actual_delivery_share"": 1.0, ""availability_share"": 1.0, ""feasible_t"": 4.183333333333332, ""gross_delivery_t"": 4.183333333333332, ""order_month"": ""2038-06"", ""ordered_t"": 4.183333333333334, ""planned_arrival_month"": ""2038-08"", ""requested_t"": 4.183333333333334, ""shipment_id"": ""S0149"", ""source_id"": ""D"", ""source_name"": ""Lunar-ISRU"", ""unfulfilled_request_t"": 1.7763568394002505e-15}]","{""A"": 13.333333333333334, ""B"": 9.166666666666664, ""C"": 5.0, ""D"": 4.183333333333332}","{""A"": 0.0, ""B"": 9.166666666666664, ""C"": 5.0, ""D"": 4.183333333333332}",18.349999999999994,0.22019999999999992,18.129799999999996,18.129799999999996,0.0,18.129799999999996,14.166666666666666,3.96313333333333,0.0,2.7035333333333362,0.0,ZBO,120.0,0.012,"[""ZBO"", ""EARTH_NEW"", ""LUNAR_ISRU""]",0.0,6.833333333333333,[]
2038-07,0.0,20.833333333333332,14.166666666666666,"{""A"": 170.0, ""B"": 110.0, ""C"": 60.0, ""D"": 50.2, ""E"": 0}","{""A"": 14.166666666666666, ""B"": 9.166666666666666, ""C"": 5.0, ""D"": 4.183333333333334}","[{""actual_arrival_month"": ""2038-08"", ""actual_delivery_share"": 1.0, ""availability_share"": 0.0, ""feasible_t"": 13.333333333333334, ""gross_delivery_t"": 0.0, ""order_month"": ""2037-08"", ""ordered_t"": 13.333333333333334, ""planned_arrival_month"": ""2038-08"", ""requested_t"": 13.333333333333334, ""shipment_id"": ""S0032"", ""source_id"": ""A"", ""source_name"": ""Earth-Core"", ""unfulfilled_request_t"": 0.0}, {""actual_arrival_month"": ""2038-09"", ""actual_delivery_share"": 1.0, ""availability_share"": 0.0, ""feasible_t"": 13.333333333333334, ""gross_delivery_t"": 0.0, ""order_month"": ""2037-09"", ""ordered_t"": 13.333333333333334, ""planned_arrival_month"": ""2038-09"", ""requested_t"": 13.333333333333334, ""shipment_id"": ""S0033"", ""source_id"": ""A"", ""source_name"": ""Earth-Core"", ""unfulfilled_request_t"": 0.0}, {""actual_arrival_month"": ""2038-10"", ""actual_delivery_share"": 1.0, ""availability_share"": 0.0, ""feasible_t"": 13.333333333333334, ""gross_delivery_t"": 0.0, ""order_month"": ""2037-10"", ""ordered_t"": 13.333333333333334, ""planned_arrival_month"": ""2038-10"", ""requested_t"": 13.333333333333334, ""shipment_id"": ""S0034"", ""source_id"": ""A"", ""source_name"": ""Earth-Core"", ""unfulfilled_request_t"": 0.0}, {""actual_arrival_month"": ""2038-11"", ""actual_delivery_share"": 1.0, ""availability_share"": 0.0, ""feasible_t"": 13.333333333333334, ""gross_delivery_t"": 0.0, ""order_month"": ""2037-11"", ""ordered_t"": 13.333333333333334, ""planned_arrival_month"": ""2038-11"", ""requested_t"": 13.333333333333334, ""shipment_id"": ""S0035"", ""source_id"": ""A"", ""source_name"": ""Earth-Core"", ""unfulfilled_request_t"": 0.0}, {""actual_arrival_month"": ""2038-12"", ""actual_delivery_share"": 1.0, ""availability_share"": 0.0, ""feasible_t"": 13.333333333333334, ""gross_delivery_t"": 0.0, ""order_month"": ""2037-12"", ""ordered_t"": 13.333333333333334, ""planned_arrival_month"": ""2038-12"", ""requested_t"": 13.333333333333334, ""shipment_id"": ""S0036"", ""source_id"": ""A"", ""source_name"": ""Earth-Core"", ""unfulfilled_request_t"": 0.0}, {""actual_arrival_month"": ""2039-01"", ""actual_delivery_share"": 1.0, ""availability_share"": 1.0, ""feasible_t"": 14.166666666666666, ""gross_delivery_t"": 14.166666666666666, ""order_month"": ""2038-01"", ""ordered_t"": 14.166666666666666, ""planned_arrival_month"": ""2039-01"", ""requested_t"": 14.166666666666666, ""shipment_id"": ""S0037"", ""source_id"": ""A"", ""source_name"": ""Earth-Core"", ""unfulfilled_request_t"": 0.0}, {""actual_arrival_month"": ""2039-02"", ""actual_delivery_share"": 1.0, ""availability_share"": 1.0, ""feasible_t"": 14.166666666666666, ""gross_delivery_t"": 14.166666666666666, ""order_month"": ""2038-02"", ""ordered_t"": 14.166666666666666, ""planned_arrival_month"": ""2039-02"", ""requested_t"": 14.166666666666666, ""shipment_id"": ""S0038"", ""source_id"": ""A"", ""source_name"": ""Earth-Core"", ""unfulfilled_request_t"": 0.0}, {""actual_arrival_month"": ""2039-03"", ""actual_delivery_share"": 1.0, ""availability_share"": 1.0, ""feasible_t"": 14.166666666666666, ""gross_delivery_t"": 14.166666666666666, ""order_month"": ""2038-03"", ""ordered_t"": 14.166666666666666, ""planned_arrival_month"": ""2039-03"", ""requested_t"": 14.166666666666666, ""shipment_id"": ""S0039"", ""source_id"": ""A"", ""source_name"": ""Earth-Core"", ""unfulfilled_request_t"": 0.0}, {""actual_arrival_month"": ""2039-04"", ""actual_delivery_share"": 1.0, ""availability_share"": 1.0, ""feasible_t"": 14.166666666666666, ""gross_delivery_t"": 14.166666666666666, ""order_month"": ""2038-04"", ""ordered_t"": 14.166666666666666, ""planned_arrival_month"": ""2039-04"", ""requested_t"": 14.166666666666666, ""shipment_id"": ""S0040"", ""source_id"": ""A"", ""source_name"": ""Earth-Core"", ""unfulfilled_request_t"": 0.0}, {""actual_arrival_month"": ""2039-05"", ""actual_delivery_share"": 1.0, ""availability_share"": 1.0, ""feasible_t"": 14.166666666666666, ""gross_delivery_t"": 14.166666666666666, ""order_month"": ""2038-05"", ""ordered_t"": 14.166666666666666, ""planned_arrival_month"": ""2039-05"", ""requested_t"": 14.166666666666666, ""shipment_id"": ""S0041"", ""source_id"": ""A"", ""source_name"": ""Earth-Core"", ""unfulfilled_request_t"": 0.0}, {""actual_arrival_month"": ""2039-06"", ""actual_delivery_share"": 1.0, ""availability_share"": 1.0, ""feasible_t"": 14.166666666666666, ""gross_delivery_t"": 14.166666666666666, ""order_month"": ""2038-06"", ""ordered_t"": 14.166666666666666, ""planned_arrival_month"": ""2039-06"", ""requested_t"": 14.166666666666666, ""shipment_id"": ""S0042"", ""source_id"": ""A"", ""source_name"": ""Earth-Core"", ""unfulfilled_request_t"": 0.0}, {""actual_arrival_month"": ""2039-07"", ""actual_delivery_share"": 1.0, ""availability_share"": 1.0, ""feasible_t"": 14.166666666666666, ""gross_delivery_t"": 14.166666666666666, ""order_month"": ""2038-07"", ""ordered_t"": 14.166666666666666, ""planned_arrival_month"": ""2039-07"", ""requested_t"": 14.166666666666666, ""shipment_id"": ""S0043"", ""source_id"": ""A"", ""source_name"": ""Earth-Core"", ""unfulfilled_request_t"": 0.0}, {""actual_arrival_month"": ""2038-08"", ""actual_delivery_share"": 1.0, ""availability_share"": 1.0, ""feasible_t"": 9.166666666666664, ""gross_delivery_t"": 9.166666666666664, ""order_month"": ""2038-04"", ""ordered_t"": 9.166666666666666, ""planned_arrival_month"": ""2038-08"", ""requested_t"": 9.166666666666666, ""shipment_id"": ""S0088"", ""source_id"": ""B"", ""source_name"": ""Earth-Flex"", ""unfulfilled_request_t"": 1.7763568394002505e-15}, {""actual_arrival_month"": ""2038-09"", ""actual_delivery_share"": 1.0, ""availability_share"": 1.0, ""feasible_t"": 9.166666666666664, ""gross_delivery_t"": 9.166666666666664, ""order_month"": ""2038-05"", ""ordered_t"": 9.166666666666666, ""planned_arrival_month"": ""2038-09"", ""requested_t"": 9.166666666666666, ""shipment_id"": ""S0089"", ""source_id"": ""B"", ""source_name"": ""Earth-Flex"", ""unfulfilled_request_t"": 1.7763568394002505e-15}, {""actual_arrival_month"": ""2038-10"", ""actual_delivery_share"": 1.0, ""availability_share"": 1.0, ""feasible_t"": 9.166666666666664, ""gross_delivery_t"": 9.166666666666664, ""order_month"": ""2038-06"", ""ordered_t"": 9.166666666666666, ""planned_arrival_month"": ""2038-10"", ""requested_t"": 9.166666666666666, ""shipment_id"": ""S0090"", ""source_id"": ""B"", ""source_name"": ""Earth-Flex"", ""unfulfilled_request_t"": 1.7763568394002505e-15}, {""actual_arrival_month"": ""2038-11"", ""actual_delivery_share"": 1.0, ""availability_share"": 1.0, ""feasible_t"": 9.166666666666664, ""gross_delivery_t"": 9.166666666666664, ""order_month"": ""2038-07"", ""ordered_t"": 9.166666666666666, ""planned_arrival_month"": ""2038-11"", ""requested_t"": 9.166666666666666, ""shipment_id"": ""S0091"", ""source_id"": ""B"", ""source_name"": ""Earth-Flex"", ""unfulfilled_request_t"": 1.7763568394002505e-15}, {""actual_arrival_month"": ""2038-08"", ""actual_delivery_share"": 1.0, ""availability_share"": 1.0, ""feasible_t"": 4.183333333333332, ""gross_delivery_t"": 4.183333333333332, ""order_month"": ""2038-06"", ""ordered_t"": 4.183333333333334, ""planned_arrival_month"": ""2038-08"", ""requested_t"": 4.183333333333334, ""shipment_id"": ""S0149"", ""source_id"": ""D"", ""source_name"": ""Lunar-ISRU"", ""unfulfilled_request_t"": 1.7763568394002505e-15}, {""actual_arrival_month"": ""2038-09"", ""actual_delivery_share"": 1.0, ""availability_share"": 1.0, ""feasible_t"": 4.183333333333332, ""gross_delivery_t"": 4.183333333333332, ""order_month"": ""2038-07"", ""ordered_t"": 4.183333333333334, ""planned_arrival_month"": ""2038-09"", ""requested_t"": 4.183333333333334, ""shipment_id"": ""S0150"", ""source_id"": ""D"", ""source_name"": ""Lunar-ISRU"", ""unfulfilled_request_t"": 1.7763568394002505e-15}]","{""A"": 13.333333333333334, ""B"": 9.166666666666664, ""C"": 5.0, ""D"": 4.183333333333332}","{""A"": 0.0, ""B"": 9.166666666666664, ""C"": 5.0, ""D"": 4.183333333333332}",18.349999999999994,0.22019999999999992,18.129799999999996,18.129799999999996,0.0,18.129799999999996,14.166666666666666,3.96313333333333,0.0,2.7035333333333362,0.0,ZBO,120.0,0.012,"[""ZBO"", ""EARTH_NEW"", ""LUNAR_ISRU""]",0.0,6.833333333333333,[]
2038-08,0.0,20.833333333333332,14.166666666666666,"{""A"": 170.0, ""B"": 110.0, ""C"": 60.0, ""D"": 50.2, ""E"": 0}","{""A"": 14.166666666666666, ""B"": 9.166666666666666, ""C"": 5.0, ""D"": 4.183333333333334}","[{""actual_arrival_month"": ""2038-09"", ""actual_delivery_share"": 1.0, ""availability_share"": 0.0, ""feasible_t"": 13.333333333333334, ""gross_delivery_t"": 0.0, ""order_month"": ""2037-09"", ""ordered_t"": 13.333333333333334, ""planned_arrival_month"": ""2038-09"", ""requested_t"": 13.333333333333334, ""shipment_id"": ""S0033"", ""source_id"": ""A"", ""source_name"": ""Earth-Core"", ""unfulfilled_request_t"": 0.0}, {""actual_arrival_month"": ""2038-10"", ""actual_delivery_share"": 1.0, ""availability_share"": 0.0, ""feasible_t"": 13.333333333333334, ""gross_delivery_t"": 0.0, ""order_month"": ""2037-10"", ""ordered_t"": 13.333333333333334, ""planned_arrival_month"": ""2038-10"", ""requested_t"": 13.333333333333334, ""shipment_id"": ""S0034"", ""source_id"": ""A"", ""source_name"": ""Earth-Core"", ""unfulfilled_request_t"": 0.0}, {""actual_arrival_month"": ""2038-11"", ""actual_delivery_share"": 1.0, ""availability_share"": 0.0, ""feasible_t"": 13.333333333333334, ""gross_delivery_t"": 0.0, ""order_month"": ""2037-11"", ""ordered_t"": 13.333333333333334, ""planned_arrival_month"": ""2038-11"", ""requested_t"": 13.333333333333334, ""shipment_id"": ""S0035"", ""source_id"": ""A"", ""source_name"": ""Earth-Core"", ""unfulfilled_request_t"": 0.0}, {""actual_arrival_month"": ""2038-12"", ""actual_delivery_share"": 1.0, ""availability_share"": 0.0, ""feasible_t"": 13.333333333333334, ""gross_delivery_t"": 0.0, ""order_month"": ""2037-12"", ""ordered_t"": 13.333333333333334, ""planned_arrival_month"": ""2038-12"", ""requested_t"": 13.333333333333334, ""shipment_id"": ""S0036"", ""source_id"": ""A"", ""source_name"": ""Earth-Core"", ""unfulfilled_request_t"": 0.0}, {""actual_arrival_month"": ""2039-01"", ""actual_delivery_share"": 1.0, ""availability_share"": 1.0, ""feasible_t"": 14.166666666666666, ""gross_delivery_t"": 14.166666666666666, ""order_month"": ""2038-01"", ""ordered_t"": 14.166666666666666, ""planned_arrival_month"": ""2039-01"", ""requested_t"": 14.166666666666666, ""shipment_id"": ""S0037"", ""source_id"": ""A"", ""source_name"": ""Earth-Core"", ""unfulfilled_request_t"": 0.0}, {""actual_arrival_month"": ""2039-02"", ""actual_delivery_share"": 1.0, ""availability_share"": 1.0, ""feasible_t"": 14.166666666666666, ""gross_delivery_t"": 14.166666666666666, ""order_month"": ""2038-02"", ""ordered_t"": 14.166666666666666, ""planned_arrival_month"": ""2039-02"", ""requested_t"": 14.166666666666666, ""shipment_id"": ""S0038"", ""source_id"": ""A"", ""source_name"": ""Earth-Core"", ""unfulfilled_request_t"": 0.0}, {""actual_arrival_month"": ""2039-03"", ""actual_delivery_share"": 1.0, ""availability_share"": 1.0, ""feasible_t"": 14.166666666666666, ""gross_delivery_t"": 14.166666666666666, ""order_month"": ""2038-03"", ""ordered_t"": 14.166666666666666, ""planned_arrival_month"": ""2039-03"", ""requested_t"": 14.166666666666666, ""shipment_id"": ""S0039"", ""source_id"": ""A"", ""source_name"": ""Earth-Core"", ""unfulfilled_request_t"": 0.0}, {""actual_arrival_month"": ""2039-04"", ""actual_delivery_share"": 1.0, ""availability_share"": 1.0, ""feasible_t"": 14.166666666666666, ""gross_delivery_t"": 14.166666666666666, ""order_month"": ""2038-04"", ""ordered_t"": 14.166666666666666, ""planned_arrival_month"": ""2039-04"", ""requested_t"": 14.166666666666666, ""shipment_id"": ""S0040"", ""source_id"": ""A"", ""source_name"": ""Earth-Core"", ""unfulfilled_request_t"": 0.0}, {""actual_arrival_month"": ""2039-05"", ""actual_delivery_share"": 1.0, ""availability_share"": 1.0, ""feasible_t"": 14.166666666666666, ""gross_delivery_t"": 14.166666666666666, ""order_month"": ""2038-05"", ""ordered_t"": 14.166666666666666, ""planned_arrival_month"": ""2039-05"", ""requested_t"": 14.166666666666666, ""shipment_id"": ""S0041"", ""source_id"": ""A"", ""source_name"": ""Earth-Core"", ""unfulfilled_request_t"": 0.0}, {""actual_arrival_month"": ""2039-06"", ""actual_delivery_share"": 1.0, ""availability_share"": 1.0, ""feasible_t"": 14.166666666666666, ""gross_delivery_t"": 14.166666666666666, ""order_month"": ""2038-06"", ""ordered_t"": 14.166666666666666, ""planned_arrival_month"": ""2039-06"", ""requested_t"": 14.166666666666666, ""shipment_id"": ""S0042"", ""source_id"": ""A"", ""source_name"": ""Earth-Core"", ""unfulfilled_request_t"": 0.0}, {""actual_arrival_month"": ""2039-07"", ""actual_delivery_share"": 1.0, ""availability_share"": 1.0, ""feasible_t"": 14.166666666666666, ""gross_delivery_t"": 14.166666666666666, ""order_month"": ""2038-07"", ""ordered_t"": 14.166666666666666, ""planned_arrival_month"": ""2039-07"", ""requested_t"": 14.166666666666666, ""shipment_id"": ""S0043"", ""source_id"": ""A"", ""source_name"": ""Earth-Core"", ""unfulfilled_request_t"": 0.0}, {""actual_arrival_month"": ""2039-08"", ""actual_delivery_share"": 1.0, ""availability_share"": 1.0, ""feasible_t"": 14.166666666666666, ""gross_delivery_t"": 14.166666666666666, ""order_month"": ""2038-08"", ""ordered_t"": 14.166666666666666, ""planned_arrival_month"": ""2039-08"", ""requested_t"": 14.166666666666666, ""shipment_id"": ""S0044"", ""source_id"": ""A"", ""source_name"": ""Earth-Core"", ""unfulfilled_request_t"": 0.0}, {""actual_arrival_month"": ""2038-09"", ""actual_delivery_share"": 1.0, ""availability_share"": 1.0, ""feasible_t"": 9.166666666666664, ""gross_delivery_t"": 9.166666666666664, ""order_month"": ""2038-05"", ""ordered_t"": 9.166666666666666, ""planned_arrival_month"": ""2038-09"", ""requested_t"": 9.166666666666666, ""shipment_id"": ""S0089"", ""source_id"": ""B"", ""source_name"": ""Earth-Flex"", ""unfulfilled_request_t"": 1.7763568394002505e-15}, {""actual_arrival_month"": ""2038-10"", ""actual_delivery_share"": 1.0, ""availability_share"": 1.0, ""feasible_t"": 9.166666666666664, ""gross_delivery_t"": 9.166666666666664, ""order_month"": ""2038-06"", ""ordered_t"": 9.166666666666666, ""planned_arrival_month"": ""2038-10"", ""requested_t"": 9.166666666666666, ""shipment_id"": ""S0090"", ""source_id"": ""B"", ""source_name"": ""Earth-Flex"", ""unfulfilled_request_t"": 1.7763568394002505e-15}, {""actual_arrival_month"": ""2038-11"", ""actual_delivery_share"": 1.0, ""availability_share"": 1.0, ""feasible_t"": 9.166666666666664, ""gross_delivery_t"": 9.166666666666664, ""order_month"": ""2038-07"", ""ordered_t"": 9.166666666666666, ""planned_arrival_month"": ""2038-11"", ""requested_t"": 9.166666666666666, ""shipment_id"": ""S0091"", ""source_id"": ""B"", ""source_name"": ""Earth-Flex"", ""unfulfilled_request_t"": 1.7763568394002505e-15}, {""actual_arrival_month"": ""2038-12"", ""actual_delivery_share"": 1.0, ""availability_share"": 1.0, ""feasible_t"": 9.166666666666664, ""gross_delivery_t"": 9.166666666666664, ""order_month"": ""2038-08"", ""ordered_t"": 9.166666666666666, ""planned_arrival_month"": ""2038-12"", ""requested_t"": 9.166666666666666, ""shipment_id"": ""S0092"", ""source_id"": ""B"", ""source_name"": ""Earth-Flex"", ""unfulfilled_request_t"": 1.7763568394002505e-15}, {""actual_arrival_month"": ""2038-09"", ""actual_delivery_share"": 1.0, ""availability_share"": 1.0, ""feasible_t"": 4.183333333333332, ""gross_delivery_t"": 4.183333333333332, ""order_month"": ""2038-07"", ""ordered_t"": 4.183333333333334, ""planned_arrival_month"": ""2038-09"", ""requested_t"": 4.183333333333334, ""shipment_id"": ""S0150"", ""source_id"": ""D"", ""source_name"": ""Lunar-ISRU"", ""unfulfilled_request_t"": 1.7763568394002505e-15}, {""actual_arrival_month"": ""2038-10"", ""actual_delivery_share"": 1.0, ""availability_share"": 1.0, ""feasible_t"": 4.183333333333332, ""gross_delivery_t"": 4.183333333333332, ""order_month"": ""2038-08"", ""ordered_t"": 4.183333333333334, ""planned_arrival_month"": ""2038-10"", ""requested_t"": 4.183333333333334, ""shipment_id"": ""S0151"", ""source_id"": ""D"", ""source_name"": ""Lunar-ISRU"", ""unfulfilled_request_t"": 1.7763568394002505e-15}]","{""A"": 13.333333333333334, ""B"": 9.166666666666664, ""C"": 5.0, ""D"": 4.183333333333332}","{""A"": 0.0, ""B"": 9.166666666666664, ""C"": 5.0, ""D"": 4.183333333333332}",18.349999999999994,0.22019999999999992,18.129799999999996,18.129799999999996,0.0,18.129799999999996,14.166666666666666,3.96313333333333,0.0,2.7035333333333362,0.0,ZBO,120.0,0.012,"[""ZBO"", ""EARTH_NEW"", ""LUNAR_ISRU""]",0.0,6.833333333333333,[]
2038-09,0.0,20.833333333333332,14.166666666666666,"{""A"": 170.0, ""B"": 110.0, ""C"": 60.0, ""D"": 50.2, ""E"": 0}","{""A"": 14.166666666666666, ""B"": 9.166666666666666, ""C"": 5.0, ""D"": 4.183333333333334}","[{""actual_arrival_month"": ""2038-10"", ""actual_delivery_share"": 1.0, ""availability_share"": 0.0, ""feasible_t"": 13.333333333333334, ""gross_delivery_t"": 0.0, ""order_month"": ""2037-10"", ""ordered_t"": 13.333333333333334, ""planned_arrival_month"": ""2038-10"", ""requested_t"": 13.333333333333334, ""shipment_id"": ""S0034"", ""source_id"": ""A"", ""source_name"": ""Earth-Core"", ""unfulfilled_request_t"": 0.0}, {""actual_arrival_month"": ""2038-11"", ""actual_delivery_share"": 1.0, ""availability_share"": 0.0, ""feasible_t"": 13.333333333333334, ""gross_delivery_t"": 0.0, ""order_month"": ""2037-11"", ""ordered_t"": 13.333333333333334, ""planned_arrival_month"": ""2038-11"", ""requested_t"": 13.333333333333334, ""shipment_id"": ""S0035"", ""source_id"": ""A"", ""source_name"": ""Earth-Core"", ""unfulfilled_request_t"": 0.0}, {""actual_arrival_month"": ""2038-12"", ""actual_delivery_share"": 1.0, ""availability_share"": 0.0, ""feasible_t"": 13.333333333333334, ""gross_delivery_t"": 0.0, ""order_month"": ""2037-12"", ""ordered_t"": 13.333333333333334, ""planned_arrival_month"": ""2038-12"", ""requested_t"": 13.333333333333334, ""shipment_id"": ""S0036"", ""source_id"": ""A"", ""source_name"": ""Earth-Core"", ""unfulfilled_request_t"": 0.0}, {""actual_arrival_month"": ""2039-01"", ""actual_delivery_share"": 1.0, ""availability_share"": 1.0, ""feasible_t"": 14.166666666666666, ""gross_delivery_t"": 14.166666666666666, ""order_month"": ""2038-01"", ""ordered_t"": 14.166666666666666, ""planned_arrival_month"": ""2039-01"", ""requested_t"": 14.166666666666666, ""shipment_id"": ""S0037"", ""source_id"": ""A"", ""source_name"": ""Earth-Core"", ""unfulfilled_request_t"": 0.0}, {""actual_arrival_month"": ""2039-02"", ""actual_delivery_share"": 1.0, ""availability_share"": 1.0, ""feasible_t"": 14.166666666666666, ""gross_delivery_t"": 14.166666666666666, ""order_month"": ""2038-02"", ""ordered_t"": 14.166666666666666, ""planned_arrival_month"": ""2039-02"", ""requested_t"": 14.166666666666666, ""shipment_id"": ""S0038"", ""source_id"": ""A"", ""source_name"": ""Earth-Core"", ""unfulfilled_request_t"": 0.0}, {""actual_arrival_month"": ""2039-03"", ""actual_delivery_share"": 1.0, ""availability_share"": 1.0, ""feasible_t"": 14.166666666666666, ""gross_delivery_t"": 14.166666666666666, ""order_month"": ""2038-03"", ""ordered_t"": 14.166666666666666, ""planned_arrival_month"": ""2039-03"", ""requested_t"": 14.166666666666666, ""shipment_id"": ""S0039"", ""source_id"": ""A"", ""source_name"": ""Earth-Core"", ""unfulfilled_request_t"": 0.0}, {""actual_arrival_month"": ""2039-04"", ""actual_delivery_share"": 1.0, ""availability_share"": 1.0, ""feasible_t"": 14.166666666666666, ""gross_delivery_t"": 14.166666666666666, ""order_month"": ""2038-04"", ""ordered_t"": 14.166666666666666, ""planned_arrival_month"": ""2039-04"", ""requested_t"": 14.166666666666666, ""shipment_id"": ""S0040"", ""source_id"": ""A"", ""source_name"": ""Earth-Core"", ""unfulfilled_request_t"": 0.0}, {""actual_arrival_month"": ""2039-05"", ""actual_delivery_share"": 1.0, ""availability_share"": 1.0, ""feasible_t"": 14.166666666666666, ""gross_delivery_t"": 14.166666666666666, ""order_month"": ""2038-05"", ""ordered_t"": 14.166666666666666, ""planned_arrival_month"": ""2039-05"", ""requested_t"": 14.166666666666666, ""shipment_id"": ""S0041"", ""source_id"": ""A"", ""source_name"": ""Earth-Core"", ""unfulfilled_request_t"": 0.0}, {""actual_arrival_month"": ""2039-06"", ""actual_delivery_share"": 1.0, ""availability_share"": 1.0, ""feasible_t"": 14.166666666666666, ""gross_delivery_t"": 14.166666666666666, ""order_month"": ""2038-06"", ""ordered_t"": 14.166666666666666, ""planned_arrival_month"": ""2039-06"", ""requested_t"": 14.166666666666666, ""shipment_id"": ""S0042"", ""source_id"": ""A"", ""source_name"": ""Earth-Core"", ""unfulfilled_request_t"": 0.0}, {""actual_arrival_month"": ""2039-07"", ""actual_delivery_share"": 1.0, ""availability_share"": 1.0, ""feasible_t"": 14.166666666666666, ""gross_delivery_t"": 14.166666666666666, ""order_month"": ""2038-07"", ""ordered_t"": 14.166666666666666, ""planned_arrival_month"": ""2039-07"", ""requested_t"": 14.166666666666666, ""shipment_id"": ""S0043"", ""source_id"": ""A"", ""source_name"": ""Earth-Core"", ""unfulfilled_request_t"": 0.0}, {""actual_arrival_month"": ""2039-08"", ""actual_delivery_share"": 1.0, ""availability_share"": 1.0, ""feasible_t"": 14.166666666666666, ""gross_delivery_t"": 14.166666666666666, ""order_month"": ""2038-08"", ""ordered_t"": 14.166666666666666, ""planned_arrival_month"": ""2039-08"", ""requested_t"": 14.166666666666666, ""shipment_id"": ""S0044"", ""source_id"": ""A"", ""source_name"": ""Earth-Core"", ""unfulfilled_request_t"": 0.0}, {""actual_arrival_month"": ""2039-09"", ""actual_delivery_share"": 1.0, ""availability_share"": 1.0, ""feasible_t"": 14.166666666666666, ""gross_delivery_t"": 14.166666666666666, ""order_month"": ""2038-09"", ""ordered_t"": 14.166666666666666, ""planned_arrival_month"": ""2039-09"", ""requested_t"": 14.166666666666666, ""shipment_id"": ""S0045"", ""source_id"": ""A"", ""source_name"": ""Earth-Core"", ""unfulfilled_request_t"": 0.0}, {""actual_arrival_month"": ""2038-10"", ""actual_delivery_share"": 1.0, ""availability_share"": 1.0, ""feasible_t"": 9.166666666666664, ""gross_delivery_t"": 9.166666666666664, ""order_month"": ""2038-06"", ""ordered_t"": 9.166666666666666, ""planned_arrival_month"": ""2038-10"", ""requested_t"": 9.166666666666666, ""shipment_id"": ""S0090"", ""source_id"": ""B"", ""source_name"": ""Earth-Flex"", ""unfulfilled_request_t"": 1.7763568394002505e-15}, {""actual_arrival_month"": ""2038-11"", ""actual_delivery_share"": 1.0, ""availability_share"": 1.0, ""feasible_t"": 9.166666666666664, ""gross_delivery_t"": 9.166666666666664, ""order_month"": ""2038-07"", ""ordered_t"": 9.166666666666666, ""planned_arrival_month"": ""2038-11"", ""requested_t"": 9.166666666666666, ""shipment_id"": ""S0091"", ""source_id"": ""B"", ""source_name"": ""Earth-Flex"", ""unfulfilled_request_t"": 1.7763568394002505e-15}, {""actual_arrival_month"": ""2038-12"", ""actual_delivery_share"": 1.0, ""availability_share"": 1.0, ""feasible_t"": 9.166666666666664, ""gross_delivery_t"": 9.166666666666664, ""order_month"": ""2038-08"", ""ordered_t"": 9.166666666666666, ""planned_arrival_month"": ""2038-12"", ""requested_t"": 9.166666666666666, ""shipment_id"": ""S0092"", ""source_id"": ""B"", ""source_name"": ""Earth-Flex"", ""unfulfilled_request_t"": 1.7763568394002505e-15}, {""actual_arrival_month"": ""2039-01"", ""actual_delivery_share"": 1.0, ""availability_share"": 1.0, ""feasible_t"": 9.166666666666664, ""gross_delivery_t"": 9.166666666666664, ""order_month"": ""2038-09"", ""ordered_t"": 9.166666666666666, ""planned_arrival_month"": ""2039-01"", ""requested_t"": 9.166666666666666, ""shipment_id"": ""S0093"", ""source_id"": ""B"", ""source_name"": ""Earth-Flex"", ""unfulfilled_request_t"": 1.7763568394002505e-15}, {""actual_arrival_month"": ""2038-10"", ""actual_delivery_share"": 1.0, ""availability_share"": 1.0, ""feasible_t"": 4.183333333333332, ""gross_delivery_t"": 4.183333333333332, ""order_month"": ""2038-08"", ""ordered_t"": 4.183333333333334, ""planned_arrival_month"": ""2038-10"", ""requested_t"": 4.183333333333334, ""shipment_id"": ""S0151"", ""source_id"": ""D"", ""source_name"": ""Lunar-ISRU"", ""unfulfilled_request_t"": 1.7763568394002505e-15}, {""actual_arrival_month"": ""2038-11"", ""actual_delivery_share"": 1.0, ""availability_share"": 1.0, ""feasible_t"": 4.183333333333332, ""gross_delivery_t"": 4.183333333333332, ""order_month"": ""2038-09"", ""ordered_t"": 4.183333333333334, ""planned_arrival_month"": ""2038-11"", ""requested_t"": 4.183333333333334, ""shipment_id"": ""S0152"", ""source_id"": ""D"", ""source_name"": ""Lunar-ISRU"", ""unfulfilled_request_t"": 1.7763568394002505e-15}]","{""A"": 13.333333333333334, ""B"": 9.166666666666664, ""C"": 5.0, ""D"": 4.183333333333332}","{""A"": 0.0, ""B"": 9.166666666666664, ""C"": 5.0, ""D"": 4.183333333333332}",18.349999999999994,0.22019999999999992,18.129799999999996,18.129799999999996,0.0,18.129799999999996,14.166666666666666,3.96313333333333,0.0,2.7035333333333362,0.0,ZBO,120.0,0.012,"[""ZBO"", ""EARTH_NEW"", ""LUNAR_ISRU""]",0.0,6.833333333333333,[]
2038-10,0.0,20.833333333333332,14.166666666666666,"{""A"": 170.0, ""B"": 110.0, ""C"": 60.0, ""D"": 50.2, ""E"": 0}","{""A"": 14.166666666666666, ""B"": 9.166666666666666, ""C"": 5.0, ""D"": 4.183333333333334}","[{""actual_arrival_month"": ""2038-11"", ""actual_delivery_share"": 1.0, ""availability_share"": 0.0, ""feasible_t"": 13.333333333333334, ""gross_delivery_t"": 0.0, ""order_month"": ""2037-11"", ""ordered_t"": 13.333333333333334, ""planned_arrival_month"": ""2038-11"", ""requested_t"": 13.333333333333334, ""shipment_id"": ""S0035"", ""source_id"": ""A"", ""source_name"": ""Earth-Core"", ""unfulfilled_request_t"": 0.0}, {""actual_arrival_month"": ""2038-12"", ""actual_delivery_share"": 1.0, ""availability_share"": 0.0, ""feasible_t"": 13.333333333333334, ""gross_delivery_t"": 0.0, ""order_month"": ""2037-12"", ""ordered_t"": 13.333333333333334, ""planned_arrival_month"": ""2038-12"", ""requested_t"": 13.333333333333334, ""shipment_id"": ""S0036"", ""source_id"": ""A"", ""source_name"": ""Earth-Core"", ""unfulfilled_request_t"": 0.0}, {""actual_arrival_month"": ""2039-01"", ""actual_delivery_share"": 1.0, ""availability_share"": 1.0, ""feasible_t"": 14.166666666666666, ""gross_delivery_t"": 14.166666666666666, ""order_month"": ""2038-01"", ""ordered_t"": 14.166666666666666, ""planned_arrival_month"": ""2039-01"", ""requested_t"": 14.166666666666666, ""shipment_id"": ""S0037"", ""source_id"": ""A"", ""source_name"": ""Earth-Core"", ""unfulfilled_request_t"": 0.0}, {""actual_arrival_month"": ""2039-02"", ""actual_delivery_share"": 1.0, ""availability_share"": 1.0, ""feasible_t"": 14.166666666666666, ""gross_delivery_t"": 14.166666666666666, ""order_month"": ""2038-02"", ""ordered_t"": 14.166666666666666, ""planned_arrival_month"": ""2039-02"", ""requested_t"": 14.166666666666666, ""shipment_id"": ""S0038"", ""source_id"": ""A"", ""source_name"": ""Earth-Core"", ""unfulfilled_request_t"": 0.0}, {""actual_arrival_month"": ""2039-03"", ""actual_delivery_share"": 1.0, ""availability_share"": 1.0, ""feasible_t"": 14.166666666666666, ""gross_delivery_t"": 14.166666666666666, ""order_month"": ""2038-03"", ""ordered_t"": 14.166666666666666, ""planned_arrival_month"": ""2039-03"", ""requested_t"": 14.166666666666666, ""shipment_id"": ""S0039"", ""source_id"": ""A"", ""source_name"": ""Earth-Core"", ""unfulfilled_request_t"": 0.0}, {""actual_arrival_month"": ""2039-04"", ""actual_delivery_share"": 1.0, ""availability_share"": 1.0, ""feasible_t"": 14.166666666666666, ""gross_delivery_t"": 14.166666666666666, ""order_month"": ""2038-04"", ""ordered_t"": 14.166666666666666, ""planned_arrival_month"": ""2039-04"", ""requested_t"": 14.166666666666666, ""shipment_id"": ""S0040"", ""source_id"": ""A"", ""source_name"": ""Earth-Core"", ""unfulfilled_request_t"": 0.0}, {""actual_arrival_month"": ""2039-05"", ""actual_delivery_share"": 1.0, ""availability_share"": 1.0, ""feasible_t"": 14.166666666666666, ""gross_delivery_t"": 14.166666666666666, ""order_month"": ""2038-05"", ""ordered_t"": 14.166666666666666, ""planned_arrival_month"": ""2039-05"", ""requested_t"": 14.166666666666666, ""shipment_id"": ""S0041"", ""source_id"": ""A"", ""source_name"": ""Earth-Core"", ""unfulfilled_request_t"": 0.0}, {""actual_arrival_month"": ""2039-06"", ""actual_delivery_share"": 1.0, ""availability_share"": 1.0, ""feasible_t"": 14.166666666666666, ""gross_delivery_t"": 14.166666666666666, ""order_month"": ""2038-06"", ""ordered_t"": 14.166666666666666, ""planned_arrival_month"": ""2039-06"", ""requested_t"": 14.166666666666666, ""shipment_id"": ""S0042"", ""source_id"": ""A"", ""source_name"": ""Earth-Core"", ""unfulfilled_request_t"": 0.0}, {""actual_arrival_month"": ""2039-07"", ""actual_delivery_share"": 1.0, ""availability_share"": 1.0, ""feasible_t"": 14.166666666666666, ""gross_delivery_t"": 14.166666666666666, ""order_month"": ""2038-07"", ""ordered_t"": 14.166666666666666, ""planned_arrival_month"": ""2039-07"", ""requested_t"": 14.166666666666666, ""shipment_id"": ""S0043"", ""source_id"": ""A"", ""source_name"": ""Earth-Core"", ""unfulfilled_request_t"": 0.0}, {""actual_arrival_month"": ""2039-08"", ""actual_delivery_share"": 1.0, ""availability_share"": 1.0, ""feasible_t"": 14.166666666666666, ""gross_delivery_t"": 14.166666666666666, ""order_month"": ""2038-08"", ""ordered_t"": 14.166666666666666, ""planned_arrival_month"": ""2039-08"", ""requested_t"": 14.166666666666666, ""shipment_id"": ""S0044"", ""source_id"": ""A"", ""source_name"": ""Earth-Core"", ""unfulfilled_request_t"": 0.0}, {""actual_arrival_month"": ""2039-09"", ""actual_delivery_share"": 1.0, ""availability_share"": 1.0, ""feasible_t"": 14.166666666666666, ""gross_delivery_t"": 14.166666666666666, ""order_month"": ""2038-09"", ""ordered_t"": 14.166666666666666, ""planned_arrival_month"": ""2039-09"", ""requested_t"": 14.166666666666666, ""shipment_id"": ""S0045"", ""source_id"": ""A"", ""source_name"": ""Earth-Core"", ""unfulfilled_request_t"": 0.0}, {""actual_arrival_month"": ""2039-10"", ""actual_delivery_share"": 1.0, ""availability_share"": 1.0, ""feasible_t"": 14.166666666666666, ""gross_delivery_t"": 14.166666666666666, ""order_month"": ""2038-10"", ""ordered_t"": 14.166666666666666, ""planned_arrival_month"": ""2039-10"", ""requested_t"": 14.166666666666666, ""shipment_id"": ""S0046"", ""source_id"": ""A"", ""source_name"": ""Earth-Core"", ""unfulfilled_request_t"": 0.0}, {""actual_arrival_month"": ""2038-11"", ""actual_delivery_share"": 1.0, ""availability_share"": 1.0, ""feasible_t"": 9.166666666666664, ""gross_delivery_t"": 9.166666666666664, ""order_month"": ""2038-07"", ""ordered_t"": 9.166666666666666, ""planned_arrival_month"": ""2038-11"", ""requested_t"": 9.166666666666666, ""shipment_id"": ""S0091"", ""source_id"": ""B"", ""source_name"": ""Earth-Flex"", ""unfulfilled_request_t"": 1.7763568394002505e-15}, {""actual_arrival_month"": ""2038-12"", ""actual_delivery_share"": 1.0, ""availability_share"": 1.0, ""feasible_t"": 9.166666666666664, ""gross_delivery_t"": 9.166666666666664, ""order_month"": ""2038-08"", ""ordered_t"": 9.166666666666666, ""planned_arrival_month"": ""2038-12"", ""requested_t"": 9.166666666666666, ""shipment_id"": ""S0092"", ""source_id"": ""B"", ""source_name"": ""Earth-Flex"", ""unfulfilled_request_t"": 1.7763568394002505e-15}, {""actual_arrival_month"": ""2039-01"", ""actual_delivery_share"": 1.0, ""availability_share"": 1.0, ""feasible_t"": 9.166666666666664, ""gross_delivery_t"": 9.166666666666664, ""order_month"": ""2038-09"", ""ordered_t"": 9.166666666666666, ""planned_arrival_month"": ""2039-01"", ""requested_t"": 9.166666666666666, ""shipment_id"": ""S0093"", ""source_id"": ""B"", ""source_name"": ""Earth-Flex"", ""unfulfilled_request_t"": 1.7763568394002505e-15}, {""actual_arrival_month"": ""2039-02"", ""actual_delivery_share"": 1.0, ""availability_share"": 1.0, ""feasible_t"": 9.166666666666664, ""gross_delivery_t"": 9.166666666666664, ""order_month"": ""2038-10"", ""ordered_t"": 9.166666666666666, ""planned_arrival_month"": ""2039-02"", ""requested_t"": 9.166666666666666, ""shipment_id"": ""S0094"", ""source_id"": ""B"", ""source_name"": ""Earth-Flex"", ""unfulfilled_request_t"": 1.7763568394002505e-15}, {""actual_arrival_month"": ""2038-11"", ""actual_delivery_share"": 1.0, ""availability_share"": 1.0, ""feasible_t"": 4.183333333333332, ""gross_delivery_t"": 4.183333333333332, ""order_month"": ""2038-09"", ""ordered_t"": 4.183333333333334, ""planned_arrival_month"": ""2038-11"", ""requested_t"": 4.183333333333334, ""shipment_id"": ""S0152"", ""source_id"": ""D"", ""source_name"": ""Lunar-ISRU"", ""unfulfilled_request_t"": 1.7763568394002505e-15}, {""actual_arrival_month"": ""2038-12"", ""actual_delivery_share"": 1.0, ""availability_share"": 1.0, ""feasible_t"": 4.183333333333332, ""gross_delivery_t"": 4.183333333333332, ""order_month"": ""2038-10"", ""ordered_t"": 4.183333333333334, ""planned_arrival_month"": ""2038-12"", ""requested_t"": 4.183333333333334, ""shipment_id"": ""S0153"", ""source_id"": ""D"", ""source_name"": ""Lunar-ISRU"", ""unfulfilled_request_t"": 1.7763568394002505e-15}]","{""A"": 13.333333333333334, ""B"": 9.166666666666664, ""C"": 5.0, ""D"": 4.183333333333332}","{""A"": 0.0, ""B"": 9.166666666666664, ""C"": 5.0, ""D"": 4.183333333333332}",18.349999999999994,0.22019999999999992,18.129799999999996,18.129799999999996,0.0,18.129799999999996,14.166666666666666,3.96313333333333,0.0,2.7035333333333362,0.0,ZBO,120.0,0.012,"[""ZBO"", ""EARTH_NEW"", ""LUNAR_ISRU""]",0.0,6.833333333333333,[]
2038-11,0.0,20.833333333333332,14.166666666666666,"{""A"": 170.0, ""B"": 110.0, ""C"": 60.0, ""D"": 50.2, ""E"": 0}","{""A"": 14.166666666666666, ""B"": 9.166666666666666, ""C"": 5.0, ""D"": 4.183333333333334}","[{""actual_arrival_month"": ""2038-12"", ""actual_delivery_share"": 1.0, ""availability_share"": 0.0, ""feasible_t"": 13.333333333333334, ""gross_delivery_t"": 0.0, ""order_month"": ""2037-12"", ""ordered_t"": 13.333333333333334, ""planned_arrival_month"": ""2038-12"", ""requested_t"": 13.333333333333334, ""shipment_id"": ""S0036"", ""source_id"": ""A"", ""source_name"": ""Earth-Core"", ""unfulfilled_request_t"": 0.0}, {""actual_arrival_month"": ""2039-01"", ""actual_delivery_share"": 1.0, ""availability_share"": 1.0, ""feasible_t"": 14.166666666666666, ""gross_delivery_t"": 14.166666666666666, ""order_month"": ""2038-01"", ""ordered_t"": 14.166666666666666, ""planned_arrival_month"": ""2039-01"", ""requested_t"": 14.166666666666666, ""shipment_id"": ""S0037"", ""source_id"": ""A"", ""source_name"": ""Earth-Core"", ""unfulfilled_request_t"": 0.0}, {""actual_arrival_month"": ""2039-02"", ""actual_delivery_share"": 1.0, ""availability_share"": 1.0, ""feasible_t"": 14.166666666666666, ""gross_delivery_t"": 14.166666666666666, ""order_month"": ""2038-02"", ""ordered_t"": 14.166666666666666, ""planned_arrival_month"": ""2039-02"", ""requested_t"": 14.166666666666666, ""shipment_id"": ""S0038"", ""source_id"": ""A"", ""source_name"": ""Earth-Core"", ""unfulfilled_request_t"": 0.0}, {""actual_arrival_month"": ""2039-03"", ""actual_delivery_share"": 1.0, ""availability_share"": 1.0, ""feasible_t"": 14.166666666666666, ""gross_delivery_t"": 14.166666666666666, ""order_month"": ""2038-03"", ""ordered_t"": 14.166666666666666, ""planned_arrival_month"": ""2039-03"", ""requested_t"": 14.166666666666666, ""shipment_id"": ""S0039"", ""source_id"": ""A"", ""source_name"": ""Earth-Core"", ""unfulfilled_request_t"": 0.0}, {""actual_arrival_month"": ""2039-04"", ""actual_delivery_share"": 1.0, ""availability_share"": 1.0, ""feasible_t"": 14.166666666666666, ""gross_delivery_t"": 14.166666666666666, ""order_month"": ""2038-04"", ""ordered_t"": 14.166666666666666, ""planned_arrival_month"": ""2039-04"", ""requested_t"": 14.166666666666666, ""shipment_id"": ""S0040"", ""source_id"": ""A"", ""source_name"": ""Earth-Core"", ""unfulfilled_request_t"": 0.0}, {""actual_arrival_month"": ""2039-05"", ""actual_delivery_share"": 1.0, ""availability_share"": 1.0, ""feasible_t"": 14.166666666666666, ""gross_delivery_t"": 14.166666666666666, ""order_month"": ""2038-05"", ""ordered_t"": 14.166666666666666, ""planned_arrival_month"": ""2039-05"", ""requested_t"": 14.166666666666666, ""shipment_id"": ""S0041"", ""source_id"": ""A"", ""source_name"": ""Earth-Core"", ""unfulfilled_request_t"": 0.0}, {""actual_arrival_month"": ""2039-06"", ""actual_delivery_share"": 1.0, ""availability_share"": 1.0, ""feasible_t"": 14.166666666666666, ""gross_delivery_t"": 14.166666666666666, ""order_month"": ""2038-06"", ""ordered_t"": 14.166666666666666, ""planned_arrival_month"": ""2039-06"", ""requested_t"": 14.166666666666666, ""shipment_id"": ""S0042"", ""source_id"": ""A"", ""source_name"": ""Earth-Core"", ""unfulfilled_request_t"": 0.0}, {""actual_arrival_month"": ""2039-07"", ""actual_delivery_share"": 1.0, ""availability_share"": 1.0, ""feasible_t"": 14.166666666666666, ""gross_delivery_t"": 14.166666666666666, ""order_month"": ""2038-07"", ""ordered_t"": 14.166666666666666, ""planned_arrival_month"": ""2039-07"", ""requested_t"": 14.166666666666666, ""shipment_id"": ""S0043"", ""source_id"": ""A"", ""source_name"": ""Earth-Core"", ""unfulfilled_request_t"": 0.0}, {""actual_arrival_month"": ""2039-08"", ""actual_delivery_share"": 1.0, ""availability_share"": 1.0, ""feasible_t"": 14.166666666666666, ""gross_delivery_t"": 14.166666666666666, ""order_month"": ""2038-08"", ""ordered_t"": 14.166666666666666, ""planned_arrival_month"": ""2039-08"", ""requested_t"": 14.166666666666666, ""shipment_id"": ""S0044"", ""source_id"": ""A"", ""source_name"": ""Earth-Core"", ""unfulfilled_request_t"": 0.0}, {""actual_arrival_month"": ""2039-09"", ""actual_delivery_share"": 1.0, ""availability_share"": 1.0, ""feasible_t"": 14.166666666666666, ""gross_delivery_t"": 14.166666666666666, ""order_month"": ""2038-09"", ""ordered_t"": 14.166666666666666, ""planned_arrival_month"": ""2039-09"", ""requested_t"": 14.166666666666666, ""shipment_id"": ""S0045"", ""source_id"": ""A"", ""source_name"": ""Earth-Core"", ""unfulfilled_request_t"": 0.0}, {""actual_arrival_month"": ""2039-10"", ""actual_delivery_share"": 1.0, ""availability_share"": 1.0, ""feasible_t"": 14.166666666666666, ""gross_delivery_t"": 14.166666666666666, ""order_month"": ""2038-10"", ""ordered_t"": 14.166666666666666, ""planned_arrival_month"": ""2039-10"", ""requested_t"": 14.166666666666666, ""shipment_id"": ""S0046"", ""source_id"": ""A"", ""source_name"": ""Earth-Core"", ""unfulfilled_request_t"": 0.0}, {""actual_arrival_month"": ""2039-11"", ""actual_delivery_share"": 1.0, ""availability_share"": 1.0, ""feasible_t"": 14.166666666666666, ""gross_delivery_t"": 14.166666666666666, ""order_month"": ""2038-11"", ""ordered_t"": 14.166666666666666, ""planned_arrival_month"": ""2039-11"", ""requested_t"": 14.166666666666666, ""shipment_id"": ""S0047"", ""source_id"": ""A"", ""source_name"": ""Earth-Core"", ""unfulfilled_request_t"": 0.0}, {""actual_arrival_month"": ""2038-12"", ""actual_delivery_share"": 1.0, ""availability_share"": 1.0, ""feasible_t"": 9.166666666666664, ""gross_delivery_t"": 9.166666666666664, ""order_month"": ""2038-08"", ""ordered_t"": 9.166666666666666, ""planned_arrival_month"": ""2038-12"", ""requested_t"": 9.166666666666666, ""shipment_id"": ""S0092"", ""source_id"": ""B"", ""source_name"": ""Earth-Flex"", ""unfulfilled_request_t"": 1.7763568394002505e-15}, {""actual_arrival_month"": ""2039-01"", ""actual_delivery_share"": 1.0, ""availability_share"": 1.0, ""feasible_t"": 9.166666666666664, ""gross_delivery_t"": 9.166666666666664, ""order_month"": ""2038-09"", ""ordered_t"": 9.166666666666666, ""planned_arrival_month"": ""2039-01"", ""requested_t"": 9.166666666666666, ""shipment_id"": ""S0093"", ""source_id"": ""B"", ""source_name"": ""Earth-Flex"", ""unfulfilled_request_t"": 1.7763568394002505e-15}, {""actual_arrival_month"": ""2039-02"", ""actual_delivery_share"": 1.0, ""availability_share"": 1.0, ""feasible_t"": 9.166666666666664, ""gross_delivery_t"": 9.166666666666664, ""order_month"": ""2038-10"", ""ordered_t"": 9.166666666666666, ""planned_arrival_month"": ""2039-02"", ""requested_t"": 9.166666666666666, ""shipment_id"": ""S0094"", ""source_id"": ""B"", ""source_name"": ""Earth-Flex"", ""unfulfilled_request_t"": 1.7763568394002505e-15}, {""actual_arrival_month"": ""2039-03"", ""actual_delivery_share"": 1.0, ""availability_share"": 1.0, ""feasible_t"": 9.166666666666664, ""gross_delivery_t"": 9.166666666666664, ""order_month"": ""2038-11"", ""ordered_t"": 9.166666666666666, ""planned_arrival_month"": ""2039-03"", ""requested_t"": 9.166666666666666, ""shipment_id"": ""S0095"", ""source_id"": ""B"", ""source_name"": ""Earth-Flex"", ""unfulfilled_request_t"": 1.7763568394002505e-15}, {""actual_arrival_month"": ""2038-12"", ""actual_delivery_share"": 1.0, ""availability_share"": 1.0, ""feasible_t"": 4.183333333333332, ""gross_delivery_t"": 4.183333333333332, ""order_month"": ""2038-10"", ""ordered_t"": 4.183333333333334, ""planned_arrival_month"": ""2038-12"", ""requested_t"": 4.183333333333334, ""shipment_id"": ""S0153"", ""source_id"": ""D"", ""source_name"": ""Lunar-ISRU"", ""unfulfilled_request_t"": 1.7763568394002505e-15}, {""actual_arrival_month"": ""2039-01"", ""actual_delivery_share"": 1.0, ""availability_share"": 1.0, ""feasible_t"": 4.183333333333332, ""gross_delivery_t"": 4.183333333333332, ""order_month"": ""2038-11"", ""ordered_t"": 4.183333333333334, ""planned_arrival_month"": ""2039-01"", ""requested_t"": 4.183333333333334, ""shipment_id"": ""S0154"", ""source_id"": ""D"", ""source_name"": ""Lunar-ISRU"", ""unfulfilled_request_t"": 1.7763568394002505e-15}]","{""A"": 13.333333333333334, ""B"": 9.166666666666664, ""C"": 5.0, ""D"": 4.183333333333332}","{""A"": 0.0, ""B"": 9.166666666666664, ""C"": 5.0, ""D"": 4.183333333333332}",18.349999999999994,0.22019999999999992,18.129799999999996,18.129799999999996,0.0,18.129799999999996,14.166666666666666,3.96313333333333,0.0,2.7035333333333362,0.0,ZBO,120.0,0.012,"[""ZBO"", ""EARTH_NEW"", ""LUNAR_ISRU""]",0.0,6.833333333333333,[]
2038-12,0.0,20.833333333333332,14.166666666666666,"{""A"": 170.0, ""B"": 110.0, ""C"": 60.0, ""D"": 50.2, ""E"": 0}","{""A"": 14.166666666666666, ""B"": 9.166666666666666, ""C"": 5.0, ""D"": 4.183333333333334}","[{""actual_arrival_month"": ""2039-01"", ""actual_delivery_share"": 1.0, ""availability_share"": 1.0, ""feasible_t"": 14.166666666666666, ""gross_delivery_t"": 14.166666666666666, ""order_month"": ""2038-01"", ""ordered_t"": 14.166666666666666, ""planned_arrival_month"": ""2039-01"", ""requested_t"": 14.166666666666666, ""shipment_id"": ""S0037"", ""source_id"": ""A"", ""source_name"": ""Earth-Core"", ""unfulfilled_request_t"": 0.0}, {""actual_arrival_month"": ""2039-02"", ""actual_delivery_share"": 1.0, ""availability_share"": 1.0, ""feasible_t"": 14.166666666666666, ""gross_delivery_t"": 14.166666666666666, ""order_month"": ""2038-02"", ""ordered_t"": 14.166666666666666, ""planned_arrival_month"": ""2039-02"", ""requested_t"": 14.166666666666666, ""shipment_id"": ""S0038"", ""source_id"": ""A"", ""source_name"": ""Earth-Core"", ""unfulfilled_request_t"": 0.0}, {""actual_arrival_month"": ""2039-03"", ""actual_delivery_share"": 1.0, ""availability_share"": 1.0, ""feasible_t"": 14.166666666666666, ""gross_delivery_t"": 14.166666666666666, ""order_month"": ""2038-03"", ""ordered_t"": 14.166666666666666, ""planned_arrival_month"": ""2039-03"", ""requested_t"": 14.166666666666666, ""shipment_id"": ""S0039"", ""source_id"": ""A"", ""source_name"": ""Earth-Core"", ""unfulfilled_request_t"": 0.0}, {""actual_arrival_month"": ""2039-04"", ""actual_delivery_share"": 1.0, ""availability_share"": 1.0, ""feasible_t"": 14.166666666666666, ""gross_delivery_t"": 14.166666666666666, ""order_month"": ""2038-04"", ""ordered_t"": 14.166666666666666, ""planned_arrival_month"": ""2039-04"", ""requested_t"": 14.166666666666666, ""shipment_id"": ""S0040"", ""source_id"": ""A"", ""source_name"": ""Earth-Core"", ""unfulfilled_request_t"": 0.0}, {""actual_arrival_month"": ""2039-05"", ""actual_delivery_share"": 1.0, ""availability_share"": 1.0, ""feasible_t"": 14.166666666666666, ""gross_delivery_t"": 14.166666666666666, ""order_month"": ""2038-05"", ""ordered_t"": 14.166666666666666, ""planned_arrival_month"": ""2039-05"", ""requested_t"": 14.166666666666666, ""shipment_id"": ""S0041"", ""source_id"": ""A"", ""source_name"": ""Earth-Core"", ""unfulfilled_request_t"": 0.0}, {""actual_arrival_month"": ""2039-06"", ""actual_delivery_share"": 1.0, ""availability_share"": 1.0, ""feasible_t"": 14.166666666666666, ""gross_delivery_t"": 14.166666666666666, ""order_month"": ""2038-06"", ""ordered_t"": 14.166666666666666, ""planned_arrival_month"": ""2039-06"", ""requested_t"": 14.166666666666666, ""shipment_id"": ""S0042"", ""source_id"": ""A"", ""source_name"": ""Earth-Core"", ""unfulfilled_request_t"": 0.0}, {""actual_arrival_month"": ""2039-07"", ""actual_delivery_share"": 1.0, ""availability_share"": 1.0, ""feasible_t"": 14.166666666666666, ""gross_delivery_t"": 14.166666666666666, ""order_month"": ""2038-07"", ""ordered_t"": 14.166666666666666, ""planned_arrival_month"": ""2039-07"", ""requested_t"": 14.166666666666666, ""shipment_id"": ""S0043"", ""source_id"": ""A"", ""source_name"": ""Earth-Core"", ""unfulfilled_request_t"": 0.0}, {""actual_arrival_month"": ""2039-08"", ""actual_delivery_share"": 1.0, ""availability_share"": 1.0, ""feasible_t"": 14.166666666666666, ""gross_delivery_t"": 14.166666666666666, ""order_month"": ""2038-08"", ""ordered_t"": 14.166666666666666, ""planned_arrival_month"": ""2039-08"", ""requested_t"": 14.166666666666666, ""shipment_id"": ""S0044"", ""source_id"": ""A"", ""source_name"": ""Earth-Core"", ""unfulfilled_request_t"": 0.0}, {""actual_arrival_month"": ""2039-09"", ""actual_delivery_share"": 1.0, ""availability_share"": 1.0, ""feasible_t"": 14.166666666666666, ""gross_delivery_t"": 14.166666666666666, ""order_month"": ""2038-09"", ""ordered_t"": 14.166666666666666, ""planned_arrival_month"": ""2039-09"", ""requested_t"": 14.166666666666666, ""shipment_id"": ""S0045"", ""source_id"": ""A"", ""source_name"": ""Earth-Core"", ""unfulfilled_request_t"": 0.0}, {""actual_arrival_month"": ""2039-10"", ""actual_delivery_share"": 1.0, ""availability_share"": 1.0, ""feasible_t"": 14.166666666666666, ""gross_delivery_t"": 14.166666666666666, ""order_month"": ""2038-10"", ""ordered_t"": 14.166666666666666, ""planned_arrival_month"": ""2039-10"", ""requested_t"": 14.166666666666666, ""shipment_id"": ""S0046"", ""source_id"": ""A"", ""source_name"": ""Earth-Core"", ""unfulfilled_request_t"": 0.0}, {""actual_arrival_month"": ""2039-11"", ""actual_delivery_share"": 1.0, ""availability_share"": 1.0, ""feasible_t"": 14.166666666666666, ""gross_delivery_t"": 14.166666666666666, ""order_month"": ""2038-11"", ""ordered_t"": 14.166666666666666, ""planned_arrival_month"": ""2039-11"", ""requested_t"": 14.166666666666666, ""shipment_id"": ""S0047"", ""source_id"": ""A"", ""source_name"": ""Earth-Core"", ""unfulfilled_request_t"": 0.0}, {""actual_arrival_month"": ""2039-12"", ""actual_delivery_share"": 1.0, ""availability_share"": 1.0, ""feasible_t"": 14.166666666666666, ""gross_delivery_t"": 14.166666666666666, ""order_month"": ""2038-12"", ""ordered_t"": 14.166666666666666, ""planned_arrival_month"": ""2039-12"", ""requested_t"": 14.166666666666666, ""shipment_id"": ""S0048"", ""source_id"": ""A"", ""source_name"": ""Earth-Core"", ""unfulfilled_request_t"": 0.0}, {""actual_arrival_month"": ""2039-01"", ""actual_delivery_share"": 1.0, ""availability_share"": 1.0, ""feasible_t"": 9.166666666666664, ""gross_delivery_t"": 9.166666666666664, ""order_month"": ""2038-09"", ""ordered_t"": 9.166666666666666, ""planned_arrival_month"": ""2039-01"", ""requested_t"": 9.166666666666666, ""shipment_id"": ""S0093"", ""source_id"": ""B"", ""source_name"": ""Earth-Flex"", ""unfulfilled_request_t"": 1.7763568394002505e-15}, {""actual_arrival_month"": ""2039-02"", ""actual_delivery_share"": 1.0, ""availability_share"": 1.0, ""feasible_t"": 9.166666666666664, ""gross_delivery_t"": 9.166666666666664, ""order_month"": ""2038-10"", ""ordered_t"": 9.166666666666666, ""planned_arrival_month"": ""2039-02"", ""requested_t"": 9.166666666666666, ""shipment_id"": ""S0094"", ""source_id"": ""B"", ""source_name"": ""Earth-Flex"", ""unfulfilled_request_t"": 1.7763568394002505e-15}, {""actual_arrival_month"": ""2039-03"", ""actual_delivery_share"": 1.0, ""availability_share"": 1.0, ""feasible_t"": 9.166666666666664, ""gross_delivery_t"": 9.166666666666664, ""order_month"": ""2038-11"", ""ordered_t"": 9.166666666666666, ""planned_arrival_month"": ""2039-03"", ""requested_t"": 9.166666666666666, ""shipment_id"": ""S0095"", ""source_id"": ""B"", ""source_name"": ""Earth-Flex"", ""unfulfilled_request_t"": 1.7763568394002505e-15}, {""actual_arrival_month"": ""2039-04"", ""actual_delivery_share"": 1.0, ""availability_share"": 1.0, ""feasible_t"": 9.166666666666664, ""gross_delivery_t"": 9.166666666666664, ""order_month"": ""2038-12"", ""ordered_t"": 9.166666666666666, ""planned_arrival_month"": ""2039-04"", ""requested_t"": 9.166666666666666, ""shipment_id"": ""S0096"", ""source_id"": ""B"", ""source_name"": ""Earth-Flex"", ""unfulfilled_request_t"": 1.7763568394002505e-15}, {""actual_arrival_month"": ""2039-01"", ""actual_delivery_share"": 1.0, ""availability_share"": 1.0, ""feasible_t"": 4.183333333333332, ""gross_delivery_t"": 4.183333333333332, ""order_month"": ""2038-11"", ""ordered_t"": 4.183333333333334, ""planned_arrival_month"": ""2039-01"", ""requested_t"": 4.183333333333334, ""shipment_id"": ""S0154"", ""source_id"": ""D"", ""source_name"": ""Lunar-ISRU"", ""unfulfilled_request_t"": 1.7763568394002505e-15}, {""actual_arrival_month"": ""2039-02"", ""actual_delivery_share"": 1.0, ""availability_share"": 1.0, ""feasible_t"": 4.183333333333332, ""gross_delivery_t"": 4.183333333333332, ""order_month"": ""2038-12"", ""ordered_t"": 4.183333333333334, ""planned_arrival_month"": ""2039-02"", ""requested_t"": 4.183333333333334, ""shipment_id"": ""S0155"", ""source_id"": ""D"", ""source_name"": ""Lunar-ISRU"", ""unfulfilled_request_t"": 1.7763568394002505e-15}]","{""A"": 13.333333333333334, ""B"": 9.166666666666664, ""C"": 5.0, ""D"": 4.183333333333332}","{""A"": 0.0, ""B"": 9.166666666666664, ""C"": 5.0, ""D"": 4.183333333333332}",18.349999999999994,0.22019999999999992,18.129799999999996,18.129799999999996,0.0,18.129799999999996,14.166666666666666,3.96313333333333,0.0,2.7035333333333362,0.0,ZBO,120.0,0.012,"[""ZBO"", ""EARTH_NEW"", ""LUNAR_ISRU""]",0.0,6.833333333333333,[]
2039-01,0.0,26.666666666666668,17.5,"{""A"": 180.0, ""B"": 0, ""C"": 80.0, ""D"": 89.3, ""E"": 0}","{""A"": 15.0, ""C"": 6.6666666667, ""D"": 7.441666666666666}","[{""actual_arrival_month"": ""2039-02"", ""actual_delivery_share"": 1.0, ""availability_share"": 1.0, ""feasible_t"": 14.166666666666666, ""gross_delivery_t"": 14.166666666666666, ""order_month"": ""2038-02"", ""ordered_t"": 14.166666666666666, ""planned_arrival_month"": ""2039-02"", ""requested_t"": 14.166666666666666, ""shipment_id"": ""S0038"", ""source_id"": ""A"", ""source_name"": ""Earth-Core"", ""unfulfilled_request_t"": 0.0}, {""actual_arrival_month"": ""2039-03"", ""actual_delivery_share"": 1.0, ""availability_share"": 1.0, ""feasible_t"": 14.166666666666666, ""gross_delivery_t"": 14.166666666666666, ""order_month"": ""2038-03"", ""ordered_t"": 14.166666666666666, ""planned_arrival_month"": ""2039-03"", ""requested_t"": 14.166666666666666, ""shipment_id"": ""S0039"", ""source_id"": ""A"", ""source_name"": ""Earth-Core"", ""unfulfilled_request_t"": 0.0}, {""actual_arrival_month"": ""2039-04"", ""actual_delivery_share"": 1.0, ""availability_share"": 1.0, ""feasible_t"": 14.166666666666666, ""gross_delivery_t"": 14.166666666666666, ""order_month"": ""2038-04"", ""ordered_t"": 14.166666666666666, ""planned_arrival_month"": ""2039-04"", ""requested_t"": 14.166666666666666, ""shipment_id"": ""S0040"", ""source_id"": ""A"", ""source_name"": ""Earth-Core"", ""unfulfilled_request_t"": 0.0}, {""actual_arrival_month"": ""2039-05"", ""actual_delivery_share"": 1.0, ""availability_share"": 1.0, ""feasible_t"": 14.166666666666666, ""gross_delivery_t"": 14.166666666666666, ""order_month"": ""2038-05"", ""ordered_t"": 14.166666666666666, ""planned_arrival_month"": ""2039-05"", ""requested_t"": 14.166666666666666, ""shipment_id"": ""S0041"", ""source_id"": ""A"", ""source_name"": ""Earth-Core"", ""unfulfilled_request_t"": 0.0}, {""actual_arrival_month"": ""2039-06"", ""actual_delivery_share"": 1.0, ""availability_share"": 1.0, ""feasible_t"": 14.166666666666666, ""gross_delivery_t"": 14.166666666666666, ""order_month"": ""2038-06"", ""ordered_t"": 14.166666666666666, ""planned_arrival_month"": ""2039-06"", ""requested_t"": 14.166666666666666, ""shipment_id"": ""S0042"", ""source_id"": ""A"", ""source_name"": ""Earth-Core"", ""unfulfilled_request_t"": 0.0}, {""actual_arrival_month"": ""2039-07"", ""actual_delivery_share"": 1.0, ""availability_share"": 1.0, ""feasible_t"": 14.166666666666666, ""gross_delivery_t"": 14.166666666666666, ""order_month"": ""2038-07"", ""ordered_t"": 14.166666666666666, ""planned_arrival_month"": ""2039-07"", ""requested_t"": 14.166666666666666, ""shipment_id"": ""S0043"", ""source_id"": ""A"", ""source_name"": ""Earth-Core"", ""unfulfilled_request_t"": 0.0}, {""actual_arrival_month"": ""2039-08"", ""actual_delivery_share"": 1.0, ""availability_share"": 1.0, ""feasible_t"": 14.166666666666666, ""gross_delivery_t"": 14.166666666666666, ""order_month"": ""2038-08"", ""ordered_t"": 14.166666666666666, ""planned_arrival_month"": ""2039-08"", ""requested_t"": 14.166666666666666, ""shipment_id"": ""S0044"", ""source_id"": ""A"", ""source_name"": ""Earth-Core"", ""unfulfilled_request_t"": 0.0}, {""actual_arrival_month"": ""2039-09"", ""actual_delivery_share"": 1.0, ""availability_share"": 1.0, ""feasible_t"": 14.166666666666666, ""gross_delivery_t"": 14.166666666666666, ""order_month"": ""2038-09"", ""ordered_t"": 14.166666666666666, ""planned_arrival_month"": ""2039-09"", ""requested_t"": 14.166666666666666, ""shipment_id"": ""S0045"", ""source_id"": ""A"", ""source_name"": ""Earth-Core"", ""unfulfilled_request_t"": 0.0}, {""actual_arrival_month"": ""2039-10"", ""actual_delivery_share"": 1.0, ""availability_share"": 1.0, ""feasible_t"": 14.166666666666666, ""gross_delivery_t"": 14.166666666666666, ""order_month"": ""2038-10"", ""ordered_t"": 14.166666666666666, ""planned_arrival_month"": ""2039-10"", ""requested_t"": 14.166666666666666, ""shipment_id"": ""S0046"", ""source_id"": ""A"", ""source_name"": ""Earth-Core"", ""unfulfilled_request_t"": 0.0}, {""actual_arrival_month"": ""2039-11"", ""actual_delivery_share"": 1.0, ""availability_share"": 1.0, ""feasible_t"": 14.166666666666666, ""gross_delivery_t"": 14.166666666666666, ""order_month"": ""2038-11"", ""ordered_t"": 14.166666666666666, ""planned_arrival_month"": ""2039-11"", ""requested_t"": 14.166666666666666, ""shipment_id"": ""S0047"", ""source_id"": ""A"", ""source_name"": ""Earth-Core"", ""unfulfilled_request_t"": 0.0}, {""actual_arrival_month"": ""2039-12"", ""actual_delivery_share"": 1.0, ""availability_share"": 1.0, ""feasible_t"": 14.166666666666666, ""gross_delivery_t"": 14.166666666666666, ""order_month"": ""2038-12"", ""ordered_t"": 14.166666666666666, ""planned_arrival_month"": ""2039-12"", ""requested_t"": 14.166666666666666, ""shipment_id"": ""S0048"", ""source_id"": ""A"", ""source_name"": ""Earth-Core"", ""unfulfilled_request_t"": 0.0}, {""actual_arrival_month"": ""2040-01"", ""actual_delivery_share"": 1.0, ""availability_share"": 1.0, ""feasible_t"": 15.0, ""gross_delivery_t"": 15.0, ""order_month"": ""2039-01"", ""ordered_t"": 15.0, ""planned_arrival_month"": ""2040-01"", ""requested_t"": 15.0, ""shipment_id"": ""S0049"", ""source_id"": ""A"", ""source_name"": ""Earth-Core"", ""unfulfilled_request_t"": 0.0}, {""actual_arrival_month"": ""2039-02"", ""actual_delivery_share"": 1.0, ""availability_share"": 1.0, ""feasible_t"": 9.166666666666664, ""gross_delivery_t"": 9.166666666666664, ""order_month"": ""2038-10"", ""ordered_t"": 9.166666666666666, ""planned_arrival_month"": ""2039-02"", ""requested_t"": 9.166666666666666, ""shipment_id"": ""S0094"", ""source_id"": ""B"", ""source_name"": ""Earth-Flex"", ""unfulfilled_request_t"": 1.7763568394002505e-15}, {""actual_arrival_month"": ""2039-03"", ""actual_delivery_share"": 1.0, ""availability_share"": 1.0, ""feasible_t"": 9.166666666666664, ""gross_delivery_t"": 9.166666666666664, ""order_month"": ""2038-11"", ""ordered_t"": 9.166666666666666, ""planned_arrival_month"": ""2039-03"", ""requested_t"": 9.166666666666666, ""shipment_id"": ""S0095"", ""source_id"": ""B"", ""source_name"": ""Earth-Flex"", ""unfulfilled_request_t"": 1.7763568394002505e-15}, {""actual_arrival_month"": ""2039-04"", ""actual_delivery_share"": 1.0, ""availability_share"": 1.0, ""feasible_t"": 9.166666666666664, ""gross_delivery_t"": 9.166666666666664, ""order_month"": ""2038-12"", ""ordered_t"": 9.166666666666666, ""planned_arrival_month"": ""2039-04"", ""requested_t"": 9.166666666666666, ""shipment_id"": ""S0096"", ""source_id"": ""B"", ""source_name"": ""Earth-Flex"", ""unfulfilled_request_t"": 1.7763568394002505e-15}, {""actual_arrival_month"": ""2039-02"", ""actual_delivery_share"": 1.0, ""availability_share"": 1.0, ""feasible_t"": 4.183333333333332, ""gross_delivery_t"": 4.183333333333332, ""order_month"": ""2038-12"", ""ordered_t"": 4.183333333333334, ""planned_arrival_month"": ""2039-02"", ""requested_t"": 4.183333333333334, ""shipment_id"": ""S0155"", ""source_id"": ""D"", ""source_name"": ""Lunar-ISRU"", ""unfulfilled_request_t"": 1.7763568394002505e-15}, {""actual_arrival_month"": ""2039-03"", ""actual_delivery_share"": 1.0, ""availability_share"": 1.0, ""feasible_t"": 7.441666666666666, ""gross_delivery_t"": 7.441666666666666, ""order_month"": ""2039-01"", ""ordered_t"": 7.441666666666666, ""planned_arrival_month"": ""2039-03"", ""requested_t"": 7.441666666666666, ""shipment_id"": ""S0156"", ""source_id"": ""D"", ""source_name"": ""Lunar-ISRU"", ""unfulfilled_request_t"": 0.0}]","{""A"": 14.166666666666666, ""B"": 9.166666666666664, ""C"": 6.666666666666666, ""D"": 4.183333333333332}","{""A"": 14.166666666666666, ""B"": 9.166666666666664, ""C"": 6.666666666666666, ""D"": 4.183333333333332}",34.18333333333332,0.4101999999999999,33.77313333333332,33.77313333333332,0.0,33.77313333333332,17.5,9.166666666666668,0.0,0.0,7.106466666666652,ZBO,120.0,0.012,"[""ZBO"", ""EARTH_NEW"", ""LUNAR_ISRU""]",0.21319399999999955,6.833333333333333,"[""RESERVE_45D""]"
2039-02,7.106466666666652,26.666666666666668,17.5,"{""A"": 180.0, ""B"": 0, ""C"": 80.0, ""D"": 89.3, ""E"": 0}","{""A"": 15.0, ""C"": 6.6666666667, ""D"": 7.441666666666666}","[{""actual_arrival_month"": ""2039-03"", ""actual_delivery_share"": 1.0, ""availability_share"": 1.0, ""feasible_t"": 14.166666666666666, ""gross_delivery_t"": 14.166666666666666, ""order_month"": ""2038-03"", ""ordered_t"": 14.166666666666666, ""planned_arrival_month"": ""2039-03"", ""requested_t"": 14.166666666666666, ""shipment_id"": ""S0039"", ""source_id"": ""A"", ""source_name"": ""Earth-Core"", ""unfulfilled_request_t"": 0.0}, {""actual_arrival_month"": ""2039-04"", ""actual_delivery_share"": 1.0, ""availability_share"": 1.0, ""feasible_t"": 14.166666666666666, ""gross_delivery_t"": 14.166666666666666, ""order_month"": ""2038-04"", ""ordered_t"": 14.166666666666666, ""planned_arrival_month"": ""2039-04"", ""requested_t"": 14.166666666666666, ""shipment_id"": ""S0040"", ""source_id"": ""A"", ""source_name"": ""Earth-Core"", ""unfulfilled_request_t"": 0.0}, {""actual_arrival_month"": ""2039-05"", ""actual_delivery_share"": 1.0, ""availability_share"": 1.0, ""feasible_t"": 14.166666666666666, ""gross_delivery_t"": 14.166666666666666, ""order_month"": ""2038-05"", ""ordered_t"": 14.166666666666666, ""planned_arrival_month"": ""2039-05"", ""requested_t"": 14.166666666666666, ""shipment_id"": ""S0041"", ""source_id"": ""A"", ""source_name"": ""Earth-Core"", ""unfulfilled_request_t"": 0.0}, {""actual_arrival_month"": ""2039-06"", ""actual_delivery_share"": 1.0, ""availability_share"": 1.0, ""feasible_t"": 14.166666666666666, ""gross_delivery_t"": 14.166666666666666, ""order_month"": ""2038-06"", ""ordered_t"": 14.166666666666666, ""planned_arrival_month"": ""2039-06"", ""requested_t"": 14.166666666666666, ""shipment_id"": ""S0042"", ""source_id"": ""A"", ""source_name"": ""Earth-Core"", ""unfulfilled_request_t"": 0.0}, {""actual_arrival_month"": ""2039-07"", ""actual_delivery_share"": 1.0, ""availability_share"": 1.0, ""feasible_t"": 14.166666666666666, ""gross_delivery_t"": 14.166666666666666, ""order_month"": ""2038-07"", ""ordered_t"": 14.166666666666666, ""planned_arrival_month"": ""2039-07"", ""requested_t"": 14.166666666666666, ""shipment_id"": ""S0043"", ""source_id"": ""A"", ""source_name"": ""Earth-Core"", ""unfulfilled_request_t"": 0.0}, {""actual_arrival_month"": ""2039-08"", ""actual_delivery_share"": 1.0, ""availability_share"": 1.0, ""feasible_t"": 14.166666666666666, ""gross_delivery_t"": 14.166666666666666, ""order_month"": ""2038-08"", ""ordered_t"": 14.166666666666666, ""planned_arrival_month"": ""2039-08"", ""requested_t"": 14.166666666666666, ""shipment_id"": ""S0044"", ""source_id"": ""A"", ""source_name"": ""Earth-Core"", ""unfulfilled_request_t"": 0.0}, {""actual_arrival_month"": ""2039-09"", ""actual_delivery_share"": 1.0, ""availability_share"": 1.0, ""feasible_t"": 14.166666666666666, ""gross_delivery_t"": 14.166666666666666, ""order_month"": ""2038-09"", ""ordered_t"": 14.166666666666666, ""planned_arrival_month"": ""2039-09"", ""requested_t"": 14.166666666666666, ""shipment_id"": ""S0045"", ""source_id"": ""A"", ""source_name"": ""Earth-Core"", ""unfulfilled_request_t"": 0.0}, {""actual_arrival_month"": ""2039-10"", ""actual_delivery_share"": 1.0, ""availability_share"": 1.0, ""feasible_t"": 14.166666666666666, ""gross_delivery_t"": 14.166666666666666, ""order_month"": ""2038-10"", ""ordered_t"": 14.166666666666666, ""planned_arrival_month"": ""2039-10"", ""requested_t"": 14.166666666666666, ""shipment_id"": ""S0046"", ""source_id"": ""A"", ""source_name"": ""Earth-Core"", ""unfulfilled_request_t"": 0.0}, {""actual_arrival_month"": ""2039-11"", ""actual_delivery_share"": 1.0, ""availability_share"": 1.0, ""feasible_t"": 14.166666666666666, ""gross_delivery_t"": 14.166666666666666, ""order_month"": ""2038-11"", ""ordered_t"": 14.166666666666666, ""planned_arrival_month"": ""2039-11"", ""requested_t"": 14.166666666666666, ""shipment_id"": ""S0047"", ""source_id"": ""A"", ""source_name"": ""Earth-Core"", ""unfulfilled_request_t"": 0.0}, {""actual_arrival_month"": ""2039-12"", ""actual_delivery_share"": 1.0, ""availability_share"": 1.0, ""feasible_t"": 14.166666666666666, ""gross_delivery_t"": 14.166666666666666, ""order_month"": ""2038-12"", ""ordered_t"": 14.166666666666666, ""planned_arrival_month"": ""2039-12"", ""requested_t"": 14.166666666666666, ""shipment_id"": ""S0048"", ""source_id"": ""A"", ""source_name"": ""Earth-Core"", ""unfulfilled_request_t"": 0.0}, {""actual_arrival_month"": ""2040-01"", ""actual_delivery_share"": 1.0, ""availability_share"": 1.0, ""feasible_t"": 15.0, ""gross_delivery_t"": 15.0, ""order_month"": ""2039-01"", ""ordered_t"": 15.0, ""planned_arrival_month"": ""2040-01"", ""requested_t"": 15.0, ""shipment_id"": ""S0049"", ""source_id"": ""A"", ""source_name"": ""Earth-Core"", ""unfulfilled_request_t"": 0.0}, {""actual_arrival_month"": ""2040-02"", ""actual_delivery_share"": 1.0, ""availability_share"": 1.0, ""feasible_t"": 15.0, ""gross_delivery_t"": 15.0, ""order_month"": ""2039-02"", ""ordered_t"": 15.0, ""planned_arrival_month"": ""2040-02"", ""requested_t"": 15.0, ""shipment_id"": ""S0050"", ""source_id"": ""A"", ""source_name"": ""Earth-Core"", ""unfulfilled_request_t"": 0.0}, {""actual_arrival_month"": ""2039-03"", ""actual_delivery_share"": 1.0, ""availability_share"": 1.0, ""feasible_t"": 9.166666666666664, ""gross_delivery_t"": 9.166666666666664, ""order_month"": ""2038-11"", ""ordered_t"": 9.166666666666666, ""planned_arrival_month"": ""2039-03"", ""requested_t"": 9.166666666666666, ""shipment_id"": ""S0095"", ""source_id"": ""B"", ""source_name"": ""Earth-Flex"", ""unfulfilled_request_t"": 1.7763568394002505e-15}, {""actual_arrival_month"": ""2039-04"", ""actual_delivery_share"": 1.0, ""availability_share"": 1.0, ""feasible_t"": 9.166666666666664, ""gross_delivery_t"": 9.166666666666664, ""order_month"": ""2038-12"", ""ordered_t"": 9.166666666666666, ""planned_arrival_month"": ""2039-04"", ""requested_t"": 9.166666666666666, ""shipment_id"": ""S0096"", ""source_id"": ""B"", ""source_name"": ""Earth-Flex"", ""unfulfilled_request_t"": 1.7763568394002505e-15}, {""actual_arrival_month"": ""2039-03"", ""actual_delivery_share"": 1.0, ""availability_share"": 1.0, ""feasible_t"": 7.441666666666666, ""gross_delivery_t"": 7.441666666666666, ""order_month"": ""2039-01"", ""ordered_t"": 7.441666666666666, ""planned_arrival_month"": ""2039-03"", ""requested_t"": 7.441666666666666, ""shipment_id"": ""S0156"", ""source_id"": ""D"", ""source_name"": ""Lunar-ISRU"", ""unfulfilled_request_t"": 0.0}, {""actual_arrival_month"": ""2039-04"", ""actual_delivery_share"": 1.0, ""availability_share"": 1.0, ""feasible_t"": 7.441666666666666, ""gross_delivery_t"": 7.441666666666666, ""order_month"": ""2039-02"", ""ordered_t"": 7.441666666666666, ""planned_arrival_month"": ""2039-04"", ""requested_t"": 7.441666666666666, ""shipment_id"": ""S0157"", ""source_id"": ""D"", ""source_name"": ""Lunar-ISRU"", ""unfulfilled_request_t"": 0.0}]","{""A"": 14.166666666666666, ""B"": 9.166666666666664, ""C"": 6.666666666666666, ""D"": 4.183333333333332}","{""A"": 14.166666666666666, ""B"": 9.166666666666664, ""C"": 6.666666666666666, ""D"": 4.183333333333332}",34.18333333333332,0.4101999999999999,33.77313333333332,33.77313333333332,0.0,40.87959999999997,17.5,9.166666666666668,0.0,0.0,14.2129333333333,ZBO,120.0,0.012,"[""ZBO"", ""EARTH_NEW"", ""LUNAR_ISRU""]",0.6395819999999985,6.833333333333333,[]
2039-03,14.2129333333333,26.666666666666668,17.5,"{""A"": 180.0, ""B"": 0, ""C"": 80.0, ""D"": 89.3, ""E"": 0}","{""A"": 15.0, ""C"": 6.6666666667, ""D"": 7.441666666666666}","[{""actual_arrival_month"": ""2039-04"", ""actual_delivery_share"": 1.0, ""availability_share"": 1.0, ""feasible_t"": 14.166666666666666, ""gross_delivery_t"": 14.166666666666666, ""order_month"": ""2038-04"", ""ordered_t"": 14.166666666666666, ""planned_arrival_month"": ""2039-04"", ""requested_t"": 14.166666666666666, ""shipment_id"": ""S0040"", ""source_id"": ""A"", ""source_name"": ""Earth-Core"", ""unfulfilled_request_t"": 0.0}, {""actual_arrival_month"": ""2039-05"", ""actual_delivery_share"": 1.0, ""availability_share"": 1.0, ""feasible_t"": 14.166666666666666, ""gross_delivery_t"": 14.166666666666666, ""order_month"": ""2038-05"", ""ordered_t"": 14.166666666666666, ""planned_arrival_month"": ""2039-05"", ""requested_t"": 14.166666666666666, ""shipment_id"": ""S0041"", ""source_id"": ""A"", ""source_name"": ""Earth-Core"", ""unfulfilled_request_t"": 0.0}, {""actual_arrival_month"": ""2039-06"", ""actual_delivery_share"": 1.0, ""availability_share"": 1.0, ""feasible_t"": 14.166666666666666, ""gross_delivery_t"": 14.166666666666666, ""order_month"": ""2038-06"", ""ordered_t"": 14.166666666666666, ""planned_arrival_month"": ""2039-06"", ""requested_t"": 14.166666666666666, ""shipment_id"": ""S0042"", ""source_id"": ""A"", ""source_name"": ""Earth-Core"", ""unfulfilled_request_t"": 0.0}, {""actual_arrival_month"": ""2039-07"", ""actual_delivery_share"": 1.0, ""availability_share"": 1.0, ""feasible_t"": 14.166666666666666, ""gross_delivery_t"": 14.166666666666666, ""order_month"": ""2038-07"", ""ordered_t"": 14.166666666666666, ""planned_arrival_month"": ""2039-07"", ""requested_t"": 14.166666666666666, ""shipment_id"": ""S0043"", ""source_id"": ""A"", ""source_name"": ""Earth-Core"", ""unfulfilled_request_t"": 0.0}, {""actual_arrival_month"": ""2039-08"", ""actual_delivery_share"": 1.0, ""availability_share"": 1.0, ""feasible_t"": 14.166666666666666, ""gross_delivery_t"": 14.166666666666666, ""order_month"": ""2038-08"", ""ordered_t"": 14.166666666666666, ""planned_arrival_month"": ""2039-08"", ""requested_t"": 14.166666666666666, ""shipment_id"": ""S0044"", ""source_id"": ""A"", ""source_name"": ""Earth-Core"", ""unfulfilled_request_t"": 0.0}, {""actual_arrival_month"": ""2039-09"", ""actual_delivery_share"": 1.0, ""availability_share"": 1.0, ""feasible_t"": 14.166666666666666, ""gross_delivery_t"": 14.166666666666666, ""order_month"": ""2038-09"", ""ordered_t"": 14.166666666666666, ""planned_arrival_month"": ""2039-09"", ""requested_t"": 14.166666666666666, ""shipment_id"": ""S0045"", ""source_id"": ""A"", ""source_name"": ""Earth-Core"", ""unfulfilled_request_t"": 0.0}, {""actual_arrival_month"": ""2039-10"", ""actual_delivery_share"": 1.0, ""availability_share"": 1.0, ""feasible_t"": 14.166666666666666, ""gross_delivery_t"": 14.166666666666666, ""order_month"": ""2038-10"", ""ordered_t"": 14.166666666666666, ""planned_arrival_month"": ""2039-10"", ""requested_t"": 14.166666666666666, ""shipment_id"": ""S0046"", ""source_id"": ""A"", ""source_name"": ""Earth-Core"", ""unfulfilled_request_t"": 0.0}, {""actual_arrival_month"": ""2039-11"", ""actual_delivery_share"": 1.0, ""availability_share"": 1.0, ""feasible_t"": 14.166666666666666, ""gross_delivery_t"": 14.166666666666666, ""order_month"": ""2038-11"", ""ordered_t"": 14.166666666666666, ""planned_arrival_month"": ""2039-11"", ""requested_t"": 14.166666666666666, ""shipment_id"": ""S0047"", ""source_id"": ""A"", ""source_name"": ""Earth-Core"", ""unfulfilled_request_t"": 0.0}, {""actual_arrival_month"": ""2039-12"", ""actual_delivery_share"": 1.0, ""availability_share"": 1.0, ""feasible_t"": 14.166666666666666, ""gross_delivery_t"": 14.166666666666666, ""order_month"": ""2038-12"", ""ordered_t"": 14.166666666666666, ""planned_arrival_month"": ""2039-12"", ""requested_t"": 14.166666666666666, ""shipment_id"": ""S0048"", ""source_id"": ""A"", ""source_name"": ""Earth-Core"", ""unfulfilled_request_t"": 0.0}, {""actual_arrival_month"": ""2040-01"", ""actual_delivery_share"": 1.0, ""availability_share"": 1.0, ""feasible_t"": 15.0, ""gross_delivery_t"": 15.0, ""order_month"": ""2039-01"", ""ordered_t"": 15.0, ""planned_arrival_month"": ""2040-01"", ""requested_t"": 15.0, ""shipment_id"": ""S0049"", ""source_id"": ""A"", ""source_name"": ""Earth-Core"", ""unfulfilled_request_t"": 0.0}, {""actual_arrival_month"": ""2040-02"", ""actual_delivery_share"": 1.0, ""availability_share"": 1.0, ""feasible_t"": 15.0, ""gross_delivery_t"": 15.0, ""order_month"": ""2039-02"", ""ordered_t"": 15.0, ""planned_arrival_month"": ""2040-02"", ""requested_t"": 15.0, ""shipment_id"": ""S0050"", ""source_id"": ""A"", ""source_name"": ""Earth-Core"", ""unfulfilled_request_t"": 0.0}, {""actual_arrival_month"": ""2040-03"", ""actual_delivery_share"": 1.0, ""availability_share"": 1.0, ""feasible_t"": 15.0, ""gross_delivery_t"": 15.0, ""order_month"": ""2039-03"", ""ordered_t"": 15.0, ""planned_arrival_month"": ""2040-03"", ""requested_t"": 15.0, ""shipment_id"": ""S0051"", ""source_id"": ""A"", ""source_name"": ""Earth-Core"", ""unfulfilled_request_t"": 0.0}, {""actual_arrival_month"": ""2039-04"", ""actual_delivery_share"": 1.0, ""availability_share"": 1.0, ""feasible_t"": 9.166666666666664, ""gross_delivery_t"": 9.166666666666664, ""order_month"": ""2038-12"", ""ordered_t"": 9.166666666666666, ""planned_arrival_month"": ""2039-04"", ""requested_t"": 9.166666666666666, ""shipment_id"": ""S0096"", ""source_id"": ""B"", ""source_name"": ""Earth-Flex"", ""unfulfilled_request_t"": 1.7763568394002505e-15}, {""actual_arrival_month"": ""2039-04"", ""actual_delivery_share"": 1.0, ""availability_share"": 1.0, ""feasible_t"": 7.441666666666666, ""gross_delivery_t"": 7.441666666666666, ""order_month"": ""2039-02"", ""ordered_t"": 7.441666666666666, ""planned_arrival_month"": ""2039-04"", ""requested_t"": 7.441666666666666, ""shipment_id"": ""S0157"", ""source_id"": ""D"", ""source_name"": ""Lunar-ISRU"", ""unfulfilled_request_t"": 0.0}, {""actual_arrival_month"": ""2039-05"", ""actual_delivery_share"": 1.0, ""availability_share"": 1.0, ""feasible_t"": 7.441666666666666, ""gross_delivery_t"": 7.441666666666666, ""order_month"": ""2039-03"", ""ordered_t"": 7.441666666666666, ""planned_arrival_month"": ""2039-05"", ""requested_t"": 7.441666666666666, ""shipment_id"": ""S0158"", ""source_id"": ""D"", ""source_name"": ""Lunar-ISRU"", ""unfulfilled_request_t"": 0.0}]","{""A"": 14.166666666666666, ""B"": 9.166666666666664, ""C"": 6.666666666666666, ""D"": 7.441666666666666}","{""A"": 14.166666666666666, ""B"": 9.166666666666664, ""C"": 6.666666666666666, ""D"": 7.441666666666666}",37.44166666666666,0.4493,36.99236666666666,36.99236666666666,0.0,51.205299999999966,17.5,9.166666666666668,0.0,0.0,24.538633333333298,ZBO,120.0,0.012,"[""ZBO"", ""EARTH_NEW"", ""LUNAR_ISRU""]",1.162546999999998,6.833333333333333,[]
2039-04,24.538633333333298,26.666666666666668,17.5,"{""A"": 180.0, ""B"": 0, ""C"": 80.0, ""D"": 89.3, ""E"": 0}","{""A"": 15.0, ""C"": 6.6666666667, ""D"": 7.441666666666666}","[{""actual_arrival_month"": ""2039-05"", ""actual_delivery_share"": 1.0, ""availability_share"": 1.0, ""feasible_t"": 14.166666666666666, ""gross_delivery_t"": 14.166666666666666, ""order_month"": ""2038-05"", ""ordered_t"": 14.166666666666666, ""planned_arrival_month"": ""2039-05"", ""requested_t"": 14.166666666666666, ""shipment_id"": ""S0041"", ""source_id"": ""A"", ""source_name"": ""Earth-Core"", ""unfulfilled_request_t"": 0.0}, {""actual_arrival_month"": ""2039-06"", ""actual_delivery_share"": 1.0, ""availability_share"": 1.0, ""feasible_t"": 14.166666666666666, ""gross_delivery_t"": 14.166666666666666, ""order_month"": ""2038-06"", ""ordered_t"": 14.166666666666666, ""planned_arrival_month"": ""2039-06"", ""requested_t"": 14.166666666666666, ""shipment_id"": ""S0042"", ""source_id"": ""A"", ""source_name"": ""Earth-Core"", ""unfulfilled_request_t"": 0.0}, {""actual_arrival_month"": ""2039-07"", ""actual_delivery_share"": 1.0, ""availability_share"": 1.0, ""feasible_t"": 14.166666666666666, ""gross_delivery_t"": 14.166666666666666, ""order_month"": ""2038-07"", ""ordered_t"": 14.166666666666666, ""planned_arrival_month"": ""2039-07"", ""requested_t"": 14.166666666666666, ""shipment_id"": ""S0043"", ""source_id"": ""A"", ""source_name"": ""Earth-Core"", ""unfulfilled_request_t"": 0.0}, {""actual_arrival_month"": ""2039-08"", ""actual_delivery_share"": 1.0, ""availability_share"": 1.0, ""feasible_t"": 14.166666666666666, ""gross_delivery_t"": 14.166666666666666, ""order_month"": ""2038-08"", ""ordered_t"": 14.166666666666666, ""planned_arrival_month"": ""2039-08"", ""requested_t"": 14.166666666666666, ""shipment_id"": ""S0044"", ""source_id"": ""A"", ""source_name"": ""Earth-Core"", ""unfulfilled_request_t"": 0.0}, {""actual_arrival_month"": ""2039-09"", ""actual_delivery_share"": 1.0, ""availability_share"": 1.0, ""feasible_t"": 14.166666666666666, ""gross_delivery_t"": 14.166666666666666, ""order_month"": ""2038-09"", ""ordered_t"": 14.166666666666666, ""planned_arrival_month"": ""2039-09"", ""requested_t"": 14.166666666666666, ""shipment_id"": ""S0045"", ""source_id"": ""A"", ""source_name"": ""Earth-Core"", ""unfulfilled_request_t"": 0.0}, {""actual_arrival_month"": ""2039-10"", ""actual_delivery_share"": 1.0, ""availability_share"": 1.0, ""feasible_t"": 14.166666666666666, ""gross_delivery_t"": 14.166666666666666, ""order_month"": ""2038-10"", ""ordered_t"": 14.166666666666666, ""planned_arrival_month"": ""2039-10"", ""requested_t"": 14.166666666666666, ""shipment_id"": ""S0046"", ""source_id"": ""A"", ""source_name"": ""Earth-Core"", ""unfulfilled_request_t"": 0.0}, {""actual_arrival_month"": ""2039-11"", ""actual_delivery_share"": 1.0, ""availability_share"": 1.0, ""feasible_t"": 14.166666666666666, ""gross_delivery_t"": 14.166666666666666, ""order_month"": ""2038-11"", ""ordered_t"": 14.166666666666666, ""planned_arrival_month"": ""2039-11"", ""requested_t"": 14.166666666666666, ""shipment_id"": ""S0047"", ""source_id"": ""A"", ""source_name"": ""Earth-Core"", ""unfulfilled_request_t"": 0.0}, {""actual_arrival_month"": ""2039-12"", ""actual_delivery_share"": 1.0, ""availability_share"": 1.0, ""feasible_t"": 14.166666666666666, ""gross_delivery_t"": 14.166666666666666, ""order_month"": ""2038-12"", ""ordered_t"": 14.166666666666666, ""planned_arrival_month"": ""2039-12"", ""requested_t"": 14.166666666666666, ""shipment_id"": ""S0048"", ""source_id"": ""A"", ""source_name"": ""Earth-Core"", ""unfulfilled_request_t"": 0.0}, {""actual_arrival_month"": ""2040-01"", ""actual_delivery_share"": 1.0, ""availability_share"": 1.0, ""feasible_t"": 15.0, ""gross_delivery_t"": 15.0, ""order_month"": ""2039-01"", ""ordered_t"": 15.0, ""planned_arrival_month"": ""2040-01"", ""requested_t"": 15.0, ""shipment_id"": ""S0049"", ""source_id"": ""A"", ""source_name"": ""Earth-Core"", ""unfulfilled_request_t"": 0.0}, {""actual_arrival_month"": ""2040-02"", ""actual_delivery_share"": 1.0, ""availability_share"": 1.0, ""feasible_t"": 15.0, ""gross_delivery_t"": 15.0, ""order_month"": ""2039-02"", ""ordered_t"": 15.0, ""planned_arrival_month"": ""2040-02"", ""requested_t"": 15.0, ""shipment_id"": ""S0050"", ""source_id"": ""A"", ""source_name"": ""Earth-Core"", ""unfulfilled_request_t"": 0.0}, {""actual_arrival_month"": ""2040-03"", ""actual_delivery_share"": 1.0, ""availability_share"": 1.0, ""feasible_t"": 15.0, ""gross_delivery_t"": 15.0, ""order_month"": ""2039-03"", ""ordered_t"": 15.0, ""planned_arrival_month"": ""2040-03"", ""requested_t"": 15.0, ""shipment_id"": ""S0051"", ""source_id"": ""A"", ""source_name"": ""Earth-Core"", ""unfulfilled_request_t"": 0.0}, {""actual_arrival_month"": ""2040-04"", ""actual_delivery_share"": 1.0, ""availability_share"": 1.0, ""feasible_t"": 15.0, ""gross_delivery_t"": 15.0, ""order_month"": ""2039-04"", ""ordered_t"": 15.0, ""planned_arrival_month"": ""2040-04"", ""requested_t"": 15.0, ""shipment_id"": ""S0052"", ""source_id"": ""A"", ""source_name"": ""Earth-Core"", ""unfulfilled_request_t"": 0.0}, {""actual_arrival_month"": ""2039-05"", ""actual_delivery_share"": 1.0, ""availability_share"": 1.0, ""feasible_t"": 7.441666666666666, ""gross_delivery_t"": 7.441666666666666, ""order_month"": ""2039-03"", ""ordered_t"": 7.441666666666666, ""planned_arrival_month"": ""2039-05"", ""requested_t"": 7.441666666666666, ""shipment_id"": ""S0158"", ""source_id"": ""D"", ""source_name"": ""Lunar-ISRU"", ""unfulfilled_request_t"": 0.0}, {""actual_arrival_month"": ""2039-06"", ""actual_delivery_share"": 1.0, ""availability_share"": 1.0, ""feasible_t"": 7.441666666666666, ""gross_delivery_t"": 7.441666666666666, ""order_month"": ""2039-04"", ""ordered_t"": 7.441666666666666, ""planned_arrival_month"": ""2039-06"", ""requested_t"": 7.441666666666666, ""shipment_id"": ""S0159"", ""source_id"": ""D"", ""source_name"": ""Lunar-ISRU"", ""unfulfilled_request_t"": 0.0}]","{""A"": 14.166666666666666, ""B"": 9.166666666666664, ""C"": 6.666666666666666, ""D"": 7.441666666666666}","{""A"": 14.166666666666666, ""B"": 9.166666666666664, ""C"": 6.666666666666666, ""D"": 7.441666666666666}",37.44166666666666,0.4493,36.99236666666666,36.99236666666666,0.0,61.53099999999996,17.5,9.166666666666668,0.0,0.0,34.86433333333329,ZBO,120.0,0.012,"[""ZBO"", ""EARTH_NEW"", ""LUNAR_ISRU""]",1.7820889999999974,6.833333333333333,[]
2039-05,34.86433333333329,26.666666666666668,17.5,"{""A"": 180.0, ""B"": 0, ""C"": 80.0, ""D"": 89.3, ""E"": 0}","{""A"": 15.0, ""C"": 6.6666666667, ""D"": 7.441666666666666}","[{""actual_arrival_month"": ""2039-06"", ""actual_delivery_share"": 1.0, ""availability_share"": 1.0, ""feasible_t"": 14.166666666666666, ""gross_delivery_t"": 14.166666666666666, ""order_month"": ""2038-06"", ""ordered_t"": 14.166666666666666, ""planned_arrival_month"": ""2039-06"", ""requested_t"": 14.166666666666666, ""shipment_id"": ""S0042"", ""source_id"": ""A"", ""source_name"": ""Earth-Core"", ""unfulfilled_request_t"": 0.0}, {""actual_arrival_month"": ""2039-07"", ""actual_delivery_share"": 1.0, ""availability_share"": 1.0, ""feasible_t"": 14.166666666666666, ""gross_delivery_t"": 14.166666666666666, ""order_month"": ""2038-07"", ""ordered_t"": 14.166666666666666, ""planned_arrival_month"": ""2039-07"", ""requested_t"": 14.166666666666666, ""shipment_id"": ""S0043"", ""source_id"": ""A"", ""source_name"": ""Earth-Core"", ""unfulfilled_request_t"": 0.0}, {""actual_arrival_month"": ""2039-08"", ""actual_delivery_share"": 1.0, ""availability_share"": 1.0, ""feasible_t"": 14.166666666666666, ""gross_delivery_t"": 14.166666666666666, ""order_month"": ""2038-08"", ""ordered_t"": 14.166666666666666, ""planned_arrival_month"": ""2039-08"", ""requested_t"": 14.166666666666666, ""shipment_id"": ""S0044"", ""source_id"": ""A"", ""source_name"": ""Earth-Core"", ""unfulfilled_request_t"": 0.0}, {""actual_arrival_month"": ""2039-09"", ""actual_delivery_share"": 1.0, ""availability_share"": 1.0, ""feasible_t"": 14.166666666666666, ""gross_delivery_t"": 14.166666666666666, ""order_month"": ""2038-09"", ""ordered_t"": 14.166666666666666, ""planned_arrival_month"": ""2039-09"", ""requested_t"": 14.166666666666666, ""shipment_id"": ""S0045"", ""source_id"": ""A"", ""source_name"": ""Earth-Core"", ""unfulfilled_request_t"": 0.0}, {""actual_arrival_month"": ""2039-10"", ""actual_delivery_share"": 1.0, ""availability_share"": 1.0, ""feasible_t"": 14.166666666666666, ""gross_delivery_t"": 14.166666666666666, ""order_month"": ""2038-10"", ""ordered_t"": 14.166666666666666, ""planned_arrival_month"": ""2039-10"", ""requested_t"": 14.166666666666666, ""shipment_id"": ""S0046"", ""source_id"": ""A"", ""source_name"": ""Earth-Core"", ""unfulfilled_request_t"": 0.0}, {""actual_arrival_month"": ""2039-11"", ""actual_delivery_share"": 1.0, ""availability_share"": 1.0, ""feasible_t"": 14.166666666666666, ""gross_delivery_t"": 14.166666666666666, ""order_month"": ""2038-11"", ""ordered_t"": 14.166666666666666, ""planned_arrival_month"": ""2039-11"", ""requested_t"": 14.166666666666666, ""shipment_id"": ""S0047"", ""source_id"": ""A"", ""source_name"": ""Earth-Core"", ""unfulfilled_request_t"": 0.0}, {""actual_arrival_month"": ""2039-12"", ""actual_delivery_share"": 1.0, ""availability_share"": 1.0, ""feasible_t"": 14.166666666666666, ""gross_delivery_t"": 14.166666666666666, ""order_month"": ""2038-12"", ""ordered_t"": 14.166666666666666, ""planned_arrival_month"": ""2039-12"", ""requested_t"": 14.166666666666666, ""shipment_id"": ""S0048"", ""source_id"": ""A"", ""source_name"": ""Earth-Core"", ""unfulfilled_request_t"": 0.0}, {""actual_arrival_month"": ""2040-01"", ""actual_delivery_share"": 1.0, ""availability_share"": 1.0, ""feasible_t"": 15.0, ""gross_delivery_t"": 15.0, ""order_month"": ""2039-01"", ""ordered_t"": 15.0, ""planned_arrival_month"": ""2040-01"", ""requested_t"": 15.0, ""shipment_id"": ""S0049"", ""source_id"": ""A"", ""source_name"": ""Earth-Core"", ""unfulfilled_request_t"": 0.0}, {""actual_arrival_month"": ""2040-02"", ""actual_delivery_share"": 1.0, ""availability_share"": 1.0, ""feasible_t"": 15.0, ""gross_delivery_t"": 15.0, ""order_month"": ""2039-02"", ""ordered_t"": 15.0, ""planned_arrival_month"": ""2040-02"", ""requested_t"": 15.0, ""shipment_id"": ""S0050"", ""source_id"": ""A"", ""source_name"": ""Earth-Core"", ""unfulfilled_request_t"": 0.0}, {""actual_arrival_month"": ""2040-03"", ""actual_delivery_share"": 1.0, ""availability_share"": 1.0, ""feasible_t"": 15.0, ""gross_delivery_t"": 15.0, ""order_month"": ""2039-03"", ""ordered_t"": 15.0, ""planned_arrival_month"": ""2040-03"", ""requested_t"": 15.0, ""shipment_id"": ""S0051"", ""source_id"": ""A"", ""source_name"": ""Earth-Core"", ""unfulfilled_request_t"": 0.0}, {""actual_arrival_month"": ""2040-04"", ""actual_delivery_share"": 1.0, ""availability_share"": 1.0, ""feasible_t"": 15.0, ""gross_delivery_t"": 15.0, ""order_month"": ""2039-04"", ""ordered_t"": 15.0, ""planned_arrival_month"": ""2040-04"", ""requested_t"": 15.0, ""shipment_id"": ""S0052"", ""source_id"": ""A"", ""source_name"": ""Earth-Core"", ""unfulfilled_request_t"": 0.0}, {""actual_arrival_month"": ""2040-05"", ""actual_delivery_share"": 1.0, ""availability_share"": 1.0, ""feasible_t"": 15.0, ""gross_delivery_t"": 15.0, ""order_month"": ""2039-05"", ""ordered_t"": 15.0, ""planned_arrival_month"": ""2040-05"", ""requested_t"": 15.0, ""shipment_id"": ""S0053"", ""source_id"": ""A"", ""source_name"": ""Earth-Core"", ""unfulfilled_request_t"": 0.0}, {""actual_arrival_month"": ""2039-06"", ""actual_delivery_share"": 1.0, ""availability_share"": 1.0, ""feasible_t"": 7.441666666666666, ""gross_delivery_t"": 7.441666666666666, ""order_month"": ""2039-04"", ""ordered_t"": 7.441666666666666, ""planned_arrival_month"": ""2039-06"", ""requested_t"": 7.441666666666666, ""shipment_id"": ""S0159"", ""source_id"": ""D"", ""source_name"": ""Lunar-ISRU"", ""unfulfilled_request_t"": 0.0}, {""actual_arrival_month"": ""2039-07"", ""actual_delivery_share"": 1.0, ""availability_share"": 1.0, ""feasible_t"": 7.441666666666666, ""gross_delivery_t"": 7.441666666666666, ""order_month"": ""2039-05"", ""ordered_t"": 7.441666666666666, ""planned_arrival_month"": ""2039-07"", ""requested_t"": 7.441666666666666, ""shipment_id"": ""S0160"", ""source_id"": ""D"", ""source_name"": ""Lunar-ISRU"", ""unfulfilled_request_t"": 0.0}]","{""A"": 14.166666666666666, ""C"": 6.666666666666666, ""D"": 7.441666666666666}","{""A"": 14.166666666666666, ""C"": 6.666666666666666, ""D"": 7.441666666666666}",28.275,0.3393,27.935699999999997,27.935699999999997,0.0,62.80003333333329,17.5,9.166666666666668,0.0,0.0,36.13336666666662,ZBO,120.0,0.012,"[""ZBO"", ""EARTH_NEW"", ""LUNAR_ISRU""]",2.129930999999997,6.833333333333333,[]
2039-06,36.13336666666662,26.666666666666668,17.5,"{""A"": 180.0, ""B"": 0, ""C"": 80.0, ""D"": 89.3, ""E"": 0}","{""A"": 15.0, ""C"": 6.6666666667, ""D"": 7.441666666666666}","[{""actual_arrival_month"": ""2039-07"", ""actual_delivery_share"": 1.0, ""availability_share"": 1.0, ""feasible_t"": 14.166666666666666, ""gross_delivery_t"": 14.166666666666666, ""order_month"": ""2038-07"", ""ordered_t"": 14.166666666666666, ""planned_arrival_month"": ""2039-07"", ""requested_t"": 14.166666666666666, ""shipment_id"": ""S0043"", ""source_id"": ""A"", ""source_name"": ""Earth-Core"", ""unfulfilled_request_t"": 0.0}, {""actual_arrival_month"": ""2039-08"", ""actual_delivery_share"": 1.0, ""availability_share"": 1.0, ""feasible_t"": 14.166666666666666, ""gross_delivery_t"": 14.166666666666666, ""order_month"": ""2038-08"", ""ordered_t"": 14.166666666666666, ""planned_arrival_month"": ""2039-08"", ""requested_t"": 14.166666666666666, ""shipment_id"": ""S0044"", ""source_id"": ""A"", ""source_name"": ""Earth-Core"", ""unfulfilled_request_t"": 0.0}, {""actual_arrival_month"": ""2039-09"", ""actual_delivery_share"": 1.0, ""availability_share"": 1.0, ""feasible_t"": 14.166666666666666, ""gross_delivery_t"": 14.166666666666666, ""order_month"": ""2038-09"", ""ordered_t"": 14.166666666666666, ""planned_arrival_month"": ""2039-09"", ""requested_t"": 14.166666666666666, ""shipment_id"": ""S0045"", ""source_id"": ""A"", ""source_name"": ""Earth-Core"", ""unfulfilled_request_t"": 0.0}, {""actual_arrival_month"": ""2039-10"", ""actual_delivery_share"": 1.0, ""availability_share"": 1.0, ""feasible_t"": 14.166666666666666, ""gross_delivery_t"": 14.166666666666666, ""order_month"": ""2038-10"", ""ordered_t"": 14.166666666666666, ""planned_arrival_month"": ""2039-10"", ""requested_t"": 14.166666666666666, ""shipment_id"": ""S0046"", ""source_id"": ""A"", ""source_name"": ""Earth-Core"", ""unfulfilled_request_t"": 0.0}, {""actual_arrival_month"": ""2039-11"", ""actual_delivery_share"": 1.0, ""availability_share"": 1.0, ""feasible_t"": 14.166666666666666, ""gross_delivery_t"": 14.166666666666666, ""order_month"": ""2038-11"", ""ordered_t"": 14.166666666666666, ""planned_arrival_month"": ""2039-11"", ""requested_t"": 14.166666666666666, ""shipment_id"": ""S0047"", ""source_id"": ""A"", ""source_name"": ""Earth-Core"", ""unfulfilled_request_t"": 0.0}, {""actual_arrival_month"": ""2039-12"", ""actual_delivery_share"": 1.0, ""availability_share"": 1.0, ""feasible_t"": 14.166666666666666, ""gross_delivery_t"": 14.166666666666666, ""order_month"": ""2038-12"", ""ordered_t"": 14.166666666666666, ""planned_arrival_month"": ""2039-12"", ""requested_t"": 14.166666666666666, ""shipment_id"": ""S0048"", ""source_id"": ""A"", ""source_name"": ""Earth-Core"", ""unfulfilled_request_t"": 0.0}, {""actual_arrival_month"": ""2040-01"", ""actual_delivery_share"": 1.0, ""availability_share"": 1.0, ""feasible_t"": 15.0, ""gross_delivery_t"": 15.0, ""order_month"": ""2039-01"", ""ordered_t"": 15.0, ""planned_arrival_month"": ""2040-01"", ""requested_t"": 15.0, ""shipment_id"": ""S0049"", ""source_id"": ""A"", ""source_name"": ""Earth-Core"", ""unfulfilled_request_t"": 0.0}, {""actual_arrival_month"": ""2040-02"", ""actual_delivery_share"": 1.0, ""availability_share"": 1.0, ""feasible_t"": 15.0, ""gross_delivery_t"": 15.0, ""order_month"": ""2039-02"", ""ordered_t"": 15.0, ""planned_arrival_month"": ""2040-02"", ""requested_t"": 15.0, ""shipment_id"": ""S0050"", ""source_id"": ""A"", ""source_name"": ""Earth-Core"", ""unfulfilled_request_t"": 0.0}, {""actual_arrival_month"": ""2040-03"", ""actual_delivery_share"": 1.0, ""availability_share"": 1.0, ""feasible_t"": 15.0, ""gross_delivery_t"": 15.0, ""order_month"": ""2039-03"", ""ordered_t"": 15.0, ""planned_arrival_month"": ""2040-03"", ""requested_t"": 15.0, ""shipment_id"": ""S0051"", ""source_id"": ""A"", ""source_name"": ""Earth-Core"", ""unfulfilled_request_t"": 0.0}, {""actual_arrival_month"": ""2040-04"", ""actual_delivery_share"": 1.0, ""availability_share"": 1.0, ""feasible_t"": 15.0, ""gross_delivery_t"": 15.0, ""order_month"": ""2039-04"", ""ordered_t"": 15.0, ""planned_arrival_month"": ""2040-04"", ""requested_t"": 15.0, ""shipment_id"": ""S0052"", ""source_id"": ""A"", ""source_name"": ""Earth-Core"", ""unfulfilled_request_t"": 0.0}, {""actual_arrival_month"": ""2040-05"", ""actual_delivery_share"": 1.0, ""availability_share"": 1.0, ""feasible_t"": 15.0, ""gross_delivery_t"": 15.0, ""order_month"": ""2039-05"", ""ordered_t"": 15.0, ""planned_arrival_month"": ""2040-05"", ""requested_t"": 15.0, ""shipment_id"": ""S0053"", ""source_id"": ""A"", ""source_name"": ""Earth-Core"", ""unfulfilled_request_t"": 0.0}, {""actual_arrival_month"": ""2040-06"", ""actual_delivery_share"": 1.0, ""availability_share"": 1.0, ""feasible_t"": 15.0, ""gross_delivery_t"": 15.0, ""order_month"": ""2039-06"", ""ordered_t"": 15.0, ""planned_arrival_month"": ""2040-06"", ""requested_t"": 15.0, ""shipment_id"": ""S0054"", ""source_id"": ""A"", ""source_name"": ""Earth-Core"", ""unfulfilled_request_t"": 0.0}, {""actual_arrival_month"": ""2039-07"", ""actual_delivery_share"": 1.0, ""availability_share"": 1.0, ""feasible_t"": 7.441666666666666, ""gross_delivery_t"": 7.441666666666666, ""order_month"": ""2039-05"", ""ordered_t"": 7.441666666666666, ""planned_arrival_month"": ""2039-07"", ""requested_t"": 7.441666666666666, ""shipment_id"": ""S0160"", ""source_id"": ""D"", ""source_name"": ""Lunar-ISRU"", ""unfulfilled_request_t"": 0.0}, {""actual_arrival_month"": ""2039-08"", ""actual_delivery_share"": 1.0, ""availability_share"": 1.0, ""feasible_t"": 7.441666666666666, ""gross_delivery_t"": 7.441666666666666, ""order_month"": ""2039-06"", ""ordered_t"": 7.441666666666666, ""planned_arrival_month"": ""2039-08"", ""requested_t"": 7.441666666666666, ""shipment_id"": ""S0161"", ""source_id"": ""D"", ""source_name"": ""Lunar-ISRU"", ""unfulfilled_request_t"": 0.0}]","{""A"": 14.166666666666666, ""C"": 6.666666666666666, ""D"": 7.441666666666666}","{""A"": 14.166666666666666, ""C"": 6.666666666666666, ""D"": 7.441666666666666}",28.275,0.3393,27.935699999999997,27.935699999999997,0.0,64.06906666666661,17.5,9.166666666666668,0.0,0.0,37.40239999999994,ZBO,120.0,0.012,"[""ZBO"", ""EARTH_NEW"", ""LUNAR_ISRU""]",2.206072999999997,6.833333333333333,[]
2039-07,37.40239999999994,26.666666666666668,17.5,"{""A"": 180.0, ""B"": 0, ""C"": 80.0, ""D"": 89.3, ""E"": 0}","{""A"": 15.0, ""C"": 6.6666666667, ""D"": 7.441666666666666}","[{""actual_arrival_month"": ""2039-08"", ""actual_delivery_share"": 1.0, ""availability_share"": 1.0, ""feasible_t"": 14.166666666666666, ""gross_delivery_t"": 14.166666666666666, ""order_month"": ""2038-08"", ""ordered_t"": 14.166666666666666, ""planned_arrival_month"": ""2039-08"", ""requested_t"": 14.166666666666666, ""shipment_id"": ""S0044"", ""source_id"": ""A"", ""source_name"": ""Earth-Core"", ""unfulfilled_request_t"": 0.0}, {""actual_arrival_month"": ""2039-09"", ""actual_delivery_share"": 1.0, ""availability_share"": 1.0, ""feasible_t"": 14.166666666666666, ""gross_delivery_t"": 14.166666666666666, ""order_month"": ""2038-09"", ""ordered_t"": 14.166666666666666, ""planned_arrival_month"": ""2039-09"", ""requested_t"": 14.166666666666666, ""shipment_id"": ""S0045"", ""source_id"": ""A"", ""source_name"": ""Earth-Core"", ""unfulfilled_request_t"": 0.0}, {""actual_arrival_month"": ""2039-10"", ""actual_delivery_share"": 1.0, ""availability_share"": 1.0, ""feasible_t"": 14.166666666666666, ""gross_delivery_t"": 14.166666666666666, ""order_month"": ""2038-10"", ""ordered_t"": 14.166666666666666, ""planned_arrival_month"": ""2039-10"", ""requested_t"": 14.166666666666666, ""shipment_id"": ""S0046"", ""source_id"": ""A"", ""source_name"": ""Earth-Core"", ""unfulfilled_request_t"": 0.0}, {""actual_arrival_month"": ""2039-11"", ""actual_delivery_share"": 1.0, ""availability_share"": 1.0, ""feasible_t"": 14.166666666666666, ""gross_delivery_t"": 14.166666666666666, ""order_month"": ""2038-11"", ""ordered_t"": 14.166666666666666, ""planned_arrival_month"": ""2039-11"", ""requested_t"": 14.166666666666666, ""shipment_id"": ""S0047"", ""source_id"": ""A"", ""source_name"": ""Earth-Core"", ""unfulfilled_request_t"": 0.0}, {""actual_arrival_month"": ""2039-12"", ""actual_delivery_share"": 1.0, ""availability_share"": 1.0, ""feasible_t"": 14.166666666666666, ""gross_delivery_t"": 14.166666666666666, ""order_month"": ""2038-12"", ""ordered_t"": 14.166666666666666, ""planned_arrival_month"": ""2039-12"", ""requested_t"": 14.166666666666666, ""shipment_id"": ""S0048"", ""source_id"": ""A"", ""source_name"": ""Earth-Core"", ""unfulfilled_request_t"": 0.0}, {""actual_arrival_month"": ""2040-01"", ""actual_delivery_share"": 1.0, ""availability_share"": 1.0, ""feasible_t"": 15.0, ""gross_delivery_t"": 15.0, ""order_month"": ""2039-01"", ""ordered_t"": 15.0, ""planned_arrival_month"": ""2040-01"", ""requested_t"": 15.0, ""shipment_id"": ""S0049"", ""source_id"": ""A"", ""source_name"": ""Earth-Core"", ""unfulfilled_request_t"": 0.0}, {""actual_arrival_month"": ""2040-02"", ""actual_delivery_share"": 1.0, ""availability_share"": 1.0, ""feasible_t"": 15.0, ""gross_delivery_t"": 15.0, ""order_month"": ""2039-02"", ""ordered_t"": 15.0, ""planned_arrival_month"": ""2040-02"", ""requested_t"": 15.0, ""shipment_id"": ""S0050"", ""source_id"": ""A"", ""source_name"": ""Earth-Core"", ""unfulfilled_request_t"": 0.0}, {""actual_arrival_month"": ""2040-03"", ""actual_delivery_share"": 1.0, ""availability_share"": 1.0, ""feasible_t"": 15.0, ""gross_delivery_t"": 15.0, ""order_month"": ""2039-03"", ""ordered_t"": 15.0, ""planned_arrival_month"": ""2040-03"", ""requested_t"": 15.0, ""shipment_id"": ""S0051"", ""source_id"": ""A"", ""source_name"": ""Earth-Core"", ""unfulfilled_request_t"": 0.0}, {""actual_arrival_month"": ""2040-04"", ""actual_delivery_share"": 1.0, ""availability_share"": 1.0, ""feasible_t"": 15.0, ""gross_delivery_t"": 15.0, ""order_month"": ""2039-04"", ""ordered_t"": 15.0, ""planned_arrival_month"": ""2040-04"", ""requested_t"": 15.0, ""shipment_id"": ""S0052"", ""source_id"": ""A"", ""source_name"": ""Earth-Core"", ""unfulfilled_request_t"": 0.0}, {""actual_arrival_month"": ""2040-05"", ""actual_delivery_share"": 1.0, ""availability_share"": 1.0, ""feasible_t"": 15.0, ""gross_delivery_t"": 15.0, ""order_month"": ""2039-05"", ""ordered_t"": 15.0, ""planned_arrival_month"": ""2040-05"", ""requested_t"": 15.0, ""shipment_id"": ""S0053"", ""source_id"": ""A"", ""source_name"": ""Earth-Core"", ""unfulfilled_request_t"": 0.0}, {""actual_arrival_month"": ""2040-06"", ""actual_delivery_share"": 1.0, ""availability_share"": 1.0, ""feasible_t"": 15.0, ""gross_delivery_t"": 15.0, ""order_month"": ""2039-06"", ""ordered_t"": 15.0, ""planned_arrival_month"": ""2040-06"", ""requested_t"": 15.0, ""shipment_id"": ""S0054"", ""source_id"": ""A"", ""source_name"": ""Earth-Core"", ""unfulfilled_request_t"": 0.0}, {""actual_arrival_month"": ""2040-07"", ""actual_delivery_share"": 1.0, ""availability_share"": 1.0, ""feasible_t"": 15.0, ""gross_delivery_t"": 15.0, ""order_month"": ""2039-07"", ""ordered_t"": 15.0, ""planned_arrival_month"": ""2040-07"", ""requested_t"": 15.0, ""shipment_id"": ""S0055"", ""source_id"": ""A"", ""source_name"": ""Earth-Core"", ""unfulfilled_request_t"": 0.0}, {""actual_arrival_month"": ""2039-08"", ""actual_delivery_share"": 1.0, ""availability_share"": 1.0, ""feasible_t"": 7.441666666666666, ""gross_delivery_t"": 7.441666666666666, ""order_month"": ""2039-06"", ""ordered_t"": 7.441666666666666, ""planned_arrival_month"": ""2039-08"", ""requested_t"": 7.441666666666666, ""shipment_id"": ""S0161"", ""source_id"": ""D"", ""source_name"": ""Lunar-ISRU"", ""unfulfilled_request_t"": 0.0}, {""actual_arrival_month"": ""2039-09"", ""actual_delivery_share"": 1.0, ""availability_share"": 1.0, ""feasible_t"": 7.441666666666666, ""gross_delivery_t"": 7.441666666666666, ""order_month"": ""2039-07"", ""ordered_t"": 7.441666666666666, ""planned_arrival_month"": ""2039-09"", ""requested_t"": 7.441666666666666, ""shipment_id"": ""S0162"", ""source_id"": ""D"", ""source_name"": ""Lunar-ISRU"", ""unfulfilled_request_t"": 0.0}]","{""A"": 14.166666666666666, ""C"": 6.666666666666666, ""D"": 7.441666666666666}","{""A"": 14.166666666666666, ""C"": 6.666666666666666, ""D"": 7.441666666666666}",28.275,0.3393,27.935699999999997,27.935699999999997,0.0,65.33809999999994,17.5,9.166666666666668,0.0,0.0,38.67143333333327,ZBO,120.0,0.012,"[""ZBO"", ""EARTH_NEW"", ""LUNAR_ISRU""]",2.2822149999999963,6.833333333333333,[]
2039-08,38.67143333333327,26.666666666666668,17.5,"{""A"": 180.0, ""B"": 0, ""C"": 80.0, ""D"": 89.3, ""E"": 0}","{""A"": 15.0, ""C"": 6.6666666667, ""D"": 7.441666666666666}","[{""actual_arrival_month"": ""2039-09"", ""actual_delivery_share"": 1.0, ""availability_share"": 1.0, ""feasible_t"": 14.166666666666666, ""gross_delivery_t"": 14.166666666666666, ""order_month"": ""2038-09"", ""ordered_t"": 14.166666666666666, ""planned_arrival_month"": ""2039-09"", ""requested_t"": 14.166666666666666, ""shipment_id"": ""S0045"", ""source_id"": ""A"", ""source_name"": ""Earth-Core"", ""unfulfilled_request_t"": 0.0}, {""actual_arrival_month"": ""2039-10"", ""actual_delivery_share"": 1.0, ""availability_share"": 1.0, ""feasible_t"": 14.166666666666666, ""gross_delivery_t"": 14.166666666666666, ""order_month"": ""2038-10"", ""ordered_t"": 14.166666666666666, ""planned_arrival_month"": ""2039-10"", ""requested_t"": 14.166666666666666, ""shipment_id"": ""S0046"", ""source_id"": ""A"", ""source_name"": ""Earth-Core"", ""unfulfilled_request_t"": 0.0}, {""actual_arrival_month"": ""2039-11"", ""actual_delivery_share"": 1.0, ""availability_share"": 1.0, ""feasible_t"": 14.166666666666666, ""gross_delivery_t"": 14.166666666666666, ""order_month"": ""2038-11"", ""ordered_t"": 14.166666666666666, ""planned_arrival_month"": ""2039-11"", ""requested_t"": 14.166666666666666, ""shipment_id"": ""S0047"", ""source_id"": ""A"", ""source_name"": ""Earth-Core"", ""unfulfilled_request_t"": 0.0}, {""actual_arrival_month"": ""2039-12"", ""actual_delivery_share"": 1.0, ""availability_share"": 1.0, ""feasible_t"": 14.166666666666666, ""gross_delivery_t"": 14.166666666666666, ""order_month"": ""2038-12"", ""ordered_t"": 14.166666666666666, ""planned_arrival_month"": ""2039-12"", ""requested_t"": 14.166666666666666, ""shipment_id"": ""S0048"", ""source_id"": ""A"", ""source_name"": ""Earth-Core"", ""unfulfilled_request_t"": 0.0}, {""actual_arrival_month"": ""2040-01"", ""actual_delivery_share"": 1.0, ""availability_share"": 1.0, ""feasible_t"": 15.0, ""gross_delivery_t"": 15.0, ""order_month"": ""2039-01"", ""ordered_t"": 15.0, ""planned_arrival_month"": ""2040-01"", ""requested_t"": 15.0, ""shipment_id"": ""S0049"", ""source_id"": ""A"", ""source_name"": ""Earth-Core"", ""unfulfilled_request_t"": 0.0}, {""actual_arrival_month"": ""2040-02"", ""actual_delivery_share"": 1.0, ""availability_share"": 1.0, ""feasible_t"": 15.0, ""gross_delivery_t"": 15.0, ""order_month"": ""2039-02"", ""ordered_t"": 15.0, ""planned_arrival_month"": ""2040-02"", ""requested_t"": 15.0, ""shipment_id"": ""S0050"", ""source_id"": ""A"", ""source_name"": ""Earth-Core"", ""unfulfilled_request_t"": 0.0}, {""actual_arrival_month"": ""2040-03"", ""actual_delivery_share"": 1.0, ""availability_share"": 1.0, ""feasible_t"": 15.0, ""gross_delivery_t"": 15.0, ""order_month"": ""2039-03"", ""ordered_t"": 15.0, ""planned_arrival_month"": ""2040-03"", ""requested_t"": 15.0, ""shipment_id"": ""S0051"", ""source_id"": ""A"", ""source_name"": ""Earth-Core"", ""unfulfilled_request_t"": 0.0}, {""actual_arrival_month"": ""2040-04"", ""actual_delivery_share"": 1.0, ""availability_share"": 1.0, ""feasible_t"": 15.0, ""gross_delivery_t"": 15.0, ""order_month"": ""2039-04"", ""ordered_t"": 15.0, ""planned_arrival_month"": ""2040-04"", ""requested_t"": 15.0, ""shipment_id"": ""S0052"", ""source_id"": ""A"", ""source_name"": ""Earth-Core"", ""unfulfilled_request_t"": 0.0}, {""actual_arrival_month"": ""2040-05"", ""actual_delivery_share"": 1.0, ""availability_share"": 1.0, ""feasible_t"": 15.0, ""gross_delivery_t"": 15.0, ""order_month"": ""2039-05"", ""ordered_t"": 15.0, ""planned_arrival_month"": ""2040-05"", ""requested_t"": 15.0, ""shipment_id"": ""S0053"", ""source_id"": ""A"", ""source_name"": ""Earth-Core"", ""unfulfilled_request_t"": 0.0}, {""actual_arrival_month"": ""2040-06"", ""actual_delivery_share"": 1.0, ""availability_share"": 1.0, ""feasible_t"": 15.0, ""gross_delivery_t"": 15.0, ""order_month"": ""2039-06"", ""ordered_t"": 15.0, ""planned_arrival_month"": ""2040-06"", ""requested_t"": 15.0, ""shipment_id"": ""S0054"", ""source_id"": ""A"", ""source_name"": ""Earth-Core"", ""unfulfilled_request_t"": 0.0}, {""actual_arrival_month"": ""2040-07"", ""actual_delivery_share"": 1.0, ""availability_share"": 1.0, ""feasible_t"": 15.0, ""gross_delivery_t"": 15.0, ""order_month"": ""2039-07"", ""ordered_t"": 15.0, ""planned_arrival_month"": ""2040-07"", ""requested_t"": 15.0, ""shipment_id"": ""S0055"", ""source_id"": ""A"", ""source_name"": ""Earth-Core"", ""unfulfilled_request_t"": 0.0}, {""actual_arrival_month"": ""2040-08"", ""actual_delivery_share"": 1.0, ""availability_share"": 1.0, ""feasible_t"": 15.0, ""gross_delivery_t"": 15.0, ""order_month"": ""2039-08"", ""ordered_t"": 15.0, ""planned_arrival_month"": ""2040-08"", ""requested_t"": 15.0, ""shipment_id"": ""S0056"", ""source_id"": ""A"", ""source_name"": ""Earth-Core"", ""unfulfilled_request_t"": 0.0}, {""actual_arrival_month"": ""2039-09"", ""actual_delivery_share"": 1.0, ""availability_share"": 1.0, ""feasible_t"": 7.441666666666666, ""gross_delivery_t"": 7.441666666666666, ""order_month"": ""2039-07"", ""ordered_t"": 7.441666666666666, ""planned_arrival_month"": ""2039-09"", ""requested_t"": 7.441666666666666, ""shipment_id"": ""S0162"", ""source_id"": ""D"", ""source_name"": ""Lunar-ISRU"", ""unfulfilled_request_t"": 0.0}, {""actual_arrival_month"": ""2039-10"", ""actual_delivery_share"": 1.0, ""availability_share"": 1.0, ""feasible_t"": 7.441666666666666, ""gross_delivery_t"": 7.441666666666666, ""order_month"": ""2039-08"", ""ordered_t"": 7.441666666666666, ""planned_arrival_month"": ""2039-10"", ""requested_t"": 7.441666666666666, ""shipment_id"": ""S0163"", ""source_id"": ""D"", ""source_name"": ""Lunar-ISRU"", ""unfulfilled_request_t"": 0.0}]","{""A"": 14.166666666666666, ""C"": 6.666666666666666, ""D"": 7.441666666666666}","{""A"": 14.166666666666666, ""C"": 6.666666666666666, ""D"": 7.441666666666666}",28.275,0.3393,27.935699999999997,27.935699999999997,0.0,66.60713333333327,17.5,9.166666666666668,0.0,0.0,39.940466666666595,ZBO,120.0,0.012,"[""ZBO"", ""EARTH_NEW"", ""LUNAR_ISRU""]",2.358356999999996,6.833333333333333,[]
2039-09,39.940466666666595,26.666666666666668,17.5,"{""A"": 180.0, ""B"": 0, ""C"": 80.0, ""D"": 89.3, ""E"": 0}","{""A"": 15.0, ""C"": 6.6666666667, ""D"": 7.441666666666666}","[{""actual_arrival_month"": ""2039-10"", ""actual_delivery_share"": 1.0, ""availability_share"": 1.0, ""feasible_t"": 14.166666666666666, ""gross_delivery_t"": 14.166666666666666, ""order_month"": ""2038-10"", ""ordered_t"": 14.166666666666666, ""planned_arrival_month"": ""2039-10"", ""requested_t"": 14.166666666666666, ""shipment_id"": ""S0046"", ""source_id"": ""A"", ""source_name"": ""Earth-Core"", ""unfulfilled_request_t"": 0.0}, {""actual_arrival_month"": ""2039-11"", ""actual_delivery_share"": 1.0, ""availability_share"": 1.0, ""feasible_t"": 14.166666666666666, ""gross_delivery_t"": 14.166666666666666, ""order_month"": ""2038-11"", ""ordered_t"": 14.166666666666666, ""planned_arrival_month"": ""2039-11"", ""requested_t"": 14.166666666666666, ""shipment_id"": ""S0047"", ""source_id"": ""A"", ""source_name"": ""Earth-Core"", ""unfulfilled_request_t"": 0.0}, {""actual_arrival_month"": ""2039-12"", ""actual_delivery_share"": 1.0, ""availability_share"": 1.0, ""feasible_t"": 14.166666666666666, ""gross_delivery_t"": 14.166666666666666, ""order_month"": ""2038-12"", ""ordered_t"": 14.166666666666666, ""planned_arrival_month"": ""2039-12"", ""requested_t"": 14.166666666666666, ""shipment_id"": ""S0048"", ""source_id"": ""A"", ""source_name"": ""Earth-Core"", ""unfulfilled_request_t"": 0.0}, {""actual_arrival_month"": ""2040-01"", ""actual_delivery_share"": 1.0, ""availability_share"": 1.0, ""feasible_t"": 15.0, ""gross_delivery_t"": 15.0, ""order_month"": ""2039-01"", ""ordered_t"": 15.0, ""planned_arrival_month"": ""2040-01"", ""requested_t"": 15.0, ""shipment_id"": ""S0049"", ""source_id"": ""A"", ""source_name"": ""Earth-Core"", ""unfulfilled_request_t"": 0.0}, {""actual_arrival_month"": ""2040-02"", ""actual_delivery_share"": 1.0, ""availability_share"": 1.0, ""feasible_t"": 15.0, ""gross_delivery_t"": 15.0, ""order_month"": ""2039-02"", ""ordered_t"": 15.0, ""planned_arrival_month"": ""2040-02"", ""requested_t"": 15.0, ""shipment_id"": ""S0050"", ""source_id"": ""A"", ""source_name"": ""Earth-Core"", ""unfulfilled_request_t"": 0.0}, {""actual_arrival_month"": ""2040-03"", ""actual_delivery_share"": 1.0, ""availability_share"": 1.0, ""feasible_t"": 15.0, ""gross_delivery_t"": 15.0, ""order_month"": ""2039-03"", ""ordered_t"": 15.0, ""planned_arrival_month"": ""2040-03"", ""requested_t"": 15.0, ""shipment_id"": ""S0051"", ""source_id"": ""A"", ""source_name"": ""Earth-Core"", ""unfulfilled_request_t"": 0.0}, {""actual_arrival_month"": ""2040-04"", ""actual_delivery_share"": 1.0, ""availability_share"": 1.0, ""feasible_t"": 15.0, ""gross_delivery_t"": 15.0, ""order_month"": ""2039-04"", ""ordered_t"": 15.0, ""planned_arrival_month"": ""2040-04"", ""requested_t"": 15.0, ""shipment_id"": ""S0052"", ""source_id"": ""A"", ""source_name"": ""Earth-Core"", ""unfulfilled_request_t"": 0.0}, {""actual_arrival_month"": ""2040-05"", ""actual_delivery_share"": 1.0, ""availability_share"": 1.0, ""feasible_t"": 15.0, ""gross_delivery_t"": 15.0, ""order_month"": ""2039-05"", ""ordered_t"": 15.0, ""planned_arrival_month"": ""2040-05"", ""requested_t"": 15.0, ""shipment_id"": ""S0053"", ""source_id"": ""A"", ""source_name"": ""Earth-Core"", ""unfulfilled_request_t"": 0.0}, {""actual_arrival_month"": ""2040-06"", ""actual_delivery_share"": 1.0, ""availability_share"": 1.0, ""feasible_t"": 15.0, ""gross_delivery_t"": 15.0, ""order_month"": ""2039-06"", ""ordered_t"": 15.0, ""planned_arrival_month"": ""2040-06"", ""requested_t"": 15.0, ""shipment_id"": ""S0054"", ""source_id"": ""A"", ""source_name"": ""Earth-Core"", ""unfulfilled_request_t"": 0.0}, {""actual_arrival_month"": ""2040-07"", ""actual_delivery_share"": 1.0, ""availability_share"": 1.0, ""feasible_t"": 15.0, ""gross_delivery_t"": 15.0, ""order_month"": ""2039-07"", ""ordered_t"": 15.0, ""planned_arrival_month"": ""2040-07"", ""requested_t"": 15.0, ""shipment_id"": ""S0055"", ""source_id"": ""A"", ""source_name"": ""Earth-Core"", ""unfulfilled_request_t"": 0.0}, {""actual_arrival_month"": ""2040-08"", ""actual_delivery_share"": 1.0, ""availability_share"": 1.0, ""feasible_t"": 15.0, ""gross_delivery_t"": 15.0, ""order_month"": ""2039-08"", ""ordered_t"": 15.0, ""planned_arrival_month"": ""2040-08"", ""requested_t"": 15.0, ""shipment_id"": ""S0056"", ""source_id"": ""A"", ""source_name"": ""Earth-Core"", ""unfulfilled_request_t"": 0.0}, {""actual_arrival_month"": ""2040-09"", ""actual_delivery_share"": 1.0, ""availability_share"": 1.0, ""feasible_t"": 15.0, ""gross_delivery_t"": 15.0, ""order_month"": ""2039-09"", ""ordered_t"": 15.0, ""planned_arrival_month"": ""2040-09"", ""requested_t"": 15.0, ""shipment_id"": ""S0057"", ""source_id"": ""A"", ""source_name"": ""Earth-Core"", ""unfulfilled_request_t"": 0.0}, {""actual_arrival_month"": ""2039-10"", ""actual_delivery_share"": 1.0, ""availability_share"": 1.0, ""feasible_t"": 7.441666666666666, ""gross_delivery_t"": 7.441666666666666, ""order_month"": ""2039-08"", ""ordered_t"": 7.441666666666666, ""planned_arrival_month"": ""2039-10"", ""requested_t"": 7.441666666666666, ""shipment_id"": ""S0163"", ""source_id"": ""D"", ""source_name"": ""Lunar-ISRU"", ""unfulfilled_request_t"": 0.0}, {""actual_arrival_month"": ""2039-11"", ""actual_delivery_share"": 1.0, ""availability_share"": 1.0, ""feasible_t"": 7.441666666666666, ""gross_delivery_t"": 7.441666666666666, ""order_month"": ""2039-09"", ""ordered_t"": 7.441666666666666, ""planned_arrival_month"": ""2039-11"", ""requested_t"": 7.441666666666666, ""shipment_id"": ""S0164"", ""source_id"": ""D"", ""source_name"": ""Lunar-ISRU"", ""unfulfilled_request_t"": 0.0}]","{""A"": 14.166666666666666, ""C"": 6.666666666666666, ""D"": 7.441666666666666}","{""A"": 14.166666666666666, ""C"": 6.666666666666666, ""D"": 7.441666666666666}",28.275,0.3393,27.935699999999997,27.935699999999997,0.0,67.87616666666659,17.5,9.166666666666668,0.0,0.0,41.20949999999992,ZBO,120.0,0.012,"[""ZBO"", ""EARTH_NEW"", ""LUNAR_ISRU""]",2.4344989999999953,6.833333333333333,[]
2039-10,41.20949999999992,26.666666666666668,17.5,"{""A"": 180.0, ""B"": 0, ""C"": 80.0, ""D"": 89.3, ""E"": 0}","{""A"": 15.0, ""C"": 6.6666666667, ""D"": 7.441666666666666}","[{""actual_arrival_month"": ""2039-11"", ""actual_delivery_share"": 1.0, ""availability_share"": 1.0, ""feasible_t"": 14.166666666666666, ""gross_delivery_t"": 14.166666666666666, ""order_month"": ""2038-11"", ""ordered_t"": 14.166666666666666, ""planned_arrival_month"": ""2039-11"", ""requested_t"": 14.166666666666666, ""shipment_id"": ""S0047"", ""source_id"": ""A"", ""source_name"": ""Earth-Core"", ""unfulfilled_request_t"": 0.0}, {""actual_arrival_month"": ""2039-12"", ""actual_delivery_share"": 1.0, ""availability_share"": 1.0, ""feasible_t"": 14.166666666666666, ""gross_delivery_t"": 14.166666666666666, ""order_month"": ""2038-12"", ""ordered_t"": 14.166666666666666, ""planned_arrival_month"": ""2039-12"", ""requested_t"": 14.166666666666666, ""shipment_id"": ""S0048"", ""source_id"": ""A"", ""source_name"": ""Earth-Core"", ""unfulfilled_request_t"": 0.0}, {""actual_arrival_month"": ""2040-01"", ""actual_delivery_share"": 1.0, ""availability_share"": 1.0, ""feasible_t"": 15.0, ""gross_delivery_t"": 15.0, ""order_month"": ""2039-01"", ""ordered_t"": 15.0, ""planned_arrival_month"": ""2040-01"", ""requested_t"": 15.0, ""shipment_id"": ""S0049"", ""source_id"": ""A"", ""source_name"": ""Earth-Core"", ""unfulfilled_request_t"": 0.0}, {""actual_arrival_month"": ""2040-02"", ""actual_delivery_share"": 1.0, ""availability_share"": 1.0, ""feasible_t"": 15.0, ""gross_delivery_t"": 15.0, ""order_month"": ""2039-02"", ""ordered_t"": 15.0, ""planned_arrival_month"": ""2040-02"", ""requested_t"": 15.0, ""shipment_id"": ""S0050"", ""source_id"": ""A"", ""source_name"": ""Earth-Core"", ""unfulfilled_request_t"": 0.0}, {""actual_arrival_month"": ""2040-03"", ""actual_delivery_share"": 1.0, ""availability_share"": 1.0, ""feasible_t"": 15.0, ""gross_delivery_t"": 15.0, ""order_month"": ""2039-03"", ""ordered_t"": 15.0, ""planned_arrival_month"": ""2040-03"", ""requested_t"": 15.0, ""shipment_id"": ""S0051"", ""source_id"": ""A"", ""source_name"": ""Earth-Core"", ""unfulfilled_request_t"": 0.0}, {""actual_arrival_month"": ""2040-04"", ""actual_delivery_share"": 1.0, ""availability_share"": 1.0, ""feasible_t"": 15.0, ""gross_delivery_t"": 15.0, ""order_month"": ""2039-04"", ""ordered_t"": 15.0, ""planned_arrival_month"": ""2040-04"", ""requested_t"": 15.0, ""shipment_id"": ""S0052"", ""source_id"": ""A"", ""source_name"": ""Earth-Core"", ""unfulfilled_request_t"": 0.0}, {""actual_arrival_month"": ""2040-05"", ""actual_delivery_share"": 1.0, ""availability_share"": 1.0, ""feasible_t"": 15.0, ""gross_delivery_t"": 15.0, ""order_month"": ""2039-05"", ""ordered_t"": 15.0, ""planned_arrival_month"": ""2040-05"", ""requested_t"": 15.0, ""shipment_id"": ""S0053"", ""source_id"": ""A"", ""source_name"": ""Earth-Core"", ""unfulfilled_request_t"": 0.0}, {""actual_arrival_month"": ""2040-06"", ""actual_delivery_share"": 1.0, ""availability_share"": 1.0, ""feasible_t"": 15.0, ""gross_delivery_t"": 15.0, ""order_month"": ""2039-06"", ""ordered_t"": 15.0, ""planned_arrival_month"": ""2040-06"", ""requested_t"": 15.0, ""shipment_id"": ""S0054"", ""source_id"": ""A"", ""source_name"": ""Earth-Core"", ""unfulfilled_request_t"": 0.0}, {""actual_arrival_month"": ""2040-07"", ""actual_delivery_share"": 1.0, ""availability_share"": 1.0, ""feasible_t"": 15.0, ""gross_delivery_t"": 15.0, ""order_month"": ""2039-07"", ""ordered_t"": 15.0, ""planned_arrival_month"": ""2040-07"", ""requested_t"": 15.0, ""shipment_id"": ""S0055"", ""source_id"": ""A"", ""source_name"": ""Earth-Core"", ""unfulfilled_request_t"": 0.0}, {""actual_arrival_month"": ""2040-08"", ""actual_delivery_share"": 1.0, ""availability_share"": 1.0, ""feasible_t"": 15.0, ""gross_delivery_t"": 15.0, ""order_month"": ""2039-08"", ""ordered_t"": 15.0, ""planned_arrival_month"": ""2040-08"", ""requested_t"": 15.0, ""shipment_id"": ""S0056"", ""source_id"": ""A"", ""source_name"": ""Earth-Core"", ""unfulfilled_request_t"": 0.0}, {""actual_arrival_month"": ""2040-09"", ""actual_delivery_share"": 1.0, ""availability_share"": 1.0, ""feasible_t"": 15.0, ""gross_delivery_t"": 15.0, ""order_month"": ""2039-09"", ""ordered_t"": 15.0, ""planned_arrival_month"": ""2040-09"", ""requested_t"": 15.0, ""shipment_id"": ""S0057"", ""source_id"": ""A"", ""source_name"": ""Earth-Core"", ""unfulfilled_request_t"": 0.0}, {""actual_arrival_month"": ""2040-10"", ""actual_delivery_share"": 1.0, ""availability_share"": 1.0, ""feasible_t"": 15.0, ""gross_delivery_t"": 15.0, ""order_month"": ""2039-10"", ""ordered_t"": 15.0, ""planned_arrival_month"": ""2040-10"", ""requested_t"": 15.0, ""shipment_id"": ""S0058"", ""source_id"": ""A"", ""source_name"": ""Earth-Core"", ""unfulfilled_request_t"": 0.0}, {""actual_arrival_month"": ""2039-11"", ""actual_delivery_share"": 1.0, ""availability_share"": 1.0, ""feasible_t"": 7.441666666666666, ""gross_delivery_t"": 7.441666666666666, ""order_month"": ""2039-09"", ""ordered_t"": 7.441666666666666, ""planned_arrival_month"": ""2039-11"", ""requested_t"": 7.441666666666666, ""shipment_id"": ""S0164"", ""source_id"": ""D"", ""source_name"": ""Lunar-ISRU"", ""unfulfilled_request_t"": 0.0}, {""actual_arrival_month"": ""2039-12"", ""actual_delivery_share"": 1.0, ""availability_share"": 1.0, ""feasible_t"": 7.441666666666666, ""gross_delivery_t"": 7.441666666666666, ""order_month"": ""2039-10"", ""ordered_t"": 7.441666666666666, ""planned_arrival_month"": ""2039-12"", ""requested_t"": 7.441666666666666, ""shipment_id"": ""S0165"", ""source_id"": ""D"", ""source_name"": ""Lunar-ISRU"", ""unfulfilled_request_t"": 0.0}]","{""A"": 14.166666666666666, ""C"": 6.666666666666666, ""D"": 7.441666666666666}","{""A"": 14.166666666666666, ""C"": 6.666666666666666, ""D"": 7.441666666666666}",28.275,0.3393,27.935699999999997,27.935699999999997,0.0,69.14519999999992,17.5,9.166666666666668,0.0,0.0,42.478533333333246,ZBO,120.0,0.012,"[""ZBO"", ""EARTH_NEW"", ""LUNAR_ISRU""]",2.510640999999995,6.833333333333333,[]
2039-11,42.478533333333246,26.666666666666668,17.5,"{""A"": 180.0, ""B"": 0, ""C"": 80.0, ""D"": 89.3, ""E"": 0}","{""A"": 15.0, ""C"": 6.6666666667, ""D"": 7.441666666666666}","[{""actual_arrival_month"": ""2039-12"", ""actual_delivery_share"": 1.0, ""availability_share"": 1.0, ""feasible_t"": 14.166666666666666, ""gross_delivery_t"": 14.166666666666666, ""order_month"": ""2038-12"", ""ordered_t"": 14.166666666666666, ""planned_arrival_month"": ""2039-12"", ""requested_t"": 14.166666666666666, ""shipment_id"": ""S0048"", ""source_id"": ""A"", ""source_name"": ""Earth-Core"", ""unfulfilled_request_t"": 0.0}, {""actual_arrival_month"": ""2040-01"", ""actual_delivery_share"": 1.0, ""availability_share"": 1.0, ""feasible_t"": 15.0, ""gross_delivery_t"": 15.0, ""order_month"": ""2039-01"", ""ordered_t"": 15.0, ""planned_arrival_month"": ""2040-01"", ""requested_t"": 15.0, ""shipment_id"": ""S0049"", ""source_id"": ""A"", ""source_name"": ""Earth-Core"", ""unfulfilled_request_t"": 0.0}, {""actual_arrival_month"": ""2040-02"", ""actual_delivery_share"": 1.0, ""availability_share"": 1.0, ""feasible_t"": 15.0, ""gross_delivery_t"": 15.0, ""order_month"": ""2039-02"", ""ordered_t"": 15.0, ""planned_arrival_month"": ""2040-02"", ""requested_t"": 15.0, ""shipment_id"": ""S0050"", ""source_id"": ""A"", ""source_name"": ""Earth-Core"", ""unfulfilled_request_t"": 0.0}, {""actual_arrival_month"": ""2040-03"", ""actual_delivery_share"": 1.0, ""availability_share"": 1.0, ""feasible_t"": 15.0, ""gross_delivery_t"": 15.0, ""order_month"": ""2039-03"", ""ordered_t"": 15.0, ""planned_arrival_month"": ""2040-03"", ""requested_t"": 15.0, ""shipment_id"": ""S0051"", ""source_id"": ""A"", ""source_name"": ""Earth-Core"", ""unfulfilled_request_t"": 0.0}, {""actual_arrival_month"": ""2040-04"", ""actual_delivery_share"": 1.0, ""availability_share"": 1.0, ""feasible_t"": 15.0, ""gross_delivery_t"": 15.0, ""order_month"": ""2039-04"", ""ordered_t"": 15.0, ""planned_arrival_month"": ""2040-04"", ""requested_t"": 15.0, ""shipment_id"": ""S0052"", ""source_id"": ""A"", ""source_name"": ""Earth-Core"", ""unfulfilled_request_t"": 0.0}, {""actual_arrival_month"": ""2040-05"", ""actual_delivery_share"": 1.0, ""availability_share"": 1.0, ""feasible_t"": 15.0, ""gross_delivery_t"": 15.0, ""order_month"": ""2039-05"", ""ordered_t"": 15.0, ""planned_arrival_month"": ""2040-05"", ""requested_t"": 15.0, ""shipment_id"": ""S0053"", ""source_id"": ""A"", ""source_name"": ""Earth-Core"", ""unfulfilled_request_t"": 0.0}, {""actual_arrival_month"": ""2040-06"", ""actual_delivery_share"": 1.0, ""availability_share"": 1.0, ""feasible_t"": 15.0, ""gross_delivery_t"": 15.0, ""order_month"": ""2039-06"", ""ordered_t"": 15.0, ""planned_arrival_month"": ""2040-06"", ""requested_t"": 15.0, ""shipment_id"": ""S0054"", ""source_id"": ""A"", ""source_name"": ""Earth-Core"", ""unfulfilled_request_t"": 0.0}, {""actual_arrival_month"": ""2040-07"", ""actual_delivery_share"": 1.0, ""availability_share"": 1.0, ""feasible_t"": 15.0, ""gross_delivery_t"": 15.0, ""order_month"": ""2039-07"", ""ordered_t"": 15.0, ""planned_arrival_month"": ""2040-07"", ""requested_t"": 15.0, ""shipment_id"": ""S0055"", ""source_id"": ""A"", ""source_name"": ""Earth-Core"", ""unfulfilled_request_t"": 0.0}, {""actual_arrival_month"": ""2040-08"", ""actual_delivery_share"": 1.0, ""availability_share"": 1.0, ""feasible_t"": 15.0, ""gross_delivery_t"": 15.0, ""order_month"": ""2039-08"", ""ordered_t"": 15.0, ""planned_arrival_month"": ""2040-08"", ""requested_t"": 15.0, ""shipment_id"": ""S0056"", ""source_id"": ""A"", ""source_name"": ""Earth-Core"", ""unfulfilled_request_t"": 0.0}, {""actual_arrival_month"": ""2040-09"", ""actual_delivery_share"": 1.0, ""availability_share"": 1.0, ""feasible_t"": 15.0, ""gross_delivery_t"": 15.0, ""order_month"": ""2039-09"", ""ordered_t"": 15.0, ""planned_arrival_month"": ""2040-09"", ""requested_t"": 15.0, ""shipment_id"": ""S0057"", ""source_id"": ""A"", ""source_name"": ""Earth-Core"", ""unfulfilled_request_t"": 0.0}, {""actual_arrival_month"": ""2040-10"", ""actual_delivery_share"": 1.0, ""availability_share"": 1.0, ""feasible_t"": 15.0, ""gross_delivery_t"": 15.0, ""order_month"": ""2039-10"", ""ordered_t"": 15.0, ""planned_arrival_month"": ""2040-10"", ""requested_t"": 15.0, ""shipment_id"": ""S0058"", ""source_id"": ""A"", ""source_name"": ""Earth-Core"", ""unfulfilled_request_t"": 0.0}, {""actual_arrival_month"": ""2040-11"", ""actual_delivery_share"": 1.0, ""availability_share"": 1.0, ""feasible_t"": 15.0, ""gross_delivery_t"": 15.0, ""order_month"": ""2039-11"", ""ordered_t"": 15.0, ""planned_arrival_month"": ""2040-11"", ""requested_t"": 15.0, ""shipment_id"": ""S0059"", ""source_id"": ""A"", ""source_name"": ""Earth-Core"", ""unfulfilled_request_t"": 0.0}, {""actual_arrival_month"": ""2039-12"", ""actual_delivery_share"": 1.0, ""availability_share"": 1.0, ""feasible_t"": 7.441666666666666, ""gross_delivery_t"": 7.441666666666666, ""order_month"": ""2039-10"", ""ordered_t"": 7.441666666666666, ""planned_arrival_month"": ""2039-12"", ""requested_t"": 7.441666666666666, ""shipment_id"": ""S0165"", ""source_id"": ""D"", ""source_name"": ""Lunar-ISRU"", ""unfulfilled_request_t"": 0.0}, {""actual_arrival_month"": ""2040-01"", ""actual_delivery_share"": 1.0, ""availability_share"": 1.0, ""feasible_t"": 7.441666666666666, ""gross_delivery_t"": 7.441666666666666, ""order_month"": ""2039-11"", ""ordered_t"": 7.441666666666666, ""planned_arrival_month"": ""2040-01"", ""requested_t"": 7.441666666666666, ""shipment_id"": ""S0166"", ""source_id"": ""D"", ""source_name"": ""Lunar-ISRU"", ""unfulfilled_request_t"": 0.0}]","{""A"": 14.166666666666666, ""C"": 6.666666666666666, ""D"": 7.441666666666666}","{""A"": 14.166666666666666, ""C"": 6.666666666666666, ""D"": 7.441666666666666}",28.275,0.3393,27.935699999999997,27.935699999999997,0.0,70.41423333333324,17.5,9.166666666666668,0.0,0.0,43.74756666666657,ZBO,120.0,0.012,"[""ZBO"", ""EARTH_NEW"", ""LUNAR_ISRU""]",2.5867829999999947,6.833333333333333,[]
2039-12,43.74756666666657,26.666666666666668,17.5,"{""A"": 180.0, ""B"": 0, ""C"": 80.0, ""D"": 89.3, ""E"": 0}","{""A"": 15.0, ""C"": 6.6666666667, ""D"": 7.441666666666666}","[{""actual_arrival_month"": ""2040-01"", ""actual_delivery_share"": 1.0, ""availability_share"": 1.0, ""feasible_t"": 15.0, ""gross_delivery_t"": 15.0, ""order_month"": ""2039-01"", ""ordered_t"": 15.0, ""planned_arrival_month"": ""2040-01"", ""requested_t"": 15.0, ""shipment_id"": ""S0049"", ""source_id"": ""A"", ""source_name"": ""Earth-Core"", ""unfulfilled_request_t"": 0.0}, {""actual_arrival_month"": ""2040-02"", ""actual_delivery_share"": 1.0, ""availability_share"": 1.0, ""feasible_t"": 15.0, ""gross_delivery_t"": 15.0, ""order_month"": ""2039-02"", ""ordered_t"": 15.0, ""planned_arrival_month"": ""2040-02"", ""requested_t"": 15.0, ""shipment_id"": ""S0050"", ""source_id"": ""A"", ""source_name"": ""Earth-Core"", ""unfulfilled_request_t"": 0.0}, {""actual_arrival_month"": ""2040-03"", ""actual_delivery_share"": 1.0, ""availability_share"": 1.0, ""feasible_t"": 15.0, ""gross_delivery_t"": 15.0, ""order_month"": ""2039-03"", ""ordered_t"": 15.0, ""planned_arrival_month"": ""2040-03"", ""requested_t"": 15.0, ""shipment_id"": ""S0051"", ""source_id"": ""A"", ""source_name"": ""Earth-Core"", ""unfulfilled_request_t"": 0.0}, {""actual_arrival_month"": ""2040-04"", ""actual_delivery_share"": 1.0, ""availability_share"": 1.0, ""feasible_t"": 15.0, ""gross_delivery_t"": 15.0, ""order_month"": ""2039-04"", ""ordered_t"": 15.0, ""planned_arrival_month"": ""2040-04"", ""requested_t"": 15.0, ""shipment_id"": ""S0052"", ""source_id"": ""A"", ""source_name"": ""Earth-Core"", ""unfulfilled_request_t"": 0.0}, {""actual_arrival_month"": ""2040-05"", ""actual_delivery_share"": 1.0, ""availability_share"": 1.0, ""feasible_t"": 15.0, ""gross_delivery_t"": 15.0, ""order_month"": ""2039-05"", ""ordered_t"": 15.0, ""planned_arrival_month"": ""2040-05"", ""requested_t"": 15.0, ""shipment_id"": ""S0053"", ""source_id"": ""A"", ""source_name"": ""Earth-Core"", ""unfulfilled_request_t"": 0.0}, {""actual_arrival_month"": ""2040-06"", ""actual_delivery_share"": 1.0, ""availability_share"": 1.0, ""feasible_t"": 15.0, ""gross_delivery_t"": 15.0, ""order_month"": ""2039-06"", ""ordered_t"": 15.0, ""planned_arrival_month"": ""2040-06"", ""requested_t"": 15.0, ""shipment_id"": ""S0054"", ""source_id"": ""A"", ""source_name"": ""Earth-Core"", ""unfulfilled_request_t"": 0.0}, {""actual_arrival_month"": ""2040-07"", ""actual_delivery_share"": 1.0, ""availability_share"": 1.0, ""feasible_t"": 15.0, ""gross_delivery_t"": 15.0, ""order_month"": ""2039-07"", ""ordered_t"": 15.0, ""planned_arrival_month"": ""2040-07"", ""requested_t"": 15.0, ""shipment_id"": ""S0055"", ""source_id"": ""A"", ""source_name"": ""Earth-Core"", ""unfulfilled_request_t"": 0.0}, {""actual_arrival_month"": ""2040-08"", ""actual_delivery_share"": 1.0, ""availability_share"": 1.0, ""feasible_t"": 15.0, ""gross_delivery_t"": 15.0, ""order_month"": ""2039-08"", ""ordered_t"": 15.0, ""planned_arrival_month"": ""2040-08"", ""requested_t"": 15.0, ""shipment_id"": ""S0056"", ""source_id"": ""A"", ""source_name"": ""Earth-Core"", ""unfulfilled_request_t"": 0.0}, {""actual_arrival_month"": ""2040-09"", ""actual_delivery_share"": 1.0, ""availability_share"": 1.0, ""feasible_t"": 15.0, ""gross_delivery_t"": 15.0, ""order_month"": ""2039-09"", ""ordered_t"": 15.0, ""planned_arrival_month"": ""2040-09"", ""requested_t"": 15.0, ""shipment_id"": ""S0057"", ""source_id"": ""A"", ""source_name"": ""Earth-Core"", ""unfulfilled_request_t"": 0.0}, {""actual_arrival_month"": ""2040-10"", ""actual_delivery_share"": 1.0, ""availability_share"": 1.0, ""feasible_t"": 15.0, ""gross_delivery_t"": 15.0, ""order_month"": ""2039-10"", ""ordered_t"": 15.0, ""planned_arrival_month"": ""2040-10"", ""requested_t"": 15.0, ""shipment_id"": ""S0058"", ""source_id"": ""A"", ""source_name"": ""Earth-Core"", ""unfulfilled_request_t"": 0.0}, {""actual_arrival_month"": ""2040-11"", ""actual_delivery_share"": 1.0, ""availability_share"": 1.0, ""feasible_t"": 15.0, ""gross_delivery_t"": 15.0, ""order_month"": ""2039-11"", ""ordered_t"": 15.0, ""planned_arrival_month"": ""2040-11"", ""requested_t"": 15.0, ""shipment_id"": ""S0059"", ""source_id"": ""A"", ""source_name"": ""Earth-Core"", ""unfulfilled_request_t"": 0.0}, {""actual_arrival_month"": ""2040-12"", ""actual_delivery_share"": 1.0, ""availability_share"": 1.0, ""feasible_t"": 15.0, ""gross_delivery_t"": 15.0, ""order_month"": ""2039-12"", ""ordered_t"": 15.0, ""planned_arrival_month"": ""2040-12"", ""requested_t"": 15.0, ""shipment_id"": ""S0060"", ""source_id"": ""A"", ""source_name"": ""Earth-Core"", ""unfulfilled_request_t"": 0.0}, {""actual_arrival_month"": ""2040-01"", ""actual_delivery_share"": 1.0, ""availability_share"": 1.0, ""feasible_t"": 7.441666666666666, ""gross_delivery_t"": 7.441666666666666, ""order_month"": ""2039-11"", ""ordered_t"": 7.441666666666666, ""planned_arrival_month"": ""2040-01"", ""requested_t"": 7.441666666666666, ""shipment_id"": ""S0166"", ""source_id"": ""D"", ""source_name"": ""Lunar-ISRU"", ""unfulfilled_request_t"": 0.0}, {""actual_arrival_month"": ""2040-02"", ""actual_delivery_share"": 1.0, ""availability_share"": 1.0, ""feasible_t"": 7.441666666666666, ""gross_delivery_t"": 7.441666666666666, ""order_month"": ""2039-12"", ""ordered_t"": 7.441666666666666, ""planned_arrival_month"": ""2040-02"", ""requested_t"": 7.441666666666666, ""shipment_id"": ""S0167"", ""source_id"": ""D"", ""source_name"": ""Lunar-ISRU"", ""unfulfilled_request_t"": 0.0}]","{""A"": 14.166666666666666, ""C"": 6.666666666666666, ""D"": 7.441666666666666}","{""A"": 14.166666666666666, ""C"": 6.666666666666666, ""D"": 7.441666666666666}",28.275,0.3393,27.935699999999997,27.935699999999997,0.0,71.68326666666657,17.5,9.166666666666668,0.0,0.0,45.0165999999999,ZBO,120.0,0.012,"[""ZBO"", ""EARTH_NEW"", ""LUNAR_ISRU""]",2.6629249999999938,6.833333333333333,[]
2040-01,45.0165999999999,32.5,20.833333333333332,"{""A"": 0, ""B"": 0, ""C"": 100.0, ""D"": 110.0, ""E"": 0}","{""C"": 8.3333333333, ""D"": 9.166666666666666}","[{""actual_arrival_month"": ""2040-02"", ""actual_delivery_share"": 1.0, ""availability_share"": 1.0, ""feasible_t"": 15.0, ""gross_delivery_t"": 15.0, ""order_month"": ""2039-02"", ""ordered_t"": 15.0, ""planned_arrival_month"": ""2040-02"", ""requested_t"": 15.0, ""shipment_id"": ""S0050"", ""source_id"": ""A"", ""source_name"": ""Earth-Core"", ""unfulfilled_request_t"": 0.0}, {""actual_arrival_month"": ""2040-03"", ""actual_delivery_share"": 1.0, ""availability_share"": 1.0, ""feasible_t"": 15.0, ""gross_delivery_t"": 15.0, ""order_month"": ""2039-03"", ""ordered_t"": 15.0, ""planned_arrival_month"": ""2040-03"", ""requested_t"": 15.0, ""shipment_id"": ""S0051"", ""source_id"": ""A"", ""source_name"": ""Earth-Core"", ""unfulfilled_request_t"": 0.0}, {""actual_arrival_month"": ""2040-04"", ""actual_delivery_share"": 1.0, ""availability_share"": 1.0, ""feasible_t"": 15.0, ""gross_delivery_t"": 15.0, ""order_month"": ""2039-04"", ""ordered_t"": 15.0, ""planned_arrival_month"": ""2040-04"", ""requested_t"": 15.0, ""shipment_id"": ""S0052"", ""source_id"": ""A"", ""source_name"": ""Earth-Core"", ""unfulfilled_request_t"": 0.0}, {""actual_arrival_month"": ""2040-05"", ""actual_delivery_share"": 1.0, ""availability_share"": 1.0, ""feasible_t"": 15.0, ""gross_delivery_t"": 15.0, ""order_month"": ""2039-05"", ""ordered_t"": 15.0, ""planned_arrival_month"": ""2040-05"", ""requested_t"": 15.0, ""shipment_id"": ""S0053"", ""source_id"": ""A"", ""source_name"": ""Earth-Core"", ""unfulfilled_request_t"": 0.0}, {""actual_arrival_month"": ""2040-06"", ""actual_delivery_share"": 1.0, ""availability_share"": 1.0, ""feasible_t"": 15.0, ""gross_delivery_t"": 15.0, ""order_month"": ""2039-06"", ""ordered_t"": 15.0, ""planned_arrival_month"": ""2040-06"", ""requested_t"": 15.0, ""shipment_id"": ""S0054"", ""source_id"": ""A"", ""source_name"": ""Earth-Core"", ""unfulfilled_request_t"": 0.0}, {""actual_arrival_month"": ""2040-07"", ""actual_delivery_share"": 1.0, ""availability_share"": 1.0, ""feasible_t"": 15.0, ""gross_delivery_t"": 15.0, ""order_month"": ""2039-07"", ""ordered_t"": 15.0, ""planned_arrival_month"": ""2040-07"", ""requested_t"": 15.0, ""shipment_id"": ""S0055"", ""source_id"": ""A"", ""source_name"": ""Earth-Core"", ""unfulfilled_request_t"": 0.0}, {""actual_arrival_month"": ""2040-08"", ""actual_delivery_share"": 1.0, ""availability_share"": 1.0, ""feasible_t"": 15.0, ""gross_delivery_t"": 15.0, ""order_month"": ""2039-08"", ""ordered_t"": 15.0, ""planned_arrival_month"": ""2040-08"", ""requested_t"": 15.0, ""shipment_id"": ""S0056"", ""source_id"": ""A"", ""source_name"": ""Earth-Core"", ""unfulfilled_request_t"": 0.0}, {""actual_arrival_month"": ""2040-09"", ""actual_delivery_share"": 1.0, ""availability_share"": 1.0, ""feasible_t"": 15.0, ""gross_delivery_t"": 15.0, ""order_month"": ""2039-09"", ""ordered_t"": 15.0, ""planned_arrival_month"": ""2040-09"", ""requested_t"": 15.0, ""shipment_id"": ""S0057"", ""source_id"": ""A"", ""source_name"": ""Earth-Core"", ""unfulfilled_request_t"": 0.0}, {""actual_arrival_month"": ""2040-10"", ""actual_delivery_share"": 1.0, ""availability_share"": 1.0, ""feasible_t"": 15.0, ""gross_delivery_t"": 15.0, ""order_month"": ""2039-10"", ""ordered_t"": 15.0, ""planned_arrival_month"": ""2040-10"", ""requested_t"": 15.0, ""shipment_id"": ""S0058"", ""source_id"": ""A"", ""source_name"": ""Earth-Core"", ""unfulfilled_request_t"": 0.0}, {""actual_arrival_month"": ""2040-11"", ""actual_delivery_share"": 1.0, ""availability_share"": 1.0, ""feasible_t"": 15.0, ""gross_delivery_t"": 15.0, ""order_month"": ""2039-11"", ""ordered_t"": 15.0, ""planned_arrival_month"": ""2040-11"", ""requested_t"": 15.0, ""shipment_id"": ""S0059"", ""source_id"": ""A"", ""source_name"": ""Earth-Core"", ""unfulfilled_request_t"": 0.0}, {""actual_arrival_month"": ""2040-12"", ""actual_delivery_share"": 1.0, ""availability_share"": 1.0, ""feasible_t"": 15.0, ""gross_delivery_t"": 15.0, ""order_month"": ""2039-12"", ""ordered_t"": 15.0, ""planned_arrival_month"": ""2040-12"", ""requested_t"": 15.0, ""shipment_id"": ""S0060"", ""source_id"": ""A"", ""source_name"": ""Earth-Core"", ""unfulfilled_request_t"": 0.0}, {""actual_arrival_month"": ""2040-02"", ""actual_delivery_share"": 1.0, ""availability_share"": 1.0, ""feasible_t"": 7.441666666666666, ""gross_delivery_t"": 7.441666666666666, ""order_month"": ""2039-12"", ""ordered_t"": 7.441666666666666, ""planned_arrival_month"": ""2040-02"", ""requested_t"": 7.441666666666666, ""shipment_id"": ""S0167"", ""source_id"": ""D"", ""source_name"": ""Lunar-ISRU"", ""unfulfilled_request_t"": 0.0}, {""actual_arrival_month"": ""2040-03"", ""actual_delivery_share"": 1.0, ""availability_share"": 1.0, ""feasible_t"": 9.166666666666664, ""gross_delivery_t"": 9.166666666666664, ""order_month"": ""2040-01"", ""ordered_t"": 9.166666666666666, ""planned_arrival_month"": ""2040-03"", ""requested_t"": 9.166666666666666, ""shipment_id"": ""S0168"", ""source_id"": ""D"", ""source_name"": ""Lunar-ISRU"", ""unfulfilled_request_t"": 1.7763568394002505e-15}]","{""A"": 15.0, ""C"": 8.3333333333, ""D"": 7.441666666666666}","{""A"": 15.0, ""C"": 8.3333333333, ""D"": 7.441666666666666}",30.774999999966667,0.3692999999996,30.405699999967066,30.405699999967066,0.0,75.42229999996697,20.833333333333332,11.666666666666668,0.0,0.0,42.92229999996697,ZBO,120.0,0.012,"[""ZBO"", ""EARTH_NEW"", ""LUNAR_ISRU""]",2.638166999999006,6.833333333333333,"[""RESERVE_45D""]"
2040-02,42.92229999996697,32.5,20.833333333333332,"{""A"": 0, ""B"": 0, ""C"": 100.0, ""D"": 110.0, ""E"": 0}","{""C"": 8.3333333333, ""D"": 9.166666666666666}","[{""actual_arrival_month"": ""2040-03"", ""actual_delivery_share"": 1.0, ""availability_share"": 1.0, ""feasible_t"": 15.0, ""gross_delivery_t"": 15.0, ""order_month"": ""2039-03"", ""ordered_t"": 15.0, ""planned_arrival_month"": ""2040-03"", ""requested_t"": 15.0, ""shipment_id"": ""S0051"", ""source_id"": ""A"", ""source_name"": ""Earth-Core"", ""unfulfilled_request_t"": 0.0}, {""actual_arrival_month"": ""2040-04"", ""actual_delivery_share"": 1.0, ""availability_share"": 1.0, ""feasible_t"": 15.0, ""gross_delivery_t"": 15.0, ""order_month"": ""2039-04"", ""ordered_t"": 15.0, ""planned_arrival_month"": ""2040-04"", ""requested_t"": 15.0, ""shipment_id"": ""S0052"", ""source_id"": ""A"", ""source_name"": ""Earth-Core"", ""unfulfilled_request_t"": 0.0}, {""actual_arrival_month"": ""2040-05"", ""actual_delivery_share"": 1.0, ""availability_share"": 1.0, ""feasible_t"": 15.0, ""gross_delivery_t"": 15.0, ""order_month"": ""2039-05"", ""ordered_t"": 15.0, ""planned_arrival_month"": ""2040-05"", ""requested_t"": 15.0, ""shipment_id"": ""S0053"", ""source_id"": ""A"", ""source_name"": ""Earth-Core"", ""unfulfilled_request_t"": 0.0}, {""actual_arrival_month"": ""2040-06"", ""actual_delivery_share"": 1.0, ""availability_share"": 1.0, ""feasible_t"": 15.0, ""gross_delivery_t"": 15.0, ""order_month"": ""2039-06"", ""ordered_t"": 15.0, ""planned_arrival_month"": ""2040-06"", ""requested_t"": 15.0, ""shipment_id"": ""S0054"", ""source_id"": ""A"", ""source_name"": ""Earth-Core"", ""unfulfilled_request_t"": 0.0}, {""actual_arrival_month"": ""2040-07"", ""actual_delivery_share"": 1.0, ""availability_share"": 1.0, ""feasible_t"": 15.0, ""gross_delivery_t"": 15.0, ""order_month"": ""2039-07"", ""ordered_t"": 15.0, ""planned_arrival_month"": ""2040-07"", ""requested_t"": 15.0, ""shipment_id"": ""S0055"", ""source_id"": ""A"", ""source_name"": ""Earth-Core"", ""unfulfilled_request_t"": 0.0}, {""actual_arrival_month"": ""2040-08"", ""actual_delivery_share"": 1.0, ""availability_share"": 1.0, ""feasible_t"": 15.0, ""gross_delivery_t"": 15.0, ""order_month"": ""2039-08"", ""ordered_t"": 15.0, ""planned_arrival_month"": ""2040-08"", ""requested_t"": 15.0, ""shipment_id"": ""S0056"", ""source_id"": ""A"", ""source_name"": ""Earth-Core"", ""unfulfilled_request_t"": 0.0}, {""actual_arrival_month"": ""2040-09"", ""actual_delivery_share"": 1.0, ""availability_share"": 1.0, ""feasible_t"": 15.0, ""gross_delivery_t"": 15.0, ""order_month"": ""2039-09"", ""ordered_t"": 15.0, ""planned_arrival_month"": ""2040-09"", ""requested_t"": 15.0, ""shipment_id"": ""S0057"", ""source_id"": ""A"", ""source_name"": ""Earth-Core"", ""unfulfilled_request_t"": 0.0}, {""actual_arrival_month"": ""2040-10"", ""actual_delivery_share"": 1.0, ""availability_share"": 1.0, ""feasible_t"": 15.0, ""gross_delivery_t"": 15.0, ""order_month"": ""2039-10"", ""ordered_t"": 15.0, ""planned_arrival_month"": ""2040-10"", ""requested_t"": 15.0, ""shipment_id"": ""S0058"", ""source_id"": ""A"", ""source_name"": ""Earth-Core"", ""unfulfilled_request_t"": 0.0}, {""actual_arrival_month"": ""2040-11"", ""actual_delivery_share"": 1.0, ""availability_share"": 1.0, ""feasible_t"": 15.0, ""gross_delivery_t"": 15.0, ""order_month"": ""2039-11"", ""ordered_t"": 15.0, ""planned_arrival_month"": ""2040-11"", ""requested_t"": 15.0, ""shipment_id"": ""S0059"", ""source_id"": ""A"", ""source_name"": ""Earth-Core"", ""unfulfilled_request_t"": 0.0}, {""actual_arrival_month"": ""2040-12"", ""actual_delivery_share"": 1.0, ""availability_share"": 1.0, ""feasible_t"": 15.0, ""gross_delivery_t"": 15.0, ""order_month"": ""2039-12"", ""ordered_t"": 15.0, ""planned_arrival_month"": ""2040-12"", ""requested_t"": 15.0, ""shipment_id"": ""S0060"", ""source_id"": ""A"", ""source_name"": ""Earth-Core"", ""unfulfilled_request_t"": 0.0}, {""actual_arrival_month"": ""2040-03"", ""actual_delivery_share"": 1.0, ""availability_share"": 1.0, ""feasible_t"": 9.166666666666664, ""gross_delivery_t"": 9.166666666666664, ""order_month"": ""2040-01"", ""ordered_t"": 9.166666666666666, ""planned_arrival_month"": ""2040-03"", ""requested_t"": 9.166666666666666, ""shipment_id"": ""S0168"", ""source_id"": ""D"", ""source_name"": ""Lunar-ISRU"", ""unfulfilled_request_t"": 1.7763568394002505e-15}, {""actual_arrival_month"": ""2040-04"", ""actual_delivery_share"": 1.0, ""availability_share"": 1.0, ""feasible_t"": 9.166666666666664, ""gross_delivery_t"": 9.166666666666664, ""order_month"": ""2040-02"", ""ordered_t"": 9.166666666666666, ""planned_arrival_month"": ""2040-04"", ""requested_t"": 9.166666666666666, ""shipment_id"": ""S0169"", ""source_id"": ""D"", ""source_name"": ""Lunar-ISRU"", ""unfulfilled_request_t"": 1.7763568394002505e-15}]","{""A"": 15.0, ""C"": 8.3333333333, ""D"": 7.441666666666666}","{""A"": 15.0, ""C"": 8.3333333333, ""D"": 7.441666666666666}",30.774999999966667,0.3692999999996,30.405699999967066,30.405699999967066,0.0,73.32799999993404,20.833333333333332,11.666666666666668,0.0,0.0,40.827999999934036,ZBO,120.0,0.012,"[""ZBO"", ""EARTH_NEW"", ""LUNAR_ISRU""]",2.51250899999703,6.833333333333333,[]
2040-03,40.827999999934036,32.5,20.833333333333332,"{""A"": 0, ""B"": 0, ""C"": 100.0, ""D"": 110.0, ""E"": 0}","{""C"": 8.3333333333, ""D"": 9.166666666666666}","[{""actual_arrival_month"": ""2040-04"", ""actual_delivery_share"": 1.0, ""availability_share"": 1.0, ""feasible_t"": 15.0, ""gross_delivery_t"": 15.0, ""order_month"": ""2039-04"", ""ordered_t"": 15.0, ""planned_arrival_month"": ""2040-04"", ""requested_t"": 15.0, ""shipment_id"": ""S0052"", ""source_id"": ""A"", ""source_name"": ""Earth-Core"", ""unfulfilled_request_t"": 0.0}, {""actual_arrival_month"": ""2040-05"", ""actual_delivery_share"": 1.0, ""availability_share"": 1.0, ""feasible_t"": 15.0, ""gross_delivery_t"": 15.0, ""order_month"": ""2039-05"", ""ordered_t"": 15.0, ""planned_arrival_month"": ""2040-05"", ""requested_t"": 15.0, ""shipment_id"": ""S0053"", ""source_id"": ""A"", ""source_name"": ""Earth-Core"", ""unfulfilled_request_t"": 0.0}, {""actual_arrival_month"": ""2040-06"", ""actual_delivery_share"": 1.0, ""availability_share"": 1.0, ""feasible_t"": 15.0, ""gross_delivery_t"": 15.0, ""order_month"": ""2039-06"", ""ordered_t"": 15.0, ""planned_arrival_month"": ""2040-06"", ""requested_t"": 15.0, ""shipment_id"": ""S0054"", ""source_id"": ""A"", ""source_name"": ""Earth-Core"", ""unfulfilled_request_t"": 0.0}, {""actual_arrival_month"": ""2040-07"", ""actual_delivery_share"": 1.0, ""availability_share"": 1.0, ""feasible_t"": 15.0, ""gross_delivery_t"": 15.0, ""order_month"": ""2039-07"", ""ordered_t"": 15.0, ""planned_arrival_month"": ""2040-07"", ""requested_t"": 15.0, ""shipment_id"": ""S0055"", ""source_id"": ""A"", ""source_name"": ""Earth-Core"", ""unfulfilled_request_t"": 0.0}, {""actual_arrival_month"": ""2040-08"", ""actual_delivery_share"": 1.0, ""availability_share"": 1.0, ""feasible_t"": 15.0, ""gross_delivery_t"": 15.0, ""order_month"": ""2039-08"", ""ordered_t"": 15.0, ""planned_arrival_month"": ""2040-08"", ""requested_t"": 15.0, ""shipment_id"": ""S0056"", ""source_id"": ""A"", ""source_name"": ""Earth-Core"", ""unfulfilled_request_t"": 0.0}, {""actual_arrival_month"": ""2040-09"", ""actual_delivery_share"": 1.0, ""availability_share"": 1.0, ""feasible_t"": 15.0, ""gross_delivery_t"": 15.0, ""order_month"": ""2039-09"", ""ordered_t"": 15.0, ""planned_arrival_month"": ""2040-09"", ""requested_t"": 15.0, ""shipment_id"": ""S0057"", ""source_id"": ""A"", ""source_name"": ""Earth-Core"", ""unfulfilled_request_t"": 0.0}, {""actual_arrival_month"": ""2040-10"", ""actual_delivery_share"": 1.0, ""availability_share"": 1.0, ""feasible_t"": 15.0, ""gross_delivery_t"": 15.0, ""order_month"": ""2039-10"", ""ordered_t"": 15.0, ""planned_arrival_month"": ""2040-10"", ""requested_t"": 15.0, ""shipment_id"": ""S0058"", ""source_id"": ""A"", ""source_name"": ""Earth-Core"", ""unfulfilled_request_t"": 0.0}, {""actual_arrival_month"": ""2040-11"", ""actual_delivery_share"": 1.0, ""availability_share"": 1.0, ""feasible_t"": 15.0, ""gross_delivery_t"": 15.0, ""order_month"": ""2039-11"", ""ordered_t"": 15.0, ""planned_arrival_month"": ""2040-11"", ""requested_t"": 15.0, ""shipment_id"": ""S0059"", ""source_id"": ""A"", ""source_name"": ""Earth-Core"", ""unfulfilled_request_t"": 0.0}, {""actual_arrival_month"": ""2040-12"", ""actual_delivery_share"": 1.0, ""availability_share"": 1.0, ""feasible_t"": 15.0, ""gross_delivery_t"": 15.0, ""order_month"": ""2039-12"", ""ordered_t"": 15.0, ""planned_arrival_month"": ""2040-12"", ""requested_t"": 15.0, ""shipment_id"": ""S0060"", ""source_id"": ""A"", ""source_name"": ""Earth-Core"", ""unfulfilled_request_t"": 0.0}, {""actual_arrival_month"": ""2040-04"", ""actual_delivery_share"": 1.0, ""availability_share"": 1.0, ""feasible_t"": 9.166666666666664, ""gross_delivery_t"": 9.166666666666664, ""order_month"": ""2040-02"", ""ordered_t"": 9.166666666666666, ""planned_arrival_month"": ""2040-04"", ""requested_t"": 9.166666666666666, ""shipment_id"": ""S0169"", ""source_id"": ""D"", ""source_name"": ""Lunar-ISRU"", ""unfulfilled_request_t"": 1.7763568394002505e-15}, {""actual_arrival_month"": ""2040-05"", ""actual_delivery_share"": 1.0, ""availability_share"": 1.0, ""feasible_t"": 9.166666666666664, ""gross_delivery_t"": 9.166666666666664, ""order_month"": ""2040-03"", ""ordered_t"": 9.166666666666666, ""planned_arrival_month"": ""2040-05"", ""requested_t"": 9.166666666666666, ""shipment_id"": ""S0170"", ""source_id"": ""D"", ""source_name"": ""Lunar-ISRU"", ""unfulfilled_request_t"": 1.7763568394002505e-15}]","{""A"": 15.0, ""C"": 8.3333333333, ""D"": 9.166666666666664}","{""A"": 15.0, ""C"": 8.3333333333, ""D"": 9.166666666666664}",32.49999999996666,0.38999999999959994,32.10999999996706,32.10999999996706,0.0,72.9379999999011,20.833333333333332,11.666666666666668,0.0,0.0,40.437999999901095,ZBO,120.0,0.012,"[""ZBO"", ""EARTH_NEW"", ""LUNAR_ISRU""]",2.4379799999950538,6.833333333333333,[]
2040-04,40.437999999901095,32.5,20.833333333333332,"{""A"": 0, ""B"": 0, ""C"": 100.0, ""D"": 110.0, ""E"": 0}","{""C"": 8.3333333333, ""D"": 9.166666666666666}","[{""actual_arrival_month"": ""2040-05"", ""actual_delivery_share"": 1.0, ""availability_share"": 1.0, ""feasible_t"": 15.0, ""gross_delivery_t"": 15.0, ""order_month"": ""2039-05"", ""ordered_t"": 15.0, ""planned_arrival_month"": ""2040-05"", ""requested_t"": 15.0, ""shipment_id"": ""S0053"", ""source_id"": ""A"", ""source_name"": ""Earth-Core"", ""unfulfilled_request_t"": 0.0}, {""actual_arrival_month"": ""2040-06"", ""actual_delivery_share"": 1.0, ""availability_share"": 1.0, ""feasible_t"": 15.0, ""gross_delivery_t"": 15.0, ""order_month"": ""2039-06"", ""ordered_t"": 15.0, ""planned_arrival_month"": ""2040-06"", ""requested_t"": 15.0, ""shipment_id"": ""S0054"", ""source_id"": ""A"", ""source_name"": ""Earth-Core"", ""unfulfilled_request_t"": 0.0}, {""actual_arrival_month"": ""2040-07"", ""actual_delivery_share"": 1.0, ""availability_share"": 1.0, ""feasible_t"": 15.0, ""gross_delivery_t"": 15.0, ""order_month"": ""2039-07"", ""ordered_t"": 15.0, ""planned_arrival_month"": ""2040-07"", ""requested_t"": 15.0, ""shipment_id"": ""S0055"", ""source_id"": ""A"", ""source_name"": ""Earth-Core"", ""unfulfilled_request_t"": 0.0}, {""actual_arrival_month"": ""2040-08"", ""actual_delivery_share"": 1.0, ""availability_share"": 1.0, ""feasible_t"": 15.0, ""gross_delivery_t"": 15.0, ""order_month"": ""2039-08"", ""ordered_t"": 15.0, ""planned_arrival_month"": ""2040-08"", ""requested_t"": 15.0, ""shipment_id"": ""S0056"", ""source_id"": ""A"", ""source_name"": ""Earth-Core"", ""unfulfilled_request_t"": 0.0}, {""actual_arrival_month"": ""2040-09"", ""actual_delivery_share"": 1.0, ""availability_share"": 1.0, ""feasible_t"": 15.0, ""gross_delivery_t"": 15.0, ""order_month"": ""2039-09"", ""ordered_t"": 15.0, ""planned_arrival_month"": ""2040-09"", ""requested_t"": 15.0, ""shipment_id"": ""S0057"", ""source_id"": ""A"", ""source_name"": ""Earth-Core"", ""unfulfilled_request_t"": 0.0}, {""actual_arrival_month"": ""2040-10"", ""actual_delivery_share"": 1.0, ""availability_share"": 1.0, ""feasible_t"": 15.0, ""gross_delivery_t"": 15.0, ""order_month"": ""2039-10"", ""ordered_t"": 15.0, ""planned_arrival_month"": ""2040-10"", ""requested_t"": 15.0, ""shipment_id"": ""S0058"", ""source_id"": ""A"", ""source_name"": ""Earth-Core"", ""unfulfilled_request_t"": 0.0}, {""actual_arrival_month"": ""2040-11"", ""actual_delivery_share"": 1.0, ""availability_share"": 1.0, ""feasible_t"": 15.0, ""gross_delivery_t"": 15.0, ""order_month"": ""2039-11"", ""ordered_t"": 15.0, ""planned_arrival_month"": ""2040-11"", ""requested_t"": 15.0, ""shipment_id"": ""S0059"", ""source_id"": ""A"", ""source_name"": ""Earth-Core"", ""unfulfilled_request_t"": 0.0}, {""actual_arrival_month"": ""2040-12"", ""actual_delivery_share"": 1.0, ""availability_share"": 1.0, ""feasible_t"": 15.0, ""gross_delivery_t"": 15.0, ""order_month"": ""2039-12"", ""ordered_t"": 15.0, ""planned_arrival_month"": ""2040-12"", ""requested_t"": 15.0, ""shipment_id"": ""S0060"", ""source_id"": ""A"", ""source_name"": ""Earth-Core"", ""unfulfilled_request_t"": 0.0}, {""actual_arrival_month"": ""2040-05"", ""actual_delivery_share"": 1.0, ""availability_share"": 1.0, ""feasible_t"": 9.166666666666664, ""gross_delivery_t"": 9.166666666666664, ""order_month"": ""2040-03"", ""ordered_t"": 9.166666666666666, ""planned_arrival_month"": ""2040-05"", ""requested_t"": 9.166666666666666, ""shipment_id"": ""S0170"", ""source_id"": ""D"", ""source_name"": ""Lunar-ISRU"", ""unfulfilled_request_t"": 1.7763568394002505e-15}, {""actual_arrival_month"": ""2040-06"", ""actual_delivery_share"": 1.0, ""availability_share"": 1.0, ""feasible_t"": 9.166666666666664, ""gross_delivery_t"": 9.166666666666664, ""order_month"": ""2040-04"", ""ordered_t"": 9.166666666666666, ""planned_arrival_month"": ""2040-06"", ""requested_t"": 9.166666666666666, ""shipment_id"": ""S0171"", ""source_id"": ""D"", ""source_name"": ""Lunar-ISRU"", ""unfulfilled_request_t"": 1.7763568394002505e-15}]","{""A"": 15.0, ""C"": 8.3333333333, ""D"": 9.166666666666664}","{""A"": 15.0, ""C"": 8.3333333333, ""D"": 9.166666666666664}",32.49999999996666,0.38999999999959994,32.10999999996706,32.10999999996706,0.0,72.54799999986815,20.833333333333332,11.666666666666668,0.0,0.0,40.04799999986815,ZBO,120.0,0.012,"[""ZBO"", ""EARTH_NEW"", ""LUNAR_ISRU""]",2.4145799999930775,6.833333333333333,[]
2040-05,40.04799999986815,32.5,20.833333333333332,"{""A"": 0, ""B"": 0, ""C"": 100.0, ""D"": 110.0, ""E"": 0}","{""C"": 8.3333333333, ""D"": 9.166666666666666}","[{""actual_arrival_month"": ""2040-06"", ""actual_delivery_share"": 1.0, ""availability_share"": 1.0, ""feasible_t"": 15.0, ""gross_delivery_t"": 15.0, ""order_month"": ""2039-06"", ""ordered_t"": 15.0, ""planned_arrival_month"": ""2040-06"", ""requested_t"": 15.0, ""shipment_id"": ""S0054"", ""source_id"": ""A"", ""source_name"": ""Earth-Core"", ""unfulfilled_request_t"": 0.0}, {""actual_arrival_month"": ""2040-07"", ""actual_delivery_share"": 1.0, ""availability_share"": 1.0, ""feasible_t"": 15.0, ""gross_delivery_t"": 15.0, ""order_month"": ""2039-07"", ""ordered_t"": 15.0, ""planned_arrival_month"": ""2040-07"", ""requested_t"": 15.0, ""shipment_id"": ""S0055"", ""source_id"": ""A"", ""source_name"": ""Earth-Core"", ""unfulfilled_request_t"": 0.0}, {""actual_arrival_month"": ""2040-08"", ""actual_delivery_share"": 1.0, ""availability_share"": 1.0, ""feasible_t"": 15.0, ""gross_delivery_t"": 15.0, ""order_month"": ""2039-08"", ""ordered_t"": 15.0, ""planned_arrival_month"": ""2040-08"", ""requested_t"": 15.0, ""shipment_id"": ""S0056"", ""source_id"": ""A"", ""source_name"": ""Earth-Core"", ""unfulfilled_request_t"": 0.0}, {""actual_arrival_month"": ""2040-09"", ""actual_delivery_share"": 1.0, ""availability_share"": 1.0, ""feasible_t"": 15.0, ""gross_delivery_t"": 15.0, ""order_month"": ""2039-09"", ""ordered_t"": 15.0, ""planned_arrival_month"": ""2040-09"", ""requested_t"": 15.0, ""shipment_id"": ""S0057"", ""source_id"": ""A"", ""source_name"": ""Earth-Core"", ""unfulfilled_request_t"": 0.0}, {""actual_arrival_month"": ""2040-10"", ""actual_delivery_share"": 1.0, ""availability_share"": 1.0, ""feasible_t"": 15.0, ""gross_delivery_t"": 15.0, ""order_month"": ""2039-10"", ""ordered_t"": 15.0, ""planned_arrival_month"": ""2040-10"", ""requested_t"": 15.0, ""shipment_id"": ""S0058"", ""source_id"": ""A"", ""source_name"": ""Earth-Core"", ""unfulfilled_request_t"": 0.0}, {""actual_arrival_month"": ""2040-11"", ""actual_delivery_share"": 1.0, ""availability_share"": 1.0, ""feasible_t"": 15.0, ""gross_delivery_t"": 15.0, ""order_month"": ""2039-11"", ""ordered_t"": 15.0, ""planned_arrival_month"": ""2040-11"", ""requested_t"": 15.0, ""shipment_id"": ""S0059"", ""source_id"": ""A"", ""source_name"": ""Earth-Core"", ""unfulfilled_request_t"": 0.0}, {""actual_arrival_month"": ""2040-12"", ""actual_delivery_share"": 1.0, ""availability_share"": 1.0, ""feasible_t"": 15.0, ""gross_delivery_t"": 15.0, ""order_month"": ""2039-12"", ""ordered_t"": 15.0, ""planned_arrival_month"": ""2040-12"", ""requested_t"": 15.0, ""shipment_id"": ""S0060"", ""source_id"": ""A"", ""source_name"": ""Earth-Core"", ""unfulfilled_request_t"": 0.0}, {""actual_arrival_month"": ""2040-06"", ""actual_delivery_share"": 1.0, ""availability_share"": 1.0, ""feasible_t"": 9.166666666666664, ""gross_delivery_t"": 9.166666666666664, ""order_month"": ""2040-04"", ""ordered_t"": 9.166666666666666, ""planned_arrival_month"": ""2040-06"", ""requested_t"": 9.166666666666666, ""shipment_id"": ""S0171"", ""source_id"": ""D"", ""source_name"": ""Lunar-ISRU"", ""unfulfilled_request_t"": 1.7763568394002505e-15}, {""actual_arrival_month"": ""2040-07"", ""actual_delivery_share"": 1.0, ""availability_share"": 1.0, ""feasible_t"": 9.166666666666664, ""gross_delivery_t"": 9.166666666666664, ""order_month"": ""2040-05"", ""ordered_t"": 9.166666666666666, ""planned_arrival_month"": ""2040-07"", ""requested_t"": 9.166666666666666, ""shipment_id"": ""S0172"", ""source_id"": ""D"", ""source_name"": ""Lunar-ISRU"", ""unfulfilled_request_t"": 1.7763568394002505e-15}]","{""A"": 15.0, ""C"": 8.3333333333, ""D"": 9.166666666666664}","{""A"": 15.0, ""C"": 8.3333333333, ""D"": 9.166666666666664}",32.49999999996666,0.38999999999959994,32.10999999996706,32.10999999996706,0.0,72.15799999983521,20.833333333333332,11.666666666666668,0.0,0.0,39.65799999983521,ZBO,120.0,0.012,"[""ZBO"", ""EARTH_NEW"", ""LUNAR_ISRU""]",2.3911799999911008,6.833333333333333,[]
2040-06,39.65799999983521,32.5,20.833333333333332,"{""A"": 0, ""B"": 0, ""C"": 100.0, ""D"": 110.0, ""E"": 0}","{""C"": 8.3333333333, ""D"": 9.166666666666666}","[{""actual_arrival_month"": ""2040-07"", ""actual_delivery_share"": 1.0, ""availability_share"": 1.0, ""feasible_t"": 15.0, ""gross_delivery_t"": 15.0, ""order_month"": ""2039-07"", ""ordered_t"": 15.0, ""planned_arrival_month"": ""2040-07"", ""requested_t"": 15.0, ""shipment_id"": ""S0055"", ""source_id"": ""A"", ""source_name"": ""Earth-Core"", ""unfulfilled_request_t"": 0.0}, {""actual_arrival_month"": ""2040-08"", ""actual_delivery_share"": 1.0, ""availability_share"": 1.0, ""feasible_t"": 15.0, ""gross_delivery_t"": 15.0, ""order_month"": ""2039-08"", ""ordered_t"": 15.0, ""planned_arrival_month"": ""2040-08"", ""requested_t"": 15.0, ""shipment_id"": ""S0056"", ""source_id"": ""A"", ""source_name"": ""Earth-Core"", ""unfulfilled_request_t"": 0.0}, {""actual_arrival_month"": ""2040-09"", ""actual_delivery_share"": 1.0, ""availability_share"": 1.0, ""feasible_t"": 15.0, ""gross_delivery_t"": 15.0, ""order_month"": ""2039-09"", ""ordered_t"": 15.0, ""planned_arrival_month"": ""2040-09"", ""requested_t"": 15.0, ""shipment_id"": ""S0057"", ""source_id"": ""A"", ""source_name"": ""Earth-Core"", ""unfulfilled_request_t"": 0.0}, {""actual_arrival_month"": ""2040-10"", ""actual_delivery_share"": 1.0, ""availability_share"": 1.0, ""feasible_t"": 15.0, ""gross_delivery_t"": 15.0, ""order_month"": ""2039-10"", ""ordered_t"": 15.0, ""planned_arrival_month"": ""2040-10"", ""requested_t"": 15.0, ""shipment_id"": ""S0058"", ""source_id"": ""A"", ""source_name"": ""Earth-Core"", ""unfulfilled_request_t"": 0.0}, {""actual_arrival_month"": ""2040-11"", ""actual_delivery_share"": 1.0, ""availability_share"": 1.0, ""feasible_t"": 15.0, ""gross_delivery_t"": 15.0, ""order_month"": ""2039-11"", ""ordered_t"": 15.0, ""planned_arrival_month"": ""2040-11"", ""requested_t"": 15.0, ""shipment_id"": ""S0059"", ""source_id"": ""A"", ""source_name"": ""Earth-Core"", ""unfulfilled_request_t"": 0.0}, {""actual_arrival_month"": ""2040-12"", ""actual_delivery_share"": 1.0, ""availability_share"": 1.0, ""feasible_t"": 15.0, ""gross_delivery_t"": 15.0, ""order_month"": ""2039-12"", ""ordered_t"": 15.0, ""planned_arrival_month"": ""2040-12"", ""requested_t"": 15.0, ""shipment_id"": ""S0060"", ""source_id"": ""A"", ""source_name"": ""Earth-Core"", ""unfulfilled_request_t"": 0.0}, {""actual_arrival_month"": ""2040-07"", ""actual_delivery_share"": 1.0, ""availability_share"": 1.0, ""feasible_t"": 9.166666666666664, ""gross_delivery_t"": 9.166666666666664, ""order_month"": ""2040-05"", ""ordered_t"": 9.166666666666666, ""planned_arrival_month"": ""2040-07"", ""requested_t"": 9.166666666666666, ""shipment_id"": ""S0172"", ""source_id"": ""D"", ""source_name"": ""Lunar-ISRU"", ""unfulfilled_request_t"": 1.7763568394002505e-15}, {""actual_arrival_month"": ""2040-08"", ""actual_delivery_share"": 1.0, ""availability_share"": 1.0, ""feasible_t"": 9.166666666666664, ""gross_delivery_t"": 9.166666666666664, ""order_month"": ""2040-06"", ""ordered_t"": 9.166666666666666, ""planned_arrival_month"": ""2040-08"", ""requested_t"": 9.166666666666666, ""shipment_id"": ""S0173"", ""source_id"": ""D"", ""source_name"": ""Lunar-ISRU"", ""unfulfilled_request_t"": 1.7763568394002505e-15}]","{""A"": 15.0, ""C"": 8.3333333333, ""D"": 9.166666666666664}","{""A"": 15.0, ""C"": 8.3333333333, ""D"": 9.166666666666664}",32.49999999996666,0.38999999999959994,32.10999999996706,32.10999999996706,0.0,71.76799999980227,20.833333333333332,11.666666666666668,0.0,0.0,39.26799999980227,ZBO,120.0,0.012,"[""ZBO"", ""EARTH_NEW"", ""LUNAR_ISRU""]",2.3677799999891245,6.833333333333333,[]
2040-07,39.26799999980227,32.5,20.833333333333332,"{""A"": 0, ""B"": 0, ""C"": 100.0, ""D"": 110.0, ""E"": 0}","{""C"": 8.3333333333, ""D"": 9.166666666666666}","[{""actual_arrival_month"": ""2040-08"", ""actual_delivery_share"": 1.0, ""availability_share"": 1.0, ""feasible_t"": 15.0, ""gross_delivery_t"": 15.0, ""order_month"": ""2039-08"", ""ordered_t"": 15.0, ""planned_arrival_month"": ""2040-08"", ""requested_t"": 15.0, ""shipment_id"": ""S0056"", ""source_id"": ""A"", ""source_name"": ""Earth-Core"", ""unfulfilled_request_t"": 0.0}, {""actual_arrival_month"": ""2040-09"", ""actual_delivery_share"": 1.0, ""availability_share"": 1.0, ""feasible_t"": 15.0, ""gross_delivery_t"": 15.0, ""order_month"": ""2039-09"", ""ordered_t"": 15.0, ""planned_arrival_month"": ""2040-09"", ""requested_t"": 15.0, ""shipment_id"": ""S0057"", ""source_id"": ""A"", ""source_name"": ""Earth-Core"", ""unfulfilled_request_t"": 0.0}, {""actual_arrival_month"": ""2040-10"", ""actual_delivery_share"": 1.0, ""availability_share"": 1.0, ""feasible_t"": 15.0, ""gross_delivery_t"": 15.0, ""order_month"": ""2039-10"", ""ordered_t"": 15.0, ""planned_arrival_month"": ""2040-10"", ""requested_t"": 15.0, ""shipment_id"": ""S0058"", ""source_id"": ""A"", ""source_name"": ""Earth-Core"", ""unfulfilled_request_t"": 0.0}, {""actual_arrival_month"": ""2040-11"", ""actual_delivery_share"": 1.0, ""availability_share"": 1.0, ""feasible_t"": 15.0, ""gross_delivery_t"": 15.0, ""order_month"": ""2039-11"", ""ordered_t"": 15.0, ""planned_arrival_month"": ""2040-11"", ""requested_t"": 15.0, ""shipment_id"": ""S0059"", ""source_id"": ""A"", ""source_name"": ""Earth-Core"", ""unfulfilled_request_t"": 0.0}, {""actual_arrival_month"": ""2040-12"", ""actual_delivery_share"": 1.0, ""availability_share"": 1.0, ""feasible_t"": 15.0, ""gross_delivery_t"": 15.0, ""order_month"": ""2039-12"", ""ordered_t"": 15.0, ""planned_arrival_month"": ""2040-12"", ""requested_t"": 15.0, ""shipment_id"": ""S0060"", ""source_id"": ""A"", ""source_name"": ""Earth-Core"", ""unfulfilled_request_t"": 0.0}, {""actual_arrival_month"": ""2040-08"", ""actual_delivery_share"": 1.0, ""availability_share"": 1.0, ""feasible_t"": 9.166666666666664, ""gross_delivery_t"": 9.166666666666664, ""order_month"": ""2040-06"", ""ordered_t"": 9.166666666666666, ""planned_arrival_month"": ""2040-08"", ""requested_t"": 9.166666666666666, ""shipment_id"": ""S0173"", ""source_id"": ""D"", ""source_name"": ""Lunar-ISRU"", ""unfulfilled_request_t"": 1.7763568394002505e-15}, {""actual_arrival_month"": ""2040-09"", ""actual_delivery_share"": 1.0, ""availability_share"": 1.0, ""feasible_t"": 9.166666666666664, ""gross_delivery_t"": 9.166666666666664, ""order_month"": ""2040-07"", ""ordered_t"": 9.166666666666666, ""planned_arrival_month"": ""2040-09"", ""requested_t"": 9.166666666666666, ""shipment_id"": ""S0174"", ""source_id"": ""D"", ""source_name"": ""Lunar-ISRU"", ""unfulfilled_request_t"": 1.7763568394002505e-15}]","{""A"": 15.0, ""C"": 8.3333333333, ""D"": 9.166666666666664}","{""A"": 15.0, ""C"": 8.3333333333, ""D"": 9.166666666666664}",32.49999999996666,0.38999999999959994,32.10999999996706,32.10999999996706,0.0,71.37799999976933,20.833333333333332,11.666666666666668,0.0,0.0,38.87799999976933,ZBO,120.0,0.012,"[""ZBO"", ""EARTH_NEW"", ""LUNAR_ISRU""]",2.3443799999871477,6.833333333333333,[]
2040-08,38.87799999976933,32.5,20.833333333333332,"{""A"": 0, ""B"": 0, ""C"": 100.0, ""D"": 110.0, ""E"": 0}","{""C"": 8.3333333333, ""D"": 9.166666666666666}","[{""actual_arrival_month"": ""2040-09"", ""actual_delivery_share"": 1.0, ""availability_share"": 1.0, ""feasible_t"": 15.0, ""gross_delivery_t"": 15.0, ""order_month"": ""2039-09"", ""ordered_t"": 15.0, ""planned_arrival_month"": ""2040-09"", ""requested_t"": 15.0, ""shipment_id"": ""S0057"", ""source_id"": ""A"", ""source_name"": ""Earth-Core"", ""unfulfilled_request_t"": 0.0}, {""actual_arrival_month"": ""2040-10"", ""actual_delivery_share"": 1.0, ""availability_share"": 1.0, ""feasible_t"": 15.0, ""gross_delivery_t"": 15.0, ""order_month"": ""2039-10"", ""ordered_t"": 15.0, ""planned_arrival_month"": ""2040-10"", ""requested_t"": 15.0, ""shipment_id"": ""S0058"", ""source_id"": ""A"", ""source_name"": ""Earth-Core"", ""unfulfilled_request_t"": 0.0}, {""actual_arrival_month"": ""2040-11"", ""actual_delivery_share"": 1.0, ""availability_share"": 1.0, ""feasible_t"": 15.0, ""gross_delivery_t"": 15.0, ""order_month"": ""2039-11"", ""ordered_t"": 15.0, ""planned_arrival_month"": ""2040-11"", ""requested_t"": 15.0, ""shipment_id"": ""S0059"", ""source_id"": ""A"", ""source_name"": ""Earth-Core"", ""unfulfilled_request_t"": 0.0}, {""actual_arrival_month"": ""2040-12"", ""actual_delivery_share"": 1.0, ""availability_share"": 1.0, ""feasible_t"": 15.0, ""gross_delivery_t"": 15.0, ""order_month"": ""2039-12"", ""ordered_t"": 15.0, ""planned_arrival_month"": ""2040-12"", ""requested_t"": 15.0, ""shipment_id"": ""S0060"", ""source_id"": ""A"", ""source_name"": ""Earth-Core"", ""unfulfilled_request_t"": 0.0}, {""actual_arrival_month"": ""2040-09"", ""actual_delivery_share"": 1.0, ""availability_share"": 1.0, ""feasible_t"": 9.166666666666664, ""gross_delivery_t"": 9.166666666666664, ""order_month"": ""2040-07"", ""ordered_t"": 9.166666666666666, ""planned_arrival_month"": ""2040-09"", ""requested_t"": 9.166666666666666, ""shipment_id"": ""S0174"", ""source_id"": ""D"", ""source_name"": ""Lunar-ISRU"", ""unfulfilled_request_t"": 1.7763568394002505e-15}, {""actual_arrival_month"": ""2040-10"", ""actual_delivery_share"": 1.0, ""availability_share"": 1.0, ""feasible_t"": 9.166666666666664, ""gross_delivery_t"": 9.166666666666664, ""order_month"": ""2040-08"", ""ordered_t"": 9.166666666666666, ""planned_arrival_month"": ""2040-10"", ""requested_t"": 9.166666666666666, ""shipment_id"": ""S0175"", ""source_id"": ""D"", ""source_name"": ""Lunar-ISRU"", ""unfulfilled_request_t"": 1.7763568394002505e-15}]","{""A"": 15.0, ""C"": 8.3333333333, ""D"": 9.166666666666664}","{""A"": 15.0, ""C"": 8.3333333333, ""D"": 9.166666666666664}",32.49999999996666,0.38999999999959994,32.10999999996706,32.10999999996706,0.0,70.98799999973639,20.833333333333332,11.666666666666668,0.0,0.0,38.48799999973639,ZBO,120.0,0.012,"[""ZBO"", ""EARTH_NEW"", ""LUNAR_ISRU""]",2.3209799999851715,6.833333333333333,[]
2040-09,38.48799999973639,32.5,20.833333333333332,"{""A"": 0, ""B"": 0, ""C"": 100.0, ""D"": 110.0, ""E"": 0}","{""C"": 8.3333333333, ""D"": 9.166666666666666}","[{""actual_arrival_month"": ""2040-10"", ""actual_delivery_share"": 1.0, ""availability_share"": 1.0, ""feasible_t"": 15.0, ""gross_delivery_t"": 15.0, ""order_month"": ""2039-10"", ""ordered_t"": 15.0, ""planned_arrival_month"": ""2040-10"", ""requested_t"": 15.0, ""shipment_id"": ""S0058"", ""source_id"": ""A"", ""source_name"": ""Earth-Core"", ""unfulfilled_request_t"": 0.0}, {""actual_arrival_month"": ""2040-11"", ""actual_delivery_share"": 1.0, ""availability_share"": 1.0, ""feasible_t"": 15.0, ""gross_delivery_t"": 15.0, ""order_month"": ""2039-11"", ""ordered_t"": 15.0, ""planned_arrival_month"": ""2040-11"", ""requested_t"": 15.0, ""shipment_id"": ""S0059"", ""source_id"": ""A"", ""source_name"": ""Earth-Core"", ""unfulfilled_request_t"": 0.0}, {""actual_arrival_month"": ""2040-12"", ""actual_delivery_share"": 1.0, ""availability_share"": 1.0, ""feasible_t"": 15.0, ""gross_delivery_t"": 15.0, ""order_month"": ""2039-12"", ""ordered_t"": 15.0, ""planned_arrival_month"": ""2040-12"", ""requested_t"": 15.0, ""shipment_id"": ""S0060"", ""source_id"": ""A"", ""source_name"": ""Earth-Core"", ""unfulfilled_request_t"": 0.0}, {""actual_arrival_month"": ""2040-10"", ""actual_delivery_share"": 1.0, ""availability_share"": 1.0, ""feasible_t"": 9.166666666666664, ""gross_delivery_t"": 9.166666666666664, ""order_month"": ""2040-08"", ""ordered_t"": 9.166666666666666, ""planned_arrival_month"": ""2040-10"", ""requested_t"": 9.166666666666666, ""shipment_id"": ""S0175"", ""source_id"": ""D"", ""source_name"": ""Lunar-ISRU"", ""unfulfilled_request_t"": 1.7763568394002505e-15}, {""actual_arrival_month"": ""2040-11"", ""actual_delivery_share"": 1.0, ""availability_share"": 1.0, ""feasible_t"": 9.166666666666664, ""gross_delivery_t"": 9.166666666666664, ""order_month"": ""2040-09"", ""ordered_t"": 9.166666666666666, ""planned_arrival_month"": ""2040-11"", ""requested_t"": 9.166666666666666, ""shipment_id"": ""S0176"", ""source_id"": ""D"", ""source_name"": ""Lunar-ISRU"", ""unfulfilled_request_t"": 1.7763568394002505e-15}]","{""A"": 15.0, ""C"": 8.3333333333, ""D"": 9.166666666666664}","{""A"": 15.0, ""C"": 8.3333333333, ""D"": 9.166666666666664}",32.49999999996666,0.38999999999959994,32.10999999996706,32.10999999996706,0.0,70.59799999970345,20.833333333333332,11.666666666666668,0.0,0.0,38.09799999970345,ZBO,120.0,0.012,"[""ZBO"", ""EARTH_NEW"", ""LUNAR_ISRU""]",2.297579999983195,6.833333333333333,[]
2040-10,38.09799999970345,32.5,20.833333333333332,"{""A"": 0, ""B"": 0, ""C"": 100.0, ""D"": 110.0, ""E"": 0}","{""C"": 8.3333333333, ""D"": 9.166666666666666}","[{""actual_arrival_month"": ""2040-11"", ""actual_delivery_share"": 1.0, ""availability_share"": 1.0, ""feasible_t"": 15.0, ""gross_delivery_t"": 15.0, ""order_month"": ""2039-11"", ""ordered_t"": 15.0, ""planned_arrival_month"": ""2040-11"", ""requested_t"": 15.0, ""shipment_id"": ""S0059"", ""source_id"": ""A"", ""source_name"": ""Earth-Core"", ""unfulfilled_request_t"": 0.0}, {""actual_arrival_month"": ""2040-12"", ""actual_delivery_share"": 1.0, ""availability_share"": 1.0, ""feasible_t"": 15.0, ""gross_delivery_t"": 15.0, ""order_month"": ""2039-12"", ""ordered_t"": 15.0, ""planned_arrival_month"": ""2040-12"", ""requested_t"": 15.0, ""shipment_id"": ""S0060"", ""source_id"": ""A"", ""source_name"": ""Earth-Core"", ""unfulfilled_request_t"": 0.0}, {""actual_arrival_month"": ""2040-11"", ""actual_delivery_share"": 1.0, ""availability_share"": 1.0, ""feasible_t"": 9.166666666666664, ""gross_delivery_t"": 9.166666666666664, ""order_month"": ""2040-09"", ""ordered_t"": 9.166666666666666, ""planned_arrival_month"": ""2040-11"", ""requested_t"": 9.166666666666666, ""shipment_id"": ""S0176"", ""source_id"": ""D"", ""source_name"": ""Lunar-ISRU"", ""unfulfilled_request_t"": 1.7763568394002505e-15}, {""actual_arrival_month"": ""2040-12"", ""actual_delivery_share"": 1.0, ""availability_share"": 1.0, ""feasible_t"": 9.166666666666664, ""gross_delivery_t"": 9.166666666666664, ""order_month"": ""2040-10"", ""ordered_t"": 9.166666666666666, ""planned_arrival_month"": ""2040-12"", ""requested_t"": 9.166666666666666, ""shipment_id"": ""S0177"", ""source_id"": ""D"", ""source_name"": ""Lunar-ISRU"", ""unfulfilled_request_t"": 1.7763568394002505e-15}]","{""A"": 15.0, ""C"": 8.3333333333, ""D"": 9.166666666666664}","{""A"": 15.0, ""C"": 8.3333333333, ""D"": 9.166666666666664}",32.49999999996666,0.38999999999959994,32.10999999996706,32.10999999996706,0.0,70.2079999996705,20.833333333333332,11.666666666666668,0.0,0.0,37.707999999670506,ZBO,120.0,0.012,"[""ZBO"", ""EARTH_NEW"", ""LUNAR_ISRU""]",2.2741799999812184,6.833333333333333,[]
2040-11,37.707999999670506,32.5,20.833333333333332,"{""A"": 0, ""B"": 0, ""C"": 100.0, ""D"": 110.0, ""E"": 0}","{""C"": 8.3333333333, ""D"": 9.166666666666666}","[{""actual_arrival_month"": ""2040-12"", ""actual_delivery_share"": 1.0, ""availability_share"": 1.0, ""feasible_t"": 15.0, ""gross_delivery_t"": 15.0, ""order_month"": ""2039-12"", ""ordered_t"": 15.0, ""planned_arrival_month"": ""2040-12"", ""requested_t"": 15.0, ""shipment_id"": ""S0060"", ""source_id"": ""A"", ""source_name"": ""Earth-Core"", ""unfulfilled_request_t"": 0.0}, {""actual_arrival_month"": ""2040-12"", ""actual_delivery_share"": 1.0, ""availability_share"": 1.0, ""feasible_t"": 9.166666666666664, ""gross_delivery_t"": 9.166666666666664, ""order_month"": ""2040-10"", ""ordered_t"": 9.166666666666666, ""planned_arrival_month"": ""2040-12"", ""requested_t"": 9.166666666666666, ""shipment_id"": ""S0177"", ""source_id"": ""D"", ""source_name"": ""Lunar-ISRU"", ""unfulfilled_request_t"": 1.7763568394002505e-15}, {""actual_arrival_month"": ""2041-01"", ""actual_delivery_share"": 1.0, ""availability_share"": 1.0, ""feasible_t"": 9.166666666666664, ""gross_delivery_t"": 9.166666666666664, ""order_month"": ""2040-11"", ""ordered_t"": 9.166666666666666, ""planned_arrival_month"": ""2041-01"", ""requested_t"": 9.166666666666666, ""shipment_id"": ""S0178"", ""source_id"": ""D"", ""source_name"": ""Lunar-ISRU"", ""unfulfilled_request_t"": 1.7763568394002505e-15}]","{""A"": 15.0, ""C"": 8.3333333333, ""D"": 9.166666666666664}","{""A"": 15.0, ""C"": 8.3333333333, ""D"": 9.166666666666664}",32.49999999996666,0.38999999999959994,32.10999999996706,32.10999999996706,0.0,69.81799999963756,20.833333333333332,11.666666666666668,0.0,0.0,37.317999999637564,ZBO,120.0,0.012,"[""ZBO"", ""EARTH_NEW"", ""LUNAR_ISRU""]",2.2507799999792417,6.833333333333333,[]
2040-12,37.317999999637564,32.5,20.833333333333332,"{""A"": 0, ""B"": 0, ""C"": 100.0, ""D"": 110.0, ""E"": 0}","{""C"": 8.3333333333, ""D"": 9.166666666666666}","[{""actual_arrival_month"": ""2041-01"", ""actual_delivery_share"": 1.0, ""availability_share"": 1.0, ""feasible_t"": 9.166666666666664, ""gross_delivery_t"": 9.166666666666664, ""order_month"": ""2040-11"", ""ordered_t"": 9.166666666666666, ""planned_arrival_month"": ""2041-01"", ""requested_t"": 9.166666666666666, ""shipment_id"": ""S0178"", ""source_id"": ""D"", ""source_name"": ""Lunar-ISRU"", ""unfulfilled_request_t"": 1.7763568394002505e-15}, {""actual_arrival_month"": ""2041-02"", ""actual_delivery_share"": 1.0, ""availability_share"": 1.0, ""feasible_t"": 9.166666666666664, ""gross_delivery_t"": 9.166666666666664, ""order_month"": ""2040-12"", ""ordered_t"": 9.166666666666666, ""planned_arrival_month"": ""2041-02"", ""requested_t"": 9.166666666666666, ""shipment_id"": ""S0179"", ""source_id"": ""D"", ""source_name"": ""Lunar-ISRU"", ""unfulfilled_request_t"": 1.7763568394002505e-15}]","{""A"": 15.0, ""C"": 8.3333333333, ""D"": 9.166666666666664}","{""A"": 15.0, ""C"": 8.3333333333, ""D"": 9.166666666666664}",32.49999999996666,0.38999999999959994,32.10999999996706,32.10999999996706,0.0,69.42799999960462,20.833333333333332,11.666666666666668,0.0,0.0,36.92799999960462,ZBO,120.0,0.012,"[""ZBO"", ""EARTH_NEW"", ""LUNAR_ISRU""]",2.2273799999772654,6.833333333333333,[]
