month,opening_inventory_t,demand_total_t,demand_critical_t,reserved_by_source,requested_order_by_source,pipeline,planned_arrival_by_source,gross_delivery_by_source,gross_delivery_t,losses_t,net_delivery_t,accepted_delivery_t,overflow_t,available_inventory_t,served_critical_t,served_noncritical_t,shortage_critical_t,shortage_noncritical_t,closing_inventory_t,active_storage_id,active_storage_capacity_t,active_loss_rate,active_investments,holding_cost_mln,fixed_opex_mln,violations
2035-01,60.0000000000095,8.333333333333334,6.666666666666667,"{""A"": 120.0, ""B"": 90.0, ""C"": 0, ""D"": 0, ""E"": 0}","{""A"": 10.0, ""B"": 7.5}","[{""actual_arrival_month"": ""2036-01"", ""actual_delivery_share"": 1.0, ""availability_share"": 1.0, ""feasible_t"": 10.0, ""gross_delivery_t"": 10.0, ""order_month"": ""2035-01"", ""ordered_t"": 10.0, ""planned_arrival_month"": ""2036-01"", ""requested_t"": 10.0, ""shipment_id"": ""S0001"", ""source_id"": ""A"", ""source_name"": ""Earth-Core"", ""unfulfilled_request_t"": 0.0}, {""actual_arrival_month"": ""2035-05"", ""actual_delivery_share"": 1.0, ""availability_share"": 1.0, ""feasible_t"": 7.5, ""gross_delivery_t"": 7.5, ""order_month"": ""2035-01"", ""ordered_t"": 7.5, ""planned_arrival_month"": ""2035-05"", ""requested_t"": 7.5, ""shipment_id"": ""S0061"", ""source_id"": ""B"", ""source_name"": ""Earth-Flex"", ""unfulfilled_request_t"": 0.0}]",{},{},0,0.0,0.0,0.0,0.0,60.0000000000095,6.666666666666667,1.666666666666667,0.0,0.0,51.66666666667617,BASE,70.0,0.045,[],3.35000000000057,0.0,[]
2035-02,51.66666666667617,8.333333333333334,6.666666666666667,"{""A"": 120.0, ""B"": 90.0, ""C"": 0, ""D"": 0, ""E"": 0}","{""A"": 10.0, ""B"": 7.5}","[{""actual_arrival_month"": ""2036-01"", ""actual_delivery_share"": 1.0, ""availability_share"": 1.0, ""feasible_t"": 10.0, ""gross_delivery_t"": 10.0, ""order_month"": ""2035-01"", ""ordered_t"": 10.0, ""planned_arrival_month"": ""2036-01"", ""requested_t"": 10.0, ""shipment_id"": ""S0001"", ""source_id"": ""A"", ""source_name"": ""Earth-Core"", ""unfulfilled_request_t"": 0.0}, {""actual_arrival_month"": ""2036-02"", ""actual_delivery_share"": 1.0, ""availability_share"": 1.0, ""feasible_t"": 10.0, ""gross_delivery_t"": 10.0, ""order_month"": ""2035-02"", ""ordered_t"": 10.0, ""planned_arrival_month"": ""2036-02"", ""requested_t"": 10.0, ""shipment_id"": ""S0002"", ""source_id"": ""A"", ""source_name"": ""Earth-Core"", ""unfulfilled_request_t"": 0.0}, {""actual_arrival_month"": ""2035-05"", ""actual_delivery_share"": 1.0, ""availability_share"": 1.0, ""feasible_t"": 7.5, ""gross_delivery_t"": 7.5, ""order_month"": ""2035-01"", ""ordered_t"": 7.5, ""planned_arrival_month"": ""2035-05"", ""requested_t"": 7.5, ""shipment_id"": ""S0061"", ""source_id"": ""B"", ""source_name"": ""Earth-Flex"", ""unfulfilled_request_t"": 0.0}, {""actual_arrival_month"": ""2035-06"", ""actual_delivery_share"": 1.0, ""availability_share"": 1.0, ""feasible_t"": 7.5, ""gross_delivery_t"": 7.5, ""order_month"": ""2035-02"", ""ordered_t"": 7.5, ""planned_arrival_month"": ""2035-06"", ""requested_t"": 7.5, ""shipment_id"": ""S0062"", ""source_id"": ""B"", ""source_name"": ""Earth-Flex"", ""unfulfilled_request_t"": 0.0}]",{},{},0,0.0,0.0,0.0,0.0,51.66666666667617,6.666666666666667,1.666666666666667,0.0,0.0,43.33333333334284,BASE,70.0,0.045,[],2.8500000000005703,0.0,[]
2035-03,43.33333333334284,8.333333333333334,6.666666666666667,"{""A"": 120.0, ""B"": 90.0, ""C"": 0, ""D"": 0, ""E"": 0}","{""A"": 10.0, ""B"": 7.5}","[{""actual_arrival_month"": ""2036-01"", ""actual_delivery_share"": 1.0, ""availability_share"": 1.0, ""feasible_t"": 10.0, ""gross_delivery_t"": 10.0, ""order_month"": ""2035-01"", ""ordered_t"": 10.0, ""planned_arrival_month"": ""2036-01"", ""requested_t"": 10.0, ""shipment_id"": ""S0001"", ""source_id"": ""A"", ""source_name"": ""Earth-Core"", ""unfulfilled_request_t"": 0.0}, {""actual_arrival_month"": ""2036-02"", ""actual_delivery_share"": 1.0, ""availability_share"": 1.0, ""feasible_t"": 10.0, ""gross_delivery_t"": 10.0, ""order_month"": ""2035-02"", ""ordered_t"": 10.0, ""planned_arrival_month"": ""2036-02"", ""requested_t"": 10.0, ""shipment_id"": ""S0002"", ""source_id"": ""A"", ""source_name"": ""Earth-Core"", ""unfulfilled_request_t"": 0.0}, {""actual_arrival_month"": ""2036-03"", ""actual_delivery_share"": 1.0, ""availability_share"": 1.0, ""feasible_t"": 10.0, ""gross_delivery_t"": 10.0, ""order_month"": ""2035-03"", ""ordered_t"": 10.0, ""planned_arrival_month"": ""2036-03"", ""requested_t"": 10.0, ""shipment_id"": ""S0003"", ""source_id"": ""A"", ""source_name"": ""Earth-Core"", ""unfulfilled_request_t"": 0.0}, {""actual_arrival_month"": ""2035-05"", ""actual_delivery_share"": 1.0, ""availability_share"": 1.0, ""feasible_t"": 7.5, ""gross_delivery_t"": 7.5, ""order_month"": ""2035-01"", ""ordered_t"": 7.5, ""planned_arrival_month"": ""2035-05"", ""requested_t"": 7.5, ""shipment_id"": ""S0061"", ""source_id"": ""B"", ""source_name"": ""Earth-Flex"", ""unfulfilled_request_t"": 0.0}, {""actual_arrival_month"": ""2035-06"", ""actual_delivery_share"": 1.0, ""availability_share"": 1.0, ""feasible_t"": 7.5, ""gross_delivery_t"": 7.5, ""order_month"": ""2035-02"", ""ordered_t"": 7.5, ""planned_arrival_month"": ""2035-06"", ""requested_t"": 7.5, ""shipment_id"": ""S0062"", ""source_id"": ""B"", ""source_name"": ""Earth-Flex"", ""unfulfilled_request_t"": 0.0}, {""actual_arrival_month"": ""2035-07"", ""actual_delivery_share"": 1.0, ""availability_share"": 1.0, ""feasible_t"": 7.5, ""gross_delivery_t"": 7.5, ""order_month"": ""2035-03"", ""ordered_t"": 7.5, ""planned_arrival_month"": ""2035-07"", ""requested_t"": 7.5, ""shipment_id"": ""S0063"", ""source_id"": ""B"", ""source_name"": ""Earth-Flex"", ""unfulfilled_request_t"": 0.0}]",{},{},0,0.0,0.0,0.0,0.0,43.33333333334284,6.666666666666667,1.666666666666667,0.0,0.0,35.000000000009514,BASE,70.0,0.045,[],2.3500000000005707,0.0,[]
2035-04,35.000000000009514,8.333333333333334,6.666666666666667,"{""A"": 120.0, ""B"": 90.0, ""C"": 0, ""D"": 0, ""E"": 0}","{""A"": 10.0, ""B"": 7.5}","[{""actual_arrival_month"": ""2036-01"", ""actual_delivery_share"": 1.0, ""availability_share"": 1.0, ""feasible_t"": 10.0, ""gross_delivery_t"": 10.0, ""order_month"": ""2035-01"", ""ordered_t"": 10.0, ""planned_arrival_month"": ""2036-01"", ""requested_t"": 10.0, ""shipment_id"": ""S0001"", ""source_id"": ""A"", ""source_name"": ""Earth-Core"", ""unfulfilled_request_t"": 0.0}, {""actual_arrival_month"": ""2036-02"", ""actual_delivery_share"": 1.0, ""availability_share"": 1.0, ""feasible_t"": 10.0, ""gross_delivery_t"": 10.0, ""order_month"": ""2035-02"", ""ordered_t"": 10.0, ""planned_arrival_month"": ""2036-02"", ""requested_t"": 10.0, ""shipment_id"": ""S0002"", ""source_id"": ""A"", ""source_name"": ""Earth-Core"", ""unfulfilled_request_t"": 0.0}, {""actual_arrival_month"": ""2036-03"", ""actual_delivery_share"": 1.0, ""availability_share"": 1.0, ""feasible_t"": 10.0, ""gross_delivery_t"": 10.0, ""order_month"": ""2035-03"", ""ordered_t"": 10.0, ""planned_arrival_month"": ""2036-03"", ""requested_t"": 10.0, ""shipment_id"": ""S0003"", ""source_id"": ""A"", ""source_name"": ""Earth-Core"", ""unfulfilled_request_t"": 0.0}, {""actual_arrival_month"": ""2036-04"", ""actual_delivery_share"": 1.0, ""availability_share"": 1.0, ""feasible_t"": 10.0, ""gross_delivery_t"": 10.0, ""order_month"": ""2035-04"", ""ordered_t"": 10.0, ""planned_arrival_month"": ""2036-04"", ""requested_t"": 10.0, ""shipment_id"": ""S0004"", ""source_id"": ""A"", ""source_name"": ""Earth-Core"", ""unfulfilled_request_t"": 0.0}, {""actual_arrival_month"": ""2035-05"", ""actual_delivery_share"": 1.0, ""availability_share"": 1.0, ""feasible_t"": 7.5, ""gross_delivery_t"": 7.5, ""order_month"": ""2035-01"", ""ordered_t"": 7.5, ""planned_arrival_month"": ""2035-05"", ""requested_t"": 7.5, ""shipment_id"": ""S0061"", ""source_id"": ""B"", ""source_name"": ""Earth-Flex"", ""unfulfilled_request_t"": 0.0}, {""actual_arrival_month"": ""2035-06"", ""actual_delivery_share"": 1.0, ""availability_share"": 1.0, ""feasible_t"": 7.5, ""gross_delivery_t"": 7.5, ""order_month"": ""2035-02"", ""ordered_t"": 7.5, ""planned_arrival_month"": ""2035-06"", ""requested_t"": 7.5, ""shipment_id"": ""S0062"", ""source_id"": ""B"", ""source_name"": ""Earth-Flex"", ""unfulfilled_request_t"": 0.0}, {""actual_arrival_month"": ""2035-07"", ""actual_delivery_share"": 1.0, ""availability_share"": 1.0, ""feasible_t"": 7.5, ""gross_delivery_t"": 7.5, ""order_month"": ""2035-03"", ""ordered_t"": 7.5, ""planned_arrival_month"": ""2035-07"", ""requested_t"": 7.5, ""shipment_id"": ""S0063"", ""source_id"": ""B"", ""source_name"": ""Earth-Flex"", ""unfulfilled_request_t"": 0.0}, {""actual_arrival_month"": ""2035-08"", ""actual_delivery_share"": 1.0, ""availability_share"": 1.0, ""feasible_t"": 7.5, ""gross_delivery_t"": 7.5, ""order_month"": ""2035-04"", ""ordered_t"": 7.5, ""planned_arrival_month"": ""2035-08"", ""requested_t"": 7.5, ""shipment_id"": ""S0064"", ""source_id"": ""B"", ""source_name"": ""Earth-Flex"", ""unfulfilled_request_t"": 0.0}]",{},{},0,0.0,0.0,0.0,0.0,35.000000000009514,6.666666666666667,1.666666666666667,0.0,0.0,26.66666666667618,BASE,70.0,0.045,[],1.8500000000005707,0.0,[]
2035-05,26.66666666667618,8.333333333333334,6.666666666666667,"{""A"": 120.0, ""B"": 90.0, ""C"": 0, ""D"": 0, ""E"": 0}","{""A"": 10.0, ""B"": 7.5}","[{""actual_arrival_month"": ""2036-01"", ""actual_delivery_share"": 1.0, ""availability_share"": 1.0, ""feasible_t"": 10.0, ""gross_delivery_t"": 10.0, ""order_month"": ""2035-01"", ""ordered_t"": 10.0, ""planned_arrival_month"": ""2036-01"", ""requested_t"": 10.0, ""shipment_id"": ""S0001"", ""source_id"": ""A"", ""source_name"": ""Earth-Core"", ""unfulfilled_request_t"": 0.0}, {""actual_arrival_month"": ""2036-02"", ""actual_delivery_share"": 1.0, ""availability_share"": 1.0, ""feasible_t"": 10.0, ""gross_delivery_t"": 10.0, ""order_month"": ""2035-02"", ""ordered_t"": 10.0, ""planned_arrival_month"": ""2036-02"", ""requested_t"": 10.0, ""shipment_id"": ""S0002"", ""source_id"": ""A"", ""source_name"": ""Earth-Core"", ""unfulfilled_request_t"": 0.0}, {""actual_arrival_month"": ""2036-03"", ""actual_delivery_share"": 1.0, ""availability_share"": 1.0, ""feasible_t"": 10.0, ""gross_delivery_t"": 10.0, ""order_month"": ""2035-03"", ""ordered_t"": 10.0, ""planned_arrival_month"": ""2036-03"", ""requested_t"": 10.0, ""shipment_id"": ""S0003"", ""source_id"": ""A"", ""source_name"": ""Earth-Core"", ""unfulfilled_request_t"": 0.0}, {""actual_arrival_month"": ""2036-04"", ""actual_delivery_share"": 1.0, ""availability_share"": 1.0, ""feasible_t"": 10.0, ""gross_delivery_t"": 10.0, ""order_month"": ""2035-04"", ""ordered_t"": 10.0, ""planned_arrival_month"": ""2036-04"", ""requested_t"": 10.0, ""shipment_id"": ""S0004"", ""source_id"": ""A"", ""source_name"": ""Earth-Core"", ""unfulfilled_request_t"": 0.0}, {""actual_arrival_month"": ""2036-05"", ""actual_delivery_share"": 1.0, ""availability_share"": 1.0, ""feasible_t"": 10.0, ""gross_delivery_t"": 10.0, ""order_month"": ""2035-05"", ""ordered_t"": 10.0, ""planned_arrival_month"": ""2036-05"", ""requested_t"": 10.0, ""shipment_id"": ""S0005"", ""source_id"": ""A"", ""source_name"": ""Earth-Core"", ""unfulfilled_request_t"": 0.0}, {""actual_arrival_month"": ""2035-06"", ""actual_delivery_share"": 1.0, ""availability_share"": 1.0, ""feasible_t"": 7.5, ""gross_delivery_t"": 7.5, ""order_month"": ""2035-02"", ""ordered_t"": 7.5, ""planned_arrival_month"": ""2035-06"", ""requested_t"": 7.5, ""shipment_id"": ""S0062"", ""source_id"": ""B"", ""source_name"": ""Earth-Flex"", ""unfulfilled_request_t"": 0.0}, {""actual_arrival_month"": ""2035-07"", ""actual_delivery_share"": 1.0, ""availability_share"": 1.0, ""feasible_t"": 7.5, ""gross_delivery_t"": 7.5, ""order_month"": ""2035-03"", ""ordered_t"": 7.5, ""planned_arrival_month"": ""2035-07"", ""requested_t"": 7.5, ""shipment_id"": ""S0063"", ""source_id"": ""B"", ""source_name"": ""Earth-Flex"", ""unfulfilled_request_t"": 0.0}, {""actual_arrival_month"": ""2035-08"", ""actual_delivery_share"": 1.0, ""availability_share"": 1.0, ""feasible_t"": 7.5, ""gross_delivery_t"": 7.5, ""order_month"": ""2035-04"", ""ordered_t"": 7.5, ""planned_arrival_month"": ""2035-08"", ""requested_t"": 7.5, ""shipment_id"": ""S0064"", ""source_id"": ""B"", ""source_name"": ""Earth-Flex"", ""unfulfilled_request_t"": 0.0}, {""actual_arrival_month"": ""2035-09"", ""actual_delivery_share"": 1.0, ""availability_share"": 1.0, ""feasible_t"": 7.5, ""gross_delivery_t"": 7.5, ""order_month"": ""2035-05"", ""ordered_t"": 7.5, ""planned_arrival_month"": ""2035-09"", ""requested_t"": 7.5, ""shipment_id"": ""S0065"", ""source_id"": ""B"", ""source_name"": ""Earth-Flex"", ""unfulfilled_request_t"": 0.0}]","{""B"": 7.5}","{""B"": 7.5}",7.5,0.33749999999999997,7.1625,7.1625,0.0,33.82916666667618,6.666666666666667,1.666666666666667,0.0,0.0,25.495833333342844,BASE,70.0,0.045,[],1.5648750000005707,0.0,[]
2035-06,25.495833333342844,8.333333333333334,6.666666666666667,"{""A"": 120.0, ""B"": 90.0, ""C"": 0, ""D"": 0, ""E"": 0}","{""A"": 10.0, ""B"": 7.5}","[{""actual_arrival_month"": ""2036-01"", ""actual_delivery_share"": 1.0, ""availability_share"": 1.0, ""feasible_t"": 10.0, ""gross_delivery_t"": 10.0, ""order_month"": ""2035-01"", ""ordered_t"": 10.0, ""planned_arrival_month"": ""2036-01"", ""requested_t"": 10.0, ""shipment_id"": ""S0001"", ""source_id"": ""A"", ""source_name"": ""Earth-Core"", ""unfulfilled_request_t"": 0.0}, {""actual_arrival_month"": ""2036-02"", ""actual_delivery_share"": 1.0, ""availability_share"": 1.0, ""feasible_t"": 10.0, ""gross_delivery_t"": 10.0, ""order_month"": ""2035-02"", ""ordered_t"": 10.0, ""planned_arrival_month"": ""2036-02"", ""requested_t"": 10.0, ""shipment_id"": ""S0002"", ""source_id"": ""A"", ""source_name"": ""Earth-Core"", ""unfulfilled_request_t"": 0.0}, {""actual_arrival_month"": ""2036-03"", ""actual_delivery_share"": 1.0, ""availability_share"": 1.0, ""feasible_t"": 10.0, ""gross_delivery_t"": 10.0, ""order_month"": ""2035-03"", ""ordered_t"": 10.0, ""planned_arrival_month"": ""2036-03"", ""requested_t"": 10.0, ""shipment_id"": ""S0003"", ""source_id"": ""A"", ""source_name"": ""Earth-Core"", ""unfulfilled_request_t"": 0.0}, {""actual_arrival_month"": ""2036-04"", ""actual_delivery_share"": 1.0, ""availability_share"": 1.0, ""feasible_t"": 10.0, ""gross_delivery_t"": 10.0, ""order_month"": ""2035-04"", ""ordered_t"": 10.0, ""planned_arrival_month"": ""2036-04"", ""requested_t"": 10.0, ""shipment_id"": ""S0004"", ""source_id"": ""A"", ""source_name"": ""Earth-Core"", ""unfulfilled_request_t"": 0.0}, {""actual_arrival_month"": ""2036-05"", ""actual_delivery_share"": 1.0, ""availability_share"": 1.0, ""feasible_t"": 10.0, ""gross_delivery_t"": 10.0, ""order_month"": ""2035-05"", ""ordered_t"": 10.0, ""planned_arrival_month"": ""2036-05"", ""requested_t"": 10.0, ""shipment_id"": ""S0005"", ""source_id"": ""A"", ""source_name"": ""Earth-Core"", ""unfulfilled_request_t"": 0.0}, {""actual_arrival_month"": ""2036-06"", ""actual_delivery_share"": 1.0, ""availability_share"": 1.0, ""feasible_t"": 10.0, ""gross_delivery_t"": 10.0, ""order_month"": ""2035-06"", ""ordered_t"": 10.0, ""planned_arrival_month"": ""2036-06"", ""requested_t"": 10.0, ""shipment_id"": ""S0006"", ""source_id"": ""A"", ""source_name"": ""Earth-Core"", ""unfulfilled_request_t"": 0.0}, {""actual_arrival_month"": ""2035-07"", ""actual_delivery_share"": 1.0, ""availability_share"": 1.0, ""feasible_t"": 7.5, ""gross_delivery_t"": 7.5, ""order_month"": ""2035-03"", ""ordered_t"": 7.5, ""planned_arrival_month"": ""2035-07"", ""requested_t"": 7.5, ""shipment_id"": ""S0063"", ""source_id"": ""B"", ""source_name"": ""Earth-Flex"", ""unfulfilled_request_t"": 0.0}, {""actual_arrival_month"": ""2035-08"", ""actual_delivery_share"": 1.0, ""availability_share"": 1.0, ""feasible_t"": 7.5, ""gross_delivery_t"": 7.5, ""order_month"": ""2035-04"", ""ordered_t"": 7.5, ""planned_arrival_month"": ""2035-08"", ""requested_t"": 7.5, ""shipment_id"": ""S0064"", ""source_id"": ""B"", ""source_name"": ""Earth-Flex"", ""unfulfilled_request_t"": 0.0}, {""actual_arrival_month"": ""2035-09"", ""actual_delivery_share"": 1.0, ""availability_share"": 1.0, ""feasible_t"": 7.5, ""gross_delivery_t"": 7.5, ""order_month"": ""2035-05"", ""ordered_t"": 7.5, ""planned_arrival_month"": ""2035-09"", ""requested_t"": 7.5, ""shipment_id"": ""S0065"", ""source_id"": ""B"", ""source_name"": ""Earth-Flex"", ""unfulfilled_request_t"": 0.0}, {""actual_arrival_month"": ""2035-10"", ""actual_delivery_share"": 1.0, ""availability_share"": 1.0, ""feasible_t"": 7.5, ""gross_delivery_t"": 7.5, ""order_month"": ""2035-06"", ""ordered_t"": 7.5, ""planned_arrival_month"": ""2035-10"", ""requested_t"": 7.5, ""shipment_id"": ""S0066"", ""source_id"": ""B"", ""source_name"": ""Earth-Flex"", ""unfulfilled_request_t"": 0.0}]","{""B"": 7.5}","{""B"": 7.5}",7.5,0.33749999999999997,7.1625,7.1625,0.0,32.658333333342846,6.666666666666667,1.666666666666667,0.0,0.0,24.32500000000951,BASE,70.0,0.045,[],1.4946250000005705,0.0,[]
2035-07,24.32500000000951,8.333333333333334,6.666666666666667,"{""A"": 120.0, ""B"": 90.0, ""C"": 0, ""D"": 0, ""E"": 0}","{""A"": 10.0, ""B"": 7.5}","[{""actual_arrival_month"": ""2036-01"", ""actual_delivery_share"": 1.0, ""availability_share"": 1.0, ""feasible_t"": 10.0, ""gross_delivery_t"": 10.0, ""order_month"": ""2035-01"", ""ordered_t"": 10.0, ""planned_arrival_month"": ""2036-01"", ""requested_t"": 10.0, ""shipment_id"": ""S0001"", ""source_id"": ""A"", ""source_name"": ""Earth-Core"", ""unfulfilled_request_t"": 0.0}, {""actual_arrival_month"": ""2036-02"", ""actual_delivery_share"": 1.0, ""availability_share"": 1.0, ""feasible_t"": 10.0, ""gross_delivery_t"": 10.0, ""order_month"": ""2035-02"", ""ordered_t"": 10.0, ""planned_arrival_month"": ""2036-02"", ""requested_t"": 10.0, ""shipment_id"": ""S0002"", ""source_id"": ""A"", ""source_name"": ""Earth-Core"", ""unfulfilled_request_t"": 0.0}, {""actual_arrival_month"": ""2036-03"", ""actual_delivery_share"": 1.0, ""availability_share"": 1.0, ""feasible_t"": 10.0, ""gross_delivery_t"": 10.0, ""order_month"": ""2035-03"", ""ordered_t"": 10.0, ""planned_arrival_month"": ""2036-03"", ""requested_t"": 10.0, ""shipment_id"": ""S0003"", ""source_id"": ""A"", ""source_name"": ""Earth-Core"", ""unfulfilled_request_t"": 0.0}, {""actual_arrival_month"": ""2036-04"", ""actual_delivery_share"": 1.0, ""availability_share"": 1.0, ""feasible_t"": 10.0, ""gross_delivery_t"": 10.0, ""order_month"": ""2035-04"", ""ordered_t"": 10.0, ""planned_arrival_month"": ""2036-04"", ""requested_t"": 10.0, ""shipment_id"": ""S0004"", ""source_id"": ""A"", ""source_name"": ""Earth-Core"", ""unfulfilled_request_t"": 0.0}, {""actual_arrival_month"": ""2036-05"", ""actual_delivery_share"": 1.0, ""availability_share"": 1.0, ""feasible_t"": 10.0, ""gross_delivery_t"": 10.0, ""order_month"": ""2035-05"", ""ordered_t"": 10.0, ""planned_arrival_month"": ""2036-05"", ""requested_t"": 10.0, ""shipment_id"": ""S0005"", ""source_id"": ""A"", ""source_name"": ""Earth-Core"", ""unfulfilled_request_t"": 0.0}, {""actual_arrival_month"": ""2036-06"", ""actual_delivery_share"": 1.0, ""availability_share"": 1.0, ""feasible_t"": 10.0, ""gross_delivery_t"": 10.0, ""order_month"": ""2035-06"", ""ordered_t"": 10.0, ""planned_arrival_month"": ""2036-06"", ""requested_t"": 10.0, ""shipment_id"": ""S0006"", ""source_id"": ""A"", ""source_name"": ""Earth-Core"", ""unfulfilled_request_t"": 0.0}, {""actual_arrival_month"": ""2036-07"", ""actual_delivery_share"": 1.0, ""availability_share"": 1.0, ""feasible_t"": 10.0, ""gross_delivery_t"": 10.0, ""order_month"": ""2035-07"", ""ordered_t"": 10.0, ""planned_arrival_month"": ""2036-07"", ""requested_t"": 10.0, ""shipment_id"": ""S0007"", ""source_id"": ""A"", ""source_name"": ""Earth-Core"", ""unfulfilled_request_t"": 0.0}, {""actual_arrival_month"": ""2035-08"", ""actual_delivery_share"": 1.0, ""availability_share"": 1.0, ""feasible_t"": 7.5, ""gross_delivery_t"": 7.5, ""order_month"": ""2035-04"", ""ordered_t"": 7.5, ""planned_arrival_month"": ""2035-08"", ""requested_t"": 7.5, ""shipment_id"": ""S0064"", ""source_id"": ""B"", ""source_name"": ""Earth-Flex"", ""unfulfilled_request_t"": 0.0}, {""actual_arrival_month"": ""2035-09"", ""actual_delivery_share"": 1.0, ""availability_share"": 1.0, ""feasible_t"": 7.5, ""gross_delivery_t"": 7.5, ""order_month"": ""2035-05"", ""ordered_t"": 7.5, ""planned_arrival_month"": ""2035-09"", ""requested_t"": 7.5, ""shipment_id"": ""S0065"", ""source_id"": ""B"", ""source_name"": ""Earth-Flex"", ""unfulfilled_request_t"": 0.0}, {""actual_arrival_month"": ""2035-10"", ""actual_delivery_share"": 1.0, ""availability_share"": 1.0, ""feasible_t"": 7.5, ""gross_delivery_t"": 7.5, ""order_month"": ""2035-06"", ""ordered_t"": 7.5, ""planned_arrival_month"": ""2035-10"", ""requested_t"": 7.5, ""shipment_id"": ""S0066"", ""source_id"": ""B"", ""source_name"": ""Earth-Flex"", ""unfulfilled_request_t"": 0.0}, {""actual_arrival_month"": ""2035-11"", ""actual_delivery_share"": 1.0, ""availability_share"": 1.0, ""feasible_t"": 7.5, ""gross_delivery_t"": 7.5, ""order_month"": ""2035-07"", ""ordered_t"": 7.5, ""planned_arrival_month"": ""2035-11"", ""requested_t"": 7.5, ""shipment_id"": ""S0067"", ""source_id"": ""B"", ""source_name"": ""Earth-Flex"", ""unfulfilled_request_t"": 0.0}]","{""B"": 7.5}","{""B"": 7.5}",7.5,0.33749999999999997,7.1625,7.1625,0.0,31.48750000000951,6.666666666666667,1.666666666666667,0.0,0.0,23.154166666676176,BASE,70.0,0.045,[],1.4243750000005706,0.0,[]
2035-08,23.154166666676176,8.333333333333334,6.666666666666667,"{""A"": 120.0, ""B"": 90.0, ""C"": 0, ""D"": 0, ""E"": 0}","{""A"": 10.0, ""B"": 7.5}","[{""actual_arrival_month"": ""2036-01"", ""actual_delivery_share"": 1.0, ""availability_share"": 1.0, ""feasible_t"": 10.0, ""gross_delivery_t"": 10.0, ""order_month"": ""2035-01"", ""ordered_t"": 10.0, ""planned_arrival_month"": ""2036-01"", ""requested_t"": 10.0, ""shipment_id"": ""S0001"", ""source_id"": ""A"", ""source_name"": ""Earth-Core"", ""unfulfilled_request_t"": 0.0}, {""actual_arrival_month"": ""2036-02"", ""actual_delivery_share"": 1.0, ""availability_share"": 1.0, ""feasible_t"": 10.0, ""gross_delivery_t"": 10.0, ""order_month"": ""2035-02"", ""ordered_t"": 10.0, ""planned_arrival_month"": ""2036-02"", ""requested_t"": 10.0, ""shipment_id"": ""S0002"", ""source_id"": ""A"", ""source_name"": ""Earth-Core"", ""unfulfilled_request_t"": 0.0}, {""actual_arrival_month"": ""2036-03"", ""actual_delivery_share"": 1.0, ""availability_share"": 1.0, ""feasible_t"": 10.0, ""gross_delivery_t"": 10.0, ""order_month"": ""2035-03"", ""ordered_t"": 10.0, ""planned_arrival_month"": ""2036-03"", ""requested_t"": 10.0, ""shipment_id"": ""S0003"", ""source_id"": ""A"", ""source_name"": ""Earth-Core"", ""unfulfilled_request_t"": 0.0}, {""actual_arrival_month"": ""2036-04"", ""actual_delivery_share"": 1.0, ""availability_share"": 1.0, ""feasible_t"": 10.0, ""gross_delivery_t"": 10.0, ""order_month"": ""2035-04"", ""ordered_t"": 10.0, ""planned_arrival_month"": ""2036-04"", ""requested_t"": 10.0, ""shipment_id"": ""S0004"", ""source_id"": ""A"", ""source_name"": ""Earth-Core"", ""unfulfilled_request_t"": 0.0}, {""actual_arrival_month"": ""2036-05"", ""actual_delivery_share"": 1.0, ""availability_share"": 1.0, ""feasible_t"": 10.0, ""gross_delivery_t"": 10.0, ""order_month"": ""2035-05"", ""ordered_t"": 10.0, ""planned_arrival_month"": ""2036-05"", ""requested_t"": 10.0, ""shipment_id"": ""S0005"", ""source_id"": ""A"", ""source_name"": ""Earth-Core"", ""unfulfilled_request_t"": 0.0}, {""actual_arrival_month"": ""2036-06"", ""actual_delivery_share"": 1.0, ""availability_share"": 1.0, ""feasible_t"": 10.0, ""gross_delivery_t"": 10.0, ""order_month"": ""2035-06"", ""ordered_t"": 10.0, ""planned_arrival_month"": ""2036-06"", ""requested_t"": 10.0, ""shipment_id"": ""S0006"", ""source_id"": ""A"", ""source_name"": ""Earth-Core"", ""unfulfilled_request_t"": 0.0}, {""actual_arrival_month"": ""2036-07"", ""actual_delivery_share"": 1.0, ""availability_share"": 1.0, ""feasible_t"": 10.0, ""gross_delivery_t"": 10.0, ""order_month"": ""2035-07"", ""ordered_t"": 10.0, ""planned_arrival_month"": ""2036-07"", ""requested_t"": 10.0, ""shipment_id"": ""S0007"", ""source_id"": ""A"", ""source_name"": ""Earth-Core"", ""unfulfilled_request_t"": 0.0}, {""actual_arrival_month"": ""2036-08"", ""actual_delivery_share"": 1.0, ""availability_share"": 1.0, ""feasible_t"": 10.0, ""gross_delivery_t"": 10.0, ""order_month"": ""2035-08"", ""ordered_t"": 10.0, ""planned_arrival_month"": ""2036-08"", ""requested_t"": 10.0, ""shipment_id"": ""S0008"", ""source_id"": ""A"", ""source_name"": ""Earth-Core"", ""unfulfilled_request_t"": 0.0}, {""actual_arrival_month"": ""2035-09"", ""actual_delivery_share"": 1.0, ""availability_share"": 1.0, ""feasible_t"": 7.5, ""gross_delivery_t"": 7.5, ""order_month"": ""2035-05"", ""ordered_t"": 7.5, ""planned_arrival_month"": ""2035-09"", ""requested_t"": 7.5, ""shipment_id"": ""S0065"", ""source_id"": ""B"", ""source_name"": ""Earth-Flex"", ""unfulfilled_request_t"": 0.0}, {""actual_arrival_month"": ""2035-10"", ""actual_delivery_share"": 1.0, ""availability_share"": 1.0, ""feasible_t"": 7.5, ""gross_delivery_t"": 7.5, ""order_month"": ""2035-06"", ""ordered_t"": 7.5, ""planned_arrival_month"": ""2035-10"", ""requested_t"": 7.5, ""shipment_id"": ""S0066"", ""source_id"": ""B"", ""source_name"": ""Earth-Flex"", ""unfulfilled_request_t"": 0.0}, {""actual_arrival_month"": ""2035-11"", ""actual_delivery_share"": 1.0, ""availability_share"": 1.0, ""feasible_t"": 7.5, ""gross_delivery_t"": 7.5, ""order_month"": ""2035-07"", ""ordered_t"": 7.5, ""planned_arrival_month"": ""2035-11"", ""requested_t"": 7.5, ""shipment_id"": ""S0067"", ""source_id"": ""B"", ""source_name"": ""Earth-Flex"", ""unfulfilled_request_t"": 0.0}, {""actual_arrival_month"": ""2035-12"", ""actual_delivery_share"": 1.0, ""availability_share"": 1.0, ""feasible_t"": 7.5, ""gross_delivery_t"": 7.5, ""order_month"": ""2035-08"", ""ordered_t"": 7.5, ""planned_arrival_month"": ""2035-12"", ""requested_t"": 7.5, ""shipment_id"": ""S0068"", ""source_id"": ""B"", ""source_name"": ""Earth-Flex"", ""unfulfilled_request_t"": 0.0}]","{""B"": 7.5}","{""B"": 7.5}",7.5,0.33749999999999997,7.1625,7.1625,0.0,30.316666666676177,6.666666666666667,1.666666666666667,0.0,0.0,21.98333333334284,BASE,70.0,0.045,[],1.3541250000005707,0.0,[]
2035-09,21.98333333334284,8.333333333333334,6.666666666666667,"{""A"": 120.0, ""B"": 90.0, ""C"": 0, ""D"": 0, ""E"": 0}","{""A"": 10.0, ""B"": 7.5}","[{""actual_arrival_month"": ""2036-01"", ""actual_delivery_share"": 1.0, ""availability_share"": 1.0, ""feasible_t"": 10.0, ""gross_delivery_t"": 10.0, ""order_month"": ""2035-01"", ""ordered_t"": 10.0, ""planned_arrival_month"": ""2036-01"", ""requested_t"": 10.0, ""shipment_id"": ""S0001"", ""source_id"": ""A"", ""source_name"": ""Earth-Core"", ""unfulfilled_request_t"": 0.0}, {""actual_arrival_month"": ""2036-02"", ""actual_delivery_share"": 1.0, ""availability_share"": 1.0, ""feasible_t"": 10.0, ""gross_delivery_t"": 10.0, ""order_month"": ""2035-02"", ""ordered_t"": 10.0, ""planned_arrival_month"": ""2036-02"", ""requested_t"": 10.0, ""shipment_id"": ""S0002"", ""source_id"": ""A"", ""source_name"": ""Earth-Core"", ""unfulfilled_request_t"": 0.0}, {""actual_arrival_month"": ""2036-03"", ""actual_delivery_share"": 1.0, ""availability_share"": 1.0, ""feasible_t"": 10.0, ""gross_delivery_t"": 10.0, ""order_month"": ""2035-03"", ""ordered_t"": 10.0, ""planned_arrival_month"": ""2036-03"", ""requested_t"": 10.0, ""shipment_id"": ""S0003"", ""source_id"": ""A"", ""source_name"": ""Earth-Core"", ""unfulfilled_request_t"": 0.0}, {""actual_arrival_month"": ""2036-04"", ""actual_delivery_share"": 1.0, ""availability_share"": 1.0, ""feasible_t"": 10.0, ""gross_delivery_t"": 10.0, ""order_month"": ""2035-04"", ""ordered_t"": 10.0, ""planned_arrival_month"": ""2036-04"", ""requested_t"": 10.0, ""shipment_id"": ""S0004"", ""source_id"": ""A"", ""source_name"": ""Earth-Core"", ""unfulfilled_request_t"": 0.0}, {""actual_arrival_month"": ""2036-05"", ""actual_delivery_share"": 1.0, ""availability_share"": 1.0, ""feasible_t"": 10.0, ""gross_delivery_t"": 10.0, ""order_month"": ""2035-05"", ""ordered_t"": 10.0, ""planned_arrival_month"": ""2036-05"", ""requested_t"": 10.0, ""shipment_id"": ""S0005"", ""source_id"": ""A"", ""source_name"": ""Earth-Core"", ""unfulfilled_request_t"": 0.0}, {""actual_arrival_month"": ""2036-06"", ""actual_delivery_share"": 1.0, ""availability_share"": 1.0, ""feasible_t"": 10.0, ""gross_delivery_t"": 10.0, ""order_month"": ""2035-06"", ""ordered_t"": 10.0, ""planned_arrival_month"": ""2036-06"", ""requested_t"": 10.0, ""shipment_id"": ""S0006"", ""source_id"": ""A"", ""source_name"": ""Earth-Core"", ""unfulfilled_request_t"": 0.0}, {""actual_arrival_month"": ""2036-07"", ""actual_delivery_share"": 1.0, ""availability_share"": 1.0, ""feasible_t"": 10.0, ""gross_delivery_t"": 10.0, ""order_month"": ""2035-07"", ""ordered_t"": 10.0, ""planned_arrival_month"": ""2036-07"", ""requested_t"": 10.0, ""shipment_id"": ""S0007"", ""source_id"": ""A"", ""source_name"": ""Earth-Core"", ""unfulfilled_request_t"": 0.0}, {""actual_arrival_month"": ""2036-08"", ""actual_delivery_share"": 1.0, ""availability_share"": 1.0, ""feasible_t"": 10.0, ""gross_delivery_t"": 10.0, ""order_month"": ""2035-08"", ""ordered_t"": 10.0, ""planned_arrival_month"": ""2036-08"", ""requested_t"": 10.0, ""shipment_id"": ""S0008"", ""source_id"": ""A"", ""source_name"": ""Earth-Core"", ""unfulfilled_request_t"": 0.0}, {""actual_arrival_month"": ""2036-09"", ""actual_delivery_share"": 1.0, ""availability_share"": 1.0, ""feasible_t"": 10.0, ""gross_delivery_t"": 10.0, ""order_month"": ""2035-09"", ""ordered_t"": 10.0, ""planned_arrival_month"": ""2036-09"", ""requested_t"": 10.0, ""shipment_id"": ""S0009"", ""source_id"": ""A"", ""source_name"": ""Earth-Core"", ""unfulfilled_request_t"": 0.0}, {""actual_arrival_month"": ""2035-10"", ""actual_delivery_share"": 1.0, ""availability_share"": 1.0, ""feasible_t"": 7.5, ""gross_delivery_t"": 7.5, ""order_month"": ""2035-06"", ""ordered_t"": 7.5, ""planned_arrival_month"": ""2035-10"", ""requested_t"": 7.5, ""shipment_id"": ""S0066"", ""source_id"": ""B"", ""source_name"": ""Earth-Flex"", ""unfulfilled_request_t"": 0.0}, {""actual_arrival_month"": ""2035-11"", ""actual_delivery_share"": 1.0, ""availability_share"": 1.0, ""feasible_t"": 7.5, ""gross_delivery_t"": 7.5, ""order_month"": ""2035-07"", ""ordered_t"": 7.5, ""planned_arrival_month"": ""2035-11"", ""requested_t"": 7.5, ""shipment_id"": ""S0067"", ""source_id"": ""B"", ""source_name"": ""Earth-Flex"", ""unfulfilled_request_t"": 0.0}, {""actual_arrival_month"": ""2035-12"", ""actual_delivery_share"": 1.0, ""availability_share"": 1.0, ""feasible_t"": 7.5, ""gross_delivery_t"": 7.5, ""order_month"": ""2035-08"", ""ordered_t"": 7.5, ""planned_arrival_month"": ""2035-12"", ""requested_t"": 7.5, ""shipment_id"": ""S0068"", ""source_id"": ""B"", ""source_name"": ""Earth-Flex"", ""unfulfilled_request_t"": 0.0}, {""actual_arrival_month"": ""2036-01"", ""actual_delivery_share"": 1.0, ""availability_share"": 1.0, ""feasible_t"": 7.5, ""gross_delivery_t"": 7.5, ""order_month"": ""2035-09"", ""ordered_t"": 7.5, ""planned_arrival_month"": ""2036-01"", ""requested_t"": 7.5, ""shipment_id"": ""S0069"", ""source_id"": ""B"", ""source_name"": ""Earth-Flex"", ""unfulfilled_request_t"": 0.0}]","{""B"": 7.5}","{""B"": 7.5}",7.5,0.33749999999999997,7.1625,7.1625,0.0,29.145833333342843,6.666666666666667,1.666666666666667,0.0,0.0,20.812500000009507,BASE,70.0,0.045,[],1.2838750000005705,0.0,[]
2035-10,20.812500000009507,8.333333333333334,6.666666666666667,"{""A"": 120.0, ""B"": 90.0, ""C"": 0, ""D"": 0, ""E"": 0}","{""A"": 10.0, ""B"": 7.5}","[{""actual_arrival_month"": ""2036-01"", ""actual_delivery_share"": 1.0, ""availability_share"": 1.0, ""feasible_t"": 10.0, ""gross_delivery_t"": 10.0, ""order_month"": ""2035-01"", ""ordered_t"": 10.0, ""planned_arrival_month"": ""2036-01"", ""requested_t"": 10.0, ""shipment_id"": ""S0001"", ""source_id"": ""A"", ""source_name"": ""Earth-Core"", ""unfulfilled_request_t"": 0.0}, {""actual_arrival_month"": ""2036-02"", ""actual_delivery_share"": 1.0, ""availability_share"": 1.0, ""feasible_t"": 10.0, ""gross_delivery_t"": 10.0, ""order_month"": ""2035-02"", ""ordered_t"": 10.0, ""planned_arrival_month"": ""2036-02"", ""requested_t"": 10.0, ""shipment_id"": ""S0002"", ""source_id"": ""A"", ""source_name"": ""Earth-Core"", ""unfulfilled_request_t"": 0.0}, {""actual_arrival_month"": ""2036-03"", ""actual_delivery_share"": 1.0, ""availability_share"": 1.0, ""feasible_t"": 10.0, ""gross_delivery_t"": 10.0, ""order_month"": ""2035-03"", ""ordered_t"": 10.0, ""planned_arrival_month"": ""2036-03"", ""requested_t"": 10.0, ""shipment_id"": ""S0003"", ""source_id"": ""A"", ""source_name"": ""Earth-Core"", ""unfulfilled_request_t"": 0.0}, {""actual_arrival_month"": ""2036-04"", ""actual_delivery_share"": 1.0, ""availability_share"": 1.0, ""feasible_t"": 10.0, ""gross_delivery_t"": 10.0, ""order_month"": ""2035-04"", ""ordered_t"": 10.0, ""planned_arrival_month"": ""2036-04"", ""requested_t"": 10.0, ""shipment_id"": ""S0004"", ""source_id"": ""A"", ""source_name"": ""Earth-Core"", ""unfulfilled_request_t"": 0.0}, {""actual_arrival_month"": ""2036-05"", ""actual_delivery_share"": 1.0, ""availability_share"": 1.0, ""feasible_t"": 10.0, ""gross_delivery_t"": 10.0, ""order_month"": ""2035-05"", ""ordered_t"": 10.0, ""planned_arrival_month"": ""2036-05"", ""requested_t"": 10.0, ""shipment_id"": ""S0005"", ""source_id"": ""A"", ""source_name"": ""Earth-Core"", ""unfulfilled_request_t"": 0.0}, {""actual_arrival_month"": ""2036-06"", ""actual_delivery_share"": 1.0, ""availability_share"": 1.0, ""feasible_t"": 10.0, ""gross_delivery_t"": 10.0, ""order_month"": ""2035-06"", ""ordered_t"": 10.0, ""planned_arrival_month"": ""2036-06"", ""requested_t"": 10.0, ""shipment_id"": ""S0006"", ""source_id"": ""A"", ""source_name"": ""Earth-Core"", ""unfulfilled_request_t"": 0.0}, {""actual_arrival_month"": ""2036-07"", ""actual_delivery_share"": 1.0, ""availability_share"": 1.0, ""feasible_t"": 10.0, ""gross_delivery_t"": 10.0, ""order_month"": ""2035-07"", ""ordered_t"": 10.0, ""planned_arrival_month"": ""2036-07"", ""requested_t"": 10.0, ""shipment_id"": ""S0007"", ""source_id"": ""A"", ""source_name"": ""Earth-Core"", ""unfulfilled_request_t"": 0.0}, {""actual_arrival_month"": ""2036-08"", ""actual_delivery_share"": 1.0, ""availability_share"": 1.0, ""feasible_t"": 10.0, ""gross_delivery_t"": 10.0, ""order_month"": ""2035-08"", ""ordered_t"": 10.0, ""planned_arrival_month"": ""2036-08"", ""requested_t"": 10.0, ""shipment_id"": ""S0008"", ""source_id"": ""A"", ""source_name"": ""Earth-Core"", ""unfulfilled_request_t"": 0.0}, {""actual_arrival_month"": ""2036-09"", ""actual_delivery_share"": 1.0, ""availability_share"": 1.0, ""feasible_t"": 10.0, ""gross_delivery_t"": 10.0, ""order_month"": ""2035-09"", ""ordered_t"": 10.0, ""planned_arrival_month"": ""2036-09"", ""requested_t"": 10.0, ""shipment_id"": ""S0009"", ""source_id"": ""A"", ""source_name"": ""Earth-Core"", ""unfulfilled_request_t"": 0.0}, {""actual_arrival_month"": ""2036-10"", ""actual_delivery_share"": 1.0, ""availability_share"": 1.0, ""feasible_t"": 10.0, ""gross_delivery_t"": 10.0, ""order_month"": ""2035-10"", ""ordered_t"": 10.0, ""planned_arrival_month"": ""2036-10"", ""requested_t"": 10.0, ""shipment_id"": ""S0010"", ""source_id"": ""A"", ""source_name"": ""Earth-Core"", ""unfulfilled_request_t"": 0.0}, {""actual_arrival_month"": ""2035-11"", ""actual_delivery_share"": 1.0, ""availability_share"": 1.0, ""feasible_t"": 7.5, ""gross_delivery_t"": 7.5, ""order_month"": ""2035-07"", ""ordered_t"": 7.5, ""planned_arrival_month"": ""2035-11"", ""requested_t"": 7.5, ""shipment_id"": ""S0067"", ""source_id"": ""B"", ""source_name"": ""Earth-Flex"", ""unfulfilled_request_t"": 0.0}, {""actual_arrival_month"": ""2035-12"", ""actual_delivery_share"": 1.0, ""availability_share"": 1.0, ""feasible_t"": 7.5, ""gross_delivery_t"": 7.5, ""order_month"": ""2035-08"", ""ordered_t"": 7.5, ""planned_arrival_month"": ""2035-12"", ""requested_t"": 7.5, ""shipment_id"": ""S0068"", ""source_id"": ""B"", ""source_name"": ""Earth-Flex"", ""unfulfilled_request_t"": 0.0}, {""actual_arrival_month"": ""2036-01"", ""actual_delivery_share"": 1.0, ""availability_share"": 1.0, ""feasible_t"": 7.5, ""gross_delivery_t"": 7.5, ""order_month"": ""2035-09"", ""ordered_t"": 7.5, ""planned_arrival_month"": ""2036-01"", ""requested_t"": 7.5, ""shipment_id"": ""S0069"", ""source_id"": ""B"", ""source_name"": ""Earth-Flex"", ""unfulfilled_request_t"": 0.0}, {""actual_arrival_month"": ""2036-02"", ""actual_delivery_share"": 1.0, ""availability_share"": 1.0, ""feasible_t"": 7.5, ""gross_delivery_t"": 7.5, ""order_month"": ""2035-10"", ""ordered_t"": 7.5, ""planned_arrival_month"": ""2036-02"", ""requested_t"": 7.5, ""shipment_id"": ""S0070"", ""source_id"": ""B"", ""source_name"": ""Earth-Flex"", ""unfulfilled_request_t"": 0.0}]","{""B"": 7.5}","{""B"": 7.5}",7.5,0.33749999999999997,7.1625,7.1625,0.0,27.97500000000951,6.666666666666667,1.666666666666667,0.0,0.0,19.641666666676173,BASE,70.0,0.045,[],1.2136250000005704,0.0,[]
2035-11,19.641666666676173,8.333333333333334,6.666666666666667,"{""A"": 120.0, ""B"": 90.0, ""C"": 0, ""D"": 0, ""E"": 0}","{""A"": 10.0, ""B"": 7.5}","[{""actual_arrival_month"": ""2036-01"", ""actual_delivery_share"": 1.0, ""availability_share"": 1.0, ""feasible_t"": 10.0, ""gross_delivery_t"": 10.0, ""order_month"": ""2035-01"", ""ordered_t"": 10.0, ""planned_arrival_month"": ""2036-01"", ""requested_t"": 10.0, ""shipment_id"": ""S0001"", ""source_id"": ""A"", ""source_name"": ""Earth-Core"", ""unfulfilled_request_t"": 0.0}, {""actual_arrival_month"": ""2036-02"", ""actual_delivery_share"": 1.0, ""availability_share"": 1.0, ""feasible_t"": 10.0, ""gross_delivery_t"": 10.0, ""order_month"": ""2035-02"", ""ordered_t"": 10.0, ""planned_arrival_month"": ""2036-02"", ""requested_t"": 10.0, ""shipment_id"": ""S0002"", ""source_id"": ""A"", ""source_name"": ""Earth-Core"", ""unfulfilled_request_t"": 0.0}, {""actual_arrival_month"": ""2036-03"", ""actual_delivery_share"": 1.0, ""availability_share"": 1.0, ""feasible_t"": 10.0, ""gross_delivery_t"": 10.0, ""order_month"": ""2035-03"", ""ordered_t"": 10.0, ""planned_arrival_month"": ""2036-03"", ""requested_t"": 10.0, ""shipment_id"": ""S0003"", ""source_id"": ""A"", ""source_name"": ""Earth-Core"", ""unfulfilled_request_t"": 0.0}, {""actual_arrival_month"": ""2036-04"", ""actual_delivery_share"": 1.0, ""availability_share"": 1.0, ""feasible_t"": 10.0, ""gross_delivery_t"": 10.0, ""order_month"": ""2035-04"", ""ordered_t"": 10.0, ""planned_arrival_month"": ""2036-04"", ""requested_t"": 10.0, ""shipment_id"": ""S0004"", ""source_id"": ""A"", ""source_name"": ""Earth-Core"", ""unfulfilled_request_t"": 0.0}, {""actual_arrival_month"": ""2036-05"", ""actual_delivery_share"": 1.0, ""availability_share"": 1.0, ""feasible_t"": 10.0, ""gross_delivery_t"": 10.0, ""order_month"": ""2035-05"", ""ordered_t"": 10.0, ""planned_arrival_month"": ""2036-05"", ""requested_t"": 10.0, ""shipment_id"": ""S0005"", ""source_id"": ""A"", ""source_name"": ""Earth-Core"", ""unfulfilled_request_t"": 0.0}, {""actual_arrival_month"": ""2036-06"", ""actual_delivery_share"": 1.0, ""availability_share"": 1.0, ""feasible_t"": 10.0, ""gross_delivery_t"": 10.0, ""order_month"": ""2035-06"", ""ordered_t"": 10.0, ""planned_arrival_month"": ""2036-06"", ""requested_t"": 10.0, ""shipment_id"": ""S0006"", ""source_id"": ""A"", ""source_name"": ""Earth-Core"", ""unfulfilled_request_t"": 0.0}, {""actual_arrival_month"": ""2036-07"", ""actual_delivery_share"": 1.0, ""availability_share"": 1.0, ""feasible_t"": 10.0, ""gross_delivery_t"": 10.0, ""order_month"": ""2035-07"", ""ordered_t"": 10.0, ""planned_arrival_month"": ""2036-07"", ""requested_t"": 10.0, ""shipment_id"": ""S0007"", ""source_id"": ""A"", ""source_name"": ""Earth-Core"", ""unfulfilled_request_t"": 0.0}, {""actual_arrival_month"": ""2036-08"", ""actual_delivery_share"": 1.0, ""availability_share"": 1.0, ""feasible_t"": 10.0, ""gross_delivery_t"": 10.0, ""order_month"": ""2035-08"", ""ordered_t"": 10.0, ""planned_arrival_month"": ""2036-08"", ""requested_t"": 10.0, ""shipment_id"": ""S0008"", ""source_id"": ""A"", ""source_name"": ""Earth-Core"", ""unfulfilled_request_t"": 0.0}, {""actual_arrival_month"": ""2036-09"", ""actual_delivery_share"": 1.0, ""availability_share"": 1.0, ""feasible_t"": 10.0, ""gross_delivery_t"": 10.0, ""order_month"": ""2035-09"", ""ordered_t"": 10.0, ""planned_arrival_month"": ""2036-09"", ""requested_t"": 10.0, ""shipment_id"": ""S0009"", ""source_id"": ""A"", ""source_name"": ""Earth-Core"", ""unfulfilled_request_t"": 0.0}, {""actual_arrival_month"": ""2036-10"", ""actual_delivery_share"": 1.0, ""availability_share"": 1.0, ""feasible_t"": 10.0, ""gross_delivery_t"": 10.0, ""order_month"": ""2035-10"", ""ordered_t"": 10.0, ""planned_arrival_month"": ""2036-10"", ""requested_t"": 10.0, ""shipment_id"": ""S0010"", ""source_id"": ""A"", ""source_name"": ""Earth-Core"", ""unfulfilled_request_t"": 0.0}, {""actual_arrival_month"": ""2036-11"", ""actual_delivery_share"": 1.0, ""availability_share"": 1.0, ""feasible_t"": 10.0, ""gross_delivery_t"": 10.0, ""order_month"": ""2035-11"", ""ordered_t"": 10.0, ""planned_arrival_month"": ""2036-11"", ""requested_t"": 10.0, ""shipment_id"": ""S0011"", ""source_id"": ""A"", ""source_name"": ""Earth-Core"", ""unfulfilled_request_t"": 0.0}, {""actual_arrival_month"": ""2035-12"", ""actual_delivery_share"": 1.0, ""availability_share"": 1.0, ""feasible_t"": 7.5, ""gross_delivery_t"": 7.5, ""order_month"": ""2035-08"", ""ordered_t"": 7.5, ""planned_arrival_month"": ""2035-12"", ""requested_t"": 7.5, ""shipment_id"": ""S0068"", ""source_id"": ""B"", ""source_name"": ""Earth-Flex"", ""unfulfilled_request_t"": 0.0}, {""actual_arrival_month"": ""2036-01"", ""actual_delivery_share"": 1.0, ""availability_share"": 1.0, ""feasible_t"": 7.5, ""gross_delivery_t"": 7.5, ""order_month"": ""2035-09"", ""ordered_t"": 7.5, ""planned_arrival_month"": ""2036-01"", ""requested_t"": 7.5, ""shipment_id"": ""S0069"", ""source_id"": ""B"", ""source_name"": ""Earth-Flex"", ""unfulfilled_request_t"": 0.0}, {""actual_arrival_month"": ""2036-02"", ""actual_delivery_share"": 1.0, ""availability_share"": 1.0, ""feasible_t"": 7.5, ""gross_delivery_t"": 7.5, ""order_month"": ""2035-10"", ""ordered_t"": 7.5, ""planned_arrival_month"": ""2036-02"", ""requested_t"": 7.5, ""shipment_id"": ""S0070"", ""source_id"": ""B"", ""source_name"": ""Earth-Flex"", ""unfulfilled_request_t"": 0.0}, {""actual_arrival_month"": ""2036-03"", ""actual_delivery_share"": 1.0, ""availability_share"": 1.0, ""feasible_t"": 7.5, ""gross_delivery_t"": 7.5, ""order_month"": ""2035-11"", ""ordered_t"": 7.5, ""planned_arrival_month"": ""2036-03"", ""requested_t"": 7.5, ""shipment_id"": ""S0071"", ""source_id"": ""B"", ""source_name"": ""Earth-Flex"", ""unfulfilled_request_t"": 0.0}]","{""B"": 7.5}","{""B"": 7.5}",7.5,0.33749999999999997,7.1625,7.1625,0.0,26.804166666676174,6.666666666666667,1.666666666666667,0.0,0.0,18.47083333334284,BASE,70.0,0.045,[],1.1433750000005702,0.0,[]
2035-12,18.47083333334284,8.333333333333334,6.666666666666667,"{""A"": 120.0, ""B"": 90.0, ""C"": 0, ""D"": 0, ""E"": 0}","{""A"": 10.0, ""B"": 7.5}","[{""actual_arrival_month"": ""2036-01"", ""actual_delivery_share"": 1.0, ""availability_share"": 1.0, ""feasible_t"": 10.0, ""gross_delivery_t"": 10.0, ""order_month"": ""2035-01"", ""ordered_t"": 10.0, ""planned_arrival_month"": ""2036-01"", ""requested_t"": 10.0, ""shipment_id"": ""S0001"", ""source_id"": ""A"", ""source_name"": ""Earth-Core"", ""unfulfilled_request_t"": 0.0}, {""actual_arrival_month"": ""2036-02"", ""actual_delivery_share"": 1.0, ""availability_share"": 1.0, ""feasible_t"": 10.0, ""gross_delivery_t"": 10.0, ""order_month"": ""2035-02"", ""ordered_t"": 10.0, ""planned_arrival_month"": ""2036-02"", ""requested_t"": 10.0, ""shipment_id"": ""S0002"", ""source_id"": ""A"", ""source_name"": ""Earth-Core"", ""unfulfilled_request_t"": 0.0}, {""actual_arrival_month"": ""2036-03"", ""actual_delivery_share"": 1.0, ""availability_share"": 1.0, ""feasible_t"": 10.0, ""gross_delivery_t"": 10.0, ""order_month"": ""2035-03"", ""ordered_t"": 10.0, ""planned_arrival_month"": ""2036-03"", ""requested_t"": 10.0, ""shipment_id"": ""S0003"", ""source_id"": ""A"", ""source_name"": ""Earth-Core"", ""unfulfilled_request_t"": 0.0}, {""actual_arrival_month"": ""2036-04"", ""actual_delivery_share"": 1.0, ""availability_share"": 1.0, ""feasible_t"": 10.0, ""gross_delivery_t"": 10.0, ""order_month"": ""2035-04"", ""ordered_t"": 10.0, ""planned_arrival_month"": ""2036-04"", ""requested_t"": 10.0, ""shipment_id"": ""S0004"", ""source_id"": ""A"", ""source_name"": ""Earth-Core"", ""unfulfilled_request_t"": 0.0}, {""actual_arrival_month"": ""2036-05"", ""actual_delivery_share"": 1.0, ""availability_share"": 1.0, ""feasible_t"": 10.0, ""gross_delivery_t"": 10.0, ""order_month"": ""2035-05"", ""ordered_t"": 10.0, ""planned_arrival_month"": ""2036-05"", ""requested_t"": 10.0, ""shipment_id"": ""S0005"", ""source_id"": ""A"", ""source_name"": ""Earth-Core"", ""unfulfilled_request_t"": 0.0}, {""actual_arrival_month"": ""2036-06"", ""actual_delivery_share"": 1.0, ""availability_share"": 1.0, ""feasible_t"": 10.0, ""gross_delivery_t"": 10.0, ""order_month"": ""2035-06"", ""ordered_t"": 10.0, ""planned_arrival_month"": ""2036-06"", ""requested_t"": 10.0, ""shipment_id"": ""S0006"", ""source_id"": ""A"", ""source_name"": ""Earth-Core"", ""unfulfilled_request_t"": 0.0}, {""actual_arrival_month"": ""2036-07"", ""actual_delivery_share"": 1.0, ""availability_share"": 1.0, ""feasible_t"": 10.0, ""gross_delivery_t"": 10.0, ""order_month"": ""2035-07"", ""ordered_t"": 10.0, ""planned_arrival_month"": ""2036-07"", ""requested_t"": 10.0, ""shipment_id"": ""S0007"", ""source_id"": ""A"", ""source_name"": ""Earth-Core"", ""unfulfilled_request_t"": 0.0}, {""actual_arrival_month"": ""2036-08"", ""actual_delivery_share"": 1.0, ""availability_share"": 1.0, ""feasible_t"": 10.0, ""gross_delivery_t"": 10.0, ""order_month"": ""2035-08"", ""ordered_t"": 10.0, ""planned_arrival_month"": ""2036-08"", ""requested_t"": 10.0, ""shipment_id"": ""S0008"", ""source_id"": ""A"", ""source_name"": ""Earth-Core"", ""unfulfilled_request_t"": 0.0}, {""actual_arrival_month"": ""2036-09"", ""actual_delivery_share"": 1.0, ""availability_share"": 1.0, ""feasible_t"": 10.0, ""gross_delivery_t"": 10.0, ""order_month"": ""2035-09"", ""ordered_t"": 10.0, ""planned_arrival_month"": ""2036-09"", ""requested_t"": 10.0, ""shipment_id"": ""S0009"", ""source_id"": ""A"", ""source_name"": ""Earth-Core"", ""unfulfilled_request_t"": 0.0}, {""actual_arrival_month"": ""2036-10"", ""actual_delivery_share"": 1.0, ""availability_share"": 1.0, ""feasible_t"": 10.0, ""gross_delivery_t"": 10.0, ""order_month"": ""2035-10"", ""ordered_t"": 10.0, ""planned_arrival_month"": ""2036-10"", ""requested_t"": 10.0, ""shipment_id"": ""S0010"", ""source_id"": ""A"", ""source_name"": ""Earth-Core"", ""unfulfilled_request_t"": 0.0}, {""actual_arrival_month"": ""2036-11"", ""actual_delivery_share"": 1.0, ""availability_share"": 1.0, ""feasible_t"": 10.0, ""gross_delivery_t"": 10.0, ""order_month"": ""2035-11"", ""ordered_t"": 10.0, ""planned_arrival_month"": ""2036-11"", ""requested_t"": 10.0, ""shipment_id"": ""S0011"", ""source_id"": ""A"", ""source_name"": ""Earth-Core"", ""unfulfilled_request_t"": 0.0}, {""actual_arrival_month"": ""2036-12"", ""actual_delivery_share"": 1.0, ""availability_share"": 1.0, ""feasible_t"": 10.0, ""gross_delivery_t"": 10.0, ""order_month"": ""2035-12"", ""ordered_t"": 10.0, ""planned_arrival_month"": ""2036-12"", ""requested_t"": 10.0, ""shipment_id"": ""S0012"", ""source_id"": ""A"", ""source_name"": ""Earth-Core"", ""unfulfilled_request_t"": 0.0}, {""actual_arrival_month"": ""2036-01"", ""actual_delivery_share"": 1.0, ""availability_share"": 1.0, ""feasible_t"": 7.5, ""gross_delivery_t"": 7.5, ""order_month"": ""2035-09"", ""ordered_t"": 7.5, ""planned_arrival_month"": ""2036-01"", ""requested_t"": 7.5, ""shipment_id"": ""S0069"", ""source_id"": ""B"", ""source_name"": ""Earth-Flex"", ""unfulfilled_request_t"": 0.0}, {""actual_arrival_month"": ""2036-02"", ""actual_delivery_share"": 1.0, ""availability_share"": 1.0, ""feasible_t"": 7.5, ""gross_delivery_t"": 7.5, ""order_month"": ""2035-10"", ""ordered_t"": 7.5, ""planned_arrival_month"": ""2036-02"", ""requested_t"": 7.5, ""shipment_id"": ""S0070"", ""source_id"": ""B"", ""source_name"": ""Earth-Flex"", ""unfulfilled_request_t"": 0.0}, {""actual_arrival_month"": ""2036-03"", ""actual_delivery_share"": 1.0, ""availability_share"": 1.0, ""feasible_t"": 7.5, ""gross_delivery_t"": 7.5, ""order_month"": ""2035-11"", ""ordered_t"": 7.5, ""planned_arrival_month"": ""2036-03"", ""requested_t"": 7.5, ""shipment_id"": ""S0071"", ""source_id"": ""B"", ""source_name"": ""Earth-Flex"", ""unfulfilled_request_t"": 0.0}, {""actual_arrival_month"": ""2036-04"", ""actual_delivery_share"": 1.0, ""availability_share"": 1.0, ""feasible_t"": 7.5, ""gross_delivery_t"": 7.5, ""order_month"": ""2035-12"", ""ordered_t"": 7.5, ""planned_arrival_month"": ""2036-04"", ""requested_t"": 7.5, ""shipment_id"": ""S0072"", ""source_id"": ""B"", ""source_name"": ""Earth-Flex"", ""unfulfilled_request_t"": 0.0}]","{""B"": 7.5}","{""B"": 7.5}",7.5,0.33749999999999997,7.1625,7.1625,0.0,25.63333333334284,6.666666666666667,1.666666666666667,0.0,0.0,17.300000000009504,BASE,70.0,0.045,[],1.07312500000057,0.0,[]
2036-01,17.300000000009504,11.666666666666666,8.75,"{""A"": 150.0, ""B"": 5.0, ""C"": 0, ""D"": 0, ""E"": 0}","{""A"": 12.5, ""B"": 0.4166666666666667}","[{""actual_arrival_month"": ""2036-02"", ""actual_delivery_share"": 1.0, ""availability_share"": 1.0, ""feasible_t"": 10.0, ""gross_delivery_t"": 10.0, ""order_month"": ""2035-02"", ""ordered_t"": 10.0, ""planned_arrival_month"": ""2036-02"", ""requested_t"": 10.0, ""shipment_id"": ""S0002"", ""source_id"": ""A"", ""source_name"": ""Earth-Core"", ""unfulfilled_request_t"": 0.0}, {""actual_arrival_month"": ""2036-03"", ""actual_delivery_share"": 1.0, ""availability_share"": 1.0, ""feasible_t"": 10.0, ""gross_delivery_t"": 10.0, ""order_month"": ""2035-03"", ""ordered_t"": 10.0, ""planned_arrival_month"": ""2036-03"", ""requested_t"": 10.0, ""shipment_id"": ""S0003"", ""source_id"": ""A"", ""source_name"": ""Earth-Core"", ""unfulfilled_request_t"": 0.0}, {""actual_arrival_month"": ""2036-04"", ""actual_delivery_share"": 1.0, ""availability_share"": 1.0, ""feasible_t"": 10.0, ""gross_delivery_t"": 10.0, ""order_month"": ""2035-04"", ""ordered_t"": 10.0, ""planned_arrival_month"": ""2036-04"", ""requested_t"": 10.0, ""shipment_id"": ""S0004"", ""source_id"": ""A"", ""source_name"": ""Earth-Core"", ""unfulfilled_request_t"": 0.0}, {""actual_arrival_month"": ""2036-05"", ""actual_delivery_share"": 1.0, ""availability_share"": 1.0, ""feasible_t"": 10.0, ""gross_delivery_t"": 10.0, ""order_month"": ""2035-05"", ""ordered_t"": 10.0, ""planned_arrival_month"": ""2036-05"", ""requested_t"": 10.0, ""shipment_id"": ""S0005"", ""source_id"": ""A"", ""source_name"": ""Earth-Core"", ""unfulfilled_request_t"": 0.0}, {""actual_arrival_month"": ""2036-06"", ""actual_delivery_share"": 1.0, ""availability_share"": 1.0, ""feasible_t"": 10.0, ""gross_delivery_t"": 10.0, ""order_month"": ""2035-06"", ""ordered_t"": 10.0, ""planned_arrival_month"": ""2036-06"", ""requested_t"": 10.0, ""shipment_id"": ""S0006"", ""source_id"": ""A"", ""source_name"": ""Earth-Core"", ""unfulfilled_request_t"": 0.0}, {""actual_arrival_month"": ""2036-07"", ""actual_delivery_share"": 1.0, ""availability_share"": 1.0, ""feasible_t"": 10.0, ""gross_delivery_t"": 10.0, ""order_month"": ""2035-07"", ""ordered_t"": 10.0, ""planned_arrival_month"": ""2036-07"", ""requested_t"": 10.0, ""shipment_id"": ""S0007"", ""source_id"": ""A"", ""source_name"": ""Earth-Core"", ""unfulfilled_request_t"": 0.0}, {""actual_arrival_month"": ""2036-08"", ""actual_delivery_share"": 1.0, ""availability_share"": 1.0, ""feasible_t"": 10.0, ""gross_delivery_t"": 10.0, ""order_month"": ""2035-08"", ""ordered_t"": 10.0, ""planned_arrival_month"": ""2036-08"", ""requested_t"": 10.0, ""shipment_id"": ""S0008"", ""source_id"": ""A"", ""source_name"": ""Earth-Core"", ""unfulfilled_request_t"": 0.0}, {""actual_arrival_month"": ""2036-09"", ""actual_delivery_share"": 1.0, ""availability_share"": 1.0, ""feasible_t"": 10.0, ""gross_delivery_t"": 10.0, ""order_month"": ""2035-09"", ""ordered_t"": 10.0, ""planned_arrival_month"": ""2036-09"", ""requested_t"": 10.0, ""shipment_id"": ""S0009"", ""source_id"": ""A"", ""source_name"": ""Earth-Core"", ""unfulfilled_request_t"": 0.0}, {""actual_arrival_month"": ""2036-10"", ""actual_delivery_share"": 1.0, ""availability_share"": 1.0, ""feasible_t"": 10.0, ""gross_delivery_t"": 10.0, ""order_month"": ""2035-10"", ""ordered_t"": 10.0, ""planned_arrival_month"": ""2036-10"", ""requested_t"": 10.0, ""shipment_id"": ""S0010"", ""source_id"": ""A"", ""source_name"": ""Earth-Core"", ""unfulfilled_request_t"": 0.0}, {""actual_arrival_month"": ""2036-11"", ""actual_delivery_share"": 1.0, ""availability_share"": 1.0, ""feasible_t"": 10.0, ""gross_delivery_t"": 10.0, ""order_month"": ""2035-11"", ""ordered_t"": 10.0, ""planned_arrival_month"": ""2036-11"", ""requested_t"": 10.0, ""shipment_id"": ""S0011"", ""source_id"": ""A"", ""source_name"": ""Earth-Core"", ""unfulfilled_request_t"": 0.0}, {""actual_arrival_month"": ""2036-12"", ""actual_delivery_share"": 1.0, ""availability_share"": 1.0, ""feasible_t"": 10.0, ""gross_delivery_t"": 10.0, ""order_month"": ""2035-12"", ""ordered_t"": 10.0, ""planned_arrival_month"": ""2036-12"", ""requested_t"": 10.0, ""shipment_id"": ""S0012"", ""source_id"": ""A"", ""source_name"": ""Earth-Core"", ""unfulfilled_request_t"": 0.0}, {""actual_arrival_month"": ""2037-01"", ""actual_delivery_share"": 1.0, ""availability_share"": 1.0, ""feasible_t"": 12.5, ""gross_delivery_t"": 12.5, ""order_month"": ""2036-01"", ""ordered_t"": 12.5, ""planned_arrival_month"": ""2037-01"", ""requested_t"": 12.5, ""shipment_id"": ""S0013"", ""source_id"": ""A"", ""source_name"": ""Earth-Core"", ""unfulfilled_request_t"": 0.0}, {""actual_arrival_month"": ""2036-02"", ""actual_delivery_share"": 1.0, ""availability_share"": 1.0, ""feasible_t"": 7.5, ""gross_delivery_t"": 7.5, ""order_month"": ""2035-10"", ""ordered_t"": 7.5, ""planned_arrival_month"": ""2036-02"", ""requested_t"": 7.5, ""shipment_id"": ""S0070"", ""source_id"": ""B"", ""source_name"": ""Earth-Flex"", ""unfulfilled_request_t"": 0.0}, {""actual_arrival_month"": ""2036-03"", ""actual_delivery_share"": 1.0, ""availability_share"": 1.0, ""feasible_t"": 7.5, ""gross_delivery_t"": 7.5, ""order_month"": ""2035-11"", ""ordered_t"": 7.5, ""planned_arrival_month"": ""2036-03"", ""requested_t"": 7.5, ""shipment_id"": ""S0071"", ""source_id"": ""B"", ""source_name"": ""Earth-Flex"", ""unfulfilled_request_t"": 0.0}, {""actual_arrival_month"": ""2036-04"", ""actual_delivery_share"": 1.0, ""availability_share"": 1.0, ""feasible_t"": 7.5, ""gross_delivery_t"": 7.5, ""order_month"": ""2035-12"", ""ordered_t"": 7.5, ""planned_arrival_month"": ""2036-04"", ""requested_t"": 7.5, ""shipment_id"": ""S0072"", ""source_id"": ""B"", ""source_name"": ""Earth-Flex"", ""unfulfilled_request_t"": 0.0}, {""actual_arrival_month"": ""2036-05"", ""actual_delivery_share"": 1.0, ""availability_share"": 1.0, ""feasible_t"": 0.4166666666666667, ""gross_delivery_t"": 0.4166666666666667, ""order_month"": ""2036-01"", ""ordered_t"": 0.4166666666666667, ""planned_arrival_month"": ""2036-05"", ""requested_t"": 0.4166666666666667, ""shipment_id"": ""S0073"", ""source_id"": ""B"", ""source_name"": ""Earth-Flex"", ""unfulfilled_request_t"": 0.0}]","{""A"": 10.0, ""B"": 7.5}","{""A"": 10.0, ""B"": 7.5}",17.5,0.21,17.29,17.29,0.0,34.5900000000095,8.75,2.916666666666666,0.0,0.0,22.92333333334284,ZBO,120.0,0.012,"[""ZBO""]",1.2067000000005703,1.0,[]
2036-02,22.92333333334284,11.666666666666666,8.75,"{""A"": 150.0, ""B"": 5.0, ""C"": 0, ""D"": 0, ""E"": 0}","{""A"": 12.5, ""B"": 0.4166666666666667}","[{""actual_arrival_month"": ""2036-03"", ""actual_delivery_share"": 1.0, ""availability_share"": 1.0, ""feasible_t"": 10.0, ""gross_delivery_t"": 10.0, ""order_month"": ""2035-03"", ""ordered_t"": 10.0, ""planned_arrival_month"": ""2036-03"", ""requested_t"": 10.0, ""shipment_id"": ""S0003"", ""source_id"": ""A"", ""source_name"": ""Earth-Core"", ""unfulfilled_request_t"": 0.0}, {""actual_arrival_month"": ""2036-04"", ""actual_delivery_share"": 1.0, ""availability_share"": 1.0, ""feasible_t"": 10.0, ""gross_delivery_t"": 10.0, ""order_month"": ""2035-04"", ""ordered_t"": 10.0, ""planned_arrival_month"": ""2036-04"", ""requested_t"": 10.0, ""shipment_id"": ""S0004"", ""source_id"": ""A"", ""source_name"": ""Earth-Core"", ""unfulfilled_request_t"": 0.0}, {""actual_arrival_month"": ""2036-05"", ""actual_delivery_share"": 1.0, ""availability_share"": 1.0, ""feasible_t"": 10.0, ""gross_delivery_t"": 10.0, ""order_month"": ""2035-05"", ""ordered_t"": 10.0, ""planned_arrival_month"": ""2036-05"", ""requested_t"": 10.0, ""shipment_id"": ""S0005"", ""source_id"": ""A"", ""source_name"": ""Earth-Core"", ""unfulfilled_request_t"": 0.0}, {""actual_arrival_month"": ""2036-06"", ""actual_delivery_share"": 1.0, ""availability_share"": 1.0, ""feasible_t"": 10.0, ""gross_delivery_t"": 10.0, ""order_month"": ""2035-06"", ""ordered_t"": 10.0, ""planned_arrival_month"": ""2036-06"", ""requested_t"": 10.0, ""shipment_id"": ""S0006"", ""source_id"": ""A"", ""source_name"": ""Earth-Core"", ""unfulfilled_request_t"": 0.0}, {""actual_arrival_month"": ""2036-07"", ""actual_delivery_share"": 1.0, ""availability_share"": 1.0, ""feasible_t"": 10.0, ""gross_delivery_t"": 10.0, ""order_month"": ""2035-07"", ""ordered_t"": 10.0, ""planned_arrival_month"": ""2036-07"", ""requested_t"": 10.0, ""shipment_id"": ""S0007"", ""source_id"": ""A"", ""source_name"": ""Earth-Core"", ""unfulfilled_request_t"": 0.0}, {""actual_arrival_month"": ""2036-08"", ""actual_delivery_share"": 1.0, ""availability_share"": 1.0, ""feasible_t"": 10.0, ""gross_delivery_t"": 10.0, ""order_month"": ""2035-08"", ""ordered_t"": 10.0, ""planned_arrival_month"": ""2036-08"", ""requested_t"": 10.0, ""shipment_id"": ""S0008"", ""source_id"": ""A"", ""source_name"": ""Earth-Core"", ""unfulfilled_request_t"": 0.0}, {""actual_arrival_month"": ""2036-09"", ""actual_delivery_share"": 1.0, ""availability_share"": 1.0, ""feasible_t"": 10.0, ""gross_delivery_t"": 10.0, ""order_month"": ""2035-09"", ""ordered_t"": 10.0, ""planned_arrival_month"": ""2036-09"", ""requested_t"": 10.0, ""shipment_id"": ""S0009"", ""source_id"": ""A"", ""source_name"": ""Earth-Core"", ""unfulfilled_request_t"": 0.0}, {""actual_arrival_month"": ""2036-10"", ""actual_delivery_share"": 1.0, ""availability_share"": 1.0, ""feasible_t"": 10.0, ""gross_delivery_t"": 10.0, ""order_month"": ""2035-10"", ""ordered_t"": 10.0, ""planned_arrival_month"": ""2036-10"", ""requested_t"": 10.0, ""shipment_id"": ""S0010"", ""source_id"": ""A"", ""source_name"": ""Earth-Core"", ""unfulfilled_request_t"": 0.0}, {""actual_arrival_month"": ""2036-11"", ""actual_delivery_share"": 1.0, ""availability_share"": 1.0, ""feasible_t"": 10.0, ""gross_delivery_t"": 10.0, ""order_month"": ""2035-11"", ""ordered_t"": 10.0, ""planned_arrival_month"": ""2036-11"", ""requested_t"": 10.0, ""shipment_id"": ""S0011"", ""source_id"": ""A"", ""source_name"": ""Earth-Core"", ""unfulfilled_request_t"": 0.0}, {""actual_arrival_month"": ""2036-12"", ""actual_delivery_share"": 1.0, ""availability_share"": 1.0, ""feasible_t"": 10.0, ""gross_delivery_t"": 10.0, ""order_month"": ""2035-12"", ""ordered_t"": 10.0, ""planned_arrival_month"": ""2036-12"", ""requested_t"": 10.0, ""shipment_id"": ""S0012"", ""source_id"": ""A"", ""source_name"": ""Earth-Core"", ""unfulfilled_request_t"": 0.0}, {""actual_arrival_month"": ""2037-01"", ""actual_delivery_share"": 1.0, ""availability_share"": 1.0, ""feasible_t"": 12.5, ""gross_delivery_t"": 12.5, ""order_month"": ""2036-01"", ""ordered_t"": 12.5, ""planned_arrival_month"": ""2037-01"", ""requested_t"": 12.5, ""shipment_id"": ""S0013"", ""source_id"": ""A"", ""source_name"": ""Earth-Core"", ""unfulfilled_request_t"": 0.0}, {""actual_arrival_month"": ""2037-02"", ""actual_delivery_share"": 1.0, ""availability_share"": 1.0, ""feasible_t"": 12.5, ""gross_delivery_t"": 12.5, ""order_month"": ""2036-02"", ""ordered_t"": 12.5, ""planned_arrival_month"": ""2037-02"", ""requested_t"": 12.5, ""shipment_id"": ""S0014"", ""source_id"": ""A"", ""source_name"": ""Earth-Core"", ""unfulfilled_request_t"": 0.0}, {""actual_arrival_month"": ""2036-03"", ""actual_delivery_share"": 1.0, ""availability_share"": 1.0, ""feasible_t"": 7.5, ""gross_delivery_t"": 7.5, ""order_month"": ""2035-11"", ""ordered_t"": 7.5, ""planned_arrival_month"": ""2036-03"", ""requested_t"": 7.5, ""shipment_id"": ""S0071"", ""source_id"": ""B"", ""source_name"": ""Earth-Flex"", ""unfulfilled_request_t"": 0.0}, {""actual_arrival_month"": ""2036-04"", ""actual_delivery_share"": 1.0, ""availability_share"": 1.0, ""feasible_t"": 7.5, ""gross_delivery_t"": 7.5, ""order_month"": ""2035-12"", ""ordered_t"": 7.5, ""planned_arrival_month"": ""2036-04"", ""requested_t"": 7.5, ""shipment_id"": ""S0072"", ""source_id"": ""B"", ""source_name"": ""Earth-Flex"", ""unfulfilled_request_t"": 0.0}, {""actual_arrival_month"": ""2036-05"", ""actual_delivery_share"": 1.0, ""availability_share"": 1.0, ""feasible_t"": 0.4166666666666667, ""gross_delivery_t"": 0.4166666666666667, ""order_month"": ""2036-01"", ""ordered_t"": 0.4166666666666667, ""planned_arrival_month"": ""2036-05"", ""requested_t"": 0.4166666666666667, ""shipment_id"": ""S0073"", ""source_id"": ""B"", ""source_name"": ""Earth-Flex"", ""unfulfilled_request_t"": 0.0}, {""actual_arrival_month"": ""2036-06"", ""actual_delivery_share"": 1.0, ""availability_share"": 1.0, ""feasible_t"": 0.4166666666666667, ""gross_delivery_t"": 0.4166666666666667, ""order_month"": ""2036-02"", ""ordered_t"": 0.4166666666666667, ""planned_arrival_month"": ""2036-06"", ""requested_t"": 0.4166666666666667, ""shipment_id"": ""S0074"", ""source_id"": ""B"", ""source_name"": ""Earth-Flex"", ""unfulfilled_request_t"": 0.0}]","{""A"": 10.0, ""B"": 7.5}","{""A"": 10.0, ""B"": 7.5}",17.5,0.21,17.29,17.29,0.0,40.21333333334284,8.75,2.916666666666666,0.0,0.0,28.546666666676174,ZBO,120.0,0.012,"[""ZBO""]",1.5441000000005705,1.0,[]
2036-03,28.546666666676174,11.666666666666666,8.75,"{""A"": 150.0, ""B"": 5.0, ""C"": 0, ""D"": 0, ""E"": 0}","{""A"": 12.5, ""B"": 0.4166666666666667}","[{""actual_arrival_month"": ""2036-04"", ""actual_delivery_share"": 1.0, ""availability_share"": 1.0, ""feasible_t"": 10.0, ""gross_delivery_t"": 10.0, ""order_month"": ""2035-04"", ""ordered_t"": 10.0, ""planned_arrival_month"": ""2036-04"", ""requested_t"": 10.0, ""shipment_id"": ""S0004"", ""source_id"": ""A"", ""source_name"": ""Earth-Core"", ""unfulfilled_request_t"": 0.0}, {""actual_arrival_month"": ""2036-05"", ""actual_delivery_share"": 1.0, ""availability_share"": 1.0, ""feasible_t"": 10.0, ""gross_delivery_t"": 10.0, ""order_month"": ""2035-05"", ""ordered_t"": 10.0, ""planned_arrival_month"": ""2036-05"", ""requested_t"": 10.0, ""shipment_id"": ""S0005"", ""source_id"": ""A"", ""source_name"": ""Earth-Core"", ""unfulfilled_request_t"": 0.0}, {""actual_arrival_month"": ""2036-06"", ""actual_delivery_share"": 1.0, ""availability_share"": 1.0, ""feasible_t"": 10.0, ""gross_delivery_t"": 10.0, ""order_month"": ""2035-06"", ""ordered_t"": 10.0, ""planned_arrival_month"": ""2036-06"", ""requested_t"": 10.0, ""shipment_id"": ""S0006"", ""source_id"": ""A"", ""source_name"": ""Earth-Core"", ""unfulfilled_request_t"": 0.0}, {""actual_arrival_month"": ""2036-07"", ""actual_delivery_share"": 1.0, ""availability_share"": 1.0, ""feasible_t"": 10.0, ""gross_delivery_t"": 10.0, ""order_month"": ""2035-07"", ""ordered_t"": 10.0, ""planned_arrival_month"": ""2036-07"", ""requested_t"": 10.0, ""shipment_id"": ""S0007"", ""source_id"": ""A"", ""source_name"": ""Earth-Core"", ""unfulfilled_request_t"": 0.0}, {""actual_arrival_month"": ""2036-08"", ""actual_delivery_share"": 1.0, ""availability_share"": 1.0, ""feasible_t"": 10.0, ""gross_delivery_t"": 10.0, ""order_month"": ""2035-08"", ""ordered_t"": 10.0, ""planned_arrival_month"": ""2036-08"", ""requested_t"": 10.0, ""shipment_id"": ""S0008"", ""source_id"": ""A"", ""source_name"": ""Earth-Core"", ""unfulfilled_request_t"": 0.0}, {""actual_arrival_month"": ""2036-09"", ""actual_delivery_share"": 1.0, ""availability_share"": 1.0, ""feasible_t"": 10.0, ""gross_delivery_t"": 10.0, ""order_month"": ""2035-09"", ""ordered_t"": 10.0, ""planned_arrival_month"": ""2036-09"", ""requested_t"": 10.0, ""shipment_id"": ""S0009"", ""source_id"": ""A"", ""source_name"": ""Earth-Core"", ""unfulfilled_request_t"": 0.0}, {""actual_arrival_month"": ""2036-10"", ""actual_delivery_share"": 1.0, ""availability_share"": 1.0, ""feasible_t"": 10.0, ""gross_delivery_t"": 10.0, ""order_month"": ""2035-10"", ""ordered_t"": 10.0, ""planned_arrival_month"": ""2036-10"", ""requested_t"": 10.0, ""shipment_id"": ""S0010"", ""source_id"": ""A"", ""source_name"": ""Earth-Core"", ""unfulfilled_request_t"": 0.0}, {""actual_arrival_month"": ""2036-11"", ""actual_delivery_share"": 1.0, ""availability_share"": 1.0, ""feasible_t"": 10.0, ""gross_delivery_t"": 10.0, ""order_month"": ""2035-11"", ""ordered_t"": 10.0, ""planned_arrival_month"": ""2036-11"", ""requested_t"": 10.0, ""shipment_id"": ""S0011"", ""source_id"": ""A"", ""source_name"": ""Earth-Core"", ""unfulfilled_request_t"": 0.0}, {""actual_arrival_month"": ""2036-12"", ""actual_delivery_share"": 1.0, ""availability_share"": 1.0, ""feasible_t"": 10.0, ""gross_delivery_t"": 10.0, ""order_month"": ""2035-12"", ""ordered_t"": 10.0, ""planned_arrival_month"": ""2036-12"", ""requested_t"": 10.0, ""shipment_id"": ""S0012"", ""source_id"": ""A"", ""source_name"": ""Earth-Core"", ""unfulfilled_request_t"": 0.0}, {""actual_arrival_month"": ""2037-01"", ""actual_delivery_share"": 1.0, ""availability_share"": 1.0, ""feasible_t"": 12.5, ""gross_delivery_t"": 12.5, ""order_month"": ""2036-01"", ""ordered_t"": 12.5, ""planned_arrival_month"": ""2037-01"", ""requested_t"": 12.5, ""shipment_id"": ""S0013"", ""source_id"": ""A"", ""source_name"": ""Earth-Core"", ""unfulfilled_request_t"": 0.0}, {""actual_arrival_month"": ""2037-02"", ""actual_delivery_share"": 1.0, ""availability_share"": 1.0, ""feasible_t"": 12.5, ""gross_delivery_t"": 12.5, ""order_month"": ""2036-02"", ""ordered_t"": 12.5, ""planned_arrival_month"": ""2037-02"", ""requested_t"": 12.5, ""shipment_id"": ""S0014"", ""source_id"": ""A"", ""source_name"": ""Earth-Core"", ""unfulfilled_request_t"": 0.0}, {""actual_arrival_month"": ""2037-03"", ""actual_delivery_share"": 1.0, ""availability_share"": 1.0, ""feasible_t"": 12.5, ""gross_delivery_t"": 12.5, ""order_month"": ""2036-03"", ""ordered_t"": 12.5, ""planned_arrival_month"": ""2037-03"", ""requested_t"": 12.5, ""shipment_id"": ""S0015"", ""source_id"": ""A"", ""source_name"": ""Earth-Core"", ""unfulfilled_request_t"": 0.0}, {""actual_arrival_month"": ""2036-04"", ""actual_delivery_share"": 1.0, ""availability_share"": 1.0, ""feasible_t"": 7.5, ""gross_delivery_t"": 7.5, ""order_month"": ""2035-12"", ""ordered_t"": 7.5, ""planned_arrival_month"": ""2036-04"", ""requested_t"": 7.5, ""shipment_id"": ""S0072"", ""source_id"": ""B"", ""source_name"": ""Earth-Flex"", ""unfulfilled_request_t"": 0.0}, {""actual_arrival_month"": ""2036-05"", ""actual_delivery_share"": 1.0, ""availability_share"": 1.0, ""feasible_t"": 0.4166666666666667, ""gross_delivery_t"": 0.4166666666666667, ""order_month"": ""2036-01"", ""ordered_t"": 0.4166666666666667, ""planned_arrival_month"": ""2036-05"", ""requested_t"": 0.4166666666666667, ""shipment_id"": ""S0073"", ""source_id"": ""B"", ""source_name"": ""Earth-Flex"", ""unfulfilled_request_t"": 0.0}, {""actual_arrival_month"": ""2036-06"", ""actual_delivery_share"": 1.0, ""availability_share"": 1.0, ""feasible_t"": 0.4166666666666667, ""gross_delivery_t"": 0.4166666666666667, ""order_month"": ""2036-02"", ""ordered_t"": 0.4166666666666667, ""planned_arrival_month"": ""2036-06"", ""requested_t"": 0.4166666666666667, ""shipment_id"": ""S0074"", ""source_id"": ""B"", ""source_name"": ""Earth-Flex"", ""unfulfilled_request_t"": 0.0}, {""actual_arrival_month"": ""2036-07"", ""actual_delivery_share"": 1.0, ""availability_share"": 1.0, ""feasible_t"": 0.4166666666666667, ""gross_delivery_t"": 0.4166666666666667, ""order_month"": ""2036-03"", ""ordered_t"": 0.4166666666666667, ""planned_arrival_month"": ""2036-07"", ""requested_t"": 0.4166666666666667, ""shipment_id"": ""S0075"", ""source_id"": ""B"", ""source_name"": ""Earth-Flex"", ""unfulfilled_request_t"": 0.0}]","{""A"": 10.0, ""B"": 7.5}","{""A"": 10.0, ""B"": 7.5}",17.5,0.21,17.29,17.29,0.0,45.83666666667617,8.75,2.916666666666666,0.0,0.0,34.17000000000951,ZBO,120.0,0.012,"[""ZBO""]",1.8815000000005704,1.0,[]
2036-04,34.17000000000951,11.666666666666666,8.75,"{""A"": 150.0, ""B"": 5.0, ""C"": 0, ""D"": 0, ""E"": 0}","{""A"": 12.5, ""B"": 0.4166666666666667}","[{""actual_arrival_month"": ""2036-05"", ""actual_delivery_share"": 1.0, ""availability_share"": 1.0, ""feasible_t"": 10.0, ""gross_delivery_t"": 10.0, ""order_month"": ""2035-05"", ""ordered_t"": 10.0, ""planned_arrival_month"": ""2036-05"", ""requested_t"": 10.0, ""shipment_id"": ""S0005"", ""source_id"": ""A"", ""source_name"": ""Earth-Core"", ""unfulfilled_request_t"": 0.0}, {""actual_arrival_month"": ""2036-06"", ""actual_delivery_share"": 1.0, ""availability_share"": 1.0, ""feasible_t"": 10.0, ""gross_delivery_t"": 10.0, ""order_month"": ""2035-06"", ""ordered_t"": 10.0, ""planned_arrival_month"": ""2036-06"", ""requested_t"": 10.0, ""shipment_id"": ""S0006"", ""source_id"": ""A"", ""source_name"": ""Earth-Core"", ""unfulfilled_request_t"": 0.0}, {""actual_arrival_month"": ""2036-07"", ""actual_delivery_share"": 1.0, ""availability_share"": 1.0, ""feasible_t"": 10.0, ""gross_delivery_t"": 10.0, ""order_month"": ""2035-07"", ""ordered_t"": 10.0, ""planned_arrival_month"": ""2036-07"", ""requested_t"": 10.0, ""shipment_id"": ""S0007"", ""source_id"": ""A"", ""source_name"": ""Earth-Core"", ""unfulfilled_request_t"": 0.0}, {""actual_arrival_month"": ""2036-08"", ""actual_delivery_share"": 1.0, ""availability_share"": 1.0, ""feasible_t"": 10.0, ""gross_delivery_t"": 10.0, ""order_month"": ""2035-08"", ""ordered_t"": 10.0, ""planned_arrival_month"": ""2036-08"", ""requested_t"": 10.0, ""shipment_id"": ""S0008"", ""source_id"": ""A"", ""source_name"": ""Earth-Core"", ""unfulfilled_request_t"": 0.0}, {""actual_arrival_month"": ""2036-09"", ""actual_delivery_share"": 1.0, ""availability_share"": 1.0, ""feasible_t"": 10.0, ""gross_delivery_t"": 10.0, ""order_month"": ""2035-09"", ""ordered_t"": 10.0, ""planned_arrival_month"": ""2036-09"", ""requested_t"": 10.0, ""shipment_id"": ""S0009"", ""source_id"": ""A"", ""source_name"": ""Earth-Core"", ""unfulfilled_request_t"": 0.0}, {""actual_arrival_month"": ""2036-10"", ""actual_delivery_share"": 1.0, ""availability_share"": 1.0, ""feasible_t"": 10.0, ""gross_delivery_t"": 10.0, ""order_month"": ""2035-10"", ""ordered_t"": 10.0, ""planned_arrival_month"": ""2036-10"", ""requested_t"": 10.0, ""shipment_id"": ""S0010"", ""source_id"": ""A"", ""source_name"": ""Earth-Core"", ""unfulfilled_request_t"": 0.0}, {""actual_arrival_month"": ""2036-11"", ""actual_delivery_share"": 1.0, ""availability_share"": 1.0, ""feasible_t"": 10.0, ""gross_delivery_t"": 10.0, ""order_month"": ""2035-11"", ""ordered_t"": 10.0, ""planned_arrival_month"": ""2036-11"", ""requested_t"": 10.0, ""shipment_id"": ""S0011"", ""source_id"": ""A"", ""source_name"": ""Earth-Core"", ""unfulfilled_request_t"": 0.0}, {""actual_arrival_month"": ""2036-12"", ""actual_delivery_share"": 1.0, ""availability_share"": 1.0, ""feasible_t"": 10.0, ""gross_delivery_t"": 10.0, ""order_month"": ""2035-12"", ""ordered_t"": 10.0, ""planned_arrival_month"": ""2036-12"", ""requested_t"": 10.0, ""shipment_id"": ""S0012"", ""source_id"": ""A"", ""source_name"": ""Earth-Core"", ""unfulfilled_request_t"": 0.0}, {""actual_arrival_month"": ""2037-01"", ""actual_delivery_share"": 1.0, ""availability_share"": 1.0, ""feasible_t"": 12.5, ""gross_delivery_t"": 12.5, ""order_month"": ""2036-01"", ""ordered_t"": 12.5, ""planned_arrival_month"": ""2037-01"", ""requested_t"": 12.5, ""shipment_id"": ""S0013"", ""source_id"": ""A"", ""source_name"": ""Earth-Core"", ""unfulfilled_request_t"": 0.0}, {""actual_arrival_month"": ""2037-02"", ""actual_delivery_share"": 1.0, ""availability_share"": 1.0, ""feasible_t"": 12.5, ""gross_delivery_t"": 12.5, ""order_month"": ""2036-02"", ""ordered_t"": 12.5, ""planned_arrival_month"": ""2037-02"", ""requested_t"": 12.5, ""shipment_id"": ""S0014"", ""source_id"": ""A"", ""source_name"": ""Earth-Core"", ""unfulfilled_request_t"": 0.0}, {""actual_arrival_month"": ""2037-03"", ""actual_delivery_share"": 1.0, ""availability_share"": 1.0, ""feasible_t"": 12.5, ""gross_delivery_t"": 12.5, ""order_month"": ""2036-03"", ""ordered_t"": 12.5, ""planned_arrival_month"": ""2037-03"", ""requested_t"": 12.5, ""shipment_id"": ""S0015"", ""source_id"": ""A"", ""source_name"": ""Earth-Core"", ""unfulfilled_request_t"": 0.0}, {""actual_arrival_month"": ""2037-04"", ""actual_delivery_share"": 1.0, ""availability_share"": 1.0, ""feasible_t"": 12.5, ""gross_delivery_t"": 12.5, ""order_month"": ""2036-04"", ""ordered_t"": 12.5, ""planned_arrival_month"": ""2037-04"", ""requested_t"": 12.5, ""shipment_id"": ""S0016"", ""source_id"": ""A"", ""source_name"": ""Earth-Core"", ""unfulfilled_request_t"": 0.0}, {""actual_arrival_month"": ""2036-05"", ""actual_delivery_share"": 1.0, ""availability_share"": 1.0, ""feasible_t"": 0.4166666666666667, ""gross_delivery_t"": 0.4166666666666667, ""order_month"": ""2036-01"", ""ordered_t"": 0.4166666666666667, ""planned_arrival_month"": ""2036-05"", ""requested_t"": 0.4166666666666667, ""shipment_id"": ""S0073"", ""source_id"": ""B"", ""source_name"": ""Earth-Flex"", ""unfulfilled_request_t"": 0.0}, {""actual_arrival_month"": ""2036-06"", ""actual_delivery_share"": 1.0, ""availability_share"": 1.0, ""feasible_t"": 0.4166666666666667, ""gross_delivery_t"": 0.4166666666666667, ""order_month"": ""2036-02"", ""ordered_t"": 0.4166666666666667, ""planned_arrival_month"": ""2036-06"", ""requested_t"": 0.4166666666666667, ""shipment_id"": ""S0074"", ""source_id"": ""B"", ""source_name"": ""Earth-Flex"", ""unfulfilled_request_t"": 0.0}, {""actual_arrival_month"": ""2036-07"", ""actual_delivery_share"": 1.0, ""availability_share"": 1.0, ""feasible_t"": 0.4166666666666667, ""gross_delivery_t"": 0.4166666666666667, ""order_month"": ""2036-03"", ""ordered_t"": 0.4166666666666667, ""planned_arrival_month"": ""2036-07"", ""requested_t"": 0.4166666666666667, ""shipment_id"": ""S0075"", ""source_id"": ""B"", ""source_name"": ""Earth-Flex"", ""unfulfilled_request_t"": 0.0}, {""actual_arrival_month"": ""2036-08"", ""actual_delivery_share"": 1.0, ""availability_share"": 1.0, ""feasible_t"": 0.4166666666666667, ""gross_delivery_t"": 0.4166666666666667, ""order_month"": ""2036-04"", ""ordered_t"": 0.4166666666666667, ""planned_arrival_month"": ""2036-08"", ""requested_t"": 0.4166666666666667, ""shipment_id"": ""S0076"", ""source_id"": ""B"", ""source_name"": ""Earth-Flex"", ""unfulfilled_request_t"": 0.0}]","{""A"": 10.0, ""B"": 7.5}","{""A"": 10.0, ""B"": 7.5}",17.5,0.21,17.29,17.29,0.0,51.46000000000951,8.75,2.916666666666666,0.0,0.0,39.793333333342844,ZBO,120.0,0.012,"[""ZBO""]",2.2189000000005703,1.0,[]
2036-05,39.793333333342844,11.666666666666666,8.75,"{""A"": 150.0, ""B"": 5.0, ""C"": 0, ""D"": 0, ""E"": 0}","{""A"": 12.5, ""B"": 0.4166666666666667}","[{""actual_arrival_month"": ""2036-06"", ""actual_delivery_share"": 1.0, ""availability_share"": 1.0, ""feasible_t"": 10.0, ""gross_delivery_t"": 10.0, ""order_month"": ""2035-06"", ""ordered_t"": 10.0, ""planned_arrival_month"": ""2036-06"", ""requested_t"": 10.0, ""shipment_id"": ""S0006"", ""source_id"": ""A"", ""source_name"": ""Earth-Core"", ""unfulfilled_request_t"": 0.0}, {""actual_arrival_month"": ""2036-07"", ""actual_delivery_share"": 1.0, ""availability_share"": 1.0, ""feasible_t"": 10.0, ""gross_delivery_t"": 10.0, ""order_month"": ""2035-07"", ""ordered_t"": 10.0, ""planned_arrival_month"": ""2036-07"", ""requested_t"": 10.0, ""shipment_id"": ""S0007"", ""source_id"": ""A"", ""source_name"": ""Earth-Core"", ""unfulfilled_request_t"": 0.0}, {""actual_arrival_month"": ""2036-08"", ""actual_delivery_share"": 1.0, ""availability_share"": 1.0, ""feasible_t"": 10.0, ""gross_delivery_t"": 10.0, ""order_month"": ""2035-08"", ""ordered_t"": 10.0, ""planned_arrival_month"": ""2036-08"", ""requested_t"": 10.0, ""shipment_id"": ""S0008"", ""source_id"": ""A"", ""source_name"": ""Earth-Core"", ""unfulfilled_request_t"": 0.0}, {""actual_arrival_month"": ""2036-09"", ""actual_delivery_share"": 1.0, ""availability_share"": 1.0, ""feasible_t"": 10.0, ""gross_delivery_t"": 10.0, ""order_month"": ""2035-09"", ""ordered_t"": 10.0, ""planned_arrival_month"": ""2036-09"", ""requested_t"": 10.0, ""shipment_id"": ""S0009"", ""source_id"": ""A"", ""source_name"": ""Earth-Core"", ""unfulfilled_request_t"": 0.0}, {""actual_arrival_month"": ""2036-10"", ""actual_delivery_share"": 1.0, ""availability_share"": 1.0, ""feasible_t"": 10.0, ""gross_delivery_t"": 10.0, ""order_month"": ""2035-10"", ""ordered_t"": 10.0, ""planned_arrival_month"": ""2036-10"", ""requested_t"": 10.0, ""shipment_id"": ""S0010"", ""source_id"": ""A"", ""source_name"": ""Earth-Core"", ""unfulfilled_request_t"": 0.0}, {""actual_arrival_month"": ""2036-11"", ""actual_delivery_share"": 1.0, ""availability_share"": 1.0, ""feasible_t"": 10.0, ""gross_delivery_t"": 10.0, ""order_month"": ""2035-11"", ""ordered_t"": 10.0, ""planned_arrival_month"": ""2036-11"", ""requested_t"": 10.0, ""shipment_id"": ""S0011"", ""source_id"": ""A"", ""source_name"": ""Earth-Core"", ""unfulfilled_request_t"": 0.0}, {""actual_arrival_month"": ""2036-12"", ""actual_delivery_share"": 1.0, ""availability_share"": 1.0, ""feasible_t"": 10.0, ""gross_delivery_t"": 10.0, ""order_month"": ""2035-12"", ""ordered_t"": 10.0, ""planned_arrival_month"": ""2036-12"", ""requested_t"": 10.0, ""shipment_id"": ""S0012"", ""source_id"": ""A"", ""source_name"": ""Earth-Core"", ""unfulfilled_request_t"": 0.0}, {""actual_arrival_month"": ""2037-01"", ""actual_delivery_share"": 1.0, ""availability_share"": 1.0, ""feasible_t"": 12.5, ""gross_delivery_t"": 12.5, ""order_month"": ""2036-01"", ""ordered_t"": 12.5, ""planned_arrival_month"": ""2037-01"", ""requested_t"": 12.5, ""shipment_id"": ""S0013"", ""source_id"": ""A"", ""source_name"": ""Earth-Core"", ""unfulfilled_request_t"": 0.0}, {""actual_arrival_month"": ""2037-02"", ""actual_delivery_share"": 1.0, ""availability_share"": 1.0, ""feasible_t"": 12.5, ""gross_delivery_t"": 12.5, ""order_month"": ""2036-02"", ""ordered_t"": 12.5, ""planned_arrival_month"": ""2037-02"", ""requested_t"": 12.5, ""shipment_id"": ""S0014"", ""source_id"": ""A"", ""source_name"": ""Earth-Core"", ""unfulfilled_request_t"": 0.0}, {""actual_arrival_month"": ""2037-03"", ""actual_delivery_share"": 1.0, ""availability_share"": 1.0, ""feasible_t"": 12.5, ""gross_delivery_t"": 12.5, ""order_month"": ""2036-03"", ""ordered_t"": 12.5, ""planned_arrival_month"": ""2037-03"", ""requested_t"": 12.5, ""shipment_id"": ""S0015"", ""source_id"": ""A"", ""source_name"": ""Earth-Core"", ""unfulfilled_request_t"": 0.0}, {""actual_arrival_month"": ""2037-04"", ""actual_delivery_share"": 1.0, ""availability_share"": 1.0, ""feasible_t"": 12.5, ""gross_delivery_t"": 12.5, ""order_month"": ""2036-04"", ""ordered_t"": 12.5, ""planned_arrival_month"": ""2037-04"", ""requested_t"": 12.5, ""shipment_id"": ""S0016"", ""source_id"": ""A"", ""source_name"": ""Earth-Core"", ""unfulfilled_request_t"": 0.0}, {""actual_arrival_month"": ""2037-05"", ""actual_delivery_share"": 1.0, ""availability_share"": 1.0, ""feasible_t"": 12.5, ""gross_delivery_t"": 12.5, ""order_month"": ""2036-05"", ""ordered_t"": 12.5, ""planned_arrival_month"": ""2037-05"", ""requested_t"": 12.5, ""shipment_id"": ""S0017"", ""source_id"": ""A"", ""source_name"": ""Earth-Core"", ""unfulfilled_request_t"": 0.0}, {""actual_arrival_month"": ""2036-06"", ""actual_delivery_share"": 1.0, ""availability_share"": 1.0, ""feasible_t"": 0.4166666666666667, ""gross_delivery_t"": 0.4166666666666667, ""order_month"": ""2036-02"", ""ordered_t"": 0.4166666666666667, ""planned_arrival_month"": ""2036-06"", ""requested_t"": 0.4166666666666667, ""shipment_id"": ""S0074"", ""source_id"": ""B"", ""source_name"": ""Earth-Flex"", ""unfulfilled_request_t"": 0.0}, {""actual_arrival_month"": ""2036-07"", ""actual_delivery_share"": 1.0, ""availability_share"": 1.0, ""feasible_t"": 0.4166666666666667, ""gross_delivery_t"": 0.4166666666666667, ""order_month"": ""2036-03"", ""ordered_t"": 0.4166666666666667, ""planned_arrival_month"": ""2036-07"", ""requested_t"": 0.4166666666666667, ""shipment_id"": ""S0075"", ""source_id"": ""B"", ""source_name"": ""Earth-Flex"", ""unfulfilled_request_t"": 0.0}, {""actual_arrival_month"": ""2036-08"", ""actual_delivery_share"": 1.0, ""availability_share"": 1.0, ""feasible_t"": 0.4166666666666667, ""gross_delivery_t"": 0.4166666666666667, ""order_month"": ""2036-04"", ""ordered_t"": 0.4166666666666667, ""planned_arrival_month"": ""2036-08"", ""requested_t"": 0.4166666666666667, ""shipment_id"": ""S0076"", ""source_id"": ""B"", ""source_name"": ""Earth-Flex"", ""unfulfilled_request_t"": 0.0}, {""actual_arrival_month"": ""2036-09"", ""actual_delivery_share"": 1.0, ""availability_share"": 1.0, ""feasible_t"": 0.4166666666666667, ""gross_delivery_t"": 0.4166666666666667, ""order_month"": ""2036-05"", ""ordered_t"": 0.4166666666666667, ""planned_arrival_month"": ""2036-09"", ""requested_t"": 0.4166666666666667, ""shipment_id"": ""S0077"", ""source_id"": ""B"", ""source_name"": ""Earth-Flex"", ""unfulfilled_request_t"": 0.0}]","{""A"": 10.0, ""B"": 0.4166666666666667}","{""A"": 10.0, ""B"": 0.4166666666666667}",10.416666666666666,0.125,10.291666666666666,10.291666666666666,0.0,50.08500000000951,8.75,2.916666666666666,0.0,0.0,38.418333333342844,ZBO,120.0,0.012,"[""ZBO""]",2.346350000000571,1.0,[]
2036-06,38.418333333342844,11.666666666666666,8.75,"{""A"": 150.0, ""B"": 5.0, ""C"": 0, ""D"": 0, ""E"": 0}","{""A"": 12.5, ""B"": 0.4166666666666667}","[{""actual_arrival_month"": ""2036-07"", ""actual_delivery_share"": 1.0, ""availability_share"": 1.0, ""feasible_t"": 10.0, ""gross_delivery_t"": 10.0, ""order_month"": ""2035-07"", ""ordered_t"": 10.0, ""planned_arrival_month"": ""2036-07"", ""requested_t"": 10.0, ""shipment_id"": ""S0007"", ""source_id"": ""A"", ""source_name"": ""Earth-Core"", ""unfulfilled_request_t"": 0.0}, {""actual_arrival_month"": ""2036-08"", ""actual_delivery_share"": 1.0, ""availability_share"": 1.0, ""feasible_t"": 10.0, ""gross_delivery_t"": 10.0, ""order_month"": ""2035-08"", ""ordered_t"": 10.0, ""planned_arrival_month"": ""2036-08"", ""requested_t"": 10.0, ""shipment_id"": ""S0008"", ""source_id"": ""A"", ""source_name"": ""Earth-Core"", ""unfulfilled_request_t"": 0.0}, {""actual_arrival_month"": ""2036-09"", ""actual_delivery_share"": 1.0, ""availability_share"": 1.0, ""feasible_t"": 10.0, ""gross_delivery_t"": 10.0, ""order_month"": ""2035-09"", ""ordered_t"": 10.0, ""planned_arrival_month"": ""2036-09"", ""requested_t"": 10.0, ""shipment_id"": ""S0009"", ""source_id"": ""A"", ""source_name"": ""Earth-Core"", ""unfulfilled_request_t"": 0.0}, {""actual_arrival_month"": ""2036-10"", ""actual_delivery_share"": 1.0, ""availability_share"": 1.0, ""feasible_t"": 10.0, ""gross_delivery_t"": 10.0, ""order_month"": ""2035-10"", ""ordered_t"": 10.0, ""planned_arrival_month"": ""2036-10"", ""requested_t"": 10.0, ""shipment_id"": ""S0010"", ""source_id"": ""A"", ""source_name"": ""Earth-Core"", ""unfulfilled_request_t"": 0.0}, {""actual_arrival_month"": ""2036-11"", ""actual_delivery_share"": 1.0, ""availability_share"": 1.0, ""feasible_t"": 10.0, ""gross_delivery_t"": 10.0, ""order_month"": ""2035-11"", ""ordered_t"": 10.0, ""planned_arrival_month"": ""2036-11"", ""requested_t"": 10.0, ""shipment_id"": ""S0011"", ""source_id"": ""A"", ""source_name"": ""Earth-Core"", ""unfulfilled_request_t"": 0.0}, {""actual_arrival_month"": ""2036-12"", ""actual_delivery_share"": 1.0, ""availability_share"": 1.0, ""feasible_t"": 10.0, ""gross_delivery_t"": 10.0, ""order_month"": ""2035-12"", ""ordered_t"": 10.0, ""planned_arrival_month"": ""2036-12"", ""requested_t"": 10.0, ""shipment_id"": ""S0012"", ""source_id"": ""A"", ""source_name"": ""Earth-Core"", ""unfulfilled_request_t"": 0.0}, {""actual_arrival_month"": ""2037-01"", ""actual_delivery_share"": 1.0, ""availability_share"": 1.0, ""feasible_t"": 12.5, ""gross_delivery_t"": 12.5, ""order_month"": ""2036-01"", ""ordered_t"": 12.5, ""planned_arrival_month"": ""2037-01"", ""requested_t"": 12.5, ""shipment_id"": ""S0013"", ""source_id"": ""A"", ""source_name"": ""Earth-Core"", ""unfulfilled_request_t"": 0.0}, {""actual_arrival_month"": ""2037-02"", ""actual_delivery_share"": 1.0, ""availability_share"": 1.0, ""feasible_t"": 12.5, ""gross_delivery_t"": 12.5, ""order_month"": ""2036-02"", ""ordered_t"": 12.5, ""planned_arrival_month"": ""2037-02"", ""requested_t"": 12.5, ""shipment_id"": ""S0014"", ""source_id"": ""A"", ""source_name"": ""Earth-Core"", ""unfulfilled_request_t"": 0.0}, {""actual_arrival_month"": ""2037-03"", ""actual_delivery_share"": 1.0, ""availability_share"": 1.0, ""feasible_t"": 12.5, ""gross_delivery_t"": 12.5, ""order_month"": ""2036-03"", ""ordered_t"": 12.5, ""planned_arrival_month"": ""2037-03"", ""requested_t"": 12.5, ""shipment_id"": ""S0015"", ""source_id"": ""A"", ""source_name"": ""Earth-Core"", ""unfulfilled_request_t"": 0.0}, {""actual_arrival_month"": ""2037-04"", ""actual_delivery_share"": 1.0, ""availability_share"": 1.0, ""feasible_t"": 12.5, ""gross_delivery_t"": 12.5, ""order_month"": ""2036-04"", ""ordered_t"": 12.5, ""planned_arrival_month"": ""2037-04"", ""requested_t"": 12.5, ""shipment_id"": ""S0016"", ""source_id"": ""A"", ""source_name"": ""Earth-Core"", ""unfulfilled_request_t"": 0.0}, {""actual_arrival_month"": ""2037-05"", ""actual_delivery_share"": 1.0, ""availability_share"": 1.0, ""feasible_t"": 12.5, ""gross_delivery_t"": 12.5, ""order_month"": ""2036-05"", ""ordered_t"": 12.5, ""planned_arrival_month"": ""2037-05"", ""requested_t"": 12.5, ""shipment_id"": ""S0017"", ""source_id"": ""A"", ""source_name"": ""Earth-Core"", ""unfulfilled_request_t"": 0.0}, {""actual_arrival_month"": ""2037-06"", ""actual_delivery_share"": 1.0, ""availability_share"": 1.0, ""feasible_t"": 12.5, ""gross_delivery_t"": 12.5, ""order_month"": ""2036-06"", ""ordered_t"": 12.5, ""planned_arrival_month"": ""2037-06"", ""requested_t"": 12.5, ""shipment_id"": ""S0018"", ""source_id"": ""A"", ""source_name"": ""Earth-Core"", ""unfulfilled_request_t"": 0.0}, {""actual_arrival_month"": ""2036-07"", ""actual_delivery_share"": 1.0, ""availability_share"": 1.0, ""feasible_t"": 0.4166666666666667, ""gross_delivery_t"": 0.4166666666666667, ""order_month"": ""2036-03"", ""ordered_t"": 0.4166666666666667, ""planned_arrival_month"": ""2036-07"", ""requested_t"": 0.4166666666666667, ""shipment_id"": ""S0075"", ""source_id"": ""B"", ""source_name"": ""Earth-Flex"", ""unfulfilled_request_t"": 0.0}, {""actual_arrival_month"": ""2036-08"", ""actual_delivery_share"": 1.0, ""availability_share"": 1.0, ""feasible_t"": 0.4166666666666667, ""gross_delivery_t"": 0.4166666666666667, ""order_month"": ""2036-04"", ""ordered_t"": 0.4166666666666667, ""planned_arrival_month"": ""2036-08"", ""requested_t"": 0.4166666666666667, ""shipment_id"": ""S0076"", ""source_id"": ""B"", ""source_name"": ""Earth-Flex"", ""unfulfilled_request_t"": 0.0}, {""actual_arrival_month"": ""2036-09"", ""actual_delivery_share"": 1.0, ""availability_share"": 1.0, ""feasible_t"": 0.4166666666666667, ""gross_delivery_t"": 0.4166666666666667, ""order_month"": ""2036-05"", ""ordered_t"": 0.4166666666666667, ""planned_arrival_month"": ""2036-09"", ""requested_t"": 0.4166666666666667, ""shipment_id"": ""S0077"", ""source_id"": ""B"", ""source_name"": ""Earth-Flex"", ""unfulfilled_request_t"": 0.0}, {""actual_arrival_month"": ""2036-10"", ""actual_delivery_share"": 1.0, ""availability_share"": 1.0, ""feasible_t"": 0.4166666666666667, ""gross_delivery_t"": 0.4166666666666667, ""order_month"": ""2036-06"", ""ordered_t"": 0.4166666666666667, ""planned_arrival_month"": ""2036-10"", ""requested_t"": 0.4166666666666667, ""shipment_id"": ""S0078"", ""source_id"": ""B"", ""source_name"": ""Earth-Flex"", ""unfulfilled_request_t"": 0.0}]","{""A"": 10.0, ""B"": 0.4166666666666667}","{""A"": 10.0, ""B"": 0.4166666666666667}",10.416666666666666,0.125,10.291666666666666,10.291666666666666,0.0,48.71000000000951,8.75,2.916666666666666,0.0,0.0,37.043333333342844,ZBO,120.0,0.012,"[""ZBO""]",2.2638500000005704,1.0,[]
2036-07,37.043333333342844,11.666666666666666,8.75,"{""A"": 150.0, ""B"": 5.0, ""C"": 0, ""D"": 0, ""E"": 0}","{""A"": 12.5, ""B"": 0.4166666666666667}","[{""actual_arrival_month"": ""2036-08"", ""actual_delivery_share"": 1.0, ""availability_share"": 1.0, ""feasible_t"": 10.0, ""gross_delivery_t"": 10.0, ""order_month"": ""2035-08"", ""ordered_t"": 10.0, ""planned_arrival_month"": ""2036-08"", ""requested_t"": 10.0, ""shipment_id"": ""S0008"", ""source_id"": ""A"", ""source_name"": ""Earth-Core"", ""unfulfilled_request_t"": 0.0}, {""actual_arrival_month"": ""2036-09"", ""actual_delivery_share"": 1.0, ""availability_share"": 1.0, ""feasible_t"": 10.0, ""gross_delivery_t"": 10.0, ""order_month"": ""2035-09"", ""ordered_t"": 10.0, ""planned_arrival_month"": ""2036-09"", ""requested_t"": 10.0, ""shipment_id"": ""S0009"", ""source_id"": ""A"", ""source_name"": ""Earth-Core"", ""unfulfilled_request_t"": 0.0}, {""actual_arrival_month"": ""2036-10"", ""actual_delivery_share"": 1.0, ""availability_share"": 1.0, ""feasible_t"": 10.0, ""gross_delivery_t"": 10.0, ""order_month"": ""2035-10"", ""ordered_t"": 10.0, ""planned_arrival_month"": ""2036-10"", ""requested_t"": 10.0, ""shipment_id"": ""S0010"", ""source_id"": ""A"", ""source_name"": ""Earth-Core"", ""unfulfilled_request_t"": 0.0}, {""actual_arrival_month"": ""2036-11"", ""actual_delivery_share"": 1.0, ""availability_share"": 1.0, ""feasible_t"": 10.0, ""gross_delivery_t"": 10.0, ""order_month"": ""2035-11"", ""ordered_t"": 10.0, ""planned_arrival_month"": ""2036-11"", ""requested_t"": 10.0, ""shipment_id"": ""S0011"", ""source_id"": ""A"", ""source_name"": ""Earth-Core"", ""unfulfilled_request_t"": 0.0}, {""actual_arrival_month"": ""2036-12"", ""actual_delivery_share"": 1.0, ""availability_share"": 1.0, ""feasible_t"": 10.0, ""gross_delivery_t"": 10.0, ""order_month"": ""2035-12"", ""ordered_t"": 10.0, ""planned_arrival_month"": ""2036-12"", ""requested_t"": 10.0, ""shipment_id"": ""S0012"", ""source_id"": ""A"", ""source_name"": ""Earth-Core"", ""unfulfilled_request_t"": 0.0}, {""actual_arrival_month"": ""2037-01"", ""actual_delivery_share"": 1.0, ""availability_share"": 1.0, ""feasible_t"": 12.5, ""gross_delivery_t"": 12.5, ""order_month"": ""2036-01"", ""ordered_t"": 12.5, ""planned_arrival_month"": ""2037-01"", ""requested_t"": 12.5, ""shipment_id"": ""S0013"", ""source_id"": ""A"", ""source_name"": ""Earth-Core"", ""unfulfilled_request_t"": 0.0}, {""actual_arrival_month"": ""2037-02"", ""actual_delivery_share"": 1.0, ""availability_share"": 1.0, ""feasible_t"": 12.5, ""gross_delivery_t"": 12.5, ""order_month"": ""2036-02"", ""ordered_t"": 12.5, ""planned_arrival_month"": ""2037-02"", ""requested_t"": 12.5, ""shipment_id"": ""S0014"", ""source_id"": ""A"", ""source_name"": ""Earth-Core"", ""unfulfilled_request_t"": 0.0}, {""actual_arrival_month"": ""2037-03"", ""actual_delivery_share"": 1.0, ""availability_share"": 1.0, ""feasible_t"": 12.5, ""gross_delivery_t"": 12.5, ""order_month"": ""2036-03"", ""ordered_t"": 12.5, ""planned_arrival_month"": ""2037-03"", ""requested_t"": 12.5, ""shipment_id"": ""S0015"", ""source_id"": ""A"", ""source_name"": ""Earth-Core"", ""unfulfilled_request_t"": 0.0}, {""actual_arrival_month"": ""2037-04"", ""actual_delivery_share"": 1.0, ""availability_share"": 1.0, ""feasible_t"": 12.5, ""gross_delivery_t"": 12.5, ""order_month"": ""2036-04"", ""ordered_t"": 12.5, ""planned_arrival_month"": ""2037-04"", ""requested_t"": 12.5, ""shipment_id"": ""S0016"", ""source_id"": ""A"", ""source_name"": ""Earth-Core"", ""unfulfilled_request_t"": 0.0}, {""actual_arrival_month"": ""2037-05"", ""actual_delivery_share"": 1.0, ""availability_share"": 1.0, ""feasible_t"": 12.5, ""gross_delivery_t"": 12.5, ""order_month"": ""2036-05"", ""ordered_t"": 12.5, ""planned_arrival_month"": ""2037-05"", ""requested_t"": 12.5, ""shipment_id"": ""S0017"", ""source_id"": ""A"", ""source_name"": ""Earth-Core"", ""unfulfilled_request_t"": 0.0}, {""actual_arrival_month"": ""2037-06"", ""actual_delivery_share"": 1.0, ""availability_share"": 1.0, ""feasible_t"": 12.5, ""gross_delivery_t"": 12.5, ""order_month"": ""2036-06"", ""ordered_t"": 12.5, ""planned_arrival_month"": ""2037-06"", ""requested_t"": 12.5, ""shipment_id"": ""S0018"", ""source_id"": ""A"", ""source_name"": ""Earth-Core"", ""unfulfilled_request_t"": 0.0}, {""actual_arrival_month"": ""2037-07"", ""actual_delivery_share"": 1.0, ""availability_share"": 1.0, ""feasible_t"": 12.5, ""gross_delivery_t"": 12.5, ""order_month"": ""2036-07"", ""ordered_t"": 12.5, ""planned_arrival_month"": ""2037-07"", ""requested_t"": 12.5, ""shipment_id"": ""S0019"", ""source_id"": ""A"", ""source_name"": ""Earth-Core"", ""unfulfilled_request_t"": 0.0}, {""actual_arrival_month"": ""2036-08"", ""actual_delivery_share"": 1.0, ""availability_share"": 1.0, ""feasible_t"": 0.4166666666666667, ""gross_delivery_t"": 0.4166666666666667, ""order_month"": ""2036-04"", ""ordered_t"": 0.4166666666666667, ""planned_arrival_month"": ""2036-08"", ""requested_t"": 0.4166666666666667, ""shipment_id"": ""S0076"", ""source_id"": ""B"", ""source_name"": ""Earth-Flex"", ""unfulfilled_request_t"": 0.0}, {""actual_arrival_month"": ""2036-09"", ""actual_delivery_share"": 1.0, ""availability_share"": 1.0, ""feasible_t"": 0.4166666666666667, ""gross_delivery_t"": 0.4166666666666667, ""order_month"": ""2036-05"", ""ordered_t"": 0.4166666666666667, ""planned_arrival_month"": ""2036-09"", ""requested_t"": 0.4166666666666667, ""shipment_id"": ""S0077"", ""source_id"": ""B"", ""source_name"": ""Earth-Flex"", ""unfulfilled_request_t"": 0.0}, {""actual_arrival_month"": ""2036-10"", ""actual_delivery_share"": 1.0, ""availability_share"": 1.0, ""feasible_t"": 0.4166666666666667, ""gross_delivery_t"": 0.4166666666666667, ""order_month"": ""2036-06"", ""ordered_t"": 0.4166666666666667, ""planned_arrival_month"": ""2036-10"", ""requested_t"": 0.4166666666666667, ""shipment_id"": ""S0078"", ""source_id"": ""B"", ""source_name"": ""Earth-Flex"", ""unfulfilled_request_t"": 0.0}, {""actual_arrival_month"": ""2036-11"", ""actual_delivery_share"": 1.0, ""availability_share"": 1.0, ""feasible_t"": 0.4166666666666667, ""gross_delivery_t"": 0.4166666666666667, ""order_month"": ""2036-07"", ""ordered_t"": 0.4166666666666667, ""planned_arrival_month"": ""2036-11"", ""requested_t"": 0.4166666666666667, ""shipment_id"": ""S0079"", ""source_id"": ""B"", ""source_name"": ""Earth-Flex"", ""unfulfilled_request_t"": 0.0}]","{""A"": 10.0, ""B"": 0.4166666666666667}","{""A"": 10.0, ""B"": 0.4166666666666667}",10.416666666666666,0.125,10.291666666666666,10.291666666666666,0.0,47.33500000000951,8.75,2.916666666666666,0.0,0.0,35.668333333342844,ZBO,120.0,0.012,"[""ZBO""]",2.1813500000005708,1.0,[]
2036-08,35.668333333342844,11.666666666666666,8.75,"{""A"": 150.0, ""B"": 5.0, ""C"": 0, ""D"": 0, ""E"": 0}","{""A"": 12.5, ""B"": 0.4166666666666667}","[{""actual_arrival_month"": ""2036-09"", ""actual_delivery_share"": 1.0, ""availability_share"": 1.0, ""feasible_t"": 10.0, ""gross_delivery_t"": 10.0, ""order_month"": ""2035-09"", ""ordered_t"": 10.0, ""planned_arrival_month"": ""2036-09"", ""requested_t"": 10.0, ""shipment_id"": ""S0009"", ""source_id"": ""A"", ""source_name"": ""Earth-Core"", ""unfulfilled_request_t"": 0.0}, {""actual_arrival_month"": ""2036-10"", ""actual_delivery_share"": 1.0, ""availability_share"": 1.0, ""feasible_t"": 10.0, ""gross_delivery_t"": 10.0, ""order_month"": ""2035-10"", ""ordered_t"": 10.0, ""planned_arrival_month"": ""2036-10"", ""requested_t"": 10.0, ""shipment_id"": ""S0010"", ""source_id"": ""A"", ""source_name"": ""Earth-Core"", ""unfulfilled_request_t"": 0.0}, {""actual_arrival_month"": ""2036-11"", ""actual_delivery_share"": 1.0, ""availability_share"": 1.0, ""feasible_t"": 10.0, ""gross_delivery_t"": 10.0, ""order_month"": ""2035-11"", ""ordered_t"": 10.0, ""planned_arrival_month"": ""2036-11"", ""requested_t"": 10.0, ""shipment_id"": ""S0011"", ""source_id"": ""A"", ""source_name"": ""Earth-Core"", ""unfulfilled_request_t"": 0.0}, {""actual_arrival_month"": ""2036-12"", ""actual_delivery_share"": 1.0, ""availability_share"": 1.0, ""feasible_t"": 10.0, ""gross_delivery_t"": 10.0, ""order_month"": ""2035-12"", ""ordered_t"": 10.0, ""planned_arrival_month"": ""2036-12"", ""requested_t"": 10.0, ""shipment_id"": ""S0012"", ""source_id"": ""A"", ""source_name"": ""Earth-Core"", ""unfulfilled_request_t"": 0.0}, {""actual_arrival_month"": ""2037-01"", ""actual_delivery_share"": 1.0, ""availability_share"": 1.0, ""feasible_t"": 12.5, ""gross_delivery_t"": 12.5, ""order_month"": ""2036-01"", ""ordered_t"": 12.5, ""planned_arrival_month"": ""2037-01"", ""requested_t"": 12.5, ""shipment_id"": ""S0013"", ""source_id"": ""A"", ""source_name"": ""Earth-Core"", ""unfulfilled_request_t"": 0.0}, {""actual_arrival_month"": ""2037-02"", ""actual_delivery_share"": 1.0, ""availability_share"": 1.0, ""feasible_t"": 12.5, ""gross_delivery_t"": 12.5, ""order_month"": ""2036-02"", ""ordered_t"": 12.5, ""planned_arrival_month"": ""2037-02"", ""requested_t"": 12.5, ""shipment_id"": ""S0014"", ""source_id"": ""A"", ""source_name"": ""Earth-Core"", ""unfulfilled_request_t"": 0.0}, {""actual_arrival_month"": ""2037-03"", ""actual_delivery_share"": 1.0, ""availability_share"": 1.0, ""feasible_t"": 12.5, ""gross_delivery_t"": 12.5, ""order_month"": ""2036-03"", ""ordered_t"": 12.5, ""planned_arrival_month"": ""2037-03"", ""requested_t"": 12.5, ""shipment_id"": ""S0015"", ""source_id"": ""A"", ""source_name"": ""Earth-Core"", ""unfulfilled_request_t"": 0.0}, {""actual_arrival_month"": ""2037-04"", ""actual_delivery_share"": 1.0, ""availability_share"": 1.0, ""feasible_t"": 12.5, ""gross_delivery_t"": 12.5, ""order_month"": ""2036-04"", ""ordered_t"": 12.5, ""planned_arrival_month"": ""2037-04"", ""requested_t"": 12.5, ""shipment_id"": ""S0016"", ""source_id"": ""A"", ""source_name"": ""Earth-Core"", ""unfulfilled_request_t"": 0.0}, {""actual_arrival_month"": ""2037-05"", ""actual_delivery_share"": 1.0, ""availability_share"": 1.0, ""feasible_t"": 12.5, ""gross_delivery_t"": 12.5, ""order_month"": ""2036-05"", ""ordered_t"": 12.5, ""planned_arrival_month"": ""2037-05"", ""requested_t"": 12.5, ""shipment_id"": ""S0017"", ""source_id"": ""A"", ""source_name"": ""Earth-Core"", ""unfulfilled_request_t"": 0.0}, {""actual_arrival_month"": ""2037-06"", ""actual_delivery_share"": 1.0, ""availability_share"": 1.0, ""feasible_t"": 12.5, ""gross_delivery_t"": 12.5, ""order_month"": ""2036-06"", ""ordered_t"": 12.5, ""planned_arrival_month"": ""2037-06"", ""requested_t"": 12.5, ""shipment_id"": ""S0018"", ""source_id"": ""A"", ""source_name"": ""Earth-Core"", ""unfulfilled_request_t"": 0.0}, {""actual_arrival_month"": ""2037-07"", ""actual_delivery_share"": 1.0, ""availability_share"": 1.0, ""feasible_t"": 12.5, ""gross_delivery_t"": 12.5, ""order_month"": ""2036-07"", ""ordered_t"": 12.5, ""planned_arrival_month"": ""2037-07"", ""requested_t"": 12.5, ""shipment_id"": ""S0019"", ""source_id"": ""A"", ""source_name"": ""Earth-Core"", ""unfulfilled_request_t"": 0.0}, {""actual_arrival_month"": ""2037-08"", ""actual_delivery_share"": 1.0, ""availability_share"": 1.0, ""feasible_t"": 12.5, ""gross_delivery_t"": 12.5, ""order_month"": ""2036-08"", ""ordered_t"": 12.5, ""planned_arrival_month"": ""2037-08"", ""requested_t"": 12.5, ""shipment_id"": ""S0020"", ""source_id"": ""A"", ""source_name"": ""Earth-Core"", ""unfulfilled_request_t"": 0.0}, {""actual_arrival_month"": ""2036-09"", ""actual_delivery_share"": 1.0, ""availability_share"": 1.0, ""feasible_t"": 0.4166666666666667, ""gross_delivery_t"": 0.4166666666666667, ""order_month"": ""2036-05"", ""ordered_t"": 0.4166666666666667, ""planned_arrival_month"": ""2036-09"", ""requested_t"": 0.4166666666666667, ""shipment_id"": ""S0077"", ""source_id"": ""B"", ""source_name"": ""Earth-Flex"", ""unfulfilled_request_t"": 0.0}, {""actual_arrival_month"": ""2036-10"", ""actual_delivery_share"": 1.0, ""availability_share"": 1.0, ""feasible_t"": 0.4166666666666667, ""gross_delivery_t"": 0.4166666666666667, ""order_month"": ""2036-06"", ""ordered_t"": 0.4166666666666667, ""planned_arrival_month"": ""2036-10"", ""requested_t"": 0.4166666666666667, ""shipment_id"": ""S0078"", ""source_id"": ""B"", ""source_name"": ""Earth-Flex"", ""unfulfilled_request_t"": 0.0}, {""actual_arrival_month"": ""2036-11"", ""actual_delivery_share"": 1.0, ""availability_share"": 1.0, ""feasible_t"": 0.4166666666666667, ""gross_delivery_t"": 0.4166666666666667, ""order_month"": ""2036-07"", ""ordered_t"": 0.4166666666666667, ""planned_arrival_month"": ""2036-11"", ""requested_t"": 0.4166666666666667, ""shipment_id"": ""S0079"", ""source_id"": ""B"", ""source_name"": ""Earth-Flex"", ""unfulfilled_request_t"": 0.0}, {""actual_arrival_month"": ""2036-12"", ""actual_delivery_share"": 1.0, ""availability_share"": 1.0, ""feasible_t"": 0.4166666666666667, ""gross_delivery_t"": 0.4166666666666667, ""order_month"": ""2036-08"", ""ordered_t"": 0.4166666666666667, ""planned_arrival_month"": ""2036-12"", ""requested_t"": 0.4166666666666667, ""shipment_id"": ""S0080"", ""source_id"": ""B"", ""source_name"": ""Earth-Flex"", ""unfulfilled_request_t"": 0.0}]","{""A"": 10.0, ""B"": 0.4166666666666667}","{""A"": 10.0, ""B"": 0.4166666666666667}",10.416666666666666,0.125,10.291666666666666,10.291666666666666,0.0,45.96000000000951,8.75,2.916666666666666,0.0,0.0,34.293333333342844,ZBO,120.0,0.012,"[""ZBO""]",2.0988500000005703,1.0,[]
2036-09,34.293333333342844,11.666666666666666,8.75,"{""A"": 150.0, ""B"": 5.0, ""C"": 0, ""D"": 0, ""E"": 0}","{""A"": 12.5, ""B"": 0.4166666666666667}","[{""actual_arrival_month"": ""2036-10"", ""actual_delivery_share"": 1.0, ""availability_share"": 1.0, ""feasible_t"": 10.0, ""gross_delivery_t"": 10.0, ""order_month"": ""2035-10"", ""ordered_t"": 10.0, ""planned_arrival_month"": ""2036-10"", ""requested_t"": 10.0, ""shipment_id"": ""S0010"", ""source_id"": ""A"", ""source_name"": ""Earth-Core"", ""unfulfilled_request_t"": 0.0}, {""actual_arrival_month"": ""2036-11"", ""actual_delivery_share"": 1.0, ""availability_share"": 1.0, ""feasible_t"": 10.0, ""gross_delivery_t"": 10.0, ""order_month"": ""2035-11"", ""ordered_t"": 10.0, ""planned_arrival_month"": ""2036-11"", ""requested_t"": 10.0, ""shipment_id"": ""S0011"", ""source_id"": ""A"", ""source_name"": ""Earth-Core"", ""unfulfilled_request_t"": 0.0}, {""actual_arrival_month"": ""2036-12"", ""actual_delivery_share"": 1.0, ""availability_share"": 1.0, ""feasible_t"": 10.0, ""gross_delivery_t"": 10.0, ""order_month"": ""2035-12"", ""ordered_t"": 10.0, ""planned_arrival_month"": ""2036-12"", ""requested_t"": 10.0, ""shipment_id"": ""S0012"", ""source_id"": ""A"", ""source_name"": ""Earth-Core"", ""unfulfilled_request_t"": 0.0}, {""actual_arrival_month"": ""2037-01"", ""actual_delivery_share"": 1.0, ""availability_share"": 1.0, ""feasible_t"": 12.5, ""gross_delivery_t"": 12.5, ""order_month"": ""2036-01"", ""ordered_t"": 12.5, ""planned_arrival_month"": ""2037-01"", ""requested_t"": 12.5, ""shipment_id"": ""S0013"", ""source_id"": ""A"", ""source_name"": ""Earth-Core"", ""unfulfilled_request_t"": 0.0}, {""actual_arrival_month"": ""2037-02"", ""actual_delivery_share"": 1.0, ""availability_share"": 1.0, ""feasible_t"": 12.5, ""gross_delivery_t"": 12.5, ""order_month"": ""2036-02"", ""ordered_t"": 12.5, ""planned_arrival_month"": ""2037-02"", ""requested_t"": 12.5, ""shipment_id"": ""S0014"", ""source_id"": ""A"", ""source_name"": ""Earth-Core"", ""unfulfilled_request_t"": 0.0}, {""actual_arrival_month"": ""2037-03"", ""actual_delivery_share"": 1.0, ""availability_share"": 1.0, ""feasible_t"": 12.5, ""gross_delivery_t"": 12.5, ""order_month"": ""2036-03"", ""ordered_t"": 12.5, ""planned_arrival_month"": ""2037-03"", ""requested_t"": 12.5, ""shipment_id"": ""S0015"", ""source_id"": ""A"", ""source_name"": ""Earth-Core"", ""unfulfilled_request_t"": 0.0}, {""actual_arrival_month"": ""2037-04"", ""actual_delivery_share"": 1.0, ""availability_share"": 1.0, ""feasible_t"": 12.5, ""gross_delivery_t"": 12.5, ""order_month"": ""2036-04"", ""ordered_t"": 12.5, ""planned_arrival_month"": ""2037-04"", ""requested_t"": 12.5, ""shipment_id"": ""S0016"", ""source_id"": ""A"", ""source_name"": ""Earth-Core"", ""unfulfilled_request_t"": 0.0}, {""actual_arrival_month"": ""2037-05"", ""actual_delivery_share"": 1.0, ""availability_share"": 1.0, ""feasible_t"": 12.5, ""gross_delivery_t"": 12.5, ""order_month"": ""2036-05"", ""ordered_t"": 12.5, ""planned_arrival_month"": ""2037-05"", ""requested_t"": 12.5, ""shipment_id"": ""S0017"", ""source_id"": ""A"", ""source_name"": ""Earth-Core"", ""unfulfilled_request_t"": 0.0}, {""actual_arrival_month"": ""2037-06"", ""actual_delivery_share"": 1.0, ""availability_share"": 1.0, ""feasible_t"": 12.5, ""gross_delivery_t"": 12.5, ""order_month"": ""2036-06"", ""ordered_t"": 12.5, ""planned_arrival_month"": ""2037-06"", ""requested_t"": 12.5, ""shipment_id"": ""S0018"", ""source_id"": ""A"", ""source_name"": ""Earth-Core"", ""unfulfilled_request_t"": 0.0}, {""actual_arrival_month"": ""2037-07"", ""actual_delivery_share"": 1.0, ""availability_share"": 1.0, ""feasible_t"": 12.5, ""gross_delivery_t"": 12.5, ""order_month"": ""2036-07"", ""ordered_t"": 12.5, ""planned_arrival_month"": ""2037-07"", ""requested_t"": 12.5, ""shipment_id"": ""S0019"", ""source_id"": ""A"", ""source_name"": ""Earth-Core"", ""unfulfilled_request_t"": 0.0}, {""actual_arrival_month"": ""2037-08"", ""actual_delivery_share"": 1.0, ""availability_share"": 1.0, ""feasible_t"": 12.5, ""gross_delivery_t"": 12.5, ""order_month"": ""2036-08"", ""ordered_t"": 12.5, ""planned_arrival_month"": ""2037-08"", ""requested_t"": 12.5, ""shipment_id"": ""S0020"", ""source_id"": ""A"", ""source_name"": ""Earth-Core"", ""unfulfilled_request_t"": 0.0}, {""actual_arrival_month"": ""2037-09"", ""actual_delivery_share"": 1.0, ""availability_share"": 1.0, ""feasible_t"": 12.5, ""gross_delivery_t"": 12.5, ""order_month"": ""2036-09"", ""ordered_t"": 12.5, ""planned_arrival_month"": ""2037-09"", ""requested_t"": 12.5, ""shipment_id"": ""S0021"", ""source_id"": ""A"", ""source_name"": ""Earth-Core"", ""unfulfilled_request_t"": 0.0}, {""actual_arrival_month"": ""2036-10"", ""actual_delivery_share"": 1.0, ""availability_share"": 1.0, ""feasible_t"": 0.4166666666666667, ""gross_delivery_t"": 0.4166666666666667, ""order_month"": ""2036-06"", ""ordered_t"": 0.4166666666666667, ""planned_arrival_month"": ""2036-10"", ""requested_t"": 0.4166666666666667, ""shipment_id"": ""S0078"", ""source_id"": ""B"", ""source_name"": ""Earth-Flex"", ""unfulfilled_request_t"": 0.0}, {""actual_arrival_month"": ""2036-11"", ""actual_delivery_share"": 1.0, ""availability_share"": 1.0, ""feasible_t"": 0.4166666666666667, ""gross_delivery_t"": 0.4166666666666667, ""order_month"": ""2036-07"", ""ordered_t"": 0.4166666666666667, ""planned_arrival_month"": ""2036-11"", ""requested_t"": 0.4166666666666667, ""shipment_id"": ""S0079"", ""source_id"": ""B"", ""source_name"": ""Earth-Flex"", ""unfulfilled_request_t"": 0.0}, {""actual_arrival_month"": ""2036-12"", ""actual_delivery_share"": 1.0, ""availability_share"": 1.0, ""feasible_t"": 0.4166666666666667, ""gross_delivery_t"": 0.4166666666666667, ""order_month"": ""2036-08"", ""ordered_t"": 0.4166666666666667, ""planned_arrival_month"": ""2036-12"", ""requested_t"": 0.4166666666666667, ""shipment_id"": ""S0080"", ""source_id"": ""B"", ""source_name"": ""Earth-Flex"", ""unfulfilled_request_t"": 0.0}, {""actual_arrival_month"": ""2037-01"", ""actual_delivery_share"": 1.0, ""availability_share"": 1.0, ""feasible_t"": 0.4166666666666667, ""gross_delivery_t"": 0.4166666666666667, ""order_month"": ""2036-09"", ""ordered_t"": 0.4166666666666667, ""planned_arrival_month"": ""2037-01"", ""requested_t"": 0.4166666666666667, ""shipment_id"": ""S0081"", ""source_id"": ""B"", ""source_name"": ""Earth-Flex"", ""unfulfilled_request_t"": 0.0}]","{""A"": 10.0, ""B"": 0.4166666666666667}","{""A"": 10.0, ""B"": 0.4166666666666667}",10.416666666666666,0.125,10.291666666666666,10.291666666666666,0.0,44.58500000000951,8.75,2.916666666666666,0.0,0.0,32.918333333342844,ZBO,120.0,0.012,"[""ZBO""]",2.0163500000005707,1.0,[]
2036-10,32.918333333342844,11.666666666666666,8.75,"{""A"": 150.0, ""B"": 5.0, ""C"": 0, ""D"": 0, ""E"": 0}","{""A"": 12.5, ""B"": 0.4166666666666667}","[{""actual_arrival_month"": ""2036-11"", ""actual_delivery_share"": 1.0, ""availability_share"": 1.0, ""feasible_t"": 10.0, ""gross_delivery_t"": 10.0, ""order_month"": ""2035-11"", ""ordered_t"": 10.0, ""planned_arrival_month"": ""2036-11"", ""requested_t"": 10.0, ""shipment_id"": ""S0011"", ""source_id"": ""A"", ""source_name"": ""Earth-Core"", ""unfulfilled_request_t"": 0.0}, {""actual_arrival_month"": ""2036-12"", ""actual_delivery_share"": 1.0, ""availability_share"": 1.0, ""feasible_t"": 10.0, ""gross_delivery_t"": 10.0, ""order_month"": ""2035-12"", ""ordered_t"": 10.0, ""planned_arrival_month"": ""2036-12"", ""requested_t"": 10.0, ""shipment_id"": ""S0012"", ""source_id"": ""A"", ""source_name"": ""Earth-Core"", ""unfulfilled_request_t"": 0.0}, {""actual_arrival_month"": ""2037-01"", ""actual_delivery_share"": 1.0, ""availability_share"": 1.0, ""feasible_t"": 12.5, ""gross_delivery_t"": 12.5, ""order_month"": ""2036-01"", ""ordered_t"": 12.5, ""planned_arrival_month"": ""2037-01"", ""requested_t"": 12.5, ""shipment_id"": ""S0013"", ""source_id"": ""A"", ""source_name"": ""Earth-Core"", ""unfulfilled_request_t"": 0.0}, {""actual_arrival_month"": ""2037-02"", ""actual_delivery_share"": 1.0, ""availability_share"": 1.0, ""feasible_t"": 12.5, ""gross_delivery_t"": 12.5, ""order_month"": ""2036-02"", ""ordered_t"": 12.5, ""planned_arrival_month"": ""2037-02"", ""requested_t"": 12.5, ""shipment_id"": ""S0014"", ""source_id"": ""A"", ""source_name"": ""Earth-Core"", ""unfulfilled_request_t"": 0.0}, {""actual_arrival_month"": ""2037-03"", ""actual_delivery_share"": 1.0, ""availability_share"": 1.0, ""feasible_t"": 12.5, ""gross_delivery_t"": 12.5, ""order_month"": ""2036-03"", ""ordered_t"": 12.5, ""planned_arrival_month"": ""2037-03"", ""requested_t"": 12.5, ""shipment_id"": ""S0015"", ""source_id"": ""A"", ""source_name"": ""Earth-Core"", ""unfulfilled_request_t"": 0.0}, {""actual_arrival_month"": ""2037-04"", ""actual_delivery_share"": 1.0, ""availability_share"": 1.0, ""feasible_t"": 12.5, ""gross_delivery_t"": 12.5, ""order_month"": ""2036-04"", ""ordered_t"": 12.5, ""planned_arrival_month"": ""2037-04"", ""requested_t"": 12.5, ""shipment_id"": ""S0016"", ""source_id"": ""A"", ""source_name"": ""Earth-Core"", ""unfulfilled_request_t"": 0.0}, {""actual_arrival_month"": ""2037-05"", ""actual_delivery_share"": 1.0, ""availability_share"": 1.0, ""feasible_t"": 12.5, ""gross_delivery_t"": 12.5, ""order_month"": ""2036-05"", ""ordered_t"": 12.5, ""planned_arrival_month"": ""2037-05"", ""requested_t"": 12.5, ""shipment_id"": ""S0017"", ""source_id"": ""A"", ""source_name"": ""Earth-Core"", ""unfulfilled_request_t"": 0.0}, {""actual_arrival_month"": ""2037-06"", ""actual_delivery_share"": 1.0, ""availability_share"": 1.0, ""feasible_t"": 12.5, ""gross_delivery_t"": 12.5, ""order_month"": ""2036-06"", ""ordered_t"": 12.5, ""planned_arrival_month"": ""2037-06"", ""requested_t"": 12.5, ""shipment_id"": ""S0018"", ""source_id"": ""A"", ""source_name"": ""Earth-Core"", ""unfulfilled_request_t"": 0.0}, {""actual_arrival_month"": ""2037-07"", ""actual_delivery_share"": 1.0, ""availability_share"": 1.0, ""feasible_t"": 12.5, ""gross_delivery_t"": 12.5, ""order_month"": ""2036-07"", ""ordered_t"": 12.5, ""planned_arrival_month"": ""2037-07"", ""requested_t"": 12.5, ""shipment_id"": ""S0019"", ""source_id"": ""A"", ""source_name"": ""Earth-Core"", ""unfulfilled_request_t"": 0.0}, {""actual_arrival_month"": ""2037-08"", ""actual_delivery_share"": 1.0, ""availability_share"": 1.0, ""feasible_t"": 12.5, ""gross_delivery_t"": 12.5, ""order_month"": ""2036-08"", ""ordered_t"": 12.5, ""planned_arrival_month"": ""2037-08"", ""requested_t"": 12.5, ""shipment_id"": ""S0020"", ""source_id"": ""A"", ""source_name"": ""Earth-Core"", ""unfulfilled_request_t"": 0.0}, {""actual_arrival_month"": ""2037-09"", ""actual_delivery_share"": 1.0, ""availability_share"": 1.0, ""feasible_t"": 12.5, ""gross_delivery_t"": 12.5, ""order_month"": ""2036-09"", ""ordered_t"": 12.5, ""planned_arrival_month"": ""2037-09"", ""requested_t"": 12.5, ""shipment_id"": ""S0021"", ""source_id"": ""A"", ""source_name"": ""Earth-Core"", ""unfulfilled_request_t"": 0.0}, {""actual_arrival_month"": ""2037-10"", ""actual_delivery_share"": 1.0, ""availability_share"": 1.0, ""feasible_t"": 12.5, ""gross_delivery_t"": 12.5, ""order_month"": ""2036-10"", ""ordered_t"": 12.5, ""planned_arrival_month"": ""2037-10"", ""requested_t"": 12.5, ""shipment_id"": ""S0022"", ""source_id"": ""A"", ""source_name"": ""Earth-Core"", ""unfulfilled_request_t"": 0.0}, {""actual_arrival_month"": ""2036-11"", ""actual_delivery_share"": 1.0, ""availability_share"": 1.0, ""feasible_t"": 0.4166666666666667, ""gross_delivery_t"": 0.4166666666666667, ""order_month"": ""2036-07"", ""ordered_t"": 0.4166666666666667, ""planned_arrival_month"": ""2036-11"", ""requested_t"": 0.4166666666666667, ""shipment_id"": ""S0079"", ""source_id"": ""B"", ""source_name"": ""Earth-Flex"", ""unfulfilled_request_t"": 0.0}, {""actual_arrival_month"": ""2036-12"", ""actual_delivery_share"": 1.0, ""availability_share"": 1.0, ""feasible_t"": 0.4166666666666667, ""gross_delivery_t"": 0.4166666666666667, ""order_month"": ""2036-08"", ""ordered_t"": 0.4166666666666667, ""planned_arrival_month"": ""2036-12"", ""requested_t"": 0.4166666666666667, ""shipment_id"": ""S0080"", ""source_id"": ""B"", ""source_name"": ""Earth-Flex"", ""unfulfilled_request_t"": 0.0}, {""actual_arrival_month"": ""2037-01"", ""actual_delivery_share"": 1.0, ""availability_share"": 1.0, ""feasible_t"": 0.4166666666666667, ""gross_delivery_t"": 0.4166666666666667, ""order_month"": ""2036-09"", ""ordered_t"": 0.4166666666666667, ""planned_arrival_month"": ""2037-01"", ""requested_t"": 0.4166666666666667, ""shipment_id"": ""S0081"", ""source_id"": ""B"", ""source_name"": ""Earth-Flex"", ""unfulfilled_request_t"": 0.0}, {""actual_arrival_month"": ""2037-02"", ""actual_delivery_share"": 1.0, ""availability_share"": 1.0, ""feasible_t"": 0.4166666666666667, ""gross_delivery_t"": 0.4166666666666667, ""order_month"": ""2036-10"", ""ordered_t"": 0.4166666666666667, ""planned_arrival_month"": ""2037-02"", ""requested_t"": 0.4166666666666667, ""shipment_id"": ""S0082"", ""source_id"": ""B"", ""source_name"": ""Earth-Flex"", ""unfulfilled_request_t"": 0.0}]","{""A"": 10.0, ""B"": 0.4166666666666667}","{""A"": 10.0, ""B"": 0.4166666666666667}",10.416666666666666,0.125,10.291666666666666,10.291666666666666,0.0,43.21000000000951,8.75,2.916666666666666,0.0,0.0,31.543333333342844,ZBO,120.0,0.012,"[""ZBO""]",1.9338500000005705,1.0,[]
2036-11,31.543333333342844,11.666666666666666,8.75,"{""A"": 150.0, ""B"": 5.0, ""C"": 0, ""D"": 0, ""E"": 0}","{""A"": 12.5, ""B"": 0.4166666666666667}","[{""actual_arrival_month"": ""2036-12"", ""actual_delivery_share"": 1.0, ""availability_share"": 1.0, ""feasible_t"": 10.0, ""gross_delivery_t"": 10.0, ""order_month"": ""2035-12"", ""ordered_t"": 10.0, ""planned_arrival_month"": ""2036-12"", ""requested_t"": 10.0, ""shipment_id"": ""S0012"", ""source_id"": ""A"", ""source_name"": ""Earth-Core"", ""unfulfilled_request_t"": 0.0}, {""actual_arrival_month"": ""2037-01"", ""actual_delivery_share"": 1.0, ""availability_share"": 1.0, ""feasible_t"": 12.5, ""gross_delivery_t"": 12.5, ""order_month"": ""2036-01"", ""ordered_t"": 12.5, ""planned_arrival_month"": ""2037-01"", ""requested_t"": 12.5, ""shipment_id"": ""S0013"", ""source_id"": ""A"", ""source_name"": ""Earth-Core"", ""unfulfilled_request_t"": 0.0}, {""actual_arrival_month"": ""2037-02"", ""actual_delivery_share"": 1.0, ""availability_share"": 1.0, ""feasible_t"": 12.5, ""gross_delivery_t"": 12.5, ""order_month"": ""2036-02"", ""ordered_t"": 12.5, ""planned_arrival_month"": ""2037-02"", ""requested_t"": 12.5, ""shipment_id"": ""S0014"", ""source_id"": ""A"", ""source_name"": ""Earth-Core"", ""unfulfilled_request_t"": 0.0}, {""actual_arrival_month"": ""2037-03"", ""actual_delivery_share"": 1.0, ""availability_share"": 1.0, ""feasible_t"": 12.5, ""gross_delivery_t"": 12.5, ""order_month"": ""2036-03"", ""ordered_t"": 12.5, ""planned_arrival_month"": ""2037-03"", ""requested_t"": 12.5, ""shipment_id"": ""S0015"", ""source_id"": ""A"", ""source_name"": ""Earth-Core"", ""unfulfilled_request_t"": 0.0}, {""actual_arrival_month"": ""2037-04"", ""actual_delivery_share"": 1.0, ""availability_share"": 1.0, ""feasible_t"": 12.5, ""gross_delivery_t"": 12.5, ""order_month"": ""2036-04"", ""ordered_t"": 12.5, ""planned_arrival_month"": ""2037-04"", ""requested_t"": 12.5, ""shipment_id"": ""S0016"", ""source_id"": ""A"", ""source_name"": ""Earth-Core"", ""unfulfilled_request_t"": 0.0}, {""actual_arrival_month"": ""2037-05"", ""actual_delivery_share"": 1.0, ""availability_share"": 1.0, ""feasible_t"": 12.5, ""gross_delivery_t"": 12.5, ""order_month"": ""2036-05"", ""ordered_t"": 12.5, ""planned_arrival_month"": ""2037-05"", ""requested_t"": 12.5, ""shipment_id"": ""S0017"", ""source_id"": ""A"", ""source_name"": ""Earth-Core"", ""unfulfilled_request_t"": 0.0}, {""actual_arrival_month"": ""2037-06"", ""actual_delivery_share"": 1.0, ""availability_share"": 1.0, ""feasible_t"": 12.5, ""gross_delivery_t"": 12.5, ""order_month"": ""2036-06"", ""ordered_t"": 12.5, ""planned_arrival_month"": ""2037-06"", ""requested_t"": 12.5, ""shipment_id"": ""S0018"", ""source_id"": ""A"", ""source_name"": ""Earth-Core"", ""unfulfilled_request_t"": 0.0}, {""actual_arrival_month"": ""2037-07"", ""actual_delivery_share"": 1.0, ""availability_share"": 1.0, ""feasible_t"": 12.5, ""gross_delivery_t"": 12.5, ""order_month"": ""2036-07"", ""ordered_t"": 12.5, ""planned_arrival_month"": ""2037-07"", ""requested_t"": 12.5, ""shipment_id"": ""S0019"", ""source_id"": ""A"", ""source_name"": ""Earth-Core"", ""unfulfilled_request_t"": 0.0}, {""actual_arrival_month"": ""2037-08"", ""actual_delivery_share"": 1.0, ""availability_share"": 1.0, ""feasible_t"": 12.5, ""gross_delivery_t"": 12.5, ""order_month"": ""2036-08"", ""ordered_t"": 12.5, ""planned_arrival_month"": ""2037-08"", ""requested_t"": 12.5, ""shipment_id"": ""S0020"", ""source_id"": ""A"", ""source_name"": ""Earth-Core"", ""unfulfilled_request_t"": 0.0}, {""actual_arrival_month"": ""2037-09"", ""actual_delivery_share"": 1.0, ""availability_share"": 1.0, ""feasible_t"": 12.5, ""gross_delivery_t"": 12.5, ""order_month"": ""2036-09"", ""ordered_t"": 12.5, ""planned_arrival_month"": ""2037-09"", ""requested_t"": 12.5, ""shipment_id"": ""S0021"", ""source_id"": ""A"", ""source_name"": ""Earth-Core"", ""unfulfilled_request_t"": 0.0}, {""actual_arrival_month"": ""2037-10"", ""actual_delivery_share"": 1.0, ""availability_share"": 1.0, ""feasible_t"": 12.5, ""gross_delivery_t"": 12.5, ""order_month"": ""2036-10"", ""ordered_t"": 12.5, ""planned_arrival_month"": ""2037-10"", ""requested_t"": 12.5, ""shipment_id"": ""S0022"", ""source_id"": ""A"", ""source_name"": ""Earth-Core"", ""unfulfilled_request_t"": 0.0}, {""actual_arrival_month"": ""2037-11"", ""actual_delivery_share"": 1.0, ""availability_share"": 1.0, ""feasible_t"": 12.5, ""gross_delivery_t"": 12.5, ""order_month"": ""2036-11"", ""ordered_t"": 12.5, ""planned_arrival_month"": ""2037-11"", ""requested_t"": 12.5, ""shipment_id"": ""S0023"", ""source_id"": ""A"", ""source_name"": ""Earth-Core"", ""unfulfilled_request_t"": 0.0}, {""actual_arrival_month"": ""2036-12"", ""actual_delivery_share"": 1.0, ""availability_share"": 1.0, ""feasible_t"": 0.4166666666666667, ""gross_delivery_t"": 0.4166666666666667, ""order_month"": ""2036-08"", ""ordered_t"": 0.4166666666666667, ""planned_arrival_month"": ""2036-12"", ""requested_t"": 0.4166666666666667, ""shipment_id"": ""S0080"", ""source_id"": ""B"", ""source_name"": ""Earth-Flex"", ""unfulfilled_request_t"": 0.0}, {""actual_arrival_month"": ""2037-01"", ""actual_delivery_share"": 1.0, ""availability_share"": 1.0, ""feasible_t"": 0.4166666666666667, ""gross_delivery_t"": 0.4166666666666667, ""order_month"": ""2036-09"", ""ordered_t"": 0.4166666666666667, ""planned_arrival_month"": ""2037-01"", ""requested_t"": 0.4166666666666667, ""shipment_id"": ""S0081"", ""source_id"": ""B"", ""source_name"": ""Earth-Flex"", ""unfulfilled_request_t"": 0.0}, {""actual_arrival_month"": ""2037-02"", ""actual_delivery_share"": 1.0, ""availability_share"": 1.0, ""feasible_t"": 0.4166666666666667, ""gross_delivery_t"": 0.4166666666666667, ""order_month"": ""2036-10"", ""ordered_t"": 0.4166666666666667, ""planned_arrival_month"": ""2037-02"", ""requested_t"": 0.4166666666666667, ""shipment_id"": ""S0082"", ""source_id"": ""B"", ""source_name"": ""Earth-Flex"", ""unfulfilled_request_t"": 0.0}, {""actual_arrival_month"": ""2037-03"", ""actual_delivery_share"": 1.0, ""availability_share"": 1.0, ""feasible_t"": 0.4166666666666667, ""gross_delivery_t"": 0.4166666666666667, ""order_month"": ""2036-11"", ""ordered_t"": 0.4166666666666667, ""planned_arrival_month"": ""2037-03"", ""requested_t"": 0.4166666666666667, ""shipment_id"": ""S0083"", ""source_id"": ""B"", ""source_name"": ""Earth-Flex"", ""unfulfilled_request_t"": 0.0}]","{""A"": 10.0, ""B"": 0.4166666666666667}","{""A"": 10.0, ""B"": 0.4166666666666667}",10.416666666666666,0.125,10.291666666666666,10.291666666666666,0.0,41.83500000000951,8.75,2.916666666666666,0.0,0.0,30.168333333342844,ZBO,120.0,0.012,"[""ZBO""]",1.8513500000005705,1.0,[]
2036-12,30.168333333342844,11.666666666666666,8.75,"{""A"": 150.0, ""B"": 5.0, ""C"": 0, ""D"": 0, ""E"": 0}","{""A"": 12.5, ""B"": 0.4166666666666667}","[{""actual_arrival_month"": ""2037-01"", ""actual_delivery_share"": 1.0, ""availability_share"": 1.0, ""feasible_t"": 12.5, ""gross_delivery_t"": 12.5, ""order_month"": ""2036-01"", ""ordered_t"": 12.5, ""planned_arrival_month"": ""2037-01"", ""requested_t"": 12.5, ""shipment_id"": ""S0013"", ""source_id"": ""A"", ""source_name"": ""Earth-Core"", ""unfulfilled_request_t"": 0.0}, {""actual_arrival_month"": ""2037-02"", ""actual_delivery_share"": 1.0, ""availability_share"": 1.0, ""feasible_t"": 12.5, ""gross_delivery_t"": 12.5, ""order_month"": ""2036-02"", ""ordered_t"": 12.5, ""planned_arrival_month"": ""2037-02"", ""requested_t"": 12.5, ""shipment_id"": ""S0014"", ""source_id"": ""A"", ""source_name"": ""Earth-Core"", ""unfulfilled_request_t"": 0.0}, {""actual_arrival_month"": ""2037-03"", ""actual_delivery_share"": 1.0, ""availability_share"": 1.0, ""feasible_t"": 12.5, ""gross_delivery_t"": 12.5, ""order_month"": ""2036-03"", ""ordered_t"": 12.5, ""planned_arrival_month"": ""2037-03"", ""requested_t"": 12.5, ""shipment_id"": ""S0015"", ""source_id"": ""A"", ""source_name"": ""Earth-Core"", ""unfulfilled_request_t"": 0.0}, {""actual_arrival_month"": ""2037-04"", ""actual_delivery_share"": 1.0, ""availability_share"": 1.0, ""feasible_t"": 12.5, ""gross_delivery_t"": 12.5, ""order_month"": ""2036-04"", ""ordered_t"": 12.5, ""planned_arrival_month"": ""2037-04"", ""requested_t"": 12.5, ""shipment_id"": ""S0016"", ""source_id"": ""A"", ""source_name"": ""Earth-Core"", ""unfulfilled_request_t"": 0.0}, {""actual_arrival_month"": ""2037-05"", ""actual_delivery_share"": 1.0, ""availability_share"": 1.0, ""feasible_t"": 12.5, ""gross_delivery_t"": 12.5, ""order_month"": ""2036-05"", ""ordered_t"": 12.5, ""planned_arrival_month"": ""2037-05"", ""requested_t"": 12.5, ""shipment_id"": ""S0017"", ""source_id"": ""A"", ""source_name"": ""Earth-Core"", ""unfulfilled_request_t"": 0.0}, {""actual_arrival_month"": ""2037-06"", ""actual_delivery_share"": 1.0, ""availability_share"": 1.0, ""feasible_t"": 12.5, ""gross_delivery_t"": 12.5, ""order_month"": ""2036-06"", ""ordered_t"": 12.5, ""planned_arrival_month"": ""2037-06"", ""requested_t"": 12.5, ""shipment_id"": ""S0018"", ""source_id"": ""A"", ""source_name"": ""Earth-Core"", ""unfulfilled_request_t"": 0.0}, {""actual_arrival_month"": ""2037-07"", ""actual_delivery_share"": 1.0, ""availability_share"": 1.0, ""feasible_t"": 12.5, ""gross_delivery_t"": 12.5, ""order_month"": ""2036-07"", ""ordered_t"": 12.5, ""planned_arrival_month"": ""2037-07"", ""requested_t"": 12.5, ""shipment_id"": ""S0019"", ""source_id"": ""A"", ""source_name"": ""Earth-Core"", ""unfulfilled_request_t"": 0.0}, {""actual_arrival_month"": ""2037-08"", ""actual_delivery_share"": 1.0, ""availability_share"": 1.0, ""feasible_t"": 12.5, ""gross_delivery_t"": 12.5, ""order_month"": ""2036-08"", ""ordered_t"": 12.5, ""planned_arrival_month"": ""2037-08"", ""requested_t"": 12.5, ""shipment_id"": ""S0020"", ""source_id"": ""A"", ""source_name"": ""Earth-Core"", ""unfulfilled_request_t"": 0.0}, {""actual_arrival_month"": ""2037-09"", ""actual_delivery_share"": 1.0, ""availability_share"": 1.0, ""feasible_t"": 12.5, ""gross_delivery_t"": 12.5, ""order_month"": ""2036-09"", ""ordered_t"": 12.5, ""planned_arrival_month"": ""2037-09"", ""requested_t"": 12.5, ""shipment_id"": ""S0021"", ""source_id"": ""A"", ""source_name"": ""Earth-Core"", ""unfulfilled_request_t"": 0.0}, {""actual_arrival_month"": ""2037-10"", ""actual_delivery_share"": 1.0, ""availability_share"": 1.0, ""feasible_t"": 12.5, ""gross_delivery_t"": 12.5, ""order_month"": ""2036-10"", ""ordered_t"": 12.5, ""planned_arrival_month"": ""2037-10"", ""requested_t"": 12.5, ""shipment_id"": ""S0022"", ""source_id"": ""A"", ""source_name"": ""Earth-Core"", ""unfulfilled_request_t"": 0.0}, {""actual_arrival_month"": ""2037-11"", ""actual_delivery_share"": 1.0, ""availability_share"": 1.0, ""feasible_t"": 12.5, ""gross_delivery_t"": 12.5, ""order_month"": ""2036-11"", ""ordered_t"": 12.5, ""planned_arrival_month"": ""2037-11"", ""requested_t"": 12.5, ""shipment_id"": ""S0023"", ""source_id"": ""A"", ""source_name"": ""Earth-Core"", ""unfulfilled_request_t"": 0.0}, {""actual_arrival_month"": ""2037-12"", ""actual_delivery_share"": 1.0, ""availability_share"": 1.0, ""feasible_t"": 12.5, ""gross_delivery_t"": 12.5, ""order_month"": ""2036-12"", ""ordered_t"": 12.5, ""planned_arrival_month"": ""2037-12"", ""requested_t"": 12.5, ""shipment_id"": ""S0024"", ""source_id"": ""A"", ""source_name"": ""Earth-Core"", ""unfulfilled_request_t"": 0.0}, {""actual_arrival_month"": ""2037-01"", ""actual_delivery_share"": 1.0, ""availability_share"": 1.0, ""feasible_t"": 0.4166666666666667, ""gross_delivery_t"": 0.4166666666666667, ""order_month"": ""2036-09"", ""ordered_t"": 0.4166666666666667, ""planned_arrival_month"": ""2037-01"", ""requested_t"": 0.4166666666666667, ""shipment_id"": ""S0081"", ""source_id"": ""B"", ""source_name"": ""Earth-Flex"", ""unfulfilled_request_t"": 0.0}, {""actual_arrival_month"": ""2037-02"", ""actual_delivery_share"": 1.0, ""availability_share"": 1.0, ""feasible_t"": 0.4166666666666667, ""gross_delivery_t"": 0.4166666666666667, ""order_month"": ""2036-10"", ""ordered_t"": 0.4166666666666667, ""planned_arrival_month"": ""2037-02"", ""requested_t"": 0.4166666666666667, ""shipment_id"": ""S0082"", ""source_id"": ""B"", ""source_name"": ""Earth-Flex"", ""unfulfilled_request_t"": 0.0}, {""actual_arrival_month"": ""2037-03"", ""actual_delivery_share"": 1.0, ""availability_share"": 1.0, ""feasible_t"": 0.4166666666666667, ""gross_delivery_t"": 0.4166666666666667, ""order_month"": ""2036-11"", ""ordered_t"": 0.4166666666666667, ""planned_arrival_month"": ""2037-03"", ""requested_t"": 0.4166666666666667, ""shipment_id"": ""S0083"", ""source_id"": ""B"", ""source_name"": ""Earth-Flex"", ""unfulfilled_request_t"": 0.0}, {""actual_arrival_month"": ""2037-04"", ""actual_delivery_share"": 1.0, ""availability_share"": 1.0, ""feasible_t"": 0.4166666666666667, ""gross_delivery_t"": 0.4166666666666667, ""order_month"": ""2036-12"", ""ordered_t"": 0.4166666666666667, ""planned_arrival_month"": ""2037-04"", ""requested_t"": 0.4166666666666667, ""shipment_id"": ""S0084"", ""source_id"": ""B"", ""source_name"": ""Earth-Flex"", ""unfulfilled_request_t"": 0.0}]","{""A"": 10.0, ""B"": 0.4166666666666667}","{""A"": 10.0, ""B"": 0.4166666666666667}",10.416666666666666,0.125,10.291666666666666,10.291666666666666,0.0,40.46000000000951,8.75,2.916666666666666,0.0,0.0,28.793333333342844,ZBO,120.0,0.012,"[""ZBO""]",1.7688500000005707,1.0,[]
2037-01,28.793333333342844,15.833333333333334,11.25,"{""A"": 160.0, ""B"": 0, ""C"": 60.0, ""D"": 0, ""E"": 0}","{""A"": 13.333333333333334}","[{""actual_arrival_month"": ""2037-02"", ""actual_delivery_share"": 1.0, ""availability_share"": 1.0, ""feasible_t"": 12.5, ""gross_delivery_t"": 12.5, ""order_month"": ""2036-02"", ""ordered_t"": 12.5, ""planned_arrival_month"": ""2037-02"", ""requested_t"": 12.5, ""shipment_id"": ""S0014"", ""source_id"": ""A"", ""source_name"": ""Earth-Core"", ""unfulfilled_request_t"": 0.0}, {""actual_arrival_month"": ""2037-03"", ""actual_delivery_share"": 1.0, ""availability_share"": 1.0, ""feasible_t"": 12.5, ""gross_delivery_t"": 12.5, ""order_month"": ""2036-03"", ""ordered_t"": 12.5, ""planned_arrival_month"": ""2037-03"", ""requested_t"": 12.5, ""shipment_id"": ""S0015"", ""source_id"": ""A"", ""source_name"": ""Earth-Core"", ""unfulfilled_request_t"": 0.0}, {""actual_arrival_month"": ""2037-04"", ""actual_delivery_share"": 1.0, ""availability_share"": 1.0, ""feasible_t"": 12.5, ""gross_delivery_t"": 12.5, ""order_month"": ""2036-04"", ""ordered_t"": 12.5, ""planned_arrival_month"": ""2037-04"", ""requested_t"": 12.5, ""shipment_id"": ""S0016"", ""source_id"": ""A"", ""source_name"": ""Earth-Core"", ""unfulfilled_request_t"": 0.0}, {""actual_arrival_month"": ""2037-05"", ""actual_delivery_share"": 1.0, ""availability_share"": 1.0, ""feasible_t"": 12.5, ""gross_delivery_t"": 12.5, ""order_month"": ""2036-05"", ""ordered_t"": 12.5, ""planned_arrival_month"": ""2037-05"", ""requested_t"": 12.5, ""shipment_id"": ""S0017"", ""source_id"": ""A"", ""source_name"": ""Earth-Core"", ""unfulfilled_request_t"": 0.0}, {""actual_arrival_month"": ""2037-06"", ""actual_delivery_share"": 1.0, ""availability_share"": 1.0, ""feasible_t"": 12.5, ""gross_delivery_t"": 12.5, ""order_month"": ""2036-06"", ""ordered_t"": 12.5, ""planned_arrival_month"": ""2037-06"", ""requested_t"": 12.5, ""shipment_id"": ""S0018"", ""source_id"": ""A"", ""source_name"": ""Earth-Core"", ""unfulfilled_request_t"": 0.0}, {""actual_arrival_month"": ""2037-07"", ""actual_delivery_share"": 1.0, ""availability_share"": 1.0, ""feasible_t"": 12.5, ""gross_delivery_t"": 12.5, ""order_month"": ""2036-07"", ""ordered_t"": 12.5, ""planned_arrival_month"": ""2037-07"", ""requested_t"": 12.5, ""shipment_id"": ""S0019"", ""source_id"": ""A"", ""source_name"": ""Earth-Core"", ""unfulfilled_request_t"": 0.0}, {""actual_arrival_month"": ""2037-08"", ""actual_delivery_share"": 1.0, ""availability_share"": 1.0, ""feasible_t"": 12.5, ""gross_delivery_t"": 12.5, ""order_month"": ""2036-08"", ""ordered_t"": 12.5, ""planned_arrival_month"": ""2037-08"", ""requested_t"": 12.5, ""shipment_id"": ""S0020"", ""source_id"": ""A"", ""source_name"": ""Earth-Core"", ""unfulfilled_request_t"": 0.0}, {""actual_arrival_month"": ""2037-09"", ""actual_delivery_share"": 1.0, ""availability_share"": 1.0, ""feasible_t"": 12.5, ""gross_delivery_t"": 12.5, ""order_month"": ""2036-09"", ""ordered_t"": 12.5, ""planned_arrival_month"": ""2037-09"", ""requested_t"": 12.5, ""shipment_id"": ""S0021"", ""source_id"": ""A"", ""source_name"": ""Earth-Core"", ""unfulfilled_request_t"": 0.0}, {""actual_arrival_month"": ""2037-10"", ""actual_delivery_share"": 1.0, ""availability_share"": 1.0, ""feasible_t"": 12.5, ""gross_delivery_t"": 12.5, ""order_month"": ""2036-10"", ""ordered_t"": 12.5, ""planned_arrival_month"": ""2037-10"", ""requested_t"": 12.5, ""shipment_id"": ""S0022"", ""source_id"": ""A"", ""source_name"": ""Earth-Core"", ""unfulfilled_request_t"": 0.0}, {""actual_arrival_month"": ""2037-11"", ""actual_delivery_share"": 1.0, ""availability_share"": 1.0, ""feasible_t"": 12.5, ""gross_delivery_t"": 12.5, ""order_month"": ""2036-11"", ""ordered_t"": 12.5, ""planned_arrival_month"": ""2037-11"", ""requested_t"": 12.5, ""shipment_id"": ""S0023"", ""source_id"": ""A"", ""source_name"": ""Earth-Core"", ""unfulfilled_request_t"": 0.0}, {""actual_arrival_month"": ""2037-12"", ""actual_delivery_share"": 1.0, ""availability_share"": 1.0, ""feasible_t"": 12.5, ""gross_delivery_t"": 12.5, ""order_month"": ""2036-12"", ""ordered_t"": 12.5, ""planned_arrival_month"": ""2037-12"", ""requested_t"": 12.5, ""shipment_id"": ""S0024"", ""source_id"": ""A"", ""source_name"": ""Earth-Core"", ""unfulfilled_request_t"": 0.0}, {""actual_arrival_month"": ""2038-01"", ""actual_delivery_share"": 1.0, ""availability_share"": 1.0, ""feasible_t"": 13.333333333333334, ""gross_delivery_t"": 13.333333333333334, ""order_month"": ""2037-01"", ""ordered_t"": 13.333333333333334, ""planned_arrival_month"": ""2038-01"", ""requested_t"": 13.333333333333334, ""shipment_id"": ""S0025"", ""source_id"": ""A"", ""source_name"": ""Earth-Core"", ""unfulfilled_request_t"": 0.0}, {""actual_arrival_month"": ""2037-02"", ""actual_delivery_share"": 1.0, ""availability_share"": 1.0, ""feasible_t"": 0.4166666666666667, ""gross_delivery_t"": 0.4166666666666667, ""order_month"": ""2036-10"", ""ordered_t"": 0.4166666666666667, ""planned_arrival_month"": ""2037-02"", ""requested_t"": 0.4166666666666667, ""shipment_id"": ""S0082"", ""source_id"": ""B"", ""source_name"": ""Earth-Flex"", ""unfulfilled_request_t"": 0.0}, {""actual_arrival_month"": ""2037-03"", ""actual_delivery_share"": 1.0, ""availability_share"": 1.0, ""feasible_t"": 0.4166666666666667, ""gross_delivery_t"": 0.4166666666666667, ""order_month"": ""2036-11"", ""ordered_t"": 0.4166666666666667, ""planned_arrival_month"": ""2037-03"", ""requested_t"": 0.4166666666666667, ""shipment_id"": ""S0083"", ""source_id"": ""B"", ""source_name"": ""Earth-Flex"", ""unfulfilled_request_t"": 0.0}, {""actual_arrival_month"": ""2037-04"", ""actual_delivery_share"": 1.0, ""availability_share"": 1.0, ""feasible_t"": 0.4166666666666667, ""gross_delivery_t"": 0.4166666666666667, ""order_month"": ""2036-12"", ""ordered_t"": 0.4166666666666667, ""planned_arrival_month"": ""2037-04"", ""requested_t"": 0.4166666666666667, ""shipment_id"": ""S0084"", ""source_id"": ""B"", ""source_name"": ""Earth-Flex"", ""unfulfilled_request_t"": 0.0}]","{""A"": 12.5, ""B"": 0.4166666666666667}","{""A"": 12.5, ""B"": 0.4166666666666667}",12.916666666666666,0.155,12.761666666666667,12.761666666666667,0.0,41.555000000009514,11.25,4.583333333333334,0.0,0.0,25.721666666676178,ZBO,120.0,0.012,"[""ZBO""]",1.6354500000005707,1.0,[]
2037-02,25.721666666676178,15.833333333333334,11.25,"{""A"": 160.0, ""B"": 0, ""C"": 60.0, ""D"": 0, ""E"": 0}","{""A"": 13.333333333333334, ""C"": 4.3636363636}","[{""actual_arrival_month"": ""2037-03"", ""actual_delivery_share"": 1.0, ""availability_share"": 1.0, ""feasible_t"": 12.5, ""gross_delivery_t"": 12.5, ""order_month"": ""2036-03"", ""ordered_t"": 12.5, ""planned_arrival_month"": ""2037-03"", ""requested_t"": 12.5, ""shipment_id"": ""S0015"", ""source_id"": ""A"", ""source_name"": ""Earth-Core"", ""unfulfilled_request_t"": 0.0}, {""actual_arrival_month"": ""2037-04"", ""actual_delivery_share"": 1.0, ""availability_share"": 1.0, ""feasible_t"": 12.5, ""gross_delivery_t"": 12.5, ""order_month"": ""2036-04"", ""ordered_t"": 12.5, ""planned_arrival_month"": ""2037-04"", ""requested_t"": 12.5, ""shipment_id"": ""S0016"", ""source_id"": ""A"", ""source_name"": ""Earth-Core"", ""unfulfilled_request_t"": 0.0}, {""actual_arrival_month"": ""2037-05"", ""actual_delivery_share"": 1.0, ""availability_share"": 1.0, ""feasible_t"": 12.5, ""gross_delivery_t"": 12.5, ""order_month"": ""2036-05"", ""ordered_t"": 12.5, ""planned_arrival_month"": ""2037-05"", ""requested_t"": 12.5, ""shipment_id"": ""S0017"", ""source_id"": ""A"", ""source_name"": ""Earth-Core"", ""unfulfilled_request_t"": 0.0}, {""actual_arrival_month"": ""2037-06"", ""actual_delivery_share"": 1.0, ""availability_share"": 1.0, ""feasible_t"": 12.5, ""gross_delivery_t"": 12.5, ""order_month"": ""2036-06"", ""ordered_t"": 12.5, ""planned_arrival_month"": ""2037-06"", ""requested_t"": 12.5, ""shipment_id"": ""S0018"", ""source_id"": ""A"", ""source_name"": ""Earth-Core"", ""unfulfilled_request_t"": 0.0}, {""actual_arrival_month"": ""2037-07"", ""actual_delivery_share"": 1.0, ""availability_share"": 1.0, ""feasible_t"": 12.5, ""gross_delivery_t"": 12.5, ""order_month"": ""2036-07"", ""ordered_t"": 12.5, ""planned_arrival_month"": ""2037-07"", ""requested_t"": 12.5, ""shipment_id"": ""S0019"", ""source_id"": ""A"", ""source_name"": ""Earth-Core"", ""unfulfilled_request_t"": 0.0}, {""actual_arrival_month"": ""2037-08"", ""actual_delivery_share"": 1.0, ""availability_share"": 1.0, ""feasible_t"": 12.5, ""gross_delivery_t"": 12.5, ""order_month"": ""2036-08"", ""ordered_t"": 12.5, ""planned_arrival_month"": ""2037-08"", ""requested_t"": 12.5, ""shipment_id"": ""S0020"", ""source_id"": ""A"", ""source_name"": ""Earth-Core"", ""unfulfilled_request_t"": 0.0}, {""actual_arrival_month"": ""2037-09"", ""actual_delivery_share"": 1.0, ""availability_share"": 1.0, ""feasible_t"": 12.5, ""gross_delivery_t"": 12.5, ""order_month"": ""2036-09"", ""ordered_t"": 12.5, ""planned_arrival_month"": ""2037-09"", ""requested_t"": 12.5, ""shipment_id"": ""S0021"", ""source_id"": ""A"", ""source_name"": ""Earth-Core"", ""unfulfilled_request_t"": 0.0}, {""actual_arrival_month"": ""2037-10"", ""actual_delivery_share"": 1.0, ""availability_share"": 1.0, ""feasible_t"": 12.5, ""gross_delivery_t"": 12.5, ""order_month"": ""2036-10"", ""ordered_t"": 12.5, ""planned_arrival_month"": ""2037-10"", ""requested_t"": 12.5, ""shipment_id"": ""S0022"", ""source_id"": ""A"", ""source_name"": ""Earth-Core"", ""unfulfilled_request_t"": 0.0}, {""actual_arrival_month"": ""2037-11"", ""actual_delivery_share"": 1.0, ""availability_share"": 1.0, ""feasible_t"": 12.5, ""gross_delivery_t"": 12.5, ""order_month"": ""2036-11"", ""ordered_t"": 12.5, ""planned_arrival_month"": ""2037-11"", ""requested_t"": 12.5, ""shipment_id"": ""S0023"", ""source_id"": ""A"", ""source_name"": ""Earth-Core"", ""unfulfilled_request_t"": 0.0}, {""actual_arrival_month"": ""2037-12"", ""actual_delivery_share"": 1.0, ""availability_share"": 1.0, ""feasible_t"": 12.5, ""gross_delivery_t"": 12.5, ""order_month"": ""2036-12"", ""ordered_t"": 12.5, ""planned_arrival_month"": ""2037-12"", ""requested_t"": 12.5, ""shipment_id"": ""S0024"", ""source_id"": ""A"", ""source_name"": ""Earth-Core"", ""unfulfilled_request_t"": 0.0}, {""actual_arrival_month"": ""2038-01"", ""actual_delivery_share"": 1.0, ""availability_share"": 1.0, ""feasible_t"": 13.333333333333334, ""gross_delivery_t"": 13.333333333333334, ""order_month"": ""2037-01"", ""ordered_t"": 13.333333333333334, ""planned_arrival_month"": ""2038-01"", ""requested_t"": 13.333333333333334, ""shipment_id"": ""S0025"", ""source_id"": ""A"", ""source_name"": ""Earth-Core"", ""unfulfilled_request_t"": 0.0}, {""actual_arrival_month"": ""2038-02"", ""actual_delivery_share"": 1.0, ""availability_share"": 1.0, ""feasible_t"": 13.333333333333334, ""gross_delivery_t"": 13.333333333333334, ""order_month"": ""2037-02"", ""ordered_t"": 13.333333333333334, ""planned_arrival_month"": ""2038-02"", ""requested_t"": 13.333333333333334, ""shipment_id"": ""S0026"", ""source_id"": ""A"", ""source_name"": ""Earth-Core"", ""unfulfilled_request_t"": 0.0}, {""actual_arrival_month"": ""2037-03"", ""actual_delivery_share"": 1.0, ""availability_share"": 1.0, ""feasible_t"": 0.4166666666666667, ""gross_delivery_t"": 0.4166666666666667, ""order_month"": ""2036-11"", ""ordered_t"": 0.4166666666666667, ""planned_arrival_month"": ""2037-03"", ""requested_t"": 0.4166666666666667, ""shipment_id"": ""S0083"", ""source_id"": ""B"", ""source_name"": ""Earth-Flex"", ""unfulfilled_request_t"": 0.0}, {""actual_arrival_month"": ""2037-04"", ""actual_delivery_share"": 1.0, ""availability_share"": 1.0, ""feasible_t"": 0.4166666666666667, ""gross_delivery_t"": 0.4166666666666667, ""order_month"": ""2036-12"", ""ordered_t"": 0.4166666666666667, ""planned_arrival_month"": ""2037-04"", ""requested_t"": 0.4166666666666667, ""shipment_id"": ""S0084"", ""source_id"": ""B"", ""source_name"": ""Earth-Flex"", ""unfulfilled_request_t"": 0.0}]","{""A"": 12.5, ""B"": 0.4166666666666667, ""C"": 4.3636363636}","{""A"": 12.5, ""B"": 0.4166666666666667, ""C"": 4.3636363636}",17.280303030266666,0.2073636363632,17.072939393903464,17.072939393903464,0.0,42.79460606057964,11.25,4.583333333333334,0.0,0.0,26.961272727246303,ZBO,120.0,0.012,"[""ZBO"", ""EARTH_NEW""]",1.5804881818176744,1.0,[]
2037-03,26.961272727246303,15.833333333333334,11.25,"{""A"": 160.0, ""B"": 0, ""C"": 60.0, ""D"": 0, ""E"": 0}","{""A"": 13.333333333333334, ""C"": 4.3636363636}","[{""actual_arrival_month"": ""2037-04"", ""actual_delivery_share"": 1.0, ""availability_share"": 1.0, ""feasible_t"": 12.5, ""gross_delivery_t"": 12.5, ""order_month"": ""2036-04"", ""ordered_t"": 12.5, ""planned_arrival_month"": ""2037-04"", ""requested_t"": 12.5, ""shipment_id"": ""S0016"", ""source_id"": ""A"", ""source_name"": ""Earth-Core"", ""unfulfilled_request_t"": 0.0}, {""actual_arrival_month"": ""2037-05"", ""actual_delivery_share"": 1.0, ""availability_share"": 1.0, ""feasible_t"": 12.5, ""gross_delivery_t"": 12.5, ""order_month"": ""2036-05"", ""ordered_t"": 12.5, ""planned_arrival_month"": ""2037-05"", ""requested_t"": 12.5, ""shipment_id"": ""S0017"", ""source_id"": ""A"", ""source_name"": ""Earth-Core"", ""unfulfilled_request_t"": 0.0}, {""actual_arrival_month"": ""2037-06"", ""actual_delivery_share"": 1.0, ""availability_share"": 1.0, ""feasible_t"": 12.5, ""gross_delivery_t"": 12.5, ""order_month"": ""2036-06"", ""ordered_t"": 12.5, ""planned_arrival_month"": ""2037-06"", ""requested_t"": 12.5, ""shipment_id"": ""S0018"", ""source_id"": ""A"", ""source_name"": ""Earth-Core"", ""unfulfilled_request_t"": 0.0}, {""actual_arrival_month"": ""2037-07"", ""actual_delivery_share"": 1.0, ""availability_share"": 1.0, ""feasible_t"": 12.5, ""gross_delivery_t"": 12.5, ""order_month"": ""2036-07"", ""ordered_t"": 12.5, ""planned_arrival_month"": ""2037-07"", ""requested_t"": 12.5, ""shipment_id"": ""S0019"", ""source_id"": ""A"", ""source_name"": ""Earth-Core"", ""unfulfilled_request_t"": 0.0}, {""actual_arrival_month"": ""2037-08"", ""actual_delivery_share"": 1.0, ""availability_share"": 1.0, ""feasible_t"": 12.5, ""gross_delivery_t"": 12.5, ""order_month"": ""2036-08"", ""ordered_t"": 12.5, ""planned_arrival_month"": ""2037-08"", ""requested_t"": 12.5, ""shipment_id"": ""S0020"", ""source_id"": ""A"", ""source_name"": ""Earth-Core"", ""unfulfilled_request_t"": 0.0}, {""actual_arrival_month"": ""2037-09"", ""actual_delivery_share"": 1.0, ""availability_share"": 1.0, ""feasible_t"": 12.5, ""gross_delivery_t"": 12.5, ""order_month"": ""2036-09"", ""ordered_t"": 12.5, ""planned_arrival_month"": ""2037-09"", ""requested_t"": 12.5, ""shipment_id"": ""S0021"", ""source_id"": ""A"", ""source_name"": ""Earth-Core"", ""unfulfilled_request_t"": 0.0}, {""actual_arrival_month"": ""2037-10"", ""actual_delivery_share"": 1.0, ""availability_share"": 1.0, ""feasible_t"": 12.5, ""gross_delivery_t"": 12.5, ""order_month"": ""2036-10"", ""ordered_t"": 12.5, ""planned_arrival_month"": ""2037-10"", ""requested_t"": 12.5, ""shipment_id"": ""S0022"", ""source_id"": ""A"", ""source_name"": ""Earth-Core"", ""unfulfilled_request_t"": 0.0}, {""actual_arrival_month"": ""2037-11"", ""actual_delivery_share"": 1.0, ""availability_share"": 1.0, ""feasible_t"": 12.5, ""gross_delivery_t"": 12.5, ""order_month"": ""2036-11"", ""ordered_t"": 12.5, ""planned_arrival_month"": ""2037-11"", ""requested_t"": 12.5, ""shipment_id"": ""S0023"", ""source_id"": ""A"", ""source_name"": ""Earth-Core"", ""unfulfilled_request_t"": 0.0}, {""actual_arrival_month"": ""2037-12"", ""actual_delivery_share"": 1.0, ""availability_share"": 1.0, ""feasible_t"": 12.5, ""gross_delivery_t"": 12.5, ""order_month"": ""2036-12"", ""ordered_t"": 12.5, ""planned_arrival_month"": ""2037-12"", ""requested_t"": 12.5, ""shipment_id"": ""S0024"", ""source_id"": ""A"", ""source_name"": ""Earth-Core"", ""unfulfilled_request_t"": 0.0}, {""actual_arrival_month"": ""2038-01"", ""actual_delivery_share"": 1.0, ""availability_share"": 1.0, ""feasible_t"": 13.333333333333334, ""gross_delivery_t"": 13.333333333333334, ""order_month"": ""2037-01"", ""ordered_t"": 13.333333333333334, ""planned_arrival_month"": ""2038-01"", ""requested_t"": 13.333333333333334, ""shipment_id"": ""S0025"", ""source_id"": ""A"", ""source_name"": ""Earth-Core"", ""unfulfilled_request_t"": 0.0}, {""actual_arrival_month"": ""2038-02"", ""actual_delivery_share"": 1.0, ""availability_share"": 1.0, ""feasible_t"": 13.333333333333334, ""gross_delivery_t"": 13.333333333333334, ""order_month"": ""2037-02"", ""ordered_t"": 13.333333333333334, ""planned_arrival_month"": ""2038-02"", ""requested_t"": 13.333333333333334, ""shipment_id"": ""S0026"", ""source_id"": ""A"", ""source_name"": ""Earth-Core"", ""unfulfilled_request_t"": 0.0}, {""actual_arrival_month"": ""2038-03"", ""actual_delivery_share"": 1.0, ""availability_share"": 1.0, ""feasible_t"": 13.333333333333334, ""gross_delivery_t"": 13.333333333333334, ""order_month"": ""2037-03"", ""ordered_t"": 13.333333333333334, ""planned_arrival_month"": ""2038-03"", ""requested_t"": 13.333333333333334, ""shipment_id"": ""S0027"", ""source_id"": ""A"", ""source_name"": ""Earth-Core"", ""unfulfilled_request_t"": 0.0}, {""actual_arrival_month"": ""2037-04"", ""actual_delivery_share"": 1.0, ""availability_share"": 1.0, ""feasible_t"": 0.4166666666666667, ""gross_delivery_t"": 0.4166666666666667, ""order_month"": ""2036-12"", ""ordered_t"": 0.4166666666666667, ""planned_arrival_month"": ""2037-04"", ""requested_t"": 0.4166666666666667, ""shipment_id"": ""S0084"", ""source_id"": ""B"", ""source_name"": ""Earth-Flex"", ""unfulfilled_request_t"": 0.0}]","{""A"": 12.5, ""B"": 0.4166666666666667, ""C"": 4.3636363636}","{""A"": 12.5, ""B"": 0.4166666666666667, ""C"": 4.3636363636}",17.280303030266666,0.2073636363632,17.072939393903464,17.072939393903464,0.0,44.034212121149764,11.25,4.583333333333334,0.0,0.0,28.20087878781643,ZBO,120.0,0.012,"[""ZBO"", ""EARTH_NEW""]",1.6548645454518818,1.0,[]
2037-04,28.20087878781643,15.833333333333334,11.25,"{""A"": 160.0, ""B"": 0, ""C"": 60.0, ""D"": 0, ""E"": 0}","{""A"": 13.333333333333334, ""C"": 4.3636363636}","[{""actual_arrival_month"": ""2037-05"", ""actual_delivery_share"": 1.0, ""availability_share"": 1.0, ""feasible_t"": 12.5, ""gross_delivery_t"": 12.5, ""order_month"": ""2036-05"", ""ordered_t"": 12.5, ""planned_arrival_month"": ""2037-05"", ""requested_t"": 12.5, ""shipment_id"": ""S0017"", ""source_id"": ""A"", ""source_name"": ""Earth-Core"", ""unfulfilled_request_t"": 0.0}, {""actual_arrival_month"": ""2037-06"", ""actual_delivery_share"": 1.0, ""availability_share"": 1.0, ""feasible_t"": 12.5, ""gross_delivery_t"": 12.5, ""order_month"": ""2036-06"", ""ordered_t"": 12.5, ""planned_arrival_month"": ""2037-06"", ""requested_t"": 12.5, ""shipment_id"": ""S0018"", ""source_id"": ""A"", ""source_name"": ""Earth-Core"", ""unfulfilled_request_t"": 0.0}, {""actual_arrival_month"": ""2037-07"", ""actual_delivery_share"": 1.0, ""availability_share"": 1.0, ""feasible_t"": 12.5, ""gross_delivery_t"": 12.5, ""order_month"": ""2036-07"", ""ordered_t"": 12.5, ""planned_arrival_month"": ""2037-07"", ""requested_t"": 12.5, ""shipment_id"": ""S0019"", ""source_id"": ""A"", ""source_name"": ""Earth-Core"", ""unfulfilled_request_t"": 0.0}, {""actual_arrival_month"": ""2037-08"", ""actual_delivery_share"": 1.0, ""availability_share"": 1.0, ""feasible_t"": 12.5, ""gross_delivery_t"": 12.5, ""order_month"": ""2036-08"", ""ordered_t"": 12.5, ""planned_arrival_month"": ""2037-08"", ""requested_t"": 12.5, ""shipment_id"": ""S0020"", ""source_id"": ""A"", ""source_name"": ""Earth-Core"", ""unfulfilled_request_t"": 0.0}, {""actual_arrival_month"": ""2037-09"", ""actual_delivery_share"": 1.0, ""availability_share"": 1.0, ""feasible_t"": 12.5, ""gross_delivery_t"": 12.5, ""order_month"": ""2036-09"", ""ordered_t"": 12.5, ""planned_arrival_month"": ""2037-09"", ""requested_t"": 12.5, ""shipment_id"": ""S0021"", ""source_id"": ""A"", ""source_name"": ""Earth-Core"", ""unfulfilled_request_t"": 0.0}, {""actual_arrival_month"": ""2037-10"", ""actual_delivery_share"": 1.0, ""availability_share"": 1.0, ""feasible_t"": 12.5, ""gross_delivery_t"": 12.5, ""order_month"": ""2036-10"", ""ordered_t"": 12.5, ""planned_arrival_month"": ""2037-10"", ""requested_t"": 12.5, ""shipment_id"": ""S0022"", ""source_id"": ""A"", ""source_name"": ""Earth-Core"", ""unfulfilled_request_t"": 0.0}, {""actual_arrival_month"": ""2037-11"", ""actual_delivery_share"": 1.0, ""availability_share"": 1.0, ""feasible_t"": 12.5, ""gross_delivery_t"": 12.5, ""order_month"": ""2036-11"", ""ordered_t"": 12.5, ""planned_arrival_month"": ""2037-11"", ""requested_t"": 12.5, ""shipment_id"": ""S0023"", ""source_id"": ""A"", ""source_name"": ""Earth-Core"", ""unfulfilled_request_t"": 0.0}, {""actual_arrival_month"": ""2037-12"", ""actual_delivery_share"": 1.0, ""availability_share"": 1.0, ""feasible_t"": 12.5, ""gross_delivery_t"": 12.5, ""order_month"": ""2036-12"", ""ordered_t"": 12.5, ""planned_arrival_month"": ""2037-12"", ""requested_t"": 12.5, ""shipment_id"": ""S0024"", ""source_id"": ""A"", ""source_name"": ""Earth-Core"", ""unfulfilled_request_t"": 0.0}, {""actual_arrival_month"": ""2038-01"", ""actual_delivery_share"": 1.0, ""availability_share"": 1.0, ""feasible_t"": 13.333333333333334, ""gross_delivery_t"": 13.333333333333334, ""order_month"": ""2037-01"", ""ordered_t"": 13.333333333333334, ""planned_arrival_month"": ""2038-01"", ""requested_t"": 13.333333333333334, ""shipment_id"": ""S0025"", ""source_id"": ""A"", ""source_name"": ""Earth-Core"", ""unfulfilled_request_t"": 0.0}, {""actual_arrival_month"": ""2038-02"", ""actual_delivery_share"": 1.0, ""availability_share"": 1.0, ""feasible_t"": 13.333333333333334, ""gross_delivery_t"": 13.333333333333334, ""order_month"": ""2037-02"", ""ordered_t"": 13.333333333333334, ""planned_arrival_month"": ""2038-02"", ""requested_t"": 13.333333333333334, ""shipment_id"": ""S0026"", ""source_id"": ""A"", ""source_name"": ""Earth-Core"", ""unfulfilled_request_t"": 0.0}, {""actual_arrival_month"": ""2038-03"", ""actual_delivery_share"": 1.0, ""availability_share"": 1.0, ""feasible_t"": 13.333333333333334, ""gross_delivery_t"": 13.333333333333334, ""order_month"": ""2037-03"", ""ordered_t"": 13.333333333333334, ""planned_arrival_month"": ""2038-03"", ""requested_t"": 13.333333333333334, ""shipment_id"": ""S0027"", ""source_id"": ""A"", ""source_name"": ""Earth-Core"", ""unfulfilled_request_t"": 0.0}, {""actual_arrival_month"": ""2038-04"", ""actual_delivery_share"": 1.0, ""availability_share"": 1.0, ""feasible_t"": 13.333333333333334, ""gross_delivery_t"": 13.333333333333334, ""order_month"": ""2037-04"", ""ordered_t"": 13.333333333333334, ""planned_arrival_month"": ""2038-04"", ""requested_t"": 13.333333333333334, ""shipment_id"": ""S0028"", ""source_id"": ""A"", ""source_name"": ""Earth-Core"", ""unfulfilled_request_t"": 0.0}]","{""A"": 12.5, ""B"": 0.4166666666666667, ""C"": 4.3636363636}","{""A"": 12.5, ""B"": 0.4166666666666667, ""C"": 4.3636363636}",17.280303030266666,0.2073636363632,17.072939393903464,17.072939393903464,0.0,45.27381818171989,11.25,4.583333333333334,0.0,0.0,29.440484848386554,ZBO,120.0,0.012,"[""ZBO"", ""EARTH_NEW""]",1.7292409090860892,1.0,[]
2037-05,29.440484848386554,15.833333333333334,11.25,"{""A"": 160.0, ""B"": 0, ""C"": 60.0, ""D"": 0, ""E"": 0}","{""A"": 13.333333333333334, ""C"": 4.3636363636}","[{""actual_arrival_month"": ""2037-06"", ""actual_delivery_share"": 1.0, ""availability_share"": 1.0, ""feasible_t"": 12.5, ""gross_delivery_t"": 12.5, ""order_month"": ""2036-06"", ""ordered_t"": 12.5, ""planned_arrival_month"": ""2037-06"", ""requested_t"": 12.5, ""shipment_id"": ""S0018"", ""source_id"": ""A"", ""source_name"": ""Earth-Core"", ""unfulfilled_request_t"": 0.0}, {""actual_arrival_month"": ""2037-07"", ""actual_delivery_share"": 1.0, ""availability_share"": 1.0, ""feasible_t"": 12.5, ""gross_delivery_t"": 12.5, ""order_month"": ""2036-07"", ""ordered_t"": 12.5, ""planned_arrival_month"": ""2037-07"", ""requested_t"": 12.5, ""shipment_id"": ""S0019"", ""source_id"": ""A"", ""source_name"": ""Earth-Core"", ""unfulfilled_request_t"": 0.0}, {""actual_arrival_month"": ""2037-08"", ""actual_delivery_share"": 1.0, ""availability_share"": 1.0, ""feasible_t"": 12.5, ""gross_delivery_t"": 12.5, ""order_month"": ""2036-08"", ""ordered_t"": 12.5, ""planned_arrival_month"": ""2037-08"", ""requested_t"": 12.5, ""shipment_id"": ""S0020"", ""source_id"": ""A"", ""source_name"": ""Earth-Core"", ""unfulfilled_request_t"": 0.0}, {""actual_arrival_month"": ""2037-09"", ""actual_delivery_share"": 1.0, ""availability_share"": 1.0, ""feasible_t"": 12.5, ""gross_delivery_t"": 12.5, ""order_month"": ""2036-09"", ""ordered_t"": 12.5, ""planned_arrival_month"": ""2037-09"", ""requested_t"": 12.5, ""shipment_id"": ""S0021"", ""source_id"": ""A"", ""source_name"": ""Earth-Core"", ""unfulfilled_request_t"": 0.0}, {""actual_arrival_month"": ""2037-10"", ""actual_delivery_share"": 1.0, ""availability_share"": 1.0, ""feasible_t"": 12.5, ""gross_delivery_t"": 12.5, ""order_month"": ""2036-10"", ""ordered_t"": 12.5, ""planned_arrival_month"": ""2037-10"", ""requested_t"": 12.5, ""shipment_id"": ""S0022"", ""source_id"": ""A"", ""source_name"": ""Earth-Core"", ""unfulfilled_request_t"": 0.0}, {""actual_arrival_month"": ""2037-11"", ""actual_delivery_share"": 1.0, ""availability_share"": 1.0, ""feasible_t"": 12.5, ""gross_delivery_t"": 12.5, ""order_month"": ""2036-11"", ""ordered_t"": 12.5, ""planned_arrival_month"": ""2037-11"", ""requested_t"": 12.5, ""shipment_id"": ""S0023"", ""source_id"": ""A"", ""source_name"": ""Earth-Core"", ""unfulfilled_request_t"": 0.0}, {""actual_arrival_month"": ""2037-12"", ""actual_delivery_share"": 1.0, ""availability_share"": 1.0, ""feasible_t"": 12.5, ""gross_delivery_t"": 12.5, ""order_month"": ""2036-12"", ""ordered_t"": 12.5, ""planned_arrival_month"": ""2037-12"", ""requested_t"": 12.5, ""shipment_id"": ""S0024"", ""source_id"": ""A"", ""source_name"": ""Earth-Core"", ""unfulfilled_request_t"": 0.0}, {""actual_arrival_month"": ""2038-01"", ""actual_delivery_share"": 1.0, ""availability_share"": 1.0, ""feasible_t"": 13.333333333333334, ""gross_delivery_t"": 13.333333333333334, ""order_month"": ""2037-01"", ""ordered_t"": 13.333333333333334, ""planned_arrival_month"": ""2038-01"", ""requested_t"": 13.333333333333334, ""shipment_id"": ""S0025"", ""source_id"": ""A"", ""source_name"": ""Earth-Core"", ""unfulfilled_request_t"": 0.0}, {""actual_arrival_month"": ""2038-02"", ""actual_delivery_share"": 1.0, ""availability_share"": 1.0, ""feasible_t"": 13.333333333333334, ""gross_delivery_t"": 13.333333333333334, ""order_month"": ""2037-02"", ""ordered_t"": 13.333333333333334, ""planned_arrival_month"": ""2038-02"", ""requested_t"": 13.333333333333334, ""shipment_id"": ""S0026"", ""source_id"": ""A"", ""source_name"": ""Earth-Core"", ""unfulfilled_request_t"": 0.0}, {""actual_arrival_month"": ""2038-03"", ""actual_delivery_share"": 1.0, ""availability_share"": 1.0, ""feasible_t"": 13.333333333333334, ""gross_delivery_t"": 13.333333333333334, ""order_month"": ""2037-03"", ""ordered_t"": 13.333333333333334, ""planned_arrival_month"": ""2038-03"", ""requested_t"": 13.333333333333334, ""shipment_id"": ""S0027"", ""source_id"": ""A"", ""source_name"": ""Earth-Core"", ""unfulfilled_request_t"": 0.0}, {""actual_arrival_month"": ""2038-04"", ""actual_delivery_share"": 1.0, ""availability_share"": 1.0, ""feasible_t"": 13.333333333333334, ""gross_delivery_t"": 13.333333333333334, ""order_month"": ""2037-04"", ""ordered_t"": 13.333333333333334, ""planned_arrival_month"": ""2038-04"", ""requested_t"": 13.333333333333334, ""shipment_id"": ""S0028"", ""source_id"": ""A"", ""source_name"": ""Earth-Core"", ""unfulfilled_request_t"": 0.0}, {""actual_arrival_month"": ""2038-05"", ""actual_delivery_share"": 1.0, ""availability_share"": 1.0, ""feasible_t"": 13.333333333333334, ""gross_delivery_t"": 13.333333333333334, ""order_month"": ""2037-05"", ""ordered_t"": 13.333333333333334, ""planned_arrival_month"": ""2038-05"", ""requested_t"": 13.333333333333334, ""shipment_id"": ""S0029"", ""source_id"": ""A"", ""source_name"": ""Earth-Core"", ""unfulfilled_request_t"": 0.0}]","{""A"": 12.5, ""C"": 4.3636363636}","{""A"": 12.5, ""C"": 4.3636363636}",16.8636363636,0.2023636363632,16.661272727236803,16.661272727236803,0.0,46.10175757562335,11.25,4.583333333333334,0.0,0.0,30.268424242290017,ZBO,120.0,0.012,"[""ZBO"", ""EARTH_NEW""]",1.7912672727202972,1.0,[]
2037-06,30.268424242290017,15.833333333333334,11.25,"{""A"": 160.0, ""B"": 0, ""C"": 60.0, ""D"": 0, ""E"": 0}","{""A"": 13.333333333333334, ""C"": 4.3636363636}","[{""actual_arrival_month"": ""2037-07"", ""actual_delivery_share"": 1.0, ""availability_share"": 1.0, ""feasible_t"": 12.5, ""gross_delivery_t"": 12.5, ""order_month"": ""2036-07"", ""ordered_t"": 12.5, ""planned_arrival_month"": ""2037-07"", ""requested_t"": 12.5, ""shipment_id"": ""S0019"", ""source_id"": ""A"", ""source_name"": ""Earth-Core"", ""unfulfilled_request_t"": 0.0}, {""actual_arrival_month"": ""2037-08"", ""actual_delivery_share"": 1.0, ""availability_share"": 1.0, ""feasible_t"": 12.5, ""gross_delivery_t"": 12.5, ""order_month"": ""2036-08"", ""ordered_t"": 12.5, ""planned_arrival_month"": ""2037-08"", ""requested_t"": 12.5, ""shipment_id"": ""S0020"", ""source_id"": ""A"", ""source_name"": ""Earth-Core"", ""unfulfilled_request_t"": 0.0}, {""actual_arrival_month"": ""2037-09"", ""actual_delivery_share"": 1.0, ""availability_share"": 1.0, ""feasible_t"": 12.5, ""gross_delivery_t"": 12.5, ""order_month"": ""2036-09"", ""ordered_t"": 12.5, ""planned_arrival_month"": ""2037-09"", ""requested_t"": 12.5, ""shipment_id"": ""S0021"", ""source_id"": ""A"", ""source_name"": ""Earth-Core"", ""unfulfilled_request_t"": 0.0}, {""actual_arrival_month"": ""2037-10"", ""actual_delivery_share"": 1.0, ""availability_share"": 1.0, ""feasible_t"": 12.5, ""gross_delivery_t"": 12.5, ""order_month"": ""2036-10"", ""ordered_t"": 12.5, ""planned_arrival_month"": ""2037-10"", ""requested_t"": 12.5, ""shipment_id"": ""S0022"", ""source_id"": ""A"", ""source_name"": ""Earth-Core"", ""unfulfilled_request_t"": 0.0}, {""actual_arrival_month"": ""2037-11"", ""actual_delivery_share"": 1.0, ""availability_share"": 1.0, ""feasible_t"": 12.5, ""gross_delivery_t"": 12.5, ""order_month"": ""2036-11"", ""ordered_t"": 12.5, ""planned_arrival_month"": ""2037-11"", ""requested_t"": 12.5, ""shipment_id"": ""S0023"", ""source_id"": ""A"", ""source_name"": ""Earth-Core"", ""unfulfilled_request_t"": 0.0}, {""actual_arrival_month"": ""2037-12"", ""actual_delivery_share"": 1.0, ""availability_share"": 1.0, ""feasible_t"": 12.5, ""gross_delivery_t"": 12.5, ""order_month"": ""2036-12"", ""ordered_t"": 12.5, ""planned_arrival_month"": ""2037-12"", ""requested_t"": 12.5, ""shipment_id"": ""S0024"", ""source_id"": ""A"", ""source_name"": ""Earth-Core"", ""unfulfilled_request_t"": 0.0}, {""actual_arrival_month"": ""2038-01"", ""actual_delivery_share"": 1.0, ""availability_share"": 1.0, ""feasible_t"": 13.333333333333334, ""gross_delivery_t"": 13.333333333333334, ""order_month"": ""2037-01"", ""ordered_t"": 13.333333333333334, ""planned_arrival_month"": ""2038-01"", ""requested_t"": 13.333333333333334, ""shipment_id"": ""S0025"", ""source_id"": ""A"", ""source_name"": ""Earth-Core"", ""unfulfilled_request_t"": 0.0}, {""actual_arrival_month"": ""2038-02"", ""actual_delivery_share"": 1.0, ""availability_share"": 1.0, ""feasible_t"": 13.333333333333334, ""gross_delivery_t"": 13.333333333333334, ""order_month"": ""2037-02"", ""ordered_t"": 13.333333333333334, ""planned_arrival_month"": ""2038-02"", ""requested_t"": 13.333333333333334, ""shipment_id"": ""S0026"", ""source_id"": ""A"", ""source_name"": ""Earth-Core"", ""unfulfilled_request_t"": 0.0}, {""actual_arrival_month"": ""2038-03"", ""actual_delivery_share"": 1.0, ""availability_share"": 1.0, ""feasible_t"": 13.333333333333334, ""gross_delivery_t"": 13.333333333333334, ""order_month"": ""2037-03"", ""ordered_t"": 13.333333333333334, ""planned_arrival_month"": ""2038-03"", ""requested_t"": 13.333333333333334, ""shipment_id"": ""S0027"", ""source_id"": ""A"", ""source_name"": ""Earth-Core"", ""unfulfilled_request_t"": 0.0}, {""actual_arrival_month"": ""2038-04"", ""actual_delivery_share"": 1.0, ""availability_share"": 1.0, ""feasible_t"": 13.333333333333334, ""gross_delivery_t"": 13.333333333333334, ""order_month"": ""2037-04"", ""ordered_t"": 13.333333333333334, ""planned_arrival_month"": ""2038-04"", ""requested_t"": 13.333333333333334, ""shipment_id"": ""S0028"", ""source_id"": ""A"", ""source_name"": ""Earth-Core"", ""unfulfilled_request_t"": 0.0}, {""actual_arrival_month"": ""2038-05"", ""actual_delivery_share"": 1.0, ""availability_share"": 1.0, ""feasible_t"": 13.333333333333334, ""gross_delivery_t"": 13.333333333333334, ""order_month"": ""2037-05"", ""ordered_t"": 13.333333333333334, ""planned_arrival_month"": ""2038-05"", ""requested_t"": 13.333333333333334, ""shipment_id"": ""S0029"", ""source_id"": ""A"", ""source_name"": ""Earth-Core"", ""unfulfilled_request_t"": 0.0}, {""actual_arrival_month"": ""2038-06"", ""actual_delivery_share"": 1.0, ""availability_share"": 1.0, ""feasible_t"": 13.333333333333334, ""gross_delivery_t"": 13.333333333333334, ""order_month"": ""2037-06"", ""ordered_t"": 13.333333333333334, ""planned_arrival_month"": ""2038-06"", ""requested_t"": 13.333333333333334, ""shipment_id"": ""S0030"", ""source_id"": ""A"", ""source_name"": ""Earth-Core"", ""unfulfilled_request_t"": 0.0}]","{""A"": 12.5, ""C"": 4.3636363636}","{""A"": 12.5, ""C"": 4.3636363636}",16.8636363636,0.2023636363632,16.661272727236803,16.661272727236803,0.0,46.929696969526816,11.25,4.583333333333334,0.0,0.0,31.09636363619348,ZBO,120.0,0.012,"[""ZBO"", ""EARTH_NEW""]",1.8409436363545046,1.0,[]
2037-07,31.09636363619348,15.833333333333334,11.25,"{""A"": 160.0, ""B"": 0, ""C"": 60.0, ""D"": 0, ""E"": 0}","{""A"": 13.333333333333334, ""C"": 4.3636363636}","[{""actual_arrival_month"": ""2037-08"", ""actual_delivery_share"": 1.0, ""availability_share"": 1.0, ""feasible_t"": 12.5, ""gross_delivery_t"": 12.5, ""order_month"": ""2036-08"", ""ordered_t"": 12.5, ""planned_arrival_month"": ""2037-08"", ""requested_t"": 12.5, ""shipment_id"": ""S0020"", ""source_id"": ""A"", ""source_name"": ""Earth-Core"", ""unfulfilled_request_t"": 0.0}, {""actual_arrival_month"": ""2037-09"", ""actual_delivery_share"": 1.0, ""availability_share"": 1.0, ""feasible_t"": 12.5, ""gross_delivery_t"": 12.5, ""order_month"": ""2036-09"", ""ordered_t"": 12.5, ""planned_arrival_month"": ""2037-09"", ""requested_t"": 12.5, ""shipment_id"": ""S0021"", ""source_id"": ""A"", ""source_name"": ""Earth-Core"", ""unfulfilled_request_t"": 0.0}, {""actual_arrival_month"": ""2037-10"", ""actual_delivery_share"": 1.0, ""availability_share"": 1.0, ""feasible_t"": 12.5, ""gross_delivery_t"": 12.5, ""order_month"": ""2036-10"", ""ordered_t"": 12.5, ""planned_arrival_month"": ""2037-10"", ""requested_t"": 12.5, ""shipment_id"": ""S0022"", ""source_id"": ""A"", ""source_name"": ""Earth-Core"", ""unfulfilled_request_t"": 0.0}, {""actual_arrival_month"": ""2037-11"", ""actual_delivery_share"": 1.0, ""availability_share"": 1.0, ""feasible_t"": 12.5, ""gross_delivery_t"": 12.5, ""order_month"": ""2036-11"", ""ordered_t"": 12.5, ""planned_arrival_month"": ""2037-11"", ""requested_t"": 12.5, ""shipment_id"": ""S0023"", ""source_id"": ""A"", ""source_name"": ""Earth-Core"", ""unfulfilled_request_t"": 0.0}, {""actual_arrival_month"": ""2037-12"", ""actual_delivery_share"": 1.0, ""availability_share"": 1.0, ""feasible_t"": 12.5, ""gross_delivery_t"": 12.5, ""order_month"": ""2036-12"", ""ordered_t"": 12.5, ""planned_arrival_month"": ""2037-12"", ""requested_t"": 12.5, ""shipment_id"": ""S0024"", ""source_id"": ""A"", ""source_name"": ""Earth-Core"", ""unfulfilled_request_t"": 0.0}, {""actual_arrival_month"": ""2038-01"", ""actual_delivery_share"": 1.0, ""availability_share"": 1.0, ""feasible_t"": 13.333333333333334, ""gross_delivery_t"": 13.333333333333334, ""order_month"": ""2037-01"", ""ordered_t"": 13.333333333333334, ""planned_arrival_month"": ""2038-01"", ""requested_t"": 13.333333333333334, ""shipment_id"": ""S0025"", ""source_id"": ""A"", ""source_name"": ""Earth-Core"", ""unfulfilled_request_t"": 0.0}, {""actual_arrival_month"": ""2038-02"", ""actual_delivery_share"": 1.0, ""availability_share"": 1.0, ""feasible_t"": 13.333333333333334, ""gross_delivery_t"": 13.333333333333334, ""order_month"": ""2037-02"", ""ordered_t"": 13.333333333333334, ""planned_arrival_month"": ""2038-02"", ""requested_t"": 13.333333333333334, ""shipment_id"": ""S0026"", ""source_id"": ""A"", ""source_name"": ""Earth-Core"", ""unfulfilled_request_t"": 0.0}, {""actual_arrival_month"": ""2038-03"", ""actual_delivery_share"": 1.0, ""availability_share"": 1.0, ""feasible_t"": 13.333333333333334, ""gross_delivery_t"": 13.333333333333334, ""order_month"": ""2037-03"", ""ordered_t"": 13.333333333333334, ""planned_arrival_month"": ""2038-03"", ""requested_t"": 13.333333333333334, ""shipment_id"": ""S0027"", ""source_id"": ""A"", ""source_name"": ""Earth-Core"", ""unfulfilled_request_t"": 0.0}, {""actual_arrival_month"": ""2038-04"", ""actual_delivery_share"": 1.0, ""availability_share"": 1.0, ""feasible_t"": 13.333333333333334, ""gross_delivery_t"": 13.333333333333334, ""order_month"": ""2037-04"", ""ordered_t"": 13.333333333333334, ""planned_arrival_month"": ""2038-04"", ""requested_t"": 13.333333333333334, ""shipment_id"": ""S0028"", ""source_id"": ""A"", ""source_name"": ""Earth-Core"", ""unfulfilled_request_t"": 0.0}, {""actual_arrival_month"": ""2038-05"", ""actual_delivery_share"": 1.0, ""availability_share"": 1.0, ""feasible_t"": 13.333333333333334, ""gross_delivery_t"": 13.333333333333334, ""order_month"": ""2037-05"", ""ordered_t"": 13.333333333333334, ""planned_arrival_month"": ""2038-05"", ""requested_t"": 13.333333333333334, ""shipment_id"": ""S0029"", ""source_id"": ""A"", ""source_name"": ""Earth-Core"", ""unfulfilled_request_t"": 0.0}, {""actual_arrival_month"": ""2038-06"", ""actual_delivery_share"": 1.0, ""availability_share"": 1.0, ""feasible_t"": 13.333333333333334, ""gross_delivery_t"": 13.333333333333334, ""order_month"": ""2037-06"", ""ordered_t"": 13.333333333333334, ""planned_arrival_month"": ""2038-06"", ""requested_t"": 13.333333333333334, ""shipment_id"": ""S0030"", ""source_id"": ""A"", ""source_name"": ""Earth-Core"", ""unfulfilled_request_t"": 0.0}, {""actual_arrival_month"": ""2038-07"", ""actual_delivery_share"": 1.0, ""availability_share"": 1.0, ""feasible_t"": 13.333333333333334, ""gross_delivery_t"": 13.333333333333334, ""order_month"": ""2037-07"", ""ordered_t"": 13.333333333333334, ""planned_arrival_month"": ""2038-07"", ""requested_t"": 13.333333333333334, ""shipment_id"": ""S0031"", ""source_id"": ""A"", ""source_name"": ""Earth-Core"", ""unfulfilled_request_t"": 0.0}]","{""A"": 12.5, ""C"": 4.3636363636}","{""A"": 12.5, ""C"": 4.3636363636}",16.8636363636,0.2023636363632,16.661272727236803,16.661272727236803,0.0,47.75763636343028,11.25,4.583333333333334,0.0,0.0,31.924303030096944,ZBO,120.0,0.012,"[""ZBO"", ""EARTH_NEW""]",1.8906199999887126,1.0,[]
2037-08,31.924303030096944,15.833333333333334,11.25,"{""A"": 160.0, ""B"": 0, ""C"": 60.0, ""D"": 0, ""E"": 0}","{""A"": 13.333333333333334, ""C"": 4.3636363636}","[{""actual_arrival_month"": ""2037-09"", ""actual_delivery_share"": 1.0, ""availability_share"": 1.0, ""feasible_t"": 12.5, ""gross_delivery_t"": 12.5, ""order_month"": ""2036-09"", ""ordered_t"": 12.5, ""planned_arrival_month"": ""2037-09"", ""requested_t"": 12.5, ""shipment_id"": ""S0021"", ""source_id"": ""A"", ""source_name"": ""Earth-Core"", ""unfulfilled_request_t"": 0.0}, {""actual_arrival_month"": ""2037-10"", ""actual_delivery_share"": 1.0, ""availability_share"": 1.0, ""feasible_t"": 12.5, ""gross_delivery_t"": 12.5, ""order_month"": ""2036-10"", ""ordered_t"": 12.5, ""planned_arrival_month"": ""2037-10"", ""requested_t"": 12.5, ""shipment_id"": ""S0022"", ""source_id"": ""A"", ""source_name"": ""Earth-Core"", ""unfulfilled_request_t"": 0.0}, {""actual_arrival_month"": ""2037-11"", ""actual_delivery_share"": 1.0, ""availability_share"": 1.0, ""feasible_t"": 12.5, ""gross_delivery_t"": 12.5, ""order_month"": ""2036-11"", ""ordered_t"": 12.5, ""planned_arrival_month"": ""2037-11"", ""requested_t"": 12.5, ""shipment_id"": ""S0023"", ""source_id"": ""A"", ""source_name"": ""Earth-Core"", ""unfulfilled_request_t"": 0.0}, {""actual_arrival_month"": ""2037-12"", ""actual_delivery_share"": 1.0, ""availability_share"": 1.0, ""feasible_t"": 12.5, ""gross_delivery_t"": 12.5, ""order_month"": ""2036-12"", ""ordered_t"": 12.5, ""planned_arrival_month"": ""2037-12"", ""requested_t"": 12.5, ""shipment_id"": ""S0024"", ""source_id"": ""A"", ""source_name"": ""Earth-Core"", ""unfulfilled_request_t"": 0.0}, {""actual_arrival_month"": ""2038-01"", ""actual_delivery_share"": 1.0, ""availability_share"": 1.0, ""feasible_t"": 13.333333333333334, ""gross_delivery_t"": 13.333333333333334, ""order_month"": ""2037-01"", ""ordered_t"": 13.333333333333334, ""planned_arrival_month"": ""2038-01"", ""requested_t"": 13.333333333333334, ""shipment_id"": ""S0025"", ""source_id"": ""A"", ""source_name"": ""Earth-Core"", ""unfulfilled_request_t"": 0.0}, {""actual_arrival_month"": ""2038-02"", ""actual_delivery_share"": 1.0, ""availability_share"": 1.0, ""feasible_t"": 13.333333333333334, ""gross_delivery_t"": 13.333333333333334, ""order_month"": ""2037-02"", ""ordered_t"": 13.333333333333334, ""planned_arrival_month"": ""2038-02"", ""requested_t"": 13.333333333333334, ""shipment_id"": ""S0026"", ""source_id"": ""A"", ""source_name"": ""Earth-Core"", ""unfulfilled_request_t"": 0.0}, {""actual_arrival_month"": ""2038-03"", ""actual_delivery_share"": 1.0, ""availability_share"": 1.0, ""feasible_t"": 13.333333333333334, ""gross_delivery_t"": 13.333333333333334, ""order_month"": ""2037-03"", ""ordered_t"": 13.333333333333334, ""planned_arrival_month"": ""2038-03"", ""requested_t"": 13.333333333333334, ""shipment_id"": ""S0027"", ""source_id"": ""A"", ""source_name"": ""Earth-Core"", ""unfulfilled_request_t"": 0.0}, {""actual_arrival_month"": ""2038-04"", ""actual_delivery_share"": 1.0, ""availability_share"": 1.0, ""feasible_t"": 13.333333333333334, ""gross_delivery_t"": 13.333333333333334, ""order_month"": ""2037-04"", ""ordered_t"": 13.333333333333334, ""planned_arrival_month"": ""2038-04"", ""requested_t"": 13.333333333333334, ""shipment_id"": ""S0028"", ""source_id"": ""A"", ""source_name"": ""Earth-Core"", ""unfulfilled_request_t"": 0.0}, {""actual_arrival_month"": ""2038-05"", ""actual_delivery_share"": 1.0, ""availability_share"": 1.0, ""feasible_t"": 13.333333333333334, ""gross_delivery_t"": 13.333333333333334, ""order_month"": ""2037-05"", ""ordered_t"": 13.333333333333334, ""planned_arrival_month"": ""2038-05"", ""requested_t"": 13.333333333333334, ""shipment_id"": ""S0029"", ""source_id"": ""A"", ""source_name"": ""Earth-Core"", ""unfulfilled_request_t"": 0.0}, {""actual_arrival_month"": ""2038-06"", ""actual_delivery_share"": 1.0, ""availability_share"": 1.0, ""feasible_t"": 13.333333333333334, ""gross_delivery_t"": 13.333333333333334, ""order_month"": ""2037-06"", ""ordered_t"": 13.333333333333334, ""planned_arrival_month"": ""2038-06"", ""requested_t"": 13.333333333333334, ""shipment_id"": ""S0030"", ""source_id"": ""A"", ""source_name"": ""Earth-Core"", ""unfulfilled_request_t"": 0.0}, {""actual_arrival_month"": ""2038-07"", ""actual_delivery_share"": 1.0, ""availability_share"": 1.0, ""feasible_t"": 13.333333333333334, ""gross_delivery_t"": 13.333333333333334, ""order_month"": ""2037-07"", ""ordered_t"": 13.333333333333334, ""planned_arrival_month"": ""2038-07"", ""requested_t"": 13.333333333333334, ""shipment_id"": ""S0031"", ""source_id"": ""A"", ""source_name"": ""Earth-Core"", ""unfulfilled_request_t"": 0.0}, {""actual_arrival_month"": ""2038-08"", ""actual_delivery_share"": 1.0, ""availability_share"": 1.0, ""feasible_t"": 13.333333333333334, ""gross_delivery_t"": 13.333333333333334, ""order_month"": ""2037-08"", ""ordered_t"": 13.333333333333334, ""planned_arrival_month"": ""2038-08"", ""requested_t"": 13.333333333333334, ""shipment_id"": ""S0032"", ""source_id"": ""A"", ""source_name"": ""Earth-Core"", ""unfulfilled_request_t"": 0.0}]","{""A"": 12.5, ""C"": 4.3636363636}","{""A"": 12.5, ""C"": 4.3636363636}",16.8636363636,0.2023636363632,16.661272727236803,16.661272727236803,0.0,48.58557575733374,11.25,4.583333333333334,0.0,0.0,32.75224242400041,ZBO,120.0,0.012,"[""ZBO"", ""EARTH_NEW""]",1.9402963636229205,1.0,[]
2037-09,32.75224242400041,15.833333333333334,11.25,"{""A"": 160.0, ""B"": 0, ""C"": 60.0, ""D"": 0, ""E"": 0}","{""A"": 13.333333333333334, ""C"": 4.3636363636}","[{""actual_arrival_month"": ""2037-10"", ""actual_delivery_share"": 1.0, ""availability_share"": 1.0, ""feasible_t"": 12.5, ""gross_delivery_t"": 12.5, ""order_month"": ""2036-10"", ""ordered_t"": 12.5, ""planned_arrival_month"": ""2037-10"", ""requested_t"": 12.5, ""shipment_id"": ""S0022"", ""source_id"": ""A"", ""source_name"": ""Earth-Core"", ""unfulfilled_request_t"": 0.0}, {""actual_arrival_month"": ""2037-11"", ""actual_delivery_share"": 1.0, ""availability_share"": 1.0, ""feasible_t"": 12.5, ""gross_delivery_t"": 12.5, ""order_month"": ""2036-11"", ""ordered_t"": 12.5, ""planned_arrival_month"": ""2037-11"", ""requested_t"": 12.5, ""shipment_id"": ""S0023"", ""source_id"": ""A"", ""source_name"": ""Earth-Core"", ""unfulfilled_request_t"": 0.0}, {""actual_arrival_month"": ""2037-12"", ""actual_delivery_share"": 1.0, ""availability_share"": 1.0, ""feasible_t"": 12.5, ""gross_delivery_t"": 12.5, ""order_month"": ""2036-12"", ""ordered_t"": 12.5, ""planned_arrival_month"": ""2037-12"", ""requested_t"": 12.5, ""shipment_id"": ""S0024"", ""source_id"": ""A"", ""source_name"": ""Earth-Core"", ""unfulfilled_request_t"": 0.0}, {""actual_arrival_month"": ""2038-01"", ""actual_delivery_share"": 1.0, ""availability_share"": 1.0, ""feasible_t"": 13.333333333333334, ""gross_delivery_t"": 13.333333333333334, ""order_month"": ""2037-01"", ""ordered_t"": 13.333333333333334, ""planned_arrival_month"": ""2038-01"", ""requested_t"": 13.333333333333334, ""shipment_id"": ""S0025"", ""source_id"": ""A"", ""source_name"": ""Earth-Core"", ""unfulfilled_request_t"": 0.0}, {""actual_arrival_month"": ""2038-02"", ""actual_delivery_share"": 1.0, ""availability_share"": 1.0, ""feasible_t"": 13.333333333333334, ""gross_delivery_t"": 13.333333333333334, ""order_month"": ""2037-02"", ""ordered_t"": 13.333333333333334, ""planned_arrival_month"": ""2038-02"", ""requested_t"": 13.333333333333334, ""shipment_id"": ""S0026"", ""source_id"": ""A"", ""source_name"": ""Earth-Core"", ""unfulfilled_request_t"": 0.0}, {""actual_arrival_month"": ""2038-03"", ""actual_delivery_share"": 1.0, ""availability_share"": 1.0, ""feasible_t"": 13.333333333333334, ""gross_delivery_t"": 13.333333333333334, ""order_month"": ""2037-03"", ""ordered_t"": 13.333333333333334, ""planned_arrival_month"": ""2038-03"", ""requested_t"": 13.333333333333334, ""shipment_id"": ""S0027"", ""source_id"": ""A"", ""source_name"": ""Earth-Core"", ""unfulfilled_request_t"": 0.0}, {""actual_arrival_month"": ""2038-04"", ""actual_delivery_share"": 1.0, ""availability_share"": 1.0, ""feasible_t"": 13.333333333333334, ""gross_delivery_t"": 13.333333333333334, ""order_month"": ""2037-04"", ""ordered_t"": 13.333333333333334, ""planned_arrival_month"": ""2038-04"", ""requested_t"": 13.333333333333334, ""shipment_id"": ""S0028"", ""source_id"": ""A"", ""source_name"": ""Earth-Core"", ""unfulfilled_request_t"": 0.0}, {""actual_arrival_month"": ""2038-05"", ""actual_delivery_share"": 1.0, ""availability_share"": 1.0, ""feasible_t"": 13.333333333333334, ""gross_delivery_t"": 13.333333333333334, ""order_month"": ""2037-05"", ""ordered_t"": 13.333333333333334, ""planned_arrival_month"": ""2038-05"", ""requested_t"": 13.333333333333334, ""shipment_id"": ""S0029"", ""source_id"": ""A"", ""source_name"": ""Earth-Core"", ""unfulfilled_request_t"": 0.0}, {""actual_arrival_month"": ""2038-06"", ""actual_delivery_share"": 1.0, ""availability_share"": 1.0, ""feasible_t"": 13.333333333333334, ""gross_delivery_t"": 13.333333333333334, ""order_month"": ""2037-06"", ""ordered_t"": 13.333333333333334, ""planned_arrival_month"": ""2038-06"", ""requested_t"": 13.333333333333334, ""shipment_id"": ""S0030"", ""source_id"": ""A"", ""source_name"": ""Earth-Core"", ""unfulfilled_request_t"": 0.0}, {""actual_arrival_month"": ""2038-07"", ""actual_delivery_share"": 1.0, ""availability_share"": 1.0, ""feasible_t"": 13.333333333333334, ""gross_delivery_t"": 13.333333333333334, ""order_month"": ""2037-07"", ""ordered_t"": 13.333333333333334, ""planned_arrival_month"": ""2038-07"", ""requested_t"": 13.333333333333334, ""shipment_id"": ""S0031"", ""source_id"": ""A"", ""source_name"": ""Earth-Core"", ""unfulfilled_request_t"": 0.0}, {""actual_arrival_month"": ""2038-08"", ""actual_delivery_share"": 1.0, ""availability_share"": 1.0, ""feasible_t"": 13.333333333333334, ""gross_delivery_t"": 13.333333333333334, ""order_month"": ""2037-08"", ""ordered_t"": 13.333333333333334, ""planned_arrival_month"": ""2038-08"", ""requested_t"": 13.333333333333334, ""shipment_id"": ""S0032"", ""source_id"": ""A"", ""source_name"": ""Earth-Core"", ""unfulfilled_request_t"": 0.0}, {""actual_arrival_month"": ""2038-09"", ""actual_delivery_share"": 1.0, ""availability_share"": 1.0, ""feasible_t"": 13.333333333333334, ""gross_delivery_t"": 13.333333333333334, ""order_month"": ""2037-09"", ""ordered_t"": 13.333333333333334, ""planned_arrival_month"": ""2038-09"", ""requested_t"": 13.333333333333334, ""shipment_id"": ""S0033"", ""source_id"": ""A"", ""source_name"": ""Earth-Core"", ""unfulfilled_request_t"": 0.0}]","{""A"": 12.5, ""C"": 4.3636363636}","{""A"": 12.5, ""C"": 4.3636363636}",16.8636363636,0.2023636363632,16.661272727236803,16.661272727236803,0.0,49.413515151237206,11.25,4.583333333333334,0.0,0.0,33.58018181790387,ZBO,120.0,0.012,"[""ZBO"", ""EARTH_NEW""]",1.9899727272571281,1.0,[]
2037-10,33.58018181790387,15.833333333333334,11.25,"{""A"": 160.0, ""B"": 0, ""C"": 60.0, ""D"": 0, ""E"": 0}","{""A"": 13.333333333333334, ""C"": 4.3636363636}","[{""actual_arrival_month"": ""2037-11"", ""actual_delivery_share"": 1.0, ""availability_share"": 1.0, ""feasible_t"": 12.5, ""gross_delivery_t"": 12.5, ""order_month"": ""2036-11"", ""ordered_t"": 12.5, ""planned_arrival_month"": ""2037-11"", ""requested_t"": 12.5, ""shipment_id"": ""S0023"", ""source_id"": ""A"", ""source_name"": ""Earth-Core"", ""unfulfilled_request_t"": 0.0}, {""actual_arrival_month"": ""2037-12"", ""actual_delivery_share"": 1.0, ""availability_share"": 1.0, ""feasible_t"": 12.5, ""gross_delivery_t"": 12.5, ""order_month"": ""2036-12"", ""ordered_t"": 12.5, ""planned_arrival_month"": ""2037-12"", ""requested_t"": 12.5, ""shipment_id"": ""S0024"", ""source_id"": ""A"", ""source_name"": ""Earth-Core"", ""unfulfilled_request_t"": 0.0}, {""actual_arrival_month"": ""2038-01"", ""actual_delivery_share"": 1.0, ""availability_share"": 1.0, ""feasible_t"": 13.333333333333334, ""gross_delivery_t"": 13.333333333333334, ""order_month"": ""2037-01"", ""ordered_t"": 13.333333333333334, ""planned_arrival_month"": ""2038-01"", ""requested_t"": 13.333333333333334, ""shipment_id"": ""S0025"", ""source_id"": ""A"", ""source_name"": ""Earth-Core"", ""unfulfilled_request_t"": 0.0}, {""actual_arrival_month"": ""2038-02"", ""actual_delivery_share"": 1.0, ""availability_share"": 1.0, ""feasible_t"": 13.333333333333334, ""gross_delivery_t"": 13.333333333333334, ""order_month"": ""2037-02"", ""ordered_t"": 13.333333333333334, ""planned_arrival_month"": ""2038-02"", ""requested_t"": 13.333333333333334, ""shipment_id"": ""S0026"", ""source_id"": ""A"", ""source_name"": ""Earth-Core"", ""unfulfilled_request_t"": 0.0}, {""actual_arrival_month"": ""2038-03"", ""actual_delivery_share"": 1.0, ""availability_share"": 1.0, ""feasible_t"": 13.333333333333334, ""gross_delivery_t"": 13.333333333333334, ""order_month"": ""2037-03"", ""ordered_t"": 13.333333333333334, ""planned_arrival_month"": ""2038-03"", ""requested_t"": 13.333333333333334, ""shipment_id"": ""S0027"", ""source_id"": ""A"", ""source_name"": ""Earth-Core"", ""unfulfilled_request_t"": 0.0}, {""actual_arrival_month"": ""2038-04"", ""actual_delivery_share"": 1.0, ""availability_share"": 1.0, ""feasible_t"": 13.333333333333334, ""gross_delivery_t"": 13.333333333333334, ""order_month"": ""2037-04"", ""ordered_t"": 13.333333333333334, ""planned_arrival_month"": ""2038-04"", ""requested_t"": 13.333333333333334, ""shipment_id"": ""S0028"", ""source_id"": ""A"", ""source_name"": ""Earth-Core"", ""unfulfilled_request_t"": 0.0}, {""actual_arrival_month"": ""2038-05"", ""actual_delivery_share"": 1.0, ""availability_share"": 1.0, ""feasible_t"": 13.333333333333334, ""gross_delivery_t"": 13.333333333333334, ""order_month"": ""2037-05"", ""ordered_t"": 13.333333333333334, ""planned_arrival_month"": ""2038-05"", ""requested_t"": 13.333333333333334, ""shipment_id"": ""S0029"", ""source_id"": ""A"", ""source_name"": ""Earth-Core"", ""unfulfilled_request_t"": 0.0}, {""actual_arrival_month"": ""2038-06"", ""actual_delivery_share"": 1.0, ""availability_share"": 1.0, ""feasible_t"": 13.333333333333334, ""gross_delivery_t"": 13.333333333333334, ""order_month"": ""2037-06"", ""ordered_t"": 13.333333333333334, ""planned_arrival_month"": ""2038-06"", ""requested_t"": 13.333333333333334, ""shipment_id"": ""S0030"", ""source_id"": ""A"", ""source_name"": ""Earth-Core"", ""unfulfilled_request_t"": 0.0}, {""actual_arrival_month"": ""2038-07"", ""actual_delivery_share"": 1.0, ""availability_share"": 1.0, ""feasible_t"": 13.333333333333334, ""gross_delivery_t"": 13.333333333333334, ""order_month"": ""2037-07"", ""ordered_t"": 13.333333333333334, ""planned_arrival_month"": ""2038-07"", ""requested_t"": 13.333333333333334, ""shipment_id"": ""S0031"", ""source_id"": ""A"", ""source_name"": ""Earth-Core"", ""unfulfilled_request_t"": 0.0}, {""actual_arrival_month"": ""2038-08"", ""actual_delivery_share"": 1.0, ""availability_share"": 1.0, ""feasible_t"": 13.333333333333334, ""gross_delivery_t"": 13.333333333333334, ""order_month"": ""2037-08"", ""ordered_t"": 13.333333333333334, ""planned_arrival_month"": ""2038-08"", ""requested_t"": 13.333333333333334, ""shipment_id"": ""S0032"", ""source_id"": ""A"", ""source_name"": ""Earth-Core"", ""unfulfilled_request_t"": 0.0}, {""actual_arrival_month"": ""2038-09"", ""actual_delivery_share"": 1.0, ""availability_share"": 1.0, ""feasible_t"": 13.333333333333334, ""gross_delivery_t"": 13.333333333333334, ""order_month"": ""2037-09"", ""ordered_t"": 13.333333333333334, ""planned_arrival_month"": ""2038-09"", ""requested_t"": 13.333333333333334, ""shipment_id"": ""S0033"", ""source_id"": ""A"", ""source_name"": ""Earth-Core"", ""unfulfilled_request_t"": 0.0}, {""actual_arrival_month"": ""2038-10"", ""actual_delivery_share"": 1.0, ""availability_share"": 1.0, ""feasible_t"": 13.333333333333334, ""gross_delivery_t"": 13.333333333333334, ""order_month"": ""2037-10"", ""ordered_t"": 13.333333333333334, ""planned_arrival_month"": ""2038-10"", ""requested_t"": 13.333333333333334, ""shipment_id"": ""S0034"", ""source_id"": ""A"", ""source_name"": ""Earth-Core"", ""unfulfilled_request_t"": 0.0}]","{""A"": 12.5, ""C"": 4.3636363636}","{""A"": 12.5, ""C"": 4.3636363636}",16.8636363636,0.2023636363632,16.661272727236803,16.661272727236803,0.0,50.24145454514067,11.25,4.583333333333334,0.0,0.0,34.408121211807334,ZBO,120.0,0.012,"[""ZBO"", ""EARTH_NEW""]",2.039649090891336,1.0,[]
2037-11,34.408121211807334,15.833333333333334,11.25,"{""A"": 160.0, ""B"": 0, ""C"": 60.0, ""D"": 0, ""E"": 0}","{""A"": 13.333333333333334, ""C"": 4.3636363636}","[{""actual_arrival_month"": ""2037-12"", ""actual_delivery_share"": 1.0, ""availability_share"": 1.0, ""feasible_t"": 12.5, ""gross_delivery_t"": 12.5, ""order_month"": ""2036-12"", ""ordered_t"": 12.5, ""planned_arrival_month"": ""2037-12"", ""requested_t"": 12.5, ""shipment_id"": ""S0024"", ""source_id"": ""A"", ""source_name"": ""Earth-Core"", ""unfulfilled_request_t"": 0.0}, {""actual_arrival_month"": ""2038-01"", ""actual_delivery_share"": 1.0, ""availability_share"": 1.0, ""feasible_t"": 13.333333333333334, ""gross_delivery_t"": 13.333333333333334, ""order_month"": ""2037-01"", ""ordered_t"": 13.333333333333334, ""planned_arrival_month"": ""2038-01"", ""requested_t"": 13.333333333333334, ""shipment_id"": ""S0025"", ""source_id"": ""A"", ""source_name"": ""Earth-Core"", ""unfulfilled_request_t"": 0.0}, {""actual_arrival_month"": ""2038-02"", ""actual_delivery_share"": 1.0, ""availability_share"": 1.0, ""feasible_t"": 13.333333333333334, ""gross_delivery_t"": 13.333333333333334, ""order_month"": ""2037-02"", ""ordered_t"": 13.333333333333334, ""planned_arrival_month"": ""2038-02"", ""requested_t"": 13.333333333333334, ""shipment_id"": ""S0026"", ""source_id"": ""A"", ""source_name"": ""Earth-Core"", ""unfulfilled_request_t"": 0.0}, {""actual_arrival_month"": ""2038-03"", ""actual_delivery_share"": 1.0, ""availability_share"": 1.0, ""feasible_t"": 13.333333333333334, ""gross_delivery_t"": 13.333333333333334, ""order_month"": ""2037-03"", ""ordered_t"": 13.333333333333334, ""planned_arrival_month"": ""2038-03"", ""requested_t"": 13.333333333333334, ""shipment_id"": ""S0027"", ""source_id"": ""A"", ""source_name"": ""Earth-Core"", ""unfulfilled_request_t"": 0.0}, {""actual_arrival_month"": ""2038-04"", ""actual_delivery_share"": 1.0, ""availability_share"": 1.0, ""feasible_t"": 13.333333333333334, ""gross_delivery_t"": 13.333333333333334, ""order_month"": ""2037-04"", ""ordered_t"": 13.333333333333334, ""planned_arrival_month"": ""2038-04"", ""requested_t"": 13.333333333333334, ""shipment_id"": ""S0028"", ""source_id"": ""A"", ""source_name"": ""Earth-Core"", ""unfulfilled_request_t"": 0.0}, {""actual_arrival_month"": ""2038-05"", ""actual_delivery_share"": 1.0, ""availability_share"": 1.0, ""feasible_t"": 13.333333333333334, ""gross_delivery_t"": 13.333333333333334, ""order_month"": ""2037-05"", ""ordered_t"": 13.333333333333334, ""planned_arrival_month"": ""2038-05"", ""requested_t"": 13.333333333333334, ""shipment_id"": ""S0029"", ""source_id"": ""A"", ""source_name"": ""Earth-Core"", ""unfulfilled_request_t"": 0.0}, {""actual_arrival_month"": ""2038-06"", ""actual_delivery_share"": 1.0, ""availability_share"": 1.0, ""feasible_t"": 13.333333333333334, ""gross_delivery_t"": 13.333333333333334, ""order_month"": ""2037-06"", ""ordered_t"": 13.333333333333334, ""planned_arrival_month"": ""2038-06"", ""requested_t"": 13.333333333333334, ""shipment_id"": ""S0030"", ""source_id"": ""A"", ""source_name"": ""Earth-Core"", ""unfulfilled_request_t"": 0.0}, {""actual_arrival_month"": ""2038-07"", ""actual_delivery_share"": 1.0, ""availability_share"": 1.0, ""feasible_t"": 13.333333333333334, ""gross_delivery_t"": 13.333333333333334, ""order_month"": ""2037-07"", ""ordered_t"": 13.333333333333334, ""planned_arrival_month"": ""2038-07"", ""requested_t"": 13.333333333333334, ""shipment_id"": ""S0031"", ""source_id"": ""A"", ""source_name"": ""Earth-Core"", ""unfulfilled_request_t"": 0.0}, {""actual_arrival_month"": ""2038-08"", ""actual_delivery_share"": 1.0, ""availability_share"": 1.0, ""feasible_t"": 13.333333333333334, ""gross_delivery_t"": 13.333333333333334, ""order_month"": ""2037-08"", ""ordered_t"": 13.333333333333334, ""planned_arrival_month"": ""2038-08"", ""requested_t"": 13.333333333333334, ""shipment_id"": ""S0032"", ""source_id"": ""A"", ""source_name"": ""Earth-Core"", ""unfulfilled_request_t"": 0.0}, {""actual_arrival_month"": ""2038-09"", ""actual_delivery_share"": 1.0, ""availability_share"": 1.0, ""feasible_t"": 13.333333333333334, ""gross_delivery_t"": 13.333333333333334, ""order_month"": ""2037-09"", ""ordered_t"": 13.333333333333334, ""planned_arrival_month"": ""2038-09"", ""requested_t"": 13.333333333333334, ""shipment_id"": ""S0033"", ""source_id"": ""A"", ""source_name"": ""Earth-Core"", ""unfulfilled_request_t"": 0.0}, {""actual_arrival_month"": ""2038-10"", ""actual_delivery_share"": 1.0, ""availability_share"": 1.0, ""feasible_t"": 13.333333333333334, ""gross_delivery_t"": 13.333333333333334, ""order_month"": ""2037-10"", ""ordered_t"": 13.333333333333334, ""planned_arrival_month"": ""2038-10"", ""requested_t"": 13.333333333333334, ""shipment_id"": ""S0034"", ""source_id"": ""A"", ""source_name"": ""Earth-Core"", ""unfulfilled_request_t"": 0.0}, {""actual_arrival_month"": ""2038-11"", ""actual_delivery_share"": 1.0, ""availability_share"": 1.0, ""feasible_t"": 13.333333333333334, ""gross_delivery_t"": 13.333333333333334, ""order_month"": ""2037-11"", ""ordered_t"": 13.333333333333334, ""planned_arrival_month"": ""2038-11"", ""requested_t"": 13.333333333333334, ""shipment_id"": ""S0035"", ""source_id"": ""A"", ""source_name"": ""Earth-Core"", ""unfulfilled_request_t"": 0.0}]","{""A"": 12.5, ""C"": 4.3636363636}","{""A"": 12.5, ""C"": 4.3636363636}",16.8636363636,0.2023636363632,16.661272727236803,16.661272727236803,0.0,51.06939393904413,11.25,4.583333333333334,0.0,0.0,35.2360606057108,ZBO,120.0,0.012,"[""ZBO"", ""EARTH_NEW""]",2.089325454525544,1.0,[]
2037-12,35.2360606057108,15.833333333333334,11.25,"{""A"": 160.0, ""B"": 0, ""C"": 60.0, ""D"": 0, ""E"": 0}","{""A"": 13.333333333333334, ""C"": 4.3636363636}","[{""actual_arrival_month"": ""2038-01"", ""actual_delivery_share"": 1.0, ""availability_share"": 1.0, ""feasible_t"": 13.333333333333334, ""gross_delivery_t"": 13.333333333333334, ""order_month"": ""2037-01"", ""ordered_t"": 13.333333333333334, ""planned_arrival_month"": ""2038-01"", ""requested_t"": 13.333333333333334, ""shipment_id"": ""S0025"", ""source_id"": ""A"", ""source_name"": ""Earth-Core"", ""unfulfilled_request_t"": 0.0}, {""actual_arrival_month"": ""2038-02"", ""actual_delivery_share"": 1.0, ""availability_share"": 1.0, ""feasible_t"": 13.333333333333334, ""gross_delivery_t"": 13.333333333333334, ""order_month"": ""2037-02"", ""ordered_t"": 13.333333333333334, ""planned_arrival_month"": ""2038-02"", ""requested_t"": 13.333333333333334, ""shipment_id"": ""S0026"", ""source_id"": ""A"", ""source_name"": ""Earth-Core"", ""unfulfilled_request_t"": 0.0}, {""actual_arrival_month"": ""2038-03"", ""actual_delivery_share"": 1.0, ""availability_share"": 1.0, ""feasible_t"": 13.333333333333334, ""gross_delivery_t"": 13.333333333333334, ""order_month"": ""2037-03"", ""ordered_t"": 13.333333333333334, ""planned_arrival_month"": ""2038-03"", ""requested_t"": 13.333333333333334, ""shipment_id"": ""S0027"", ""source_id"": ""A"", ""source_name"": ""Earth-Core"", ""unfulfilled_request_t"": 0.0}, {""actual_arrival_month"": ""2038-04"", ""actual_delivery_share"": 1.0, ""availability_share"": 1.0, ""feasible_t"": 13.333333333333334, ""gross_delivery_t"": 13.333333333333334, ""order_month"": ""2037-04"", ""ordered_t"": 13.333333333333334, ""planned_arrival_month"": ""2038-04"", ""requested_t"": 13.333333333333334, ""shipment_id"": ""S0028"", ""source_id"": ""A"", ""source_name"": ""Earth-Core"", ""unfulfilled_request_t"": 0.0}, {""actual_arrival_month"": ""2038-05"", ""actual_delivery_share"": 1.0, ""availability_share"": 1.0, ""feasible_t"": 13.333333333333334, ""gross_delivery_t"": 13.333333333333334, ""order_month"": ""2037-05"", ""ordered_t"": 13.333333333333334, ""planned_arrival_month"": ""2038-05"", ""requested_t"": 13.333333333333334, ""shipment_id"": ""S0029"", ""source_id"": ""A"", ""source_name"": ""Earth-Core"", ""unfulfilled_request_t"": 0.0}, {""actual_arrival_month"": ""2038-06"", ""actual_delivery_share"": 1.0, ""availability_share"": 1.0, ""feasible_t"": 13.333333333333334, ""gross_delivery_t"": 13.333333333333334, ""order_month"": ""2037-06"", ""ordered_t"": 13.333333333333334, ""planned_arrival_month"": ""2038-06"", ""requested_t"": 13.333333333333334, ""shipment_id"": ""S0030"", ""source_id"": ""A"", ""source_name"": ""Earth-Core"", ""unfulfilled_request_t"": 0.0}, {""actual_arrival_month"": ""2038-07"", ""actual_delivery_share"": 1.0, ""availability_share"": 1.0, ""feasible_t"": 13.333333333333334, ""gross_delivery_t"": 13.333333333333334, ""order_month"": ""2037-07"", ""ordered_t"": 13.333333333333334, ""planned_arrival_month"": ""2038-07"", ""requested_t"": 13.333333333333334, ""shipment_id"": ""S0031"", ""source_id"": ""A"", ""source_name"": ""Earth-Core"", ""unfulfilled_request_t"": 0.0}, {""actual_arrival_month"": ""2038-08"", ""actual_delivery_share"": 1.0, ""availability_share"": 1.0, ""feasible_t"": 13.333333333333334, ""gross_delivery_t"": 13.333333333333334, ""order_month"": ""2037-08"", ""ordered_t"": 13.333333333333334, ""planned_arrival_month"": ""2038-08"", ""requested_t"": 13.333333333333334, ""shipment_id"": ""S0032"", ""source_id"": ""A"", ""source_name"": ""Earth-Core"", ""unfulfilled_request_t"": 0.0}, {""actual_arrival_month"": ""2038-09"", ""actual_delivery_share"": 1.0, ""availability_share"": 1.0, ""feasible_t"": 13.333333333333334, ""gross_delivery_t"": 13.333333333333334, ""order_month"": ""2037-09"", ""ordered_t"": 13.333333333333334, ""planned_arrival_month"": ""2038-09"", ""requested_t"": 13.333333333333334, ""shipment_id"": ""S0033"", ""source_id"": ""A"", ""source_name"": ""Earth-Core"", ""unfulfilled_request_t"": 0.0}, {""actual_arrival_month"": ""2038-10"", ""actual_delivery_share"": 1.0, ""availability_share"": 1.0, ""feasible_t"": 13.333333333333334, ""gross_delivery_t"": 13.333333333333334, ""order_month"": ""2037-10"", ""ordered_t"": 13.333333333333334, ""planned_arrival_month"": ""2038-10"", ""requested_t"": 13.333333333333334, ""shipment_id"": ""S0034"", ""source_id"": ""A"", ""source_name"": ""Earth-Core"", ""unfulfilled_request_t"": 0.0}, {""actual_arrival_month"": ""2038-11"", ""actual_delivery_share"": 1.0, ""availability_share"": 1.0, ""feasible_t"": 13.333333333333334, ""gross_delivery_t"": 13.333333333333334, ""order_month"": ""2037-11"", ""ordered_t"": 13.333333333333334, ""planned_arrival_month"": ""2038-11"", ""requested_t"": 13.333333333333334, ""shipment_id"": ""S0035"", ""source_id"": ""A"", ""source_name"": ""Earth-Core"", ""unfulfilled_request_t"": 0.0}, {""actual_arrival_month"": ""2038-12"", ""actual_delivery_share"": 1.0, ""availability_share"": 1.0, ""feasible_t"": 13.333333333333334, ""gross_delivery_t"": 13.333333333333334, ""order_month"": ""2037-12"", ""ordered_t"": 13.333333333333334, ""planned_arrival_month"": ""2038-12"", ""requested_t"": 13.333333333333334, ""shipment_id"": ""S0036"", ""source_id"": ""A"", ""source_name"": ""Earth-Core"", ""unfulfilled_request_t"": 0.0}]","{""A"": 12.5, ""C"": 4.3636363636}","{""A"": 12.5, ""C"": 4.3636363636}",16.8636363636,0.2023636363632,16.661272727236803,16.661272727236803,0.0,51.897333332947596,11.25,4.583333333333334,0.0,0.0,36.06399999961426,ZBO,120.0,0.012,"[""ZBO"", ""EARTH_NEW""]",2.1390018181597514,1.0,[]
2038-01,36.06399999961426,20.833333333333332,14.166666666666666,"{""A"": 170.0, ""B"": 0, ""C"": 60.0, ""D"": 50.2, ""E"": 0}","{""A"": 14.166666666666666, ""C"": 5.0, ""D"": 4.183333333333334}","[{""actual_arrival_month"": ""2038-02"", ""actual_delivery_share"": 1.0, ""availability_share"": 1.0, ""feasible_t"": 13.333333333333334, ""gross_delivery_t"": 13.333333333333334, ""order_month"": ""2037-02"", ""ordered_t"": 13.333333333333334, ""planned_arrival_month"": ""2038-02"", ""requested_t"": 13.333333333333334, ""shipment_id"": ""S0026"", ""source_id"": ""A"", ""source_name"": ""Earth-Core"", ""unfulfilled_request_t"": 0.0}, {""actual_arrival_month"": ""2038-03"", ""actual_delivery_share"": 1.0, ""availability_share"": 1.0, ""feasible_t"": 13.333333333333334, ""gross_delivery_t"": 13.333333333333334, ""order_month"": ""2037-03"", ""ordered_t"": 13.333333333333334, ""planned_arrival_month"": ""2038-03"", ""requested_t"": 13.333333333333334, ""shipment_id"": ""S0027"", ""source_id"": ""A"", ""source_name"": ""Earth-Core"", ""unfulfilled_request_t"": 0.0}, {""actual_arrival_month"": ""2038-04"", ""actual_delivery_share"": 1.0, ""availability_share"": 1.0, ""feasible_t"": 13.333333333333334, ""gross_delivery_t"": 13.333333333333334, ""order_month"": ""2037-04"", ""ordered_t"": 13.333333333333334, ""planned_arrival_month"": ""2038-04"", ""requested_t"": 13.333333333333334, ""shipment_id"": ""S0028"", ""source_id"": ""A"", ""source_name"": ""Earth-Core"", ""unfulfilled_request_t"": 0.0}, {""actual_arrival_month"": ""2038-05"", ""actual_delivery_share"": 1.0, ""availability_share"": 1.0, ""feasible_t"": 13.333333333333334, ""gross_delivery_t"": 13.333333333333334, ""order_month"": ""2037-05"", ""ordered_t"": 13.333333333333334, ""planned_arrival_month"": ""2038-05"", ""requested_t"": 13.333333333333334, ""shipment_id"": ""S0029"", ""source_id"": ""A"", ""source_name"": ""Earth-Core"", ""unfulfilled_request_t"": 0.0}, {""actual_arrival_month"": ""2038-06"", ""actual_delivery_share"": 1.0, ""availability_share"": 1.0, ""feasible_t"": 13.333333333333334, ""gross_delivery_t"": 13.333333333333334, ""order_month"": ""2037-06"", ""ordered_t"": 13.333333333333334, ""planned_arrival_month"": ""2038-06"", ""requested_t"": 13.333333333333334, ""shipment_id"": ""S0030"", ""source_id"": ""A"", ""source_name"": ""Earth-Core"", ""unfulfilled_request_t"": 0.0}, {""actual_arrival_month"": ""2038-07"", ""actual_delivery_share"": 1.0, ""availability_share"": 1.0, ""feasible_t"": 13.333333333333334, ""gross_delivery_t"": 13.333333333333334, ""order_month"": ""2037-07"", ""ordered_t"": 13.333333333333334, ""planned_arrival_month"": ""2038-07"", ""requested_t"": 13.333333333333334, ""shipment_id"": ""S0031"", ""source_id"": ""A"", ""source_name"": ""Earth-Core"", ""unfulfilled_request_t"": 0.0}, {""actual_arrival_month"": ""2038-08"", ""actual_delivery_share"": 1.0, ""availability_share"": 1.0, ""feasible_t"": 13.333333333333334, ""gross_delivery_t"": 13.333333333333334, ""order_month"": ""2037-08"", ""ordered_t"": 13.333333333333334, ""planned_arrival_month"": ""2038-08"", ""requested_t"": 13.333333333333334, ""shipment_id"": ""S0032"", ""source_id"": ""A"", ""source_name"": ""Earth-Core"", ""unfulfilled_request_t"": 0.0}, {""actual_arrival_month"": ""2038-09"", ""actual_delivery_share"": 1.0, ""availability_share"": 1.0, ""feasible_t"": 13.333333333333334, ""gross_delivery_t"": 13.333333333333334, ""order_month"": ""2037-09"", ""ordered_t"": 13.333333333333334, ""planned_arrival_month"": ""2038-09"", ""requested_t"": 13.333333333333334, ""shipment_id"": ""S0033"", ""source_id"": ""A"", ""source_name"": ""Earth-Core"", ""unfulfilled_request_t"": 0.0}, {""actual_arrival_month"": ""2038-10"", ""actual_delivery_share"": 1.0, ""availability_share"": 1.0, ""feasible_t"": 13.333333333333334, ""gross_delivery_t"": 13.333333333333334, ""order_month"": ""2037-10"", ""ordered_t"": 13.333333333333334, ""planned_arrival_month"": ""2038-10"", ""requested_t"": 13.333333333333334, ""shipment_id"": ""S0034"", ""source_id"": ""A"", ""source_name"": ""Earth-Core"", ""unfulfilled_request_t"": 0.0}, {""actual_arrival_month"": ""2038-11"", ""actual_delivery_share"": 1.0, ""availability_share"": 1.0, ""feasible_t"": 13.333333333333334, ""gross_delivery_t"": 13.333333333333334, ""order_month"": ""2037-11"", ""ordered_t"": 13.333333333333334, ""planned_arrival_month"": ""2038-11"", ""requested_t"": 13.333333333333334, ""shipment_id"": ""S0035"", ""source_id"": ""A"", ""source_name"": ""Earth-Core"", ""unfulfilled_request_t"": 0.0}, {""actual_arrival_month"": ""2038-12"", ""actual_delivery_share"": 1.0, ""availability_share"": 1.0, ""feasible_t"": 13.333333333333334, ""gross_delivery_t"": 13.333333333333334, ""order_month"": ""2037-12"", ""ordered_t"": 13.333333333333334, ""planned_arrival_month"": ""2038-12"", ""requested_t"": 13.333333333333334, ""shipment_id"": ""S0036"", ""source_id"": ""A"", ""source_name"": ""Earth-Core"", ""unfulfilled_request_t"": 0.0}, {""actual_arrival_month"": ""2039-01"", ""actual_delivery_share"": 1.0, ""availability_share"": 1.0, ""feasible_t"": 14.166666666666666, ""gross_delivery_t"": 14.166666666666666, ""order_month"": ""2038-01"", ""ordered_t"": 14.166666666666666, ""planned_arrival_month"": ""2039-01"", ""requested_t"": 14.166666666666666, ""shipment_id"": ""S0037"", ""source_id"": ""A"", ""source_name"": ""Earth-Core"", ""unfulfilled_request_t"": 0.0}, {""actual_arrival_month"": ""2038-03"", ""actual_delivery_share"": 1.0, ""availability_share"": 1.0, ""feasible_t"": 4.183333333333332, ""gross_delivery_t"": 4.183333333333332, ""order_month"": ""2038-01"", ""ordered_t"": 4.183333333333334, ""planned_arrival_month"": ""2038-03"", ""requested_t"": 4.183333333333334, ""shipment_id"": ""S0132"", ""source_id"": ""D"", ""source_name"": ""Lunar-ISRU"", ""unfulfilled_request_t"": 1.7763568394002505e-15}]","{""A"": 13.333333333333334, ""C"": 5.0}","{""A"": 13.333333333333334, ""C"": 5.0}",18.333333333333336,0.22000000000000003,18.113333333333337,18.113333333333337,0.0,54.1773333329476,14.166666666666666,6.666666666666666,0.0,0.0,33.34399999961427,ZBO,120.0,0.012,"[""ZBO"", ""EARTH_NEW"", ""LUNAR_ISRU""]",2.082239999976856,6.833333333333333,[]
2038-02,33.34399999961427,20.833333333333332,14.166666666666666,"{""A"": 170.0, ""B"": 0, ""C"": 60.0, ""D"": 50.2, ""E"": 0}","{""A"": 14.166666666666666, ""C"": 5.0, ""D"": 4.183333333333334}","[{""actual_arrival_month"": ""2038-03"", ""actual_delivery_share"": 1.0, ""availability_share"": 1.0, ""feasible_t"": 13.333333333333334, ""gross_delivery_t"": 13.333333333333334, ""order_month"": ""2037-03"", ""ordered_t"": 13.333333333333334, ""planned_arrival_month"": ""2038-03"", ""requested_t"": 13.333333333333334, ""shipment_id"": ""S0027"", ""source_id"": ""A"", ""source_name"": ""Earth-Core"", ""unfulfilled_request_t"": 0.0}, {""actual_arrival_month"": ""2038-04"", ""actual_delivery_share"": 1.0, ""availability_share"": 1.0, ""feasible_t"": 13.333333333333334, ""gross_delivery_t"": 13.333333333333334, ""order_month"": ""2037-04"", ""ordered_t"": 13.333333333333334, ""planned_arrival_month"": ""2038-04"", ""requested_t"": 13.333333333333334, ""shipment_id"": ""S0028"", ""source_id"": ""A"", ""source_name"": ""Earth-Core"", ""unfulfilled_request_t"": 0.0}, {""actual_arrival_month"": ""2038-05"", ""actual_delivery_share"": 1.0, ""availability_share"": 1.0, ""feasible_t"": 13.333333333333334, ""gross_delivery_t"": 13.333333333333334, ""order_month"": ""2037-05"", ""ordered_t"": 13.333333333333334, ""planned_arrival_month"": ""2038-05"", ""requested_t"": 13.333333333333334, ""shipment_id"": ""S0029"", ""source_id"": ""A"", ""source_name"": ""Earth-Core"", ""unfulfilled_request_t"": 0.0}, {""actual_arrival_month"": ""2038-06"", ""actual_delivery_share"": 1.0, ""availability_share"": 1.0, ""feasible_t"": 13.333333333333334, ""gross_delivery_t"": 13.333333333333334, ""order_month"": ""2037-06"", ""ordered_t"": 13.333333333333334, ""planned_arrival_month"": ""2038-06"", ""requested_t"": 13.333333333333334, ""shipment_id"": ""S0030"", ""source_id"": ""A"", ""source_name"": ""Earth-Core"", ""unfulfilled_request_t"": 0.0}, {""actual_arrival_month"": ""2038-07"", ""actual_delivery_share"": 1.0, ""availability_share"": 1.0, ""feasible_t"": 13.333333333333334, ""gross_delivery_t"": 13.333333333333334, ""order_month"": ""2037-07"", ""ordered_t"": 13.333333333333334, ""planned_arrival_month"": ""2038-07"", ""requested_t"": 13.333333333333334, ""shipment_id"": ""S0031"", ""source_id"": ""A"", ""source_name"": ""Earth-Core"", ""unfulfilled_request_t"": 0.0}, {""actual_arrival_month"": ""2038-08"", ""actual_delivery_share"": 1.0, ""availability_share"": 1.0, ""feasible_t"": 13.333333333333334, ""gross_delivery_t"": 13.333333333333334, ""order_month"": ""2037-08"", ""ordered_t"": 13.333333333333334, ""planned_arrival_month"": ""2038-08"", ""requested_t"": 13.333333333333334, ""shipment_id"": ""S0032"", ""source_id"": ""A"", ""source_name"": ""Earth-Core"", ""unfulfilled_request_t"": 0.0}, {""actual_arrival_month"": ""2038-09"", ""actual_delivery_share"": 1.0, ""availability_share"": 1.0, ""feasible_t"": 13.333333333333334, ""gross_delivery_t"": 13.333333333333334, ""order_month"": ""2037-09"", ""ordered_t"": 13.333333333333334, ""planned_arrival_month"": ""2038-09"", ""requested_t"": 13.333333333333334, ""shipment_id"": ""S0033"", ""source_id"": ""A"", ""source_name"": ""Earth-Core"", ""unfulfilled_request_t"": 0.0}, {""actual_arrival_month"": ""2038-10"", ""actual_delivery_share"": 1.0, ""availability_share"": 1.0, ""feasible_t"": 13.333333333333334, ""gross_delivery_t"": 13.333333333333334, ""order_month"": ""2037-10"", ""ordered_t"": 13.333333333333334, ""planned_arrival_month"": ""2038-10"", ""requested_t"": 13.333333333333334, ""shipment_id"": ""S0034"", ""source_id"": ""A"", ""source_name"": ""Earth-Core"", ""unfulfilled_request_t"": 0.0}, {""actual_arrival_month"": ""2038-11"", ""actual_delivery_share"": 1.0, ""availability_share"": 1.0, ""feasible_t"": 13.333333333333334, ""gross_delivery_t"": 13.333333333333334, ""order_month"": ""2037-11"", ""ordered_t"": 13.333333333333334, ""planned_arrival_month"": ""2038-11"", ""requested_t"": 13.333333333333334, ""shipment_id"": ""S0035"", ""source_id"": ""A"", ""source_name"": ""Earth-Core"", ""unfulfilled_request_t"": 0.0}, {""actual_arrival_month"": ""2038-12"", ""actual_delivery_share"": 1.0, ""availability_share"": 1.0, ""feasible_t"": 13.333333333333334, ""gross_delivery_t"": 13.333333333333334, ""order_month"": ""2037-12"", ""ordered_t"": 13.333333333333334, ""planned_arrival_month"": ""2038-12"", ""requested_t"": 13.333333333333334, ""shipment_id"": ""S0036"", ""source_id"": ""A"", ""source_name"": ""Earth-Core"", ""unfulfilled_request_t"": 0.0}, {""actual_arrival_month"": ""2039-01"", ""actual_delivery_share"": 1.0, ""availability_share"": 1.0, ""feasible_t"": 14.166666666666666, ""gross_delivery_t"": 14.166666666666666, ""order_month"": ""2038-01"", ""ordered_t"": 14.166666666666666, ""planned_arrival_month"": ""2039-01"", ""requested_t"": 14.166666666666666, ""shipment_id"": ""S0037"", ""source_id"": ""A"", ""source_name"": ""Earth-Core"", ""unfulfilled_request_t"": 0.0}, {""actual_arrival_month"": ""2039-02"", ""actual_delivery_share"": 1.0, ""availability_share"": 1.0, ""feasible_t"": 14.166666666666666, ""gross_delivery_t"": 14.166666666666666, ""order_month"": ""2038-02"", ""ordered_t"": 14.166666666666666, ""planned_arrival_month"": ""2039-02"", ""requested_t"": 14.166666666666666, ""shipment_id"": ""S0038"", ""source_id"": ""A"", ""source_name"": ""Earth-Core"", ""unfulfilled_request_t"": 0.0}, {""actual_arrival_month"": ""2038-03"", ""actual_delivery_share"": 1.0, ""availability_share"": 1.0, ""feasible_t"": 4.183333333333332, ""gross_delivery_t"": 4.183333333333332, ""order_month"": ""2038-01"", ""ordered_t"": 4.183333333333334, ""planned_arrival_month"": ""2038-03"", ""requested_t"": 4.183333333333334, ""shipment_id"": ""S0132"", ""source_id"": ""D"", ""source_name"": ""Lunar-ISRU"", ""unfulfilled_request_t"": 1.7763568394002505e-15}, {""actual_arrival_month"": ""2038-04"", ""actual_delivery_share"": 1.0, ""availability_share"": 1.0, ""feasible_t"": 4.183333333333332, ""gross_delivery_t"": 4.183333333333332, ""order_month"": ""2038-02"", ""ordered_t"": 4.183333333333334, ""planned_arrival_month"": ""2038-04"", ""requested_t"": 4.183333333333334, ""shipment_id"": ""S0133"", ""source_id"": ""D"", ""source_name"": ""Lunar-ISRU"", ""unfulfilled_request_t"": 1.7763568394002505e-15}]","{""A"": 13.333333333333334, ""C"": 5.0}","{""A"": 13.333333333333334, ""C"": 5.0}",18.333333333333336,0.22000000000000003,18.113333333333337,18.113333333333337,0.0,51.457333332947606,14.166666666666666,6.666666666666666,0.0,0.0,30.623999999614277,ZBO,120.0,0.012,"[""ZBO"", ""EARTH_NEW"", ""LUNAR_ISRU""]",1.9190399999768564,6.833333333333333,[]
2038-03,30.623999999614277,20.833333333333332,14.166666666666666,"{""A"": 170.0, ""B"": 0, ""C"": 60.0, ""D"": 50.2, ""E"": 0}","{""A"": 14.166666666666666, ""C"": 5.0, ""D"": 4.183333333333334}","[{""actual_arrival_month"": ""2038-04"", ""actual_delivery_share"": 1.0, ""availability_share"": 1.0, ""feasible_t"": 13.333333333333334, ""gross_delivery_t"": 13.333333333333334, ""order_month"": ""2037-04"", ""ordered_t"": 13.333333333333334, ""planned_arrival_month"": ""2038-04"", ""requested_t"": 13.333333333333334, ""shipment_id"": ""S0028"", ""source_id"": ""A"", ""source_name"": ""Earth-Core"", ""unfulfilled_request_t"": 0.0}, {""actual_arrival_month"": ""2038-05"", ""actual_delivery_share"": 1.0, ""availability_share"": 1.0, ""feasible_t"": 13.333333333333334, ""gross_delivery_t"": 13.333333333333334, ""order_month"": ""2037-05"", ""ordered_t"": 13.333333333333334, ""planned_arrival_month"": ""2038-05"", ""requested_t"": 13.333333333333334, ""shipment_id"": ""S0029"", ""source_id"": ""A"", ""source_name"": ""Earth-Core"", ""unfulfilled_request_t"": 0.0}, {""actual_arrival_month"": ""2038-06"", ""actual_delivery_share"": 1.0, ""availability_share"": 1.0, ""feasible_t"": 13.333333333333334, ""gross_delivery_t"": 13.333333333333334, ""order_month"": ""2037-06"", ""ordered_t"": 13.333333333333334, ""planned_arrival_month"": ""2038-06"", ""requested_t"": 13.333333333333334, ""shipment_id"": ""S0030"", ""source_id"": ""A"", ""source_name"": ""Earth-Core"", ""unfulfilled_request_t"": 0.0}, {""actual_arrival_month"": ""2038-07"", ""actual_delivery_share"": 1.0, ""availability_share"": 1.0, ""feasible_t"": 13.333333333333334, ""gross_delivery_t"": 13.333333333333334, ""order_month"": ""2037-07"", ""ordered_t"": 13.333333333333334, ""planned_arrival_month"": ""2038-07"", ""requested_t"": 13.333333333333334, ""shipment_id"": ""S0031"", ""source_id"": ""A"", ""source_name"": ""Earth-Core"", ""unfulfilled_request_t"": 0.0}, {""actual_arrival_month"": ""2038-08"", ""actual_delivery_share"": 1.0, ""availability_share"": 1.0, ""feasible_t"": 13.333333333333334, ""gross_delivery_t"": 13.333333333333334, ""order_month"": ""2037-08"", ""ordered_t"": 13.333333333333334, ""planned_arrival_month"": ""2038-08"", ""requested_t"": 13.333333333333334, ""shipment_id"": ""S0032"", ""source_id"": ""A"", ""source_name"": ""Earth-Core"", ""unfulfilled_request_t"": 0.0}, {""actual_arrival_month"": ""2038-09"", ""actual_delivery_share"": 1.0, ""availability_share"": 1.0, ""feasible_t"": 13.333333333333334, ""gross_delivery_t"": 13.333333333333334, ""order_month"": ""2037-09"", ""ordered_t"": 13.333333333333334, ""planned_arrival_month"": ""2038-09"", ""requested_t"": 13.333333333333334, ""shipment_id"": ""S0033"", ""source_id"": ""A"", ""source_name"": ""Earth-Core"", ""unfulfilled_request_t"": 0.0}, {""actual_arrival_month"": ""2038-10"", ""actual_delivery_share"": 1.0, ""availability_share"": 1.0, ""feasible_t"": 13.333333333333334, ""gross_delivery_t"": 13.333333333333334, ""order_month"": ""2037-10"", ""ordered_t"": 13.333333333333334, ""planned_arrival_month"": ""2038-10"", ""requested_t"": 13.333333333333334, ""shipment_id"": ""S0034"", ""source_id"": ""A"", ""source_name"": ""Earth-Core"", ""unfulfilled_request_t"": 0.0}, {""actual_arrival_month"": ""2038-11"", ""actual_delivery_share"": 1.0, ""availability_share"": 1.0, ""feasible_t"": 13.333333333333334, ""gross_delivery_t"": 13.333333333333334, ""order_month"": ""2037-11"", ""ordered_t"": 13.333333333333334, ""planned_arrival_month"": ""2038-11"", ""requested_t"": 13.333333333333334, ""shipment_id"": ""S0035"", ""source_id"": ""A"", ""source_name"": ""Earth-Core"", ""unfulfilled_request_t"": 0.0}, {""actual_arrival_month"": ""2038-12"", ""actual_delivery_share"": 1.0, ""availability_share"": 1.0, ""feasible_t"": 13.333333333333334, ""gross_delivery_t"": 13.333333333333334, ""order_month"": ""2037-12"", ""ordered_t"": 13.333333333333334, ""planned_arrival_month"": ""2038-12"", ""requested_t"": 13.333333333333334, ""shipment_id"": ""S0036"", ""source_id"": ""A"", ""source_name"": ""Earth-Core"", ""unfulfilled_request_t"": 0.0}, {""actual_arrival_month"": ""2039-01"", ""actual_delivery_share"": 1.0, ""availability_share"": 1.0, ""feasible_t"": 14.166666666666666, ""gross_delivery_t"": 14.166666666666666, ""order_month"": ""2038-01"", ""ordered_t"": 14.166666666666666, ""planned_arrival_month"": ""2039-01"", ""requested_t"": 14.166666666666666, ""shipment_id"": ""S0037"", ""source_id"": ""A"", ""source_name"": ""Earth-Core"", ""unfulfilled_request_t"": 0.0}, {""actual_arrival_month"": ""2039-02"", ""actual_delivery_share"": 1.0, ""availability_share"": 1.0, ""feasible_t"": 14.166666666666666, ""gross_delivery_t"": 14.166666666666666, ""order_month"": ""2038-02"", ""ordered_t"": 14.166666666666666, ""planned_arrival_month"": ""2039-02"", ""requested_t"": 14.166666666666666, ""shipment_id"": ""S0038"", ""source_id"": ""A"", ""source_name"": ""Earth-Core"", ""unfulfilled_request_t"": 0.0}, {""actual_arrival_month"": ""2039-03"", ""actual_delivery_share"": 1.0, ""availability_share"": 1.0, ""feasible_t"": 14.166666666666666, ""gross_delivery_t"": 14.166666666666666, ""order_month"": ""2038-03"", ""ordered_t"": 14.166666666666666, ""planned_arrival_month"": ""2039-03"", ""requested_t"": 14.166666666666666, ""shipment_id"": ""S0039"", ""source_id"": ""A"", ""source_name"": ""Earth-Core"", ""unfulfilled_request_t"": 0.0}, {""actual_arrival_month"": ""2038-04"", ""actual_delivery_share"": 1.0, ""availability_share"": 1.0, ""feasible_t"": 4.183333333333332, ""gross_delivery_t"": 4.183333333333332, ""order_month"": ""2038-02"", ""ordered_t"": 4.183333333333334, ""planned_arrival_month"": ""2038-04"", ""requested_t"": 4.183333333333334, ""shipment_id"": ""S0133"", ""source_id"": ""D"", ""source_name"": ""Lunar-ISRU"", ""unfulfilled_request_t"": 1.7763568394002505e-15}, {""actual_arrival_month"": ""2038-05"", ""actual_delivery_share"": 1.0, ""availability_share"": 1.0, ""feasible_t"": 4.183333333333332, ""gross_delivery_t"": 4.183333333333332, ""order_month"": ""2038-03"", ""ordered_t"": 4.183333333333334, ""planned_arrival_month"": ""2038-05"", ""requested_t"": 4.183333333333334, ""shipment_id"": ""S0134"", ""source_id"": ""D"", ""source_name"": ""Lunar-ISRU"", ""unfulfilled_request_t"": 1.7763568394002505e-15}]","{""A"": 13.333333333333334, ""C"": 5.0, ""D"": 4.183333333333332}","{""A"": 13.333333333333334, ""C"": 5.0, ""D"": 4.183333333333332}",22.516666666666666,0.2702,22.246466666666667,22.246466666666667,0.0,52.87046666628095,14.166666666666666,6.666666666666666,0.0,0.0,32.03713333294762,ZBO,120.0,0.012,"[""ZBO"", ""EARTH_NEW"", ""LUNAR_ISRU""]",1.8798339999768567,6.833333333333333,[]
2038-04,32.03713333294762,20.833333333333332,14.166666666666666,"{""A"": 170.0, ""B"": 0, ""C"": 60.0, ""D"": 50.2, ""E"": 0}","{""A"": 14.166666666666666, ""C"": 5.0, ""D"": 4.183333333333334}","[{""actual_arrival_month"": ""2038-05"", ""actual_delivery_share"": 1.0, ""availability_share"": 1.0, ""feasible_t"": 13.333333333333334, ""gross_delivery_t"": 13.333333333333334, ""order_month"": ""2037-05"", ""ordered_t"": 13.333333333333334, ""planned_arrival_month"": ""2038-05"", ""requested_t"": 13.333333333333334, ""shipment_id"": ""S0029"", ""source_id"": ""A"", ""source_name"": ""Earth-Core"", ""unfulfilled_request_t"": 0.0}, {""actual_arrival_month"": ""2038-06"", ""actual_delivery_share"": 1.0, ""availability_share"": 1.0, ""feasible_t"": 13.333333333333334, ""gross_delivery_t"": 13.333333333333334, ""order_month"": ""2037-06"", ""ordered_t"": 13.333333333333334, ""planned_arrival_month"": ""2038-06"", ""requested_t"": 13.333333333333334, ""shipment_id"": ""S0030"", ""source_id"": ""A"", ""source_name"": ""Earth-Core"", ""unfulfilled_request_t"": 0.0}, {""actual_arrival_month"": ""2038-07"", ""actual_delivery_share"": 1.0, ""availability_share"": 1.0, ""feasible_t"": 13.333333333333334, ""gross_delivery_t"": 13.333333333333334, ""order_month"": ""2037-07"", ""ordered_t"": 13.333333333333334, ""planned_arrival_month"": ""2038-07"", ""requested_t"": 13.333333333333334, ""shipment_id"": ""S0031"", ""source_id"": ""A"", ""source_name"": ""Earth-Core"", ""unfulfilled_request_t"": 0.0}, {""actual_arrival_month"": ""2038-08"", ""actual_delivery_share"": 1.0, ""availability_share"": 1.0, ""feasible_t"": 13.333333333333334, ""gross_delivery_t"": 13.333333333333334, ""order_month"": ""2037-08"", ""ordered_t"": 13.333333333333334, ""planned_arrival_month"": ""2038-08"", ""requested_t"": 13.333333333333334, ""shipment_id"": ""S0032"", ""source_id"": ""A"", ""source_name"": ""Earth-Core"", ""unfulfilled_request_t"": 0.0}, {""actual_arrival_month"": ""2038-09"", ""actual_delivery_share"": 1.0, ""availability_share"": 1.0, ""feasible_t"": 13.333333333333334, ""gross_delivery_t"": 13.333333333333334, ""order_month"": ""2037-09"", ""ordered_t"": 13.333333333333334, ""planned_arrival_month"": ""2038-09"", ""requested_t"": 13.333333333333334, ""shipment_id"": ""S0033"", ""source_id"": ""A"", ""source_name"": ""Earth-Core"", ""unfulfilled_request_t"": 0.0}, {""actual_arrival_month"": ""2038-10"", ""actual_delivery_share"": 1.0, ""availability_share"": 1.0, ""feasible_t"": 13.333333333333334, ""gross_delivery_t"": 13.333333333333334, ""order_month"": ""2037-10"", ""ordered_t"": 13.333333333333334, ""planned_arrival_month"": ""2038-10"", ""requested_t"": 13.333333333333334, ""shipment_id"": ""S0034"", ""source_id"": ""A"", ""source_name"": ""Earth-Core"", ""unfulfilled_request_t"": 0.0}, {""actual_arrival_month"": ""2038-11"", ""actual_delivery_share"": 1.0, ""availability_share"": 1.0, ""feasible_t"": 13.333333333333334, ""gross_delivery_t"": 13.333333333333334, ""order_month"": ""2037-11"", ""ordered_t"": 13.333333333333334, ""planned_arrival_month"": ""2038-11"", ""requested_t"": 13.333333333333334, ""shipment_id"": ""S0035"", ""source_id"": ""A"", ""source_name"": ""Earth-Core"", ""unfulfilled_request_t"": 0.0}, {""actual_arrival_month"": ""2038-12"", ""actual_delivery_share"": 1.0, ""availability_share"": 1.0, ""feasible_t"": 13.333333333333334, ""gross_delivery_t"": 13.333333333333334, ""order_month"": ""2037-12"", ""ordered_t"": 13.333333333333334, ""planned_arrival_month"": ""2038-12"", ""requested_t"": 13.333333333333334, ""shipment_id"": ""S0036"", ""source_id"": ""A"", ""source_name"": ""Earth-Core"", ""unfulfilled_request_t"": 0.0}, {""actual_arrival_month"": ""2039-01"", ""actual_delivery_share"": 1.0, ""availability_share"": 1.0, ""feasible_t"": 14.166666666666666, ""gross_delivery_t"": 14.166666666666666, ""order_month"": ""2038-01"", ""ordered_t"": 14.166666666666666, ""planned_arrival_month"": ""2039-01"", ""requested_t"": 14.166666666666666, ""shipment_id"": ""S0037"", ""source_id"": ""A"", ""source_name"": ""Earth-Core"", ""unfulfilled_request_t"": 0.0}, {""actual_arrival_month"": ""2039-02"", ""actual_delivery_share"": 1.0, ""availability_share"": 1.0, ""feasible_t"": 14.166666666666666, ""gross_delivery_t"": 14.166666666666666, ""order_month"": ""2038-02"", ""ordered_t"": 14.166666666666666, ""planned_arrival_month"": ""2039-02"", ""requested_t"": 14.166666666666666, ""shipment_id"": ""S0038"", ""source_id"": ""A"", ""source_name"": ""Earth-Core"", ""unfulfilled_request_t"": 0.0}, {""actual_arrival_month"": ""2039-03"", ""actual_delivery_share"": 1.0, ""availability_share"": 1.0, ""feasible_t"": 14.166666666666666, ""gross_delivery_t"": 14.166666666666666, ""order_month"": ""2038-03"", ""ordered_t"": 14.166666666666666, ""planned_arrival_month"": ""2039-03"", ""requested_t"": 14.166666666666666, ""shipment_id"": ""S0039"", ""source_id"": ""A"", ""source_name"": ""Earth-Core"", ""unfulfilled_request_t"": 0.0}, {""actual_arrival_month"": ""2039-04"", ""actual_delivery_share"": 1.0, ""availability_share"": 1.0, ""feasible_t"": 14.166666666666666, ""gross_delivery_t"": 14.166666666666666, ""order_month"": ""2038-04"", ""ordered_t"": 14.166666666666666, ""planned_arrival_month"": ""2039-04"", ""requested_t"": 14.166666666666666, ""shipment_id"": ""S0040"", ""source_id"": ""A"", ""source_name"": ""Earth-Core"", ""unfulfilled_request_t"": 0.0}, {""actual_arrival_month"": ""2038-05"", ""actual_delivery_share"": 1.0, ""availability_share"": 1.0, ""feasible_t"": 4.183333333333332, ""gross_delivery_t"": 4.183333333333332, ""order_month"": ""2038-03"", ""ordered_t"": 4.183333333333334, ""planned_arrival_month"": ""2038-05"", ""requested_t"": 4.183333333333334, ""shipment_id"": ""S0134"", ""source_id"": ""D"", ""source_name"": ""Lunar-ISRU"", ""unfulfilled_request_t"": 1.7763568394002505e-15}, {""actual_arrival_month"": ""2038-06"", ""actual_delivery_share"": 1.0, ""availability_share"": 1.0, ""feasible_t"": 4.183333333333332, ""gross_delivery_t"": 4.183333333333332, ""order_month"": ""2038-04"", ""ordered_t"": 4.183333333333334, ""planned_arrival_month"": ""2038-06"", ""requested_t"": 4.183333333333334, ""shipment_id"": ""S0135"", ""source_id"": ""D"", ""source_name"": ""Lunar-ISRU"", ""unfulfilled_request_t"": 1.7763568394002505e-15}]","{""A"": 13.333333333333334, ""C"": 5.0, ""D"": 4.183333333333332}","{""A"": 13.333333333333334, ""C"": 5.0, ""D"": 4.183333333333332}",22.516666666666666,0.2702,22.246466666666667,22.246466666666667,0.0,54.28359999961428,14.166666666666666,6.666666666666666,0.0,0.0,33.45026666628095,ZBO,120.0,0.012,"[""ZBO"", ""EARTH_NEW"", ""LUNAR_ISRU""]",1.964621999976857,6.833333333333333,[]
2038-05,33.45026666628095,20.833333333333332,14.166666666666666,"{""A"": 170.0, ""B"": 0, ""C"": 60.0, ""D"": 50.2, ""E"": 0}","{""A"": 14.166666666666666, ""C"": 5.0, ""D"": 4.183333333333334}","[{""actual_arrival_month"": ""2038-06"", ""actual_delivery_share"": 1.0, ""availability_share"": 1.0, ""feasible_t"": 13.333333333333334, ""gross_delivery_t"": 13.333333333333334, ""order_month"": ""2037-06"", ""ordered_t"": 13.333333333333334, ""planned_arrival_month"": ""2038-06"", ""requested_t"": 13.333333333333334, ""shipment_id"": ""S0030"", ""source_id"": ""A"", ""source_name"": ""Earth-Core"", ""unfulfilled_request_t"": 0.0}, {""actual_arrival_month"": ""2038-07"", ""actual_delivery_share"": 1.0, ""availability_share"": 1.0, ""feasible_t"": 13.333333333333334, ""gross_delivery_t"": 13.333333333333334, ""order_month"": ""2037-07"", ""ordered_t"": 13.333333333333334, ""planned_arrival_month"": ""2038-07"", ""requested_t"": 13.333333333333334, ""shipment_id"": ""S0031"", ""source_id"": ""A"", ""source_name"": ""Earth-Core"", ""unfulfilled_request_t"": 0.0}, {""actual_arrival_month"": ""2038-08"", ""actual_delivery_share"": 1.0, ""availability_share"": 1.0, ""feasible_t"": 13.333333333333334, ""gross_delivery_t"": 13.333333333333334, ""order_month"": ""2037-08"", ""ordered_t"": 13.333333333333334, ""planned_arrival_month"": ""2038-08"", ""requested_t"": 13.333333333333334, ""shipment_id"": ""S0032"", ""source_id"": ""A"", ""source_name"": ""Earth-Core"", ""unfulfilled_request_t"": 0.0}, {""actual_arrival_month"": ""2038-09"", ""actual_delivery_share"": 1.0, ""availability_share"": 1.0, ""feasible_t"": 13.333333333333334, ""gross_delivery_t"": 13.333333333333334, ""order_month"": ""2037-09"", ""ordered_t"": 13.333333333333334, ""planned_arrival_month"": ""2038-09"", ""requested_t"": 13.333333333333334, ""shipment_id"": ""S0033"", ""source_id"": ""A"", ""source_name"": ""Earth-Core"", ""unfulfilled_request_t"": 0.0}, {""actual_arrival_month"": ""2038-10"", ""actual_delivery_share"": 1.0, ""availability_share"": 1.0, ""feasible_t"": 13.333333333333334, ""gross_delivery_t"": 13.333333333333334, ""order_month"": ""2037-10"", ""ordered_t"": 13.333333333333334, ""planned_arrival_month"": ""2038-10"", ""requested_t"": 13.333333333333334, ""shipment_id"": ""S0034"", ""source_id"": ""A"", ""source_name"": ""Earth-Core"", ""unfulfilled_request_t"": 0.0}, {""actual_arrival_month"": ""2038-11"", ""actual_delivery_share"": 1.0, ""availability_share"": 1.0, ""feasible_t"": 13.333333333333334, ""gross_delivery_t"": 13.333333333333334, ""order_month"": ""2037-11"", ""ordered_t"": 13.333333333333334, ""planned_arrival_month"": ""2038-11"", ""requested_t"": 13.333333333333334, ""shipment_id"": ""S0035"", ""source_id"": ""A"", ""source_name"": ""Earth-Core"", ""unfulfilled_request_t"": 0.0}, {""actual_arrival_month"": ""2038-12"", ""actual_delivery_share"": 1.0, ""availability_share"": 1.0, ""feasible_t"": 13.333333333333334, ""gross_delivery_t"": 13.333333333333334, ""order_month"": ""2037-12"", ""ordered_t"": 13.333333333333334, ""planned_arrival_month"": ""2038-12"", ""requested_t"": 13.333333333333334, ""shipment_id"": ""S0036"", ""source_id"": ""A"", ""source_name"": ""Earth-Core"", ""unfulfilled_request_t"": 0.0}, {""actual_arrival_month"": ""2039-01"", ""actual_delivery_share"": 1.0, ""availability_share"": 1.0, ""feasible_t"": 14.166666666666666, ""gross_delivery_t"": 14.166666666666666, ""order_month"": ""2038-01"", ""ordered_t"": 14.166666666666666, ""planned_arrival_month"": ""2039-01"", ""requested_t"": 14.166666666666666, ""shipment_id"": ""S0037"", ""source_id"": ""A"", ""source_name"": ""Earth-Core"", ""unfulfilled_request_t"": 0.0}, {""actual_arrival_month"": ""2039-02"", ""actual_delivery_share"": 1.0, ""availability_share"": 1.0, ""feasible_t"": 14.166666666666666, ""gross_delivery_t"": 14.166666666666666, ""order_month"": ""2038-02"", ""ordered_t"": 14.166666666666666, ""planned_arrival_month"": ""2039-02"", ""requested_t"": 14.166666666666666, ""shipment_id"": ""S0038"", ""source_id"": ""A"", ""source_name"": ""Earth-Core"", ""unfulfilled_request_t"": 0.0}, {""actual_arrival_month"": ""2039-03"", ""actual_delivery_share"": 1.0, ""availability_share"": 1.0, ""feasible_t"": 14.166666666666666, ""gross_delivery_t"": 14.166666666666666, ""order_month"": ""2038-03"", ""ordered_t"": 14.166666666666666, ""planned_arrival_month"": ""2039-03"", ""requested_t"": 14.166666666666666, ""shipment_id"": ""S0039"", ""source_id"": ""A"", ""source_name"": ""Earth-Core"", ""unfulfilled_request_t"": 0.0}, {""actual_arrival_month"": ""2039-04"", ""actual_delivery_share"": 1.0, ""availability_share"": 1.0, ""feasible_t"": 14.166666666666666, ""gross_delivery_t"": 14.166666666666666, ""order_month"": ""2038-04"", ""ordered_t"": 14.166666666666666, ""planned_arrival_month"": ""2039-04"", ""requested_t"": 14.166666666666666, ""shipment_id"": ""S0040"", ""source_id"": ""A"", ""source_name"": ""Earth-Core"", ""unfulfilled_request_t"": 0.0}, {""actual_arrival_month"": ""2039-05"", ""actual_delivery_share"": 1.0, ""availability_share"": 1.0, ""feasible_t"": 14.166666666666666, ""gross_delivery_t"": 14.166666666666666, ""order_month"": ""2038-05"", ""ordered_t"": 14.166666666666666, ""planned_arrival_month"": ""2039-05"", ""requested_t"": 14.166666666666666, ""shipment_id"": ""S0041"", ""source_id"": ""A"", ""source_name"": ""Earth-Core"", ""unfulfilled_request_t"": 0.0}, {""actual_arrival_month"": ""2038-06"", ""actual_delivery_share"": 1.0, ""availability_share"": 1.0, ""feasible_t"": 4.183333333333332, ""gross_delivery_t"": 4.183333333333332, ""order_month"": ""2038-04"", ""ordered_t"": 4.183333333333334, ""planned_arrival_month"": ""2038-06"", ""requested_t"": 4.183333333333334, ""shipment_id"": ""S0135"", ""source_id"": ""D"", ""source_name"": ""Lunar-ISRU"", ""unfulfilled_request_t"": 1.7763568394002505e-15}, {""actual_arrival_month"": ""2038-07"", ""actual_delivery_share"": 1.0, ""availability_share"": 1.0, ""feasible_t"": 4.183333333333332, ""gross_delivery_t"": 4.183333333333332, ""order_month"": ""2038-05"", ""ordered_t"": 4.183333333333334, ""planned_arrival_month"": ""2038-07"", ""requested_t"": 4.183333333333334, ""shipment_id"": ""S0136"", ""source_id"": ""D"", ""source_name"": ""Lunar-ISRU"", ""unfulfilled_request_t"": 1.7763568394002505e-15}]","{""A"": 13.333333333333334, ""C"": 5.0, ""D"": 4.183333333333332}","{""A"": 13.333333333333334, ""C"": 5.0, ""D"": 4.183333333333332}",22.516666666666666,0.2702,22.246466666666667,22.246466666666667,0.0,55.696733332947616,14.166666666666666,6.666666666666666,0.0,0.0,34.86339999961429,ZBO,120.0,0.012,"[""ZBO"", ""EARTH_NEW"", ""LUNAR_ISRU""]",2.049409999976857,6.833333333333333,[]
2038-06,34.86339999961429,20.833333333333332,14.166666666666666,"{""A"": 170.0, ""B"": 0, ""C"": 60.0, ""D"": 50.2, ""E"": 0}","{""A"": 14.166666666666666, ""C"": 5.0, ""D"": 4.183333333333334}","[{""actual_arrival_month"": ""2038-07"", ""actual_delivery_share"": 1.0, ""availability_share"": 1.0, ""feasible_t"": 13.333333333333334, ""gross_delivery_t"": 13.333333333333334, ""order_month"": ""2037-07"", ""ordered_t"": 13.333333333333334, ""planned_arrival_month"": ""2038-07"", ""requested_t"": 13.333333333333334, ""shipment_id"": ""S0031"", ""source_id"": ""A"", ""source_name"": ""Earth-Core"", ""unfulfilled_request_t"": 0.0}, {""actual_arrival_month"": ""2038-08"", ""actual_delivery_share"": 1.0, ""availability_share"": 1.0, ""feasible_t"": 13.333333333333334, ""gross_delivery_t"": 13.333333333333334, ""order_month"": ""2037-08"", ""ordered_t"": 13.333333333333334, ""planned_arrival_month"": ""2038-08"", ""requested_t"": 13.333333333333334, ""shipment_id"": ""S0032"", ""source_id"": ""A"", ""source_name"": ""Earth-Core"", ""unfulfilled_request_t"": 0.0}, {""actual_arrival_month"": ""2038-09"", ""actual_delivery_share"": 1.0, ""availability_share"": 1.0, ""feasible_t"": 13.333333333333334, ""gross_delivery_t"": 13.333333333333334, ""order_month"": ""2037-09"", ""ordered_t"": 13.333333333333334, ""planned_arrival_month"": ""2038-09"", ""requested_t"": 13.333333333333334, ""shipment_id"": ""S0033"", ""source_id"": ""A"", ""source_name"": ""Earth-Core"", ""unfulfilled_request_t"": 0.0}, {""actual_arrival_month"": ""2038-10"", ""actual_delivery_share"": 1.0, ""availability_share"": 1.0, ""feasible_t"": 13.333333333333334, ""gross_delivery_t"": 13.333333333333334, ""order_month"": ""2037-10"", ""ordered_t"": 13.333333333333334, ""planned_arrival_month"": ""2038-10"", ""requested_t"": 13.333333333333334, ""shipment_id"": ""S0034"", ""source_id"": ""A"", ""source_name"": ""Earth-Core"", ""unfulfilled_request_t"": 0.0}, {""actual_arrival_month"": ""2038-11"", ""actual_delivery_share"": 1.0, ""availability_share"": 1.0, ""feasible_t"": 13.333333333333334, ""gross_delivery_t"": 13.333333333333334, ""order_month"": ""2037-11"", ""ordered_t"": 13.333333333333334, ""planned_arrival_month"": ""2038-11"", ""requested_t"": 13.333333333333334, ""shipment_id"": ""S0035"", ""source_id"": ""A"", ""source_name"": ""Earth-Core"", ""unfulfilled_request_t"": 0.0}, {""actual_arrival_month"": ""2038-12"", ""actual_delivery_share"": 1.0, ""availability_share"": 1.0, ""feasible_t"": 13.333333333333334, ""gross_delivery_t"": 13.333333333333334, ""order_month"": ""2037-12"", ""ordered_t"": 13.333333333333334, ""planned_arrival_month"": ""2038-12"", ""requested_t"": 13.333333333333334, ""shipment_id"": ""S0036"", ""source_id"": ""A"", ""source_name"": ""Earth-Core"", ""unfulfilled_request_t"": 0.0}, {""actual_arrival_month"": ""2039-01"", ""actual_delivery_share"": 1.0, ""availability_share"": 1.0, ""feasible_t"": 14.166666666666666, ""gross_delivery_t"": 14.166666666666666, ""order_month"": ""2038-01"", ""ordered_t"": 14.166666666666666, ""planned_arrival_month"": ""2039-01"", ""requested_t"": 14.166666666666666, ""shipment_id"": ""S0037"", ""source_id"": ""A"", ""source_name"": ""Earth-Core"", ""unfulfilled_request_t"": 0.0}, {""actual_arrival_month"": ""2039-02"", ""actual_delivery_share"": 1.0, ""availability_share"": 1.0, ""feasible_t"": 14.166666666666666, ""gross_delivery_t"": 14.166666666666666, ""order_month"": ""2038-02"", ""ordered_t"": 14.166666666666666, ""planned_arrival_month"": ""2039-02"", ""requested_t"": 14.166666666666666, ""shipment_id"": ""S0038"", ""source_id"": ""A"", ""source_name"": ""Earth-Core"", ""unfulfilled_request_t"": 0.0}, {""actual_arrival_month"": ""2039-03"", ""actual_delivery_share"": 1.0, ""availability_share"": 1.0, ""feasible_t"": 14.166666666666666, ""gross_delivery_t"": 14.166666666666666, ""order_month"": ""2038-03"", ""ordered_t"": 14.166666666666666, ""planned_arrival_month"": ""2039-03"", ""requested_t"": 14.166666666666666, ""shipment_id"": ""S0039"", ""source_id"": ""A"", ""source_name"": ""Earth-Core"", ""unfulfilled_request_t"": 0.0}, {""actual_arrival_month"": ""2039-04"", ""actual_delivery_share"": 1.0, ""availability_share"": 1.0, ""feasible_t"": 14.166666666666666, ""gross_delivery_t"": 14.166666666666666, ""order_month"": ""2038-04"", ""ordered_t"": 14.166666666666666, ""planned_arrival_month"": ""2039-04"", ""requested_t"": 14.166666666666666, ""shipment_id"": ""S0040"", ""source_id"": ""A"", ""source_name"": ""Earth-Core"", ""unfulfilled_request_t"": 0.0}, {""actual_arrival_month"": ""2039-05"", ""actual_delivery_share"": 1.0, ""availability_share"": 1.0, ""feasible_t"": 14.166666666666666, ""gross_delivery_t"": 14.166666666666666, ""order_month"": ""2038-05"", ""ordered_t"": 14.166666666666666, ""planned_arrival_month"": ""2039-05"", ""requested_t"": 14.166666666666666, ""shipment_id"": ""S0041"", ""source_id"": ""A"", ""source_name"": ""Earth-Core"", ""unfulfilled_request_t"": 0.0}, {""actual_arrival_month"": ""2039-06"", ""actual_delivery_share"": 1.0, ""availability_share"": 1.0, ""feasible_t"": 14.166666666666666, ""gross_delivery_t"": 14.166666666666666, ""order_month"": ""2038-06"", ""ordered_t"": 14.166666666666666, ""planned_arrival_month"": ""2039-06"", ""requested_t"": 14.166666666666666, ""shipment_id"": ""S0042"", ""source_id"": ""A"", ""source_name"": ""Earth-Core"", ""unfulfilled_request_t"": 0.0}, {""actual_arrival_month"": ""2038-07"", ""actual_delivery_share"": 1.0, ""availability_share"": 1.0, ""feasible_t"": 4.183333333333332, ""gross_delivery_t"": 4.183333333333332, ""order_month"": ""2038-05"", ""ordered_t"": 4.183333333333334, ""planned_arrival_month"": ""2038-07"", ""requested_t"": 4.183333333333334, ""shipment_id"": ""S0136"", ""source_id"": ""D"", ""source_name"": ""Lunar-ISRU"", ""unfulfilled_request_t"": 1.7763568394002505e-15}, {""actual_arrival_month"": ""2038-08"", ""actual_delivery_share"": 1.0, ""availability_share"": 1.0, ""feasible_t"": 4.183333333333332, ""gross_delivery_t"": 4.183333333333332, ""order_month"": ""2038-06"", ""ordered_t"": 4.183333333333334, ""planned_arrival_month"": ""2038-08"", ""requested_t"": 4.183333333333334, ""shipment_id"": ""S0137"", ""source_id"": ""D"", ""source_name"": ""Lunar-ISRU"", ""unfulfilled_request_t"": 1.7763568394002505e-15}]","{""A"": 13.333333333333334, ""C"": 5.0, ""D"": 4.183333333333332}","{""A"": 13.333333333333334, ""C"": 5.0, ""D"": 4.183333333333332}",22.516666666666666,0.2702,22.246466666666667,22.246466666666667,0.0,57.10986666628095,14.166666666666666,6.666666666666666,0.0,0.0,36.27653333294762,ZBO,120.0,0.012,"[""ZBO"", ""EARTH_NEW"", ""LUNAR_ISRU""]",2.134197999976857,6.833333333333333,[]
2038-07,36.27653333294762,20.833333333333332,14.166666666666666,"{""A"": 170.0, ""B"": 0, ""C"": 60.0, ""D"": 50.2, ""E"": 0}","{""A"": 14.166666666666666, ""C"": 5.0, ""D"": 4.183333333333334}","[{""actual_arrival_month"": ""2038-08"", ""actual_delivery_share"": 1.0, ""availability_share"": 1.0, ""feasible_t"": 13.333333333333334, ""gross_delivery_t"": 13.333333333333334, ""order_month"": ""2037-08"", ""ordered_t"": 13.333333333333334, ""planned_arrival_month"": ""2038-08"", ""requested_t"": 13.333333333333334, ""shipment_id"": ""S0032"", ""source_id"": ""A"", ""source_name"": ""Earth-Core"", ""unfulfilled_request_t"": 0.0}, {""actual_arrival_month"": ""2038-09"", ""actual_delivery_share"": 1.0, ""availability_share"": 1.0, ""feasible_t"": 13.333333333333334, ""gross_delivery_t"": 13.333333333333334, ""order_month"": ""2037-09"", ""ordered_t"": 13.333333333333334, ""planned_arrival_month"": ""2038-09"", ""requested_t"": 13.333333333333334, ""shipment_id"": ""S0033"", ""source_id"": ""A"", ""source_name"": ""Earth-Core"", ""unfulfilled_request_t"": 0.0}, {""actual_arrival_month"": ""2038-10"", ""actual_delivery_share"": 1.0, ""availability_share"": 1.0, ""feasible_t"": 13.333333333333334, ""gross_delivery_t"": 13.333333333333334, ""order_month"": ""2037-10"", ""ordered_t"": 13.333333333333334, ""planned_arrival_month"": ""2038-10"", ""requested_t"": 13.333333333333334, ""shipment_id"": ""S0034"", ""source_id"": ""A"", ""source_name"": ""Earth-Core"", ""unfulfilled_request_t"": 0.0}, {""actual_arrival_month"": ""2038-11"", ""actual_delivery_share"": 1.0, ""availability_share"": 1.0, ""feasible_t"": 13.333333333333334, ""gross_delivery_t"": 13.333333333333334, ""order_month"": ""2037-11"", ""ordered_t"": 13.333333333333334, ""planned_arrival_month"": ""2038-11"", ""requested_t"": 13.333333333333334, ""shipment_id"": ""S0035"", ""source_id"": ""A"", ""source_name"": ""Earth-Core"", ""unfulfilled_request_t"": 0.0}, {""actual_arrival_month"": ""2038-12"", ""actual_delivery_share"": 1.0, ""availability_share"": 1.0, ""feasible_t"": 13.333333333333334, ""gross_delivery_t"": 13.333333333333334, ""order_month"": ""2037-12"", ""ordered_t"": 13.333333333333334, ""planned_arrival_month"": ""2038-12"", ""requested_t"": 13.333333333333334, ""shipment_id"": ""S0036"", ""source_id"": ""A"", ""source_name"": ""Earth-Core"", ""unfulfilled_request_t"": 0.0}, {""actual_arrival_month"": ""2039-01"", ""actual_delivery_share"": 1.0, ""availability_share"": 1.0, ""feasible_t"": 14.166666666666666, ""gross_delivery_t"": 14.166666666666666, ""order_month"": ""2038-01"", ""ordered_t"": 14.166666666666666, ""planned_arrival_month"": ""2039-01"", ""requested_t"": 14.166666666666666, ""shipment_id"": ""S0037"", ""source_id"": ""A"", ""source_name"": ""Earth-Core"", ""unfulfilled_request_t"": 0.0}, {""actual_arrival_month"": ""2039-02"", ""actual_delivery_share"": 1.0, ""availability_share"": 1.0, ""feasible_t"": 14.166666666666666, ""gross_delivery_t"": 14.166666666666666, ""order_month"": ""2038-02"", ""ordered_t"": 14.166666666666666, ""planned_arrival_month"": ""2039-02"", ""requested_t"": 14.166666666666666, ""shipment_id"": ""S0038"", ""source_id"": ""A"", ""source_name"": ""Earth-Core"", ""unfulfilled_request_t"": 0.0}, {""actual_arrival_month"": ""2039-03"", ""actual_delivery_share"": 1.0, ""availability_share"": 1.0, ""feasible_t"": 14.166666666666666, ""gross_delivery_t"": 14.166666666666666, ""order_month"": ""2038-03"", ""ordered_t"": 14.166666666666666, ""planned_arrival_month"": ""2039-03"", ""requested_t"": 14.166666666666666, ""shipment_id"": ""S0039"", ""source_id"": ""A"", ""source_name"": ""Earth-Core"", ""unfulfilled_request_t"": 0.0}, {""actual_arrival_month"": ""2039-04"", ""actual_delivery_share"": 1.0, ""availability_share"": 1.0, ""feasible_t"": 14.166666666666666, ""gross_delivery_t"": 14.166666666666666, ""order_month"": ""2038-04"", ""ordered_t"": 14.166666666666666, ""planned_arrival_month"": ""2039-04"", ""requested_t"": 14.166666666666666, ""shipment_id"": ""S0040"", ""source_id"": ""A"", ""source_name"": ""Earth-Core"", ""unfulfilled_request_t"": 0.0}, {""actual_arrival_month"": ""2039-05"", ""actual_delivery_share"": 1.0, ""availability_share"": 1.0, ""feasible_t"": 14.166666666666666, ""gross_delivery_t"": 14.166666666666666, ""order_month"": ""2038-05"", ""ordered_t"": 14.166666666666666, ""planned_arrival_month"": ""2039-05"", ""requested_t"": 14.166666666666666, ""shipment_id"": ""S0041"", ""source_id"": ""A"", ""source_name"": ""Earth-Core"", ""unfulfilled_request_t"": 0.0}, {""actual_arrival_month"": ""2039-06"", ""actual_delivery_share"": 1.0, ""availability_share"": 1.0, ""feasible_t"": 14.166666666666666, ""gross_delivery_t"": 14.166666666666666, ""order_month"": ""2038-06"", ""ordered_t"": 14.166666666666666, ""planned_arrival_month"": ""2039-06"", ""requested_t"": 14.166666666666666, ""shipment_id"": ""S0042"", ""source_id"": ""A"", ""source_name"": ""Earth-Core"", ""unfulfilled_request_t"": 0.0}, {""actual_arrival_month"": ""2039-07"", ""actual_delivery_share"": 1.0, ""availability_share"": 1.0, ""feasible_t"": 14.166666666666666, ""gross_delivery_t"": 14.166666666666666, ""order_month"": ""2038-07"", ""ordered_t"": 14.166666666666666, ""planned_arrival_month"": ""2039-07"", ""requested_t"": 14.166666666666666, ""shipment_id"": ""S0043"", ""source_id"": ""A"", ""source_name"": ""Earth-Core"", ""unfulfilled_request_t"": 0.0}, {""actual_arrival_month"": ""2038-08"", ""actual_delivery_share"": 1.0, ""availability_share"": 1.0, ""feasible_t"": 4.183333333333332, ""gross_delivery_t"": 4.183333333333332, ""order_month"": ""2038-06"", ""ordered_t"": 4.183333333333334, ""planned_arrival_month"": ""2038-08"", ""requested_t"": 4.183333333333334, ""shipment_id"": ""S0137"", ""source_id"": ""D"", ""source_name"": ""Lunar-ISRU"", ""unfulfilled_request_t"": 1.7763568394002505e-15}, {""actual_arrival_month"": ""2038-09"", ""actual_delivery_share"": 1.0, ""availability_share"": 1.0, ""feasible_t"": 4.183333333333332, ""gross_delivery_t"": 4.183333333333332, ""order_month"": ""2038-07"", ""ordered_t"": 4.183333333333334, ""planned_arrival_month"": ""2038-09"", ""requested_t"": 4.183333333333334, ""shipment_id"": ""S0138"", ""source_id"": ""D"", ""source_name"": ""Lunar-ISRU"", ""unfulfilled_request_t"": 1.7763568394002505e-15}]","{""A"": 13.333333333333334, ""C"": 5.0, ""D"": 4.183333333333332}","{""A"": 13.333333333333334, ""C"": 5.0, ""D"": 4.183333333333332}",22.516666666666666,0.2702,22.246466666666667,22.246466666666667,0.0,58.522999999614285,14.166666666666666,6.666666666666666,0.0,0.0,37.68966666628096,ZBO,120.0,0.012,"[""ZBO"", ""EARTH_NEW"", ""LUNAR_ISRU""]",2.2189859999768573,6.833333333333333,[]
2038-08,37.68966666628096,20.833333333333332,14.166666666666666,"{""A"": 170.0, ""B"": 0, ""C"": 60.0, ""D"": 50.2, ""E"": 0}","{""A"": 14.166666666666666, ""C"": 5.0, ""D"": 4.183333333333334}","[{""actual_arrival_month"": ""2038-09"", ""actual_delivery_share"": 1.0, ""availability_share"": 1.0, ""feasible_t"": 13.333333333333334, ""gross_delivery_t"": 13.333333333333334, ""order_month"": ""2037-09"", ""ordered_t"": 13.333333333333334, ""planned_arrival_month"": ""2038-09"", ""requested_t"": 13.333333333333334, ""shipment_id"": ""S0033"", ""source_id"": ""A"", ""source_name"": ""Earth-Core"", ""unfulfilled_request_t"": 0.0}, {""actual_arrival_month"": ""2038-10"", ""actual_delivery_share"": 1.0, ""availability_share"": 1.0, ""feasible_t"": 13.333333333333334, ""gross_delivery_t"": 13.333333333333334, ""order_month"": ""2037-10"", ""ordered_t"": 13.333333333333334, ""planned_arrival_month"": ""2038-10"", ""requested_t"": 13.333333333333334, ""shipment_id"": ""S0034"", ""source_id"": ""A"", ""source_name"": ""Earth-Core"", ""unfulfilled_request_t"": 0.0}, {""actual_arrival_month"": ""2038-11"", ""actual_delivery_share"": 1.0, ""availability_share"": 1.0, ""feasible_t"": 13.333333333333334, ""gross_delivery_t"": 13.333333333333334, ""order_month"": ""2037-11"", ""ordered_t"": 13.333333333333334, ""planned_arrival_month"": ""2038-11"", ""requested_t"": 13.333333333333334, ""shipment_id"": ""S0035"", ""source_id"": ""A"", ""source_name"": ""Earth-Core"", ""unfulfilled_request_t"": 0.0}, {""actual_arrival_month"": ""2038-12"", ""actual_delivery_share"": 1.0, ""availability_share"": 1.0, ""feasible_t"": 13.333333333333334, ""gross_delivery_t"": 13.333333333333334, ""order_month"": ""2037-12"", ""ordered_t"": 13.333333333333334, ""planned_arrival_month"": ""2038-12"", ""requested_t"": 13.333333333333334, ""shipment_id"": ""S0036"", ""source_id"": ""A"", ""source_name"": ""Earth-Core"", ""unfulfilled_request_t"": 0.0}, {""actual_arrival_month"": ""2039-01"", ""actual_delivery_share"": 1.0, ""availability_share"": 1.0, ""feasible_t"": 14.166666666666666, ""gross_delivery_t"": 14.166666666666666, ""order_month"": ""2038-01"", ""ordered_t"": 14.166666666666666, ""planned_arrival_month"": ""2039-01"", ""requested_t"": 14.166666666666666, ""shipment_id"": ""S0037"", ""source_id"": ""A"", ""source_name"": ""Earth-Core"", ""unfulfilled_request_t"": 0.0}, {""actual_arrival_month"": ""2039-02"", ""actual_delivery_share"": 1.0, ""availability_share"": 1.0, ""feasible_t"": 14.166666666666666, ""gross_delivery_t"": 14.166666666666666, ""order_month"": ""2038-02"", ""ordered_t"": 14.166666666666666, ""planned_arrival_month"": ""2039-02"", ""requested_t"": 14.166666666666666, ""shipment_id"": ""S0038"", ""source_id"": ""A"", ""source_name"": ""Earth-Core"", ""unfulfilled_request_t"": 0.0}, {""actual_arrival_month"": ""2039-03"", ""actual_delivery_share"": 1.0, ""availability_share"": 1.0, ""feasible_t"": 14.166666666666666, ""gross_delivery_t"": 14.166666666666666, ""order_month"": ""2038-03"", ""ordered_t"": 14.166666666666666, ""planned_arrival_month"": ""2039-03"", ""requested_t"": 14.166666666666666, ""shipment_id"": ""S0039"", ""source_id"": ""A"", ""source_name"": ""Earth-Core"", ""unfulfilled_request_t"": 0.0}, {""actual_arrival_month"": ""2039-04"", ""actual_delivery_share"": 1.0, ""availability_share"": 1.0, ""feasible_t"": 14.166666666666666, ""gross_delivery_t"": 14.166666666666666, ""order_month"": ""2038-04"", ""ordered_t"": 14.166666666666666, ""planned_arrival_month"": ""2039-04"", ""requested_t"": 14.166666666666666, ""shipment_id"": ""S0040"", ""source_id"": ""A"", ""source_name"": ""Earth-Core"", ""unfulfilled_request_t"": 0.0}, {""actual_arrival_month"": ""2039-05"", ""actual_delivery_share"": 1.0, ""availability_share"": 1.0, ""feasible_t"": 14.166666666666666, ""gross_delivery_t"": 14.166666666666666, ""order_month"": ""2038-05"", ""ordered_t"": 14.166666666666666, ""planned_arrival_month"": ""2039-05"", ""requested_t"": 14.166666666666666, ""shipment_id"": ""S0041"", ""source_id"": ""A"", ""source_name"": ""Earth-Core"", ""unfulfilled_request_t"": 0.0}, {""actual_arrival_month"": ""2039-06"", ""actual_delivery_share"": 1.0, ""availability_share"": 1.0, ""feasible_t"": 14.166666666666666, ""gross_delivery_t"": 14.166666666666666, ""order_month"": ""2038-06"", ""ordered_t"": 14.166666666666666, ""planned_arrival_month"": ""2039-06"", ""requested_t"": 14.166666666666666, ""shipment_id"": ""S0042"", ""source_id"": ""A"", ""source_name"": ""Earth-Core"", ""unfulfilled_request_t"": 0.0}, {""actual_arrival_month"": ""2039-07"", ""actual_delivery_share"": 1.0, ""availability_share"": 1.0, ""feasible_t"": 14.166666666666666, ""gross_delivery_t"": 14.166666666666666, ""order_month"": ""2038-07"", ""ordered_t"": 14.166666666666666, ""planned_arrival_month"": ""2039-07"", ""requested_t"": 14.166666666666666, ""shipment_id"": ""S0043"", ""source_id"": ""A"", ""source_name"": ""Earth-Core"", ""unfulfilled_request_t"": 0.0}, {""actual_arrival_month"": ""2039-08"", ""actual_delivery_share"": 1.0, ""availability_share"": 1.0, ""feasible_t"": 14.166666666666666, ""gross_delivery_t"": 14.166666666666666, ""order_month"": ""2038-08"", ""ordered_t"": 14.166666666666666, ""planned_arrival_month"": ""2039-08"", ""requested_t"": 14.166666666666666, ""shipment_id"": ""S0044"", ""source_id"": ""A"", ""source_name"": ""Earth-Core"", ""unfulfilled_request_t"": 0.0}, {""actual_arrival_month"": ""2038-09"", ""actual_delivery_share"": 1.0, ""availability_share"": 1.0, ""feasible_t"": 4.183333333333332, ""gross_delivery_t"": 4.183333333333332, ""order_month"": ""2038-07"", ""ordered_t"": 4.183333333333334, ""planned_arrival_month"": ""2038-09"", ""requested_t"": 4.183333333333334, ""shipment_id"": ""S0138"", ""source_id"": ""D"", ""source_name"": ""Lunar-ISRU"", ""unfulfilled_request_t"": 1.7763568394002505e-15}, {""actual_arrival_month"": ""2038-10"", ""actual_delivery_share"": 1.0, ""availability_share"": 1.0, ""feasible_t"": 4.183333333333332, ""gross_delivery_t"": 4.183333333333332, ""order_month"": ""2038-08"", ""ordered_t"": 4.183333333333334, ""planned_arrival_month"": ""2038-10"", ""requested_t"": 4.183333333333334, ""shipment_id"": ""S0139"", ""source_id"": ""D"", ""source_name"": ""Lunar-ISRU"", ""unfulfilled_request_t"": 1.7763568394002505e-15}]","{""A"": 13.333333333333334, ""C"": 5.0, ""D"": 4.183333333333332}","{""A"": 13.333333333333334, ""C"": 5.0, ""D"": 4.183333333333332}",22.516666666666666,0.2702,22.246466666666667,22.246466666666667,0.0,59.93613333294762,14.166666666666666,6.666666666666666,0.0,0.0,39.10279999961429,ZBO,120.0,0.012,"[""ZBO"", ""EARTH_NEW"", ""LUNAR_ISRU""]",2.3037739999768574,6.833333333333333,[]
2038-09,39.10279999961429,20.833333333333332,14.166666666666666,"{""A"": 170.0, ""B"": 0, ""C"": 60.0, ""D"": 50.2, ""E"": 0}","{""A"": 14.166666666666666, ""C"": 5.0, ""D"": 4.183333333333334}","[{""actual_arrival_month"": ""2038-10"", ""actual_delivery_share"": 1.0, ""availability_share"": 1.0, ""feasible_t"": 13.333333333333334, ""gross_delivery_t"": 13.333333333333334, ""order_month"": ""2037-10"", ""ordered_t"": 13.333333333333334, ""planned_arrival_month"": ""2038-10"", ""requested_t"": 13.333333333333334, ""shipment_id"": ""S0034"", ""source_id"": ""A"", ""source_name"": ""Earth-Core"", ""unfulfilled_request_t"": 0.0}, {""actual_arrival_month"": ""2038-11"", ""actual_delivery_share"": 1.0, ""availability_share"": 1.0, ""feasible_t"": 13.333333333333334, ""gross_delivery_t"": 13.333333333333334, ""order_month"": ""2037-11"", ""ordered_t"": 13.333333333333334, ""planned_arrival_month"": ""2038-11"", ""requested_t"": 13.333333333333334, ""shipment_id"": ""S0035"", ""source_id"": ""A"", ""source_name"": ""Earth-Core"", ""unfulfilled_request_t"": 0.0}, {""actual_arrival_month"": ""2038-12"", ""actual_delivery_share"": 1.0, ""availability_share"": 1.0, ""feasible_t"": 13.333333333333334, ""gross_delivery_t"": 13.333333333333334, ""order_month"": ""2037-12"", ""ordered_t"": 13.333333333333334, ""planned_arrival_month"": ""2038-12"", ""requested_t"": 13.333333333333334, ""shipment_id"": ""S0036"", ""source_id"": ""A"", ""source_name"": ""Earth-Core"", ""unfulfilled_request_t"": 0.0}, {""actual_arrival_month"": ""2039-01"", ""actual_delivery_share"": 1.0, ""availability_share"": 1.0, ""feasible_t"": 14.166666666666666, ""gross_delivery_t"": 14.166666666666666, ""order_month"": ""2038-01"", ""ordered_t"": 14.166666666666666, ""planned_arrival_month"": ""2039-01"", ""requested_t"": 14.166666666666666, ""shipment_id"": ""S0037"", ""source_id"": ""A"", ""source_name"": ""Earth-Core"", ""unfulfilled_request_t"": 0.0}, {""actual_arrival_month"": ""2039-02"", ""actual_delivery_share"": 1.0, ""availability_share"": 1.0, ""feasible_t"": 14.166666666666666, ""gross_delivery_t"": 14.166666666666666, ""order_month"": ""2038-02"", ""ordered_t"": 14.166666666666666, ""planned_arrival_month"": ""2039-02"", ""requested_t"": 14.166666666666666, ""shipment_id"": ""S0038"", ""source_id"": ""A"", ""source_name"": ""Earth-Core"", ""unfulfilled_request_t"": 0.0}, {""actual_arrival_month"": ""2039-03"", ""actual_delivery_share"": 1.0, ""availability_share"": 1.0, ""feasible_t"": 14.166666666666666, ""gross_delivery_t"": 14.166666666666666, ""order_month"": ""2038-03"", ""ordered_t"": 14.166666666666666, ""planned_arrival_month"": ""2039-03"", ""requested_t"": 14.166666666666666, ""shipment_id"": ""S0039"", ""source_id"": ""A"", ""source_name"": ""Earth-Core"", ""unfulfilled_request_t"": 0.0}, {""actual_arrival_month"": ""2039-04"", ""actual_delivery_share"": 1.0, ""availability_share"": 1.0, ""feasible_t"": 14.166666666666666, ""gross_delivery_t"": 14.166666666666666, ""order_month"": ""2038-04"", ""ordered_t"": 14.166666666666666, ""planned_arrival_month"": ""2039-04"", ""requested_t"": 14.166666666666666, ""shipment_id"": ""S0040"", ""source_id"": ""A"", ""source_name"": ""Earth-Core"", ""unfulfilled_request_t"": 0.0}, {""actual_arrival_month"": ""2039-05"", ""actual_delivery_share"": 1.0, ""availability_share"": 1.0, ""feasible_t"": 14.166666666666666, ""gross_delivery_t"": 14.166666666666666, ""order_month"": ""2038-05"", ""ordered_t"": 14.166666666666666, ""planned_arrival_month"": ""2039-05"", ""requested_t"": 14.166666666666666, ""shipment_id"": ""S0041"", ""source_id"": ""A"", ""source_name"": ""Earth-Core"", ""unfulfilled_request_t"": 0.0}, {""actual_arrival_month"": ""2039-06"", ""actual_delivery_share"": 1.0, ""availability_share"": 1.0, ""feasible_t"": 14.166666666666666, ""gross_delivery_t"": 14.166666666666666, ""order_month"": ""2038-06"", ""ordered_t"": 14.166666666666666, ""planned_arrival_month"": ""2039-06"", ""requested_t"": 14.166666666666666, ""shipment_id"": ""S0042"", ""source_id"": ""A"", ""source_name"": ""Earth-Core"", ""unfulfilled_request_t"": 0.0}, {""actual_arrival_month"": ""2039-07"", ""actual_delivery_share"": 1.0, ""availability_share"": 1.0, ""feasible_t"": 14.166666666666666, ""gross_delivery_t"": 14.166666666666666, ""order_month"": ""2038-07"", ""ordered_t"": 14.166666666666666, ""planned_arrival_month"": ""2039-07"", ""requested_t"": 14.166666666666666, ""shipment_id"": ""S0043"", ""source_id"": ""A"", ""source_name"": ""Earth-Core"", ""unfulfilled_request_t"": 0.0}, {""actual_arrival_month"": ""2039-08"", ""actual_delivery_share"": 1.0, ""availability_share"": 1.0, ""feasible_t"": 14.166666666666666, ""gross_delivery_t"": 14.166666666666666, ""order_month"": ""2038-08"", ""ordered_t"": 14.166666666666666, ""planned_arrival_month"": ""2039-08"", ""requested_t"": 14.166666666666666, ""shipment_id"": ""S0044"", ""source_id"": ""A"", ""source_name"": ""Earth-Core"", ""unfulfilled_request_t"": 0.0}, {""actual_arrival_month"": ""2039-09"", ""actual_delivery_share"": 1.0, ""availability_share"": 1.0, ""feasible_t"": 14.166666666666666, ""gross_delivery_t"": 14.166666666666666, ""order_month"": ""2038-09"", ""ordered_t"": 14.166666666666666, ""planned_arrival_month"": ""2039-09"", ""requested_t"": 14.166666666666666, ""shipment_id"": ""S0045"", ""source_id"": ""A"", ""source_name"": ""Earth-Core"", ""unfulfilled_request_t"": 0.0}, {""actual_arrival_month"": ""2038-10"", ""actual_delivery_share"": 1.0, ""availability_share"": 1.0, ""feasible_t"": 4.183333333333332, ""gross_delivery_t"": 4.183333333333332, ""order_month"": ""2038-08"", ""ordered_t"": 4.183333333333334, ""planned_arrival_month"": ""2038-10"", ""requested_t"": 4.183333333333334, ""shipment_id"": ""S0139"", ""source_id"": ""D"", ""source_name"": ""Lunar-ISRU"", ""unfulfilled_request_t"": 1.7763568394002505e-15}, {""actual_arrival_month"": ""2038-11"", ""actual_delivery_share"": 1.0, ""availability_share"": 1.0, ""feasible_t"": 4.183333333333332, ""gross_delivery_t"": 4.183333333333332, ""order_month"": ""2038-09"", ""ordered_t"": 4.183333333333334, ""planned_arrival_month"": ""2038-11"", ""requested_t"": 4.183333333333334, ""shipment_id"": ""S0140"", ""source_id"": ""D"", ""source_name"": ""Lunar-ISRU"", ""unfulfilled_request_t"": 1.7763568394002505e-15}]","{""A"": 13.333333333333334, ""C"": 5.0, ""D"": 4.183333333333332}","{""A"": 13.333333333333334, ""C"": 5.0, ""D"": 4.183333333333332}",22.516666666666666,0.2702,22.246466666666667,22.246466666666667,0.0,61.349266666280954,14.166666666666666,6.666666666666666,0.0,0.0,40.515933332947625,ZBO,120.0,0.012,"[""ZBO"", ""EARTH_NEW"", ""LUNAR_ISRU""]",2.3885619999768575,6.833333333333333,[]
2038-10,40.515933332947625,20.833333333333332,14.166666666666666,"{""A"": 170.0, ""B"": 0, ""C"": 60.0, ""D"": 50.2, ""E"": 0}","{""A"": 14.166666666666666, ""C"": 5.0, ""D"": 4.183333333333334}","[{""actual_arrival_month"": ""2038-11"", ""actual_delivery_share"": 1.0, ""availability_share"": 1.0, ""feasible_t"": 13.333333333333334, ""gross_delivery_t"": 13.333333333333334, ""order_month"": ""2037-11"", ""ordered_t"": 13.333333333333334, ""planned_arrival_month"": ""2038-11"", ""requested_t"": 13.333333333333334, ""shipment_id"": ""S0035"", ""source_id"": ""A"", ""source_name"": ""Earth-Core"", ""unfulfilled_request_t"": 0.0}, {""actual_arrival_month"": ""2038-12"", ""actual_delivery_share"": 1.0, ""availability_share"": 1.0, ""feasible_t"": 13.333333333333334, ""gross_delivery_t"": 13.333333333333334, ""order_month"": ""2037-12"", ""ordered_t"": 13.333333333333334, ""planned_arrival_month"": ""2038-12"", ""requested_t"": 13.333333333333334, ""shipment_id"": ""S0036"", ""source_id"": ""A"", ""source_name"": ""Earth-Core"", ""unfulfilled_request_t"": 0.0}, {""actual_arrival_month"": ""2039-01"", ""actual_delivery_share"": 1.0, ""availability_share"": 1.0, ""feasible_t"": 14.166666666666666, ""gross_delivery_t"": 14.166666666666666, ""order_month"": ""2038-01"", ""ordered_t"": 14.166666666666666, ""planned_arrival_month"": ""2039-01"", ""requested_t"": 14.166666666666666, ""shipment_id"": ""S0037"", ""source_id"": ""A"", ""source_name"": ""Earth-Core"", ""unfulfilled_request_t"": 0.0}, {""actual_arrival_month"": ""2039-02"", ""actual_delivery_share"": 1.0, ""availability_share"": 1.0, ""feasible_t"": 14.166666666666666, ""gross_delivery_t"": 14.166666666666666, ""order_month"": ""2038-02"", ""ordered_t"": 14.166666666666666, ""planned_arrival_month"": ""2039-02"", ""requested_t"": 14.166666666666666, ""shipment_id"": ""S0038"", ""source_id"": ""A"", ""source_name"": ""Earth-Core"", ""unfulfilled_request_t"": 0.0}, {""actual_arrival_month"": ""2039-03"", ""actual_delivery_share"": 1.0, ""availability_share"": 1.0, ""feasible_t"": 14.166666666666666, ""gross_delivery_t"": 14.166666666666666, ""order_month"": ""2038-03"", ""ordered_t"": 14.166666666666666, ""planned_arrival_month"": ""2039-03"", ""requested_t"": 14.166666666666666, ""shipment_id"": ""S0039"", ""source_id"": ""A"", ""source_name"": ""Earth-Core"", ""unfulfilled_request_t"": 0.0}, {""actual_arrival_month"": ""2039-04"", ""actual_delivery_share"": 1.0, ""availability_share"": 1.0, ""feasible_t"": 14.166666666666666, ""gross_delivery_t"": 14.166666666666666, ""order_month"": ""2038-04"", ""ordered_t"": 14.166666666666666, ""planned_arrival_month"": ""2039-04"", ""requested_t"": 14.166666666666666, ""shipment_id"": ""S0040"", ""source_id"": ""A"", ""source_name"": ""Earth-Core"", ""unfulfilled_request_t"": 0.0}, {""actual_arrival_month"": ""2039-05"", ""actual_delivery_share"": 1.0, ""availability_share"": 1.0, ""feasible_t"": 14.166666666666666, ""gross_delivery_t"": 14.166666666666666, ""order_month"": ""2038-05"", ""ordered_t"": 14.166666666666666, ""planned_arrival_month"": ""2039-05"", ""requested_t"": 14.166666666666666, ""shipment_id"": ""S0041"", ""source_id"": ""A"", ""source_name"": ""Earth-Core"", ""unfulfilled_request_t"": 0.0}, {""actual_arrival_month"": ""2039-06"", ""actual_delivery_share"": 1.0, ""availability_share"": 1.0, ""feasible_t"": 14.166666666666666, ""gross_delivery_t"": 14.166666666666666, ""order_month"": ""2038-06"", ""ordered_t"": 14.166666666666666, ""planned_arrival_month"": ""2039-06"", ""requested_t"": 14.166666666666666, ""shipment_id"": ""S0042"", ""source_id"": ""A"", ""source_name"": ""Earth-Core"", ""unfulfilled_request_t"": 0.0}, {""actual_arrival_month"": ""2039-07"", ""actual_delivery_share"": 1.0, ""availability_share"": 1.0, ""feasible_t"": 14.166666666666666, ""gross_delivery_t"": 14.166666666666666, ""order_month"": ""2038-07"", ""ordered_t"": 14.166666666666666, ""planned_arrival_month"": ""2039-07"", ""requested_t"": 14.166666666666666, ""shipment_id"": ""S0043"", ""source_id"": ""A"", ""source_name"": ""Earth-Core"", ""unfulfilled_request_t"": 0.0}, {""actual_arrival_month"": ""2039-08"", ""actual_delivery_share"": 1.0, ""availability_share"": 1.0, ""feasible_t"": 14.166666666666666, ""gross_delivery_t"": 14.166666666666666, ""order_month"": ""2038-08"", ""ordered_t"": 14.166666666666666, ""planned_arrival_month"": ""2039-08"", ""requested_t"": 14.166666666666666, ""shipment_id"": ""S0044"", ""source_id"": ""A"", ""source_name"": ""Earth-Core"", ""unfulfilled_request_t"": 0.0}, {""actual_arrival_month"": ""2039-09"", ""actual_delivery_share"": 1.0, ""availability_share"": 1.0, ""feasible_t"": 14.166666666666666, ""gross_delivery_t"": 14.166666666666666, ""order_month"": ""2038-09"", ""ordered_t"": 14.166666666666666, ""planned_arrival_month"": ""2039-09"", ""requested_t"": 14.166666666666666, ""shipment_id"": ""S0045"", ""source_id"": ""A"", ""source_name"": ""Earth-Core"", ""unfulfilled_request_t"": 0.0}, {""actual_arrival_month"": ""2039-10"", ""actual_delivery_share"": 1.0, ""availability_share"": 1.0, ""feasible_t"": 14.166666666666666, ""gross_delivery_t"": 14.166666666666666, ""order_month"": ""2038-10"", ""ordered_t"": 14.166666666666666, ""planned_arrival_month"": ""2039-10"", ""requested_t"": 14.166666666666666, ""shipment_id"": ""S0046"", ""source_id"": ""A"", ""source_name"": ""Earth-Core"", ""unfulfilled_request_t"": 0.0}, {""actual_arrival_month"": ""2038-11"", ""actual_delivery_share"": 1.0, ""availability_share"": 1.0, ""feasible_t"": 4.183333333333332, ""gross_delivery_t"": 4.183333333333332, ""order_month"": ""2038-09"", ""ordered_t"": 4.183333333333334, ""planned_arrival_month"": ""2038-11"", ""requested_t"": 4.183333333333334, ""shipment_id"": ""S0140"", ""source_id"": ""D"", ""source_name"": ""Lunar-ISRU"", ""unfulfilled_request_t"": 1.7763568394002505e-15}, {""actual_arrival_month"": ""2038-12"", ""actual_delivery_share"": 1.0, ""availability_share"": 1.0, ""feasible_t"": 4.183333333333332, ""gross_delivery_t"": 4.183333333333332, ""order_month"": ""2038-10"", ""ordered_t"": 4.183333333333334, ""planned_arrival_month"": ""2038-12"", ""requested_t"": 4.183333333333334, ""shipment_id"": ""S0141"", ""source_id"": ""D"", ""source_name"": ""Lunar-ISRU"", ""unfulfilled_request_t"": 1.7763568394002505e-15}]","{""A"": 13.333333333333334, ""C"": 5.0, ""D"": 4.183333333333332}","{""A"": 13.333333333333334, ""C"": 5.0, ""D"": 4.183333333333332}",22.516666666666666,0.2702,22.246466666666667,22.246466666666667,0.0,62.76239999961429,14.166666666666666,6.666666666666666,0.0,0.0,41.92906666628096,ZBO,120.0,0.012,"[""ZBO"", ""EARTH_NEW"", ""LUNAR_ISRU""]",2.4733499999768576,6.833333333333333,[]
2038-11,41.92906666628096,20.833333333333332,14.166666666666666,"{""A"": 170.0, ""B"": 0, ""C"": 60.0, ""D"": 50.2, ""E"": 0}","{""A"": 14.166666666666666, ""C"": 5.0, ""D"": 4.183333333333334}","[{""actual_arrival_month"": ""2038-12"", ""actual_delivery_share"": 1.0, ""availability_share"": 1.0, ""feasible_t"": 13.333333333333334, ""gross_delivery_t"": 13.333333333333334, ""order_month"": ""2037-12"", ""ordered_t"": 13.333333333333334, ""planned_arrival_month"": ""2038-12"", ""requested_t"": 13.333333333333334, ""shipment_id"": ""S0036"", ""source_id"": ""A"", ""source_name"": ""Earth-Core"", ""unfulfilled_request_t"": 0.0}, {""actual_arrival_month"": ""2039-01"", ""actual_delivery_share"": 1.0, ""availability_share"": 1.0, ""feasible_t"": 14.166666666666666, ""gross_delivery_t"": 14.166666666666666, ""order_month"": ""2038-01"", ""ordered_t"": 14.166666666666666, ""planned_arrival_month"": ""2039-01"", ""requested_t"": 14.166666666666666, ""shipment_id"": ""S0037"", ""source_id"": ""A"", ""source_name"": ""Earth-Core"", ""unfulfilled_request_t"": 0.0}, {""actual_arrival_month"": ""2039-02"", ""actual_delivery_share"": 1.0, ""availability_share"": 1.0, ""feasible_t"": 14.166666666666666, ""gross_delivery_t"": 14.166666666666666, ""order_month"": ""2038-02"", ""ordered_t"": 14.166666666666666, ""planned_arrival_month"": ""2039-02"", ""requested_t"": 14.166666666666666, ""shipment_id"": ""S0038"", ""source_id"": ""A"", ""source_name"": ""Earth-Core"", ""unfulfilled_request_t"": 0.0}, {""actual_arrival_month"": ""2039-03"", ""actual_delivery_share"": 1.0, ""availability_share"": 1.0, ""feasible_t"": 14.166666666666666, ""gross_delivery_t"": 14.166666666666666, ""order_month"": ""2038-03"", ""ordered_t"": 14.166666666666666, ""planned_arrival_month"": ""2039-03"", ""requested_t"": 14.166666666666666, ""shipment_id"": ""S0039"", ""source_id"": ""A"", ""source_name"": ""Earth-Core"", ""unfulfilled_request_t"": 0.0}, {""actual_arrival_month"": ""2039-04"", ""actual_delivery_share"": 1.0, ""availability_share"": 1.0, ""feasible_t"": 14.166666666666666, ""gross_delivery_t"": 14.166666666666666, ""order_month"": ""2038-04"", ""ordered_t"": 14.166666666666666, ""planned_arrival_month"": ""2039-04"", ""requested_t"": 14.166666666666666, ""shipment_id"": ""S0040"", ""source_id"": ""A"", ""source_name"": ""Earth-Core"", ""unfulfilled_request_t"": 0.0}, {""actual_arrival_month"": ""2039-05"", ""actual_delivery_share"": 1.0, ""availability_share"": 1.0, ""feasible_t"": 14.166666666666666, ""gross_delivery_t"": 14.166666666666666, ""order_month"": ""2038-05"", ""ordered_t"": 14.166666666666666, ""planned_arrival_month"": ""2039-05"", ""requested_t"": 14.166666666666666, ""shipment_id"": ""S0041"", ""source_id"": ""A"", ""source_name"": ""Earth-Core"", ""unfulfilled_request_t"": 0.0}, {""actual_arrival_month"": ""2039-06"", ""actual_delivery_share"": 1.0, ""availability_share"": 1.0, ""feasible_t"": 14.166666666666666, ""gross_delivery_t"": 14.166666666666666, ""order_month"": ""2038-06"", ""ordered_t"": 14.166666666666666, ""planned_arrival_month"": ""2039-06"", ""requested_t"": 14.166666666666666, ""shipment_id"": ""S0042"", ""source_id"": ""A"", ""source_name"": ""Earth-Core"", ""unfulfilled_request_t"": 0.0}, {""actual_arrival_month"": ""2039-07"", ""actual_delivery_share"": 1.0, ""availability_share"": 1.0, ""feasible_t"": 14.166666666666666, ""gross_delivery_t"": 14.166666666666666, ""order_month"": ""2038-07"", ""ordered_t"": 14.166666666666666, ""planned_arrival_month"": ""2039-07"", ""requested_t"": 14.166666666666666, ""shipment_id"": ""S0043"", ""source_id"": ""A"", ""source_name"": ""Earth-Core"", ""unfulfilled_request_t"": 0.0}, {""actual_arrival_month"": ""2039-08"", ""actual_delivery_share"": 1.0, ""availability_share"": 1.0, ""feasible_t"": 14.166666666666666, ""gross_delivery_t"": 14.166666666666666, ""order_month"": ""2038-08"", ""ordered_t"": 14.166666666666666, ""planned_arrival_month"": ""2039-08"", ""requested_t"": 14.166666666666666, ""shipment_id"": ""S0044"", ""source_id"": ""A"", ""source_name"": ""Earth-Core"", ""unfulfilled_request_t"": 0.0}, {""actual_arrival_month"": ""2039-09"", ""actual_delivery_share"": 1.0, ""availability_share"": 1.0, ""feasible_t"": 14.166666666666666, ""gross_delivery_t"": 14.166666666666666, ""order_month"": ""2038-09"", ""ordered_t"": 14.166666666666666, ""planned_arrival_month"": ""2039-09"", ""requested_t"": 14.166666666666666, ""shipment_id"": ""S0045"", ""source_id"": ""A"", ""source_name"": ""Earth-Core"", ""unfulfilled_request_t"": 0.0}, {""actual_arrival_month"": ""2039-10"", ""actual_delivery_share"": 1.0, ""availability_share"": 1.0, ""feasible_t"": 14.166666666666666, ""gross_delivery_t"": 14.166666666666666, ""order_month"": ""2038-10"", ""ordered_t"": 14.166666666666666, ""planned_arrival_month"": ""2039-10"", ""requested_t"": 14.166666666666666, ""shipment_id"": ""S0046"", ""source_id"": ""A"", ""source_name"": ""Earth-Core"", ""unfulfilled_request_t"": 0.0}, {""actual_arrival_month"": ""2039-11"", ""actual_delivery_share"": 1.0, ""availability_share"": 1.0, ""feasible_t"": 14.166666666666666, ""gross_delivery_t"": 14.166666666666666, ""order_month"": ""2038-11"", ""ordered_t"": 14.166666666666666, ""planned_arrival_month"": ""2039-11"", ""requested_t"": 14.166666666666666, ""shipment_id"": ""S0047"", ""source_id"": ""A"", ""source_name"": ""Earth-Core"", ""unfulfilled_request_t"": 0.0}, {""actual_arrival_month"": ""2038-12"", ""actual_delivery_share"": 1.0, ""availability_share"": 1.0, ""feasible_t"": 4.183333333333332, ""gross_delivery_t"": 4.183333333333332, ""order_month"": ""2038-10"", ""ordered_t"": 4.183333333333334, ""planned_arrival_month"": ""2038-12"", ""requested_t"": 4.183333333333334, ""shipment_id"": ""S0141"", ""source_id"": ""D"", ""source_name"": ""Lunar-ISRU"", ""unfulfilled_request_t"": 1.7763568394002505e-15}, {""actual_arrival_month"": ""2039-01"", ""actual_delivery_share"": 1.0, ""availability_share"": 1.0, ""feasible_t"": 4.183333333333332, ""gross_delivery_t"": 4.183333333333332, ""order_month"": ""2038-11"", ""ordered_t"": 4.183333333333334, ""planned_arrival_month"": ""2039-01"", ""requested_t"": 4.183333333333334, ""shipment_id"": ""S0142"", ""source_id"": ""D"", ""source_name"": ""Lunar-ISRU"", ""unfulfilled_request_t"": 1.7763568394002505e-15}]","{""A"": 13.333333333333334, ""C"": 5.0, ""D"": 4.183333333333332}","{""A"": 13.333333333333334, ""C"": 5.0, ""D"": 4.183333333333332}",22.516666666666666,0.2702,22.246466666666667,22.246466666666667,0.0,64.17553333294762,14.166666666666666,6.666666666666666,0.0,0.0,43.342199999614294,ZBO,120.0,0.012,"[""ZBO"", ""EARTH_NEW"", ""LUNAR_ISRU""]",2.5581379999768576,6.833333333333333,[]
2038-12,43.342199999614294,20.833333333333332,14.166666666666666,"{""A"": 170.0, ""B"": 0, ""C"": 60.0, ""D"": 50.2, ""E"": 0}","{""A"": 14.166666666666666, ""C"": 5.0, ""D"": 4.183333333333334}","[{""actual_arrival_month"": ""2039-01"", ""actual_delivery_share"": 1.0, ""availability_share"": 1.0, ""feasible_t"": 14.166666666666666, ""gross_delivery_t"": 14.166666666666666, ""order_month"": ""2038-01"", ""ordered_t"": 14.166666666666666, ""planned_arrival_month"": ""2039-01"", ""requested_t"": 14.166666666666666, ""shipment_id"": ""S0037"", ""source_id"": ""A"", ""source_name"": ""Earth-Core"", ""unfulfilled_request_t"": 0.0}, {""actual_arrival_month"": ""2039-02"", ""actual_delivery_share"": 1.0, ""availability_share"": 1.0, ""feasible_t"": 14.166666666666666, ""gross_delivery_t"": 14.166666666666666, ""order_month"": ""2038-02"", ""ordered_t"": 14.166666666666666, ""planned_arrival_month"": ""2039-02"", ""requested_t"": 14.166666666666666, ""shipment_id"": ""S0038"", ""source_id"": ""A"", ""source_name"": ""Earth-Core"", ""unfulfilled_request_t"": 0.0}, {""actual_arrival_month"": ""2039-03"", ""actual_delivery_share"": 1.0, ""availability_share"": 1.0, ""feasible_t"": 14.166666666666666, ""gross_delivery_t"": 14.166666666666666, ""order_month"": ""2038-03"", ""ordered_t"": 14.166666666666666, ""planned_arrival_month"": ""2039-03"", ""requested_t"": 14.166666666666666, ""shipment_id"": ""S0039"", ""source_id"": ""A"", ""source_name"": ""Earth-Core"", ""unfulfilled_request_t"": 0.0}, {""actual_arrival_month"": ""2039-04"", ""actual_delivery_share"": 1.0, ""availability_share"": 1.0, ""feasible_t"": 14.166666666666666, ""gross_delivery_t"": 14.166666666666666, ""order_month"": ""2038-04"", ""ordered_t"": 14.166666666666666, ""planned_arrival_month"": ""2039-04"", ""requested_t"": 14.166666666666666, ""shipment_id"": ""S0040"", ""source_id"": ""A"", ""source_name"": ""Earth-Core"", ""unfulfilled_request_t"": 0.0}, {""actual_arrival_month"": ""2039-05"", ""actual_delivery_share"": 1.0, ""availability_share"": 1.0, ""feasible_t"": 14.166666666666666, ""gross_delivery_t"": 14.166666666666666, ""order_month"": ""2038-05"", ""ordered_t"": 14.166666666666666, ""planned_arrival_month"": ""2039-05"", ""requested_t"": 14.166666666666666, ""shipment_id"": ""S0041"", ""source_id"": ""A"", ""source_name"": ""Earth-Core"", ""unfulfilled_request_t"": 0.0}, {""actual_arrival_month"": ""2039-06"", ""actual_delivery_share"": 1.0, ""availability_share"": 1.0, ""feasible_t"": 14.166666666666666, ""gross_delivery_t"": 14.166666666666666, ""order_month"": ""2038-06"", ""ordered_t"": 14.166666666666666, ""planned_arrival_month"": ""2039-06"", ""requested_t"": 14.166666666666666, ""shipment_id"": ""S0042"", ""source_id"": ""A"", ""source_name"": ""Earth-Core"", ""unfulfilled_request_t"": 0.0}, {""actual_arrival_month"": ""2039-07"", ""actual_delivery_share"": 1.0, ""availability_share"": 1.0, ""feasible_t"": 14.166666666666666, ""gross_delivery_t"": 14.166666666666666, ""order_month"": ""2038-07"", ""ordered_t"": 14.166666666666666, ""planned_arrival_month"": ""2039-07"", ""requested_t"": 14.166666666666666, ""shipment_id"": ""S0043"", ""source_id"": ""A"", ""source_name"": ""Earth-Core"", ""unfulfilled_request_t"": 0.0}, {""actual_arrival_month"": ""2039-08"", ""actual_delivery_share"": 1.0, ""availability_share"": 1.0, ""feasible_t"": 14.166666666666666, ""gross_delivery_t"": 14.166666666666666, ""order_month"": ""2038-08"", ""ordered_t"": 14.166666666666666, ""planned_arrival_month"": ""2039-08"", ""requested_t"": 14.166666666666666, ""shipment_id"": ""S0044"", ""source_id"": ""A"", ""source_name"": ""Earth-Core"", ""unfulfilled_request_t"": 0.0}, {""actual_arrival_month"": ""2039-09"", ""actual_delivery_share"": 1.0, ""availability_share"": 1.0, ""feasible_t"": 14.166666666666666, ""gross_delivery_t"": 14.166666666666666, ""order_month"": ""2038-09"", ""ordered_t"": 14.166666666666666, ""planned_arrival_month"": ""2039-09"", ""requested_t"": 14.166666666666666, ""shipment_id"": ""S0045"", ""source_id"": ""A"", ""source_name"": ""Earth-Core"", ""unfulfilled_request_t"": 0.0}, {""actual_arrival_month"": ""2039-10"", ""actual_delivery_share"": 1.0, ""availability_share"": 1.0, ""feasible_t"": 14.166666666666666, ""gross_delivery_t"": 14.166666666666666, ""order_month"": ""2038-10"", ""ordered_t"": 14.166666666666666, ""planned_arrival_month"": ""2039-10"", ""requested_t"": 14.166666666666666, ""shipment_id"": ""S0046"", ""source_id"": ""A"", ""source_name"": ""Earth-Core"", ""unfulfilled_request_t"": 0.0}, {""actual_arrival_month"": ""2039-11"", ""actual_delivery_share"": 1.0, ""availability_share"": 1.0, ""feasible_t"": 14.166666666666666, ""gross_delivery_t"": 14.166666666666666, ""order_month"": ""2038-11"", ""ordered_t"": 14.166666666666666, ""planned_arrival_month"": ""2039-11"", ""requested_t"": 14.166666666666666, ""shipment_id"": ""S0047"", ""source_id"": ""A"", ""source_name"": ""Earth-Core"", ""unfulfilled_request_t"": 0.0}, {""actual_arrival_month"": ""2039-12"", ""actual_delivery_share"": 1.0, ""availability_share"": 1.0, ""feasible_t"": 14.166666666666666, ""gross_delivery_t"": 14.166666666666666, ""order_month"": ""2038-12"", ""ordered_t"": 14.166666666666666, ""planned_arrival_month"": ""2039-12"", ""requested_t"": 14.166666666666666, ""shipment_id"": ""S0048"", ""source_id"": ""A"", ""source_name"": ""Earth-Core"", ""unfulfilled_request_t"": 0.0}, {""actual_arrival_month"": ""2039-01"", ""actual_delivery_share"": 1.0, ""availability_share"": 1.0, ""feasible_t"": 4.183333333333332, ""gross_delivery_t"": 4.183333333333332, ""order_month"": ""2038-11"", ""ordered_t"": 4.183333333333334, ""planned_arrival_month"": ""2039-01"", ""requested_t"": 4.183333333333334, ""shipment_id"": ""S0142"", ""source_id"": ""D"", ""source_name"": ""Lunar-ISRU"", ""unfulfilled_request_t"": 1.7763568394002505e-15}, {""actual_arrival_month"": ""2039-02"", ""actual_delivery_share"": 1.0, ""availability_share"": 1.0, ""feasible_t"": 4.183333333333332, ""gross_delivery_t"": 4.183333333333332, ""order_month"": ""2038-12"", ""ordered_t"": 4.183333333333334, ""planned_arrival_month"": ""2039-02"", ""requested_t"": 4.183333333333334, ""shipment_id"": ""S0143"", ""source_id"": ""D"", ""source_name"": ""Lunar-ISRU"", ""unfulfilled_request_t"": 1.7763568394002505e-15}]","{""A"": 13.333333333333334, ""C"": 5.0, ""D"": 4.183333333333332}","{""A"": 13.333333333333334, ""C"": 5.0, ""D"": 4.183333333333332}",22.516666666666666,0.2702,22.246466666666667,22.246466666666667,0.0,65.58866666628096,14.166666666666666,6.666666666666666,0.0,0.0,44.75533333294763,ZBO,120.0,0.012,"[""ZBO"", ""EARTH_NEW"", ""LUNAR_ISRU""]",2.6429259999768577,6.833333333333333,[]
2039-01,44.75533333294763,26.666666666666668,17.5,"{""A"": 180.0, ""B"": 0, ""C"": 80.0, ""D"": 89.3, ""E"": 0}","{""A"": 15.0, ""C"": 6.6666666667, ""D"": 7.441666666666666}","[{""actual_arrival_month"": ""2039-02"", ""actual_delivery_share"": 1.0, ""availability_share"": 1.0, ""feasible_t"": 14.166666666666666, ""gross_delivery_t"": 14.166666666666666, ""order_month"": ""2038-02"", ""ordered_t"": 14.166666666666666, ""planned_arrival_month"": ""2039-02"", ""requested_t"": 14.166666666666666, ""shipment_id"": ""S0038"", ""source_id"": ""A"", ""source_name"": ""Earth-Core"", ""unfulfilled_request_t"": 0.0}, {""actual_arrival_month"": ""2039-03"", ""actual_delivery_share"": 1.0, ""availability_share"": 1.0, ""feasible_t"": 14.166666666666666, ""gross_delivery_t"": 14.166666666666666, ""order_month"": ""2038-03"", ""ordered_t"": 14.166666666666666, ""planned_arrival_month"": ""2039-03"", ""requested_t"": 14.166666666666666, ""shipment_id"": ""S0039"", ""source_id"": ""A"", ""source_name"": ""Earth-Core"", ""unfulfilled_request_t"": 0.0}, {""actual_arrival_month"": ""2039-04"", ""actual_delivery_share"": 1.0, ""availability_share"": 1.0, ""feasible_t"": 14.166666666666666, ""gross_delivery_t"": 14.166666666666666, ""order_month"": ""2038-04"", ""ordered_t"": 14.166666666666666, ""planned_arrival_month"": ""2039-04"", ""requested_t"": 14.166666666666666, ""shipment_id"": ""S0040"", ""source_id"": ""A"", ""source_name"": ""Earth-Core"", ""unfulfilled_request_t"": 0.0}, {""actual_arrival_month"": ""2039-05"", ""actual_delivery_share"": 1.0, ""availability_share"": 1.0, ""feasible_t"": 14.166666666666666, ""gross_delivery_t"": 14.166666666666666, ""order_month"": ""2038-05"", ""ordered_t"": 14.166666666666666, ""planned_arrival_month"": ""2039-05"", ""requested_t"": 14.166666666666666, ""shipment_id"": ""S0041"", ""source_id"": ""A"", ""source_name"": ""Earth-Core"", ""unfulfilled_request_t"": 0.0}, {""actual_arrival_month"": ""2039-06"", ""actual_delivery_share"": 1.0, ""availability_share"": 1.0, ""feasible_t"": 14.166666666666666, ""gross_delivery_t"": 14.166666666666666, ""order_month"": ""2038-06"", ""ordered_t"": 14.166666666666666, ""planned_arrival_month"": ""2039-06"", ""requested_t"": 14.166666666666666, ""shipment_id"": ""S0042"", ""source_id"": ""A"", ""source_name"": ""Earth-Core"", ""unfulfilled_request_t"": 0.0}, {""actual_arrival_month"": ""2039-07"", ""actual_delivery_share"": 1.0, ""availability_share"": 1.0, ""feasible_t"": 14.166666666666666, ""gross_delivery_t"": 14.166666666666666, ""order_month"": ""2038-07"", ""ordered_t"": 14.166666666666666, ""planned_arrival_month"": ""2039-07"", ""requested_t"": 14.166666666666666, ""shipment_id"": ""S0043"", ""source_id"": ""A"", ""source_name"": ""Earth-Core"", ""unfulfilled_request_t"": 0.0}, {""actual_arrival_month"": ""2039-08"", ""actual_delivery_share"": 1.0, ""availability_share"": 1.0, ""feasible_t"": 14.166666666666666, ""gross_delivery_t"": 14.166666666666666, ""order_month"": ""2038-08"", ""ordered_t"": 14.166666666666666, ""planned_arrival_month"": ""2039-08"", ""requested_t"": 14.166666666666666, ""shipment_id"": ""S0044"", ""source_id"": ""A"", ""source_name"": ""Earth-Core"", ""unfulfilled_request_t"": 0.0}, {""actual_arrival_month"": ""2039-09"", ""actual_delivery_share"": 1.0, ""availability_share"": 1.0, ""feasible_t"": 14.166666666666666, ""gross_delivery_t"": 14.166666666666666, ""order_month"": ""2038-09"", ""ordered_t"": 14.166666666666666, ""planned_arrival_month"": ""2039-09"", ""requested_t"": 14.166666666666666, ""shipment_id"": ""S0045"", ""source_id"": ""A"", ""source_name"": ""Earth-Core"", ""unfulfilled_request_t"": 0.0}, {""actual_arrival_month"": ""2039-10"", ""actual_delivery_share"": 1.0, ""availability_share"": 1.0, ""feasible_t"": 14.166666666666666, ""gross_delivery_t"": 14.166666666666666, ""order_month"": ""2038-10"", ""ordered_t"": 14.166666666666666, ""planned_arrival_month"": ""2039-10"", ""requested_t"": 14.166666666666666, ""shipment_id"": ""S0046"", ""source_id"": ""A"", ""source_name"": ""Earth-Core"", ""unfulfilled_request_t"": 0.0}, {""actual_arrival_month"": ""2039-11"", ""actual_delivery_share"": 1.0, ""availability_share"": 1.0, ""feasible_t"": 14.166666666666666, ""gross_delivery_t"": 14.166666666666666, ""order_month"": ""2038-11"", ""ordered_t"": 14.166666666666666, ""planned_arrival_month"": ""2039-11"", ""requested_t"": 14.166666666666666, ""shipment_id"": ""S0047"", ""source_id"": ""A"", ""source_name"": ""Earth-Core"", ""unfulfilled_request_t"": 0.0}, {""actual_arrival_month"": ""2039-12"", ""actual_delivery_share"": 1.0, ""availability_share"": 1.0, ""feasible_t"": 14.166666666666666, ""gross_delivery_t"": 14.166666666666666, ""order_month"": ""2038-12"", ""ordered_t"": 14.166666666666666, ""planned_arrival_month"": ""2039-12"", ""requested_t"": 14.166666666666666, ""shipment_id"": ""S0048"", ""source_id"": ""A"", ""source_name"": ""Earth-Core"", ""unfulfilled_request_t"": 0.0}, {""actual_arrival_month"": ""2040-01"", ""actual_delivery_share"": 1.0, ""availability_share"": 1.0, ""feasible_t"": 15.0, ""gross_delivery_t"": 15.0, ""order_month"": ""2039-01"", ""ordered_t"": 15.0, ""planned_arrival_month"": ""2040-01"", ""requested_t"": 15.0, ""shipment_id"": ""S0049"", ""source_id"": ""A"", ""source_name"": ""Earth-Core"", ""unfulfilled_request_t"": 0.0}, {""actual_arrival_month"": ""2039-02"", ""actual_delivery_share"": 1.0, ""availability_share"": 1.0, ""feasible_t"": 4.183333333333332, ""gross_delivery_t"": 4.183333333333332, ""order_month"": ""2038-12"", ""ordered_t"": 4.183333333333334, ""planned_arrival_month"": ""2039-02"", ""requested_t"": 4.183333333333334, ""shipment_id"": ""S0143"", ""source_id"": ""D"", ""source_name"": ""Lunar-ISRU"", ""unfulfilled_request_t"": 1.7763568394002505e-15}, {""actual_arrival_month"": ""2039-03"", ""actual_delivery_share"": 1.0, ""availability_share"": 1.0, ""feasible_t"": 7.441666666666666, ""gross_delivery_t"": 7.441666666666666, ""order_month"": ""2039-01"", ""ordered_t"": 7.441666666666666, ""planned_arrival_month"": ""2039-03"", ""requested_t"": 7.441666666666666, ""shipment_id"": ""S0144"", ""source_id"": ""D"", ""source_name"": ""Lunar-ISRU"", ""unfulfilled_request_t"": 0.0}]","{""A"": 14.166666666666666, ""C"": 6.666666666666666, ""D"": 4.183333333333332}","{""A"": 14.166666666666666, ""C"": 6.666666666666666, ""D"": 4.183333333333332}",25.016666666666666,0.3002,24.716466666666665,24.716466666666665,0.0,69.47179999961429,17.5,9.166666666666668,0.0,0.0,42.80513333294762,ZBO,120.0,0.012,"[""ZBO"", ""EARTH_NEW"", ""LUNAR_ISRU""]",2.6268139999768576,6.833333333333333,[]
2039-02,42.80513333294762,26.666666666666668,17.5,"{""A"": 180.0, ""B"": 0, ""C"": 80.0, ""D"": 89.3, ""E"": 0}","{""A"": 15.0, ""C"": 6.6666666667, ""D"": 7.441666666666666}","[{""actual_arrival_month"": ""2039-03"", ""actual_delivery_share"": 1.0, ""availability_share"": 1.0, ""feasible_t"": 14.166666666666666, ""gross_delivery_t"": 14.166666666666666, ""order_month"": ""2038-03"", ""ordered_t"": 14.166666666666666, ""planned_arrival_month"": ""2039-03"", ""requested_t"": 14.166666666666666, ""shipment_id"": ""S0039"", ""source_id"": ""A"", ""source_name"": ""Earth-Core"", ""unfulfilled_request_t"": 0.0}, {""actual_arrival_month"": ""2039-04"", ""actual_delivery_share"": 1.0, ""availability_share"": 1.0, ""feasible_t"": 14.166666666666666, ""gross_delivery_t"": 14.166666666666666, ""order_month"": ""2038-04"", ""ordered_t"": 14.166666666666666, ""planned_arrival_month"": ""2039-04"", ""requested_t"": 14.166666666666666, ""shipment_id"": ""S0040"", ""source_id"": ""A"", ""source_name"": ""Earth-Core"", ""unfulfilled_request_t"": 0.0}, {""actual_arrival_month"": ""2039-05"", ""actual_delivery_share"": 1.0, ""availability_share"": 1.0, ""feasible_t"": 14.166666666666666, ""gross_delivery_t"": 14.166666666666666, ""order_month"": ""2038-05"", ""ordered_t"": 14.166666666666666, ""planned_arrival_month"": ""2039-05"", ""requested_t"": 14.166666666666666, ""shipment_id"": ""S0041"", ""source_id"": ""A"", ""source_name"": ""Earth-Core"", ""unfulfilled_request_t"": 0.0}, {""actual_arrival_month"": ""2039-06"", ""actual_delivery_share"": 1.0, ""availability_share"": 1.0, ""feasible_t"": 14.166666666666666, ""gross_delivery_t"": 14.166666666666666, ""order_month"": ""2038-06"", ""ordered_t"": 14.166666666666666, ""planned_arrival_month"": ""2039-06"", ""requested_t"": 14.166666666666666, ""shipment_id"": ""S0042"", ""source_id"": ""A"", ""source_name"": ""Earth-Core"", ""unfulfilled_request_t"": 0.0}, {""actual_arrival_month"": ""2039-07"", ""actual_delivery_share"": 1.0, ""availability_share"": 1.0, ""feasible_t"": 14.166666666666666, ""gross_delivery_t"": 14.166666666666666, ""order_month"": ""2038-07"", ""ordered_t"": 14.166666666666666, ""planned_arrival_month"": ""2039-07"", ""requested_t"": 14.166666666666666, ""shipment_id"": ""S0043"", ""source_id"": ""A"", ""source_name"": ""Earth-Core"", ""unfulfilled_request_t"": 0.0}, {""actual_arrival_month"": ""2039-08"", ""actual_delivery_share"": 1.0, ""availability_share"": 1.0, ""feasible_t"": 14.166666666666666, ""gross_delivery_t"": 14.166666666666666, ""order_month"": ""2038-08"", ""ordered_t"": 14.166666666666666, ""planned_arrival_month"": ""2039-08"", ""requested_t"": 14.166666666666666, ""shipment_id"": ""S0044"", ""source_id"": ""A"", ""source_name"": ""Earth-Core"", ""unfulfilled_request_t"": 0.0}, {""actual_arrival_month"": ""2039-09"", ""actual_delivery_share"": 1.0, ""availability_share"": 1.0, ""feasible_t"": 14.166666666666666, ""gross_delivery_t"": 14.166666666666666, ""order_month"": ""2038-09"", ""ordered_t"": 14.166666666666666, ""planned_arrival_month"": ""2039-09"", ""requested_t"": 14.166666666666666, ""shipment_id"": ""S0045"", ""source_id"": ""A"", ""source_name"": ""Earth-Core"", ""unfulfilled_request_t"": 0.0}, {""actual_arrival_month"": ""2039-10"", ""actual_delivery_share"": 1.0, ""availability_share"": 1.0, ""feasible_t"": 14.166666666666666, ""gross_delivery_t"": 14.166666666666666, ""order_month"": ""2038-10"", ""ordered_t"": 14.166666666666666, ""planned_arrival_month"": ""2039-10"", ""requested_t"": 14.166666666666666, ""shipment_id"": ""S0046"", ""source_id"": ""A"", ""source_name"": ""Earth-Core"", ""unfulfilled_request_t"": 0.0}, {""actual_arrival_month"": ""2039-11"", ""actual_delivery_share"": 1.0, ""availability_share"": 1.0, ""feasible_t"": 14.166666666666666, ""gross_delivery_t"": 14.166666666666666, ""order_month"": ""2038-11"", ""ordered_t"": 14.166666666666666, ""planned_arrival_month"": ""2039-11"", ""requested_t"": 14.166666666666666, ""shipment_id"": ""S0047"", ""source_id"": ""A"", ""source_name"": ""Earth-Core"", ""unfulfilled_request_t"": 0.0}, {""actual_arrival_month"": ""2039-12"", ""actual_delivery_share"": 1.0, ""availability_share"": 1.0, ""feasible_t"": 14.166666666666666, ""gross_delivery_t"": 14.166666666666666, ""order_month"": ""2038-12"", ""ordered_t"": 14.166666666666666, ""planned_arrival_month"": ""2039-12"", ""requested_t"": 14.166666666666666, ""shipment_id"": ""S0048"", ""source_id"": ""A"", ""source_name"": ""Earth-Core"", ""unfulfilled_request_t"": 0.0}, {""actual_arrival_month"": ""2040-01"", ""actual_delivery_share"": 1.0, ""availability_share"": 1.0, ""feasible_t"": 15.0, ""gross_delivery_t"": 15.0, ""order_month"": ""2039-01"", ""ordered_t"": 15.0, ""planned_arrival_month"": ""2040-01"", ""requested_t"": 15.0, ""shipment_id"": ""S0049"", ""source_id"": ""A"", ""source_name"": ""Earth-Core"", ""unfulfilled_request_t"": 0.0}, {""actual_arrival_month"": ""2040-02"", ""actual_delivery_share"": 1.0, ""availability_share"": 1.0, ""feasible_t"": 15.0, ""gross_delivery_t"": 15.0, ""order_month"": ""2039-02"", ""ordered_t"": 15.0, ""planned_arrival_month"": ""2040-02"", ""requested_t"": 15.0, ""shipment_id"": ""S0050"", ""source_id"": ""A"", ""source_name"": ""Earth-Core"", ""unfulfilled_request_t"": 0.0}, {""actual_arrival_month"": ""2039-03"", ""actual_delivery_share"": 1.0, ""availability_share"": 1.0, ""feasible_t"": 7.441666666666666, ""gross_delivery_t"": 7.441666666666666, ""order_month"": ""2039-01"", ""ordered_t"": 7.441666666666666, ""planned_arrival_month"": ""2039-03"", ""requested_t"": 7.441666666666666, ""shipment_id"": ""S0144"", ""source_id"": ""D"", ""source_name"": ""Lunar-ISRU"", ""unfulfilled_request_t"": 0.0}, {""actual_arrival_month"": ""2039-04"", ""actual_delivery_share"": 1.0, ""availability_share"": 1.0, ""feasible_t"": 7.441666666666666, ""gross_delivery_t"": 7.441666666666666, ""order_month"": ""2039-02"", ""ordered_t"": 7.441666666666666, ""planned_arrival_month"": ""2039-04"", ""requested_t"": 7.441666666666666, ""shipment_id"": ""S0145"", ""source_id"": ""D"", ""source_name"": ""Lunar-ISRU"", ""unfulfilled_request_t"": 0.0}]","{""A"": 14.166666666666666, ""C"": 6.666666666666666, ""D"": 4.183333333333332}","{""A"": 14.166666666666666, ""C"": 6.666666666666666, ""D"": 4.183333333333332}",25.016666666666666,0.3002,24.716466666666665,24.716466666666665,0.0,67.52159999961428,17.5,9.166666666666668,0.0,0.0,40.85493333294761,ZBO,120.0,0.012,"[""ZBO"", ""EARTH_NEW"", ""LUNAR_ISRU""]",2.509801999976857,6.833333333333333,[]
2039-03,40.85493333294761,26.666666666666668,17.5,"{""A"": 180.0, ""B"": 0, ""C"": 80.0, ""D"": 89.3, ""E"": 0}","{""A"": 15.0, ""C"": 6.6666666667, ""D"": 7.441666666666666}","[{""actual_arrival_month"": ""2039-04"", ""actual_delivery_share"": 1.0, ""availability_share"": 1.0, ""feasible_t"": 14.166666666666666, ""gross_delivery_t"": 14.166666666666666, ""order_month"": ""2038-04"", ""ordered_t"": 14.166666666666666, ""planned_arrival_month"": ""2039-04"", ""requested_t"": 14.166666666666666, ""shipment_id"": ""S0040"", ""source_id"": ""A"", ""source_name"": ""Earth-Core"", ""unfulfilled_request_t"": 0.0}, {""actual_arrival_month"": ""2039-05"", ""actual_delivery_share"": 1.0, ""availability_share"": 1.0, ""feasible_t"": 14.166666666666666, ""gross_delivery_t"": 14.166666666666666, ""order_month"": ""2038-05"", ""ordered_t"": 14.166666666666666, ""planned_arrival_month"": ""2039-05"", ""requested_t"": 14.166666666666666, ""shipment_id"": ""S0041"", ""source_id"": ""A"", ""source_name"": ""Earth-Core"", ""unfulfilled_request_t"": 0.0}, {""actual_arrival_month"": ""2039-06"", ""actual_delivery_share"": 1.0, ""availability_share"": 1.0, ""feasible_t"": 14.166666666666666, ""gross_delivery_t"": 14.166666666666666, ""order_month"": ""2038-06"", ""ordered_t"": 14.166666666666666, ""planned_arrival_month"": ""2039-06"", ""requested_t"": 14.166666666666666, ""shipment_id"": ""S0042"", ""source_id"": ""A"", ""source_name"": ""Earth-Core"", ""unfulfilled_request_t"": 0.0}, {""actual_arrival_month"": ""2039-07"", ""actual_delivery_share"": 1.0, ""availability_share"": 1.0, ""feasible_t"": 14.166666666666666, ""gross_delivery_t"": 14.166666666666666, ""order_month"": ""2038-07"", ""ordered_t"": 14.166666666666666, ""planned_arrival_month"": ""2039-07"", ""requested_t"": 14.166666666666666, ""shipment_id"": ""S0043"", ""source_id"": ""A"", ""source_name"": ""Earth-Core"", ""unfulfilled_request_t"": 0.0}, {""actual_arrival_month"": ""2039-08"", ""actual_delivery_share"": 1.0, ""availability_share"": 1.0, ""feasible_t"": 14.166666666666666, ""gross_delivery_t"": 14.166666666666666, ""order_month"": ""2038-08"", ""ordered_t"": 14.166666666666666, ""planned_arrival_month"": ""2039-08"", ""requested_t"": 14.166666666666666, ""shipment_id"": ""S0044"", ""source_id"": ""A"", ""source_name"": ""Earth-Core"", ""unfulfilled_request_t"": 0.0}, {""actual_arrival_month"": ""2039-09"", ""actual_delivery_share"": 1.0, ""availability_share"": 1.0, ""feasible_t"": 14.166666666666666, ""gross_delivery_t"": 14.166666666666666, ""order_month"": ""2038-09"", ""ordered_t"": 14.166666666666666, ""planned_arrival_month"": ""2039-09"", ""requested_t"": 14.166666666666666, ""shipment_id"": ""S0045"", ""source_id"": ""A"", ""source_name"": ""Earth-Core"", ""unfulfilled_request_t"": 0.0}, {""actual_arrival_month"": ""2039-10"", ""actual_delivery_share"": 1.0, ""availability_share"": 1.0, ""feasible_t"": 14.166666666666666, ""gross_delivery_t"": 14.166666666666666, ""order_month"": ""2038-10"", ""ordered_t"": 14.166666666666666, ""planned_arrival_month"": ""2039-10"", ""requested_t"": 14.166666666666666, ""shipment_id"": ""S0046"", ""source_id"": ""A"", ""source_name"": ""Earth-Core"", ""unfulfilled_request_t"": 0.0}, {""actual_arrival_month"": ""2039-11"", ""actual_delivery_share"": 1.0, ""availability_share"": 1.0, ""feasible_t"": 14.166666666666666, ""gross_delivery_t"": 14.166666666666666, ""order_month"": ""2038-11"", ""ordered_t"": 14.166666666666666, ""planned_arrival_month"": ""2039-11"", ""requested_t"": 14.166666666666666, ""shipment_id"": ""S0047"", ""source_id"": ""A"", ""source_name"": ""Earth-Core"", ""unfulfilled_request_t"": 0.0}, {""actual_arrival_month"": ""2039-12"", ""actual_delivery_share"": 1.0, ""availability_share"": 1.0, ""feasible_t"": 14.166666666666666, ""gross_delivery_t"": 14.166666666666666, ""order_month"": ""2038-12"", ""ordered_t"": 14.166666666666666, ""planned_arrival_month"": ""2039-12"", ""requested_t"": 14.166666666666666, ""shipment_id"": ""S0048"", ""source_id"": ""A"", ""source_name"": ""Earth-Core"", ""unfulfilled_request_t"": 0.0}, {""actual_arrival_month"": ""2040-01"", ""actual_delivery_share"": 1.0, ""availability_share"": 1.0, ""feasible_t"": 15.0, ""gross_delivery_t"": 15.0, ""order_month"": ""2039-01"", ""ordered_t"": 15.0, ""planned_arrival_month"": ""2040-01"", ""requested_t"": 15.0, ""shipment_id"": ""S0049"", ""source_id"": ""A"", ""source_name"": ""Earth-Core"", ""unfulfilled_request_t"": 0.0}, {""actual_arrival_month"": ""2040-02"", ""actual_delivery_share"": 1.0, ""availability_share"": 1.0, ""feasible_t"": 15.0, ""gross_delivery_t"": 15.0, ""order_month"": ""2039-02"", ""ordered_t"": 15.0, ""planned_arrival_month"": ""2040-02"", ""requested_t"": 15.0, ""shipment_id"": ""S0050"", ""source_id"": ""A"", ""source_name"": ""Earth-Core"", ""unfulfilled_request_t"": 0.0}, {""actual_arrival_month"": ""2040-03"", ""actual_delivery_share"": 1.0, ""availability_share"": 1.0, ""feasible_t"": 15.0, ""gross_delivery_t"": 15.0, ""order_month"": ""2039-03"", ""ordered_t"": 15.0, ""planned_arrival_month"": ""2040-03"", ""requested_t"": 15.0, ""shipment_id"": ""S0051"", ""source_id"": ""A"", ""source_name"": ""Earth-Core"", ""unfulfilled_request_t"": 0.0}, {""actual_arrival_month"": ""2039-04"", ""actual_delivery_share"": 1.0, ""availability_share"": 1.0, ""feasible_t"": 7.441666666666666, ""gross_delivery_t"": 7.441666666666666, ""order_month"": ""2039-02"", ""ordered_t"": 7.441666666666666, ""planned_arrival_month"": ""2039-04"", ""requested_t"": 7.441666666666666, ""shipment_id"": ""S0145"", ""source_id"": ""D"", ""source_name"": ""Lunar-ISRU"", ""unfulfilled_request_t"": 0.0}, {""actual_arrival_month"": ""2039-05"", ""actual_delivery_share"": 1.0, ""availability_share"": 1.0, ""feasible_t"": 7.441666666666666, ""gross_delivery_t"": 7.441666666666666, ""order_month"": ""2039-03"", ""ordered_t"": 7.441666666666666, ""planned_arrival_month"": ""2039-05"", ""requested_t"": 7.441666666666666, ""shipment_id"": ""S0146"", ""source_id"": ""D"", ""source_name"": ""Lunar-ISRU"", ""unfulfilled_request_t"": 0.0}]","{""A"": 14.166666666666666, ""C"": 6.666666666666666, ""D"": 7.441666666666666}","{""A"": 14.166666666666666, ""C"": 6.666666666666666, ""D"": 7.441666666666666}",28.275,0.3393,27.935699999999997,27.935699999999997,0.0,68.7906333329476,17.5,9.166666666666668,0.0,0.0,42.123966666280936,ZBO,120.0,0.012,"[""ZBO"", ""EARTH_NEW"", ""LUNAR_ISRU""]",2.4893669999768564,6.833333333333333,[]
2039-04,42.123966666280936,26.666666666666668,17.5,"{""A"": 180.0, ""B"": 0, ""C"": 80.0, ""D"": 89.3, ""E"": 0}","{""A"": 15.0, ""C"": 6.6666666667, ""D"": 7.441666666666666}","[{""actual_arrival_month"": ""2039-05"", ""actual_delivery_share"": 1.0, ""availability_share"": 1.0, ""feasible_t"": 14.166666666666666, ""gross_delivery_t"": 14.166666666666666, ""order_month"": ""2038-05"", ""ordered_t"": 14.166666666666666, ""planned_arrival_month"": ""2039-05"", ""requested_t"": 14.166666666666666, ""shipment_id"": ""S0041"", ""source_id"": ""A"", ""source_name"": ""Earth-Core"", ""unfulfilled_request_t"": 0.0}, {""actual_arrival_month"": ""2039-06"", ""actual_delivery_share"": 1.0, ""availability_share"": 1.0, ""feasible_t"": 14.166666666666666, ""gross_delivery_t"": 14.166666666666666, ""order_month"": ""2038-06"", ""ordered_t"": 14.166666666666666, ""planned_arrival_month"": ""2039-06"", ""requested_t"": 14.166666666666666, ""shipment_id"": ""S0042"", ""source_id"": ""A"", ""source_name"": ""Earth-Core"", ""unfulfilled_request_t"": 0.0}, {""actual_arrival_month"": ""2039-07"", ""actual_delivery_share"": 1.0, ""availability_share"": 1.0, ""feasible_t"": 14.166666666666666, ""gross_delivery_t"": 14.166666666666666, ""order_month"": ""2038-07"", ""ordered_t"": 14.166666666666666, ""planned_arrival_month"": ""2039-07"", ""requested_t"": 14.166666666666666, ""shipment_id"": ""S0043"", ""source_id"": ""A"", ""source_name"": ""Earth-Core"", ""unfulfilled_request_t"": 0.0}, {""actual_arrival_month"": ""2039-08"", ""actual_delivery_share"": 1.0, ""availability_share"": 1.0, ""feasible_t"": 14.166666666666666, ""gross_delivery_t"": 14.166666666666666, ""order_month"": ""2038-08"", ""ordered_t"": 14.166666666666666, ""planned_arrival_month"": ""2039-08"", ""requested_t"": 14.166666666666666, ""shipment_id"": ""S0044"", ""source_id"": ""A"", ""source_name"": ""Earth-Core"", ""unfulfilled_request_t"": 0.0}, {""actual_arrival_month"": ""2039-09"", ""actual_delivery_share"": 1.0, ""availability_share"": 1.0, ""feasible_t"": 14.166666666666666, ""gross_delivery_t"": 14.166666666666666, ""order_month"": ""2038-09"", ""ordered_t"": 14.166666666666666, ""planned_arrival_month"": ""2039-09"", ""requested_t"": 14.166666666666666, ""shipment_id"": ""S0045"", ""source_id"": ""A"", ""source_name"": ""Earth-Core"", ""unfulfilled_request_t"": 0.0}, {""actual_arrival_month"": ""2039-10"", ""actual_delivery_share"": 1.0, ""availability_share"": 1.0, ""feasible_t"": 14.166666666666666, ""gross_delivery_t"": 14.166666666666666, ""order_month"": ""2038-10"", ""ordered_t"": 14.166666666666666, ""planned_arrival_month"": ""2039-10"", ""requested_t"": 14.166666666666666, ""shipment_id"": ""S0046"", ""source_id"": ""A"", ""source_name"": ""Earth-Core"", ""unfulfilled_request_t"": 0.0}, {""actual_arrival_month"": ""2039-11"", ""actual_delivery_share"": 1.0, ""availability_share"": 1.0, ""feasible_t"": 14.166666666666666, ""gross_delivery_t"": 14.166666666666666, ""order_month"": ""2038-11"", ""ordered_t"": 14.166666666666666, ""planned_arrival_month"": ""2039-11"", ""requested_t"": 14.166666666666666, ""shipment_id"": ""S0047"", ""source_id"": ""A"", ""source_name"": ""Earth-Core"", ""unfulfilled_request_t"": 0.0}, {""actual_arrival_month"": ""2039-12"", ""actual_delivery_share"": 1.0, ""availability_share"": 1.0, ""feasible_t"": 14.166666666666666, ""gross_delivery_t"": 14.166666666666666, ""order_month"": ""2038-12"", ""ordered_t"": 14.166666666666666, ""planned_arrival_month"": ""2039-12"", ""requested_t"": 14.166666666666666, ""shipment_id"": ""S0048"", ""source_id"": ""A"", ""source_name"": ""Earth-Core"", ""unfulfilled_request_t"": 0.0}, {""actual_arrival_month"": ""2040-01"", ""actual_delivery_share"": 1.0, ""availability_share"": 1.0, ""feasible_t"": 15.0, ""gross_delivery_t"": 15.0, ""order_month"": ""2039-01"", ""ordered_t"": 15.0, ""planned_arrival_month"": ""2040-01"", ""requested_t"": 15.0, ""shipment_id"": ""S0049"", ""source_id"": ""A"", ""source_name"": ""Earth-Core"", ""unfulfilled_request_t"": 0.0}, {""actual_arrival_month"": ""2040-02"", ""actual_delivery_share"": 1.0, ""availability_share"": 1.0, ""feasible_t"": 15.0, ""gross_delivery_t"": 15.0, ""order_month"": ""2039-02"", ""ordered_t"": 15.0, ""planned_arrival_month"": ""2040-02"", ""requested_t"": 15.0, ""shipment_id"": ""S0050"", ""source_id"": ""A"", ""source_name"": ""Earth-Core"", ""unfulfilled_request_t"": 0.0}, {""actual_arrival_month"": ""2040-03"", ""actual_delivery_share"": 1.0, ""availability_share"": 1.0, ""feasible_t"": 15.0, ""gross_delivery_t"": 15.0, ""order_month"": ""2039-03"", ""ordered_t"": 15.0, ""planned_arrival_month"": ""2040-03"", ""requested_t"": 15.0, ""shipment_id"": ""S0051"", ""source_id"": ""A"", ""source_name"": ""Earth-Core"", ""unfulfilled_request_t"": 0.0}, {""actual_arrival_month"": ""2040-04"", ""actual_delivery_share"": 1.0, ""availability_share"": 1.0, ""feasible_t"": 15.0, ""gross_delivery_t"": 15.0, ""order_month"": ""2039-04"", ""ordered_t"": 15.0, ""planned_arrival_month"": ""2040-04"", ""requested_t"": 15.0, ""shipment_id"": ""S0052"", ""source_id"": ""A"", ""source_name"": ""Earth-Core"", ""unfulfilled_request_t"": 0.0}, {""actual_arrival_month"": ""2039-05"", ""actual_delivery_share"": 1.0, ""availability_share"": 1.0, ""feasible_t"": 7.441666666666666, ""gross_delivery_t"": 7.441666666666666, ""order_month"": ""2039-03"", ""ordered_t"": 7.441666666666666, ""planned_arrival_month"": ""2039-05"", ""requested_t"": 7.441666666666666, ""shipment_id"": ""S0146"", ""source_id"": ""D"", ""source_name"": ""Lunar-ISRU"", ""unfulfilled_request_t"": 0.0}, {""actual_arrival_month"": ""2039-06"", ""actual_delivery_share"": 1.0, ""availability_share"": 1.0, ""feasible_t"": 7.441666666666666, ""gross_delivery_t"": 7.441666666666666, ""order_month"": ""2039-04"", ""ordered_t"": 7.441666666666666, ""planned_arrival_month"": ""2039-06"", ""requested_t"": 7.441666666666666, ""shipment_id"": ""S0147"", ""source_id"": ""D"", ""source_name"": ""Lunar-ISRU"", ""unfulfilled_request_t"": 0.0}]","{""A"": 14.166666666666666, ""C"": 6.666666666666666, ""D"": 7.441666666666666}","{""A"": 14.166666666666666, ""C"": 6.666666666666666, ""D"": 7.441666666666666}",28.275,0.3393,27.935699999999997,27.935699999999997,0.0,70.05966666628093,17.5,9.166666666666668,0.0,0.0,43.39299999961426,ZBO,120.0,0.012,"[""ZBO"", ""EARTH_NEW"", ""LUNAR_ISRU""]",2.565508999976856,6.833333333333333,[]
2039-05,43.39299999961426,26.666666666666668,17.5,"{""A"": 180.0, ""B"": 0, ""C"": 80.0, ""D"": 89.3, ""E"": 0}","{""A"": 15.0, ""C"": 6.6666666667, ""D"": 7.441666666666666}","[{""actual_arrival_month"": ""2039-06"", ""actual_delivery_share"": 1.0, ""availability_share"": 1.0, ""feasible_t"": 14.166666666666666, ""gross_delivery_t"": 14.166666666666666, ""order_month"": ""2038-06"", ""ordered_t"": 14.166666666666666, ""planned_arrival_month"": ""2039-06"", ""requested_t"": 14.166666666666666, ""shipment_id"": ""S0042"", ""source_id"": ""A"", ""source_name"": ""Earth-Core"", ""unfulfilled_request_t"": 0.0}, {""actual_arrival_month"": ""2039-07"", ""actual_delivery_share"": 1.0, ""availability_share"": 1.0, ""feasible_t"": 14.166666666666666, ""gross_delivery_t"": 14.166666666666666, ""order_month"": ""2038-07"", ""ordered_t"": 14.166666666666666, ""planned_arrival_month"": ""2039-07"", ""requested_t"": 14.166666666666666, ""shipment_id"": ""S0043"", ""source_id"": ""A"", ""source_name"": ""Earth-Core"", ""unfulfilled_request_t"": 0.0}, {""actual_arrival_month"": ""2039-08"", ""actual_delivery_share"": 1.0, ""availability_share"": 1.0, ""feasible_t"": 14.166666666666666, ""gross_delivery_t"": 14.166666666666666, ""order_month"": ""2038-08"", ""ordered_t"": 14.166666666666666, ""planned_arrival_month"": ""2039-08"", ""requested_t"": 14.166666666666666, ""shipment_id"": ""S0044"", ""source_id"": ""A"", ""source_name"": ""Earth-Core"", ""unfulfilled_request_t"": 0.0}, {""actual_arrival_month"": ""2039-09"", ""actual_delivery_share"": 1.0, ""availability_share"": 1.0, ""feasible_t"": 14.166666666666666, ""gross_delivery_t"": 14.166666666666666, ""order_month"": ""2038-09"", ""ordered_t"": 14.166666666666666, ""planned_arrival_month"": ""2039-09"", ""requested_t"": 14.166666666666666, ""shipment_id"": ""S0045"", ""source_id"": ""A"", ""source_name"": ""Earth-Core"", ""unfulfilled_request_t"": 0.0}, {""actual_arrival_month"": ""2039-10"", ""actual_delivery_share"": 1.0, ""availability_share"": 1.0, ""feasible_t"": 14.166666666666666, ""gross_delivery_t"": 14.166666666666666, ""order_month"": ""2038-10"", ""ordered_t"": 14.166666666666666, ""planned_arrival_month"": ""2039-10"", ""requested_t"": 14.166666666666666, ""shipment_id"": ""S0046"", ""source_id"": ""A"", ""source_name"": ""Earth-Core"", ""unfulfilled_request_t"": 0.0}, {""actual_arrival_month"": ""2039-11"", ""actual_delivery_share"": 1.0, ""availability_share"": 1.0, ""feasible_t"": 14.166666666666666, ""gross_delivery_t"": 14.166666666666666, ""order_month"": ""2038-11"", ""ordered_t"": 14.166666666666666, ""planned_arrival_month"": ""2039-11"", ""requested_t"": 14.166666666666666, ""shipment_id"": ""S0047"", ""source_id"": ""A"", ""source_name"": ""Earth-Core"", ""unfulfilled_request_t"": 0.0}, {""actual_arrival_month"": ""2039-12"", ""actual_delivery_share"": 1.0, ""availability_share"": 1.0, ""feasible_t"": 14.166666666666666, ""gross_delivery_t"": 14.166666666666666, ""order_month"": ""2038-12"", ""ordered_t"": 14.166666666666666, ""planned_arrival_month"": ""2039-12"", ""requested_t"": 14.166666666666666, ""shipment_id"": ""S0048"", ""source_id"": ""A"", ""source_name"": ""Earth-Core"", ""unfulfilled_request_t"": 0.0}, {""actual_arrival_month"": ""2040-01"", ""actual_delivery_share"": 1.0, ""availability_share"": 1.0, ""feasible_t"": 15.0, ""gross_delivery_t"": 15.0, ""order_month"": ""2039-01"", ""ordered_t"": 15.0, ""planned_arrival_month"": ""2040-01"", ""requested_t"": 15.0, ""shipment_id"": ""S0049"", ""source_id"": ""A"", ""source_name"": ""Earth-Core"", ""unfulfilled_request_t"": 0.0}, {""actual_arrival_month"": ""2040-02"", ""actual_delivery_share"": 1.0, ""availability_share"": 1.0, ""feasible_t"": 15.0, ""gross_delivery_t"": 15.0, ""order_month"": ""2039-02"", ""ordered_t"": 15.0, ""planned_arrival_month"": ""2040-02"", ""requested_t"": 15.0, ""shipment_id"": ""S0050"", ""source_id"": ""A"", ""source_name"": ""Earth-Core"", ""unfulfilled_request_t"": 0.0}, {""actual_arrival_month"": ""2040-03"", ""actual_delivery_share"": 1.0, ""availability_share"": 1.0, ""feasible_t"": 15.0, ""gross_delivery_t"": 15.0, ""order_month"": ""2039-03"", ""ordered_t"": 15.0, ""planned_arrival_month"": ""2040-03"", ""requested_t"": 15.0, ""shipment_id"": ""S0051"", ""source_id"": ""A"", ""source_name"": ""Earth-Core"", ""unfulfilled_request_t"": 0.0}, {""actual_arrival_month"": ""2040-04"", ""actual_delivery_share"": 1.0, ""availability_share"": 1.0, ""feasible_t"": 15.0, ""gross_delivery_t"": 15.0, ""order_month"": ""2039-04"", ""ordered_t"": 15.0, ""planned_arrival_month"": ""2040-04"", ""requested_t"": 15.0, ""shipment_id"": ""S0052"", ""source_id"": ""A"", ""source_name"": ""Earth-Core"", ""unfulfilled_request_t"": 0.0}, {""actual_arrival_month"": ""2040-05"", ""actual_delivery_share"": 1.0, ""availability_share"": 1.0, ""feasible_t"": 15.0, ""gross_delivery_t"": 15.0, ""order_month"": ""2039-05"", ""ordered_t"": 15.0, ""planned_arrival_month"": ""2040-05"", ""requested_t"": 15.0, ""shipment_id"": ""S0053"", ""source_id"": ""A"", ""source_name"": ""Earth-Core"", ""unfulfilled_request_t"": 0.0}, {""actual_arrival_month"": ""2039-06"", ""actual_delivery_share"": 1.0, ""availability_share"": 1.0, ""feasible_t"": 7.441666666666666, ""gross_delivery_t"": 7.441666666666666, ""order_month"": ""2039-04"", ""ordered_t"": 7.441666666666666, ""planned_arrival_month"": ""2039-06"", ""requested_t"": 7.441666666666666, ""shipment_id"": ""S0147"", ""source_id"": ""D"", ""source_name"": ""Lunar-ISRU"", ""unfulfilled_request_t"": 0.0}, {""actual_arrival_month"": ""2039-07"", ""actual_delivery_share"": 1.0, ""availability_share"": 1.0, ""feasible_t"": 7.441666666666666, ""gross_delivery_t"": 7.441666666666666, ""order_month"": ""2039-05"", ""ordered_t"": 7.441666666666666, ""planned_arrival_month"": ""2039-07"", ""requested_t"": 7.441666666666666, ""shipment_id"": ""S0148"", ""source_id"": ""D"", ""source_name"": ""Lunar-ISRU"", ""unfulfilled_request_t"": 0.0}]","{""A"": 14.166666666666666, ""C"": 6.666666666666666, ""D"": 7.441666666666666}","{""A"": 14.166666666666666, ""C"": 6.666666666666666, ""D"": 7.441666666666666}",28.275,0.3393,27.935699999999997,27.935699999999997,0.0,71.32869999961426,17.5,9.166666666666668,0.0,0.0,44.66203333294759,ZBO,120.0,0.012,"[""ZBO"", ""EARTH_NEW"", ""LUNAR_ISRU""]",2.6416509999768554,6.833333333333333,[]
2039-06,44.66203333294759,26.666666666666668,17.5,"{""A"": 180.0, ""B"": 0, ""C"": 80.0, ""D"": 89.3, ""E"": 0}","{""A"": 15.0, ""C"": 6.6666666667, ""D"": 7.441666666666666}","[{""actual_arrival_month"": ""2039-07"", ""actual_delivery_share"": 1.0, ""availability_share"": 1.0, ""feasible_t"": 14.166666666666666, ""gross_delivery_t"": 14.166666666666666, ""order_month"": ""2038-07"", ""ordered_t"": 14.166666666666666, ""planned_arrival_month"": ""2039-07"", ""requested_t"": 14.166666666666666, ""shipment_id"": ""S0043"", ""source_id"": ""A"", ""source_name"": ""Earth-Core"", ""unfulfilled_request_t"": 0.0}, {""actual_arrival_month"": ""2039-08"", ""actual_delivery_share"": 1.0, ""availability_share"": 1.0, ""feasible_t"": 14.166666666666666, ""gross_delivery_t"": 14.166666666666666, ""order_month"": ""2038-08"", ""ordered_t"": 14.166666666666666, ""planned_arrival_month"": ""2039-08"", ""requested_t"": 14.166666666666666, ""shipment_id"": ""S0044"", ""source_id"": ""A"", ""source_name"": ""Earth-Core"", ""unfulfilled_request_t"": 0.0}, {""actual_arrival_month"": ""2039-09"", ""actual_delivery_share"": 1.0, ""availability_share"": 1.0, ""feasible_t"": 14.166666666666666, ""gross_delivery_t"": 14.166666666666666, ""order_month"": ""2038-09"", ""ordered_t"": 14.166666666666666, ""planned_arrival_month"": ""2039-09"", ""requested_t"": 14.166666666666666, ""shipment_id"": ""S0045"", ""source_id"": ""A"", ""source_name"": ""Earth-Core"", ""unfulfilled_request_t"": 0.0}, {""actual_arrival_month"": ""2039-10"", ""actual_delivery_share"": 1.0, ""availability_share"": 1.0, ""feasible_t"": 14.166666666666666, ""gross_delivery_t"": 14.166666666666666, ""order_month"": ""2038-10"", ""ordered_t"": 14.166666666666666, ""planned_arrival_month"": ""2039-10"", ""requested_t"": 14.166666666666666, ""shipment_id"": ""S0046"", ""source_id"": ""A"", ""source_name"": ""Earth-Core"", ""unfulfilled_request_t"": 0.0}, {""actual_arrival_month"": ""2039-11"", ""actual_delivery_share"": 1.0, ""availability_share"": 1.0, ""feasible_t"": 14.166666666666666, ""gross_delivery_t"": 14.166666666666666, ""order_month"": ""2038-11"", ""ordered_t"": 14.166666666666666, ""planned_arrival_month"": ""2039-11"", ""requested_t"": 14.166666666666666, ""shipment_id"": ""S0047"", ""source_id"": ""A"", ""source_name"": ""Earth-Core"", ""unfulfilled_request_t"": 0.0}, {""actual_arrival_month"": ""2039-12"", ""actual_delivery_share"": 1.0, ""availability_share"": 1.0, ""feasible_t"": 14.166666666666666, ""gross_delivery_t"": 14.166666666666666, ""order_month"": ""2038-12"", ""ordered_t"": 14.166666666666666, ""planned_arrival_month"": ""2039-12"", ""requested_t"": 14.166666666666666, ""shipment_id"": ""S0048"", ""source_id"": ""A"", ""source_name"": ""Earth-Core"", ""unfulfilled_request_t"": 0.0}, {""actual_arrival_month"": ""2040-01"", ""actual_delivery_share"": 1.0, ""availability_share"": 1.0, ""feasible_t"": 15.0, ""gross_delivery_t"": 15.0, ""order_month"": ""2039-01"", ""ordered_t"": 15.0, ""planned_arrival_month"": ""2040-01"", ""requested_t"": 15.0, ""shipment_id"": ""S0049"", ""source_id"": ""A"", ""source_name"": ""Earth-Core"", ""unfulfilled_request_t"": 0.0}, {""actual_arrival_month"": ""2040-02"", ""actual_delivery_share"": 1.0, ""availability_share"": 1.0, ""feasible_t"": 15.0, ""gross_delivery_t"": 15.0, ""order_month"": ""2039-02"", ""ordered_t"": 15.0, ""planned_arrival_month"": ""2040-02"", ""requested_t"": 15.0, ""shipment_id"": ""S0050"", ""source_id"": ""A"", ""source_name"": ""Earth-Core"", ""unfulfilled_request_t"": 0.0}, {""actual_arrival_month"": ""2040-03"", ""actual_delivery_share"": 1.0, ""availability_share"": 1.0, ""feasible_t"": 15.0, ""gross_delivery_t"": 15.0, ""order_month"": ""2039-03"", ""ordered_t"": 15.0, ""planned_arrival_month"": ""2040-03"", ""requested_t"": 15.0, ""shipment_id"": ""S0051"", ""source_id"": ""A"", ""source_name"": ""Earth-Core"", ""unfulfilled_request_t"": 0.0}, {""actual_arrival_month"": ""2040-04"", ""actual_delivery_share"": 1.0, ""availability_share"": 1.0, ""feasible_t"": 15.0, ""gross_delivery_t"": 15.0, ""order_month"": ""2039-04"", ""ordered_t"": 15.0, ""planned_arrival_month"": ""2040-04"", ""requested_t"": 15.0, ""shipment_id"": ""S0052"", ""source_id"": ""A"", ""source_name"": ""Earth-Core"", ""unfulfilled_request_t"": 0.0}, {""actual_arrival_month"": ""2040-05"", ""actual_delivery_share"": 1.0, ""availability_share"": 1.0, ""feasible_t"": 15.0, ""gross_delivery_t"": 15.0, ""order_month"": ""2039-05"", ""ordered_t"": 15.0, ""planned_arrival_month"": ""2040-05"", ""requested_t"": 15.0, ""shipment_id"": ""S0053"", ""source_id"": ""A"", ""source_name"": ""Earth-Core"", ""unfulfilled_request_t"": 0.0}, {""actual_arrival_month"": ""2040-06"", ""actual_delivery_share"": 1.0, ""availability_share"": 1.0, ""feasible_t"": 15.0, ""gross_delivery_t"": 15.0, ""order_month"": ""2039-06"", ""ordered_t"": 15.0, ""planned_arrival_month"": ""2040-06"", ""requested_t"": 15.0, ""shipment_id"": ""S0054"", ""source_id"": ""A"", ""source_name"": ""Earth-Core"", ""unfulfilled_request_t"": 0.0}, {""actual_arrival_month"": ""2039-07"", ""actual_delivery_share"": 1.0, ""availability_share"": 1.0, ""feasible_t"": 7.441666666666666, ""gross_delivery_t"": 7.441666666666666, ""order_month"": ""2039-05"", ""ordered_t"": 7.441666666666666, ""planned_arrival_month"": ""2039-07"", ""requested_t"": 7.441666666666666, ""shipment_id"": ""S0148"", ""source_id"": ""D"", ""source_name"": ""Lunar-ISRU"", ""unfulfilled_request_t"": 0.0}, {""actual_arrival_month"": ""2039-08"", ""actual_delivery_share"": 1.0, ""availability_share"": 1.0, ""feasible_t"": 7.441666666666666, ""gross_delivery_t"": 7.441666666666666, ""order_month"": ""2039-06"", ""ordered_t"": 7.441666666666666, ""planned_arrival_month"": ""2039-08"", ""requested_t"": 7.441666666666666, ""shipment_id"": ""S0149"", ""source_id"": ""D"", ""source_name"": ""Lunar-ISRU"", ""unfulfilled_request_t"": 0.0}]","{""A"": 14.166666666666666, ""C"": 6.666666666666666, ""D"": 7.441666666666666}","{""A"": 14.166666666666666, ""C"": 6.666666666666666, ""D"": 7.441666666666666}",28.275,0.3393,27.935699999999997,27.935699999999997,0.0,72.59773333294758,17.5,9.166666666666668,0.0,0.0,45.93106666628091,ZBO,120.0,0.012,"[""ZBO"", ""EARTH_NEW"", ""LUNAR_ISRU""]",2.717792999976855,6.833333333333333,[]
2039-07,45.93106666628091,26.666666666666668,17.5,"{""A"": 180.0, ""B"": 0, ""C"": 80.0, ""D"": 89.3, ""E"": 0}","{""A"": 15.0, ""C"": 6.6666666667, ""D"": 7.441666666666666}","[{""actual_arrival_month"": ""2039-08"", ""actual_delivery_share"": 1.0, ""availability_share"": 1.0, ""feasible_t"": 14.166666666666666, ""gross_delivery_t"": 14.166666666666666, ""order_month"": ""2038-08"", ""ordered_t"": 14.166666666666666, ""planned_arrival_month"": ""2039-08"", ""requested_t"": 14.166666666666666, ""shipment_id"": ""S0044"", ""source_id"": ""A"", ""source_name"": ""Earth-Core"", ""unfulfilled_request_t"": 0.0}, {""actual_arrival_month"": ""2039-09"", ""actual_delivery_share"": 1.0, ""availability_share"": 1.0, ""feasible_t"": 14.166666666666666, ""gross_delivery_t"": 14.166666666666666, ""order_month"": ""2038-09"", ""ordered_t"": 14.166666666666666, ""planned_arrival_month"": ""2039-09"", ""requested_t"": 14.166666666666666, ""shipment_id"": ""S0045"", ""source_id"": ""A"", ""source_name"": ""Earth-Core"", ""unfulfilled_request_t"": 0.0}, {""actual_arrival_month"": ""2039-10"", ""actual_delivery_share"": 1.0, ""availability_share"": 1.0, ""feasible_t"": 14.166666666666666, ""gross_delivery_t"": 14.166666666666666, ""order_month"": ""2038-10"", ""ordered_t"": 14.166666666666666, ""planned_arrival_month"": ""2039-10"", ""requested_t"": 14.166666666666666, ""shipment_id"": ""S0046"", ""source_id"": ""A"", ""source_name"": ""Earth-Core"", ""unfulfilled_request_t"": 0.0}, {""actual_arrival_month"": ""2039-11"", ""actual_delivery_share"": 1.0, ""availability_share"": 1.0, ""feasible_t"": 14.166666666666666, ""gross_delivery_t"": 14.166666666666666, ""order_month"": ""2038-11"", ""ordered_t"": 14.166666666666666, ""planned_arrival_month"": ""2039-11"", ""requested_t"": 14.166666666666666, ""shipment_id"": ""S0047"", ""source_id"": ""A"", ""source_name"": ""Earth-Core"", ""unfulfilled_request_t"": 0.0}, {""actual_arrival_month"": ""2039-12"", ""actual_delivery_share"": 1.0, ""availability_share"": 1.0, ""feasible_t"": 14.166666666666666, ""gross_delivery_t"": 14.166666666666666, ""order_month"": ""2038-12"", ""ordered_t"": 14.166666666666666, ""planned_arrival_month"": ""2039-12"", ""requested_t"": 14.166666666666666, ""shipment_id"": ""S0048"", ""source_id"": ""A"", ""source_name"": ""Earth-Core"", ""unfulfilled_request_t"": 0.0}, {""actual_arrival_month"": ""2040-01"", ""actual_delivery_share"": 1.0, ""availability_share"": 1.0, ""feasible_t"": 15.0, ""gross_delivery_t"": 15.0, ""order_month"": ""2039-01"", ""ordered_t"": 15.0, ""planned_arrival_month"": ""2040-01"", ""requested_t"": 15.0, ""shipment_id"": ""S0049"", ""source_id"": ""A"", ""source_name"": ""Earth-Core"", ""unfulfilled_request_t"": 0.0}, {""actual_arrival_month"": ""2040-02"", ""actual_delivery_share"": 1.0, ""availability_share"": 1.0, ""feasible_t"": 15.0, ""gross_delivery_t"": 15.0, ""order_month"": ""2039-02"", ""ordered_t"": 15.0, ""planned_arrival_month"": ""2040-02"", ""requested_t"": 15.0, ""shipment_id"": ""S0050"", ""source_id"": ""A"", ""source_name"": ""Earth-Core"", ""unfulfilled_request_t"": 0.0}, {""actual_arrival_month"": ""2040-03"", ""actual_delivery_share"": 1.0, ""availability_share"": 1.0, ""feasible_t"": 15.0, ""gross_delivery_t"": 15.0, ""order_month"": ""2039-03"", ""ordered_t"": 15.0, ""planned_arrival_month"": ""2040-03"", ""requested_t"": 15.0, ""shipment_id"": ""S0051"", ""source_id"": ""A"", ""source_name"": ""Earth-Core"", ""unfulfilled_request_t"": 0.0}, {""actual_arrival_month"": ""2040-04"", ""actual_delivery_share"": 1.0, ""availability_share"": 1.0, ""feasible_t"": 15.0, ""gross_delivery_t"": 15.0, ""order_month"": ""2039-04"", ""ordered_t"": 15.0, ""planned_arrival_month"": ""2040-04"", ""requested_t"": 15.0, ""shipment_id"": ""S0052"", ""source_id"": ""A"", ""source_name"": ""Earth-Core"", ""unfulfilled_request_t"": 0.0}, {""actual_arrival_month"": ""2040-05"", ""actual_delivery_share"": 1.0, ""availability_share"": 1.0, ""feasible_t"": 15.0, ""gross_delivery_t"": 15.0, ""order_month"": ""2039-05"", ""ordered_t"": 15.0, ""planned_arrival_month"": ""2040-05"", ""requested_t"": 15.0, ""shipment_id"": ""S0053"", ""source_id"": ""A"", ""source_name"": ""Earth-Core"", ""unfulfilled_request_t"": 0.0}, {""actual_arrival_month"": ""2040-06"", ""actual_delivery_share"": 1.0, ""availability_share"": 1.0, ""feasible_t"": 15.0, ""gross_delivery_t"": 15.0, ""order_month"": ""2039-06"", ""ordered_t"": 15.0, ""planned_arrival_month"": ""2040-06"", ""requested_t"": 15.0, ""shipment_id"": ""S0054"", ""source_id"": ""A"", ""source_name"": ""Earth-Core"", ""unfulfilled_request_t"": 0.0}, {""actual_arrival_month"": ""2040-07"", ""actual_delivery_share"": 1.0, ""availability_share"": 1.0, ""feasible_t"": 15.0, ""gross_delivery_t"": 15.0, ""order_month"": ""2039-07"", ""ordered_t"": 15.0, ""planned_arrival_month"": ""2040-07"", ""requested_t"": 15.0, ""shipment_id"": ""S0055"", ""source_id"": ""A"", ""source_name"": ""Earth-Core"", ""unfulfilled_request_t"": 0.0}, {""actual_arrival_month"": ""2039-08"", ""actual_delivery_share"": 1.0, ""availability_share"": 1.0, ""feasible_t"": 7.441666666666666, ""gross_delivery_t"": 7.441666666666666, ""order_month"": ""2039-06"", ""ordered_t"": 7.441666666666666, ""planned_arrival_month"": ""2039-08"", ""requested_t"": 7.441666666666666, ""shipment_id"": ""S0149"", ""source_id"": ""D"", ""source_name"": ""Lunar-ISRU"", ""unfulfilled_request_t"": 0.0}, {""actual_arrival_month"": ""2039-09"", ""actual_delivery_share"": 1.0, ""availability_share"": 1.0, ""feasible_t"": 7.441666666666666, ""gross_delivery_t"": 7.441666666666666, ""order_month"": ""2039-07"", ""ordered_t"": 7.441666666666666, ""planned_arrival_month"": ""2039-09"", ""requested_t"": 7.441666666666666, ""shipment_id"": ""S0150"", ""source_id"": ""D"", ""source_name"": ""Lunar-ISRU"", ""unfulfilled_request_t"": 0.0}]","{""A"": 14.166666666666666, ""C"": 6.666666666666666, ""D"": 7.441666666666666}","{""A"": 14.166666666666666, ""C"": 6.666666666666666, ""D"": 7.441666666666666}",28.275,0.3393,27.935699999999997,27.935699999999997,0.0,73.86676666628091,17.5,9.166666666666668,0.0,0.0,47.20009999961424,ZBO,120.0,0.012,"[""ZBO"", ""EARTH_NEW"", ""LUNAR_ISRU""]",2.793934999976855,6.833333333333333,[]
2039-08,47.20009999961424,26.666666666666668,17.5,"{""A"": 180.0, ""B"": 0, ""C"": 80.0, ""D"": 89.3, ""E"": 0}","{""A"": 15.0, ""C"": 6.6666666667, ""D"": 7.441666666666666}","[{""actual_arrival_month"": ""2039-09"", ""actual_delivery_share"": 1.0, ""availability_share"": 1.0, ""feasible_t"": 14.166666666666666, ""gross_delivery_t"": 14.166666666666666, ""order_month"": ""2038-09"", ""ordered_t"": 14.166666666666666, ""planned_arrival_month"": ""2039-09"", ""requested_t"": 14.166666666666666, ""shipment_id"": ""S0045"", ""source_id"": ""A"", ""source_name"": ""Earth-Core"", ""unfulfilled_request_t"": 0.0}, {""actual_arrival_month"": ""2039-10"", ""actual_delivery_share"": 1.0, ""availability_share"": 1.0, ""feasible_t"": 14.166666666666666, ""gross_delivery_t"": 14.166666666666666, ""order_month"": ""2038-10"", ""ordered_t"": 14.166666666666666, ""planned_arrival_month"": ""2039-10"", ""requested_t"": 14.166666666666666, ""shipment_id"": ""S0046"", ""source_id"": ""A"", ""source_name"": ""Earth-Core"", ""unfulfilled_request_t"": 0.0}, {""actual_arrival_month"": ""2039-11"", ""actual_delivery_share"": 1.0, ""availability_share"": 1.0, ""feasible_t"": 14.166666666666666, ""gross_delivery_t"": 14.166666666666666, ""order_month"": ""2038-11"", ""ordered_t"": 14.166666666666666, ""planned_arrival_month"": ""2039-11"", ""requested_t"": 14.166666666666666, ""shipment_id"": ""S0047"", ""source_id"": ""A"", ""source_name"": ""Earth-Core"", ""unfulfilled_request_t"": 0.0}, {""actual_arrival_month"": ""2039-12"", ""actual_delivery_share"": 1.0, ""availability_share"": 1.0, ""feasible_t"": 14.166666666666666, ""gross_delivery_t"": 14.166666666666666, ""order_month"": ""2038-12"", ""ordered_t"": 14.166666666666666, ""planned_arrival_month"": ""2039-12"", ""requested_t"": 14.166666666666666, ""shipment_id"": ""S0048"", ""source_id"": ""A"", ""source_name"": ""Earth-Core"", ""unfulfilled_request_t"": 0.0}, {""actual_arrival_month"": ""2040-01"", ""actual_delivery_share"": 1.0, ""availability_share"": 1.0, ""feasible_t"": 15.0, ""gross_delivery_t"": 15.0, ""order_month"": ""2039-01"", ""ordered_t"": 15.0, ""planned_arrival_month"": ""2040-01"", ""requested_t"": 15.0, ""shipment_id"": ""S0049"", ""source_id"": ""A"", ""source_name"": ""Earth-Core"", ""unfulfilled_request_t"": 0.0}, {""actual_arrival_month"": ""2040-02"", ""actual_delivery_share"": 1.0, ""availability_share"": 1.0, ""feasible_t"": 15.0, ""gross_delivery_t"": 15.0, ""order_month"": ""2039-02"", ""ordered_t"": 15.0, ""planned_arrival_month"": ""2040-02"", ""requested_t"": 15.0, ""shipment_id"": ""S0050"", ""source_id"": ""A"", ""source_name"": ""Earth-Core"", ""unfulfilled_request_t"": 0.0}, {""actual_arrival_month"": ""2040-03"", ""actual_delivery_share"": 1.0, ""availability_share"": 1.0, ""feasible_t"": 15.0, ""gross_delivery_t"": 15.0, ""order_month"": ""2039-03"", ""ordered_t"": 15.0, ""planned_arrival_month"": ""2040-03"", ""requested_t"": 15.0, ""shipment_id"": ""S0051"", ""source_id"": ""A"", ""source_name"": ""Earth-Core"", ""unfulfilled_request_t"": 0.0}, {""actual_arrival_month"": ""2040-04"", ""actual_delivery_share"": 1.0, ""availability_share"": 1.0, ""feasible_t"": 15.0, ""gross_delivery_t"": 15.0, ""order_month"": ""2039-04"", ""ordered_t"": 15.0, ""planned_arrival_month"": ""2040-04"", ""requested_t"": 15.0, ""shipment_id"": ""S0052"", ""source_id"": ""A"", ""source_name"": ""Earth-Core"", ""unfulfilled_request_t"": 0.0}, {""actual_arrival_month"": ""2040-05"", ""actual_delivery_share"": 1.0, ""availability_share"": 1.0, ""feasible_t"": 15.0, ""gross_delivery_t"": 15.0, ""order_month"": ""2039-05"", ""ordered_t"": 15.0, ""planned_arrival_month"": ""2040-05"", ""requested_t"": 15.0, ""shipment_id"": ""S0053"", ""source_id"": ""A"", ""source_name"": ""Earth-Core"", ""unfulfilled_request_t"": 0.0}, {""actual_arrival_month"": ""2040-06"", ""actual_delivery_share"": 1.0, ""availability_share"": 1.0, ""feasible_t"": 15.0, ""gross_delivery_t"": 15.0, ""order_month"": ""2039-06"", ""ordered_t"": 15.0, ""planned_arrival_month"": ""2040-06"", ""requested_t"": 15.0, ""shipment_id"": ""S0054"", ""source_id"": ""A"", ""source_name"": ""Earth-Core"", ""unfulfilled_request_t"": 0.0}, {""actual_arrival_month"": ""2040-07"", ""actual_delivery_share"": 1.0, ""availability_share"": 1.0, ""feasible_t"": 15.0, ""gross_delivery_t"": 15.0, ""order_month"": ""2039-07"", ""ordered_t"": 15.0, ""planned_arrival_month"": ""2040-07"", ""requested_t"": 15.0, ""shipment_id"": ""S0055"", ""source_id"": ""A"", ""source_name"": ""Earth-Core"", ""unfulfilled_request_t"": 0.0}, {""actual_arrival_month"": ""2040-08"", ""actual_delivery_share"": 1.0, ""availability_share"": 1.0, ""feasible_t"": 15.0, ""gross_delivery_t"": 15.0, ""order_month"": ""2039-08"", ""ordered_t"": 15.0, ""planned_arrival_month"": ""2040-08"", ""requested_t"": 15.0, ""shipment_id"": ""S0056"", ""source_id"": ""A"", ""source_name"": ""Earth-Core"", ""unfulfilled_request_t"": 0.0}, {""actual_arrival_month"": ""2039-09"", ""actual_delivery_share"": 1.0, ""availability_share"": 1.0, ""feasible_t"": 7.441666666666666, ""gross_delivery_t"": 7.441666666666666, ""order_month"": ""2039-07"", ""ordered_t"": 7.441666666666666, ""planned_arrival_month"": ""2039-09"", ""requested_t"": 7.441666666666666, ""shipment_id"": ""S0150"", ""source_id"": ""D"", ""source_name"": ""Lunar-ISRU"", ""unfulfilled_request_t"": 0.0}, {""actual_arrival_month"": ""2039-10"", ""actual_delivery_share"": 1.0, ""availability_share"": 1.0, ""feasible_t"": 7.441666666666666, ""gross_delivery_t"": 7.441666666666666, ""order_month"": ""2039-08"", ""ordered_t"": 7.441666666666666, ""planned_arrival_month"": ""2039-10"", ""requested_t"": 7.441666666666666, ""shipment_id"": ""S0151"", ""source_id"": ""D"", ""source_name"": ""Lunar-ISRU"", ""unfulfilled_request_t"": 0.0}]","{""A"": 14.166666666666666, ""C"": 6.666666666666666, ""D"": 7.441666666666666}","{""A"": 14.166666666666666, ""C"": 6.666666666666666, ""D"": 7.441666666666666}",28.275,0.3393,27.935699999999997,27.935699999999997,0.0,75.13579999961424,17.5,9.166666666666668,0.0,0.0,48.469133332947564,ZBO,120.0,0.012,"[""ZBO"", ""EARTH_NEW"", ""LUNAR_ISRU""]",2.870076999976854,6.833333333333333,[]
2039-09,48.469133332947564,26.666666666666668,17.5,"{""A"": 180.0, ""B"": 0, ""C"": 80.0, ""D"": 89.3, ""E"": 0}","{""A"": 15.0, ""C"": 6.6666666667, ""D"": 7.441666666666666}","[{""actual_arrival_month"": ""2039-10"", ""actual_delivery_share"": 1.0, ""availability_share"": 1.0, ""feasible_t"": 14.166666666666666, ""gross_delivery_t"": 14.166666666666666, ""order_month"": ""2038-10"", ""ordered_t"": 14.166666666666666, ""planned_arrival_month"": ""2039-10"", ""requested_t"": 14.166666666666666, ""shipment_id"": ""S0046"", ""source_id"": ""A"", ""source_name"": ""Earth-Core"", ""unfulfilled_request_t"": 0.0}, {""actual_arrival_month"": ""2039-11"", ""actual_delivery_share"": 1.0, ""availability_share"": 1.0, ""feasible_t"": 14.166666666666666, ""gross_delivery_t"": 14.166666666666666, ""order_month"": ""2038-11"", ""ordered_t"": 14.166666666666666, ""planned_arrival_month"": ""2039-11"", ""requested_t"": 14.166666666666666, ""shipment_id"": ""S0047"", ""source_id"": ""A"", ""source_name"": ""Earth-Core"", ""unfulfilled_request_t"": 0.0}, {""actual_arrival_month"": ""2039-12"", ""actual_delivery_share"": 1.0, ""availability_share"": 1.0, ""feasible_t"": 14.166666666666666, ""gross_delivery_t"": 14.166666666666666, ""order_month"": ""2038-12"", ""ordered_t"": 14.166666666666666, ""planned_arrival_month"": ""2039-12"", ""requested_t"": 14.166666666666666, ""shipment_id"": ""S0048"", ""source_id"": ""A"", ""source_name"": ""Earth-Core"", ""unfulfilled_request_t"": 0.0}, {""actual_arrival_month"": ""2040-01"", ""actual_delivery_share"": 1.0, ""availability_share"": 1.0, ""feasible_t"": 15.0, ""gross_delivery_t"": 15.0, ""order_month"": ""2039-01"", ""ordered_t"": 15.0, ""planned_arrival_month"": ""2040-01"", ""requested_t"": 15.0, ""shipment_id"": ""S0049"", ""source_id"": ""A"", ""source_name"": ""Earth-Core"", ""unfulfilled_request_t"": 0.0}, {""actual_arrival_month"": ""2040-02"", ""actual_delivery_share"": 1.0, ""availability_share"": 1.0, ""feasible_t"": 15.0, ""gross_delivery_t"": 15.0, ""order_month"": ""2039-02"", ""ordered_t"": 15.0, ""planned_arrival_month"": ""2040-02"", ""requested_t"": 15.0, ""shipment_id"": ""S0050"", ""source_id"": ""A"", ""source_name"": ""Earth-Core"", ""unfulfilled_request_t"": 0.0}, {""actual_arrival_month"": ""2040-03"", ""actual_delivery_share"": 1.0, ""availability_share"": 1.0, ""feasible_t"": 15.0, ""gross_delivery_t"": 15.0, ""order_month"": ""2039-03"", ""ordered_t"": 15.0, ""planned_arrival_month"": ""2040-03"", ""requested_t"": 15.0, ""shipment_id"": ""S0051"", ""source_id"": ""A"", ""source_name"": ""Earth-Core"", ""unfulfilled_request_t"": 0.0}, {""actual_arrival_month"": ""2040-04"", ""actual_delivery_share"": 1.0, ""availability_share"": 1.0, ""feasible_t"": 15.0, ""gross_delivery_t"": 15.0, ""order_month"": ""2039-04"", ""ordered_t"": 15.0, ""planned_arrival_month"": ""2040-04"", ""requested_t"": 15.0, ""shipment_id"": ""S0052"", ""source_id"": ""A"", ""source_name"": ""Earth-Core"", ""unfulfilled_request_t"": 0.0}, {""actual_arrival_month"": ""2040-05"", ""actual_delivery_share"": 1.0, ""availability_share"": 1.0, ""feasible_t"": 15.0, ""gross_delivery_t"": 15.0, ""order_month"": ""2039-05"", ""ordered_t"": 15.0, ""planned_arrival_month"": ""2040-05"", ""requested_t"": 15.0, ""shipment_id"": ""S0053"", ""source_id"": ""A"", ""source_name"": ""Earth-Core"", ""unfulfilled_request_t"": 0.0}, {""actual_arrival_month"": ""2040-06"", ""actual_delivery_share"": 1.0, ""availability_share"": 1.0, ""feasible_t"": 15.0, ""gross_delivery_t"": 15.0, ""order_month"": ""2039-06"", ""ordered_t"": 15.0, ""planned_arrival_month"": ""2040-06"", ""requested_t"": 15.0, ""shipment_id"": ""S0054"", ""source_id"": ""A"", ""source_name"": ""Earth-Core"", ""unfulfilled_request_t"": 0.0}, {""actual_arrival_month"": ""2040-07"", ""actual_delivery_share"": 1.0, ""availability_share"": 1.0, ""feasible_t"": 15.0, ""gross_delivery_t"": 15.0, ""order_month"": ""2039-07"", ""ordered_t"": 15.0, ""planned_arrival_month"": ""2040-07"", ""requested_t"": 15.0, ""shipment_id"": ""S0055"", ""source_id"": ""A"", ""source_name"": ""Earth-Core"", ""unfulfilled_request_t"": 0.0}, {""actual_arrival_month"": ""2040-08"", ""actual_delivery_share"": 1.0, ""availability_share"": 1.0, ""feasible_t"": 15.0, ""gross_delivery_t"": 15.0, ""order_month"": ""2039-08"", ""ordered_t"": 15.0, ""planned_arrival_month"": ""2040-08"", ""requested_t"": 15.0, ""shipment_id"": ""S0056"", ""source_id"": ""A"", ""source_name"": ""Earth-Core"", ""unfulfilled_request_t"": 0.0}, {""actual_arrival_month"": ""2040-09"", ""actual_delivery_share"": 1.0, ""availability_share"": 1.0, ""feasible_t"": 15.0, ""gross_delivery_t"": 15.0, ""order_month"": ""2039-09"", ""ordered_t"": 15.0, ""planned_arrival_month"": ""2040-09"", ""requested_t"": 15.0, ""shipment_id"": ""S0057"", ""source_id"": ""A"", ""source_name"": ""Earth-Core"", ""unfulfilled_request_t"": 0.0}, {""actual_arrival_month"": ""2039-10"", ""actual_delivery_share"": 1.0, ""availability_share"": 1.0, ""feasible_t"": 7.441666666666666, ""gross_delivery_t"": 7.441666666666666, ""order_month"": ""2039-08"", ""ordered_t"": 7.441666666666666, ""planned_arrival_month"": ""2039-10"", ""requested_t"": 7.441666666666666, ""shipment_id"": ""S0151"", ""source_id"": ""D"", ""source_name"": ""Lunar-ISRU"", ""unfulfilled_request_t"": 0.0}, {""actual_arrival_month"": ""2039-11"", ""actual_delivery_share"": 1.0, ""availability_share"": 1.0, ""feasible_t"": 7.441666666666666, ""gross_delivery_t"": 7.441666666666666, ""order_month"": ""2039-09"", ""ordered_t"": 7.441666666666666, ""planned_arrival_month"": ""2039-11"", ""requested_t"": 7.441666666666666, ""shipment_id"": ""S0152"", ""source_id"": ""D"", ""source_name"": ""Lunar-ISRU"", ""unfulfilled_request_t"": 0.0}]","{""A"": 14.166666666666666, ""C"": 6.666666666666666, ""D"": 7.441666666666666}","{""A"": 14.166666666666666, ""C"": 6.666666666666666, ""D"": 7.441666666666666}",28.275,0.3393,27.935699999999997,27.935699999999997,0.0,76.40483333294756,17.5,9.166666666666668,0.0,0.0,49.73816666628089,ZBO,120.0,0.012,"[""ZBO"", ""EARTH_NEW"", ""LUNAR_ISRU""]",2.9462189999768533,6.833333333333333,[]
2039-10,49.73816666628089,26.666666666666668,17.5,"{""A"": 180.0, ""B"": 0, ""C"": 80.0, ""D"": 89.3, ""E"": 0}","{""A"": 15.0, ""C"": 6.6666666667, ""D"": 7.441666666666666}","[{""actual_arrival_month"": ""2039-11"", ""actual_delivery_share"": 1.0, ""availability_share"": 1.0, ""feasible_t"": 14.166666666666666, ""gross_delivery_t"": 14.166666666666666, ""order_month"": ""2038-11"", ""ordered_t"": 14.166666666666666, ""planned_arrival_month"": ""2039-11"", ""requested_t"": 14.166666666666666, ""shipment_id"": ""S0047"", ""source_id"": ""A"", ""source_name"": ""Earth-Core"", ""unfulfilled_request_t"": 0.0}, {""actual_arrival_month"": ""2039-12"", ""actual_delivery_share"": 1.0, ""availability_share"": 1.0, ""feasible_t"": 14.166666666666666, ""gross_delivery_t"": 14.166666666666666, ""order_month"": ""2038-12"", ""ordered_t"": 14.166666666666666, ""planned_arrival_month"": ""2039-12"", ""requested_t"": 14.166666666666666, ""shipment_id"": ""S0048"", ""source_id"": ""A"", ""source_name"": ""Earth-Core"", ""unfulfilled_request_t"": 0.0}, {""actual_arrival_month"": ""2040-01"", ""actual_delivery_share"": 1.0, ""availability_share"": 1.0, ""feasible_t"": 15.0, ""gross_delivery_t"": 15.0, ""order_month"": ""2039-01"", ""ordered_t"": 15.0, ""planned_arrival_month"": ""2040-01"", ""requested_t"": 15.0, ""shipment_id"": ""S0049"", ""source_id"": ""A"", ""source_name"": ""Earth-Core"", ""unfulfilled_request_t"": 0.0}, {""actual_arrival_month"": ""2040-02"", ""actual_delivery_share"": 1.0, ""availability_share"": 1.0, ""feasible_t"": 15.0, ""gross_delivery_t"": 15.0, ""order_month"": ""2039-02"", ""ordered_t"": 15.0, ""planned_arrival_month"": ""2040-02"", ""requested_t"": 15.0, ""shipment_id"": ""S0050"", ""source_id"": ""A"", ""source_name"": ""Earth-Core"", ""unfulfilled_request_t"": 0.0}, {""actual_arrival_month"": ""2040-03"", ""actual_delivery_share"": 1.0, ""availability_share"": 1.0, ""feasible_t"": 15.0, ""gross_delivery_t"": 15.0, ""order_month"": ""2039-03"", ""ordered_t"": 15.0, ""planned_arrival_month"": ""2040-03"", ""requested_t"": 15.0, ""shipment_id"": ""S0051"", ""source_id"": ""A"", ""source_name"": ""Earth-Core"", ""unfulfilled_request_t"": 0.0}, {""actual_arrival_month"": ""2040-04"", ""actual_delivery_share"": 1.0, ""availability_share"": 1.0, ""feasible_t"": 15.0, ""gross_delivery_t"": 15.0, ""order_month"": ""2039-04"", ""ordered_t"": 15.0, ""planned_arrival_month"": ""2040-04"", ""requested_t"": 15.0, ""shipment_id"": ""S0052"", ""source_id"": ""A"", ""source_name"": ""Earth-Core"", ""unfulfilled_request_t"": 0.0}, {""actual_arrival_month"": ""2040-05"", ""actual_delivery_share"": 1.0, ""availability_share"": 1.0, ""feasible_t"": 15.0, ""gross_delivery_t"": 15.0, ""order_month"": ""2039-05"", ""ordered_t"": 15.0, ""planned_arrival_month"": ""2040-05"", ""requested_t"": 15.0, ""shipment_id"": ""S0053"", ""source_id"": ""A"", ""source_name"": ""Earth-Core"", ""unfulfilled_request_t"": 0.0}, {""actual_arrival_month"": ""2040-06"", ""actual_delivery_share"": 1.0, ""availability_share"": 1.0, ""feasible_t"": 15.0, ""gross_delivery_t"": 15.0, ""order_month"": ""2039-06"", ""ordered_t"": 15.0, ""planned_arrival_month"": ""2040-06"", ""requested_t"": 15.0, ""shipment_id"": ""S0054"", ""source_id"": ""A"", ""source_name"": ""Earth-Core"", ""unfulfilled_request_t"": 0.0}, {""actual_arrival_month"": ""2040-07"", ""actual_delivery_share"": 1.0, ""availability_share"": 1.0, ""feasible_t"": 15.0, ""gross_delivery_t"": 15.0, ""order_month"": ""2039-07"", ""ordered_t"": 15.0, ""planned_arrival_month"": ""2040-07"", ""requested_t"": 15.0, ""shipment_id"": ""S0055"", ""source_id"": ""A"", ""source_name"": ""Earth-Core"", ""unfulfilled_request_t"": 0.0}, {""actual_arrival_month"": ""2040-08"", ""actual_delivery_share"": 1.0, ""availability_share"": 1.0, ""feasible_t"": 15.0, ""gross_delivery_t"": 15.0, ""order_month"": ""2039-08"", ""ordered_t"": 15.0, ""planned_arrival_month"": ""2040-08"", ""requested_t"": 15.0, ""shipment_id"": ""S0056"", ""source_id"": ""A"", ""source_name"": ""Earth-Core"", ""unfulfilled_request_t"": 0.0}, {""actual_arrival_month"": ""2040-09"", ""actual_delivery_share"": 1.0, ""availability_share"": 1.0, ""feasible_t"": 15.0, ""gross_delivery_t"": 15.0, ""order_month"": ""2039-09"", ""ordered_t"": 15.0, ""planned_arrival_month"": ""2040-09"", ""requested_t"": 15.0, ""shipment_id"": ""S0057"", ""source_id"": ""A"", ""source_name"": ""Earth-Core"", ""unfulfilled_request_t"": 0.0}, {""actual_arrival_month"": ""2040-10"", ""actual_delivery_share"": 1.0, ""availability_share"": 1.0, ""feasible_t"": 15.0, ""gross_delivery_t"": 15.0, ""order_month"": ""2039-10"", ""ordered_t"": 15.0, ""planned_arrival_month"": ""2040-10"", ""requested_t"": 15.0, ""shipment_id"": ""S0058"", ""source_id"": ""A"", ""source_name"": ""Earth-Core"", ""unfulfilled_request_t"": 0.0}, {""actual_arrival_month"": ""2039-11"", ""actual_delivery_share"": 1.0, ""availability_share"": 1.0, ""feasible_t"": 7.441666666666666, ""gross_delivery_t"": 7.441666666666666, ""order_month"": ""2039-09"", ""ordered_t"": 7.441666666666666, ""planned_arrival_month"": ""2039-11"", ""requested_t"": 7.441666666666666, ""shipment_id"": ""S0152"", ""source_id"": ""D"", ""source_name"": ""Lunar-ISRU"", ""unfulfilled_request_t"": 0.0}, {""actual_arrival_month"": ""2039-12"", ""actual_delivery_share"": 1.0, ""availability_share"": 1.0, ""feasible_t"": 7.441666666666666, ""gross_delivery_t"": 7.441666666666666, ""order_month"": ""2039-10"", ""ordered_t"": 7.441666666666666, ""planned_arrival_month"": ""2039-12"", ""requested_t"": 7.441666666666666, ""shipment_id"": ""S0153"", ""source_id"": ""D"", ""source_name"": ""Lunar-ISRU"", ""unfulfilled_request_t"": 0.0}]","{""A"": 14.166666666666666, ""C"": 6.666666666666666, ""D"": 7.441666666666666}","{""A"": 14.166666666666666, ""C"": 6.666666666666666, ""D"": 7.441666666666666}",28.275,0.3393,27.935699999999997,27.935699999999997,0.0,77.67386666628089,17.5,9.166666666666668,0.0,0.0,51.007199999614215,ZBO,120.0,0.012,"[""ZBO"", ""EARTH_NEW"", ""LUNAR_ISRU""]",3.022360999976853,6.833333333333333,[]
2039-11,51.007199999614215,26.666666666666668,17.5,"{""A"": 180.0, ""B"": 0, ""C"": 80.0, ""D"": 89.3, ""E"": 0}","{""A"": 15.0, ""C"": 6.6666666667, ""D"": 7.441666666666666}","[{""actual_arrival_month"": ""2039-12"", ""actual_delivery_share"": 1.0, ""availability_share"": 1.0, ""feasible_t"": 14.166666666666666, ""gross_delivery_t"": 14.166666666666666, ""order_month"": ""2038-12"", ""ordered_t"": 14.166666666666666, ""planned_arrival_month"": ""2039-12"", ""requested_t"": 14.166666666666666, ""shipment_id"": ""S0048"", ""source_id"": ""A"", ""source_name"": ""Earth-Core"", ""unfulfilled_request_t"": 0.0}, {""actual_arrival_month"": ""2040-01"", ""actual_delivery_share"": 1.0, ""availability_share"": 1.0, ""feasible_t"": 15.0, ""gross_delivery_t"": 15.0, ""order_month"": ""2039-01"", ""ordered_t"": 15.0, ""planned_arrival_month"": ""2040-01"", ""requested_t"": 15.0, ""shipment_id"": ""S0049"", ""source_id"": ""A"", ""source_name"": ""Earth-Core"", ""unfulfilled_request_t"": 0.0}, {""actual_arrival_month"": ""2040-02"", ""actual_delivery_share"": 1.0, ""availability_share"": 1.0, ""feasible_t"": 15.0, ""gross_delivery_t"": 15.0, ""order_month"": ""2039-02"", ""ordered_t"": 15.0, ""planned_arrival_month"": ""2040-02"", ""requested_t"": 15.0, ""shipment_id"": ""S0050"", ""source_id"": ""A"", ""source_name"": ""Earth-Core"", ""unfulfilled_request_t"": 0.0}, {""actual_arrival_month"": ""2040-03"", ""actual_delivery_share"": 1.0, ""availability_share"": 1.0, ""feasible_t"": 15.0, ""gross_delivery_t"": 15.0, ""order_month"": ""2039-03"", ""ordered_t"": 15.0, ""planned_arrival_month"": ""2040-03"", ""requested_t"": 15.0, ""shipment_id"": ""S0051"", ""source_id"": ""A"", ""source_name"": ""Earth-Core"", ""unfulfilled_request_t"": 0.0}, {""actual_arrival_month"": ""2040-04"", ""actual_delivery_share"": 1.0, ""availability_share"": 1.0, ""feasible_t"": 15.0, ""gross_delivery_t"": 15.0, ""order_month"": ""2039-04"", ""ordered_t"": 15.0, ""planned_arrival_month"": ""2040-04"", ""requested_t"": 15.0, ""shipment_id"": ""S0052"", ""source_id"": ""A"", ""source_name"": ""Earth-Core"", ""unfulfilled_request_t"": 0.0}, {""actual_arrival_month"": ""2040-05"", ""actual_delivery_share"": 1.0, ""availability_share"": 1.0, ""feasible_t"": 15.0, ""gross_delivery_t"": 15.0, ""order_month"": ""2039-05"", ""ordered_t"": 15.0, ""planned_arrival_month"": ""2040-05"", ""requested_t"": 15.0, ""shipment_id"": ""S0053"", ""source_id"": ""A"", ""source_name"": ""Earth-Core"", ""unfulfilled_request_t"": 0.0}, {""actual_arrival_month"": ""2040-06"", ""actual_delivery_share"": 1.0, ""availability_share"": 1.0, ""feasible_t"": 15.0, ""gross_delivery_t"": 15.0, ""order_month"": ""2039-06"", ""ordered_t"": 15.0, ""planned_arrival_month"": ""2040-06"", ""requested_t"": 15.0, ""shipment_id"": ""S0054"", ""source_id"": ""A"", ""source_name"": ""Earth-Core"", ""unfulfilled_request_t"": 0.0}, {""actual_arrival_month"": ""2040-07"", ""actual_delivery_share"": 1.0, ""availability_share"": 1.0, ""feasible_t"": 15.0, ""gross_delivery_t"": 15.0, ""order_month"": ""2039-07"", ""ordered_t"": 15.0, ""planned_arrival_month"": ""2040-07"", ""requested_t"": 15.0, ""shipment_id"": ""S0055"", ""source_id"": ""A"", ""source_name"": ""Earth-Core"", ""unfulfilled_request_t"": 0.0}, {""actual_arrival_month"": ""2040-08"", ""actual_delivery_share"": 1.0, ""availability_share"": 1.0, ""feasible_t"": 15.0, ""gross_delivery_t"": 15.0, ""order_month"": ""2039-08"", ""ordered_t"": 15.0, ""planned_arrival_month"": ""2040-08"", ""requested_t"": 15.0, ""shipment_id"": ""S0056"", ""source_id"": ""A"", ""source_name"": ""Earth-Core"", ""unfulfilled_request_t"": 0.0}, {""actual_arrival_month"": ""2040-09"", ""actual_delivery_share"": 1.0, ""availability_share"": 1.0, ""feasible_t"": 15.0, ""gross_delivery_t"": 15.0, ""order_month"": ""2039-09"", ""ordered_t"": 15.0, ""planned_arrival_month"": ""2040-09"", ""requested_t"": 15.0, ""shipment_id"": ""S0057"", ""source_id"": ""A"", ""source_name"": ""Earth-Core"", ""unfulfilled_request_t"": 0.0}, {""actual_arrival_month"": ""2040-10"", ""actual_delivery_share"": 1.0, ""availability_share"": 1.0, ""feasible_t"": 15.0, ""gross_delivery_t"": 15.0, ""order_month"": ""2039-10"", ""ordered_t"": 15.0, ""planned_arrival_month"": ""2040-10"", ""requested_t"": 15.0, ""shipment_id"": ""S0058"", ""source_id"": ""A"", ""source_name"": ""Earth-Core"", ""unfulfilled_request_t"": 0.0}, {""actual_arrival_month"": ""2040-11"", ""actual_delivery_share"": 1.0, ""availability_share"": 1.0, ""feasible_t"": 15.0, ""gross_delivery_t"": 15.0, ""order_month"": ""2039-11"", ""ordered_t"": 15.0, ""planned_arrival_month"": ""2040-11"", ""requested_t"": 15.0, ""shipment_id"": ""S0059"", ""source_id"": ""A"", ""source_name"": ""Earth-Core"", ""unfulfilled_request_t"": 0.0}, {""actual_arrival_month"": ""2039-12"", ""actual_delivery_share"": 1.0, ""availability_share"": 1.0, ""feasible_t"": 7.441666666666666, ""gross_delivery_t"": 7.441666666666666, ""order_month"": ""2039-10"", ""ordered_t"": 7.441666666666666, ""planned_arrival_month"": ""2039-12"", ""requested_t"": 7.441666666666666, ""shipment_id"": ""S0153"", ""source_id"": ""D"", ""source_name"": ""Lunar-ISRU"", ""unfulfilled_request_t"": 0.0}, {""actual_arrival_month"": ""2040-01"", ""actual_delivery_share"": 1.0, ""availability_share"": 1.0, ""feasible_t"": 7.441666666666666, ""gross_delivery_t"": 7.441666666666666, ""order_month"": ""2039-11"", ""ordered_t"": 7.441666666666666, ""planned_arrival_month"": ""2040-01"", ""requested_t"": 7.441666666666666, ""shipment_id"": ""S0154"", ""source_id"": ""D"", ""source_name"": ""Lunar-ISRU"", ""unfulfilled_request_t"": 0.0}]","{""A"": 14.166666666666666, ""C"": 6.666666666666666, ""D"": 7.441666666666666}","{""A"": 14.166666666666666, ""C"": 6.666666666666666, ""D"": 7.441666666666666}",28.275,0.3393,27.935699999999997,27.935699999999997,0.0,78.94289999961421,17.5,9.166666666666668,0.0,0.0,52.27623333294754,ZBO,120.0,0.012,"[""ZBO"", ""EARTH_NEW"", ""LUNAR_ISRU""]",3.0985029999768527,6.833333333333333,[]
2039-12,52.27623333294754,26.666666666666668,17.5,"{""A"": 180.0, ""B"": 0, ""C"": 80.0, ""D"": 89.3, ""E"": 0}","{""A"": 15.0, ""C"": 6.6666666667, ""D"": 7.441666666666666}","[{""actual_arrival_month"": ""2040-01"", ""actual_delivery_share"": 1.0, ""availability_share"": 1.0, ""feasible_t"": 15.0, ""gross_delivery_t"": 15.0, ""order_month"": ""2039-01"", ""ordered_t"": 15.0, ""planned_arrival_month"": ""2040-01"", ""requested_t"": 15.0, ""shipment_id"": ""S0049"", ""source_id"": ""A"", ""source_name"": ""Earth-Core"", ""unfulfilled_request_t"": 0.0}, {""actual_arrival_month"": ""2040-02"", ""actual_delivery_share"": 1.0, ""availability_share"": 1.0, ""feasible_t"": 15.0, ""gross_delivery_t"": 15.0, ""order_month"": ""2039-02"", ""ordered_t"": 15.0, ""planned_arrival_month"": ""2040-02"", ""requested_t"": 15.0, ""shipment_id"": ""S0050"", ""source_id"": ""A"", ""source_name"": ""Earth-Core"", ""unfulfilled_request_t"": 0.0}, {""actual_arrival_month"": ""2040-03"", ""actual_delivery_share"": 1.0, ""availability_share"": 1.0, ""feasible_t"": 15.0, ""gross_delivery_t"": 15.0, ""order_month"": ""2039-03"", ""ordered_t"": 15.0, ""planned_arrival_month"": ""2040-03"", ""requested_t"": 15.0, ""shipment_id"": ""S0051"", ""source_id"": ""A"", ""source_name"": ""Earth-Core"", ""unfulfilled_request_t"": 0.0}, {""actual_arrival_month"": ""2040-04"", ""actual_delivery_share"": 1.0, ""availability_share"": 1.0, ""feasible_t"": 15.0, ""gross_delivery_t"": 15.0, ""order_month"": ""2039-04"", ""ordered_t"": 15.0, ""planned_arrival_month"": ""2040-04"", ""requested_t"": 15.0, ""shipment_id"": ""S0052"", ""source_id"": ""A"", ""source_name"": ""Earth-Core"", ""unfulfilled_request_t"": 0.0}, {""actual_arrival_month"": ""2040-05"", ""actual_delivery_share"": 1.0, ""availability_share"": 1.0, ""feasible_t"": 15.0, ""gross_delivery_t"": 15.0, ""order_month"": ""2039-05"", ""ordered_t"": 15.0, ""planned_arrival_month"": ""2040-05"", ""requested_t"": 15.0, ""shipment_id"": ""S0053"", ""source_id"": ""A"", ""source_name"": ""Earth-Core"", ""unfulfilled_request_t"": 0.0}, {""actual_arrival_month"": ""2040-06"", ""actual_delivery_share"": 1.0, ""availability_share"": 1.0, ""feasible_t"": 15.0, ""gross_delivery_t"": 15.0, ""order_month"": ""2039-06"", ""ordered_t"": 15.0, ""planned_arrival_month"": ""2040-06"", ""requested_t"": 15.0, ""shipment_id"": ""S0054"", ""source_id"": ""A"", ""source_name"": ""Earth-Core"", ""unfulfilled_request_t"": 0.0}, {""actual_arrival_month"": ""2040-07"", ""actual_delivery_share"": 1.0, ""availability_share"": 1.0, ""feasible_t"": 15.0, ""gross_delivery_t"": 15.0, ""order_month"": ""2039-07"", ""ordered_t"": 15.0, ""planned_arrival_month"": ""2040-07"", ""requested_t"": 15.0, ""shipment_id"": ""S0055"", ""source_id"": ""A"", ""source_name"": ""Earth-Core"", ""unfulfilled_request_t"": 0.0}, {""actual_arrival_month"": ""2040-08"", ""actual_delivery_share"": 1.0, ""availability_share"": 1.0, ""feasible_t"": 15.0, ""gross_delivery_t"": 15.0, ""order_month"": ""2039-08"", ""ordered_t"": 15.0, ""planned_arrival_month"": ""2040-08"", ""requested_t"": 15.0, ""shipment_id"": ""S0056"", ""source_id"": ""A"", ""source_name"": ""Earth-Core"", ""unfulfilled_request_t"": 0.0}, {""actual_arrival_month"": ""2040-09"", ""actual_delivery_share"": 1.0, ""availability_share"": 1.0, ""feasible_t"": 15.0, ""gross_delivery_t"": 15.0, ""order_month"": ""2039-09"", ""ordered_t"": 15.0, ""planned_arrival_month"": ""2040-09"", ""requested_t"": 15.0, ""shipment_id"": ""S0057"", ""source_id"": ""A"", ""source_name"": ""Earth-Core"", ""unfulfilled_request_t"": 0.0}, {""actual_arrival_month"": ""2040-10"", ""actual_delivery_share"": 1.0, ""availability_share"": 1.0, ""feasible_t"": 15.0, ""gross_delivery_t"": 15.0, ""order_month"": ""2039-10"", ""ordered_t"": 15.0, ""planned_arrival_month"": ""2040-10"", ""requested_t"": 15.0, ""shipment_id"": ""S0058"", ""source_id"": ""A"", ""source_name"": ""Earth-Core"", ""unfulfilled_request_t"": 0.0}, {""actual_arrival_month"": ""2040-11"", ""actual_delivery_share"": 1.0, ""availability_share"": 1.0, ""feasible_t"": 15.0, ""gross_delivery_t"": 15.0, ""order_month"": ""2039-11"", ""ordered_t"": 15.0, ""planned_arrival_month"": ""2040-11"", ""requested_t"": 15.0, ""shipment_id"": ""S0059"", ""source_id"": ""A"", ""source_name"": ""Earth-Core"", ""unfulfilled_request_t"": 0.0}, {""actual_arrival_month"": ""2040-12"", ""actual_delivery_share"": 1.0, ""availability_share"": 1.0, ""feasible_t"": 15.0, ""gross_delivery_t"": 15.0, ""order_month"": ""2039-12"", ""ordered_t"": 15.0, ""planned_arrival_month"": ""2040-12"", ""requested_t"": 15.0, ""shipment_id"": ""S0060"", ""source_id"": ""A"", ""source_name"": ""Earth-Core"", ""unfulfilled_request_t"": 0.0}, {""actual_arrival_month"": ""2040-01"", ""actual_delivery_share"": 1.0, ""availability_share"": 1.0, ""feasible_t"": 7.441666666666666, ""gross_delivery_t"": 7.441666666666666, ""order_month"": ""2039-11"", ""ordered_t"": 7.441666666666666, ""planned_arrival_month"": ""2040-01"", ""requested_t"": 7.441666666666666, ""shipment_id"": ""S0154"", ""source_id"": ""D"", ""source_name"": ""Lunar-ISRU"", ""unfulfilled_request_t"": 0.0}, {""actual_arrival_month"": ""2040-02"", ""actual_delivery_share"": 1.0, ""availability_share"": 1.0, ""feasible_t"": 7.441666666666666, ""gross_delivery_t"": 7.441666666666666, ""order_month"": ""2039-12"", ""ordered_t"": 7.441666666666666, ""planned_arrival_month"": ""2040-02"", ""requested_t"": 7.441666666666666, ""shipment_id"": ""S0155"", ""source_id"": ""D"", ""source_name"": ""Lunar-ISRU"", ""unfulfilled_request_t"": 0.0}]","{""A"": 14.166666666666666, ""C"": 6.666666666666666, ""D"": 7.441666666666666}","{""A"": 14.166666666666666, ""C"": 6.666666666666666, ""D"": 7.441666666666666}",28.275,0.3393,27.935699999999997,27.935699999999997,0.0,80.21193333294754,17.5,9.166666666666668,0.0,0.0,53.54526666628087,ZBO,120.0,0.012,"[""ZBO"", ""EARTH_NEW"", ""LUNAR_ISRU""]",3.1746449999768522,6.833333333333333,[]
2040-01,53.54526666628087,32.5,20.833333333333332,"{""A"": 0, ""B"": 0, ""C"": 100.0, ""D"": 110.0, ""E"": 0}","{""C"": 8.3333333333, ""D"": 9.166666666666666}","[{""actual_arrival_month"": ""2040-02"", ""actual_delivery_share"": 1.0, ""availability_share"": 1.0, ""feasible_t"": 15.0, ""gross_delivery_t"": 15.0, ""order_month"": ""2039-02"", ""ordered_t"": 15.0, ""planned_arrival_month"": ""2040-02"", ""requested_t"": 15.0, ""shipment_id"": ""S0050"", ""source_id"": ""A"", ""source_name"": ""Earth-Core"", ""unfulfilled_request_t"": 0.0}, {""actual_arrival_month"": ""2040-03"", ""actual_delivery_share"": 1.0, ""availability_share"": 1.0, ""feasible_t"": 15.0, ""gross_delivery_t"": 15.0, ""order_month"": ""2039-03"", ""ordered_t"": 15.0, ""planned_arrival_month"": ""2040-03"", ""requested_t"": 15.0, ""shipment_id"": ""S0051"", ""source_id"": ""A"", ""source_name"": ""Earth-Core"", ""unfulfilled_request_t"": 0.0}, {""actual_arrival_month"": ""2040-04"", ""actual_delivery_share"": 1.0, ""availability_share"": 1.0, ""feasible_t"": 15.0, ""gross_delivery_t"": 15.0, ""order_month"": ""2039-04"", ""ordered_t"": 15.0, ""planned_arrival_month"": ""2040-04"", ""requested_t"": 15.0, ""shipment_id"": ""S0052"", ""source_id"": ""A"", ""source_name"": ""Earth-Core"", ""unfulfilled_request_t"": 0.0}, {""actual_arrival_month"": ""2040-05"", ""actual_delivery_share"": 1.0, ""availability_share"": 1.0, ""feasible_t"": 15.0, ""gross_delivery_t"": 15.0, ""order_month"": ""2039-05"", ""ordered_t"": 15.0, ""planned_arrival_month"": ""2040-05"", ""requested_t"": 15.0, ""shipment_id"": ""S0053"", ""source_id"": ""A"", ""source_name"": ""Earth-Core"", ""unfulfilled_request_t"": 0.0}, {""actual_arrival_month"": ""2040-06"", ""actual_delivery_share"": 1.0, ""availability_share"": 1.0, ""feasible_t"": 15.0, ""gross_delivery_t"": 15.0, ""order_month"": ""2039-06"", ""ordered_t"": 15.0, ""planned_arrival_month"": ""2040-06"", ""requested_t"": 15.0, ""shipment_id"": ""S0054"", ""source_id"": ""A"", ""source_name"": ""Earth-Core"", ""unfulfilled_request_t"": 0.0}, {""actual_arrival_month"": ""2040-07"", ""actual_delivery_share"": 1.0, ""availability_share"": 1.0, ""feasible_t"": 15.0, ""gross_delivery_t"": 15.0, ""order_month"": ""2039-07"", ""ordered_t"": 15.0, ""planned_arrival_month"": ""2040-07"", ""requested_t"": 15.0, ""shipment_id"": ""S0055"", ""source_id"": ""A"", ""source_name"": ""Earth-Core"", ""unfulfilled_request_t"": 0.0}, {""actual_arrival_month"": ""2040-08"", ""actual_delivery_share"": 1.0, ""availability_share"": 1.0, ""feasible_t"": 15.0, ""gross_delivery_t"": 15.0, ""order_month"": ""2039-08"", ""ordered_t"": 15.0, ""planned_arrival_month"": ""2040-08"", ""requested_t"": 15.0, ""shipment_id"": ""S0056"", ""source_id"": ""A"", ""source_name"": ""Earth-Core"", ""unfulfilled_request_t"": 0.0}, {""actual_arrival_month"": ""2040-09"", ""actual_delivery_share"": 1.0, ""availability_share"": 1.0, ""feasible_t"": 15.0, ""gross_delivery_t"": 15.0, ""order_month"": ""2039-09"", ""ordered_t"": 15.0, ""planned_arrival_month"": ""2040-09"", ""requested_t"": 15.0, ""shipment_id"": ""S0057"", ""source_id"": ""A"", ""source_name"": ""Earth-Core"", ""unfulfilled_request_t"": 0.0}, {""actual_arrival_month"": ""2040-10"", ""actual_delivery_share"": 1.0, ""availability_share"": 1.0, ""feasible_t"": 15.0, ""gross_delivery_t"": 15.0, ""order_month"": ""2039-10"", ""ordered_t"": 15.0, ""planned_arrival_month"": ""2040-10"", ""requested_t"": 15.0, ""shipment_id"": ""S0058"", ""source_id"": ""A"", ""source_name"": ""Earth-Core"", ""unfulfilled_request_t"": 0.0}, {""actual_arrival_month"": ""2040-11"", ""actual_delivery_share"": 1.0, ""availability_share"": 1.0, ""feasible_t"": 15.0, ""gross_delivery_t"": 15.0, ""order_month"": ""2039-11"", ""ordered_t"": 15.0, ""planned_arrival_month"": ""2040-11"", ""requested_t"": 15.0, ""shipment_id"": ""S0059"", ""source_id"": ""A"", ""source_name"": ""Earth-Core"", ""unfulfilled_request_t"": 0.0}, {""actual_arrival_month"": ""2040-12"", ""actual_delivery_share"": 1.0, ""availability_share"": 1.0, ""feasible_t"": 15.0, ""gross_delivery_t"": 15.0, ""order_month"": ""2039-12"", ""ordered_t"": 15.0, ""planned_arrival_month"": ""2040-12"", ""requested_t"": 15.0, ""shipment_id"": ""S0060"", ""source_id"": ""A"", ""source_name"": ""Earth-Core"", ""unfulfilled_request_t"": 0.0}, {""actual_arrival_month"": ""2040-02"", ""actual_delivery_share"": 1.0, ""availability_share"": 1.0, ""feasible_t"": 7.441666666666666, ""gross_delivery_t"": 7.441666666666666, ""order_month"": ""2039-12"", ""ordered_t"": 7.441666666666666, ""planned_arrival_month"": ""2040-02"", ""requested_t"": 7.441666666666666, ""shipment_id"": ""S0155"", ""source_id"": ""D"", ""source_name"": ""Lunar-ISRU"", ""unfulfilled_request_t"": 0.0}, {""actual_arrival_month"": ""2040-03"", ""actual_delivery_share"": 1.0, ""availability_share"": 1.0, ""feasible_t"": 9.166666666666664, ""gross_delivery_t"": 9.166666666666664, ""order_month"": ""2040-01"", ""ordered_t"": 9.166666666666666, ""planned_arrival_month"": ""2040-03"", ""requested_t"": 9.166666666666666, ""shipment_id"": ""S0156"", ""source_id"": ""D"", ""source_name"": ""Lunar-ISRU"", ""unfulfilled_request_t"": 1.7763568394002505e-15}]","{""A"": 15.0, ""C"": 8.3333333333, ""D"": 7.441666666666666}","{""A"": 15.0, ""C"": 8.3333333333, ""D"": 7.441666666666666}",30.774999999966667,0.3692999999996,30.405699999967066,30.405699999967066,0.0,83.95096666624794,20.833333333333332,11.666666666666668,0.0,0.0,51.450966666247936,ZBO,120.0,0.012,"[""ZBO"", ""EARTH_NEW"", ""LUNAR_ISRU""]",3.149886999975864,6.833333333333333,[]
2040-02,51.450966666247936,32.5,20.833333333333332,"{""A"": 0, ""B"": 0, ""C"": 100.0, ""D"": 110.0, ""E"": 0}","{""C"": 8.3333333333, ""D"": 9.166666666666666}","[{""actual_arrival_month"": ""2040-03"", ""actual_delivery_share"": 1.0, ""availability_share"": 1.0, ""feasible_t"": 15.0, ""gross_delivery_t"": 15.0, ""order_month"": ""2039-03"", ""ordered_t"": 15.0, ""planned_arrival_month"": ""2040-03"", ""requested_t"": 15.0, ""shipment_id"": ""S0051"", ""source_id"": ""A"", ""source_name"": ""Earth-Core"", ""unfulfilled_request_t"": 0.0}, {""actual_arrival_month"": ""2040-04"", ""actual_delivery_share"": 1.0, ""availability_share"": 1.0, ""feasible_t"": 15.0, ""gross_delivery_t"": 15.0, ""order_month"": ""2039-04"", ""ordered_t"": 15.0, ""planned_arrival_month"": ""2040-04"", ""requested_t"": 15.0, ""shipment_id"": ""S0052"", ""source_id"": ""A"", ""source_name"": ""Earth-Core"", ""unfulfilled_request_t"": 0.0}, {""actual_arrival_month"": ""2040-05"", ""actual_delivery_share"": 1.0, ""availability_share"": 1.0, ""feasible_t"": 15.0, ""gross_delivery_t"": 15.0, ""order_month"": ""2039-05"", ""ordered_t"": 15.0, ""planned_arrival_month"": ""2040-05"", ""requested_t"": 15.0, ""shipment_id"": ""S0053"", ""source_id"": ""A"", ""source_name"": ""Earth-Core"", ""unfulfilled_request_t"": 0.0}, {""actual_arrival_month"": ""2040-06"", ""actual_delivery_share"": 1.0, ""availability_share"": 1.0, ""feasible_t"": 15.0, ""gross_delivery_t"": 15.0, ""order_month"": ""2039-06"", ""ordered_t"": 15.0, ""planned_arrival_month"": ""2040-06"", ""requested_t"": 15.0, ""shipment_id"": ""S0054"", ""source_id"": ""A"", ""source_name"": ""Earth-Core"", ""unfulfilled_request_t"": 0.0}, {""actual_arrival_month"": ""2040-07"", ""actual_delivery_share"": 1.0, ""availability_share"": 1.0, ""feasible_t"": 15.0, ""gross_delivery_t"": 15.0, ""order_month"": ""2039-07"", ""ordered_t"": 15.0, ""planned_arrival_month"": ""2040-07"", ""requested_t"": 15.0, ""shipment_id"": ""S0055"", ""source_id"": ""A"", ""source_name"": ""Earth-Core"", ""unfulfilled_request_t"": 0.0}, {""actual_arrival_month"": ""2040-08"", ""actual_delivery_share"": 1.0, ""availability_share"": 1.0, ""feasible_t"": 15.0, ""gross_delivery_t"": 15.0, ""order_month"": ""2039-08"", ""ordered_t"": 15.0, ""planned_arrival_month"": ""2040-08"", ""requested_t"": 15.0, ""shipment_id"": ""S0056"", ""source_id"": ""A"", ""source_name"": ""Earth-Core"", ""unfulfilled_request_t"": 0.0}, {""actual_arrival_month"": ""2040-09"", ""actual_delivery_share"": 1.0, ""availability_share"": 1.0, ""feasible_t"": 15.0, ""gross_delivery_t"": 15.0, ""order_month"": ""2039-09"", ""ordered_t"": 15.0, ""planned_arrival_month"": ""2040-09"", ""requested_t"": 15.0, ""shipment_id"": ""S0057"", ""source_id"": ""A"", ""source_name"": ""Earth-Core"", ""unfulfilled_request_t"": 0.0}, {""actual_arrival_month"": ""2040-10"", ""actual_delivery_share"": 1.0, ""availability_share"": 1.0, ""feasible_t"": 15.0, ""gross_delivery_t"": 15.0, ""order_month"": ""2039-10"", ""ordered_t"": 15.0, ""planned_arrival_month"": ""2040-10"", ""requested_t"": 15.0, ""shipment_id"": ""S0058"", ""source_id"": ""A"", ""source_name"": ""Earth-Core"", ""unfulfilled_request_t"": 0.0}, {""actual_arrival_month"": ""2040-11"", ""actual_delivery_share"": 1.0, ""availability_share"": 1.0, ""feasible_t"": 15.0, ""gross_delivery_t"": 15.0, ""order_month"": ""2039-11"", ""ordered_t"": 15.0, ""planned_arrival_month"": ""2040-11"", ""requested_t"": 15.0, ""shipment_id"": ""S0059"", ""source_id"": ""A"", ""source_name"": ""Earth-Core"", ""unfulfilled_request_t"": 0.0}, {""actual_arrival_month"": ""2040-12"", ""actual_delivery_share"": 1.0, ""availability_share"": 1.0, ""feasible_t"": 15.0, ""gross_delivery_t"": 15.0, ""order_month"": ""2039-12"", ""ordered_t"": 15.0, ""planned_arrival_month"": ""2040-12"", ""requested_t"": 15.0, ""shipment_id"": ""S0060"", ""source_id"": ""A"", ""source_name"": ""Earth-Core"", ""unfulfilled_request_t"": 0.0}, {""actual_arrival_month"": ""2040-03"", ""actual_delivery_share"": 1.0, ""availability_share"": 1.0, ""feasible_t"": 9.166666666666664, ""gross_delivery_t"": 9.166666666666664, ""order_month"": ""2040-01"", ""ordered_t"": 9.166666666666666, ""planned_arrival_month"": ""2040-03"", ""requested_t"": 9.166666666666666, ""shipment_id"": ""S0156"", ""source_id"": ""D"", ""source_name"": ""Lunar-ISRU"", ""unfulfilled_request_t"": 1.7763568394002505e-15}, {""actual_arrival_month"": ""2040-04"", ""actual_delivery_share"": 1.0, ""availability_share"": 1.0, ""feasible_t"": 9.166666666666664, ""gross_delivery_t"": 9.166666666666664, ""order_month"": ""2040-02"", ""ordered_t"": 9.166666666666666, ""planned_arrival_month"": ""2040-04"", ""requested_t"": 9.166666666666666, ""shipment_id"": ""S0157"", ""source_id"": ""D"", ""source_name"": ""Lunar-ISRU"", ""unfulfilled_request_t"": 1.7763568394002505e-15}]","{""A"": 15.0, ""C"": 8.3333333333, ""D"": 7.441666666666666}","{""A"": 15.0, ""C"": 8.3333333333, ""D"": 7.441666666666666}",30.774999999966667,0.3692999999996,30.405699999967066,30.405699999967066,0.0,81.856666666215,20.833333333333332,11.666666666666668,0.0,0.0,49.356666666215006,ZBO,120.0,0.012,"[""ZBO"", ""EARTH_NEW"", ""LUNAR_ISRU""]",3.024228999973888,6.833333333333333,[]
2040-03,49.356666666215006,32.5,20.833333333333332,"{""A"": 0, ""B"": 0, ""C"": 100.0, ""D"": 110.0, ""E"": 0}","{""C"": 8.3333333333, ""D"": 9.166666666666666}","[{""actual_arrival_month"": ""2040-04"", ""actual_delivery_share"": 1.0, ""availability_share"": 1.0, ""feasible_t"": 15.0, ""gross_delivery_t"": 15.0, ""order_month"": ""2039-04"", ""ordered_t"": 15.0, ""planned_arrival_month"": ""2040-04"", ""requested_t"": 15.0, ""shipment_id"": ""S0052"", ""source_id"": ""A"", ""source_name"": ""Earth-Core"", ""unfulfilled_request_t"": 0.0}, {""actual_arrival_month"": ""2040-05"", ""actual_delivery_share"": 1.0, ""availability_share"": 1.0, ""feasible_t"": 15.0, ""gross_delivery_t"": 15.0, ""order_month"": ""2039-05"", ""ordered_t"": 15.0, ""planned_arrival_month"": ""2040-05"", ""requested_t"": 15.0, ""shipment_id"": ""S0053"", ""source_id"": ""A"", ""source_name"": ""Earth-Core"", ""unfulfilled_request_t"": 0.0}, {""actual_arrival_month"": ""2040-06"", ""actual_delivery_share"": 1.0, ""availability_share"": 1.0, ""feasible_t"": 15.0, ""gross_delivery_t"": 15.0, ""order_month"": ""2039-06"", ""ordered_t"": 15.0, ""planned_arrival_month"": ""2040-06"", ""requested_t"": 15.0, ""shipment_id"": ""S0054"", ""source_id"": ""A"", ""source_name"": ""Earth-Core"", ""unfulfilled_request_t"": 0.0}, {""actual_arrival_month"": ""2040-07"", ""actual_delivery_share"": 1.0, ""availability_share"": 1.0, ""feasible_t"": 15.0, ""gross_delivery_t"": 15.0, ""order_month"": ""2039-07"", ""ordered_t"": 15.0, ""planned_arrival_month"": ""2040-07"", ""requested_t"": 15.0, ""shipment_id"": ""S0055"", ""source_id"": ""A"", ""source_name"": ""Earth-Core"", ""unfulfilled_request_t"": 0.0}, {""actual_arrival_month"": ""2040-08"", ""actual_delivery_share"": 1.0, ""availability_share"": 1.0, ""feasible_t"": 15.0, ""gross_delivery_t"": 15.0, ""order_month"": ""2039-08"", ""ordered_t"": 15.0, ""planned_arrival_month"": ""2040-08"", ""requested_t"": 15.0, ""shipment_id"": ""S0056"", ""source_id"": ""A"", ""source_name"": ""Earth-Core"", ""unfulfilled_request_t"": 0.0}, {""actual_arrival_month"": ""2040-09"", ""actual_delivery_share"": 1.0, ""availability_share"": 1.0, ""feasible_t"": 15.0, ""gross_delivery_t"": 15.0, ""order_month"": ""2039-09"", ""ordered_t"": 15.0, ""planned_arrival_month"": ""2040-09"", ""requested_t"": 15.0, ""shipment_id"": ""S0057"", ""source_id"": ""A"", ""source_name"": ""Earth-Core"", ""unfulfilled_request_t"": 0.0}, {""actual_arrival_month"": ""2040-10"", ""actual_delivery_share"": 1.0, ""availability_share"": 1.0, ""feasible_t"": 15.0, ""gross_delivery_t"": 15.0, ""order_month"": ""2039-10"", ""ordered_t"": 15.0, ""planned_arrival_month"": ""2040-10"", ""requested_t"": 15.0, ""shipment_id"": ""S0058"", ""source_id"": ""A"", ""source_name"": ""Earth-Core"", ""unfulfilled_request_t"": 0.0}, {""actual_arrival_month"": ""2040-11"", ""actual_delivery_share"": 1.0, ""availability_share"": 1.0, ""feasible_t"": 15.0, ""gross_delivery_t"": 15.0, ""order_month"": ""2039-11"", ""ordered_t"": 15.0, ""planned_arrival_month"": ""2040-11"", ""requested_t"": 15.0, ""shipment_id"": ""S0059"", ""source_id"": ""A"", ""source_name"": ""Earth-Core"", ""unfulfilled_request_t"": 0.0}, {""actual_arrival_month"": ""2040-12"", ""actual_delivery_share"": 1.0, ""availability_share"": 1.0, ""feasible_t"": 15.0, ""gross_delivery_t"": 15.0, ""order_month"": ""2039-12"", ""ordered_t"": 15.0, ""planned_arrival_month"": ""2040-12"", ""requested_t"": 15.0, ""shipment_id"": ""S0060"", ""source_id"": ""A"", ""source_name"": ""Earth-Core"", ""unfulfilled_request_t"": 0.0}, {""actual_arrival_month"": ""2040-04"", ""actual_delivery_share"": 1.0, ""availability_share"": 1.0, ""feasible_t"": 9.166666666666664, ""gross_delivery_t"": 9.166666666666664, ""order_month"": ""2040-02"", ""ordered_t"": 9.166666666666666, ""planned_arrival_month"": ""2040-04"", ""requested_t"": 9.166666666666666, ""shipment_id"": ""S0157"", ""source_id"": ""D"", ""source_name"": ""Lunar-ISRU"", ""unfulfilled_request_t"": 1.7763568394002505e-15}, {""actual_arrival_month"": ""2040-05"", ""actual_delivery_share"": 1.0, ""availability_share"": 1.0, ""feasible_t"": 9.166666666666664, ""gross_delivery_t"": 9.166666666666664, ""order_month"": ""2040-03"", ""ordered_t"": 9.166666666666666, ""planned_arrival_month"": ""2040-05"", ""requested_t"": 9.166666666666666, ""shipment_id"": ""S0158"", ""source_id"": ""D"", ""source_name"": ""Lunar-ISRU"", ""unfulfilled_request_t"": 1.7763568394002505e-15}]","{""A"": 15.0, ""C"": 8.3333333333, ""D"": 9.166666666666664}","{""A"": 15.0, ""C"": 8.3333333333, ""D"": 9.166666666666664}",32.49999999996666,0.38999999999959994,32.10999999996706,32.10999999996706,0.0,81.46666666618206,20.833333333333332,11.666666666666668,0.0,0.0,48.966666666182064,ZBO,120.0,0.012,"[""ZBO"", ""EARTH_NEW"", ""LUNAR_ISRU""]",2.9496999999719122,6.833333333333333,[]
2040-04,48.966666666182064,32.5,20.833333333333332,"{""A"": 0, ""B"": 0, ""C"": 100.0, ""D"": 110.0, ""E"": 0}","{""C"": 8.3333333333, ""D"": 9.166666666666666}","[{""actual_arrival_month"": ""2040-05"", ""actual_delivery_share"": 1.0, ""availability_share"": 1.0, ""feasible_t"": 15.0, ""gross_delivery_t"": 15.0, ""order_month"": ""2039-05"", ""ordered_t"": 15.0, ""planned_arrival_month"": ""2040-05"", ""requested_t"": 15.0, ""shipment_id"": ""S0053"", ""source_id"": ""A"", ""source_name"": ""Earth-Core"", ""unfulfilled_request_t"": 0.0}, {""actual_arrival_month"": ""2040-06"", ""actual_delivery_share"": 1.0, ""availability_share"": 1.0, ""feasible_t"": 15.0, ""gross_delivery_t"": 15.0, ""order_month"": ""2039-06"", ""ordered_t"": 15.0, ""planned_arrival_month"": ""2040-06"", ""requested_t"": 15.0, ""shipment_id"": ""S0054"", ""source_id"": ""A"", ""source_name"": ""Earth-Core"", ""unfulfilled_request_t"": 0.0}, {""actual_arrival_month"": ""2040-07"", ""actual_delivery_share"": 1.0, ""availability_share"": 1.0, ""feasible_t"": 15.0, ""gross_delivery_t"": 15.0, ""order_month"": ""2039-07"", ""ordered_t"": 15.0, ""planned_arrival_month"": ""2040-07"", ""requested_t"": 15.0, ""shipment_id"": ""S0055"", ""source_id"": ""A"", ""source_name"": ""Earth-Core"", ""unfulfilled_request_t"": 0.0}, {""actual_arrival_month"": ""2040-08"", ""actual_delivery_share"": 1.0, ""availability_share"": 1.0, ""feasible_t"": 15.0, ""gross_delivery_t"": 15.0, ""order_month"": ""2039-08"", ""ordered_t"": 15.0, ""planned_arrival_month"": ""2040-08"", ""requested_t"": 15.0, ""shipment_id"": ""S0056"", ""source_id"": ""A"", ""source_name"": ""Earth-Core"", ""unfulfilled_request_t"": 0.0}, {""actual_arrival_month"": ""2040-09"", ""actual_delivery_share"": 1.0, ""availability_share"": 1.0, ""feasible_t"": 15.0, ""gross_delivery_t"": 15.0, ""order_month"": ""2039-09"", ""ordered_t"": 15.0, ""planned_arrival_month"": ""2040-09"", ""requested_t"": 15.0, ""shipment_id"": ""S0057"", ""source_id"": ""A"", ""source_name"": ""Earth-Core"", ""unfulfilled_request_t"": 0.0}, {""actual_arrival_month"": ""2040-10"", ""actual_delivery_share"": 1.0, ""availability_share"": 1.0, ""feasible_t"": 15.0, ""gross_delivery_t"": 15.0, ""order_month"": ""2039-10"", ""ordered_t"": 15.0, ""planned_arrival_month"": ""2040-10"", ""requested_t"": 15.0, ""shipment_id"": ""S0058"", ""source_id"": ""A"", ""source_name"": ""Earth-Core"", ""unfulfilled_request_t"": 0.0}, {""actual_arrival_month"": ""2040-11"", ""actual_delivery_share"": 1.0, ""availability_share"": 1.0, ""feasible_t"": 15.0, ""gross_delivery_t"": 15.0, ""order_month"": ""2039-11"", ""ordered_t"": 15.0, ""planned_arrival_month"": ""2040-11"", ""requested_t"": 15.0, ""shipment_id"": ""S0059"", ""source_id"": ""A"", ""source_name"": ""Earth-Core"", ""unfulfilled_request_t"": 0.0}, {""actual_arrival_month"": ""2040-12"", ""actual_delivery_share"": 1.0, ""availability_share"": 1.0, ""feasible_t"": 15.0, ""gross_delivery_t"": 15.0, ""order_month"": ""2039-12"", ""ordered_t"": 15.0, ""planned_arrival_month"": ""2040-12"", ""requested_t"": 15.0, ""shipment_id"": ""S0060"", ""source_id"": ""A"", ""source_name"": ""Earth-Core"", ""unfulfilled_request_t"": 0.0}, {""actual_arrival_month"": ""2040-05"", ""actual_delivery_share"": 1.0, ""availability_share"": 1.0, ""feasible_t"": 9.166666666666664, ""gross_delivery_t"": 9.166666666666664, ""order_month"": ""2040-03"", ""ordered_t"": 9.166666666666666, ""planned_arrival_month"": ""2040-05"", ""requested_t"": 9.166666666666666, ""shipment_id"": ""S0158"", ""source_id"": ""D"", ""source_name"": ""Lunar-ISRU"", ""unfulfilled_request_t"": 1.7763568394002505e-15}, {""actual_arrival_month"": ""2040-06"", ""actual_delivery_share"": 1.0, ""availability_share"": 1.0, ""feasible_t"": 9.166666666666664, ""gross_delivery_t"": 9.166666666666664, ""order_month"": ""2040-04"", ""ordered_t"": 9.166666666666666, ""planned_arrival_month"": ""2040-06"", ""requested_t"": 9.166666666666666, ""shipment_id"": ""S0159"", ""source_id"": ""D"", ""source_name"": ""Lunar-ISRU"", ""unfulfilled_request_t"": 1.7763568394002505e-15}]","{""A"": 15.0, ""C"": 8.3333333333, ""D"": 9.166666666666664}","{""A"": 15.0, ""C"": 8.3333333333, ""D"": 9.166666666666664}",32.49999999996666,0.38999999999959994,32.10999999996706,32.10999999996706,0.0,81.07666666614912,20.833333333333332,11.666666666666668,0.0,0.0,48.57666666614912,ZBO,120.0,0.012,"[""ZBO"", ""EARTH_NEW"", ""LUNAR_ISRU""]",2.926299999969935,6.833333333333333,[]
2040-05,48.57666666614912,32.5,20.833333333333332,"{""A"": 0, ""B"": 0, ""C"": 100.0, ""D"": 110.0, ""E"": 0}","{""C"": 8.3333333333, ""D"": 9.166666666666666}","[{""actual_arrival_month"": ""2040-06"", ""actual_delivery_share"": 1.0, ""availability_share"": 1.0, ""feasible_t"": 15.0, ""gross_delivery_t"": 15.0, ""order_month"": ""2039-06"", ""ordered_t"": 15.0, ""planned_arrival_month"": ""2040-06"", ""requested_t"": 15.0, ""shipment_id"": ""S0054"", ""source_id"": ""A"", ""source_name"": ""Earth-Core"", ""unfulfilled_request_t"": 0.0}, {""actual_arrival_month"": ""2040-07"", ""actual_delivery_share"": 1.0, ""availability_share"": 1.0, ""feasible_t"": 15.0, ""gross_delivery_t"": 15.0, ""order_month"": ""2039-07"", ""ordered_t"": 15.0, ""planned_arrival_month"": ""2040-07"", ""requested_t"": 15.0, ""shipment_id"": ""S0055"", ""source_id"": ""A"", ""source_name"": ""Earth-Core"", ""unfulfilled_request_t"": 0.0}, {""actual_arrival_month"": ""2040-08"", ""actual_delivery_share"": 1.0, ""availability_share"": 1.0, ""feasible_t"": 15.0, ""gross_delivery_t"": 15.0, ""order_month"": ""2039-08"", ""ordered_t"": 15.0, ""planned_arrival_month"": ""2040-08"", ""requested_t"": 15.0, ""shipment_id"": ""S0056"", ""source_id"": ""A"", ""source_name"": ""Earth-Core"", ""unfulfilled_request_t"": 0.0}, {""actual_arrival_month"": ""2040-09"", ""actual_delivery_share"": 1.0, ""availability_share"": 1.0, ""feasible_t"": 15.0, ""gross_delivery_t"": 15.0, ""order_month"": ""2039-09"", ""ordered_t"": 15.0, ""planned_arrival_month"": ""2040-09"", ""requested_t"": 15.0, ""shipment_id"": ""S0057"", ""source_id"": ""A"", ""source_name"": ""Earth-Core"", ""unfulfilled_request_t"": 0.0}, {""actual_arrival_month"": ""2040-10"", ""actual_delivery_share"": 1.0, ""availability_share"": 1.0, ""feasible_t"": 15.0, ""gross_delivery_t"": 15.0, ""order_month"": ""2039-10"", ""ordered_t"": 15.0, ""planned_arrival_month"": ""2040-10"", ""requested_t"": 15.0, ""shipment_id"": ""S0058"", ""source_id"": ""A"", ""source_name"": ""Earth-Core"", ""unfulfilled_request_t"": 0.0}, {""actual_arrival_month"": ""2040-11"", ""actual_delivery_share"": 1.0, ""availability_share"": 1.0, ""feasible_t"": 15.0, ""gross_delivery_t"": 15.0, ""order_month"": ""2039-11"", ""ordered_t"": 15.0, ""planned_arrival_month"": ""2040-11"", ""requested_t"": 15.0, ""shipment_id"": ""S0059"", ""source_id"": ""A"", ""source_name"": ""Earth-Core"", ""unfulfilled_request_t"": 0.0}, {""actual_arrival_month"": ""2040-12"", ""actual_delivery_share"": 1.0, ""availability_share"": 1.0, ""feasible_t"": 15.0, ""gross_delivery_t"": 15.0, ""order_month"": ""2039-12"", ""ordered_t"": 15.0, ""planned_arrival_month"": ""2040-12"", ""requested_t"": 15.0, ""shipment_id"": ""S0060"", ""source_id"": ""A"", ""source_name"": ""Earth-Core"", ""unfulfilled_request_t"": 0.0}, {""actual_arrival_month"": ""2040-06"", ""actual_delivery_share"": 1.0, ""availability_share"": 1.0, ""feasible_t"": 9.166666666666664, ""gross_delivery_t"": 9.166666666666664, ""order_month"": ""2040-04"", ""ordered_t"": 9.166666666666666, ""planned_arrival_month"": ""2040-06"", ""requested_t"": 9.166666666666666, ""shipment_id"": ""S0159"", ""source_id"": ""D"", ""source_name"": ""Lunar-ISRU"", ""unfulfilled_request_t"": 1.7763568394002505e-15}, {""actual_arrival_month"": ""2040-07"", ""actual_delivery_share"": 1.0, ""availability_share"": 1.0, ""feasible_t"": 9.166666666666664, ""gross_delivery_t"": 9.166666666666664, ""order_month"": ""2040-05"", ""ordered_t"": 9.166666666666666, ""planned_arrival_month"": ""2040-07"", ""requested_t"": 9.166666666666666, ""shipment_id"": ""S0160"", ""source_id"": ""D"", ""source_name"": ""Lunar-ISRU"", ""unfulfilled_request_t"": 1.7763568394002505e-15}]","{""A"": 15.0, ""C"": 8.3333333333, ""D"": 9.166666666666664}","{""A"": 15.0, ""C"": 8.3333333333, ""D"": 9.166666666666664}",32.49999999996666,0.38999999999959994,32.10999999996706,32.10999999996706,0.0,80.68666666611618,20.833333333333332,11.666666666666668,0.0,0.0,48.18666666611618,ZBO,120.0,0.012,"[""ZBO"", ""EARTH_NEW"", ""LUNAR_ISRU""]",2.9028999999679588,6.833333333333333,[]
2040-06,48.18666666611618,32.5,20.833333333333332,"{""A"": 0, ""B"": 0, ""C"": 100.0, ""D"": 110.0, ""E"": 0}","{""C"": 8.3333333333, ""D"": 9.166666666666666}","[{""actual_arrival_month"": ""2040-07"", ""actual_delivery_share"": 1.0, ""availability_share"": 1.0, ""feasible_t"": 15.0, ""gross_delivery_t"": 15.0, ""order_month"": ""2039-07"", ""ordered_t"": 15.0, ""planned_arrival_month"": ""2040-07"", ""requested_t"": 15.0, ""shipment_id"": ""S0055"", ""source_id"": ""A"", ""source_name"": ""Earth-Core"", ""unfulfilled_request_t"": 0.0}, {""actual_arrival_month"": ""2040-08"", ""actual_delivery_share"": 1.0, ""availability_share"": 1.0, ""feasible_t"": 15.0, ""gross_delivery_t"": 15.0, ""order_month"": ""2039-08"", ""ordered_t"": 15.0, ""planned_arrival_month"": ""2040-08"", ""requested_t"": 15.0, ""shipment_id"": ""S0056"", ""source_id"": ""A"", ""source_name"": ""Earth-Core"", ""unfulfilled_request_t"": 0.0}, {""actual_arrival_month"": ""2040-09"", ""actual_delivery_share"": 1.0, ""availability_share"": 1.0, ""feasible_t"": 15.0, ""gross_delivery_t"": 15.0, ""order_month"": ""2039-09"", ""ordered_t"": 15.0, ""planned_arrival_month"": ""2040-09"", ""requested_t"": 15.0, ""shipment_id"": ""S0057"", ""source_id"": ""A"", ""source_name"": ""Earth-Core"", ""unfulfilled_request_t"": 0.0}, {""actual_arrival_month"": ""2040-10"", ""actual_delivery_share"": 1.0, ""availability_share"": 1.0, ""feasible_t"": 15.0, ""gross_delivery_t"": 15.0, ""order_month"": ""2039-10"", ""ordered_t"": 15.0, ""planned_arrival_month"": ""2040-10"", ""requested_t"": 15.0, ""shipment_id"": ""S0058"", ""source_id"": ""A"", ""source_name"": ""Earth-Core"", ""unfulfilled_request_t"": 0.0}, {""actual_arrival_month"": ""2040-11"", ""actual_delivery_share"": 1.0, ""availability_share"": 1.0, ""feasible_t"": 15.0, ""gross_delivery_t"": 15.0, ""order_month"": ""2039-11"", ""ordered_t"": 15.0, ""planned_arrival_month"": ""2040-11"", ""requested_t"": 15.0, ""shipment_id"": ""S0059"", ""source_id"": ""A"", ""source_name"": ""Earth-Core"", ""unfulfilled_request_t"": 0.0}, {""actual_arrival_month"": ""2040-12"", ""actual_delivery_share"": 1.0, ""availability_share"": 1.0, ""feasible_t"": 15.0, ""gross_delivery_t"": 15.0, ""order_month"": ""2039-12"", ""ordered_t"": 15.0, ""planned_arrival_month"": ""2040-12"", ""requested_t"": 15.0, ""shipment_id"": ""S0060"", ""source_id"": ""A"", ""source_name"": ""Earth-Core"", ""unfulfilled_request_t"": 0.0}, {""actual_arrival_month"": ""2040-07"", ""actual_delivery_share"": 1.0, ""availability_share"": 1.0, ""feasible_t"": 9.166666666666664, ""gross_delivery_t"": 9.166666666666664, ""order_month"": ""2040-05"", ""ordered_t"": 9.166666666666666, ""planned_arrival_month"": ""2040-07"", ""requested_t"": 9.166666666666666, ""shipment_id"": ""S0160"", ""source_id"": ""D"", ""source_name"": ""Lunar-ISRU"", ""unfulfilled_request_t"": 1.7763568394002505e-15}, {""actual_arrival_month"": ""2040-08"", ""actual_delivery_share"": 1.0, ""availability_share"": 1.0, ""feasible_t"": 9.166666666666664, ""gross_delivery_t"": 9.166666666666664, ""order_month"": ""2040-06"", ""ordered_t"": 9.166666666666666, ""planned_arrival_month"": ""2040-08"", ""requested_t"": 9.166666666666666, ""shipment_id"": ""S0161"", ""source_id"": ""D"", ""source_name"": ""Lunar-ISRU"", ""unfulfilled_request_t"": 1.7763568394002505e-15}]","{""A"": 15.0, ""C"": 8.3333333333, ""D"": 9.166666666666664}","{""A"": 15.0, ""C"": 8.3333333333, ""D"": 9.166666666666664}",32.49999999996666,0.38999999999959994,32.10999999996706,32.10999999996706,0.0,80.29666666608324,20.833333333333332,11.666666666666668,0.0,0.0,47.79666666608324,ZBO,120.0,0.012,"[""ZBO"", ""EARTH_NEW"", ""LUNAR_ISRU""]",2.8794999999659825,6.833333333333333,[]
2040-07,47.79666666608324,32.5,20.833333333333332,"{""A"": 0, ""B"": 0, ""C"": 100.0, ""D"": 110.0, ""E"": 0}","{""C"": 8.3333333333, ""D"": 9.166666666666666}","[{""actual_arrival_month"": ""2040-08"", ""actual_delivery_share"": 1.0, ""availability_share"": 1.0, ""feasible_t"": 15.0, ""gross_delivery_t"": 15.0, ""order_month"": ""2039-08"", ""ordered_t"": 15.0, ""planned_arrival_month"": ""2040-08"", ""requested_t"": 15.0, ""shipment_id"": ""S0056"", ""source_id"": ""A"", ""source_name"": ""Earth-Core"", ""unfulfilled_request_t"": 0.0}, {""actual_arrival_month"": ""2040-09"", ""actual_delivery_share"": 1.0, ""availability_share"": 1.0, ""feasible_t"": 15.0, ""gross_delivery_t"": 15.0, ""order_month"": ""2039-09"", ""ordered_t"": 15.0, ""planned_arrival_month"": ""2040-09"", ""requested_t"": 15.0, ""shipment_id"": ""S0057"", ""source_id"": ""A"", ""source_name"": ""Earth-Core"", ""unfulfilled_request_t"": 0.0}, {""actual_arrival_month"": ""2040-10"", ""actual_delivery_share"": 1.0, ""availability_share"": 1.0, ""feasible_t"": 15.0, ""gross_delivery_t"": 15.0, ""order_month"": ""2039-10"", ""ordered_t"": 15.0, ""planned_arrival_month"": ""2040-10"", ""requested_t"": 15.0, ""shipment_id"": ""S0058"", ""source_id"": ""A"", ""source_name"": ""Earth-Core"", ""unfulfilled_request_t"": 0.0}, {""actual_arrival_month"": ""2040-11"", ""actual_delivery_share"": 1.0, ""availability_share"": 1.0, ""feasible_t"": 15.0, ""gross_delivery_t"": 15.0, ""order_month"": ""2039-11"", ""ordered_t"": 15.0, ""planned_arrival_month"": ""2040-11"", ""requested_t"": 15.0, ""shipment_id"": ""S0059"", ""source_id"": ""A"", ""source_name"": ""Earth-Core"", ""unfulfilled_request_t"": 0.0}, {""actual_arrival_month"": ""2040-12"", ""actual_delivery_share"": 1.0, ""availability_share"": 1.0, ""feasible_t"": 15.0, ""gross_delivery_t"": 15.0, ""order_month"": ""2039-12"", ""ordered_t"": 15.0, ""planned_arrival_month"": ""2040-12"", ""requested_t"": 15.0, ""shipment_id"": ""S0060"", ""source_id"": ""A"", ""source_name"": ""Earth-Core"", ""unfulfilled_request_t"": 0.0}, {""actual_arrival_month"": ""2040-08"", ""actual_delivery_share"": 1.0, ""availability_share"": 1.0, ""feasible_t"": 9.166666666666664, ""gross_delivery_t"": 9.166666666666664, ""order_month"": ""2040-06"", ""ordered_t"": 9.166666666666666, ""planned_arrival_month"": ""2040-08"", ""requested_t"": 9.166666666666666, ""shipment_id"": ""S0161"", ""source_id"": ""D"", ""source_name"": ""Lunar-ISRU"", ""unfulfilled_request_t"": 1.7763568394002505e-15}, {""actual_arrival_month"": ""2040-09"", ""actual_delivery_share"": 1.0, ""availability_share"": 1.0, ""feasible_t"": 9.166666666666664, ""gross_delivery_t"": 9.166666666666664, ""order_month"": ""2040-07"", ""ordered_t"": 9.166666666666666, ""planned_arrival_month"": ""2040-09"", ""requested_t"": 9.166666666666666, ""shipment_id"": ""S0162"", ""source_id"": ""D"", ""source_name"": ""Lunar-ISRU"", ""unfulfilled_request_t"": 1.7763568394002505e-15}]","{""A"": 15.0, ""C"": 8.3333333333, ""D"": 9.166666666666664}","{""A"": 15.0, ""C"": 8.3333333333, ""D"": 9.166666666666664}",32.49999999996666,0.38999999999959994,32.10999999996706,32.10999999996706,0.0,79.9066666660503,20.833333333333332,11.666666666666668,0.0,0.0,47.4066666660503,ZBO,120.0,0.012,"[""ZBO"", ""EARTH_NEW"", ""LUNAR_ISRU""]",2.8560999999640058,6.833333333333333,[]
2040-08,47.4066666660503,32.5,20.833333333333332,"{""A"": 0, ""B"": 0, ""C"": 100.0, ""D"": 110.0, ""E"": 0}","{""C"": 8.3333333333, ""D"": 9.166666666666666}","[{""actual_arrival_month"": ""2040-09"", ""actual_delivery_share"": 1.0, ""availability_share"": 1.0, ""feasible_t"": 15.0, ""gross_delivery_t"": 15.0, ""order_month"": ""2039-09"", ""ordered_t"": 15.0, ""planned_arrival_month"": ""2040-09"", ""requested_t"": 15.0, ""shipment_id"": ""S0057"", ""source_id"": ""A"", ""source_name"": ""Earth-Core"", ""unfulfilled_request_t"": 0.0}, {""actual_arrival_month"": ""2040-10"", ""actual_delivery_share"": 1.0, ""availability_share"": 1.0, ""feasible_t"": 15.0, ""gross_delivery_t"": 15.0, ""order_month"": ""2039-10"", ""ordered_t"": 15.0, ""planned_arrival_month"": ""2040-10"", ""requested_t"": 15.0, ""shipment_id"": ""S0058"", ""source_id"": ""A"", ""source_name"": ""Earth-Core"", ""unfulfilled_request_t"": 0.0}, {""actual_arrival_month"": ""2040-11"", ""actual_delivery_share"": 1.0, ""availability_share"": 1.0, ""feasible_t"": 15.0, ""gross_delivery_t"": 15.0, ""order_month"": ""2039-11"", ""ordered_t"": 15.0, ""planned_arrival_month"": ""2040-11"", ""requested_t"": 15.0, ""shipment_id"": ""S0059"", ""source_id"": ""A"", ""source_name"": ""Earth-Core"", ""unfulfilled_request_t"": 0.0}, {""actual_arrival_month"": ""2040-12"", ""actual_delivery_share"": 1.0, ""availability_share"": 1.0, ""feasible_t"": 15.0, ""gross_delivery_t"": 15.0, ""order_month"": ""2039-12"", ""ordered_t"": 15.0, ""planned_arrival_month"": ""2040-12"", ""requested_t"": 15.0, ""shipment_id"": ""S0060"", ""source_id"": ""A"", ""source_name"": ""Earth-Core"", ""unfulfilled_request_t"": 0.0}, {""actual_arrival_month"": ""2040-09"", ""actual_delivery_share"": 1.0, ""availability_share"": 1.0, ""feasible_t"": 9.166666666666664, ""gross_delivery_t"": 9.166666666666664, ""order_month"": ""2040-07"", ""ordered_t"": 9.166666666666666, ""planned_arrival_month"": ""2040-09"", ""requested_t"": 9.166666666666666, ""shipment_id"": ""S0162"", ""source_id"": ""D"", ""source_name"": ""Lunar-ISRU"", ""unfulfilled_request_t"": 1.7763568394002505e-15}, {""actual_arrival_month"": ""2040-10"", ""actual_delivery_share"": 1.0, ""availability_share"": 1.0, ""feasible_t"": 9.166666666666664, ""gross_delivery_t"": 9.166666666666664, ""order_month"": ""2040-08"", ""ordered_t"": 9.166666666666666, ""planned_arrival_month"": ""2040-10"", ""requested_t"": 9.166666666666666, ""shipment_id"": ""S0163"", ""source_id"": ""D"", ""source_name"": ""Lunar-ISRU"", ""unfulfilled_request_t"": 1.7763568394002505e-15}]","{""A"": 15.0, ""C"": 8.3333333333, ""D"": 9.166666666666664}","{""A"": 15.0, ""C"": 8.3333333333, ""D"": 9.166666666666664}",32.49999999996666,0.38999999999959994,32.10999999996706,32.10999999996706,0.0,79.51666666601736,20.833333333333332,11.666666666666668,0.0,0.0,47.01666666601736,ZBO,120.0,0.012,"[""ZBO"", ""EARTH_NEW"", ""LUNAR_ISRU""]",2.8326999999620295,6.833333333333333,[]
2040-09,47.01666666601736,32.5,20.833333333333332,"{""A"": 0, ""B"": 0, ""C"": 100.0, ""D"": 110.0, ""E"": 0}","{""C"": 8.3333333333, ""D"": 9.166666666666666}","[{""actual_arrival_month"": ""2040-10"", ""actual_delivery_share"": 1.0, ""availability_share"": 1.0, ""feasible_t"": 15.0, ""gross_delivery_t"": 15.0, ""order_month"": ""2039-10"", ""ordered_t"": 15.0, ""planned_arrival_month"": ""2040-10"", ""requested_t"": 15.0, ""shipment_id"": ""S0058"", ""source_id"": ""A"", ""source_name"": ""Earth-Core"", ""unfulfilled_request_t"": 0.0}, {""actual_arrival_month"": ""2040-11"", ""actual_delivery_share"": 1.0, ""availability_share"": 1.0, ""feasible_t"": 15.0, ""gross_delivery_t"": 15.0, ""order_month"": ""2039-11"", ""ordered_t"": 15.0, ""planned_arrival_month"": ""2040-11"", ""requested_t"": 15.0, ""shipment_id"": ""S0059"", ""source_id"": ""A"", ""source_name"": ""Earth-Core"", ""unfulfilled_request_t"": 0.0}, {""actual_arrival_month"": ""2040-12"", ""actual_delivery_share"": 1.0, ""availability_share"": 1.0, ""feasible_t"": 15.0, ""gross_delivery_t"": 15.0, ""order_month"": ""2039-12"", ""ordered_t"": 15.0, ""planned_arrival_month"": ""2040-12"", ""requested_t"": 15.0, ""shipment_id"": ""S0060"", ""source_id"": ""A"", ""source_name"": ""Earth-Core"", ""unfulfilled_request_t"": 0.0}, {""actual_arrival_month"": ""2040-10"", ""actual_delivery_share"": 1.0, ""availability_share"": 1.0, ""feasible_t"": 9.166666666666664, ""gross_delivery_t"": 9.166666666666664, ""order_month"": ""2040-08"", ""ordered_t"": 9.166666666666666, ""planned_arrival_month"": ""2040-10"", ""requested_t"": 9.166666666666666, ""shipment_id"": ""S0163"", ""source_id"": ""D"", ""source_name"": ""Lunar-ISRU"", ""unfulfilled_request_t"": 1.7763568394002505e-15}, {""actual_arrival_month"": ""2040-11"", ""actual_delivery_share"": 1.0, ""availability_share"": 1.0, ""feasible_t"": 9.166666666666664, ""gross_delivery_t"": 9.166666666666664, ""order_month"": ""2040-09"", ""ordered_t"": 9.166666666666666, ""planned_arrival_month"": ""2040-11"", ""requested_t"": 9.166666666666666, ""shipment_id"": ""S0164"", ""source_id"": ""D"", ""source_name"": ""Lunar-ISRU"", ""unfulfilled_request_t"": 1.7763568394002505e-15}]","{""A"": 15.0, ""C"": 8.3333333333, ""D"": 9.166666666666664}","{""A"": 15.0, ""C"": 8.3333333333, ""D"": 9.166666666666664}",32.49999999996666,0.38999999999959994,32.10999999996706,32.10999999996706,0.0,79.12666666598442,20.833333333333332,11.666666666666668,0.0,0.0,46.626666665984416,ZBO,120.0,0.012,"[""ZBO"", ""EARTH_NEW"", ""LUNAR_ISRU""]",2.809299999960053,6.833333333333333,[]
2040-10,46.626666665984416,32.5,20.833333333333332,"{""A"": 0, ""B"": 0, ""C"": 100.0, ""D"": 110.0, ""E"": 0}","{""C"": 8.3333333333, ""D"": 9.166666666666666}","[{""actual_arrival_month"": ""2040-11"", ""actual_delivery_share"": 1.0, ""availability_share"": 1.0, ""feasible_t"": 15.0, ""gross_delivery_t"": 15.0, ""order_month"": ""2039-11"", ""ordered_t"": 15.0, ""planned_arrival_month"": ""2040-11"", ""requested_t"": 15.0, ""shipment_id"": ""S0059"", ""source_id"": ""A"", ""source_name"": ""Earth-Core"", ""unfulfilled_request_t"": 0.0}, {""actual_arrival_month"": ""2040-12"", ""actual_delivery_share"": 1.0, ""availability_share"": 1.0, ""feasible_t"": 15.0, ""gross_delivery_t"": 15.0, ""order_month"": ""2039-12"", ""ordered_t"": 15.0, ""planned_arrival_month"": ""2040-12"", ""requested_t"": 15.0, ""shipment_id"": ""S0060"", ""source_id"": ""A"", ""source_name"": ""Earth-Core"", ""unfulfilled_request_t"": 0.0}, {""actual_arrival_month"": ""2040-11"", ""actual_delivery_share"": 1.0, ""availability_share"": 1.0, ""feasible_t"": 9.166666666666664, ""gross_delivery_t"": 9.166666666666664, ""order_month"": ""2040-09"", ""ordered_t"": 9.166666666666666, ""planned_arrival_month"": ""2040-11"", ""requested_t"": 9.166666666666666, ""shipment_id"": ""S0164"", ""source_id"": ""D"", ""source_name"": ""Lunar-ISRU"", ""unfulfilled_request_t"": 1.7763568394002505e-15}, {""actual_arrival_month"": ""2040-12"", ""actual_delivery_share"": 1.0, ""availability_share"": 1.0, ""feasible_t"": 9.166666666666664, ""gross_delivery_t"": 9.166666666666664, ""order_month"": ""2040-10"", ""ordered_t"": 9.166666666666666, ""planned_arrival_month"": ""2040-12"", ""requested_t"": 9.166666666666666, ""shipment_id"": ""S0165"", ""source_id"": ""D"", ""source_name"": ""Lunar-ISRU"", ""unfulfilled_request_t"": 1.7763568394002505e-15}]","{""A"": 15.0, ""C"": 8.3333333333, ""D"": 9.166666666666664}","{""A"": 15.0, ""C"": 8.3333333333, ""D"": 9.166666666666664}",32.49999999996666,0.38999999999959994,32.10999999996706,32.10999999996706,0.0,78.73666666595147,20.833333333333332,11.666666666666668,0.0,0.0,46.236666665951475,ZBO,120.0,0.012,"[""ZBO"", ""EARTH_NEW"", ""LUNAR_ISRU""]",2.7858999999580765,6.833333333333333,[]
2040-11,46.236666665951475,32.5,20.833333333333332,"{""A"": 0, ""B"": 0, ""C"": 100.0, ""D"": 110.0, ""E"": 0}","{""C"": 8.3333333333, ""D"": 9.166666666666666}","[{""actual_arrival_month"": ""2040-12"", ""actual_delivery_share"": 1.0, ""availability_share"": 1.0, ""feasible_t"": 15.0, ""gross_delivery_t"": 15.0, ""order_month"": ""2039-12"", ""ordered_t"": 15.0, ""planned_arrival_month"": ""2040-12"", ""requested_t"": 15.0, ""shipment_id"": ""S0060"", ""source_id"": ""A"", ""source_name"": ""Earth-Core"", ""unfulfilled_request_t"": 0.0}, {""actual_arrival_month"": ""2040-12"", ""actual_delivery_share"": 1.0, ""availability_share"": 1.0, ""feasible_t"": 9.166666666666664, ""gross_delivery_t"": 9.166666666666664, ""order_month"": ""2040-10"", ""ordered_t"": 9.166666666666666, ""planned_arrival_month"": ""2040-12"", ""requested_t"": 9.166666666666666, ""shipment_id"": ""S0165"", ""source_id"": ""D"", ""source_name"": ""Lunar-ISRU"", ""unfulfilled_request_t"": 1.7763568394002505e-15}, {""actual_arrival_month"": ""2041-01"", ""actual_delivery_share"": 1.0, ""availability_share"": 1.0, ""feasible_t"": 9.166666666666664, ""gross_delivery_t"": 9.166666666666664, ""order_month"": ""2040-11"", ""ordered_t"": 9.166666666666666, ""planned_arrival_month"": ""2041-01"", ""requested_t"": 9.166666666666666, ""shipment_id"": ""S0166"", ""source_id"": ""D"", ""source_name"": ""Lunar-ISRU"", ""unfulfilled_request_t"": 1.7763568394002505e-15}]","{""A"": 15.0, ""C"": 8.3333333333, ""D"": 9.166666666666664}","{""A"": 15.0, ""C"": 8.3333333333, ""D"": 9.166666666666664}",32.49999999996666,0.38999999999959994,32.10999999996706,32.10999999996706,0.0,78.34666666591853,20.833333333333332,11.666666666666668,0.0,0.0,45.846666665918534,ZBO,120.0,0.012,"[""ZBO"", ""EARTH_NEW"", ""LUNAR_ISRU""]",2.7624999999561,6.833333333333333,[]
2040-12,45.846666665918534,32.5,20.833333333333332,"{""A"": 0, ""B"": 0, ""C"": 100.0, ""D"": 110.0, ""E"": 0}","{""C"": 8.3333333333, ""D"": 9.166666666666666}","[{""actual_arrival_month"": ""2041-01"", ""actual_delivery_share"": 1.0, ""availability_share"": 1.0, ""feasible_t"": 9.166666666666664, ""gross_delivery_t"": 9.166666666666664, ""order_month"": ""2040-11"", ""ordered_t"": 9.166666666666666, ""planned_arrival_month"": ""2041-01"", ""requested_t"": 9.166666666666666, ""shipment_id"": ""S0166"", ""source_id"": ""D"", ""source_name"": ""Lunar-ISRU"", ""unfulfilled_request_t"": 1.7763568394002505e-15}, {""actual_arrival_month"": ""2041-02"", ""actual_delivery_share"": 1.0, ""availability_share"": 1.0, ""feasible_t"": 9.166666666666664, ""gross_delivery_t"": 9.166666666666664, ""order_month"": ""2040-12"", ""ordered_t"": 9.166666666666666, ""planned_arrival_month"": ""2041-02"", ""requested_t"": 9.166666666666666, ""shipment_id"": ""S0167"", ""source_id"": ""D"", ""source_name"": ""Lunar-ISRU"", ""unfulfilled_request_t"": 1.7763568394002505e-15}]","{""A"": 15.0, ""C"": 8.3333333333, ""D"": 9.166666666666664}","{""A"": 15.0, ""C"": 8.3333333333, ""D"": 9.166666666666664}",32.49999999996666,0.38999999999959994,32.10999999996706,32.10999999996706,0.0,77.95666666588559,20.833333333333332,11.666666666666668,0.0,0.0,45.45666666588559,ZBO,120.0,0.012,"[""ZBO"", ""EARTH_NEW"", ""LUNAR_ISRU""]",2.739099999954124,6.833333333333333,[]
